vm_pu,vmin,vmin_scenario,vmin_bus,vmin_t,vmax,vmax_scenario,vmax_bus,vmax_t,total_violation,under_violation,over_violation,loss_kw_snapshot,line0_current_a_snapshot,max_line_utilization,max_util_scenario,max_util_line,max_util_t
1.0,0.9407017480639572,summer_peak,17,18,1.0,summer,0,0,0.9168655890762725,0.9168655890762725,0.0,310.0649408018785,261.50670304256073,0.637821226933075,summer_peak,0,18
1.01,0.9513531206948528,summer_peak,17,18,1.01,summer,0,0,0.0,0.0,0.0,303.3486495559663,258.7160896838782,0.6310148528875077,summer_peak,0,18
1.02,0.9619895826821738,summer_peak,17,18,1.02,summer,0,0,0.0,0.0,0.0,296.855349457749,255.98682026199398,0.6243580981999853,summer_peak,0,18
1.03,0.9726116653447474,summer_peak,17,18,1.03,summer,0,0,0.0,0.0,0.0,290.57496482371346,253.31681139177238,0.6178458814433473,summer_peak,0,18
1.04,0.9832198739546473,summer_peak,17,18,1.04,summer,0,0,0.0,0.0,0.0,284.4979997802978,250.70407673710292,0.611473357895373,summer_peak,0,18
1.05,0.9938146893733547,summer_peak,17,18,1.05,summer,0,0,0.0,0.0,0.0,278.61549756335955,248.14672121307237,0.6052359053977375,summer_peak,0,18
