point_id,M,scenario,t,m,boundary_lo,boundary_hi,delta_m,slope
P1_old_full_opt,1,summer,0,0,0.0,0.5,0.5,0.010260080920911768
P1_old_full_opt,1,summer,1,0,0.0,0.5,0.5,0.008553849854732232
P1_old_full_opt,1,summer,2,0,0.0,0.5,0.5,0.007832462425457487
P1_old_full_opt,1,summer,3,0,0.0,0.5,0.5,0.007394444257648625
P1_old_full_opt,1,summer,4,0,0.0,0.5,0.5,0.00713324801874643
P1_old_full_opt,1,summer,5,0,0.0,0.5,0.5,0.0071144297969429615
P1_old_full_opt,1,summer,6,0,0.0,0.5,0.5,0.00738905066702919
P1_old_full_opt,1,summer,7,0,0.0,0.5,0.5,0.008275463669964567
P1_old_full_opt,1,summer,8,0,0.0,0.5,0.5,0.009698661042997936
P1_old_full_opt,1,summer,9,0,0.0,0.5,0.5,0.011574914655620772
P1_old_full_opt,1,summer,10,0,0.0,0.5,0.5,0.012642937935986698
P1_old_full_opt,1,summer,11,0,0.0,0.5,0.5,0.012981713001124884
P1_old_full_opt,1,summer,12,0,0.0,0.5,0.5,0.012840876969048787
P1_old_full_opt,1,summer,13,0,0.0,0.5,0.5,0.012288337260281779
P1_old_full_opt,1,summer,14,0,0.0,0.5,0.5,0.013189064752851087
P1_old_full_opt,1,summer,15,0,0.0,0.5,0.5,0.013654495428182922
P1_old_full_opt,1,summer,16,0,0.0,0.5,0.5,0.01390993101727861
P1_old_full_opt,1,summer,17,0,0.0,0.5,0.5,0.014361643024578374
P1_old_full_opt,1,summer,18,0,0.0,0.5,0.5,0.014317828397901522
P1_old_full_opt,1,summer,19,0,0.0,0.5,0.5,0.014169020083230066
P1_old_full_opt,1,summer,20,0,0.0,0.5,0.5,0.013985541746469765
P1_old_full_opt,1,summer,21,0,0.0,0.5,0.5,0.01330447103897836
P1_old_full_opt,1,summer,22,0,0.0,0.5,0.5,0.01217995528572069
P1_old_full_opt,1,summer,23,0,0.0,0.5,0.5,0.011176685501136763
P1_old_full_opt,1,winter,0,0,0.0,0.5,0.5,0.011190776067019459
P1_old_full_opt,1,winter,1,0,0.0,0.5,0.5,0.009737454039846105
P1_old_full_opt,1,winter,2,0,0.0,0.5,0.5,0.009030838094286786
P1_old_full_opt,1,winter,3,0,0.0,0.5,0.5,0.00862769184979284
P1_old_full_opt,1,winter,4,0,0.0,0.5,0.5,0.008463684763136164
P1_old_full_opt,1,winter,5,0,0.0,0.5,0.5,0.008614012611278421
P1_old_full_opt,1,winter,6,0,0.0,0.5,0.5,0.009146370745599153
P1_old_full_opt,1,winter,7,0,0.0,0.5,0.5,0.010285179566125624
P1_old_full_opt,1,winter,8,0,0.0,0.5,0.5,0.012094485047565495
P1_old_full_opt,1,winter,9,0,0.0,0.5,0.5,0.014268197922693127
P1_old_full_opt,1,winter,10,0,0.0,0.5,0.5,0.01442301980708327
P1_old_full_opt,1,winter,11,0,0.0,0.5,0.5,0.013837289160141819
P1_old_full_opt,1,winter,12,0,0.0,0.5,0.5,0.012950077150776729
P1_old_full_opt,1,winter,13,0,0.0,0.5,0.5,0.011648545658995868
P1_old_full_opt,1,winter,14,0,0.0,0.5,0.5,0.012408283747412097
P1_old_full_opt,1,winter,15,0,0.0,0.5,0.5,0.012812162563428486
P1_old_full_opt,1,winter,16,0,0.0,0.5,0.5,0.01323809399443543
P1_old_full_opt,1,winter,17,0,0.0,0.5,0.5,0.013872149821170243
P1_old_full_opt,1,winter,18,0,0.0,0.5,0.5,0.01386052807717808
P1_old_full_opt,1,winter,19,0,0.0,0.5,0.5,0.013518370924407497
P1_old_full_opt,1,winter,20,0,0.0,0.5,0.5,0.01296733166148778
P1_old_full_opt,1,winter,21,0,0.0,0.5,0.5,0.012217018267653923
P1_old_full_opt,1,winter,22,0,0.0,0.5,0.5,0.011447622796021795
P1_old_full_opt,1,winter,23,0,0.0,0.5,0.5,0.01119641293109841
P1_old_full_opt,1,shoulder,0,0,0.0,0.5,0.5,0.008745423370741967
P1_old_full_opt,1,shoulder,1,0,0.0,0.5,0.5,0.007281250546741558
P1_old_full_opt,1,shoulder,2,0,0.0,0.5,0.5,0.006680083119504465
P1_old_full_opt,1,shoulder,3,0,0.0,0.5,0.5,0.00635977319397002
P1_old_full_opt,1,shoulder,4,0,0.0,0.5,0.5,0.006224007704326129
P1_old_full_opt,1,shoulder,5,0,0.0,0.5,0.5,0.006341125806066578
P1_old_full_opt,1,shoulder,6,0,0.0,0.5,0.5,0.0067871227265764444
P1_old_full_opt,1,shoulder,7,0,0.0,0.5,0.5,0.007661854615386016
P1_old_full_opt,1,shoulder,8,0,0.0,0.5,0.5,0.008775566681314656
P1_old_full_opt,1,shoulder,9,0,0.0,0.5,0.5,0.009823414832032501
P1_old_full_opt,1,shoulder,10,0,0.0,0.5,0.5,0.009859488357129076
P1_old_full_opt,1,shoulder,11,0,0.0,0.5,0.5,0.009543663041087225
P1_old_full_opt,1,shoulder,12,0,0.0,0.5,0.5,0.008975877016284023
P1_old_full_opt,1,shoulder,13,0,0.0,0.5,0.5,0.008177425312509756
P1_old_full_opt,1,shoulder,14,0,0.0,0.5,0.5,0.009025340406212862
P1_old_full_opt,1,shoulder,15,0,0.0,0.5,0.5,0.009529837455124812
P1_old_full_opt,1,shoulder,16,0,0.0,0.5,0.5,0.01000949345900945
P1_old_full_opt,1,shoulder,17,0,0.0,0.5,0.5,0.01067093725439483
P1_old_full_opt,1,shoulder,18,0,0.0,0.5,0.5,0.01086446026114124
P1_old_full_opt,1,shoulder,19,0,0.0,0.5,0.5,0.01100777613993062
P1_old_full_opt,1,shoulder,20,0,0.0,0.5,0.5,0.010853229772732259
P1_old_full_opt,1,shoulder,21,0,0.0,0.5,0.5,0.010265657769871428
P1_old_full_opt,1,shoulder,22,0,0.0,0.5,0.5,0.009612824204265846
P1_old_full_opt,1,shoulder,23,0,0.0,0.5,0.5,0.009182162296971497
P1_old_full_opt,2,summer,0,0,0.0,0.025,0.025,0.018990221030805166
P1_old_full_opt,2,summer,0,1,0.025,0.5,0.475,0.009800599862496326
P1_old_full_opt,2,summer,1,0,0.0,0.025,0.025,0.017194485002657856
P1_old_full_opt,2,summer,1,1,0.025,0.5,0.475,0.008099079583788778
P1_old_full_opt,2,summer,2,0,0.0,0.025,0.025,0.016435301444095995
P1_old_full_opt,2,summer,2,1,0.025,0.5,0.475,0.007379681424476513
P1_old_full_opt,2,summer,3,0,0.0,0.025,0.025,0.015974347181356707
P1_old_full_opt,2,summer,3,1,0.025,0.5,0.475,0.006942870419558726
P1_old_full_opt,2,summer,4,0,0.0,0.025,0.025,0.015699478584199067
P1_old_full_opt,2,summer,4,1,0.025,0.5,0.475,0.006682393778459449
P1_old_full_opt,2,summer,5,0,0.0,0.025,0.025,0.015679675455553266
P1_old_full_opt,2,summer,5,1,0.025,0.5,0.475,0.006663627393858209
P1_old_full_opt,2,summer,6,0,0.0,0.025,0.025,0.015968671227379327
P1_old_full_opt,2,summer,6,1,0.025,0.5,0.475,0.006937491690168657
P1_old_full_opt,2,summer,7,0,0.0,0.025,0.025,0.016901509914842294
P1_old_full_opt,2,summer,7,1,0.025,0.5,0.475,0.007821461236023635
P1_old_full_opt,2,summer,8,0,0.0,0.025,0.025,0.018399333301274967
P1_old_full_opt,2,summer,8,1,0.025,0.5,0.475,0.00924073092414125
P1_old_full_opt,2,summer,9,0,0.0,0.025,0.025,0.020374133931561067
P1_old_full_opt,2,summer,9,1,0.025,0.5,0.475,0.011111797851623915
P1_old_full_opt,2,summer,10,0,0.0,0.025,0.025,0.021498338107630577
P1_old_full_opt,2,summer,10,1,0.025,0.5,0.475,0.012176864242742284
P1_old_full_opt,2,summer,11,0,0.0,0.025,0.025,0.021854946626815863
P1_old_full_opt,2,summer,11,1,0.025,0.5,0.475,0.012514700705035886
P1_old_full_opt,2,summer,12,0,0.0,0.025,0.025,0.02170669608527742
P1_old_full_opt,2,summer,12,1,0.025,0.5,0.475,0.012374254910299911
P1_old_full_opt,2,summer,13,0,0.0,0.025,0.025,0.021125077611406917
P1_old_full_opt,2,summer,13,1,0.025,0.5,0.475,0.011823245662854141
P1_old_full_opt,2,summer,14,0,0.0,0.025,0.025,0.02207321667561879
P1_old_full_opt,2,summer,14,1,0.025,0.5,0.475,0.012721477809547525
P1_old_full_opt,2,summer,15,0,0.0,0.025,0.025,0.022563163617692616
P1_old_full_opt,2,summer,15,1,0.025,0.5,0.475,0.013185618155050833
P1_old_full_opt,2,summer,16,0,0.0,0.025,0.025,0.02283205917622433
P1_old_full_opt,2,summer,16,1,0.025,0.5,0.475,0.01344034532470252
P1_old_full_opt,2,summer,17,0,0.0,0.025,0.025,0.02330758258853094
P1_old_full_opt,2,summer,17,1,0.025,0.5,0.475,0.01389080410015982
P1_old_full_opt,2,summer,18,0,0.0,0.025,0.025,0.023261457840995092
P1_old_full_opt,2,summer,18,1,0.025,0.5,0.475,0.013847111058791335
P1_old_full_opt,2,summer,19,0,0.0,0.025,0.025,0.023104804404792123
P1_old_full_opt,2,summer,19,1,0.025,0.5,0.475,0.013698715645253117
P1_old_full_opt,2,summer,20,0,0.0,0.025,0.025,0.0229116548388153
P1_old_full_opt,2,summer,20,1,0.025,0.5,0.475,0.013515746320556844
P1_old_full_opt,2,summer,21,0,0.0,0.025,0.025,0.02219470080663033
P1_old_full_opt,2,summer,21,1,0.025,0.5,0.475,0.012836564209101942
P1_old_full_opt,2,summer,22,0,0.0,0.025,0.025,0.02101099371803805
P1_old_full_opt,2,summer,22,1,0.025,0.5,0.475,0.011715163789282935
P1_old_full_opt,2,summer,23,0,0.0,0.025,0.025,0.019954972666770265
P1_old_full_opt,2,summer,23,1,0.025,0.5,0.475,0.010714670387156053
P1_old_full_opt,2,winter,0,0,0.0,0.025,0.025,0.019969803726089808
P1_old_full_opt,2,winter,0,1,0.025,0.5,0.475,0.010728721979699967
P1_old_full_opt,2,winter,1,0,0.0,0.025,0.025,0.018440161931442822
P1_old_full_opt,2,winter,1,1,0.025,0.5,0.475,0.009279416782393647
P1_old_full_opt,2,winter,2,0,0.0,0.025,0.025,0.017696479426340672
P1_old_full_opt,2,winter,2,1,0.025,0.5,0.475,0.008574751708389214
P1_old_full_opt,2,winter,3,0,0.0,0.025,0.025,0.017272197393540245
P1_old_full_opt,2,winter,3,1,0.025,0.5,0.475,0.008172717873806135
P1_old_full_opt,2,winter,4,0,0.0,0.025,0.025,0.017099594339556323
P1_old_full_opt,2,winter,4,1,0.025,0.5,0.475,0.008009163206482471
P1_old_full_opt,2,winter,5,0,0.0,0.025,0.025,0.017257801142151474
P1_old_full_opt,2,winter,5,1,0.025,0.5,0.475,0.008159076372811418
P1_old_full_opt,2,winter,6,0,0.0,0.025,0.025,0.017818070696487
P1_old_full_opt,2,winter,6,1,0.025,0.5,0.475,0.008689965485026109
P1_old_full_opt,2,winter,7,0,0.0,0.025,0.025,0.019016637448552864
P1_old_full_opt,2,winter,7,1,0.025,0.5,0.475,0.009825629151261032
P1_old_full_opt,2,winter,8,0,0.0,0.025,0.025,0.020921027385909508
P1_old_full_opt,2,winter,8,1,0.025,0.5,0.475,0.011629930187652652
P1_old_full_opt,2,winter,9,0,0.0,0.025,0.025,0.02320921072667348
P1_old_full_opt,2,winter,9,1,0.025,0.5,0.475,0.013797618301431003
P1_old_full_opt,2,winter,10,0,0.0,0.025,0.025,0.023372195640616322
P1_old_full_opt,2,winter,10,1,0.025,0.5,0.475,0.013952010552686795
P1_old_full_opt,2,winter,11,0,0.0,0.025,0.025,0.022755589149791033
P1_old_full_opt,2,winter,11,1,0.025,0.5,0.475,0.013367904950160282
P1_old_full_opt,2,winter,12,0,0.0,0.025,0.025,0.021821645167315884
P1_old_full_opt,2,winter,12,1,0.025,0.5,0.475,0.0124831525183273
P1_old_full_opt,2,winter,13,0,0.0,0.025,0.025,0.020451636135426776
P1_old_full_opt,2,winter,13,1,0.025,0.5,0.475,0.011185225107604769
P1_old_full_opt,2,winter,14,0,0.0,0.025,0.025,0.021251335162165708
P1_old_full_opt,2,winter,14,1,0.025,0.5,0.475,0.011942859988740855
P1_old_full_opt,2,winter,15,0,0.0,0.025,0.025,0.02167647010466678
P1_old_full_opt,2,winter,15,1,0.025,0.5,0.475,0.01234562006125805
P1_old_full_opt,2,winter,16,0,0.0,0.025,0.025,0.022124827944580705
P1_old_full_opt,2,winter,16,1,0.025,0.5,0.475,0.012770371154954099
P1_old_full_opt,2,winter,17,0,0.0,0.025,0.025,0.02279228690497348
P1_old_full_opt,2,winter,17,1,0.025,0.5,0.475,0.013402668922022704
P1_old_full_opt,2,winter,18,0,0.0,0.025,0.025,0.02278005271224348
P1_old_full_opt,2,winter,18,1,0.025,0.5,0.475,0.013391079412174638
P1_old_full_opt,2,winter,19,0,0.0,0.025,0.025,0.02241986761000403
P1_old_full_opt,2,winter,19,1,0.025,0.5,0.475,0.013049871098849785
P1_old_full_opt,2,winter,20,0,0.0,0.025,0.025,0.021839808111323578
P1_old_full_opt,2,winter,20,1,0.025,0.5,0.475,0.01250035921675958
P1_old_full_opt,2,winter,21,0,0.0,0.025,0.025,0.02105000649277211
P1_old_full_opt,2,winter,21,1,0.025,0.5,0.475,0.01175212415054244
P1_old_full_opt,2,winter,22,0,0.0,0.025,0.025,0.02024015029990278
P1_old_full_opt,2,winter,22,1,0.025,0.5,0.475,0.010984858190554374
P1_old_full_opt,2,winter,23,0,0.0,0.025,0.025,0.01997573682362086
P1_old_full_opt,2,winter,23,1,0.025,0.5,0.475,0.010734343252544597
P1_old_full_opt,2,shoulder,0,0,0.0,0.025,0.025,0.017396100351410038
P1_old_full_opt,2,shoulder,0,1,0.025,0.5,0.475,0.008290124582285754
P1_old_full_opt,2,shoulder,1,0,0.0,0.025,0.025,0.015855227889295387
P1_old_full_opt,2,shoulder,1,1,0.025,0.5,0.475,0.006829988581343988
P1_old_full_opt,2,shoulder,2,0,0.0,0.025,0.025,0.015222601088054621
P1_old_full_opt,2,shoulder,2,1,0.025,0.5,0.475,0.006230476910633405
P1_old_full_opt,2,shoulder,3,0,0.0,0.025,0.025,0.014885536820656853
P1_old_full_opt,2,shoulder,3,1,0.025,0.5,0.475,0.00591104879256545
P1_old_full_opt,2,shoulder,4,0,0.0,0.025,0.025,0.014742671488213732
P1_old_full_opt,2,shoulder,4,1,0.025,0.5,0.475,0.00577565697885836
P1_old_full_opt,2,shoulder,5,0,0.0,0.025,0.025,0.014865914213894604
P1_old_full_opt,2,shoulder,5,1,0.025,0.5,0.475,0.005892452731970366
P1_old_full_opt,2,shoulder,6,0,0.0,0.025,0.025,0.015335240759380975
P1_old_full_opt,2,shoulder,6,1,0.025,0.5,0.475,0.0063372217774814695
P1_old_full_opt,2,shoulder,7,0,0.0,0.025,0.025,0.01625575885197239
P1_old_full_opt,2,shoulder,7,1,0.025,0.5,0.475,0.007209543866091996
P1_old_full_opt,2,shoulder,8,0,0.0,0.025,0.025,0.017427823879982984
P1_old_full_opt,2,shoulder,8,1,0.025,0.5,0.475,0.008320184723490007
P1_old_full_opt,2,shoulder,9,0,0.0,0.025,0.025,0.018530633726207002
P1_old_full_opt,2,shoulder,9,1,0.025,0.5,0.475,0.009365140153391738
P1_old_full_opt,2,shoulder,10,0,0.0,0.025,0.025,0.01856860041744235
P1_old_full_opt,2,shoulder,10,1,0.025,0.5,0.475,0.00940111403816522
P1_old_full_opt,2,shoulder,11,0,0.0,0.025,0.025,0.018236202710138483
P1_old_full_opt,2,shoulder,11,1,0.025,0.5,0.475,0.009086160953242422
P1_old_full_opt,2,shoulder,12,0,0.0,0.025,0.025,0.017638636392323104
P1_old_full_opt,2,shoulder,12,1,0.025,0.5,0.475,0.008519942312281967
P1_old_full_opt,2,shoulder,13,0,0.0,0.025,0.025,0.016798334802196613
P1_old_full_opt,2,shoulder,13,1,0.025,0.5,0.475,0.007723693234105185
P1_old_full_opt,2,shoulder,14,0,0.0,0.025,0.025,0.01769069345383456
P1_old_full_opt,2,shoulder,14,1,0.025,0.5,0.475,0.008569269193180141
P1_old_full_opt,2,shoulder,15,0,0.0,0.025,0.025,0.01822165176920243
P1_old_full_opt,2,shoulder,15,1,0.025,0.5,0.475,0.00907237354385757
P1_old_full_opt,2,shoulder,16,0,0.0,0.025,0.025,0.018726478639722877
P1_old_full_opt,2,shoulder,16,1,0.025,0.5,0.475,0.009550704765287691
P1_old_full_opt,2,shoulder,17,0,0.0,0.025,0.025,0.019422653096788922
P1_old_full_opt,2,shoulder,17,1,0.025,0.5,0.475,0.010210320631110931
P1_old_full_opt,2,shoulder,18,0,0.0,0.025,0.025,0.019626341914071865
P1_old_full_opt,2,shoulder,18,1,0.025,0.5,0.475,0.010403308595197523
P1_old_full_opt,2,shoulder,19,0,0.0,0.025,0.025,0.019777187504239624
P1_old_full_opt,2,shoulder,19,1,0.025,0.5,0.475,0.010546228173388041
P1_old_full_opt,2,shoulder,20,0,0.0,0.025,0.025,0.019614521427252507
P1_old_full_opt,2,shoulder,20,1,0.025,0.5,0.475,0.010392109159336457
P1_old_full_opt,2,shoulder,21,0,0.0,0.025,0.025,0.01899609068492847
P1_old_full_opt,2,shoulder,21,1,0.025,0.5,0.475,0.0098061613006579
P1_old_full_opt,2,shoulder,22,0,0.0,0.025,0.025,0.018308992531683166
P1_old_full_opt,2,shoulder,22,1,0.025,0.5,0.475,0.009155131134401777
P1_old_full_opt,2,shoulder,23,0,0.0,0.025,0.025,0.017855739329012965
P1_old_full_opt,2,shoulder,23,1,0.025,0.5,0.475,0.008725658242653525
P1_old_full_opt,4,summer,0,0,0.0,0.01,0.01,0.019269609472755134
P1_old_full_opt,4,summer,0,1,0.01,0.025,0.015000000000000001,0.018803962069505187
P1_old_full_opt,4,summer,0,2,0.025,0.05,0.025,0.01805995373253655
P1_old_full_opt,4,summer,0,3,0.05,0.5,0.45,0.009341746869716314
P1_old_full_opt,4,summer,1,0,0.0,0.01,0.01,0.017470977934223864
P1_old_full_opt,4,summer,1,1,0.01,0.025,0.015000000000000001,0.01701015638161385
P1_old_full_opt,4,summer,1,2,0.025,0.05,0.025,0.016273850072162088
P1_old_full_opt,4,summer,1,3,0.05,0.5,0.45,0.007644925667768038
P1_old_full_opt,4,summer,2,0,0.0,0.01,0.01,0.0167105718386934
P1_old_full_opt,4,summer,2,1,0.01,0.025,0.015000000000000001,0.016251787847697725
P1_old_full_opt,4,summer,2,2,0.025,0.05,0.025,0.015518733548606223
P1_old_full_opt,4,summer,2,3,0.05,0.5,0.45,0.006927511862024862
P1_old_full_opt,4,summer,3,0,0.0,0.01,0.01,0.016248875735412616
P1_old_full_opt,4,summer,3,1,0.01,0.025,0.015000000000000001,0.015791328145319434
P1_old_full_opt,4,summer,3,2,0.025,0.05,0.025,0.015060247148757089
P1_old_full_opt,4,summer,3,3,0.05,0.5,0.45,0.006491905045714372
P1_old_full_opt,4,summer,4,0,0.0,0.01,0.01,0.015973564952534436
P1_old_full_opt,4,summer,4,1,0.01,0.025,0.015000000000000001,0.015516754338642153
P1_old_full_opt,4,summer,4,2,0.025,0.05,0.025,0.014786849615047726
P1_old_full_opt,4,summer,4,3,0.05,0.5,0.45,0.006232146231982322
P1_old_full_opt,4,summer,5,0,0.0,0.01,0.01,0.015953729963734398
P1_old_full_opt,4,summer,5,1,0.01,0.025,0.015000000000000001,0.015496972450099176
P1_old_full_opt,4,summer,5,2,0.025,0.05,0.025,0.014767152453566967
P1_old_full_opt,4,summer,5,3,0.05,0.5,0.45,0.006213431557207722
P1_old_full_opt,4,summer,6,0,0.0,0.01,0.01,0.016243190654750828
P1_old_full_opt,4,summer,6,1,0.01,0.025,0.015000000000000001,0.015785658275798326
P1_old_full_opt,4,summer,6,2,0.025,0.05,0.025,0.015054601575810733
P1_old_full_opt,4,summer,6,3,0.05,0.5,0.45,0.006486541140966319
P1_old_full_opt,4,summer,7,0,0.0,0.01,0.01,0.017177530944489927
P1_old_full_opt,4,summer,7,1,0.01,0.025,0.015000000000000001,0.016717495895077206
P1_old_full_opt,4,summer,7,2,0.025,0.05,0.025,0.01598244485029654
P1_old_full_opt,4,summer,7,3,0.05,0.5,0.45,0.007368073257452917
P1_old_full_opt,4,summer,8,0,0.0,0.01,0.01,0.018677768391711647
P1_old_full_opt,4,summer,8,1,0.01,0.025,0.015000000000000001,0.018213709907650512
P1_old_full_opt,4,summer,8,2,0.025,0.05,0.025,0.017472237477200725
P1_old_full_opt,4,summer,8,3,0.05,0.5,0.45,0.008783425004526835
P1_old_full_opt,4,summer,9,0,0.0,0.01,0.01,0.02065575749733428
P1_old_full_opt,4,summer,9,1,0.01,0.025,0.015000000000000001,0.020186384887712256
P1_old_full_opt,4,summer,9,2,0.025,0.05,0.025,0.019436431251292907
P1_old_full_opt,4,summer,9,3,0.05,0.5,0.45,0.01064931821830897
P1_old_full_opt,4,summer,10,0,0.0,0.01,0.01,0.02178177970171835
P1_old_full_opt,4,summer,10,1,0.01,0.025,0.015000000000000001,0.021309377044905393
P1_old_full_opt,4,summer,10,2,0.025,0.05,0.025,0.020554587600103424
P1_old_full_opt,4,summer,10,3,0.05,0.5,0.45,0.01171143516733333
P1_old_full_opt,4,summer,11,0,0.0,0.01,0.01,0.022138965371901187
P1_old_full_opt,4,summer,11,1,0.01,0.025,0.015000000000000001,0.02166560079675898
P1_old_full_opt,4,summer,11,2,0.025,0.05,0.025,0.020909276221072748
P1_old_full_opt,4,summer,11,3,0.05,0.5,0.45,0.012048335398589393
P1_old_full_opt,4,summer,12,0,0.0,0.01,0.01,0.02199047486651229
P1_old_full_opt,4,summer,12,1,0.01,0.025,0.015000000000000001,0.02151751023112084
P1_old_full_opt,4,summer,12,2,0.025,0.05,0.025,0.020761823910195876
P1_old_full_opt,4,summer,12,3,0.05,0.5,0.45,0.011908278854750135
P1_old_full_opt,4,summer,13,0,0.0,0.01,0.01,0.021407915345761364
P1_old_full_opt,4,summer,13,1,0.01,0.025,0.015000000000000001,0.020936519121837284
P1_old_full_opt,4,summer,13,2,0.025,0.05,0.025,0.020183335892997034
P1_old_full_opt,4,summer,13,3,0.05,0.5,0.45,0.011358796205623979
P1_old_full_opt,4,summer,14,0,0.0,0.01,0.01,0.022357588785454352
P1_old_full_opt,4,summer,14,1,0.01,0.025,0.015000000000000001,0.021883635269061747
P1_old_full_opt,4,summer,14,2,0.025,0.05,0.025,0.021126370800096383
P1_old_full_opt,4,summer,14,3,0.05,0.5,0.45,0.012254539310072587
P1_old_full_opt,4,summer,15,0,0.0,0.01,0.01,0.022848329197858175
P1_old_full_opt,4,summer,15,1,0.01,0.025,0.015000000000000001,0.022373053230915575
P1_old_full_opt,4,summer,15,2,0.025,0.05,0.025,0.021613678213652232
P1_old_full_opt,4,summer,15,3,0.05,0.5,0.45,0.012717392596239644
P1_old_full_opt,4,summer,16,0,0.0,0.01,0.01,0.023117660419372243
P1_old_full_opt,4,summer,16,1,0.01,0.025,0.015000000000000001,0.02264165834745905
P1_old_full_opt,4,summer,16,2,0.025,0.05,0.025,0.021881124563447596
P1_old_full_opt,4,summer,16,3,0.05,0.5,0.45,0.012971413144772237
P1_old_full_opt,4,summer,17,0,0.0,0.01,0.01,0.02359395454855917
P1_old_full_opt,4,summer,17,1,0.01,0.025,0.015000000000000001,0.023116667948512117
P1_old_full_opt,4,summer,17,2,0.025,0.05,0.025,0.02235408414394624
P1_old_full_opt,4,summer,17,3,0.05,0.5,0.45,0.013420621875505016
P1_old_full_opt,4,summer,18,0,0.0,0.01,0.01,0.023547755029529327
P1_old_full_opt,4,summer,18,1,0.01,0.025,0.015000000000000001,0.023070593048638934
P1_old_full_opt,4,summer,18,2,0.025,0.05,0.025,0.022308208132191254
P1_old_full_opt,4,summer,18,3,0.05,0.5,0.45,0.013377050110269116
P1_old_full_opt,4,summer,19,0,0.0,0.01,0.01,0.02339084765750621
P1_old_full_opt,4,summer,19,1,0.01,0.025,0.015000000000000001,0.02291410890298273
P1_old_full_opt,4,summer,19,2,0.025,0.05,0.025,0.022152399413917223
P1_old_full_opt,4,summer,19,3,0.05,0.5,0.45,0.013229066546993998
P1_old_full_opt,4,summer,20,0,0.0,0.01,0.01,0.023197385059287035
P1_old_full_opt,4,summer,20,1,0.01,0.025,0.015000000000000001,0.022721168025167472
P1_old_full_opt,4,summer,20,2,0.025,0.05,0.025,0.021960291171068125
P1_old_full_opt,4,summer,20,3,0.05,0.5,0.45,0.013046604939972882
P1_old_full_opt,4,summer,21,0,0.0,0.01,0.01,0.02247926961406188
P1_old_full_opt,4,summer,21,1,0.01,0.025,0.015000000000000001,0.02200498826834263
P1_old_full_opt,4,summer,21,2,0.025,0.05,0.025,0.021247200575040814
P1_old_full_opt,4,summer,21,3,0.05,0.5,0.45,0.012369306633216448
P1_old_full_opt,4,summer,22,0,0.0,0.01,0.01,0.021293646931241916
P1_old_full_opt,4,summer,22,1,0.01,0.025,0.015000000000000001,0.020822558242568807
P1_old_full_opt,4,summer,22,2,0.025,0.05,0.025,0.020069865813119314
P1_old_full_opt,4,summer,22,3,0.05,0.5,0.45,0.011251013676847579
P1_old_full_opt,4,summer,23,0,0.0,0.01,0.01,0.02023591891811838
P1_old_full_opt,4,summer,23,1,0.01,0.025,0.015000000000000001,0.019767675165871523
P1_old_full_opt,4,summer,23,2,0.025,0.05,0.025,0.01901952313313915
P1_old_full_opt,4,summer,23,3,0.05,0.5,0.45,0.010253289679045879
P1_old_full_opt,4,winter,0,0,0.0,0.01,0.01,0.020250773935018285
P1_old_full_opt,4,winter,0,1,0.01,0.025,0.015000000000000001,0.01978249025347082
P1_old_full_opt,4,winter,0,2,0.025,0.05,0.025,0.019034274492928382
P1_old_full_opt,4,winter,0,3,0.05,0.5,0.45,0.01026730239563172
P1_old_full_opt,4,winter,1,0,0.0,0.01,0.01,0.018718662870863267
P1_old_full_opt,4,winter,1,1,0.01,0.025,0.015000000000000001,0.018254494638495856
P1_old_full_opt,4,winter,1,2,0.025,0.05,0.025,0.017512847021058375
P1_old_full_opt,4,winter,1,3,0.05,0.5,0.45,0.008822003991356717
P1_old_full_opt,4,winter,2,0,0.0,0.01,0.01,0.017973781263677657
P1_old_full_opt,4,winter,2,1,0.01,0.025,0.015000000000000001,0.01751161153478268
P1_old_full_opt,4,winter,2,2,0.025,0.05,0.025,0.016773153545136532
P1_old_full_opt,4,winter,2,3,0.05,0.5,0.45,0.008119284939681028
P1_old_full_opt,4,winter,3,0,0.0,0.01,0.01,0.01754881552887555
P1_old_full_opt,4,winter,3,1,0.01,0.025,0.015000000000000001,0.017087785303316706
P1_old_full_opt,4,winter,3,2,0.025,0.05,0.025,0.016351145972650083
P1_old_full_opt,4,winter,3,3,0.05,0.5,0.45,0.007718360757203693
P1_old_full_opt,4,winter,4,0,0.0,0.01,0.01,0.017375934420027495
P1_old_full_opt,4,winter,4,1,0.01,0.025,0.015000000000000001,0.016915367619242207
P1_old_full_opt,4,winter,4,2,0.025,0.05,0.025,0.016179467919224533
P1_old_full_opt,4,winter,4,3,0.05,0.5,0.45,0.007555257389107913
P1_old_full_opt,4,winter,5,0,0.0,0.01,0.01,0.01753439608246088
P1_old_full_opt,4,winter,5,1,0.01,0.025,0.015000000000000001,0.017073404515278535
P1_old_full_opt,4,winter,5,2,0.025,0.05,0.025,0.016336826878567967
P1_old_full_opt,4,winter,5,3,0.05,0.5,0.45,0.007704756900269388
P1_old_full_opt,4,winter,6,0,0.0,0.01,0.01,0.018095568513216975
P1_old_full_opt,4,winter,6,1,0.01,0.025,0.015000000000000001,0.017633072152000346
P1_old_full_opt,4,winter,6,2,0.025,0.05,0.025,0.01689409282565668
P1_old_full_opt,4,winter,6,3,0.05,0.5,0.45,0.008234180632768854
P1_old_full_opt,4,winter,7,0,0.0,0.01,0.01,0.019296068529085775
P1_old_full_opt,4,winter,7,1,0.01,0.025,0.015000000000000001,0.018830350061530922
P1_old_full_opt,4,winter,7,2,0.025,0.05,0.025,0.01808622831932838
P1_old_full_opt,4,winter,7,3,0.05,0.5,0.45,0.00936670697525729
P1_old_full_opt,4,winter,8,0,0.0,0.01,0.01,0.02120353510848272
P1_old_full_opt,4,winter,8,1,0.01,0.025,0.015000000000000001,0.02073268890419403
P1_old_full_opt,4,winter,8,2,0.025,0.05,0.025,0.019980383486639663
P1_old_full_opt,4,winter,8,3,0.05,0.5,0.45,0.011166016115486708
P1_old_full_opt,4,winter,9,0,0.0,0.01,0.01,0.023495423219366263
P1_old_full_opt,4,winter,9,1,0.01,0.025,0.015000000000000001,0.02301840239821162
P1_old_full_opt,4,winter,9,2,0.025,0.05,0.025,0.022256242769647105
P1_old_full_opt,4,winter,9,3,0.05,0.5,0.45,0.01332769471986344
P1_old_full_opt,4,winter,10,0,0.0,0.01,0.01,0.02365867235689101
P1_old_full_opt,4,winter,10,1,0.01,0.025,0.015000000000000001,0.023181211163099864
P1_old_full_opt,4,winter,10,2,0.025,0.05,0.025,0.02241834872463655
P1_old_full_opt,4,winter,10,3,0.05,0.5,0.45,0.013481658432022918
P1_old_full_opt,4,winter,11,0,0.0,0.01,0.01,0.023041066471421456
P1_old_full_opt,4,winter,11,1,0.01,0.025,0.015000000000000001,0.022565270935370748
P1_old_full_opt,4,winter,11,2,0.025,0.05,0.025,0.021805066711563237
P1_old_full_opt,4,winter,11,3,0.05,0.5,0.45,0.01289917374119345
P1_old_full_opt,4,winter,12,0,0.0,0.01,0.01,0.022105610006334375
P1_old_full_opt,4,winter,12,1,0.01,0.025,0.015000000000000001,0.02163233527463689
P1_old_full_opt,4,winter,12,2,0.025,0.05,0.025,0.020876154076890918
P1_old_full_opt,4,winter,12,3,0.05,0.5,0.45,0.012016874653962653
P1_old_full_opt,4,winter,13,0,0.0,0.01,0.01,0.020733384965462842
P1_old_full_opt,4,winter,13,1,0.01,0.025,0.015000000000000001,0.020263803582069397
P1_old_full_opt,4,winter,13,2,0.025,0.05,0.025,0.019513516748596027
P1_old_full_opt,4,winter,13,3,0.05,0.5,0.45,0.010722542238660808
P1_old_full_opt,4,winter,14,0,0.0,0.01,0.01,0.02153437712879014
P1_old_full_opt,4,winter,14,1,0.01,0.025,0.015000000000000001,0.02106264051774942
P1_old_full_opt,4,winter,14,2,0.025,0.05,0.025,0.02030891404823265
P1_old_full_opt,4,winter,14,3,0.05,0.5,0.45,0.011478079207657976
P1_old_full_opt,4,winter,15,0,0.0,0.01,0.01,0.021960199971932104
P1_old_full_opt,4,winter,15,1,0.01,0.025,0.015000000000000001,0.021487316859823226
P1_old_full_opt,4,winter,15,2,0.025,0.05,0.025,0.020731760658561083
P1_old_full_opt,4,winter,15,3,0.05,0.5,0.45,0.011879723361407881
P1_old_full_opt,4,winter,16,0,0.0,0.01,0.01,0.02240928361265937
P1_old_full_opt,4,winter,16,1,0.01,0.025,0.015000000000000001,0.021935190832528262
P1_old_full_opt,4,winter,16,2,0.025,0.05,0.025,0.02117770407786157
P1_old_full_opt,4,winter,16,3,0.05,0.5,0.45,0.01230329710368146
P1_old_full_opt,4,winter,17,0,0.0,0.01,0.01,0.023077823692246868
P1_old_full_opt,4,winter,17,1,0.01,0.025,0.015000000000000001,0.02260192904679122
P1_old_full_opt,4,winter,17,2,0.025,0.05,0.025,0.021841566667131218
P1_old_full_opt,4,winter,17,3,0.05,0.5,0.45,0.012933841269516676
P1_old_full_opt,4,winter,18,0,0.0,0.01,0.01,0.02306556968668383
P1_old_full_opt,4,winter,18,1,0.01,0.025,0.015000000000000001,0.022589708062616582
P1_old_full_opt,4,winter,18,2,0.025,0.05,0.025,0.021829398415051937
P1_old_full_opt,4,winter,18,3,0.05,0.5,0.45,0.012922283912014788
P1_old_full_opt,4,winter,19,0,0.0,0.01,0.01,0.022704801074316383
P1_old_full_opt,4,winter,19,1,0.01,0.025,0.015000000000000001,0.022229911967129125
P1_old_full_opt,4,winter,19,2,0.025,0.05,0.025,0.021471154336135667
P1_old_full_opt,4,winter,19,3,0.05,0.5,0.45,0.012582022030111679
P1_old_full_opt,4,winter,20,0,0.0,0.01,0.01,0.0221238023421666
P1_old_full_opt,4,winter,20,1,0.01,0.025,0.015000000000000001,0.021650478624094895
P1_old_full_opt,4,winter,20,2,0.025,0.05,0.025,0.020894219219920185
P1_old_full_opt,4,winter,20,3,0.05,0.5,0.45,0.012034033661028435
P1_old_full_opt,4,winter,21,0,0.0,0.01,0.01,0.021332722802411275
P1_old_full_opt,4,winter,21,1,0.01,0.025,0.015000000000000001,0.020861528953012666
P1_old_full_opt,4,winter,21,2,0.025,0.05,0.025,0.020108668691015685
P1_old_full_opt,4,winter,21,3,0.05,0.5,0.45,0.011287871676071703
P1_old_full_opt,4,winter,22,0,0.0,0.01,0.01,0.02052155732237826
P1_old_full_opt,4,winter,22,1,0.01,0.025,0.015000000000000001,0.02005254561825246
P1_old_full_opt,4,winter,22,2,0.025,0.05,0.025,0.019303167939793697
P1_old_full_opt,4,winter,22,3,0.05,0.5,0.45,0.01052272987115219
P1_old_full_opt,4,winter,23,0,0.0,0.01,0.01,0.020256716621577797
P1_old_full_opt,4,winter,23,1,0.01,0.025,0.015000000000000001,0.019788416958316235
P1_old_full_opt,4,winter,23,2,0.025,0.05,0.025,0.019040175706692697
P1_old_full_opt,4,winter,23,3,0.05,0.5,0.45,0.010272908116203036
P1_old_full_opt,4,shoulder,0,0,0.0,0.01,0.01,0.017672918118642744
P1_old_full_opt,4,shoulder,0,1,0.01,0.025,0.015000000000000001,0.0172115551732549
P1_old_full_opt,4,shoulder,0,2,0.025,0.05,0.025,0.016474384822297572
P1_old_full_opt,4,shoulder,0,3,0.05,0.5,0.45,0.007835443457840652
P1_old_full_opt,4,shoulder,1,0,0.0,0.01,0.01,0.01612956480653155
P1_old_full_opt,4,shoulder,1,1,0.01,0.025,0.015000000000000001,0.015672336611137944
P1_old_full_opt,4,shoulder,1,2,0.025,0.05,0.025,0.01494176542497061
P1_old_full_opt,4,shoulder,1,3,0.05,0.5,0.45,0.00637933431225362
P1_old_full_opt,4,shoulder,2,0,0.0,0.01,0.01,0.015495920568762978
P1_old_full_opt,4,shoulder,2,1,0.01,0.025,0.015000000000000001,0.015040388100915717
P1_old_full_opt,4,shoulder,2,2,0.025,0.05,0.025,0.01431252334561206
P1_old_full_opt,4,shoulder,2,3,0.05,0.5,0.45,0.005781474330912368
P1_old_full_opt,4,shoulder,3,0,0.0,0.01,0.01,0.015158314477192736
P1_old_full_opt,4,shoulder,3,1,0.01,0.025,0.015000000000000001,0.014703685049632929
P1_old_full_opt,4,shoulder,3,2,0.025,0.05,0.025,0.013977261600088275
P1_old_full_opt,4,shoulder,3,3,0.05,0.5,0.45,0.005462925858814182
P1_old_full_opt,4,shoulder,4,0,0.0,0.01,0.01,0.015015219545930214
P1_old_full_opt,4,shoulder,4,1,0.01,0.025,0.015000000000000001,0.01456097278306941
P1_old_full_opt,4,shoulder,4,2,0.025,0.05,0.025,0.013835160085148845
P1_old_full_opt,4,shoulder,4,3,0.05,0.5,0.45,0.005327906806286666
P1_old_full_opt,4,shoulder,5,0,0.0,0.01,0.01,0.01513866033431982
P1_old_full_opt,4,shoulder,5,1,0.01,0.025,0.015000000000000001,0.01468408346694446
P1_old_full_opt,4,shoulder,5,2,0.025,0.05,0.025,0.013957743907206943
P1_old_full_opt,4,shoulder,5,3,0.05,0.5,0.45,0.005444381000012778
P1_old_full_opt,4,shoulder,6,0,0.0,0.01,0.01,0.01560874134714646
P1_old_full_opt,4,shoulder,6,1,0.01,0.025,0.015000000000000001,0.015152907034203984
P1_old_full_opt,4,shoulder,6,2,0.025,0.05,0.025,0.014424560522964813
P1_old_full_opt,4,shoulder,6,3,0.05,0.5,0.45,0.005887925180510172
P1_old_full_opt,4,shoulder,7,0,0.0,0.01,0.01,0.01653074025805973
P1_old_full_opt,4,shoulder,7,1,0.01,0.025,0.015000000000000001,0.01607243791458083
P1_old_full_opt,4,shoulder,7,2,0.025,0.05,0.025,0.015340152327320555
P1_old_full_opt,4,shoulder,7,3,0.05,0.5,0.45,0.006757843396023743
P1_old_full_opt,4,shoulder,8,0,0.0,0.01,0.01,0.017704692765697916
P1_old_full_opt,4,shoulder,8,1,0.01,0.025,0.015000000000000001,0.017243244622839694
P1_old_full_opt,4,shoulder,8,2,0.025,0.05,0.025,0.01650593829985003
P1_old_full_opt,4,shoulder,8,3,0.05,0.5,0.45,0.00786542063591445
P1_old_full_opt,4,shoulder,9,0,0.0,0.01,0.01,0.01880928060192799
P1_old_full_opt,4,shoulder,9,1,0.01,0.025,0.015000000000000001,0.018344869142393007
P1_old_full_opt,4,shoulder,9,2,0.025,0.05,0.025,0.017602833333162926
P1_old_full_opt,4,shoulder,9,3,0.05,0.5,0.45,0.008907490532293338
P1_old_full_opt,4,shoulder,10,0,0.0,0.01,0.01,0.01884730854233574
P1_old_full_opt,4,shoulder,10,1,0.01,0.025,0.015000000000000001,0.018382795000846754
P1_old_full_opt,4,shoulder,10,2,0.025,0.05,0.025,0.017640596275408926
P1_old_full_opt,4,shoulder,10,3,0.05,0.5,0.45,0.008943365024985014
P1_old_full_opt,4,shoulder,11,0,0.0,0.01,0.01,0.0185143746959035
P1_old_full_opt,4,shoulder,11,1,0.01,0.025,0.015000000000000001,0.01805075471962847
P1_old_full_opt,4,shoulder,11,2,0.025,0.05,0.025,0.01730998211483037
P1_old_full_opt,4,shoulder,11,3,0.05,0.5,0.45,0.00862928199982087
P1_old_full_opt,4,shoulder,12,0,0.0,0.01,0.01,0.017915844992218155
P1_old_full_opt,4,shoulder,12,1,0.01,0.025,0.015000000000000001,0.017453830659059734
P1_old_full_opt,4,shoulder,12,2,0.025,0.05,0.025,0.016715620652279495
P1_old_full_opt,4,shoulder,12,3,0.05,0.5,0.45,0.008064626848948769
P1_old_full_opt,4,shoulder,13,0,0.0,0.01,0.01,0.01707418968615315
P1_old_full_opt,4,shoulder,13,1,0.01,0.025,0.015000000000000001,0.016614431546225585
P1_old_full_opt,4,shoulder,13,2,0.025,0.05,0.025,0.01587982247332087
P1_old_full_opt,4,shoulder,13,3,0.05,0.5,0.45,0.007270574943037646
P1_old_full_opt,4,shoulder,14,0,0.0,0.01,0.01,0.017967985961321598
P1_old_full_opt,4,shoulder,14,1,0.01,0.025,0.015000000000000001,0.017505831782176535
P1_old_full_opt,4,shoulder,14,2,0.025,0.05,0.025,0.016767398595818328
P1_old_full_opt,4,shoulder,14,3,0.05,0.5,0.45,0.008113817559700242
P1_old_full_opt,4,shoulder,15,0,0.0,0.01,0.01,0.018499800290061597
P1_old_full_opt,4,shoulder,15,1,0.01,0.025,0.015000000000000001,0.018036219421962985
P1_old_full_opt,4,shoulder,15,2,0.025,0.05,0.025,0.01729550923802725
P1_old_full_opt,4,shoulder,15,3,0.05,0.5,0.45,0.008615532671959253
P1_old_full_opt,4,shoulder,16,0,0.0,0.01,0.01,0.019005441479261198
P1_old_full_opt,4,shoulder,16,1,0.01,0.025,0.015000000000000001,0.018540503413363996
P1_old_full_opt,4,shoulder,16,2,0.025,0.05,0.025,0.017797627159854
P1_old_full_opt,4,shoulder,16,3,0.05,0.5,0.45,0.009092542410034007
P1_old_full_opt,4,shoulder,17,0,0.0,0.01,0.01,0.019702739609929465
P1_old_full_opt,4,shoulder,17,1,0.01,0.025,0.015000000000000001,0.019235928754695226
P1_old_full_opt,4,shoulder,17,2,0.025,0.05,0.025,0.018490063589229888
P1_old_full_opt,4,shoulder,17,3,0.05,0.5,0.45,0.009750334911215432
P1_old_full_opt,4,shoulder,18,0,0.0,0.01,0.01,0.019906757345722337
P1_old_full_opt,4,shoulder,18,1,0.01,0.025,0.015000000000000001,0.01943939829297155
P1_old_full_opt,4,shoulder,18,2,0.025,0.05,0.025,0.018692658222709824
P1_old_full_opt,4,shoulder,18,3,0.05,0.5,0.45,0.00994278917144684
P1_old_full_opt,4,shoulder,19,0,0.0,0.01,0.01,0.020057846564727755
P1_old_full_opt,4,shoulder,19,1,0.01,0.025,0.015000000000000001,0.0195900814639142
P1_old_full_opt,4,shoulder,19,2,0.025,0.05,0.025,0.01884269334884614
P1_old_full_opt,4,shoulder,19,3,0.05,0.5,0.45,0.010085313441418145
P1_old_full_opt,4,shoulder,20,0,0.0,0.01,0.01,0.019894917774246346
P1_old_full_opt,4,shoulder,20,1,0.01,0.025,0.015000000000000001,0.019427590529256612
P1_old_full_opt,4,shoulder,20,2,0.025,0.05,0.025,0.01868090124370947
P1_old_full_opt,4,shoulder,20,3,0.05,0.5,0.45,0.009931620710204623
P1_old_full_opt,4,shoulder,21,0,0.0,0.01,0.01,0.019275488597428336
P1_old_full_opt,4,shoulder,21,1,0.01,0.025,0.015000000000000001,0.018809825409928555
P1_old_full_opt,4,shoulder,21,2,0.025,0.05,0.025,0.01806579186650059
P1_old_full_opt,4,shoulder,21,3,0.05,0.5,0.45,0.009347292935888861
P1_old_full_opt,4,shoulder,22,0,0.0,0.01,0.01,0.018587281909689113
P1_old_full_opt,4,shoulder,22,1,0.01,0.025,0.015000000000000001,0.0181234662796792
P1_old_full_opt,4,shoulder,22,2,0.025,0.05,0.025,0.017382381419346338
P1_old_full_opt,4,shoulder,22,3,0.05,0.5,0.45,0.008698061674127079
P1_old_full_opt,4,shoulder,23,0,0.0,0.01,0.01,0.018133297872653664
P1_old_full_opt,4,shoulder,23,1,0.01,0.025,0.015000000000000001,0.017670700299919163
P1_old_full_opt,4,shoulder,23,2,0.025,0.05,0.025,0.016931559455792833
P1_old_full_opt,4,shoulder,23,3,0.05,0.5,0.45,0.008269774841923563
P1_old_full_opt,9,summer,0,0,0.0,0.01,0.01,0.019269609472755134
P1_old_full_opt,9,summer,0,1,0.01,0.025,0.015000000000000001,0.018803962069505187
P1_old_full_opt,9,summer,0,2,0.025,0.05,0.025,0.01805995373253655
P1_old_full_opt,9,summer,0,3,0.05,0.075,0.024999999999999994,0.017131607273445097
P1_old_full_opt,9,summer,0,4,0.075,0.1,0.02500000000000001,0.01620517284843303
P1_old_full_opt,9,summer,0,5,0.1,0.15,0.04999999999999999,0.014819323525055998
P1_old_full_opt,9,summer,0,6,0.15,0.2,0.05000000000000002,0.012977818146645278
P1_old_full_opt,9,summer,0,7,0.2,0.3,0.09999999999999998,0.010230511766694818
P1_old_full_opt,9,summer,0,8,0.3,0.5,0.2,0.004787291640354213
P1_old_full_opt,9,summer,1,0,0.0,0.01,0.01,0.017470977934223864
P1_old_full_opt,9,summer,1,1,0.01,0.025,0.015000000000000001,0.01701015638161385
P1_old_full_opt,9,summer,1,2,0.025,0.05,0.025,0.016273850072162088
P1_old_full_opt,9,summer,1,3,0.05,0.075,0.024999999999999994,0.015355099907600759
P1_old_full_opt,9,summer,1,4,0.075,0.1,0.02500000000000001,0.014438225928228294
P1_old_full_opt,9,summer,1,5,0.1,0.15,0.04999999999999999,0.013066646127820051
P1_old_full_opt,9,summer,1,6,0.15,0.2,0.05000000000000002,0.011244049366233574
P1_old_full_opt,9,summer,1,7,0.2,0.3,0.09999999999999998,0.008524827981209461
P1_old_full_opt,9,summer,1,8,0.3,0.5,0.2,0.0031368291588813185
P1_old_full_opt,9,summer,2,0,0.0,0.01,0.01,0.0167105718386934
P1_old_full_opt,9,summer,2,1,0.01,0.025,0.015000000000000001,0.016251787847697725
P1_old_full_opt,9,summer,2,2,0.025,0.05,0.025,0.015518733548606223
P1_old_full_opt,9,summer,2,3,0.05,0.075,0.024999999999999994,0.014604035265859964
P1_old_full_opt,9,summer,2,4,0.075,0.1,0.02500000000000001,0.013691198121381082
P1_old_full_opt,9,summer,2,5,0.1,0.15,0.04999999999999999,0.012325643720715321
P1_old_full_opt,9,summer,2,6,0.15,0.2,0.05000000000000002,0.010511031529293887
P1_old_full_opt,9,summer,2,7,0.2,0.3,0.09999999999999998,0.007803670324663255
P1_old_full_opt,9,summer,2,8,0.3,0.5,0.2,0.0024389935413168806
P1_old_full_opt,9,summer,3,0,0.0,0.01,0.01,0.016248875735412616
P1_old_full_opt,9,summer,3,1,0.01,0.025,0.015000000000000001,0.015791328145319434
P1_old_full_opt,9,summer,3,2,0.025,0.05,0.025,0.015060247148757089
P1_old_full_opt,9,summer,3,3,0.05,0.075,0.024999999999999994,0.014148007582013847
P1_old_full_opt,9,summer,3,4,0.075,0.1,0.02500000000000001,0.013237620043113902
P1_old_full_opt,9,summer,3,5,0.1,0.15,0.04999999999999999,0.011875721977098744
P1_old_full_opt,9,summer,3,6,0.15,0.2,0.05000000000000002,0.010065955076479501
P1_old_full_opt,9,summer,3,7,0.2,0.3,0.09999999999999998,0.007365791204424351
P1_old_full_opt,9,summer,3,8,0.3,0.5,0.2,0.0020152680341096324
P1_old_full_opt,9,summer,4,0,0.0,0.01,0.01,0.015973564952534436
P1_old_full_opt,9,summer,4,1,0.01,0.025,0.015000000000000001,0.015516754338642153
P1_old_full_opt,9,summer,4,2,0.025,0.05,0.025,0.014786849615047726
P1_old_full_opt,9,summer,4,3,0.05,0.075,0.024999999999999994,0.013876075651008683
P1_old_full_opt,9,summer,4,4,0.075,0.1,0.02500000000000001,0.012967148303281158
P1_old_full_opt,9,summer,4,5,0.1,0.15,0.04999999999999999,0.011607429770173762
P1_old_full_opt,9,summer,4,6,0.15,0.2,0.05000000000000002,0.009800551161698864
P1_old_full_opt,9,summer,4,7,0.2,0.3,0.09999999999999998,0.007104677713255377
P1_old_full_opt,9,summer,4,8,0.3,0.5,0.2,0.0017625919380781507
P1_old_full_opt,9,summer,5,0,0.0,0.01,0.01,0.015953729963734398
P1_old_full_opt,9,summer,5,1,0.01,0.025,0.015000000000000001,0.015496972450099176
P1_old_full_opt,9,summer,5,2,0.025,0.05,0.025,0.014767152453566967
P1_old_full_opt,9,summer,5,3,0.05,0.075,0.024999999999999994,0.013856484066523959
P1_old_full_opt,9,summer,5,4,0.075,0.1,0.02500000000000001,0.01294766190457541
P1_old_full_opt,9,summer,5,5,0.1,0.15,0.04999999999999999,0.01158810037610314
P1_old_full_opt,9,summer,5,6,0.15,0.2,0.05000000000000002,0.009781429830485463
P1_old_full_opt,9,summer,5,7,0.2,0.3,0.09999999999999998,0.007085865448434038
P1_old_full_opt,9,summer,5,8,0.3,0.5,0.2,0.001744387481465784
P1_old_full_opt,9,summer,6,0,0.0,0.01,0.01,0.016243190654750828
P1_old_full_opt,9,summer,6,1,0.01,0.025,0.015000000000000001,0.015785658275798326
P1_old_full_opt,9,summer,6,2,0.025,0.05,0.025,0.015054601575810733
P1_old_full_opt,9,summer,6,3,0.05,0.075,0.024999999999999994,0.01414239227674308
P1_old_full_opt,9,summer,6,4,0.075,0.1,0.02500000000000001,0.013232034891893502
P1_old_full_opt,9,summer,6,5,0.1,0.15,0.04999999999999999,0.011870181841888986
P1_old_full_opt,9,summer,6,6,0.15,0.2,0.05000000000000002,0.010060474590432297
P1_old_full_opt,9,summer,6,7,0.2,0.3,0.09999999999999998,0.007360399323445151
P1_old_full_opt,9,summer,6,8,0.3,0.5,0.2,0.002010050401291749
P1_old_full_opt,9,summer,7,0,0.0,0.01,0.01,0.017177530944489927
P1_old_full_opt,9,summer,7,1,0.01,0.025,0.015000000000000001,0.016717495895077206
P1_old_full_opt,9,summer,7,2,0.025,0.05,0.025,0.01598244485029654
P1_old_full_opt,9,summer,7,3,0.05,0.075,0.024999999999999994,0.015065258699827336
P1_old_full_opt,9,summer,7,4,0.075,0.1,0.02500000000000001,0.014149942922533349
P1_old_full_opt,9,summer,7,5,0.1,0.15,0.04999999999999999,0.012780688884831973
P1_old_full_opt,9,summer,7,6,0.15,0.2,0.05000000000000002,0.010961174094326617
P1_old_full_opt,9,summer,7,7,0.2,0.3,0.09999999999999998,0.008246530580303115
P1_old_full_opt,9,summer,7,8,0.3,0.5,0.2,0.0028675335915327727
P1_old_full_opt,9,summer,8,0,0.0,0.01,0.01,0.018677768391711647
P1_old_full_opt,9,summer,8,1,0.01,0.025,0.015000000000000001,0.018213709907650512
P1_old_full_opt,9,summer,8,2,0.025,0.05,0.025,0.017472237477200725
P1_old_full_opt,9,summer,8,3,0.05,0.075,0.024999999999999994,0.016547050576048442
P1_old_full_opt,9,summer,8,4,0.075,0.1,0.02500000000000001,0.015623763879162306
P1_old_full_opt,9,summer,8,5,0.1,0.15,0.04999999999999999,0.01424261265181415
P1_old_full_opt,9,summer,8,6,0.15,0.2,0.05000000000000002,0.012407332645454346
P1_old_full_opt,9,summer,8,7,0.2,0.3,0.09999999999999998,0.009669272560422772
P1_old_full_opt,9,summer,8,8,0.3,0.5,0.2,0.004244231848755525
P1_old_full_opt,9,summer,9,0,0.0,0.01,0.01,0.02065575749733428
P1_old_full_opt,9,summer,9,1,0.01,0.025,0.015000000000000001,0.020186384887712256
P1_old_full_opt,9,summer,9,2,0.025,0.05,0.025,0.019436431251292907
P1_old_full_opt,9,summer,9,3,0.05,0.075,0.024999999999999994,0.018500677472830244
P1_old_full_opt,9,summer,9,4,0.075,0.1,0.02500000000000001,0.017566863600648734
P1_old_full_opt,9,summer,9,5,0.1,0.15,0.04999999999999999,0.01617000041761463
P1_old_full_opt,9,summer,9,6,0.15,0.2,0.05000000000000002,0.014313901187199546
P1_old_full_opt,9,summer,9,7,0.2,0.3,0.09999999999999998,0.011544920083495504
P1_old_full_opt,9,summer,9,8,0.3,0.5,0.2,0.006059087914059014
P1_old_full_opt,9,summer,10,0,0.0,0.01,0.01,0.02178177970171835
P1_old_full_opt,9,summer,10,1,0.01,0.025,0.015000000000000001,0.021309377044905393
P1_old_full_opt,9,summer,10,2,0.025,0.05,0.025,0.020554587600103424
P1_old_full_opt,9,summer,10,3,0.05,0.075,0.024999999999999994,0.019612808943414443
P1_old_full_opt,9,summer,10,4,0.075,0.1,0.02500000000000001,0.01867299299195379
P1_old_full_opt,9,summer,10,5,0.1,0.15,0.04999999999999999,0.01726717193734462
P1_old_full_opt,9,summer,10,6,0.15,0.2,0.05000000000000002,0.015399203553462243
P1_old_full_opt,9,summer,10,7,0.2,0.3,0.09999999999999998,0.012612595436398703
P1_old_full_opt,9,summer,10,8,0.3,0.5,0.2,0.007092112293677899
P1_old_full_opt,9,summer,11,0,0.0,0.01,0.01,0.022138965371901187
P1_old_full_opt,9,summer,11,1,0.01,0.025,0.015000000000000001,0.02166560079675898
P1_old_full_opt,9,summer,11,2,0.025,0.05,0.025,0.020909276221072748
P1_old_full_opt,9,summer,11,3,0.05,0.075,0.024999999999999994,0.019965584967642783
P1_old_full_opt,9,summer,11,4,0.075,0.1,0.02500000000000001,0.01902386369111885
P1_old_full_opt,9,summer,11,5,0.1,0.15,0.04999999999999999,0.01761519905622067
P1_old_full_opt,9,summer,11,6,0.15,0.2,0.05000000000000002,0.015743463017072738
P1_old_full_opt,9,summer,11,7,0.2,0.3,0.09999999999999998,0.012951259695244136
P1_old_full_opt,9,summer,11,8,0.3,0.5,0.2,0.007419778198535509
P1_old_full_opt,9,summer,12,0,0.0,0.01,0.01,0.02199047486651229
P1_old_full_opt,9,summer,12,1,0.01,0.025,0.015000000000000001,0.02151751023112084
P1_old_full_opt,9,summer,12,2,0.025,0.05,0.025,0.020761823910195876
P1_old_full_opt,9,summer,12,3,0.05,0.075,0.024999999999999994,0.0198189278564942
P1_old_full_opt,9,summer,12,4,0.075,0.1,0.02500000000000001,0.018877998748467732
P1_old_full_opt,9,summer,12,5,0.1,0.15,0.04999999999999999,0.017470516378792492
P1_old_full_opt,9,summer,12,6,0.15,0.2,0.05000000000000002,0.01560034679717936
P1_old_full_opt,9,summer,12,7,0.2,0.3,0.09999999999999998,0.01281046975444761
P1_old_full_opt,9,summer,12,8,0.3,0.5,0.2,0.007283560926350796
P1_old_full_opt,9,summer,13,0,0.0,0.01,0.01,0.021407915345761364
P1_old_full_opt,9,summer,13,1,0.01,0.025,0.015000000000000001,0.020936519121837284
P1_old_full_opt,9,summer,13,2,0.025,0.05,0.025,0.020183335892997034
P1_old_full_opt,9,summer,13,3,0.05,0.075,0.024999999999999994,0.0192435583906081
P1_old_full_opt,9,summer,13,4,0.075,0.1,0.02500000000000001,0.01830573600791196
P1_old_full_opt,9,summer,13,5,0.1,0.15,0.04999999999999999,0.016902890253649442
P1_old_full_opt,9,summer,13,6,0.15,0.2,0.05000000000000002,0.015038864093043775
P1_old_full_opt,9,summer,13,7,0.2,0.3,0.09999999999999998,0.01225811051395104
P1_old_full_opt,9,summer,13,8,0.3,0.5,0.2,0.006749135819190122
P1_old_full_opt,9,summer,14,0,0.0,0.01,0.01,0.022357588785454352
P1_old_full_opt,9,summer,14,1,0.01,0.025,0.015000000000000001,0.021883635269061747
P1_old_full_opt,9,summer,14,2,0.025,0.05,0.025,0.021126370800096383
P1_old_full_opt,9,summer,14,3,0.05,0.075,0.024999999999999994,0.020181508564907084
P1_old_full_opt,9,summer,14,4,0.075,0.1,0.02500000000000001,0.019238620749113526
P1_old_full_opt,9,summer,14,5,0.1,0.15,0.04999999999999999,0.01782821515152855
P1_old_full_opt,9,summer,14,6,0.15,0.2,0.05000000000000002,0.015954172399634807
P1_old_full_opt,9,summer,14,7,0.2,0.3,0.09999999999999998,0.01315854352190782
P1_old_full_opt,9,summer,14,8,0.3,0.5,0.2,0.007620328634665996
P1_old_full_opt,9,summer,15,0,0.0,0.01,0.01,0.022848329197858175
P1_old_full_opt,9,summer,15,1,0.01,0.025,0.015000000000000001,0.022373053230915575
P1_old_full_opt,9,summer,15,2,0.025,0.05,0.025,0.021613678213652232
P1_old_full_opt,9,summer,15,3,0.05,0.075,0.024999999999999994,0.020666186534132883
P1_old_full_opt,9,summer,15,4,0.075,0.1,0.02500000000000001,0.01972067929001175
P1_old_full_opt,9,summer,15,5,0.1,0.15,0.04999999999999999,0.01830636441307432
P1_old_full_opt,9,summer,15,6,0.15,0.2,0.05000000000000002,0.016427142087830353
P1_old_full_opt,9,summer,15,7,0.2,0.3,0.09999999999999998,0.013623821433371156
P1_old_full_opt,9,summer,15,8,0.3,0.5,0.2,0.008070487771609375
P1_old_full_opt,9,summer,16,0,0.0,0.01,0.01,0.023117660419372243
P1_old_full_opt,9,summer,16,1,0.01,0.025,0.015000000000000001,0.02264165834745905
P1_old_full_opt,9,summer,16,2,0.025,0.05,0.025,0.021881124563447596
P1_old_full_opt,9,summer,16,3,0.05,0.075,0.024999999999999994,0.02093218921434326
P1_old_full_opt,9,summer,16,4,0.075,0.1,0.02500000000000001,0.019985243802442813
P1_old_full_opt,9,summer,16,5,0.1,0.15,0.04999999999999999,0.018568782612477523
P1_old_full_opt,9,summer,16,6,0.15,0.2,0.05000000000000002,0.01668671657060749
P1_old_full_opt,9,summer,16,7,0.2,0.3,0.09999999999999998,0.01387917301236136
P1_old_full_opt,9,summer,16,8,0.3,0.5,0.2,0.008317539146687342
P1_old_full_opt,9,summer,17,0,0.0,0.01,0.01,0.02359395454855917
P1_old_full_opt,9,summer,17,1,0.01,0.025,0.015000000000000001,0.023116667948512117
P1_old_full_opt,9,summer,17,2,0.025,0.05,0.025,0.02235408414394624
P1_old_full_opt,9,summer,17,3,0.05,0.075,0.024999999999999994,0.021402594787062194
P1_old_full_opt,9,summer,17,4,0.075,0.1,0.02500000000000001,0.020453105130813214
P1_old_full_opt,9,summer,17,5,0.1,0.15,0.04999999999999999,0.01903284693450358
P1_old_full_opt,9,summer,17,6,0.15,0.2,0.05000000000000002,0.01714575016898922
P1_old_full_opt,9,summer,17,7,0.2,0.3,0.09999999999999998,0.014330736157708027
P1_old_full_opt,9,summer,17,8,0.3,0.5,0.2,0.008754419375424649
P1_old_full_opt,9,summer,18,0,0.0,0.01,0.01,0.023547755029529327
P1_old_full_opt,9,summer,18,1,0.01,0.025,0.015000000000000001,0.023070593048638934
P1_old_full_opt,9,summer,18,2,0.025,0.05,0.025,0.022308208132191254
P1_old_full_opt,9,summer,18,3,0.05,0.075,0.024999999999999994,0.021356966567527284
P1_old_full_opt,9,summer,18,4,0.075,0.1,0.02500000000000001,0.020407723750939237
P1_old_full_opt,9,summer,18,5,0.1,0.15,0.04999999999999999,0.01898783393208148
P1_old_full_opt,9,summer,18,6,0.15,0.2,0.05000000000000002,0.01710122523955026
P1_old_full_opt,9,summer,18,7,0.2,0.3,0.09999999999999998,0.014286935986085606
P1_old_full_opt,9,summer,18,8,0.3,0.5,0.2,0.008712043672346459
P1_old_full_opt,9,summer,19,0,0.0,0.01,0.01,0.02339084765750621
P1_old_full_opt,9,summer,19,1,0.01,0.025,0.015000000000000001,0.02291410890298273
P1_old_full_opt,9,summer,19,2,0.025,0.05,0.025,0.022152399413917223
P1_old_full_opt,9,summer,19,3,0.05,0.075,0.024999999999999994,0.02120199931627043
P1_old_full_opt,9,summer,19,4,0.075,0.1,0.02500000000000001,0.02025359476608534
P1_old_full_opt,9,summer,19,5,0.1,0.15,0.04999999999999999,0.01883495594236673
P1_old_full_opt,9,summer,19,6,0.15,0.2,0.05000000000000002,0.016950004718150884
P1_old_full_opt,9,summer,19,7,0.2,0.3,0.09999999999999998,0.01413817674194712
P1_old_full_opt,9,summer,19,8,0.3,0.5,0.2,0.008568121934339062
P1_old_full_opt,9,summer,20,0,0.0,0.01,0.01,0.023197385059287035
P1_old_full_opt,9,summer,20,1,0.01,0.025,0.015000000000000001,0.022721168025167472
P1_old_full_opt,9,summer,20,2,0.025,0.05,0.025,0.021960291171068125
P1_old_full_opt,9,summer,20,3,0.05,0.075,0.024999999999999994,0.021010928400277965
P1_old_full_opt,9,summer,20,4,0.075,0.1,0.02500000000000001,0.020063557211665854
P1_old_full_opt,9,summer,20,5,0.1,0.15,0.04999999999999999,0.01864646057865516
P1_old_full_opt,9,summer,20,6,0.15,0.2,0.05000000000000002,0.016763552624878823
P1_old_full_opt,9,summer,20,7,0.2,0.3,0.09999999999999998,0.01395475885058978
P1_old_full_opt,9,summer,20,8,0.3,0.5,0.2,0.008390667687267622
P1_old_full_opt,9,summer,21,0,0.0,0.01,0.01,0.02247926961406188
P1_old_full_opt,9,summer,21,1,0.01,0.025,0.015000000000000001,0.02200498826834263
P1_old_full_opt,9,summer,21,2,0.025,0.05,0.025,0.021247200575040814
P1_old_full_opt,9,summer,21,3,0.05,0.075,0.024999999999999994,0.020301686481990492
P1_old_full_opt,9,summer,21,4,0.075,0.1,0.02500000000000001,0.019358149294973474
P1_old_full_opt,9,summer,21,5,0.1,0.15,0.04999999999999999,0.01794677454610927
P1_old_full_opt,9,summer,21,6,0.15,0.2,0.05000000000000002,0.016071447730616188
P1_old_full_opt,9,summer,21,7,0.2,0.3,0.09999999999999998,0.013273911966930344
P1_old_full_opt,9,summer,21,8,0.3,0.5,0.2,0.007731948899969976
P1_old_full_opt,9,summer,22,0,0.0,0.01,0.01,0.021293646931241916
P1_old_full_opt,9,summer,22,1,0.01,0.025,0.015000000000000001,0.020822558242568807
P1_old_full_opt,9,summer,22,2,0.025,0.05,0.025,0.020069865813119314
P1_old_full_opt,9,summer,22,3,0.05,0.075,0.024999999999999994,0.019130699798042276
P1_old_full_opt,9,summer,22,4,0.075,0.1,0.02500000000000001,0.01819348658626207
P1_old_full_opt,9,summer,22,5,0.1,0.15,0.04999999999999999,0.016791549987803526
P1_old_full_opt,9,summer,22,6,0.15,0.2,0.05000000000000002,0.014928728455456114
P1_old_full_opt,9,summer,22,7,0.2,0.3,0.09999999999999998,0.012149763871553424
P1_old_full_opt,9,summer,22,8,0.3,0.5,0.2,0.006644305928277389
P1_old_full_opt,9,summer,23,0,0.0,0.01,0.01,0.02023591891811838
P1_old_full_opt,9,summer,23,1,0.01,0.025,0.015000000000000001,0.019767675165871523
P1_old_full_opt,9,summer,23,2,0.025,0.05,0.025,0.01901952313313915
P1_old_full_opt,9,summer,23,3,0.05,0.075,0.024999999999999994,0.01808601398977761
P1_old_full_opt,9,summer,23,4,0.075,0.1,0.02500000000000001,0.01715443627898771
P1_old_full_opt,9,summer,23,5,0.1,0.15,0.04999999999999999,0.015760910543414223
P1_old_full_opt,9,summer,23,6,0.15,0.2,0.05000000000000002,0.013909233521469661
P1_old_full_opt,9,summer,23,7,0.2,0.3,0.09999999999999998,0.011146820115788549
P1_old_full_opt,9,summer,23,8,0.3,0.5,0.2,0.00567389942014232
P1_old_full_opt,9,winter,0,0,0.0,0.01,0.01,0.020250773935018285
P1_old_full_opt,9,winter,0,1,0.01,0.025,0.015000000000000001,0.01978249025347082
P1_old_full_opt,9,winter,0,2,0.025,0.05,0.025,0.019034274492928382
P1_old_full_opt,9,winter,0,3,0.05,0.075,0.024999999999999994,0.018100685941473408
P1_old_full_opt,9,winter,0,4,0.075,0.1,0.02500000000000001,0.017169029123162975
P1_old_full_opt,9,winter,0,5,0.1,0.15,0.04999999999999999,0.015775385323351102
P1_old_full_opt,9,winter,0,6,0.15,0.2,0.05000000000000002,0.013923551862226597
P1_old_full_opt,9,winter,0,7,0.2,0.3,0.09999999999999998,0.011160906116081394
P1_old_full_opt,9,winter,0,8,0.3,0.5,0.2,0.005687528652656704
P1_old_full_opt,9,winter,1,0,0.0,0.01,0.01,0.018718662870863267
P1_old_full_opt,9,winter,1,1,0.01,0.025,0.015000000000000001,0.018254494638495856
P1_old_full_opt,9,winter,1,2,0.025,0.05,0.025,0.017512847021058375
P1_old_full_opt,9,winter,1,3,0.05,0.075,0.024999999999999994,0.016587441870701828
P1_old_full_opt,9,winter,1,4,0.075,0.1,0.02500000000000001,0.015663937730478465
P1_old_full_opt,9,winter,1,5,0.1,0.15,0.04999999999999999,0.01428246196547606
P1_old_full_opt,9,winter,1,6,0.15,0.2,0.05000000000000002,0.012446751912378314
P1_old_full_opt,9,winter,1,7,0.2,0.3,0.09999999999999998,0.009708053091725817
P1_old_full_opt,9,winter,1,8,0.3,0.5,0.2,0.004281756515078575
P1_old_full_opt,9,winter,2,0,0.0,0.01,0.01,0.017973781263677657
P1_old_full_opt,9,winter,2,1,0.01,0.025,0.015000000000000001,0.01751161153478268
P1_old_full_opt,9,winter,2,2,0.025,0.05,0.025,0.016773153545136532
P1_old_full_opt,9,winter,2,3,0.05,0.075,0.024999999999999994,0.01585172248677214
P1_old_full_opt,9,winter,2,4,0.075,0.1,0.02500000000000001,0.01493217758914755
P1_old_full_opt,9,winter,2,5,0.1,0.15,0.04999999999999999,0.013556611241626052
P1_old_full_opt,9,winter,2,6,0.15,0.2,0.05000000000000002,0.011728731778283537
P1_old_full_opt,9,winter,2,7,0.2,0.3,0.09999999999999998,0.009001663767229525
P1_old_full_opt,9,winter,2,8,0.3,0.5,0.2,0.0035982359662001945
P1_old_full_opt,9,winter,3,0,0.0,0.01,0.01,0.01754881552887555
P1_old_full_opt,9,winter,3,1,0.01,0.025,0.015000000000000001,0.017087785303316706
P1_old_full_opt,9,winter,3,2,0.025,0.05,0.025,0.016351145972650083
P1_old_full_opt,9,winter,3,3,0.05,0.075,0.024999999999999994,0.01543198087365694
P1_old_full_opt,9,winter,3,4,0.075,0.1,0.02500000000000001,0.014514693496804338
P1_old_full_opt,9,winter,3,5,0.1,0.15,0.04999999999999999,0.01314249667969614
P1_old_full_opt,9,winter,3,6,0.15,0.2,0.05000000000000002,0.011319082277232714
P1_old_full_opt,9,winter,3,7,0.2,0.3,0.09999999999999998,0.008598646402444983
P1_old_full_opt,9,winter,3,8,0.3,0.5,0.2,0.003208259466945945
P1_old_full_opt,9,winter,4,0,0.0,0.01,0.01,0.017375934420027495
P1_old_full_opt,9,winter,4,1,0.01,0.025,0.015000000000000001,0.016915367619242207
P1_old_full_opt,9,winter,4,2,0.025,0.05,0.025,0.016179467919224533
P1_old_full_opt,9,winter,4,3,0.05,0.075,0.024999999999999994,0.015261224367595364
P1_old_full_opt,9,winter,4,4,0.075,0.1,0.02500000000000001,0.014344855113564975
P1_old_full_opt,9,winter,4,5,0.1,0.15,0.04999999999999999,0.01297402866925285
P1_old_full_opt,9,winter,4,6,0.15,0.2,0.05000000000000002,0.011152430207257976
P1_old_full_opt,9,winter,4,7,0.2,0.3,0.09999999999999998,0.00843469166091987
P1_old_full_opt,9,winter,4,8,0.3,0.5,0.2,0.003049608640760121
P1_old_full_opt,9,winter,5,0,0.0,0.01,0.01,0.01753439608246088
P1_old_full_opt,9,winter,5,1,0.01,0.025,0.015000000000000001,0.017073404515278535
P1_old_full_opt,9,winter,5,2,0.025,0.05,0.025,0.016336826878567967
P1_old_full_opt,9,winter,5,3,0.05,0.075,0.024999999999999994,0.015417738648106364
P1_old_full_opt,9,winter,5,4,0.075,0.1,0.02500000000000001,0.014500527857392304
P1_old_full_opt,9,winter,5,5,0.1,0.15,0.04999999999999999,0.013128445344757215
P1_old_full_opt,9,winter,5,6,0.15,0.2,0.05000000000000002,0.011305182415140277
P1_old_full_opt,9,winter,5,7,0.2,0.3,0.09999999999999998,0.008584971531919313
P1_old_full_opt,9,winter,5,8,0.3,0.5,0.2,0.0031950270064847602
P1_old_full_opt,9,winter,6,0,0.0,0.01,0.01,0.018095568513216975
P1_old_full_opt,9,winter,6,1,0.01,0.025,0.015000000000000001,0.017633072152000346
P1_old_full_opt,9,winter,6,2,0.025,0.05,0.025,0.01689409282565668
P1_old_full_opt,9,winter,6,3,0.05,0.075,0.024999999999999994,0.015972012206577072
P1_old_full_opt,9,winter,6,4,0.075,0.1,0.02500000000000001,0.015051820174966085
P1_old_full_opt,9,winter,6,5,0.1,0.15,0.04999999999999999,0.013675287928826555
P1_old_full_opt,9,winter,6,6,0.15,0.2,0.05000000000000002,0.011846128543636088
P1_old_full_opt,9,winter,6,7,0.2,0.3,0.09999999999999998,0.009117159428714274
P1_old_full_opt,9,winter,6,8,0.3,0.5,0.2,0.00370999354356423
P1_old_full_opt,9,winter,7,0,0.0,0.01,0.01,0.019296068529085775
P1_old_full_opt,9,winter,7,1,0.01,0.025,0.015000000000000001,0.018830350061530922
P1_old_full_opt,9,winter,7,2,0.025,0.05,0.025,0.01808622831932838
P1_old_full_opt,9,winter,7,3,0.05,0.075,0.024999999999999994,0.01715774056648856
P1_old_full_opt,9,winter,7,4,0.075,0.1,0.02500000000000001,0.01623116537426305
P1_old_full_opt,9,winter,7,5,0.1,0.15,0.04999999999999999,0.01484510595309491
P1_old_full_opt,9,winter,7,6,0.15,0.2,0.05000000000000002,0.013003322183230134
P1_old_full_opt,9,winter,7,7,0.2,0.3,0.09999999999999998,0.010255602321000425
P1_old_full_opt,9,winter,7,8,0.3,0.5,0.2,0.004811569257153481
P1_old_full_opt,9,winter,8,0,0.0,0.01,0.01,0.02120353510848272
P1_old_full_opt,9,winter,8,1,0.01,0.025,0.015000000000000001,0.02073268890419403
P1_old_full_opt,9,winter,8,2,0.025,0.05,0.025,0.019980383486639663
P1_old_full_opt,9,winter,8,3,0.05,0.075,0.024999999999999994,0.01904169963620195
P1_old_full_opt,9,winter,8,4,0.075,0.1,0.02500000000000001,0.018104966756821154
P1_old_full_opt,9,winter,8,5,0.1,0.15,0.04999999999999999,0.016703747054432342
P1_old_full_opt,9,winter,8,6,0.15,0.2,0.05000000000000002,0.014841875396167653
P1_old_full_opt,9,winter,8,7,0.2,0.3,0.09999999999999998,0.012064321480675103
P1_old_full_opt,9,winter,8,8,0.3,0.5,0.2,0.006561636607729654
P1_old_full_opt,9,winter,9,0,0.0,0.01,0.01,0.023495423219366263
P1_old_full_opt,9,winter,9,1,0.01,0.025,0.015000000000000001,0.02301840239821162
P1_old_full_opt,9,winter,9,2,0.025,0.05,0.025,0.022256242769647105
P1_old_full_opt,9,winter,9,3,0.05,0.075,0.024999999999999994,0.02130528186193859
P1_old_full_opt,9,winter,9,4,0.075,0.1,0.02500000000000001,0.020356318638534703
P1_old_full_opt,9,winter,9,5,0.1,0.15,0.04999999999999999,0.0189368460761441
P1_old_full_opt,9,winter,9,6,0.15,0.2,0.05000000000000002,0.017050790207552284
P1_old_full_opt,9,winter,9,7,0.2,0.3,0.09999999999999998,0.014237321881700741
P1_old_full_opt,9,winter,9,8,0.3,0.5,0.2,0.008664043045359116
P1_old_full_opt,9,winter,10,0,0.0,0.01,0.01,0.02365867235689101
P1_old_full_opt,9,winter,10,1,0.01,0.025,0.015000000000000001,0.023181211163099864
P1_old_full_opt,9,winter,10,2,0.025,0.05,0.025,0.02241834872463655
P1_old_full_opt,9,winter,10,3,0.05,0.075,0.024999999999999994,0.021466512242541706
P1_old_full_opt,9,winter,10,4,0.075,0.1,0.02500000000000001,0.02051667678341528
P1_old_full_opt,9,winter,10,5,0.1,0.15,0.04999999999999999,0.019095902519523648
P1_old_full_opt,9,winter,10,6,0.15,0.2,0.05000000000000002,0.017208122014795706
P1_old_full_opt,9,winter,10,7,0.2,0.3,0.09999999999999998,0.014392092684005767
P1_old_full_opt,9,winter,10,8,0.3,0.5,0.2,0.008813780368224222
P1_old_full_opt,9,winter,11,0,0.0,0.01,0.01,0.023041066471421456
P1_old_full_opt,9,winter,11,1,0.01,0.025,0.015000000000000001,0.022565270935370748
P1_old_full_opt,9,winter,11,2,0.025,0.05,0.025,0.021805066711563237
P1_old_full_opt,9,winter,11,3,0.05,0.075,0.024999999999999994,0.020856541962446244
P1_old_full_opt,9,winter,11,4,0.075,0.1,0.02500000000000001,0.01991000558836941
P1_old_full_opt,9,winter,11,5,0.1,0.15,0.04999999999999999,0.018494154833865187
P1_old_full_opt,9,winter,11,6,0.15,0.2,0.05000000000000002,0.016612897576844803
P1_old_full_opt,9,winter,11,7,0.2,0.3,0.09999999999999998,0.013806555058283324
P1_old_full_opt,9,winter,11,8,0.3,0.5,0.2,0.008247281842014148
P1_old_full_opt,9,winter,12,0,0.0,0.01,0.01,0.022105610006334375
P1_old_full_opt,9,winter,12,1,0.01,0.025,0.015000000000000001,0.02163233527463689
P1_old_full_opt,9,winter,12,2,0.025,0.05,0.025,0.020876154076890918
P1_old_full_opt,9,winter,12,3,0.05,0.075,0.024999999999999994,0.019932641463615845
P1_old_full_opt,9,winter,12,4,0.075,0.1,0.02500000000000001,0.018991098142114853
P1_old_full_opt,9,winter,12,5,0.1,0.15,0.04999999999999999,0.017582699092287827
P1_old_full_opt,9,winter,12,6,0.15,0.2,0.05000000000000002,0.015711314943114278
P1_old_full_opt,9,winter,12,7,0.2,0.3,0.09999999999999998,0.01291963420172321
P1_old_full_opt,9,winter,12,8,0.3,0.5,0.2,0.007389179910987503
P1_old_full_opt,9,winter,13,0,0.0,0.01,0.01,0.020733384965462842
P1_old_full_opt,9,winter,13,1,0.01,0.025,0.015000000000000001,0.020263803582069397
P1_old_full_opt,9,winter,13,2,0.025,0.05,0.025,0.019513516748596027
P1_old_full_opt,9,winter,13,3,0.05,0.075,0.024999999999999994,0.01857734784003862
P1_old_full_opt,9,winter,13,4,0.075,0.1,0.02500000000000001,0.01764312039884918
P1_old_full_opt,9,winter,13,5,0.1,0.15,0.04999999999999999,0.01624563997723705
P1_old_full_opt,9,winter,13,6,0.15,0.2,0.05000000000000002,0.014388722899766887
P1_old_full_opt,9,winter,13,7,0.2,0.3,0.09999999999999998,0.01161852716854317
P1_old_full_opt,9,winter,13,8,0.3,0.5,0.2,0.006130307203603275
P1_old_full_opt,9,winter,14,0,0.0,0.01,0.01,0.02153437712879014
P1_old_full_opt,9,winter,14,1,0.01,0.025,0.015000000000000001,0.02106264051774942
P1_old_full_opt,9,winter,14,2,0.025,0.05,0.025,0.02030891404823265
P1_old_full_opt,9,winter,14,3,0.05,0.075,0.024999999999999994,0.019368459727370228
P1_old_full_opt,9,winter,14,4,0.075,0.1,0.02500000000000001,0.018429963093863348
P1_old_full_opt,9,winter,14,5,0.1,0.15,0.04999999999999999,0.017026111047382945
P1_old_full_opt,9,winter,14,6,0.15,0.2,0.05000000000000002,0.01516075156381968
P1_old_full_opt,9,winter,14,7,0.2,0.3,0.09999999999999998,0.012378017871926276
P1_old_full_opt,9,winter,14,8,0.3,0.5,0.2,0.006865150775812456
P1_old_full_opt,9,winter,15,0,0.0,0.01,0.01,0.021960199971932104
P1_old_full_opt,9,winter,15,1,0.01,0.025,0.015000000000000001,0.021487316859823226
P1_old_full_opt,9,winter,15,2,0.025,0.05,0.025,0.020731760658561083
P1_old_full_opt,9,winter,15,3,0.05,0.075,0.024999999999999994,0.019789026721676043
P1_old_full_opt,9,winter,15,4,0.075,0.1,0.02500000000000001,0.018848259107966385
P1_old_full_opt,9,winter,15,5,0.1,0.15,0.04999999999999999,0.017441017762794834
P1_old_full_opt,9,winter,15,6,0.15,0.2,0.05000000000000002,0.015571167531474578
P1_old_full_opt,9,winter,15,7,0.2,0.3,0.09999999999999998,0.012781764740062155
P1_old_full_opt,9,winter,15,8,0.3,0.5,0.2,0.007255788140864
P1_old_full_opt,9,winter,16,0,0.0,0.01,0.01,0.02240928361265937
P1_old_full_opt,9,winter,16,1,0.01,0.025,0.015000000000000001,0.021935190832528262
P1_old_full_opt,9,winter,16,2,0.025,0.05,0.025,0.02117770407786157
P1_old_full_opt,9,winter,16,3,0.05,0.075,0.024999999999999994,0.020232564916893295
P1_old_full_opt,9,winter,16,4,0.075,0.1,0.02500000000000001,0.019289401236238783
P1_old_full_opt,9,winter,16,5,0.1,0.15,0.04999999999999999,0.01787858391760933
P1_old_full_opt,9,winter,16,6,0.15,0.2,0.05000000000000002,0.016003995662693386
P1_old_full_opt,9,winter,16,7,0.2,0.3,0.09999999999999998,0.0132075566891432
P1_old_full_opt,9,winter,16,8,0.3,0.5,0.2,0.007667749474494501
P1_old_full_opt,9,winter,17,0,0.0,0.01,0.01,0.023077823692246868
P1_old_full_opt,9,winter,17,1,0.01,0.025,0.015000000000000001,0.02260192904679122
P1_old_full_opt,9,winter,17,2,0.025,0.05,0.025,0.021841566667131218
P1_old_full_opt,9,winter,17,3,0.05,0.075,0.024999999999999994,0.020892844878031006
P1_old_full_opt,9,winter,17,4,0.075,0.1,0.02500000000000001,0.019946112213601312
P1_old_full_opt,9,winter,17,5,0.1,0.15,0.04999999999999999,0.018529968516946552
P1_old_full_opt,9,winter,17,6,0.15,0.2,0.05000000000000002,0.016648323130107882
P1_old_full_opt,9,winter,17,7,0.2,0.3,0.09999999999999998,0.01384140425057884
P1_old_full_opt,9,winter,17,8,0.3,0.5,0.2,0.008280998182905452
P1_old_full_opt,9,winter,18,0,0.0,0.01,0.01,0.02306556968668383
P1_old_full_opt,9,winter,18,1,0.01,0.025,0.015000000000000001,0.022589708062616582
P1_old_full_opt,9,winter,18,2,0.025,0.05,0.025,0.021829398415051937
P1_old_full_opt,9,winter,18,3,0.05,0.075,0.024999999999999994,0.0208807423135482
P1_old_full_opt,9,winter,18,4,0.075,0.1,0.02500000000000001,0.019934075088451346
P1_old_full_opt,9,winter,18,5,0.1,0.15,0.04999999999999999,0.018518029052123634
P1_old_full_opt,9,winter,18,6,0.15,0.2,0.05000000000000002,0.016636513061885065
P1_old_full_opt,9,winter,18,7,0.2,0.3,0.09999999999999998,0.013829786330636366
P1_old_full_opt,9,winter,18,8,0.3,0.5,0.2,0.008269757932962973
P1_old_full_opt,9,winter,19,0,0.0,0.01,0.01,0.022704801074316383
P1_old_full_opt,9,winter,19,1,0.01,0.025,0.015000000000000001,0.022229911967129125
P1_old_full_opt,9,winter,19,2,0.025,0.05,0.025,0.021471154336135667
P1_old_full_opt,9,winter,19,3,0.05,0.075,0.024999999999999994,0.02052443183162889
P1_old_full_opt,9,winter,19,4,0.075,0.1,0.02500000000000001,0.019579690837582257
P1_old_full_opt,9,winter,19,5,0.1,0.15,0.04999999999999999,0.018166519507323845
P1_old_full_opt,9,winter,19,6,0.15,0.2,0.05000000000000002,0.01628881231452938
P1_old_full_opt,9,winter,19,7,0.2,0.3,0.09999999999999998,0.013487741651168342
P1_old_full_opt,9,winter,19,8,0.3,0.5,0.2,0.007938830453052409
P1_old_full_opt,9,winter,20,0,0.0,0.01,0.01,0.0221238023421666
P1_old_full_opt,9,winter,20,1,0.01,0.025,0.015000000000000001,0.021650478624094895
P1_old_full_opt,9,winter,20,2,0.025,0.05,0.025,0.020894219219920185
P1_old_full_opt,9,winter,20,3,0.05,0.075,0.024999999999999994,0.019950609179685278
P1_old_full_opt,9,winter,20,4,0.075,0.1,0.02500000000000001,0.01900896879530433
P1_old_full_opt,9,winter,20,5,0.1,0.15,0.04999999999999999,0.01760042489524383
P1_old_full_opt,9,winter,20,6,0.15,0.2,0.05000000000000002,0.01572884882370617
P1_old_full_opt,9,winter,20,7,0.2,0.3,0.09999999999999998,0.012936883063972008
P1_old_full_opt,9,winter,20,8,0.3,0.5,0.2,0.007405868528716775
P1_old_full_opt,9,winter,21,0,0.0,0.01,0.01,0.021332722802411275
P1_old_full_opt,9,winter,21,1,0.01,0.025,0.015000000000000001,0.020861528953012666
P1_old_full_opt,9,winter,21,2,0.025,0.05,0.025,0.020108668691015685
P1_old_full_opt,9,winter,21,3,0.05,0.075,0.024999999999999994,0.01916929357883568
P1_old_full_opt,9,winter,21,4,0.075,0.1,0.02500000000000001,0.018231872058969138
P1_old_full_opt,9,winter,21,5,0.1,0.15,0.04999999999999999,0.01682962457105919
P1_old_full_opt,9,winter,21,6,0.15,0.2,0.05000000000000002,0.014966391109543226
P1_old_full_opt,9,winter,21,7,0.2,0.3,0.09999999999999998,0.012186814773688107
P1_old_full_opt,9,winter,21,8,0.3,0.5,0.2,0.0066801542594410734
P1_old_full_opt,9,winter,22,0,0.0,0.01,0.01,0.02052155732237826
P1_old_full_opt,9,winter,22,1,0.01,0.025,0.015000000000000001,0.02005254561825246
P1_old_full_opt,9,winter,22,2,0.025,0.05,0.025,0.019303167939793697
P1_old_full_opt,9,winter,22,3,0.05,0.075,0.024999999999999994,0.018368131755095444
P1_old_full_opt,9,winter,22,4,0.075,0.1,0.02500000000000001,0.01743503276308677
P1_old_full_opt,9,winter,22,5,0.1,0.15,0.04999999999999999,0.016039236535849714
P1_old_full_opt,9,winter,22,6,0.15,0.2,0.05000000000000002,0.014184551040517518
P1_old_full_opt,9,winter,22,7,0.2,0.3,0.09999999999999998,0.011417669549492472
P1_old_full_opt,9,winter,22,8,0.3,0.5,0.2,0.005935964976481606
P1_old_full_opt,9,winter,23,0,0.0,0.01,0.01,0.020256716621577797
P1_old_full_opt,9,winter,23,1,0.01,0.025,0.015000000000000001,0.019788416958316235
P1_old_full_opt,9,winter,23,2,0.025,0.05,0.025,0.019040175706692697
P1_old_full_opt,9,winter,23,3,0.05,0.075,0.024999999999999994,0.01810655538714179
P1_old_full_opt,9,winter,23,4,0.075,0.1,0.02500000000000001,0.01717486692310754
P1_old_full_opt,9,winter,23,5,0.1,0.15,0.04999999999999999,0.015781175893688774
P1_old_full_opt,9,winter,23,6,0.15,0.2,0.05000000000000002,0.01392927984647629
P1_old_full_opt,9,winter,23,7,0.2,0.3,0.09999999999999998,0.011166541152938804
P1_old_full_opt,9,winter,23,8,0.3,0.5,0.2,0.005692980961164995
P1_old_full_opt,9,shoulder,0,0,0.0,0.01,0.01,0.017672918118642744
P1_old_full_opt,9,shoulder,0,1,0.01,0.025,0.015000000000000001,0.0172115551732549
P1_old_full_opt,9,shoulder,0,2,0.025,0.05,0.025,0.016474384822297572
P1_old_full_opt,9,shoulder,0,3,0.05,0.075,0.024999999999999994,0.015554558090716823
P1_old_full_opt,9,shoulder,0,4,0.075,0.1,0.02500000000000001,0.014636611550175588
P1_old_full_opt,9,shoulder,0,5,0.1,0.15,0.04999999999999999,0.013263430867350993
P1_old_full_opt,9,shoulder,0,6,0.15,0.2,0.05000000000000002,0.011438712717999618
P1_old_full_opt,9,shoulder,0,7,0.2,0.3,0.09999999999999998,0.008716340317789785
P1_old_full_opt,9,shoulder,0,8,0.3,0.5,0.2,0.0033221455197973704
P1_old_full_opt,9,shoulder,1,0,0.0,0.01,0.01,0.01612956480653155
P1_old_full_opt,9,shoulder,1,1,0.01,0.025,0.015000000000000001,0.015672336611137944
P1_old_full_opt,9,shoulder,1,2,0.025,0.05,0.025,0.01494176542497061
P1_old_full_opt,9,shoulder,1,3,0.05,0.075,0.024999999999999994,0.014030161047589033
P1_old_full_opt,9,shoulder,1,4,0.075,0.1,0.02500000000000001,0.01312040635616129
P1_old_full_opt,9,shoulder,1,5,0.1,0.15,0.04999999999999999,0.01175945290200681
P1_old_full_opt,9,shoulder,1,6,0.15,0.2,0.05000000000000002,0.009950937783385069
P1_old_full_opt,9,shoulder,1,7,0.2,0.3,0.09999999999999998,0.007252633369228408
P1_old_full_opt,9,shoulder,1,8,0.3,0.5,0.2,0.0019057669211396816
P1_old_full_opt,9,shoulder,2,0,0.0,0.01,0.01,0.015495920568762978
P1_old_full_opt,9,shoulder,2,1,0.01,0.025,0.015000000000000001,0.015040388100915717
P1_old_full_opt,9,shoulder,2,2,0.025,0.05,0.025,0.01431252334561206
P1_old_full_opt,9,shoulder,2,3,0.05,0.075,0.024999999999999994,0.013404291176213338
P1_old_full_opt,9,shoulder,2,4,0.075,0.1,0.02500000000000001,0.012497896236172697
P1_old_full_opt,9,shoulder,2,5,0.1,0.15,0.04999999999999999,0.011141957704613738
P1_old_full_opt,9,shoulder,2,6,0.15,0.2,0.05000000000000002,0.009340088368470497
P1_old_full_opt,9,shoulder,2,7,0.2,0.3,0.09999999999999998,0.006651656081551329
P1_old_full_opt,9,shoulder,2,8,0.3,0.5,0.2,0.0013242042589578507
P1_old_full_opt,9,shoulder,3,0,0.0,0.01,0.01,0.015158314477192736
P1_old_full_opt,9,shoulder,3,1,0.01,0.025,0.015000000000000001,0.014703685049632929
P1_old_full_opt,9,shoulder,3,2,0.025,0.05,0.025,0.013977261600088275
P1_old_full_opt,9,shoulder,3,3,0.05,0.075,0.024999999999999994,0.013070825285626534
P1_old_full_opt,9,shoulder,3,4,0.075,0.1,0.02500000000000001,0.012166219600232005
P1_old_full_opt,9,shoulder,3,5,0.1,0.15,0.04999999999999999,0.010812951812938511
P1_old_full_opt,9,shoulder,3,6,0.15,0.2,0.05000000000000002,0.009014621796493701
P1_old_full_opt,9,shoulder,3,7,0.2,0.3,0.09999999999999998,0.006331447194489194
P1_old_full_opt,9,shoulder,3,8,0.3,0.5,0.2,0.001014335571996941
P1_old_full_opt,9,shoulder,4,0,0.0,0.01,0.01,0.015015219545930214
P1_old_full_opt,9,shoulder,4,1,0.01,0.025,0.015000000000000001,0.01456097278306941
P1_old_full_opt,9,shoulder,4,2,0.025,0.05,0.025,0.013835160085148845
P1_old_full_opt,9,shoulder,4,3,0.05,0.075,0.024999999999999994,0.01292948477495948
P1_old_full_opt,9,shoulder,4,4,0.075,0.1,0.02500000000000001,0.012025637287404464
P1_old_full_opt,9,shoulder,4,5,0.1,0.15,0.04999999999999999,0.010673501248900654
P1_old_full_opt,9,shoulder,4,6,0.15,0.2,0.05000000000000002,0.008876671056375903
P1_old_full_opt,9,shoulder,4,7,0.2,0.3,0.09999999999999998,0.006195724473549715
P1_old_full_opt,9,shoulder,4,8,0.3,0.5,0.2,0.0008829947432555108
P1_old_full_opt,9,shoulder,5,0,0.0,0.01,0.01,0.01513866033431982
P1_old_full_opt,9,shoulder,5,1,0.01,0.025,0.015000000000000001,0.01468408346694446
P1_old_full_opt,9,shoulder,5,2,0.025,0.05,0.025,0.013957743907206943
P1_old_full_opt,9,shoulder,5,3,0.05,0.075,0.024999999999999994,0.013051412128669563
P1_old_full_opt,9,shoulder,5,4,0.075,0.1,0.02500000000000001,0.01214691058282202
P1_old_full_opt,9,shoulder,5,5,0.1,0.15,0.04999999999999999,0.01079379825370347
P1_old_full_opt,9,shoulder,5,6,0.15,0.2,0.05000000000000002,0.008995674248809257
P1_old_full_opt,9,shoulder,5,7,0.2,0.3,0.09999999999999998,0.006312805682613805
P1_old_full_opt,9,shoulder,5,8,0.3,0.5,0.2,0.000996295944157219
P1_old_full_opt,9,shoulder,6,0,0.0,0.01,0.01,0.01560874134714646
P1_old_full_opt,9,shoulder,6,1,0.01,0.025,0.015000000000000001,0.015152907034203984
P1_old_full_opt,9,shoulder,6,2,0.025,0.05,0.025,0.014424560522964813
P1_old_full_opt,9,shoulder,6,3,0.05,0.075,0.024999999999999994,0.013515728078380421
P1_old_full_opt,9,shoulder,6,4,0.075,0.1,0.02500000000000001,0.012608735081811592
P1_old_full_opt,9,shoulder,6,5,0.1,0.15,0.04999999999999999,0.011251903857909808
P1_old_full_opt,9,shoulder,6,6,0.15,0.2,0.05000000000000002,0.009448851513358388
P1_old_full_opt,9,shoulder,6,7,0.2,0.3,0.09999999999999998,0.0067586618821759165
P1_old_full_opt,9,shoulder,6,8,0.3,0.5,0.2,0.001427753977218879
P1_old_full_opt,9,shoulder,7,0,0.0,0.01,0.01,0.01653074025805973
P1_old_full_opt,9,shoulder,7,1,0.01,0.025,0.015000000000000001,0.01607243791458083
P1_old_full_opt,9,shoulder,7,2,0.025,0.05,0.025,0.015340152327320555
P1_old_full_opt,9,shoulder,7,3,0.05,0.075,0.024999999999999994,0.014426411848121327
P1_old_full_opt,9,shoulder,7,4,0.075,0.1,0.02500000000000001,0.013514528961920952
P1_old_full_opt,9,shoulder,7,5,0.1,0.15,0.04999999999999999,0.012150398901937257
P1_old_full_opt,9,shoulder,7,6,0.15,0.2,0.05000000000000002,0.01033767420226622
P1_old_full_opt,9,shoulder,7,7,0.2,0.3,0.09999999999999998,0.0076331167150596475
P1_old_full_opt,9,shoulder,7,8,0.3,0.5,0.2,0.002273953406217444
P1_old_full_opt,9,shoulder,8,0,0.0,0.01,0.01,0.017704692765697916
P1_old_full_opt,9,shoulder,8,1,0.01,0.025,0.015000000000000001,0.017243244622839694
P1_old_full_opt,9,shoulder,8,2,0.025,0.05,0.025,0.01650593829985003
P1_old_full_opt,9,shoulder,8,3,0.05,0.075,0.024999999999999994,0.01558594215542886
P1_old_full_opt,9,shoulder,8,4,0.075,0.1,0.02500000000000001,0.014667826834419135
P1_old_full_opt,9,shoulder,8,5,0.1,0.15,0.04999999999999999,0.01329439422891349
P1_old_full_opt,9,shoulder,8,6,0.15,0.2,0.05000000000000002,0.011469342248389133
P1_old_full_opt,9,shoulder,8,7,0.2,0.3,0.09999999999999998,0.008746473995274314
P1_old_full_opt,9,shoulder,8,8,0.3,0.5,0.2,0.003351304190113702
P1_old_full_opt,9,shoulder,9,0,0.0,0.01,0.01,0.01880928060192799
P1_old_full_opt,9,shoulder,9,1,0.01,0.025,0.015000000000000001,0.018344869142393007
P1_old_full_opt,9,shoulder,9,2,0.025,0.05,0.025,0.017602833333162926
P1_old_full_opt,9,shoulder,9,3,0.05,0.075,0.024999999999999994,0.016676944518786433
P1_old_full_opt,9,shoulder,9,4,0.075,0.1,0.02500000000000001,0.01575295852226432
P1_old_full_opt,9,shoulder,9,5,0.1,0.15,0.04999999999999999,0.014370763568897774
P1_old_full_opt,9,shoulder,9,6,0.15,0.2,0.05000000000000002,0.012534100528344135
P1_old_full_opt,9,shoulder,9,7,0.2,0.3,0.09999999999999998,0.00979398625302372
P1_old_full_opt,9,shoulder,9,8,0.3,0.5,0.2,0.004364906666706331
P1_old_full_opt,9,shoulder,10,0,0.0,0.01,0.01,0.01884730854233574
P1_old_full_opt,9,shoulder,10,1,0.01,0.025,0.015000000000000001,0.018382795000846754
P1_old_full_opt,9,shoulder,10,2,0.025,0.05,0.025,0.017640596275408926
P1_old_full_opt,9,shoulder,10,3,0.05,0.075,0.024999999999999994,0.016714504475053297
P1_old_full_opt,9,shoulder,10,4,0.075,0.1,0.02500000000000001,0.015790316256327756
P1_old_full_opt,9,shoulder,10,5,0.1,0.15,0.04999999999999999,0.014407819475287246
P1_old_full_opt,9,shoulder,10,6,0.15,0.2,0.05000000000000002,0.012570756483303299
P1_old_full_opt,9,shoulder,10,7,0.2,0.3,0.09999999999999998,0.009830048178183922
P1_old_full_opt,9,shoulder,10,8,0.3,0.5,0.2,0.004399800636054052
P1_old_full_opt,9,shoulder,11,0,0.0,0.01,0.01,0.0185143746959035
P1_old_full_opt,9,shoulder,11,1,0.01,0.025,0.015000000000000001,0.01805075471962847
P1_old_full_opt,9,shoulder,11,2,0.025,0.05,0.025,0.01730998211483037
P1_old_full_opt,9,shoulder,11,3,0.05,0.075,0.024999999999999994,0.01638566717276913
P1_old_full_opt,9,shoulder,11,4,0.075,0.1,0.02500000000000001,0.015463249165478804
P1_old_full_opt,9,shoulder,11,5,0.1,0.15,0.04999999999999999,0.014083394511357209
P1_old_full_opt,9,shoulder,11,6,0.15,0.2,0.05000000000000002,0.012249832581024408
P1_old_full_opt,9,shoulder,11,7,0.2,0.3,0.09999999999999998,0.00951432433652852
P1_old_full_opt,9,shoulder,11,8,0.3,0.5,0.2,0.0040943010159563
P1_old_full_opt,9,shoulder,12,0,0.0,0.01,0.01,0.017915844992218155
P1_old_full_opt,9,shoulder,12,1,0.01,0.025,0.015000000000000001,0.017453830659059734
P1_old_full_opt,9,shoulder,12,2,0.025,0.05,0.025,0.016715620652279495
P1_old_full_opt,9,shoulder,12,3,0.05,0.075,0.024999999999999994,0.015794498567363594
P1_old_full_opt,9,shoulder,12,4,0.075,0.1,0.02500000000000001,0.014875261497859777
P1_old_full_opt,9,shoulder,12,5,0.1,0.15,0.04999999999999999,0.013500154604095541
P1_old_full_opt,9,shoulder,12,6,0.15,0.2,0.05000000000000002,0.01167288397464383
P1_old_full_opt,9,shoulder,12,7,0.2,0.3,0.09999999999999998,0.008946720275712918
P1_old_full_opt,9,shoulder,12,8,0.3,0.5,0.2,0.00354507061944051
P1_old_full_opt,9,shoulder,13,0,0.0,0.01,0.01,0.01707418968615315
P1_old_full_opt,9,shoulder,13,1,0.01,0.025,0.015000000000000001,0.016614431546225585
P1_old_full_opt,9,shoulder,13,2,0.025,0.05,0.025,0.01587982247332087
P1_old_full_opt,9,shoulder,13,3,0.05,0.075,0.024999999999999994,0.014963187007168702
P1_old_full_opt,9,shoulder,13,4,0.075,0.1,0.02500000000000001,0.01404841986331728
P1_old_full_opt,9,shoulder,13,5,0.1,0.15,0.04999999999999999,0.012679984720616048
P1_old_full_opt,9,shoulder,13,6,0.15,0.2,0.05000000000000002,0.010861555088911286
P1_old_full_opt,9,shoulder,13,7,0.2,0.3,0.09999999999999998,0.008148523455245445
P1_old_full_opt,9,shoulder,13,8,0.3,0.5,0.2,0.002772696083019402
P1_old_full_opt,9,shoulder,14,0,0.0,0.01,0.01,0.017967985961321598
P1_old_full_opt,9,shoulder,14,1,0.01,0.025,0.015000000000000001,0.017505831782176535
P1_old_full_opt,9,shoulder,14,2,0.025,0.05,0.025,0.016767398595818328
P1_old_full_opt,9,shoulder,14,3,0.05,0.075,0.024999999999999994,0.01584599844417667
P1_old_full_opt,9,shoulder,14,4,0.075,0.1,0.02500000000000001,0.014926484337953178
P1_old_full_opt,9,shoulder,14,5,0.1,0.15,0.04999999999999999,0.013550963948322507
P1_old_full_opt,9,shoulder,14,6,0.15,0.2,0.05000000000000002,0.011723145392733
P1_old_full_opt,9,shoulder,14,7,0.2,0.3,0.09999999999999998,0.00899616783750515
P1_old_full_opt,9,shoulder,14,8,0.3,0.5,0.2,0.0035929179075428613
P1_old_full_opt,9,shoulder,15,0,0.0,0.01,0.01,0.018499800290061597
P1_old_full_opt,9,shoulder,15,1,0.01,0.025,0.015000000000000001,0.018036219421962985
P1_old_full_opt,9,shoulder,15,2,0.025,0.05,0.025,0.01729550923802725
P1_old_full_opt,9,shoulder,15,3,0.05,0.075,0.024999999999999994,0.016371272066555424
P1_old_full_opt,9,shoulder,15,4,0.075,0.1,0.02500000000000001,0.015448931537386796
P1_old_full_opt,9,shoulder,15,5,0.1,0.15,0.04999999999999999,0.014069192526403877
P1_old_full_opt,9,shoulder,15,6,0.15,0.2,0.05000000000000002,0.012235783830314147
P1_old_full_opt,9,shoulder,15,7,0.2,0.3,0.09999999999999998,0.009500503188925176
P1_old_full_opt,9,shoulder,15,8,0.3,0.5,0.2,0.0040809273777734495
P1_old_full_opt,9,shoulder,16,0,0.0,0.01,0.01,0.019005441479261198
P1_old_full_opt,9,shoulder,16,1,0.01,0.025,0.015000000000000001,0.018540503413363996
P1_old_full_opt,9,shoulder,16,2,0.025,0.05,0.025,0.017797627159854
P1_old_full_opt,9,shoulder,16,3,0.05,0.075,0.024999999999999994,0.016870691200623348
P1_old_full_opt,9,shoulder,16,4,0.075,0.1,0.02500000000000001,0.015945661984466668
P1_old_full_opt,9,shoulder,16,5,0.1,0.15,0.04999999999999999,0.014561909986740288
P1_old_full_opt,9,shoulder,16,6,0.15,0.2,0.05000000000000002,0.012723183722382899
P1_old_full_opt,9,shoulder,16,7,0.2,0.3,0.09999999999999998,0.009980005018747908
P1_old_full_opt,9,shoulder,16,8,0.3,0.5,0.2,0.004544900337785512
P1_old_full_opt,9,shoulder,17,0,0.0,0.01,0.01,0.019702739609929465
P1_old_full_opt,9,shoulder,17,1,0.01,0.025,0.015000000000000001,0.019235928754695226
P1_old_full_opt,9,shoulder,17,2,0.025,0.05,0.025,0.018490063589229888
P1_old_full_opt,9,shoulder,17,3,0.05,0.075,0.024999999999999994,0.017559403670270316
P1_old_full_opt,9,shoulder,17,4,0.075,0.1,0.02500000000000001,0.016630664467539018
P1_old_full_opt,9,shoulder,17,5,0.1,0.15,0.04999999999999999,0.015241375221197177
P1_old_full_opt,9,shoulder,17,6,0.15,0.2,0.05000000000000002,0.013395311727910636
P1_old_full_opt,9,shoulder,17,7,0.2,0.3,0.09999999999999998,0.010641235511494042
P1_old_full_opt,9,shoulder,17,8,0.3,0.5,0.2,0.005184705539984583
P1_old_full_opt,9,shoulder,18,0,0.0,0.01,0.01,0.019906757345722337
P1_old_full_opt,9,shoulder,18,1,0.01,0.025,0.015000000000000001,0.01943939829297155
P1_old_full_opt,9,shoulder,18,2,0.025,0.05,0.025,0.018692658222709824
P1_old_full_opt,9,shoulder,18,3,0.05,0.075,0.024999999999999994,0.017760908243331656
P1_old_full_opt,9,shoulder,18,4,0.075,0.1,0.02500000000000001,0.016831083078259194
P1_old_full_opt,9,shoulder,18,5,0.1,0.15,0.04999999999999999,0.015440173022100438
P1_old_full_opt,9,shoulder,18,6,0.15,0.2,0.05000000000000002,0.013591961880642095
P1_old_full_opt,9,shoulder,18,7,0.2,0.3,0.09999999999999998,0.010834695956995074
P1_old_full_opt,9,shoulder,18,8,0.3,0.5,0.2,0.0053718950163733625
P1_old_full_opt,9,shoulder,19,0,0.0,0.01,0.01,0.020057846564727755
P1_old_full_opt,9,shoulder,19,1,0.01,0.025,0.015000000000000001,0.0195900814639142
P1_old_full_opt,9,shoulder,19,2,0.025,0.05,0.025,0.01884269334884614
P1_old_full_opt,9,shoulder,19,3,0.05,0.075,0.024999999999999994,0.01791013596233904
P1_old_full_opt,9,shoulder,19,4,0.075,0.1,0.02500000000000001,0.0169795064264111
P1_old_full_opt,9,shoulder,19,5,0.1,0.15,0.04999999999999999,0.01558739584746172
P1_old_full_opt,9,shoulder,19,6,0.15,0.2,0.05000000000000002,0.01373759395315421
P1_old_full_opt,9,shoulder,19,7,0.2,0.3,0.09999999999999998,0.01097796546053201
P1_old_full_opt,9,shoulder,19,8,0.3,0.5,0.2,0.005510519764177074
P1_old_full_opt,9,shoulder,20,0,0.0,0.01,0.01,0.019894917774246346
P1_old_full_opt,9,shoulder,20,1,0.01,0.025,0.015000000000000001,0.019427590529256612
P1_old_full_opt,9,shoulder,20,2,0.025,0.05,0.025,0.01868090124370947
P1_old_full_opt,9,shoulder,20,3,0.05,0.075,0.024999999999999994,0.017749214527176264
P1_old_full_opt,9,shoulder,20,4,0.075,0.1,0.02500000000000001,0.016819452393109773
P1_old_full_opt,9,shoulder,20,5,0.1,0.15,0.04999999999999999,0.015428636402454735
P1_old_full_opt,9,shoulder,20,6,0.15,0.2,0.05000000000000002,0.01358054990274859
P1_old_full_opt,9,shoulder,20,7,0.2,0.3,0.09999999999999998,0.01082346910008178
P1_old_full_opt,9,shoulder,20,8,0.3,0.5,0.2,0.005361032106582925
P1_old_full_opt,9,shoulder,21,0,0.0,0.01,0.01,0.019275488597428336
P1_old_full_opt,9,shoulder,21,1,0.01,0.025,0.015000000000000001,0.018809825409928555
P1_old_full_opt,9,shoulder,21,2,0.025,0.05,0.025,0.01806579186650059
P1_old_full_opt,9,shoulder,21,3,0.05,0.075,0.024999999999999994,0.017137414018045253
P1_old_full_opt,9,shoulder,21,4,0.075,0.1,0.02500000000000001,0.01621094831421254
P1_old_full_opt,9,shoulder,21,5,0.1,0.15,0.04999999999999999,0.014825052306208512
P1_old_full_opt,9,shoulder,21,6,0.15,0.2,0.05000000000000002,0.01298348507257879
P1_old_full_opt,9,shoulder,21,7,0.2,0.3,0.09999999999999998,0.010236086817046882
P1_old_full_opt,9,shoulder,21,8,0.3,0.5,0.2,0.0047926860609974475
P1_old_full_opt,9,shoulder,22,0,0.0,0.01,0.01,0.018587281909689113
P1_old_full_opt,9,shoulder,22,1,0.01,0.025,0.015000000000000001,0.0181234662796792
P1_old_full_opt,9,shoulder,22,2,0.025,0.05,0.025,0.017382381419346338
P1_old_full_opt,9,shoulder,22,3,0.05,0.075,0.024999999999999994,0.016457677428111665
P1_old_full_opt,9,shoulder,22,4,0.075,0.1,0.02500000000000001,0.015534871820278568
P1_old_full_opt,9,shoulder,22,5,0.1,0.15,0.04999999999999999,0.014154438653884997
P1_old_full_opt,9,shoulder,22,6,0.15,0.2,0.05000000000000002,0.012320110137291892
P1_old_full_opt,9,shoulder,22,7,0.2,0.3,0.09999999999999998,0.009583463293912632
P1_old_full_opt,9,shoulder,22,8,0.3,0.5,0.2,0.004161201265986611
P1_old_full_opt,9,shoulder,23,0,0.0,0.01,0.01,0.018133297872653664
P1_old_full_opt,9,shoulder,23,1,0.01,0.025,0.015000000000000001,0.017670700299919163
P1_old_full_opt,9,shoulder,23,2,0.025,0.05,0.025,0.016931559455792833
P1_old_full_opt,9,shoulder,23,3,0.05,0.075,0.024999999999999994,0.016009277584287388
P1_old_full_opt,9,shoulder,23,4,0.075,0.1,0.02500000000000001,0.015088885059756358
P1_old_full_opt,9,shoulder,23,5,0.1,0.15,0.04999999999999999,0.01371205355945954
P1_old_full_opt,9,shoulder,23,6,0.15,0.2,0.05000000000000002,0.011882497629733531
P1_old_full_opt,9,shoulder,23,7,0.2,0.3,0.09999999999999998,0.00915293951624971
P1_old_full_opt,9,shoulder,23,8,0.3,0.5,0.2,0.0037446155083994265
P2_dev_run1,1,summer,0,0,0.0,0.5,0.5,0.008578433720162093
P2_dev_run1,1,summer,1,0,0.0,0.5,0.5,0.006861390452801819
P2_dev_run1,1,summer,2,0,0.0,0.5,0.5,0.006135486270119117
P2_dev_run1,1,summer,3,0,0.0,0.5,0.5,0.005694741516691498
P2_dev_run1,1,summer,4,0,0.0,0.5,0.5,0.00543192512718646
P2_dev_run1,1,summer,5,0,0.0,0.5,0.5,0.005412990345789015
P2_dev_run1,1,summer,6,0,0.0,0.5,0.5,0.005689314427331421
P2_dev_run1,1,summer,7,0,0.0,0.5,0.5,0.006581257373728028
P2_dev_run1,1,summer,8,0,0.0,0.5,0.5,0.00801343623039047
P2_dev_run1,1,summer,9,0,0.0,0.5,0.5,0.009901722228688736
P2_dev_run1,1,summer,10,0,0.0,0.5,0.5,0.010976691197772226
P2_dev_run1,1,summer,11,0,0.0,0.5,0.5,0.011317683939181755
P2_dev_run1,1,summer,12,0,0.0,0.5,0.5,0.011175925125274877
P2_dev_run1,1,summer,13,0,0.0,0.5,0.5,0.0106197767258992
P2_dev_run1,1,summer,14,0,0.0,0.5,0.5,0.0115263964862784
P2_dev_run1,1,summer,15,0,0.0,0.5,0.5,0.01199489114505381
P2_dev_run1,1,summer,16,0,0.0,0.5,0.5,0.012252013861453914
P2_dev_run1,1,summer,17,0,0.0,0.5,0.5,0.012706719013686252
P2_dev_run1,1,summer,18,0,0.0,0.5,0.5,0.012662613523375332
P2_dev_run1,1,summer,19,0,0.0,0.5,0.5,0.012512818206444232
P2_dev_run1,1,summer,20,0,0.0,0.5,0.5,0.012328124747608249
P2_dev_run1,1,summer,21,0,0.0,0.5,0.5,0.011642561282614872
P2_dev_run1,1,summer,22,0,0.0,0.5,0.5,0.010510689079505364
P2_dev_run1,1,summer,23,0,0.0,0.5,0.5,0.009500921120996764
P2_dev_run1,1,winter,0,0,0.0,0.5,0.5,0.009515102524668084
P2_dev_run1,1,winter,1,0,0.0,0.5,0.5,0.008052475805303383
P2_dev_run1,1,winter,2,0,0.0,0.5,0.5,0.0073413830836790706
P2_dev_run1,1,winter,3,0,0.0,0.5,0.5,0.006935696625333998
P2_dev_run1,1,winter,4,0,0.0,0.5,0.5,0.006770659037672405
P2_dev_run1,1,winter,5,0,0.0,0.5,0.5,0.006921931372119938
P2_dev_run1,1,winter,6,0,0.0,0.5,0.5,0.007457645570945803
P2_dev_run1,1,winter,7,0,0.0,0.5,0.5,0.00860369276006262
P2_dev_run1,1,winter,8,0,0.0,0.5,0.5,0.01042466285282767
P2_dev_run1,1,winter,9,0,0.0,0.5,0.5,0.012612653715515232
P2_dev_run1,1,winter,10,0,0.0,0.5,0.5,0.012768503440173773
P2_dev_run1,1,winter,11,0,0.0,0.5,0.5,0.012178891811060355
P2_dev_run1,1,winter,12,0,0.0,0.5,0.5,0.011285840700411942
P2_dev_run1,1,winter,13,0,0.0,0.5,0.5,0.009975829840815353
P2_dev_run1,1,winter,14,0,0.0,0.5,0.5,0.010740505015696011
P2_dev_run1,1,winter,15,0,0.0,0.5,0.5,0.01114702272530238
P2_dev_run1,1,winter,16,0,0.0,0.5,0.5,0.01157574787488852
P2_dev_run1,1,winter,17,0,0.0,0.5,0.5,0.012213982876064733
P2_dev_run1,1,winter,18,0,0.0,0.5,0.5,0.01220228431228898
P2_dev_run1,1,winter,19,0,0.0,0.5,0.5,0.011857869162000045
P2_dev_run1,1,winter,20,0,0.0,0.5,0.5,0.011303208315640856
P2_dev_run1,1,winter,21,0,0.0,0.5,0.5,0.01054799329689493
P2_dev_run1,1,winter,22,0,0.0,0.5,0.5,0.009773607200496415
P2_dev_run1,1,winter,23,0,0.0,0.5,0.5,0.009520775731281905
P2_dev_run1,1,shoulder,0,0,0.0,0.5,0.5,0.00705416892119648
P2_dev_run1,1,shoulder,1,0,0.0,0.5,0.5,0.005580845158976194
P2_dev_run1,1,shoulder,2,0,0.0,0.5,0.5,0.004975959549643527
P2_dev_run1,1,shoulder,3,0,0.0,0.5,0.5,0.00465367786270085
P2_dev_run1,1,shoulder,4,0,0.0,0.5,0.5,0.004517078591815243
P2_dev_run1,1,shoulder,5,0,0.0,0.5,0.5,0.004634915885694202
P2_dev_run1,1,shoulder,6,0,0.0,0.5,0.5,0.005083659518438061
P2_dev_run1,1,shoulder,7,0,0.0,0.5,0.5,0.005963815022095226
P2_dev_run1,1,shoulder,8,0,0.0,0.5,0.5,0.007084502034673229
P2_dev_run1,1,shoulder,9,0,0.0,0.5,0.5,0.008138983318359272
P2_dev_run1,1,shoulder,10,0,0.0,0.5,0.5,0.008175286411568922
P2_dev_run1,1,shoulder,11,0,0.0,0.5,0.5,0.00785745395408638
P2_dev_run1,1,shoulder,12,0,0.0,0.5,0.5,0.0072860751007117475
P2_dev_run1,1,shoulder,13,0,0.0,0.5,0.5,0.006482604972409517
P2_dev_run1,1,shoulder,14,0,0.0,0.5,0.5,0.007335850686502693
P2_dev_run1,1,shoulder,15,0,0.0,0.5,0.5,0.007843540644612956
P2_dev_run1,1,shoulder,16,0,0.0,0.5,0.5,0.008326246995404796
P2_dev_run1,1,shoulder,17,0,0.0,0.5,0.5,0.008991920552872318
P2_dev_run1,1,shoulder,18,0,0.0,0.5,0.5,0.009186686191924365
P2_dev_run1,1,shoulder,19,0,0.0,0.5,0.5,0.009330923803039626
P2_dev_run1,1,shoulder,20,0,0.0,0.5,0.5,0.009175383528176428
P2_dev_run1,1,shoulder,21,0,0.0,0.5,0.5,0.008584046205008966
P2_dev_run1,1,shoulder,22,0,0.0,0.5,0.5,0.007927054122890465
P2_dev_run1,1,shoulder,23,0,0.0,0.5,0.5,0.007493663391213851
P2_dev_run1,2,summer,0,0,0.0,0.025,0.025,0.019293425176391543
P2_dev_run1,2,summer,0,1,0.025,0.5,0.475,0.008014486801413175
P2_dev_run1,2,summer,1,0,0.0,0.025,0.025,0.017459659837069097
P2_dev_run1,2,summer,1,1,0.025,0.5,0.475,0.006303586800998278
P2_dev_run1,2,summer,2,0,0.0,0.025,0.025,0.01668448319685878
P2_dev_run1,2,summer,2,1,0.025,0.5,0.475,0.005580275905553872
P2_dev_run1,2,summer,3,0,0.0,0.025,0.025,0.016213843029105335
P2_dev_run1,2,summer,3,1,0.025,0.5,0.475,0.0051411045949855076
P2_dev_run1,2,summer,4,0,0.0,0.025,0.025,0.015933207572404462
P2_dev_run1,2,summer,4,1,0.025,0.5,0.475,0.004879226051122355
P2_dev_run1,2,summer,5,0,0.0,0.025,0.025,0.0159129892224108
P2_dev_run1,2,summer,5,1,0.025,0.5,0.475,0.004860358825966816
P2_dev_run1,2,summer,6,0,0.0,0.025,0.025,0.016208047920570623
P2_dev_run1,2,summer,6,1,0.025,0.5,0.475,0.005135696875055674
P2_dev_run1,2,summer,7,0,0.0,0.025,0.025,0.017160506916038543
P2_dev_run1,2,summer,7,1,0.025,0.5,0.475,0.006024454766238001
P2_dev_run1,2,summer,8,0,0.0,0.025,0.025,0.018689992929891708
P2_dev_run1,2,summer,8,1,0.025,0.5,0.475,0.007451512193574615
P2_dev_run1,2,summer,9,0,0.0,0.025,0.025,0.02070683672887763
P2_dev_run1,2,summer,9,1,0.025,0.5,0.475,0.00933303199183669
P2_dev_run1,2,summer,10,0,0.0,0.025,0.025,0.02185512523747768
P2_dev_run1,2,summer,10,1,0.025,0.5,0.475,0.01040414203778773
P2_dev_run1,2,summer,11,0,0.0,0.025,0.025,0.022219396192431073
P2_dev_run1,2,summer,11,1,0.025,0.5,0.475,0.01074390961006337
P2_dev_run1,2,summer,12,0,0.0,0.025,0.025,0.022067958877067806
P2_dev_run1,2,summer,12,1,0.025,0.5,0.475,0.010602660190969986
P2_dev_run1,2,summer,13,0,0.0,0.025,0.025,0.021473856175482364
P2_dev_run1,2,summer,13,1,0.025,0.5,0.475,0.010048509386447455
P2_dev_run1,2,summer,14,0,0.0,0.025,0.025,0.022442361574510628
P2_dev_run1,2,summer,14,1,0.025,0.5,0.475,0.01095187200795039
P2_dev_run1,2,summer,15,0,0.0,0.025,0.025,0.022942862874191228
P2_dev_run1,2,summer,15,1,0.025,0.5,0.475,0.011418682106678157
P2_dev_run1,2,summer,16,0,0.0,0.025,0.025,0.023217559647050745
P2_dev_run1,2,summer,16,1,0.025,0.5,0.475,0.011674879872738292
P2_dev_run1,2,summer,17,0,0.0,0.025,0.025,0.023703357185331786
P2_dev_run1,2,summer,17,1,0.025,0.5,0.475,0.012127948583599646
P2_dev_run1,2,summer,18,0,0.0,0.025,0.025,0.02365623502515679
P2_dev_run1,2,summer,18,1,0.025,0.5,0.475,0.012084001865386836
P2_dev_run1,2,summer,19,0,0.0,0.025,0.025,0.023496195434467015
P2_dev_run1,2,summer,19,1,0.025,0.5,0.475,0.011934745720758822
P2_dev_run1,2,summer,20,0,0.0,0.025,0.025,0.02329887370835504
P2_dev_run1,2,summer,20,1,0.025,0.5,0.475,0.011750716907568945
P2_dev_run1,2,summer,21,0,0.0,0.025,0.025,0.0225664607882492
P2_dev_run1,2,summer,21,1,0.025,0.5,0.475,0.01106761920337096
P2_dev_run1,2,summer,22,0,0.0,0.025,0.025,0.021357326913613583
P2_dev_run1,2,summer,22,1,0.025,0.5,0.475,0.009939813404025985
P2_dev_run1,2,summer,23,0,0.0,0.025,0.025,0.02027872341457848
P2_dev_run1,2,summer,23,1,0.025,0.5,0.475,0.008933668368702989
P2_dev_run1,2,winter,0,0,0.0,0.025,0.025,0.02029387096376789
P2_dev_run1,2,winter,0,1,0.025,0.5,0.475,0.0089477989226102
P2_dev_run1,2,winter,1,0,0.0,0.025,0.025,0.018731687373736983
P2_dev_run1,2,winter,1,1,0.025,0.5,0.475,0.00749041203854372
P2_dev_run1,2,winter,2,0,0.0,0.025,0.025,0.01797225701011984
P2_dev_run1,2,winter,2,1,0.025,0.5,0.475,0.006781863403340083
P2_dev_run1,2,winter,3,0,0.0,0.025,0.025,0.0175390121703084
P2_dev_run1,2,winter,3,1,0.025,0.5,0.475,0.006377627386124819
P2_dev_run1,2,winter,4,0,0.0,0.025,0.025,0.017362767436367443
P2_dev_run1,2,winter,4,1,0.025,0.5,0.475,0.006213179648267403
P2_dev_run1,2,winter,5,0,0.0,0.025,0.025,0.017524312080195448
P2_dev_run1,2,winter,5,1,0.025,0.5,0.475,0.006363911334852807
P2_dev_run1,2,winter,6,0,0.0,0.025,0.025,0.01809641975032361
P2_dev_run1,2,winter,6,1,0.025,0.5,0.475,0.006897710087820656
P2_dev_run1,2,winter,7,0,0.0,0.025,0.025,0.019320403119089113
P2_dev_run1,2,winter,7,1,0.025,0.5,0.475,0.008039655372745437
P2_dev_run1,2,winter,8,0,0.0,0.025,0.025,0.021265432964939768
P2_dev_run1,2,winter,8,1,0.025,0.5,0.475,0.009854096004821771
P2_dev_run1,2,winter,9,0,0.0,0.025,0.025,0.023602858328406473
P2_dev_run1,2,winter,9,1,0.025,0.5,0.475,0.012034221893784114
P2_dev_run1,2,winter,10,0,0.0,0.025,0.025,0.02376936774366567
P2_dev_run1,2,winter,10,1,0.025,0.5,0.475,0.012189510582095253
P2_dev_run1,2,winter,11,0,0.0,0.025,0.025,0.02313943921129491
P2_dev_run1,2,winter,11,1,0.025,0.5,0.475,0.011602020895258537
P2_dev_run1,2,winter,12,0,0.0,0.025,0.025,0.022185378725179117
P2_dev_run1,2,winter,12,1,0.025,0.5,0.475,0.010712180804371564
P2_dev_run1,2,winter,13,0,0.0,0.025,0.025,0.020785995815850722
P2_dev_run1,2,winter,13,1,0.025,0.5,0.475,0.009406873736866123
P2_dev_run1,2,winter,14,0,0.0,0.025,0.025,0.021602821331705435
P2_dev_run1,2,winter,14,1,0.025,0.5,0.475,0.010168804156958674
P2_dev_run1,2,winter,15,0,0.0,0.025,0.025,0.022037083386662326
P2_dev_run1,2,winter,15,1,0.025,0.5,0.475,0.010573861637862383
P2_dev_run1,2,winter,16,0,0.0,0.025,0.025,0.02249508367481723
P2_dev_run1,2,winter,16,1,0.025,0.5,0.475,0.011001045990681746
P2_dev_run1,2,winter,17,0,0.0,0.025,0.025,0.023176928931190055
P2_dev_run1,2,winter,17,1,0.025,0.5,0.475,0.011636985715268664
P2_dev_run1,2,winter,18,0,0.0,0.025,0.025,0.023164430703563887
P2_dev_run1,2,winter,18,1,0.025,0.5,0.475,0.011625329239063986
P2_dev_run1,2,winter,19,0,0.0,0.025,0.025,0.022796477885842492
P2_dev_run1,2,winter,19,1,0.025,0.5,0.475,0.01128215291337676
P2_dev_run1,2,winter,20,0,0.0,0.025,0.025,0.022203932179456487
P2_dev_run1,2,winter,20,1,0.025,0.5,0.475,0.01072948600701898
P2_dev_run1,2,winter,21,0,0.0,0.025,0.025,0.021397175794610757
P2_dev_run1,2,winter,21,1,0.025,0.5,0.475,0.009976983691751993
P2_dev_run1,2,winter,22,0,0.0,0.025,0.025,0.02056998995803694
P2_dev_run1,2,winter,22,1,0.025,0.5,0.475,0.009205376529046913
P2_dev_run1,2,winter,23,0,0.0,0.025,0.025,0.020299930679970046
P2_dev_run1,2,winter,23,1,0.025,0.5,0.475,0.008953451786614108
P2_dev_run1,2,shoulder,0,0,0.0,0.025,0.025,0.017665530909703464
P2_dev_run1,2,shoulder,0,1,0.025,0.5,0.475,0.006495676184959271
P2_dev_run1,2,shoulder,1,0,0.0,0.025,0.025,0.016092223751579815
P2_dev_run1,2,shoulder,1,1,0.025,0.5,0.475,0.0050276147067338985
P2_dev_run1,2,shoulder,2,0,0.0,0.025,0.025,0.015446340754131094
P2_dev_run1,2,shoulder,2,1,0.025,0.5,0.475,0.004424886854670498
P2_dev_run1,2,shoulder,3,0,0.0,0.025,0.025,0.01510222796071825
P2_dev_run1,2,shoulder,3,1,0.025,0.5,0.475,0.0041037541733315135
P2_dev_run1,2,shoulder,4,0,0.0,0.025,0.025,0.014956378120676295
P2_dev_run1,2,shoulder,4,1,0.025,0.5,0.475,0.003967641774506767
P2_dev_run1,2,shoulder,5,0,0.0,0.025,0.025,0.015082195322876357
P2_dev_run1,2,shoulder,5,1,0.025,0.5,0.475,0.004085059073210931
P2_dev_run1,2,shoulder,6,0,0.0,0.025,0.025,0.015561338119036705
P2_dev_run1,2,shoulder,6,1,0.025,0.5,0.475,0.004532202749985501
P2_dev_run1,2,shoulder,7,0,0.0,0.025,0.025,0.0165011657074432
P2_dev_run1,2,shoulder,7,1,0.025,0.5,0.475,0.005409217617603227
P2_dev_run1,2,shoulder,8,0,0.0,0.025,0.025,0.01769792438520268
P2_dev_run1,2,shoulder,8,1,0.025,0.5,0.475,0.006525900858329574
P2_dev_run1,2,shoulder,9,0,0.0,0.025,0.025,0.01882407823695531
P2_dev_run1,2,shoulder,9,1,0.025,0.5,0.475,0.007576609901591059
P2_dev_run1,2,shoulder,10,0,0.0,0.025,0.025,0.018862850481458637
P2_dev_run1,2,shoulder,10,1,0.025,0.5,0.475,0.007612783039469463
P2_dev_run1,2,shoulder,11,0,0.0,0.025,0.025,0.018523404424258816
P2_dev_run1,2,shoulder,11,1,0.025,0.5,0.475,0.007296088139866778
P2_dev_run1,2,shoulder,12,0,0.0,0.025,0.025,0.017913191139219964
P2_dev_run1,2,shoulder,12,1,0.025,0.5,0.475,0.006726753203948157
P2_dev_run1,2,shoulder,13,0,0.0,0.025,0.025,0.017055157975804924
P2_dev_run1,2,shoulder,13,1,0.025,0.5,0.475,0.005926154814336075
P2_dev_run1,2,shoulder,14,0,0.0,0.025,0.025,0.017966348702277424
P2_dev_run1,2,shoulder,14,1,0.025,0.5,0.475,0.006776350790935602
P2_dev_run1,2,shoulder,15,0,0.0,0.025,0.025,0.018508545157573386
P2_dev_run1,2,shoulder,15,1,0.025,0.5,0.475,0.007282224617615039
P2_dev_run1,2,shoulder,16,0,0.0,0.025,0.025,0.0190240798019492
P2_dev_run1,2,shoulder,16,1,0.025,0.5,0.475,0.007763203163481406
P2_dev_run1,2,shoulder,17,0,0.0,0.025,0.025,0.01973505692159816
P2_dev_run1,2,shoulder,17,1,0.025,0.5,0.475,0.008426492322939379
P2_dev_run1,2,shoulder,18,0,0.0,0.025,0.025,0.01994308467605288
P2_dev_run1,2,shoulder,18,1,0.025,0.5,0.475,0.008620559955917602
P2_dev_run1,2,shoulder,19,0,0.0,0.025,0.025,0.020097145867172816
P2_dev_run1,2,shoulder,19,1,0.025,0.5,0.475,0.0087642805365063
P2_dev_run1,2,shoulder,20,0,0.0,0.025,0.025,0.019931012297904616
P2_dev_run1,2,shoulder,20,1,0.025,0.5,0.475,0.008609297803453892
P2_dev_run1,2,shoulder,21,0,0.0,0.025,0.025,0.019299419588460487
P2_dev_run1,2,shoulder,21,1,0.025,0.5,0.475,0.008020079184827307
P2_dev_run1,2,shoulder,22,0,0.0,0.025,0.025,0.01859773690220612
P2_dev_run1,2,shoulder,22,1,0.025,0.5,0.475,0.007365439239768588
P2_dev_run1,2,shoulder,23,0,0.0,0.025,0.025,0.018134885276486767
P2_dev_run1,2,shoulder,23,1,0.025,0.5,0.475,0.006933599081462645
P2_dev_run1,4,summer,0,0,0.0,0.01,0.01,0.019637842045829024
P2_dev_run1,4,summer,0,1,0.01,0.025,0.015000000000000001,0.01906381393009989
P2_dev_run1,4,summer,0,2,0.025,0.05,0.025,0.018147058292881657
P2_dev_run1,4,summer,0,3,0.05,0.5,0.45,0.007451566162998259
P2_dev_run1,4,summer,1,0,0.0,0.01,0.01,0.017800274385786075
P2_dev_run1,4,summer,1,1,0.01,0.025,0.015000000000000001,0.01723258347125778
P2_dev_run1,4,summer,1,2,0.025,0.05,0.025,0.0163259345366229
P2_dev_run1,4,summer,1,3,0.05,0.5,0.45,0.005746789704574688
P2_dev_run1,4,summer,2,0,0.0,0.01,0.01,0.017023492945683616
P2_dev_run1,4,summer,2,1,0.01,0.025,0.015000000000000001,0.01645847669764222
P2_dev_run1,4,summer,2,2,0.025,0.05,0.025,0.015556093481777777
P2_dev_run1,4,summer,2,3,0.05,0.5,0.45,0.005026063817985877
P2_dev_run1,4,summer,3,0,0.0,0.01,0.01,0.01655187916310419
P2_dev_run1,4,summer,3,1,0.01,0.025,0.015000000000000001,0.01598848560643943
P2_dev_run1,4,summer,3,2,0.025,0.05,0.025,0.015088690355133938
P2_dev_run1,4,summer,3,3,0.05,0.5,0.45,0.004588460941643928
P2_dev_run1,4,summer,4,0,0.0,0.01,0.01,0.016270663411685482
P2_dev_run1,4,summer,4,1,0.01,0.025,0.015000000000000001,0.01570823701288378
P2_dev_run1,4,summer,4,2,0.025,0.05,0.025,0.014809984239494978
P2_dev_run1,4,summer,4,3,0.05,0.5,0.45,0.004327517262879431
P2_dev_run1,4,summer,5,0,0.0,0.01,0.01,0.016250403267144276
P2_dev_run1,4,summer,5,1,0.01,0.025,0.015000000000000001,0.015688046525921817
P2_dev_run1,4,summer,5,2,0.025,0.05,0.025,0.014789904862586578
P2_dev_run1,4,summer,5,3,0.05,0.5,0.45,0.00430871737948794
P2_dev_run1,4,summer,6,0,0.0,0.01,0.01,0.016546072070172668
P2_dev_run1,4,summer,6,1,0.01,0.025,0.015000000000000001,0.01598269848750259
P2_dev_run1,4,summer,6,2,0.025,0.05,0.025,0.015082935100257933
P2_dev_run1,4,summer,6,3,0.05,0.5,0.45,0.004583072529211103
P2_dev_run1,4,summer,7,0,0.0,0.01,0.01,0.017500501971813576
P2_dev_run1,4,summer,7,1,0.01,0.025,0.015000000000000001,0.016933843545521854
P2_dev_run1,4,summer,7,2,0.025,0.05,0.025,0.01602884128651061
P2_dev_run1,4,summer,7,3,0.05,0.5,0.45,0.005468655515111744
P2_dev_run1,4,summer,8,0,0.0,0.01,0.01,0.019033157647993515
P2_dev_run1,4,summer,8,1,0.01,0.025,0.015000000000000001,0.01846121645115717
P2_dev_run1,4,summer,8,2,0.025,0.05,0.025,0.017547789049381368
P2_dev_run1,4,summer,8,3,0.05,0.5,0.45,0.006890607923807573
P2_dev_run1,4,summer,9,0,0.0,0.01,0.01,0.021054190084576763
P2_dev_run1,4,summer,9,1,0.01,0.025,0.015000000000000001,0.02047526782507821
P2_dev_run1,4,summer,9,2,0.025,0.05,0.025,0.01955070709863893
P2_dev_run1,4,summer,9,3,0.05,0.5,0.45,0.00876538337479212
P2_dev_run1,4,summer,10,0,0.0,0.01,0.01,0.02220486798295007
P2_dev_run1,4,summer,10,1,0.01,0.025,0.015000000000000001,0.02162196340716275
P2_dev_run1,4,summer,10,2,0.025,0.05,0.025,0.020691051859593745
P2_dev_run1,4,summer,10,3,0.05,0.5,0.45,0.009832647047687394
P2_dev_run1,4,summer,11,0,0.0,0.01,0.01,0.022569897620630663
P2_dev_run1,4,summer,11,1,0.01,0.025,0.015000000000000001,0.021985728573631347
P2_dev_run1,4,summer,11,2,0.025,0.05,0.025,0.021052800518928105
P2_dev_run1,4,summer,11,3,0.05,0.5,0.45,0.010171193448459773
P2_dev_run1,4,summer,12,0,0.0,0.01,0.01,0.022418144865271605
P2_dev_run1,4,summer,12,1,0.01,0.025,0.015000000000000001,0.021834501551598606
P2_dev_run1,4,summer,12,2,0.025,0.05,0.025,0.020902411916032815
P2_dev_run1,4,summer,12,3,0.05,0.5,0.45,0.010030451761799829
P2_dev_run1,4,summer,13,0,0.0,0.01,0.01,0.02182280519253954
P2_dev_run1,4,summer,13,1,0.01,0.025,0.015000000000000001,0.021241223497444246
P2_dev_run1,4,summer,13,2,0.025,0.05,0.025,0.020312421598955854
P2_dev_run1,4,summer,13,3,0.05,0.5,0.45,0.009478292041308099
P2_dev_run1,4,summer,14,0,0.0,0.01,0.01,0.0227933275521508
P2_dev_run1,4,summer,14,1,0.01,0.025,0.015000000000000001,0.022208384256083843
P2_dev_run1,4,summer,14,2,0.025,0.05,0.025,0.021274221486103917
P2_dev_run1,4,summer,14,3,0.05,0.5,0.45,0.01037840814805297
P2_dev_run1,4,summer,15,0,0.0,0.01,0.01,0.023294872111523368
P2_dev_run1,4,summer,15,1,0.01,0.025,0.015000000000000001,0.02270819004930313
P2_dev_run1,4,summer,15,2,0.025,0.05,0.025,0.021771254443020416
P2_dev_run1,4,summer,15,3,0.05,0.5,0.45,0.010843539199103585
P2_dev_run1,4,summer,16,0,0.0,0.01,0.01,0.02357014174362848
P2_dev_run1,4,summer,16,1,0.01,0.025,0.015000000000000001,0.02298250491599892
P2_dev_run1,4,summer,16,2,0.025,0.05,0.025,0.02204404674020166
P2_dev_run1,4,summer,16,3,0.05,0.5,0.45,0.011098815046768105
P2_dev_run1,4,summer,17,0,0.0,0.01,0.01,0.024056952844636603
P2_dev_run1,4,summer,17,1,0.01,0.025,0.015000000000000001,0.02346762674579524
P2_dev_run1,4,summer,17,2,0.025,0.05,0.025,0.02252647468431901
P2_dev_run1,4,summer,17,3,0.05,0.5,0.45,0.011550252689115236
P2_dev_run1,4,summer,18,0,0.0,0.01,0.01,0.024009732333943323
P2_dev_run1,4,summer,18,1,0.01,0.025,0.015000000000000001,0.023420570152632433
P2_dev_run1,4,summer,18,2,0.025,0.05,0.025,0.022479679455911228
P2_dev_run1,4,summer,18,3,0.05,0.5,0.45,0.011506464221468813
P2_dev_run1,4,summer,19,0,0.0,0.01,0.01,0.023849358792824016
P2_dev_run1,4,summer,19,1,0.01,0.025,0.015000000000000001,0.023260753195562346
P2_dev_run1,4,summer,19,2,0.025,0.05,0.025,0.022320750093796082
P2_dev_run1,4,summer,19,3,0.05,0.5,0.45,0.011357745477812308
P2_dev_run1,4,summer,20,0,0.0,0.01,0.01,0.023651625411544308
P2_dev_run1,4,summer,20,1,0.01,0.025,0.015000000000000001,0.023063705906228856
P2_dev_run1,4,summer,20,2,0.025,0.05,0.025,0.022124796928733037
P2_dev_run1,4,summer,20,3,0.05,0.5,0.45,0.011174379128615384
P2_dev_run1,4,summer,21,0,0.0,0.01,0.01,0.022917685382389807
P2_dev_run1,4,summer,21,1,0.01,0.025,0.015000000000000001,0.022332311058822125
P2_dev_run1,4,summer,21,2,0.025,0.05,0.025,0.021397460914139854
P2_dev_run1,4,summer,21,3,0.05,0.5,0.45,0.010493739108328242
P2_dev_run1,4,summer,22,0,0.0,0.01,0.01,0.021706033423093962
P2_dev_run1,4,summer,22,1,0.01,0.025,0.015000000000000001,0.02112485590729333
P2_dev_run1,4,summer,22,2,0.025,0.05,0.025,0.020196698614496356
P2_dev_run1,4,summer,22,3,0.05,0.5,0.45,0.009369986447888742
P2_dev_run1,4,summer,23,0,0.0,0.01,0.01,0.02062518679458447
P2_dev_run1,4,summer,23,1,0.01,0.025,0.015000000000000001,0.02004774782790782
P2_dev_run1,4,summer,23,2,0.025,0.05,0.025,0.019125552610439467
P2_dev_run1,4,summer,23,3,0.05,0.5,0.45,0.008367452577495407
P2_dev_run1,4,winter,0,0,0.0,0.01,0.01,0.020640365827817586
P2_dev_run1,4,winter,0,1,0.01,0.025,0.015000000000000001,0.02006287438773476
P2_dev_run1,4,winter,0,2,0.025,0.05,0.025,0.019140595502646907
P2_dev_run1,4,winter,0,3,0.05,0.5,0.45,0.008381532445941494
P2_dev_run1,4,winter,1,0,0.0,0.01,0.01,0.019074938586381707
P2_dev_run1,4,winter,1,1,0.01,0.025,0.015000000000000001,0.018502853231973832
P2_dev_run1,4,winter,1,2,0.025,0.05,0.025,0.017589195943258917
P2_dev_run1,4,winter,1,3,0.05,0.5,0.45,0.006929368488281764
P2_dev_run1,4,winter,2,0,0.0,0.01,0.01,0.018313933588311182
P2_dev_run1,4,winter,2,1,0.01,0.025,0.015000000000000001,0.017744472624658947
P2_dev_run1,4,winter,2,2,0.025,0.05,0.025,0.016835000769491182
P2_dev_run1,4,winter,2,3,0.05,0.5,0.45,0.006223355771887243
P2_dev_run1,4,winter,3,0,0.0,0.01,0.01,0.017879791080439855
P2_dev_run1,4,winter,3,1,0.01,0.025,0.015000000000000001,0.01731182623022076
P2_dev_run1,4,winter,3,2,0.025,0.05,0.025,0.016404740409065588
P2_dev_run1,4,winter,3,3,0.05,0.5,0.45,0.0058205655515169985
P2_dev_run1,4,winter,4,0,0.0,0.01,0.01,0.017703181314759897
P2_dev_run1,4,winter,4,1,0.01,0.025,0.015000000000000001,0.017135824850772474
P2_dev_run1,4,winter,4,2,0.025,0.05,0.025,0.016229709320075836
P2_dev_run1,4,winter,4,3,0.05,0.5,0.45,0.005656705777611379
P2_dev_run1,4,winter,5,0,0.0,0.01,0.01,0.017865060545384226
P2_dev_run1,4,winter,5,1,0.01,0.025,0.015000000000000001,0.01729714643673626
P2_dev_run1,4,winter,5,2,0.025,0.05,0.025,0.016390141551552717
P2_dev_run1,4,winter,5,3,0.05,0.5,0.45,0.005806898545036144
P2_dev_run1,4,winter,6,0,0.0,0.01,0.01,0.01843835367279778
P2_dev_run1,4,winter,6,1,0.01,0.025,0.015000000000000001,0.017868463802007496
P2_dev_run1,4,winter,6,2,0.025,0.05,0.025,0.016958307910519554
P2_dev_run1,4,winter,6,3,0.05,0.5,0.45,0.006338787986559605
P2_dev_run1,4,winter,7,0,0.0,0.01,0.01,0.019664875989369723
P2_dev_run1,4,winter,7,1,0.01,0.025,0.015000000000000001,0.01909075453890204
P2_dev_run1,4,winter,7,2,0.025,0.05,0.025,0.018173850051813045
P2_dev_run1,4,winter,7,3,0.05,0.5,0.45,0.00747664455724168
P2_dev_run1,4,winter,8,0,0.0,0.01,0.01,0.021613948244170178
P2_dev_run1,4,winter,8,1,0.01,0.025,0.015000000000000001,0.021033089445452825
P2_dev_run1,4,winter,8,2,0.025,0.05,0.025,0.020105440399774688
P2_dev_run1,4,winter,8,3,0.05,0.5,0.45,0.009284576871768832
P2_dev_run1,4,winter,9,0,0.0,0.01,0.01,0.02395624425149956
P2_dev_run1,4,winter,9,1,0.01,0.025,0.015000000000000001,0.02336726771301108
P2_dev_run1,4,winter,9,2,0.025,0.05,0.025,0.02242667306771473
P2_dev_run1,4,winter,9,3,0.05,0.5,0.45,0.011456863495232414
P2_dev_run1,4,winter,10,0,0.0,0.01,0.01,0.024123101163397997
P2_dev_run1,4,winter,10,1,0.01,0.025,0.015000000000000001,0.023533545463844115
P2_dev_run1,4,winter,10,2,0.025,0.05,0.025,0.02259202722270426
P2_dev_run1,4,winter,10,3,0.05,0.5,0.45,0.011611592990950307
P2_dev_run1,4,winter,11,0,0.0,0.01,0.01,0.02349185837003942
P2_dev_run1,4,winter,11,1,0.01,0.025,0.015000000000000001,0.022904493105465235
P2_dev_run1,4,winter,11,2,0.025,0.05,0.025,0.021966467978691284
P2_dev_run1,4,winter,11,3,0.05,0.5,0.45,0.011026218279512272
P2_dev_run1,4,winter,12,0,0.0,0.01,0.01,0.022535809288470876
P2_dev_run1,4,winter,12,1,0.01,0.025,0.015000000000000001,0.021951758349651275
P2_dev_run1,4,winter,12,2,0.025,0.05,0.025,0.02101901864208111
P2_dev_run1,4,winter,12,3,0.05,0.5,0.45,0.010139578702276589
P2_dev_run1,4,winter,13,0,0.0,0.01,0.01,0.0211335137736135
P2_dev_run1,4,winter,13,1,0.01,0.025,0.015000000000000001,0.020554317177342202
P2_dev_run1,4,winter,13,2,0.025,0.05,0.025,0.01962931891694164
P2_dev_run1,4,winter,13,3,0.05,0.5,0.45,0.008838960115750817
P2_dev_run1,4,winter,14,0,0.0,0.01,0.01,0.02195203878721519
P2_dev_run1,4,winter,14,1,0.01,0.025,0.015000000000000001,0.021370009694698933
P2_dev_run1,4,winter,14,2,0.025,0.05,0.025,0.020440494314029056
P2_dev_run1,4,winter,14,3,0.05,0.5,0.45,0.009598154703788097
P2_dev_run1,4,winter,15,0,0.0,0.01,0.01,0.0223872050607532
P2_dev_run1,4,winter,15,1,0.01,0.025,0.015000000000000001,0.021803668937268407
P2_dev_run1,4,winter,15,2,0.025,0.05,0.025,0.020871750223968588
P2_dev_run1,4,winter,15,3,0.05,0.5,0.45,0.010001756716412038
P2_dev_run1,4,winter,16,0,0.0,0.01,0.01,0.022846159515699238
P2_dev_run1,4,winter,16,1,0.01,0.025,0.015000000000000001,0.02226103311422922
P2_dev_run1,4,winter,16,2,0.025,0.05,0.025,0.02132657833474494
P2_dev_run1,4,winter,16,3,0.05,0.5,0.45,0.010427405304900458
P2_dev_run1,4,winter,17,0,0.0,0.01,0.01,0.023529426279350618
P2_dev_run1,4,winter,17,1,0.01,0.025,0.015000000000000001,0.02294193069908301
P2_dev_run1,4,winter,17,2,0.025,0.05,0.025,0.022003697754917617
P2_dev_run1,4,winter,17,3,0.05,0.5,0.45,0.0110610572686215
P2_dev_run1,4,winter,18,0,0.0,0.01,0.01,0.023516901974729443
P2_dev_run1,4,winter,18,1,0.01,0.025,0.015000000000000001,0.022929449856120183
P2_dev_run1,4,winter,18,2,0.025,0.05,0.025,0.02199128618153301
P2_dev_run1,4,winter,18,3,0.05,0.5,0.45,0.01104944274226015
P2_dev_run1,4,winter,19,0,0.0,0.01,0.01,0.0231481819188889
P2_dev_run1,4,winter,19,1,0.01,0.025,0.015000000000000001,0.02256200853047822
P2_dev_run1,4,winter,19,2,0.025,0.05,0.025,0.021625884082624447
P2_dev_run1,4,winter,19,3,0.05,0.5,0.45,0.010707501181751887
P2_dev_run1,4,winter,20,0,0.0,0.01,0.01,0.022554401398339197
P2_dev_run1,4,winter,20,1,0.01,0.025,0.015000000000000001,0.02197028603353468
P2_dev_run1,4,winter,20,2,0.025,0.05,0.025,0.02103744359939208
P2_dev_run1,4,winter,20,3,0.05,0.5,0.45,0.010156821696331586
P2_dev_run1,4,winter,21,0,0.0,0.01,0.01,0.021745965227895625
P2_dev_run1,4,winter,21,1,0.01,0.025,0.015000000000000001,0.021164649505754175
P2_dev_run1,4,winter,21,2,0.025,0.05,0.025,0.020236271789484395
P2_dev_run1,4,winter,21,3,0.05,0.5,0.45,0.00940702324187797
P2_dev_run1,4,winter,22,0,0.0,0.01,0.01,0.02091705877734773
P2_dev_run1,4,winter,22,1,0.01,0.025,0.015000000000000001,0.020338610745163077
P2_dev_run1,4,winter,22,2,0.025,0.05,0.025,0.01941480628282366
P2_dev_run1,4,winter,22,3,0.05,0.5,0.45,0.008638185987170427
P2_dev_run1,4,winter,23,0,0.0,0.01,0.01,0.020646438133406497
P2_dev_run1,4,winter,23,1,0.01,0.025,0.015000000000000001,0.02006892571101241
P2_dev_run1,4,winter,23,2,0.025,0.05,0.025,0.019146613342304608
P2_dev_run1,4,winter,23,3,0.05,0.5,0.45,0.008387165033520192
P2_dev_run1,4,shoulder,0,0,0.0,0.01,0.01,0.01800657191924765
P2_dev_run1,4,shoulder,0,1,0.01,0.025,0.015000000000000001,0.017438170236674006
P2_dev_run1,4,shoulder,0,2,0.025,0.05,0.025,0.016530387761031773
P2_dev_run1,4,shoulder,0,3,0.05,0.5,0.45,0.005938192208510797
P2_dev_run1,4,shoulder,1,0,0.0,0.01,0.01,0.01643000837785319
P2_dev_run1,4,shoulder,1,1,0.01,0.025,0.015000000000000001,0.015867034000730897
P2_dev_run1,4,shoulder,1,2,0.025,0.05,0.025,0.014967907279113679
P2_dev_run1,4,shoulder,1,3,0.05,0.5,0.45,0.004475376230490577
P2_dev_run1,4,shoulder,2,0,0.0,0.01,0.01,0.015782790329411933
P2_dev_run1,4,shoulder,2,1,0.01,0.025,0.015000000000000001,0.015222041037277199
P2_dev_run1,4,shoulder,2,2,0.025,0.05,0.025,0.0143264630478257
P2_dev_run1,4,shoulder,2,3,0.05,0.5,0.45,0.003874799288384097
P2_dev_run1,4,shoulder,3,0,0.0,0.01,0.01,0.015437966679740511
P2_dev_run1,4,shoulder,3,1,0.01,0.025,0.015000000000000001,0.014878402148036743
P2_dev_run1,4,shoulder,3,2,0.025,0.05,0.025,0.013984713760871736
P2_dev_run1,4,shoulder,3,3,0.05,0.5,0.45,0.003554811974023723
P2_dev_run1,4,shoulder,4,0,0.0,0.01,0.01,0.015291815634031758
P2_dev_run1,4,shoulder,4,1,0.01,0.025,0.015000000000000001,0.014732753111772651
P2_dev_run1,4,shoulder,4,2,0.025,0.05,0.025,0.013839865384419614
P2_dev_run1,4,shoulder,4,3,0.05,0.5,0.45,0.0034191849072893864
P2_dev_run1,4,shoulder,5,0,0.0,0.01,0.01,0.015417892671361344
P2_dev_run1,4,shoulder,5,1,0.01,0.025,0.015000000000000001,0.014858397090553031
P2_dev_run1,4,shoulder,5,2,0.025,0.05,0.025,0.013964818688974034
P2_dev_run1,4,shoulder,5,3,0.05,0.5,0.45,0.003536183539001869
P2_dev_run1,4,shoulder,6,0,0.0,0.01,0.01,0.015898025326696597
P2_dev_run1,4,shoulder,6,1,0.01,0.025,0.015000000000000001,0.015336879980596777
P2_dev_run1,4,shoulder,6,2,0.025,0.05,0.025,0.014440670359479046
P2_dev_run1,4,shoulder,6,3,0.05,0.5,0.45,0.003981732327235859
P2_dev_run1,4,shoulder,7,0,0.0,0.01,0.01,0.016839796158311937
P2_dev_run1,4,shoulder,7,1,0.01,0.025,0.015000000000000001,0.016275412073530705
P2_dev_run1,4,shoulder,7,2,0.025,0.05,0.025,0.015374037058329404
P2_dev_run1,4,shoulder,7,3,0.05,0.5,0.45,0.004855616537562884
P2_dev_run1,4,shoulder,8,0,0.0,0.01,0.01,0.018039032504872654
P2_dev_run1,4,shoulder,8,1,0.01,0.025,0.015000000000000001,0.01747051897208936
P2_dev_run1,4,shoulder,8,2,0.025,0.05,0.025,0.01656255810914442
P2_dev_run1,4,shoulder,8,3,0.05,0.5,0.45,0.00596830878883986
P2_dev_run1,4,shoulder,9,0,0.0,0.01,0.01,0.019167521106012997
P2_dev_run1,4,shoulder,9,1,0.01,0.025,0.015000000000000001,0.018595116324250184
P2_dev_run1,4,shoulder,9,2,0.025,0.05,0.025,0.017680949580086147
P2_dev_run1,4,shoulder,9,3,0.05,0.5,0.45,0.007015257697230221
P2_dev_run1,4,shoulder,10,0,0.0,0.01,0.01,0.019206373787197806
P2_dev_run1,4,shoulder,10,1,0.01,0.025,0.015000000000000001,0.01863383494429919
P2_dev_run1,4,shoulder,10,2,0.025,0.05,0.025,0.017719454383019473
P2_dev_run1,4,shoulder,10,3,0.05,0.5,0.45,0.007051301298161129
P2_dev_run1,4,shoulder,11,0,0.0,0.01,0.01,0.01886622362646667
P2_dev_run1,4,shoulder,11,1,0.01,0.025,0.015000000000000001,0.018294858289453576
P2_dev_run1,4,shoulder,11,2,0.025,0.05,0.025,0.017382349283423526
P2_dev_run1,4,shoulder,11,3,0.05,0.5,0.45,0.006735740298558069
P2_dev_run1,4,shoulder,12,0,0.0,0.01,0.01,0.018254745302044573
P2_dev_run1,4,shoulder,12,1,0.01,0.025,0.015000000000000001,0.017685488364003556
P2_dev_run1,4,shoulder,12,2,0.025,0.05,0.025,0.016776341874383816
P2_dev_run1,4,shoulder,12,3,0.05,0.5,0.45,0.006168442722257287
P2_dev_run1,4,shoulder,13,0,0.0,0.01,0.01,0.01739493492421834
P2_dev_run1,4,shoulder,13,1,0.01,0.025,0.015000000000000001,0.01682864001019598
P2_dev_run1,4,shoulder,13,2,0.025,0.05,0.025,0.015924217503741622
P2_dev_run1,4,shoulder,13,3,0.05,0.5,0.45,0.005370706887146877
P2_dev_run1,4,shoulder,14,0,0.0,0.01,0.01,0.018308013027568126
P2_dev_run1,4,shoulder,14,1,0.01,0.025,0.015000000000000001,0.017738572485416954
P2_dev_run1,4,shoulder,14,2,0.025,0.05,0.025,0.016829133171929467
P2_dev_run1,4,shoulder,14,3,0.05,0.5,0.45,0.006217862880880387
P2_dev_run1,4,shoulder,15,0,0.0,0.01,0.01,0.018851333544050997
P2_dev_run1,4,shoulder,15,1,0.01,0.025,0.015000000000000001,0.018280019566588313
P2_dev_run1,4,shoulder,15,2,0.025,0.05,0.025,0.017367592467941173
P2_dev_run1,4,shoulder,15,3,0.05,0.5,0.45,0.006721926403708031
P2_dev_run1,4,shoulder,16,0,0.0,0.01,0.01,0.019367937652751965
P2_dev_run1,4,shoulder,16,1,0.01,0.025,0.015000000000000001,0.018794841234747357
P2_dev_run1,4,shoulder,16,2,0.025,0.05,0.025,0.017879571474566647
P2_dev_run1,4,shoulder,16,3,0.05,0.5,0.45,0.007201182701754448
P2_dev_run1,4,shoulder,17,0,0.0,0.01,0.01,0.020080390772872492
P2_dev_run1,4,shoulder,17,1,0.01,0.025,0.015000000000000001,0.019504834354081936
P2_dev_run1,4,shoulder,17,2,0.025,0.05,0.025,0.01858564137371177
P2_dev_run1,4,shoulder,17,3,0.05,0.5,0.45,0.007862095153452023
P2_dev_run1,4,shoulder,18,0,0.0,0.01,0.01,0.020288850640720613
P2_dev_run1,4,shoulder,18,1,0.01,0.025,0.015000000000000001,0.019712574032941056
P2_dev_run1,4,shoulder,18,2,0.025,0.05,0.025,0.01879223251448625
P2_dev_run1,4,shoulder,18,3,0.05,0.5,0.45,0.00805546703599712
P2_dev_run1,4,shoulder,19,0,0.0,0.01,0.01,0.0204432319188097
P2_dev_run1,4,shoulder,19,1,0.01,0.025,0.015000000000000001,0.019866421832748227
P2_dev_run1,4,shoulder,19,2,0.025,0.05,0.025,0.01894522954317135
P2_dev_run1,4,shoulder,19,3,0.05,0.5,0.45,0.008198672258358242
P2_dev_run1,4,shoulder,20,0,0.0,0.01,0.01,0.02027675318524158
P2_dev_run1,4,shoulder,20,1,0.01,0.025,0.015000000000000001,0.019700518373013304
P2_dev_run1,4,shoulder,20,2,0.025,0.05,0.025,0.018780243516274275
P2_dev_run1,4,shoulder,20,3,0.05,0.5,0.45,0.00804424526385276
P2_dev_run1,4,shoulder,21,0,0.0,0.01,0.01,0.0196438489065337
P2_dev_run1,4,shoulder,21,1,0.01,0.025,0.015000000000000001,0.019069800043078344
P2_dev_run1,4,shoulder,21,2,0.025,0.05,0.025,0.018153011344637093
P2_dev_run1,4,shoulder,21,3,0.05,0.5,0.45,0.007457138509282319
P2_dev_run1,4,shoulder,22,0,0.0,0.01,0.01,0.018940710272349892
P2_dev_run1,4,shoulder,22,1,0.01,0.025,0.015000000000000001,0.018369087988776935
P2_dev_run1,4,shoulder,22,2,0.025,0.05,0.025,0.01745616921411841
P2_dev_run1,4,shoulder,22,3,0.05,0.5,0.45,0.006804843130082486
P2_dev_run1,4,shoulder,23,0,0.0,0.01,0.01,0.018476898932361097
P2_dev_run1,4,shoulder,23,1,0.01,0.025,0.015000000000000001,0.017906876172570547
P2_dev_run1,4,shoulder,23,2,0.025,0.05,0.025,0.01699650834732558
P2_dev_run1,4,shoulder,23,3,0.05,0.5,0.45,0.006374548566692481
P2_dev_run1,9,summer,0,0,0.0,0.01,0.01,0.019637842045829024
P2_dev_run1,9,summer,0,1,0.01,0.025,0.015000000000000001,0.01906381393009989
P2_dev_run1,9,summer,0,2,0.025,0.05,0.025,0.018147058292881657
P2_dev_run1,9,summer,0,3,0.05,0.075,0.024999999999999994,0.017003846898234202
P2_dev_run1,9,summer,0,4,0.075,0.1,0.02500000000000001,0.015863772435414918
P2_dev_run1,9,summer,0,5,0.1,0.15,0.04999999999999999,0.014159888997788698
P2_dev_run1,9,summer,0,6,0.15,0.2,0.05000000000000002,0.011898333834056692
P2_dev_run1,9,summer,0,7,0.2,0.3,0.09999999999999998,0.008530376082165754
P2_dev_run1,9,summer,0,8,0.3,0.5,0.2,0.0018778277009957184
P2_dev_run1,9,summer,1,0,0.0,0.01,0.01,0.017800274385786075
P2_dev_run1,9,summer,1,1,0.01,0.025,0.015000000000000001,0.01723258347125778
P2_dev_run1,9,summer,1,2,0.025,0.05,0.025,0.0163259345366229
P2_dev_run1,9,summer,1,3,0.05,0.075,0.024999999999999994,0.015195303512078876
P2_dev_run1,9,summer,1,4,0.075,0.1,0.02500000000000001,0.01406774871409166
P2_dev_run1,9,summer,1,5,0.1,0.15,0.04999999999999999,0.012382524557141842
P2_dev_run1,9,summer,1,6,0.15,0.2,0.05000000000000002,0.010145650536906577
P2_dev_run1,9,summer,1,7,0.2,0.3,0.09999999999999998,0.006814247868810882
P2_dev_run1,9,summer,1,8,0.3,0.5,0.2,0.00023322759910418545
P2_dev_run1,9,summer,2,0,0.0,0.01,0.01,0.017023492945683616
P2_dev_run1,9,summer,2,1,0.01,0.025,0.015000000000000001,0.01645847669764222
P2_dev_run1,9,summer,2,2,0.025,0.05,0.025,0.015556093481777777
P2_dev_run1,9,summer,2,3,0.05,0.075,0.024999999999999994,0.014430772357314495
P2_dev_run1,9,summer,2,4,0.075,0.1,0.02500000000000001,0.013308501980953675
P2_dev_run1,9,summer,2,5,0.1,0.15,0.04999999999999999,0.011631154008070745
P2_dev_run1,9,summer,2,6,0.15,0.2,0.05000000000000002,0.009404698513377493
P2_dev_run1,9,summer,2,7,0.2,0.3,0.09999999999999998,0.006088727789342887
P2_dev_run1,9,summer,2,8,0.3,0.5,0.2,-0.00046209272684880065
P2_dev_run1,9,summer,3,0,0.0,0.01,0.01,0.01655187916310419
P2_dev_run1,9,summer,3,1,0.01,0.025,0.015000000000000001,0.01598848560643943
P2_dev_run1,9,summer,3,2,0.025,0.05,0.025,0.015088690355133938
P2_dev_run1,9,summer,3,3,0.05,0.075,0.024999999999999994,0.013966590730310483
P2_dev_run1,9,summer,3,4,0.075,0.1,0.02500000000000001,0.01284752644660658
P2_dev_run1,9,summer,3,5,0.1,0.15,0.04999999999999999,0.011174957090843431
P2_dev_run1,9,summer,3,6,0.15,0.2,0.05000000000000002,0.008954822830828098
P2_dev_run1,9,summer,3,7,0.2,0.3,0.09999999999999998,0.0056482154539681815
P2_dev_run1,9,summer,3,8,0.3,0.5,0.2,-0.0008842802358177693
P2_dev_run1,9,summer,4,0,0.0,0.01,0.01,0.016270663411685482
P2_dev_run1,9,summer,4,1,0.01,0.025,0.015000000000000001,0.01570823701288378
P2_dev_run1,9,summer,4,2,0.025,0.05,0.025,0.014809984239494978
P2_dev_run1,9,summer,4,3,0.05,0.075,0.024999999999999994,0.013689804703429512
P2_dev_run1,9,summer,4,4,0.075,0.1,0.02500000000000001,0.012572651343206172
P2_dev_run1,9,summer,4,5,0.1,0.15,0.04999999999999999,0.010902930206861118
P2_dev_run1,9,summer,4,6,0.15,0.2,0.05000000000000002,0.008686563674082378
P2_dev_run1,9,summer,4,7,0.2,0.3,0.09999999999999998,0.005385537370118516
P2_dev_run1,9,summer,4,8,0.3,0.5,0.2,-0.0011360353196458728
P2_dev_run1,9,summer,5,0,0.0,0.01,0.01,0.016250403267144276
P2_dev_run1,9,summer,5,1,0.01,0.025,0.015000000000000001,0.015688046525921817
P2_dev_run1,9,summer,5,2,0.025,0.05,0.025,0.014789904862586578
P2_dev_run1,9,summer,5,3,0.05,0.075,0.024999999999999994,0.013669863640085603
P2_dev_run1,9,summer,5,4,0.075,0.1,0.02500000000000001,0.012552847925447749
P2_dev_run1,9,summer,5,5,0.1,0.15,0.04999999999999999,0.010883331955260924
P2_dev_run1,9,summer,5,6,0.15,0.2,0.05000000000000002,0.00866723682143494
P2_dev_run1,9,summer,5,7,0.2,0.3,0.09999999999999998,0.005366612544736999
P2_dev_run1,9,summer,5,8,0.3,0.5,0.2,-0.0011541733083862693
P2_dev_run1,9,summer,6,0,0.0,0.01,0.01,0.016546072070172668
P2_dev_run1,9,summer,6,1,0.01,0.025,0.015000000000000001,0.01598269848750259
P2_dev_run1,9,summer,6,2,0.025,0.05,0.025,0.015082935100257933
P2_dev_run1,9,summer,6,3,0.05,0.075,0.024999999999999994,0.013960875127868592
P2_dev_run1,9,summer,6,4,0.075,0.1,0.02500000000000001,0.012841850311506305
P2_dev_run1,9,summer,6,5,0.1,0.15,0.04999999999999999,0.011169339780037481
P2_dev_run1,9,summer,6,6,0.15,0.2,0.05000000000000002,0.008949283333781474
P2_dev_run1,9,summer,6,7,0.2,0.3,0.09999999999999998,0.0056427912220850815
P2_dev_run1,9,summer,6,8,0.3,0.5,0.2,-0.0008894788786941582
P2_dev_run1,9,summer,7,0,0.0,0.01,0.01,0.017500501971813576
P2_dev_run1,9,summer,7,1,0.01,0.025,0.015000000000000001,0.016933843545521854
P2_dev_run1,9,summer,7,2,0.025,0.05,0.025,0.01602884128651061
P2_dev_run1,9,summer,7,3,0.05,0.075,0.024999999999999994,0.01490026000137146
P2_dev_run1,9,summer,7,4,0.075,0.1,0.02500000000000001,0.013774745105153413
P2_dev_run1,9,summer,7,5,0.1,0.15,0.04999999999999999,0.012092561301173813
P2_dev_run1,9,summer,7,6,0.15,0.2,0.05000000000000002,0.009859708990961887
P2_dev_run1,9,summer,7,7,0.2,0.3,0.09999999999999998,0.006534263211834953
P2_dev_run1,9,summer,7,8,0.3,0.5,0.2,-3.509990826558451e-05
P2_dev_run1,9,summer,8,0,0.0,0.01,0.01,0.019033157647993515
P2_dev_run1,9,summer,8,1,0.01,0.025,0.015000000000000001,0.01846121645115717
P2_dev_run1,9,summer,8,2,0.025,0.05,0.025,0.017547789049381368
P2_dev_run1,9,summer,8,3,0.05,0.075,0.024999999999999994,0.016408720428630067
P2_dev_run1,9,summer,8,4,0.075,0.1,0.02500000000000001,0.01527276870832039
P2_dev_run1,9,summer,8,5,0.1,0.15,0.04999999999999999,0.013575029678798981
P2_dev_run1,9,summer,8,6,0.15,0.2,0.05000000000000002,0.011321601717818871
P2_dev_run1,9,summer,8,7,0.2,0.3,0.09999999999999998,0.00796568070414755
P2_dev_run1,9,summer,8,8,0.3,0.5,0.2,0.0013366834852199944
P2_dev_run1,9,summer,9,0,0.0,0.01,0.01,0.021054190084576763
P2_dev_run1,9,summer,9,1,0.01,0.025,0.015000000000000001,0.02047526782507821
P2_dev_run1,9,summer,9,2,0.025,0.05,0.025,0.01955070709863893
P2_dev_run1,9,summer,9,3,0.05,0.075,0.024999999999999994,0.018397780558980784
P2_dev_run1,9,summer,9,4,0.075,0.1,0.02500000000000001,0.017248038177155582
P2_dev_run1,9,summer,9,5,0.1,0.15,0.04999999999999999,0.015529746357104138
P2_dev_run1,9,summer,9,6,0.15,0.2,0.05000000000000002,0.013249133922275664
P2_dev_run1,9,summer,9,7,0.2,0.3,0.09999999999999998,0.009852953119596776
P2_dev_run1,9,summer,9,8,0.3,0.5,0.2,0.003145188621621886
P2_dev_run1,9,summer,10,0,0.0,0.01,0.01,0.02220486798295007
P2_dev_run1,9,summer,10,1,0.01,0.025,0.015000000000000001,0.02162196340716275
P2_dev_run1,9,summer,10,2,0.025,0.05,0.025,0.020691051859593745
P2_dev_run1,9,summer,10,3,0.05,0.075,0.024999999999999994,0.019530220527667067
P2_dev_run1,9,summer,10,4,0.075,0.1,0.02500000000000001,0.018372611998224146
P2_dev_run1,9,summer,10,5,0.1,0.15,0.04999999999999999,0.01664259745163821
P2_dev_run1,9,summer,10,6,0.15,0.2,0.05000000000000002,0.014346480634847553
P2_dev_run1,9,summer,10,7,0.2,0.3,0.09999999999999998,0.010927340104227303
P2_dev_run1,9,summer,10,8,0.3,0.5,0.2,0.0041746622178251425
P2_dev_run1,9,summer,11,0,0.0,0.01,0.01,0.022569897620630663
P2_dev_run1,9,summer,11,1,0.01,0.025,0.015000000000000001,0.021985728573631347
P2_dev_run1,9,summer,11,2,0.025,0.05,0.025,0.021052800518928105
P2_dev_run1,9,summer,11,3,0.05,0.075,0.024999999999999994,0.019889459300164173
P2_dev_run1,9,summer,11,4,0.075,0.1,0.02500000000000001,0.01872935319321755
P2_dev_run1,9,summer,11,5,0.1,0.15,0.04999999999999999,0.01699561665055749
P2_dev_run1,9,summer,11,6,0.15,0.2,0.05000000000000002,0.01469457728610179
P2_dev_run1,9,summer,11,7,0.2,0.3,0.09999999999999998,0.011268147477793979
P2_dev_run1,9,summer,11,8,0.3,0.5,0.2,0.004501211474299965
P2_dev_run1,9,summer,12,0,0.0,0.01,0.01,0.022418144865271605
P2_dev_run1,9,summer,12,1,0.01,0.025,0.015000000000000001,0.021834501551598606
P2_dev_run1,9,summer,12,2,0.025,0.05,0.025,0.020902411916032815
P2_dev_run1,9,summer,12,3,0.05,0.075,0.024999999999999994,0.01974011426848277
P2_dev_run1,9,summer,12,4,0.075,0.1,0.02500000000000001,0.018581046597225807
P2_dev_run1,9,summer,12,5,0.1,0.15,0.04999999999999999,0.016848857576851065
P2_dev_run1,9,summer,12,6,0.15,0.2,0.05000000000000002,0.014549864888637737
P2_dev_run1,9,summer,12,7,0.2,0.3,0.09999999999999998,0.011126465770383011
P2_dev_run1,9,summer,12,8,0.3,0.5,0.2,0.004365457854272337
P2_dev_run1,9,summer,13,0,0.0,0.01,0.01,0.02182280519253954
P2_dev_run1,9,summer,13,1,0.01,0.025,0.015000000000000001,0.021241223497444246
P2_dev_run1,9,summer,13,2,0.025,0.05,0.025,0.020312421598955854
P2_dev_run1,9,summer,13,3,0.05,0.075,0.024999999999999994,0.019154216112502457
P2_dev_run1,9,summer,13,4,0.075,0.1,0.02500000000000001,0.017999220567632694
P2_dev_run1,9,summer,13,5,0.1,0.15,0.04999999999999999,0.01627310004312155
P2_dev_run1,9,summer,13,6,0.15,0.2,0.05000000000000002,0.013982133363138466
P2_dev_run1,9,summer,13,7,0.2,0.3,0.09999999999999998,0.010570619264285154
P2_dev_run1,9,summer,13,8,0.3,0.5,0.2,0.0038328595242187458
P2_dev_run1,9,summer,14,0,0.0,0.01,0.01,0.0227933275521508
P2_dev_run1,9,summer,14,1,0.01,0.025,0.015000000000000001,0.022208384256083843
P2_dev_run1,9,summer,14,2,0.025,0.05,0.025,0.021274221486103917
P2_dev_run1,9,summer,14,3,0.05,0.075,0.024999999999999994,0.0201093434666666
P2_dev_run1,9,summer,14,4,0.075,0.1,0.02500000000000001,0.01894770809826695
P2_dev_run1,9,summer,14,5,0.1,0.15,0.04999999999999999,0.017211692607060906
P2_dev_run1,9,summer,14,6,0.15,0.2,0.05000000000000002,0.014907639236466092
P2_dev_run1,9,summer,14,7,0.2,0.3,0.09999999999999998,0.011476746386801242
P2_dev_run1,9,summer,14,8,0.3,0.5,0.2,0.00470108073322012
P2_dev_run1,9,summer,15,0,0.0,0.01,0.01,0.023294872111523368
P2_dev_run1,9,summer,15,1,0.01,0.025,0.015000000000000001,0.02270819004930313
P2_dev_run1,9,summer,15,2,0.025,0.05,0.025,0.021771254443020416
P2_dev_run1,9,summer,15,3,0.05,0.075,0.024999999999999994,0.02060292519345364
P2_dev_run1,9,summer,15,4,0.075,0.1,0.02500000000000001,0.01943785557044774
P2_dev_run1,9,summer,15,5,0.1,0.15,0.04999999999999999,0.017696722303297555
P2_dev_run1,9,summer,15,6,0.15,0.2,0.05000000000000002,0.015385900535985758
P2_dev_run1,9,summer,15,7,0.2,0.3,0.09999999999999998,0.01194498546608053
P2_dev_run1,9,summer,15,8,0.3,0.5,0.2,0.005149717159634304
P2_dev_run1,9,summer,16,0,0.0,0.01,0.01,0.02357014174362848
P2_dev_run1,9,summer,16,1,0.01,0.025,0.015000000000000001,0.02298250491599892
P2_dev_run1,9,summer,16,2,0.025,0.05,0.025,0.02204404674020166
P2_dev_run1,9,summer,16,3,0.05,0.075,0.024999999999999994,0.020873822428603143
P2_dev_run1,9,summer,16,4,0.075,0.1,0.02500000000000001,0.01970686708821611
P2_dev_run1,9,summer,16,5,0.1,0.15,0.04999999999999999,0.017962923714617277
P2_dev_run1,9,summer,16,6,0.15,0.2,0.05000000000000002,0.015648385562834204
P2_dev_run1,9,summer,16,7,0.2,0.3,0.09999999999999998,0.012201967620309732
P2_dev_run1,9,summer,16,8,0.3,0.5,0.2,0.005395936536108092
P2_dev_run1,9,summer,17,0,0.0,0.01,0.01,0.024056952844636603
P2_dev_run1,9,summer,17,1,0.01,0.025,0.015000000000000001,0.02346762674579524
P2_dev_run1,9,summer,17,2,0.025,0.05,0.025,0.02252647468431901
P2_dev_run1,9,summer,17,3,0.05,0.075,0.024999999999999994,0.021352897464802515
P2_dev_run1,9,summer,17,4,0.075,0.1,0.02500000000000001,0.020182605754129883
P2_dev_run1,9,summer,17,5,0.1,0.15,0.04999999999999999,0.01843369058925626
P2_dev_run1,9,summer,17,6,0.15,0.2,0.05000000000000002,0.016112577288676093
P2_dev_run1,9,summer,17,7,0.2,0.3,0.09999999999999998,0.012656423690629862
P2_dev_run1,9,summer,17,8,0.3,0.5,0.2,0.005831351833344711
P2_dev_run1,9,summer,18,0,0.0,0.01,0.01,0.024009732333943323
P2_dev_run1,9,summer,18,1,0.01,0.025,0.015000000000000001,0.023420570152632433
P2_dev_run1,9,summer,18,2,0.025,0.05,0.025,0.022479679455911228
P2_dev_run1,9,summer,18,3,0.05,0.075,0.024999999999999994,0.0213064275564312
P2_dev_run1,9,summer,18,4,0.075,0.1,0.02500000000000001,0.02013645955115883
P2_dev_run1,9,summer,18,5,0.1,0.15,0.04999999999999999,0.018388026773538128
P2_dev_run1,9,summer,18,6,0.15,0.2,0.05000000000000002,0.01606755141391302
P2_dev_run1,9,summer,18,7,0.2,0.3,0.09999999999999998,0.012612342389272117
P2_dev_run1,9,summer,18,8,0.3,0.5,0.2,0.00578911786835723
P2_dev_run1,9,summer,19,0,0.0,0.01,0.01,0.023849358792824016
P2_dev_run1,9,summer,19,1,0.01,0.025,0.015000000000000001,0.023260753195562346
P2_dev_run1,9,summer,19,2,0.025,0.05,0.025,0.022320750093796082
P2_dev_run1,9,summer,19,3,0.05,0.075,0.024999999999999994,0.02114860291676735
P2_dev_run1,9,summer,19,4,0.075,0.1,0.02500000000000001,0.0199797341836827
P2_dev_run1,9,summer,19,5,0.1,0.15,0.04999999999999999,0.018232939513343486
P2_dev_run1,9,summer,19,6,0.15,0.2,0.05000000000000002,0.015914630530892142
P2_dev_run1,9,summer,19,7,0.2,0.3,0.09999999999999998,0.012462629179901267
P2_dev_run1,9,summer,19,8,0.3,0.5,0.2,0.005645678086511896
P2_dev_run1,9,summer,20,0,0.0,0.01,0.01,0.023651625411544308
P2_dev_run1,9,summer,20,1,0.01,0.025,0.015000000000000001,0.023063705906228856
P2_dev_run1,9,summer,20,2,0.025,0.05,0.025,0.022124796928733037
P2_dev_run1,9,summer,20,3,0.05,0.075,0.024999999999999994,0.02095401153942023
P2_dev_run1,9,summer,20,4,0.075,0.1,0.02500000000000001,0.01978649786984254
P2_dev_run1,9,summer,20,5,0.1,0.15,0.04999999999999999,0.018041722503198136
P2_dev_run1,9,summer,20,6,0.15,0.2,0.05000000000000002,0.015726084034721748
P2_dev_run1,9,summer,20,7,0.2,0.3,0.09999999999999998,0.012278036860428613
P2_dev_run1,9,summer,20,8,0.3,0.5,0.2,0.00546881929853249
P2_dev_run1,9,summer,21,0,0.0,0.01,0.01,0.022917685382389807
P2_dev_run1,9,summer,21,1,0.01,0.025,0.015000000000000001,0.022332311058822125
P2_dev_run1,9,summer,21,2,0.025,0.05,0.025,0.021397460914139854
P2_dev_run1,9,summer,21,3,0.05,0.075,0.024999999999999994,0.020231727358014377
P2_dev_run1,9,summer,21,4,0.075,0.1,0.02500000000000001,0.019069240657021418
P2_dev_run1,9,summer,21,5,0.1,0.15,0.04999999999999999,0.017331956485445724
P2_dev_run1,9,summer,21,6,0.15,0.2,0.05000000000000002,0.015026225241331343
P2_dev_run1,9,summer,21,7,0.2,0.3,0.09999999999999998,0.01159284787571935
P2_dev_run1,9,summer,21,8,0.3,0.5,0.2,0.004812322622305132
P2_dev_run1,9,summer,22,0,0.0,0.01,0.01,0.021706033423093962
P2_dev_run1,9,summer,22,1,0.01,0.025,0.015000000000000001,0.02112485590729333
P2_dev_run1,9,summer,22,2,0.025,0.05,0.025,0.020196698614496356
P2_dev_run1,9,summer,22,3,0.05,0.075,0.024999999999999994,0.019039295434984952
P2_dev_run1,9,summer,22,4,0.075,0.1,0.02500000000000001,0.017885098281497085
P2_dev_run1,9,summer,22,5,0.1,0.15,0.04999999999999999,0.016160167569982956
P2_dev_run1,9,summer,22,6,0.15,0.2,0.05000000000000002,0.013870774519634805
P2_dev_run1,9,summer,22,7,0.2,0.3,0.09999999999999998,0.010461590720950433
P2_dev_run1,9,summer,22,8,0.3,0.5,0.2,0.003728389410309757
P2_dev_run1,9,summer,23,0,0.0,0.01,0.01,0.02062518679458447
P2_dev_run1,9,summer,23,1,0.01,0.025,0.015000000000000001,0.02004774782790782
P2_dev_run1,9,summer,23,2,0.025,0.05,0.025,0.019125552610439467
P2_dev_run1,9,summer,23,3,0.05,0.075,0.024999999999999994,0.017975570440823544
P2_dev_run1,9,summer,23,4,0.075,0.1,0.02500000000000001,0.01682875808546202
P2_dev_run1,9,summer,23,5,0.1,0.15,0.04999999999999999,0.015114832905842594
P2_dev_run1,9,summer,23,6,0.15,0.2,0.05000000000000002,0.012839995918054733
P2_dev_run1,9,summer,23,7,0.2,0.3,0.09999999999999998,0.009452368079498343
P2_dev_run1,9,summer,23,8,0.3,0.5,0.2,0.0027613359878554677
P2_dev_run1,9,winter,0,0,0.0,0.01,0.01,0.020640365827817586
P2_dev_run1,9,winter,0,1,0.01,0.025,0.015000000000000001,0.02006287438773476
P2_dev_run1,9,winter,0,2,0.025,0.05,0.025,0.019140595502646907
P2_dev_run1,9,winter,0,3,0.05,0.075,0.024999999999999994,0.017990509174291573
P2_dev_run1,9,winter,0,4,0.075,0.1,0.02500000000000001,0.01684359317373651
P2_dev_run1,9,winter,0,5,0.1,0.15,0.04999999999999999,0.015129513530386943
P2_dev_run1,9,winter,0,6,0.15,0.2,0.05000000000000002,0.012854472242932454
P2_dev_run1,9,winter,0,7,0.2,0.3,0.09999999999999998,0.009466541847022449
P2_dev_run1,9,winter,0,8,0.3,0.5,0.2,0.0027749178430237775
P2_dev_run1,9,winter,1,0,0.0,0.01,0.01,0.019074938586381707
P2_dev_run1,9,winter,1,1,0.01,0.025,0.015000000000000001,0.018502853231973832
P2_dev_run1,9,winter,1,2,0.025,0.05,0.025,0.017589195943258917
P2_dev_run1,9,winter,1,3,0.05,0.075,0.024999999999999994,0.016449841170788074
P2_dev_run1,9,winter,1,4,0.075,0.1,0.02500000000000001,0.015313604677833487
P2_dev_run1,9,winter,1,5,0.1,0.15,0.04999999999999999,0.013615441232390228
P2_dev_run1,9,winter,1,6,0.15,0.2,0.05000000000000002,0.011361451895149918
P2_dev_run1,9,winter,1,7,0.2,0.3,0.09999999999999998,0.008004699435782971
P2_dev_run1,9,winter,1,8,0.3,0.5,0.2,0.0013740753677797535
P2_dev_run1,9,winter,2,0,0.0,0.01,0.01,0.018313933588311182
P2_dev_run1,9,winter,2,1,0.01,0.025,0.015000000000000001,0.017744472624658947
P2_dev_run1,9,winter,2,2,0.025,0.05,0.025,0.016835000769491182
P2_dev_run1,9,winter,2,3,0.05,0.075,0.024999999999999994,0.01570085584225334
P2_dev_run1,9,winter,2,4,0.075,0.1,0.02500000000000001,0.014569804062032338
P2_dev_run1,9,winter,2,5,0.1,0.15,0.04999999999999999,0.012879367895837216
P2_dev_run1,9,winter,2,6,0.15,0.2,0.05000000000000002,0.010635599653359137
P2_dev_run1,9,winter,2,7,0.2,0.3,0.09999999999999998,0.0072939856221025685
P2_dev_run1,9,winter,2,8,0.3,0.5,0.2,0.000692983300360217
P2_dev_run1,9,winter,3,0,0.0,0.01,0.01,0.017879791080439855
P2_dev_run1,9,winter,3,1,0.01,0.025,0.015000000000000001,0.01731182623022076
P2_dev_run1,9,winter,3,2,0.025,0.05,0.025,0.016404740409065588
P2_dev_run1,9,winter,3,3,0.05,0.075,0.024999999999999994,0.015273565550016358
P2_dev_run1,9,winter,3,4,0.075,0.1,0.02500000000000001,0.014145469539986183
P2_dev_run1,9,winter,3,5,0.1,0.15,0.04999999999999999,0.012459438737268683
P2_dev_run1,9,winter,3,6,0.15,0.2,0.05000000000000002,0.010221497708771673
P2_dev_run1,9,winter,3,7,0.2,0.3,0.09999999999999998,0.006888514631518685
P2_dev_run1,9,winter,3,8,0.3,0.5,0.2,0.0003044016773934982
P2_dev_run1,9,winter,4,0,0.0,0.01,0.01,0.017703181314759897
P2_dev_run1,9,winter,4,1,0.01,0.025,0.015000000000000001,0.017135824850772474
P2_dev_run1,9,winter,4,2,0.025,0.05,0.025,0.016229709320075836
P2_dev_run1,9,winter,4,3,0.05,0.075,0.024999999999999994,0.015099742264390596
P2_dev_run1,9,winter,4,4,0.075,0.1,0.02500000000000001,0.013972848244575004
P2_dev_run1,9,winter,4,5,0.1,0.15,0.04999999999999999,0.012288608935747961
P2_dev_run1,9,winter,4,6,0.15,0.2,0.05000000000000002,0.010053037647423099
P2_dev_run1,9,winter,4,7,0.2,0.3,0.09999999999999998,0.0067235645527695415
P2_dev_run1,9,winter,4,8,0.3,0.5,0.2,0.00014632026382736807
P2_dev_run1,9,winter,5,0,0.0,0.01,0.01,0.017865060545384226
P2_dev_run1,9,winter,5,1,0.01,0.025,0.015000000000000001,0.01729714643673626
P2_dev_run1,9,winter,5,2,0.025,0.05,0.025,0.016390141551552717
P2_dev_run1,9,winter,5,3,0.05,0.075,0.024999999999999994,0.015259067444588496
P2_dev_run1,9,winter,5,4,0.075,0.1,0.02500000000000001,0.014131071700926862
P2_dev_run1,9,winter,5,5,0.1,0.15,0.04999999999999999,0.012445190332129877
P2_dev_run1,9,winter,5,6,0.15,0.2,0.05000000000000002,0.010207446976639441
P2_dev_run1,9,winter,5,7,0.2,0.3,0.09999999999999998,0.006874756680242263
P2_dev_run1,9,winter,5,8,0.3,0.5,0.2,0.00029121666582844485
P2_dev_run1,9,winter,6,0,0.0,0.01,0.01,0.01843835367279778
P2_dev_run1,9,winter,6,1,0.01,0.025,0.015000000000000001,0.017868463802007496
P2_dev_run1,9,winter,6,2,0.025,0.05,0.025,0.016958307910519554
P2_dev_run1,9,winter,6,3,0.05,0.075,0.024999999999999994,0.01582331152353234
P2_dev_run1,9,winter,6,4,0.075,0.1,0.02500000000000001,0.014691412372946905
P2_dev_run1,9,winter,6,5,0.1,0.15,0.04999999999999999,0.012999713293920526
P2_dev_run1,9,winter,6,6,0.15,0.2,0.05000000000000002,0.010754274536614313
P2_dev_run1,9,winter,6,7,0.2,0.3,0.09999999999999998,0.007410186264975029
P2_dev_run1,9,winter,6,8,0.3,0.5,0.2,0.0008043423925779836
P2_dev_run1,9,winter,7,0,0.0,0.01,0.01,0.019664875989369723
P2_dev_run1,9,winter,7,1,0.01,0.025,0.015000000000000001,0.01909075453890204
P2_dev_run1,9,winter,7,2,0.025,0.05,0.025,0.018173850051813045
P2_dev_run1,9,winter,7,3,0.05,0.075,0.024999999999999994,0.01703045336990117
P2_dev_run1,9,winter,7,4,0.075,0.1,0.02500000000000001,0.01589019452427231
P2_dev_run1,9,winter,7,5,0.1,0.15,0.04999999999999999,0.014186036286914786
P2_dev_run1,9,winter,7,6,0.15,0.2,0.05000000000000002,0.011924117655517093
P2_dev_run1,9,winter,7,7,0.2,0.3,0.09999999999999998,0.00855562159185322
P2_dev_run1,9,winter,7,8,0.3,0.5,0.2,0.0019020199854875158
P2_dev_run1,9,winter,8,0,0.0,0.01,0.01,0.021613948244170178
P2_dev_run1,9,winter,8,1,0.01,0.025,0.015000000000000001,0.021033089445452825
P2_dev_run1,9,winter,8,2,0.025,0.05,0.025,0.020105440399774688
P2_dev_run1,9,winter,8,3,0.05,0.075,0.024999999999999994,0.018948669837670632
P2_dev_run1,9,winter,8,4,0.075,0.1,0.02500000000000001,0.017795102206066275
P2_dev_run1,9,winter,8,5,0.1,0.15,0.04999999999999999,0.016071109663184372
P2_dev_run1,9,winter,8,6,0.15,0.2,0.05000000000000002,0.013782957421289427
P2_dev_run1,9,winter,8,7,0.2,0.3,0.09999999999999998,0.010375611075878479
P2_dev_run1,9,winter,8,8,0.3,0.5,0.2,0.0036460041469550675
P2_dev_run1,9,winter,9,0,0.0,0.01,0.01,0.02395624425149956
P2_dev_run1,9,winter,9,1,0.01,0.025,0.015000000000000001,0.02336726771301108
P2_dev_run1,9,winter,9,2,0.025,0.05,0.025,0.02242667306771473
P2_dev_run1,9,winter,9,3,0.05,0.075,0.024999999999999994,0.021253789642297075
P2_dev_run1,9,winter,9,4,0.075,0.1,0.02500000000000001,0.020084188293699727
P2_dev_run1,9,winter,9,5,0.1,0.15,0.04999999999999999,0.018336301891320187
P2_dev_run1,9,winter,9,6,0.15,0.2,0.05000000000000002,0.01601654910899141
P2_dev_run1,9,winter,9,7,0.2,0.3,0.09999999999999998,0.012562409973693737
P2_dev_run1,9,winter,9,8,0.3,0.5,0.2,0.005741277885348561
P2_dev_run1,9,winter,10,0,0.0,0.01,0.01,0.024123101163397997
P2_dev_run1,9,winter,10,1,0.01,0.025,0.015000000000000001,0.023533545463844115
P2_dev_run1,9,winter,10,2,0.025,0.05,0.025,0.02259202722270426
P2_dev_run1,9,winter,10,3,0.05,0.075,0.024999999999999994,0.021417994260957144
P2_dev_run1,9,winter,10,4,0.075,0.1,0.02500000000000001,0.020247249053011444
P2_dev_run1,9,winter,10,5,0.1,0.15,0.04999999999999999,0.018497658103950324
P2_dev_run1,9,winter,10,6,0.15,0.2,0.05000000000000002,0.01617565109589713
P2_dev_run1,9,winter,10,7,0.2,0.3,0.09999999999999998,0.012718174223223525
P2_dev_run1,9,winter,10,8,0.3,0.5,0.2,0.005890514403818492
P2_dev_run1,9,winter,11,0,0.0,0.01,0.01,0.02349185837003942
P2_dev_run1,9,winter,11,1,0.01,0.025,0.015000000000000001,0.022904493105465235
P2_dev_run1,9,winter,11,2,0.025,0.05,0.025,0.021966467978691284
P2_dev_run1,9,winter,11,3,0.05,0.075,0.024999999999999994,0.020796782668093265
P2_dev_run1,9,winter,11,4,0.075,0.1,0.02500000000000001,0.019630363654983267
P2_dev_run1,9,winter,11,5,0.1,0.15,0.04999999999999999,0.017887219536173452
P2_dev_run1,9,winter,11,6,0.15,0.2,0.05000000000000002,0.015573738396663645
P2_dev_run1,9,winter,11,7,0.2,0.3,0.09999999999999998,0.0121288855657431
P2_dev_run1,9,winter,11,8,0.3,0.5,0.2,0.005325915572437223
P2_dev_run1,9,winter,12,0,0.0,0.01,0.01,0.022535809288470876
P2_dev_run1,9,winter,12,1,0.01,0.025,0.015000000000000001,0.021951758349651275
P2_dev_run1,9,winter,12,2,0.025,0.05,0.025,0.02101901864208111
P2_dev_run1,9,winter,12,3,0.05,0.075,0.024999999999999994,0.019855911865414026
P2_dev_run1,9,winter,12,4,0.075,0.1,0.02500000000000001,0.018696039029653104
P2_dev_run1,9,winter,12,5,0.1,0.15,0.04999999999999999,0.01696265013271359
P2_dev_run1,9,winter,12,6,0.15,0.2,0.05000000000000002,0.014662070544629863
P2_dev_run1,9,winter,12,7,0.2,0.3,0.09999999999999998,0.01123632156451282
P2_dev_run1,9,winter,12,8,0.3,0.5,0.2,0.004470717266646662
P2_dev_run1,9,winter,13,0,0.0,0.01,0.01,0.0211335137736135
P2_dev_run1,9,winter,13,1,0.01,0.025,0.015000000000000001,0.020554317177342202
P2_dev_run1,9,winter,13,2,0.025,0.05,0.025,0.01962931891694164
P2_dev_run1,9,winter,13,3,0.05,0.075,0.024999999999999994,0.018475847797242432
P2_dev_run1,9,winter,13,4,0.075,0.1,0.02500000000000001,0.017325563489382072
P2_dev_run1,9,winter,13,5,0.1,0.15,0.04999999999999999,0.01560646403416244
P2_dev_run1,9,winter,13,6,0.15,0.2,0.05000000000000002,0.013324783411238212
P2_dev_run1,9,winter,13,7,0.2,0.3,0.09999999999999998,0.009927020725600257
P2_dev_run1,9,winter,13,8,0.3,0.5,0.2,0.0032161616254609837
P2_dev_run1,9,winter,14,0,0.0,0.01,0.01,0.02195203878721519
P2_dev_run1,9,winter,14,1,0.01,0.025,0.015000000000000001,0.021370009694698933
P2_dev_run1,9,winter,14,2,0.025,0.05,0.025,0.020440494314029056
P2_dev_run1,9,winter,14,3,0.05,0.075,0.024999999999999994,0.01928140076161711
P2_dev_run1,9,winter,14,4,0.075,0.1,0.02500000000000001,0.018125521498829615
P2_dev_run1,9,winter,14,5,0.1,0.15,0.04999999999999999,0.016398084002225425
P2_dev_run1,9,winter,14,6,0.15,0.2,0.05000000000000002,0.01410537552051227
P2_dev_run1,9,winter,14,7,0.2,0.3,0.09999999999999998,0.01069128210122561
P2_dev_run1,9,winter,14,8,0.3,0.5,0.2,0.003948476869670148
P2_dev_run1,9,winter,15,0,0.0,0.01,0.01,0.0223872050607532
P2_dev_run1,9,winter,15,1,0.01,0.025,0.015000000000000001,0.021803668937268407
P2_dev_run1,9,winter,15,2,0.025,0.05,0.025,0.020871750223968588
P2_dev_run1,9,winter,15,3,0.05,0.075,0.024999999999999994,0.019709665317130257
P2_dev_run1,9,winter,15,4,0.075,0.1,0.02500000000000001,0.018550809342890988
P2_dev_run1,9,winter,15,5,0.1,0.15,0.04999999999999999,0.016818935802451754
P2_dev_run1,9,winter,15,6,0.15,0.2,0.05000000000000002,0.014520360356440326
P2_dev_run1,9,winter,15,7,0.2,0.3,0.09999999999999998,0.011097579081834343
P2_dev_run1,9,winter,15,8,0.3,0.5,0.2,0.004337779698784239
P2_dev_run1,9,winter,16,0,0.0,0.01,0.01,0.022846159515699238
P2_dev_run1,9,winter,16,1,0.01,0.025,0.015000000000000001,0.02226103311422922
P2_dev_run1,9,winter,16,2,0.025,0.05,0.025,0.02132657833474494
P2_dev_run1,9,winter,16,3,0.05,0.075,0.024999999999999994,0.020161336864696903
P2_dev_run1,9,winter,16,4,0.075,0.1,0.02500000000000001,0.018999339833694055
P2_dev_run1,9,winter,16,5,0.1,0.15,0.04999999999999999,0.01726278538041415
P2_dev_run1,9,winter,16,6,0.15,0.2,0.05000000000000002,0.014958019212889523
P2_dev_run1,9,winter,16,7,0.2,0.3,0.09999999999999998,0.011526070885794494
P2_dev_run1,9,winter,16,8,0.3,0.5,0.2,0.004748340757503994
P2_dev_run1,9,winter,17,0,0.0,0.01,0.01,0.023529426279350618
P2_dev_run1,9,winter,17,1,0.01,0.025,0.015000000000000001,0.02294193069908301
P2_dev_run1,9,winter,17,2,0.025,0.05,0.025,0.022003697754917617
P2_dev_run1,9,winter,17,3,0.05,0.075,0.024999999999999994,0.020833753789568647
P2_dev_run1,9,winter,17,4,0.075,0.1,0.02500000000000001,0.019667077395580927
P2_dev_run1,9,winter,17,5,0.1,0.15,0.04999999999999999,0.017923549732415393
P2_dev_run1,9,winter,17,6,0.15,0.2,0.05000000000000002,0.015609561343215
P2_dev_run1,9,winter,17,7,0.2,0.3,0.09999999999999998,0.012163957439273457
P2_dev_run1,9,winter,17,8,0.3,0.5,0.2,0.00535951846771035
P2_dev_run1,9,winter,18,0,0.0,0.01,0.01,0.023516901974729443
P2_dev_run1,9,winter,18,1,0.01,0.025,0.015000000000000001,0.022929449856120183
P2_dev_run1,9,winter,18,2,0.025,0.05,0.025,0.02199128618153301
P2_dev_run1,9,winter,18,3,0.05,0.075,0.024999999999999994,0.020821428448056793
P2_dev_run1,9,winter,18,4,0.075,0.1,0.02500000000000001,0.019654837864342405
P2_dev_run1,9,winter,18,5,0.1,0.15,0.04999999999999999,0.017911438062380162
P2_dev_run1,9,winter,18,6,0.15,0.2,0.05000000000000002,0.015597618783300677
P2_dev_run1,9,winter,18,7,0.2,0.3,0.09999999999999998,0.01215226527441549
P2_dev_run1,9,winter,18,8,0.3,0.5,0.2,0.005348316032407485
P2_dev_run1,9,winter,19,0,0.0,0.01,0.01,0.0231481819188889
P2_dev_run1,9,winter,19,1,0.01,0.025,0.015000000000000001,0.02256200853047822
P2_dev_run1,9,winter,19,2,0.025,0.05,0.025,0.021625884082624447
P2_dev_run1,9,winter,19,3,0.05,0.075,0.024999999999999994,0.02045856445383021
P2_dev_run1,9,winter,19,4,0.075,0.1,0.02500000000000001,0.019294499472966013
P2_dev_run1,9,winter,19,5,0.1,0.15,0.04999999999999999,0.0175548633434669
P2_dev_run1,9,winter,19,6,0.15,0.2,0.05000000000000002,0.01524602156255716
P2_dev_run1,9,winter,19,7,0.2,0.3,0.09999999999999998,0.011808038303818828
P2_dev_run1,9,winter,19,8,0.3,0.5,0.2,0.0050185042896767895
P2_dev_run1,9,winter,20,0,0.0,0.01,0.01,0.022554401398339197
P2_dev_run1,9,winter,20,1,0.01,0.025,0.015000000000000001,0.02197028603353468
P2_dev_run1,9,winter,20,2,0.025,0.05,0.025,0.02103744359939208
P2_dev_run1,9,winter,20,3,0.05,0.075,0.024999999999999994,0.019874208955923404
P2_dev_run1,9,winter,20,4,0.075,0.1,0.02500000000000001,0.018714208891420496
P2_dev_run1,9,winter,20,5,0.1,0.15,0.04999999999999999,0.016980630392260946
P2_dev_run1,9,winter,20,6,0.15,0.2,0.05000000000000002,0.014679800034841367
P2_dev_run1,9,winter,20,7,0.2,0.3,0.09999999999999998,0.011253679731665913
P2_dev_run1,9,winter,20,8,0.3,0.5,0.2,0.0044873491132195464
P2_dev_run1,9,winter,21,0,0.0,0.01,0.01,0.021745965227895625
P2_dev_run1,9,winter,21,1,0.01,0.025,0.015000000000000001,0.021164649505754175
P2_dev_run1,9,winter,21,2,0.025,0.05,0.025,0.020236271789484395
P2_dev_run1,9,winter,21,3,0.05,0.075,0.024999999999999994,0.019078594264236862
P2_dev_run1,9,winter,21,4,0.075,0.1,0.02500000000000001,0.017924124096666542
P2_dev_run1,9,winter,21,5,0.1,0.15,0.04999999999999999,0.01619878653123075
P2_dev_run1,9,winter,21,6,0.15,0.2,0.05000000000000002,0.013908855378133573
P2_dev_run1,9,winter,21,7,0.2,0.3,0.09999999999999998,0.010498874731349752
P2_dev_run1,9,winter,21,8,0.3,0.5,0.2,0.003764114656096551
P2_dev_run1,9,winter,22,0,0.0,0.01,0.01,0.02091705877734773
P2_dev_run1,9,winter,22,1,0.01,0.025,0.015000000000000001,0.020338610745163077
P2_dev_run1,9,winter,22,2,0.025,0.05,0.025,0.01941480628282366
P2_dev_run1,9,winter,22,3,0.05,0.075,0.024999999999999994,0.018262821077680295
P2_dev_run1,9,winter,22,4,0.075,0.1,0.02500000000000001,0.017114015437247325
P2_dev_run1,9,winter,22,5,0.1,0.15,0.04999999999999999,0.0153971196501046
P2_dev_run1,9,winter,22,6,0.15,0.2,0.05000000000000002,0.013118353638215669
P2_dev_run1,9,winter,22,7,0.2,0.3,0.09999999999999998,0.009724907210970359
P2_dev_run1,9,winter,22,8,0.3,0.5,0.2,0.003022491979202263
P2_dev_run1,9,winter,23,0,0.0,0.01,0.01,0.020646438133406497
P2_dev_run1,9,winter,23,1,0.01,0.025,0.015000000000000001,0.02006892571101241
P2_dev_run1,9,winter,23,2,0.025,0.05,0.025,0.019146613342304608
P2_dev_run1,9,winter,23,3,0.05,0.075,0.024999999999999994,0.01799648535374399
P2_dev_run1,9,winter,23,4,0.075,0.1,0.02500000000000001,0.016849527888649345
P2_dev_run1,9,winter,23,5,0.1,0.15,0.04999999999999999,0.015135386450427783
P2_dev_run1,9,winter,23,6,0.15,0.2,0.05000000000000002,0.01286026343021773
P2_dev_run1,9,winter,23,7,0.2,0.3,0.09999999999999998,0.009472211998623472
P2_dev_run1,9,winter,23,8,0.3,0.5,0.2,0.0027803512006481512
P2_dev_run1,9,shoulder,0,0,0.0,0.01,0.01,0.01800657191924765
P2_dev_run1,9,shoulder,0,1,0.01,0.025,0.015000000000000001,0.017438170236674006
P2_dev_run1,9,shoulder,0,2,0.025,0.05,0.025,0.016530387761031773
P2_dev_run1,9,shoulder,0,3,0.05,0.075,0.024999999999999994,0.015398345724765287
P2_dev_run1,9,shoulder,0,4,0.075,0.1,0.02500000000000001,0.014269386701841741
P2_dev_run1,9,shoulder,0,5,0.1,0.15,0.04999999999999999,0.012582069642756436
P2_dev_run1,9,shoulder,0,6,0.15,0.2,0.05000000000000002,0.01034242719791911
P2_dev_run1,9,shoulder,0,7,0.2,0.3,0.09999999999999998,0.007006924057367388
P2_dev_run1,9,shoulder,0,8,0.3,0.5,0.2,0.0004178796769708365
P2_dev_run1,9,shoulder,1,0,0.0,0.01,0.01,0.01643000837785319
P2_dev_run1,9,shoulder,1,1,0.01,0.025,0.015000000000000001,0.015867034000730897
P2_dev_run1,9,shoulder,1,2,0.025,0.05,0.025,0.014967907279113679
P2_dev_run1,9,shoulder,1,3,0.05,0.075,0.024999999999999994,0.013846639841699208
P2_dev_run1,9,shoulder,1,4,0.075,0.1,0.02500000000000001,0.012728403771487536
P2_dev_run1,9,shoulder,1,5,0.1,0.15,0.04999999999999999,0.011057068861049792
P2_dev_run1,9,shoulder,1,6,0.15,0.2,0.05000000000000002,0.008838567563430318
P2_dev_run1,9,shoulder,1,7,0.2,0.3,0.09999999999999998,0.005534379059920908
P2_dev_run1,9,shoulder,1,8,0.3,0.5,0.2,-0.0009933825691250259
P2_dev_run1,9,shoulder,2,0,0.0,0.01,0.01,0.015782790329411933
P2_dev_run1,9,shoulder,2,1,0.01,0.025,0.015000000000000001,0.015222041037277199
P2_dev_run1,9,shoulder,2,2,0.025,0.05,0.025,0.0143264630478257
P2_dev_run1,9,shoulder,2,3,0.05,0.075,0.024999999999999994,0.013209613150411696
P2_dev_run1,9,shoulder,2,4,0.075,0.1,0.02500000000000001,0.012095773540045648
P2_dev_run1,9,shoulder,2,5,0.1,0.15,0.04999999999999999,0.010430991593632923
P2_dev_run1,9,shoulder,2,6,0.15,0.2,0.05000000000000002,0.008221158882148468
P2_dev_run1,9,shoulder,2,7,0.2,0.3,0.09999999999999998,0.0049298112349924214
P2_dev_run1,9,shoulder,2,8,0.3,0.5,0.2,-0.0015728181738845076
P2_dev_run1,9,shoulder,3,0,0.0,0.01,0.01,0.015437966679740511
P2_dev_run1,9,shoulder,3,1,0.01,0.025,0.015000000000000001,0.014878402148036743
P2_dev_run1,9,shoulder,3,2,0.025,0.05,0.025,0.013984713760871736
P2_dev_run1,9,shoulder,3,3,0.05,0.075,0.024999999999999994,0.012870216073247457
P2_dev_run1,9,shoulder,3,4,0.075,0.1,0.02500000000000001,0.011758717486214928
P2_dev_run1,9,shoulder,3,5,0.1,0.15,0.04999999999999999,0.010097424898289633
P2_dev_run1,9,shoulder,3,6,0.15,0.2,0.05000000000000002,0.007892208166799804
P2_dev_run1,9,shoulder,3,7,0.2,0.3,0.09999999999999998,0.00460769840260264
P2_dev_run1,9,shoulder,3,8,0.3,0.5,0.2,-0.0018815472209531003
P2_dev_run1,9,shoulder,4,0,0.0,0.01,0.01,0.015291815634031758
P2_dev_run1,9,shoulder,4,1,0.01,0.025,0.015000000000000001,0.014732753111772651
P2_dev_run1,9,shoulder,4,2,0.025,0.05,0.025,0.013839865384419614
P2_dev_run1,9,shoulder,4,3,0.05,0.075,0.024999999999999994,0.01272636438395092
P2_dev_run1,9,shoulder,4,4,0.075,0.1,0.02500000000000001,0.01161585774618112
P2_dev_run1,9,shoulder,4,5,0.1,0.15,0.04999999999999999,0.009956043696407737
P2_dev_run1,9,shoulder,4,6,0.15,0.2,0.05000000000000002,0.007752782901328245
P2_dev_run1,9,shoulder,4,7,0.2,0.3,0.09999999999999998,0.004471170604045811
P2_dev_run1,9,shoulder,4,8,0.3,0.5,0.2,-0.002012403676322286
P2_dev_run1,9,shoulder,5,0,0.0,0.01,0.01,0.015417892671361344
P2_dev_run1,9,shoulder,5,1,0.01,0.025,0.015000000000000001,0.014858397090553031
P2_dev_run1,9,shoulder,5,2,0.025,0.05,0.025,0.013964818688974034
P2_dev_run1,9,shoulder,5,3,0.05,0.075,0.024999999999999994,0.012850457903013094
P2_dev_run1,9,shoulder,5,4,0.075,0.1,0.02500000000000001,0.011739095571575705
P2_dev_run1,9,shoulder,5,5,0.1,0.15,0.04999999999999999,0.010078006078120818
P2_dev_run1,9,shoulder,5,6,0.15,0.2,0.05000000000000002,0.007873058013758701
P2_dev_run1,9,shoulder,5,7,0.2,0.3,0.09999999999999998,0.004588946245463883
P2_dev_run1,9,shoulder,5,8,0.3,0.5,0.2,-0.0018995203672712152
P2_dev_run1,9,shoulder,6,0,0.0,0.01,0.01,0.015898025326696597
P2_dev_run1,9,shoulder,6,1,0.01,0.025,0.015000000000000001,0.015336879980596777
P2_dev_run1,9,shoulder,6,2,0.025,0.05,0.025,0.014440670359479046
P2_dev_run1,9,shoulder,6,3,0.05,0.075,0.024999999999999994,0.013323034175236618
P2_dev_run1,9,shoulder,6,4,0.075,0.1,0.02500000000000001,0.012208412025248024
P2_dev_run1,9,shoulder,6,5,0.1,0.15,0.04999999999999999,0.01054246368853179
P2_dev_run1,9,shoulder,6,6,0.15,0.2,0.05000000000000002,0.008331088005792128
P2_dev_run1,9,shoulder,6,7,0.2,0.3,0.09999999999999998,0.005037454705300038
P2_dev_run1,9,shoulder,6,8,0.3,0.5,0.2,-0.0014696483150108963
P2_dev_run1,9,shoulder,7,0,0.0,0.01,0.01,0.016839796158311937
P2_dev_run1,9,shoulder,7,1,0.01,0.025,0.015000000000000001,0.016275412073530705
P2_dev_run1,9,shoulder,7,2,0.025,0.05,0.025,0.015374037058329404
P2_dev_run1,9,shoulder,7,3,0.05,0.075,0.024999999999999994,0.014249970935604764
P2_dev_run1,9,shoulder,7,4,0.075,0.1,0.02500000000000001,0.01312894956215726
P2_dev_run1,9,shoulder,7,5,0.1,0.15,0.04999999999999999,0.011453463190101156
P2_dev_run1,9,shoulder,7,6,0.15,0.2,0.05000000000000002,0.00922947024139947
P2_dev_run1,9,shoulder,7,7,0.2,0.3,0.09999999999999998,0.005917147139876818
P2_dev_run1,9,shoulder,7,8,0.3,0.5,0.2,-0.0006265347805173294
P2_dev_run1,9,shoulder,8,0,0.0,0.01,0.01,0.018039032504872654
P2_dev_run1,9,shoulder,8,1,0.01,0.025,0.015000000000000001,0.01747051897208936
P2_dev_run1,9,shoulder,8,2,0.025,0.05,0.025,0.01656255810914442
P2_dev_run1,9,shoulder,8,3,0.05,0.075,0.024999999999999994,0.015430294020698513
P2_dev_run1,9,shoulder,8,4,0.075,0.1,0.02500000000000001,0.014301114017527533
P2_dev_run1,9,shoulder,8,5,0.1,0.15,0.04999999999999999,0.012613467596073461
P2_dev_run1,9,shoulder,8,6,0.15,0.2,0.05000000000000002,0.01037338949166466
P2_dev_run1,9,shoulder,8,7,0.2,0.3,0.09999999999999998,0.0070372410659433355
P2_dev_run1,9,shoulder,8,8,0.3,0.5,0.2,0.00044693396520523176
P2_dev_run1,9,shoulder,9,0,0.0,0.01,0.01,0.019167521106012997
P2_dev_run1,9,shoulder,9,1,0.01,0.025,0.015000000000000001,0.018595116324250184
P2_dev_run1,9,shoulder,9,2,0.025,0.05,0.025,0.017680949580086147
P2_dev_run1,9,shoulder,9,3,0.05,0.075,0.024999999999999994,0.016540960671902475
P2_dev_run1,9,shoulder,9,4,0.075,0.1,0.02500000000000001,0.015404093106854417
P2_dev_run1,9,shoulder,9,5,0.1,0.15,0.04999999999999999,0.013704989123451975
P2_dev_run1,9,shoulder,9,6,0.15,0.2,0.05000000000000002,0.011449755728246965
P2_dev_run1,9,shoulder,9,7,0.2,0.3,0.09999999999999998,0.008091160746192956
P2_dev_run1,9,shoulder,9,8,0.3,0.5,0.2,0.0014569315104021735
P2_dev_run1,9,shoulder,10,0,0.0,0.01,0.01,0.019206373787197806
P2_dev_run1,9,shoulder,10,1,0.01,0.025,0.015000000000000001,0.01863383494429919
P2_dev_run1,9,shoulder,10,2,0.025,0.05,0.025,0.017719454383019473
P2_dev_run1,9,shoulder,10,3,0.05,0.075,0.024999999999999994,0.016579199338496723
P2_dev_run1,9,shoulder,10,4,0.075,0.1,0.02500000000000001,0.015442066922110026
P2_dev_run1,9,shoulder,10,5,0.1,0.15,0.04999999999999999,0.013742568207436582
P2_dev_run1,9,shoulder,10,6,0.15,0.2,0.05000000000000002,0.011486812700949586
P2_dev_run1,9,shoulder,10,7,0.2,0.3,0.09999999999999998,0.008127444442974365
P2_dev_run1,9,shoulder,10,8,0.3,0.5,0.2,0.001491702189702973
P2_dev_run1,9,shoulder,11,0,0.0,0.01,0.01,0.01886622362646667
P2_dev_run1,9,shoulder,11,1,0.01,0.025,0.015000000000000001,0.018294858289453576
P2_dev_run1,9,shoulder,11,2,0.025,0.05,0.025,0.017382349283423526
P2_dev_run1,9,shoulder,11,3,0.05,0.075,0.024999999999999994,0.016244423836143666
P2_dev_run1,9,shoulder,11,4,0.075,0.1,0.02500000000000001,0.01510960976292663
P2_dev_run1,9,shoulder,11,5,0.1,0.15,0.04999999999999999,0.013413566275249925
P2_dev_run1,9,shoulder,11,6,0.15,0.2,0.05000000000000002,0.011162381037110865
P2_dev_run1,9,shoulder,11,7,0.2,0.3,0.09999999999999998,0.00780978165953128
P2_dev_run1,9,shoulder,11,8,0.3,0.5,0.2,0.0011872838140160324
P2_dev_run1,9,shoulder,12,0,0.0,0.01,0.01,0.018254745302044573
P2_dev_run1,9,shoulder,12,1,0.01,0.025,0.015000000000000001,0.017685488364003556
P2_dev_run1,9,shoulder,12,2,0.025,0.05,0.025,0.016776341874383816
P2_dev_run1,9,shoulder,12,3,0.05,0.075,0.024999999999999994,0.015642601958278938
P2_dev_run1,9,shoulder,12,4,0.075,0.1,0.02500000000000001,0.014511953234569436
P2_dev_run1,9,shoulder,12,5,0.1,0.15,0.04999999999999999,0.012822117793336588
P2_dev_run1,9,shoulder,12,6,0.15,0.2,0.05000000000000002,0.010579144161249884
P2_dev_run1,9,shoulder,12,7,0.2,0.3,0.09999999999999998,0.007238707043621813
P2_dev_run1,9,shoulder,12,8,0.3,0.5,0.2,0.0006400077155153255
P2_dev_run1,9,shoulder,13,0,0.0,0.01,0.01,0.01739493492421834
P2_dev_run1,9,shoulder,13,1,0.01,0.025,0.015000000000000001,0.01682864001019598
P2_dev_run1,9,shoulder,13,2,0.025,0.05,0.025,0.015924217503741622
P2_dev_run1,9,shoulder,13,3,0.05,0.075,0.024999999999999994,0.014796357880252912
P2_dev_run1,9,shoulder,13,4,0.075,0.1,0.02500000000000001,0.013671561181677888
P2_dev_run1,9,shoulder,13,5,0.1,0.15,0.04999999999999999,0.011990447820618703
P2_dev_run1,9,shoulder,13,6,0.15,0.2,0.05000000000000002,0.009759011474049225
P2_dev_run1,9,shoulder,13,7,0.2,0.3,0.09999999999999998,0.0064356630219278305
P2_dev_run1,9,shoulder,13,8,0.3,0.5,0.2,-0.00012959572129177255
P2_dev_run1,9,shoulder,14,0,0.0,0.01,0.01,0.018308013027568126
P2_dev_run1,9,shoulder,14,1,0.01,0.025,0.015000000000000001,0.017738572485416954
P2_dev_run1,9,shoulder,14,2,0.025,0.05,0.025,0.016829133171929467
P2_dev_run1,9,shoulder,14,3,0.05,0.075,0.024999999999999994,0.015695028767752642
P2_dev_run1,9,shoulder,14,4,0.075,0.1,0.02500000000000001,0.014564017298727689
P2_dev_run1,9,shoulder,14,5,0.1,0.15,0.04999999999999999,0.012873641224314395
P2_dev_run1,9,shoulder,14,6,0.15,0.2,0.05000000000000002,0.010629952468703126
P2_dev_run1,9,shoulder,14,7,0.2,0.3,0.09999999999999998,0.007288456167183212
P2_dev_run1,9,shoulder,14,8,0.3,0.5,0.2,0.0006876842168248437
P2_dev_run1,9,shoulder,15,0,0.0,0.01,0.01,0.018851333544050997
P2_dev_run1,9,shoulder,15,1,0.01,0.025,0.015000000000000001,0.018280019566588313
P2_dev_run1,9,shoulder,15,2,0.025,0.05,0.025,0.017367592467941173
P2_dev_run1,9,shoulder,15,3,0.05,0.075,0.024999999999999994,0.0162297689808022
P2_dev_run1,9,shoulder,15,4,0.075,0.1,0.02500000000000001,0.015095056375057364
P2_dev_run1,9,shoulder,15,5,0.1,0.15,0.04999999999999999,0.013399164108059417
P2_dev_run1,9,shoulder,15,6,0.15,0.2,0.05000000000000002,0.01114817889517172
P2_dev_run1,9,shoulder,15,7,0.2,0.3,0.09999999999999998,0.007795875769441575
P2_dev_run1,9,shoulder,15,8,0.3,0.5,0.2,0.0011739576033320542
P2_dev_run1,9,shoulder,16,0,0.0,0.01,0.01,0.019367937652751965
P2_dev_run1,9,shoulder,16,1,0.01,0.025,0.015000000000000001,0.018794841234747357
P2_dev_run1,9,shoulder,16,2,0.025,0.05,0.025,0.017879571474566647
P2_dev_run1,9,shoulder,16,3,0.05,0.075,0.024999999999999994,0.016738209587849332
P2_dev_run1,9,shoulder,16,4,0.075,0.1,0.02500000000000001,0.015599975692942575
P2_dev_run1,9,shoulder,16,5,0.1,0.15,0.04999999999999999,0.013898835361533527
P2_dev_run1,9,shoulder,16,6,0.15,0.2,0.05000000000000002,0.011640908486619802
P2_dev_run1,9,shoulder,16,7,0.2,0.3,0.09999999999999998,0.008278324328021143
P2_dev_run1,9,shoulder,16,8,0.3,0.5,0.2,0.0016362897927996167
P2_dev_run1,9,shoulder,17,0,0.0,0.01,0.01,0.020080390772872492
P2_dev_run1,9,shoulder,17,1,0.01,0.025,0.015000000000000001,0.019504834354081936
P2_dev_run1,9,shoulder,17,2,0.025,0.05,0.025,0.01858564137371177
P2_dev_run1,9,shoulder,17,3,0.05,0.075,0.024999999999999994,0.017439396143580924
P2_dev_run1,9,shoulder,17,4,0.075,0.1,0.02500000000000001,0.016296302567715408
P2_dev_run1,9,shoulder,17,5,0.1,0.15,0.04999999999999999,0.014587919589867663
P2_dev_run1,9,shoulder,17,6,0.15,0.2,0.05000000000000002,0.012320413000348193
P2_dev_run1,9,shoulder,17,7,0.2,0.3,0.09999999999999998,0.008943641188533942
P2_dev_run1,9,shoulder,17,8,0.3,0.5,0.2,0.0022738480145340773
P2_dev_run1,9,shoulder,18,0,0.0,0.01,0.01,0.020288850640720613
P2_dev_run1,9,shoulder,18,1,0.01,0.025,0.015000000000000001,0.019712574032941056
P2_dev_run1,9,shoulder,18,2,0.025,0.05,0.025,0.01879223251448625
P2_dev_run1,9,shoulder,18,3,0.05,0.075,0.024999999999999994,0.017644557670101205
P2_dev_run1,9,shoulder,18,4,0.075,0.1,0.02500000000000001,0.016500041426646954
P2_dev_run1,9,shoulder,18,5,0.1,0.15,0.04999999999999999,0.014789538188415833
P2_dev_run1,9,shoulder,18,6,0.15,0.2,0.05000000000000002,0.01251922722322801
P2_dev_run1,9,shoulder,18,7,0.2,0.3,0.09999999999999998,0.009138302202691547
P2_dev_run1,9,shoulder,18,8,0.3,0.5,0.2,0.002460383489643267
P2_dev_run1,9,shoulder,19,0,0.0,0.01,0.01,0.0204432319188097
P2_dev_run1,9,shoulder,19,1,0.01,0.025,0.015000000000000001,0.019866421832748227
P2_dev_run1,9,shoulder,19,2,0.025,0.05,0.025,0.01894522954317135
P2_dev_run1,9,shoulder,19,3,0.05,0.075,0.024999999999999994,0.017796495727792076
P2_dev_run1,9,shoulder,19,4,0.075,0.1,0.02500000000000001,0.016650925660957043
P2_dev_run1,9,shoulder,19,5,0.1,0.15,0.04999999999999999,0.014938851880000884
P2_dev_run1,9,shoulder,19,6,0.15,0.2,0.05000000000000002,0.01266646363936252
P2_dev_run1,9,shoulder,19,7,0.2,0.3,0.09999999999999998,0.009282462254631281
P2_dev_run1,9,shoulder,19,8,0.3,0.5,0.2,0.0025985249005559125
P2_dev_run1,9,shoulder,20,0,0.0,0.01,0.01,0.02027675318524158
P2_dev_run1,9,shoulder,20,1,0.01,0.025,0.015000000000000001,0.019700518373013304
P2_dev_run1,9,shoulder,20,2,0.025,0.05,0.025,0.018780243516274275
P2_dev_run1,9,shoulder,20,3,0.05,0.075,0.024999999999999994,0.017632651647354617
P2_dev_run1,9,shoulder,20,4,0.075,0.1,0.02500000000000001,0.016488217970738177
P2_dev_run1,9,shoulder,20,5,0.1,0.15,0.04999999999999999,0.014777837790962148
P2_dev_run1,9,shoulder,20,6,0.15,0.2,0.05000000000000002,0.012507689588173995
P2_dev_run1,9,shoulder,20,7,0.2,0.3,0.09999999999999998,0.0091270056128763
P2_dev_run1,9,shoulder,20,8,0.3,0.5,0.2,0.002449558490184925
P2_dev_run1,9,shoulder,21,0,0.0,0.01,0.01,0.0196438489065337
P2_dev_run1,9,shoulder,21,1,0.01,0.025,0.015000000000000001,0.019069800043078344
P2_dev_run1,9,shoulder,21,2,0.025,0.05,0.025,0.018153011344637093
P2_dev_run1,9,shoulder,21,3,0.05,0.075,0.024999999999999994,0.017009758774046427
P2_dev_run1,9,shoulder,21,4,0.075,0.1,0.02500000000000001,0.01586964334347351
P2_dev_run1,9,shoulder,21,5,0.1,0.15,0.04999999999999999,0.014165698846022593
P2_dev_run1,9,shoulder,21,6,0.15,0.2,0.05000000000000002,0.011904062923164534
P2_dev_run1,9,shoulder,21,7,0.2,0.3,0.09999999999999998,0.00853598556063165
P2_dev_run1,9,shoulder,21,8,0.3,0.5,0.2,0.0018832031585826192
P2_dev_run1,9,shoulder,22,0,0.0,0.01,0.01,0.018940710272349892
P2_dev_run1,9,shoulder,22,1,0.01,0.025,0.015000000000000001,0.018369087988776935
P2_dev_run1,9,shoulder,22,2,0.025,0.05,0.025,0.01745616921411841
P2_dev_run1,9,shoulder,22,3,0.05,0.075,0.024999999999999994,0.016317733712923336
P2_dev_run1,9,shoulder,22,4,0.075,0.1,0.02500000000000001,0.015182412036742749
P2_dev_run1,9,shoulder,22,5,0.1,0.15,0.04999999999999999,0.013485612034042364
P2_dev_run1,9,shoulder,22,6,0.15,0.2,0.05000000000000002,0.011233426135376364
P2_dev_run1,9,shoulder,22,7,0.2,0.3,0.09999999999999998,0.00787934469886384
P2_dev_run1,9,shoulder,22,8,0.3,0.5,0.2,0.0012539469321907332
P2_dev_run1,9,shoulder,23,0,0.0,0.01,0.01,0.018476898932361097
P2_dev_run1,9,shoulder,23,1,0.01,0.025,0.015000000000000001,0.017906876172570547
P2_dev_run1,9,shoulder,23,2,0.025,0.05,0.025,0.01699650834732558
P2_dev_run1,9,shoulder,23,3,0.05,0.075,0.024999999999999994,0.015861248150835786
P2_dev_run1,9,shoulder,23,4,0.075,0.1,0.02500000000000001,0.014729086465850022
P2_dev_run1,9,shoulder,23,5,0.1,0.15,0.04999999999999999,0.013036996097841595
P2_dev_run1,9,shoulder,23,6,0.15,0.2,0.05000000000000002,0.010791039771013141
P2_dev_run1,9,shoulder,23,7,0.2,0.3,0.09999999999999998,0.007446184918288858
P2_dev_run1,9,shoulder,23,8,0.3,0.5,0.2,0.000838841021614245
P3_dev_run0,1,summer,0,0,0.0,0.5,0.5,0.017067104438470898
P3_dev_run0,1,summer,1,0,0.0,0.5,0.5,0.014967304586118946
P3_dev_run0,1,summer,2,0,0.0,0.5,0.5,0.01407904994668327
P3_dev_run0,1,summer,3,0,0.0,0.5,0.5,0.013539569415591257
P3_dev_run0,1,summer,4,0,0.0,0.5,0.5,0.01321781979693648
P3_dev_run0,1,summer,5,0,0.0,0.5,0.5,0.013194637484946842
P3_dev_run0,1,summer,6,0,0.0,0.5,0.5,0.013532925801250567
P3_dev_run0,1,summer,7,0,0.0,0.5,0.5,0.014624561169176431
P3_dev_run0,1,summer,8,0,0.0,0.5,0.5,0.016376360950052044
P3_dev_run0,1,summer,9,0,0.0,0.5,0.5,0.01868414363509041
P3_dev_run0,1,summer,10,0,0.0,0.5,0.5,0.019996958176068946
P3_dev_run0,1,summer,11,0,0.0,0.5,0.5,0.020413252425415973
P3_dev_run0,1,summer,12,0,0.0,0.5,0.5,0.02024019749833894
P3_dev_run0,1,summer,13,0,0.0,0.5,0.5,0.019561151002434274
P3_dev_run0,1,summer,14,0,0.0,0.5,0.5,0.020668020420021915
P3_dev_run0,1,summer,15,0,0.0,0.5,0.5,0.021239799678631377
P3_dev_run0,1,summer,16,0,0.0,0.5,0.5,0.021553551702949703
P3_dev_run0,1,summer,17,0,0.0,0.5,0.5,0.02210830498226618
P3_dev_run0,1,summer,18,0,0.0,0.5,0.5,0.022054500457422188
P3_dev_run0,1,summer,19,0,0.0,0.5,0.5,0.021871755632690837
P3_dev_run0,1,summer,20,0,0.0,0.5,0.5,0.021646417808542262
P3_dev_run0,1,summer,21,0,0.0,0.5,0.5,0.020809807292866023
P3_dev_run0,1,summer,22,0,0.0,0.5,0.5,0.01942793516075858
P3_dev_run0,1,summer,23,0,0.0,0.5,0.5,0.01819448289003947
P3_dev_run0,1,winter,0,0,0.0,0.5,0.5,0.01821181004676839
P3_dev_run0,1,winter,1,0,0.0,0.5,0.5,0.016424088286066174
P3_dev_run0,1,winter,2,0,0.0,0.5,0.5,0.01555448146855265
P3_dev_run0,1,winter,3,0,0.0,0.5,0.5,0.015058218109507304
P3_dev_run0,1,winter,4,0,0.0,0.5,0.5,0.01485630397921861
P3_dev_run0,1,winter,5,0,0.0,0.5,0.5,0.01504137774212605
P3_dev_run0,1,winter,6,0,0.0,0.5,0.5,0.0156966830803954
P3_dev_run0,1,winter,7,0,0.0,0.5,0.5,0.01709798059036527
P3_dev_run0,1,winter,8,0,0.0,0.5,0.5,0.01932287642753988
P3_dev_run0,1,winter,9,0,0.0,0.5,0.5,0.021993552809353223
P3_dev_run0,1,winter,10,0,0.0,0.5,0.5,0.022183674174864665
P3_dev_run0,1,winter,11,0,0.0,0.5,0.5,0.021464329124511683
P3_dev_run0,1,winter,12,0,0.0,0.5,0.5,0.020374380205729903
P3_dev_run0,1,winter,13,0,0.0,0.5,0.5,0.01877466193005667
P3_dev_run0,1,winter,14,0,0.0,0.5,0.5,0.01970857379845814
P3_dev_run0,1,winter,15,0,0.0,0.5,0.5,0.020204912824236587
P3_dev_run0,1,winter,16,0,0.0,0.5,0.5,0.020728258070677907
P3_dev_run0,1,winter,17,0,0.0,0.5,0.5,0.021507147188211506
P3_dev_run0,1,winter,18,0,0.0,0.5,0.5,0.021492872700810517
P3_dev_run0,1,winter,19,0,0.0,0.5,0.5,0.02107258341823448
P3_dev_run0,1,winter,20,0,0.0,0.5,0.5,0.02039558157171395
P3_dev_run0,1,winter,21,0,0.0,0.5,0.5,0.0194734911993783
P3_dev_run0,1,winter,22,0,0.0,0.5,0.5,0.018527635453927438
P3_dev_run0,1,winter,23,0,0.0,0.5,0.5,0.018218741663269422
P3_dev_run0,1,shoulder,0,0,0.0,0.5,0.5,0.015203144504677996
P3_dev_run0,1,shoulder,1,0,0.0,0.5,0.5,0.013400132559414912
P3_dev_run0,1,shoulder,2,0,0.0,0.5,0.5,0.012659508514870577
P3_dev_run0,1,shoulder,3,0,0.0,0.5,0.5,0.012264810128503473
P3_dev_run0,1,shoulder,4,0,0.0,0.5,0.5,0.012097497584495354
P3_dev_run0,1,shoulder,5,0,0.0,0.5,0.5,0.012241830353277056
P3_dev_run0,1,shoulder,6,0,0.0,0.5,0.5,0.012791394336424733
P3_dev_run0,1,shoulder,7,0,0.0,0.5,0.5,0.013868935085141615
P3_dev_run0,1,shoulder,8,0,0.0,0.5,0.5,0.015240258760555764
P3_dev_run0,1,shoulder,9,0,0.0,0.5,0.5,0.016529866670553395
P3_dev_run0,1,shoulder,10,0,0.0,0.5,0.5,0.016574252464926775
P3_dev_run0,1,shoulder,11,0,0.0,0.5,0.5,0.01618562887988212
P3_dev_run0,1,shoulder,12,0,0.0,0.5,0.5,0.015486830909698657
P3_dev_run0,1,shoulder,13,0,0.0,0.5,0.5,0.0145038460820536
P3_dev_run0,1,shoulder,14,0,0.0,0.5,0.5,0.015547714541462948
P3_dev_run0,1,shoulder,15,0,0.0,0.5,0.5,0.016168615235386985
P3_dev_run0,1,shoulder,16,0,0.0,0.5,0.5,0.01675881503517021
P3_dev_run0,1,shoulder,17,0,0.0,0.5,0.5,0.017572493683169987
P3_dev_run0,1,shoulder,18,0,0.0,0.5,0.5,0.017810512267554868
P3_dev_run0,1,shoulder,19,0,0.0,0.5,0.5,0.017986766850770664
P3_dev_run0,1,shoulder,20,0,0.0,0.5,0.5,0.01779670017437396
P3_dev_run0,1,shoulder,21,0,0.0,0.5,0.5,0.017073965062784774
P3_dev_run0,1,shoulder,22,0,0.0,0.5,0.5,0.0162707364392026
P3_dev_run0,1,shoulder,23,0,0.0,0.5,0.5,0.015740735095512992
P3_dev_run0,2,summer,0,0,0.0,0.025,0.025,0.02316190031863452
P3_dev_run0,2,summer,0,1,0.025,0.5,0.475,0.01674632570793597
P3_dev_run0,2,summer,1,0,0.0,0.025,0.025,0.020999848879830196
P3_dev_run0,2,summer,1,1,0.025,0.5,0.475,0.014649802254870985
P3_dev_run0,2,summer,2,0,0.0,0.025,0.025,0.020085478871180173
P3_dev_run0,2,summer,2,1,0.025,0.5,0.475,0.013762922108551854
P3_dev_run0,2,summer,3,0,0.0,0.025,0.025,0.01953008034926984
P3_dev_run0,2,summer,3,1,0.025,0.5,0.475,0.01322427936645028
P3_dev_run0,2,summer,4,0,0.0,0.025,0.025,0.01919884238838765
P3_dev_run0,2,summer,4,1,0.025,0.5,0.475,0.012903029134228526
P3_dev_run0,2,summer,5,0,0.0,0.025,0.025,0.019174976583928305
P3_dev_run0,2,summer,5,1,0.025,0.5,0.475,0.012879882795526765
P3_dev_run0,2,summer,6,0,0.0,0.025,0.025,0.019523240772776895
P3_dev_run0,2,summer,6,1,0.025,0.5,0.475,0.013217646065907076
P3_dev_run0,2,summer,7,0,0.0,0.025,0.025,0.020647097264649417
P3_dev_run0,2,summer,7,1,0.025,0.5,0.475,0.01430758558520417
P3_dev_run0,2,summer,8,0,0.0,0.025,0.025,0.022450698794007073
P3_dev_run0,2,summer,8,1,0.025,0.5,0.475,0.016056658958264938
P3_dev_run0,2,summer,9,0,0.0,0.025,0.025,0.02482690407687449
P3_dev_run0,2,summer,9,1,0.025,0.5,0.475,0.018360840453943882
P3_dev_run0,2,summer,10,0,0.0,0.025,0.025,0.026178733930067866
P3_dev_run0,2,summer,10,1,0.025,0.5,0.475,0.019671601557437426
P3_dev_run0,2,summer,11,0,0.0,0.025,0.025,0.0266074140059247
P3_dev_run0,2,summer,11,1,0.025,0.5,0.475,0.020087243921178673
P3_dev_run0,2,summer,12,0,0.0,0.025,0.025,0.026429209427376588
P3_dev_run0,2,summer,12,1,0.025,0.5,0.475,0.01991446002838959
P3_dev_run0,2,summer,13,0,0.0,0.025,0.025,0.025729967631924477
P3_dev_run0,2,summer,13,1,0.025,0.5,0.475,0.019236476442987423
P3_dev_run0,2,summer,14,0,0.0,0.025,0.025,0.02686976534508112
P3_dev_run0,2,summer,14,1,0.025,0.5,0.475,0.02034161279238722
P3_dev_run0,2,summer,15,0,0.0,0.025,0.025,0.027458573280847443
P3_dev_run0,2,summer,15,1,0.025,0.5,0.475,0.020912495804830532
P3_dev_run0,2,summer,16,0,0.0,0.025,0.025,0.02778167489548289
P3_dev_run0,2,summer,16,1,0.025,0.5,0.475,0.021225755745447956
P3_dev_run0,2,summer,17,0,0.0,0.025,0.025,0.028352968909046705
P3_dev_run0,2,summer,17,1,0.025,0.5,0.475,0.02177963845980405
P3_dev_run0,2,summer,18,0,0.0,0.025,0.025,0.0282975596009849
P3_dev_run0,2,summer,18,1,0.025,0.5,0.475,0.02172591839723468
P3_dev_run0,2,summer,19,0,0.0,0.025,0.025,0.02810936503320427
P3_dev_run0,2,summer,19,1,0.025,0.5,0.475,0.021543460401084867
P3_dev_run0,2,summer,20,0,0.0,0.025,0.025,0.027877309089061608
P3_dev_run0,2,summer,20,1,0.025,0.5,0.475,0.02131847616219914
P3_dev_run0,2,summer,21,0,0.0,0.025,0.025,0.0270157737079757
P3_dev_run0,2,summer,21,1,0.025,0.5,0.475,0.020483177481544462
P3_dev_run0,2,summer,22,0,0.0,0.025,0.025,0.025592791968207518
P3_dev_run0,2,summer,22,1,0.025,0.5,0.475,0.01910346901299811
P3_dev_run0,2,summer,23,0,0.0,0.025,0.025,0.02432270834166861
P3_dev_run0,2,summer,23,1,0.025,0.5,0.475,0.01787194470837478
P3_dev_run0,2,winter,0,0,0.0,0.025,0.025,0.024340549678836254
P3_dev_run0,2,winter,0,1,0.025,0.5,0.475,0.017889244802975345
P3_dev_run0,2,winter,1,0,0.0,0.025,0.025,0.022499703180069996
P3_dev_run0,2,winter,1,1,0.025,0.5,0.475,0.016104319081118604
P3_dev_run0,2,winter,2,0,0.0,0.025,0.025,0.02160450123428692
P3_dev_run0,2,winter,2,1,0.025,0.5,0.475,0.015236059375619268
P3_dev_run0,2,winter,3,0,0.0,0.025,0.025,0.021093566769055938
P3_dev_run0,2,winter,3,1,0.025,0.5,0.475,0.014740568180057376
P3_dev_run0,2,winter,4,0,0.0,0.025,0.025,0.020885686114993085
P3_dev_run0,2,winter,4,1,0.025,0.5,0.475,0.014538968077335743
P3_dev_run0,2,winter,5,0,0.0,0.025,0.025,0.021076228712217926
P3_dev_run0,2,winter,5,1,0.025,0.5,0.475,0.014723754006858056
P3_dev_run0,2,winter,6,0,0.0,0.025,0.025,0.021750908505857036
P3_dev_run0,2,winter,6,1,0.025,0.5,0.475,0.015378039636950053
P3_dev_run0,2,winter,7,0,0.0,0.025,0.025,0.02319369137271987
P3_dev_run0,2,winter,7,1,0.025,0.5,0.475,0.01677715370708345
P3_dev_run0,2,winter,8,0,0.0,0.025,0.025,0.02548461087705345
P3_dev_run0,2,winter,8,1,0.025,0.5,0.475,0.018998574614407588
P3_dev_run0,2,winter,9,0,0.0,0.025,0.025,0.0282347942482164
P3_dev_run0,2,winter,9,1,0.025,0.5,0.475,0.021665066417834108
P3_dev_run0,2,winter,10,0,0.0,0.025,0.025,0.028430586278751502
P3_dev_run0,2,winter,10,1,0.025,0.5,0.475,0.021854889327291675
P3_dev_run0,2,winter,11,0,0.0,0.025,0.025,0.027689793151866038
P3_dev_run0,2,winter,11,1,0.025,0.5,0.475,0.02113667312307198
P3_dev_run0,2,winter,12,0,0.0,0.025,0.025,0.02656738495106503
P3_dev_run0,2,winter,12,1,0.025,0.5,0.475,0.02004843258755437
P3_dev_run0,2,winter,13,0,0.0,0.025,0.025,0.02491994571795275
P3_dev_run0,2,winter,13,1,0.025,0.5,0.475,0.018451225941220034
P3_dev_run0,2,winter,14,0,0.0,0.025,0.025,0.025881773347812276
P3_dev_run0,2,winter,14,1,0.025,0.5,0.475,0.01938366855901845
P3_dev_run0,2,winter,15,0,0.0,0.025,0.025,0.02639287491671083
P3_dev_run0,2,winter,15,1,0.025,0.5,0.475,0.019879230608843206
P3_dev_run0,2,winter,16,0,0.0,0.025,0.025,0.02693179638232679
P3_dev_run0,2,winter,16,1,0.025,0.5,0.475,0.020401756054275334
P3_dev_run0,2,winter,17,0,0.0,0.025,0.025,0.02773388731300619
P3_dev_run0,2,winter,17,1,0.025,0.5,0.475,0.02117942402374863
P3_dev_run0,2,winter,18,0,0.0,0.025,0.025,0.027719187398549394
P3_dev_run0,2,winter,18,1,0.025,0.5,0.475,0.021165171927245315
P3_dev_run0,2,winter,19,0,0.0,0.025,0.025,0.027286375670246832
P3_dev_run0,2,winter,19,1,0.025,0.5,0.475,0.02074554172076015
P3_dev_run0,2,winter,20,0,0.0,0.025,0.025,0.02658921725977703
P3_dev_run0,2,winter,20,1,0.025,0.5,0.475,0.02006960074602642
P3_dev_run0,2,winter,21,0,0.0,0.025,0.025,0.02563970207588584
P3_dev_run0,2,winter,21,1,0.025,0.5,0.475,0.019148953784825274
P3_dev_run0,2,winter,22,0,0.0,0.025,0.025,0.024665749127054104
P3_dev_run0,2,winter,22,1,0.025,0.5,0.475,0.01820457683955235
P3_dev_run0,2,winter,23,0,0.0,0.025,0.025,0.024347686990610073
P3_dev_run0,2,winter,23,1,0.025,0.5,0.475,0.01789616559340939
P3_dev_run0,2,shoulder,0,0,0.0,0.025,0.025,0.02124263563501927
P3_dev_run0,2,shoulder,0,1,0.025,0.5,0.475,0.014885276550449508
P3_dev_run0,2,shoulder,1,0,0.0,0.025,0.025,0.019386418654681603
P3_dev_run0,2,shoulder,1,1,0.025,0.5,0.475,0.01308506487019035
P3_dev_run0,2,shoulder,2,0,0.0,0.025,0.025,0.018624075887406222
P3_dev_run0,2,shoulder,2,1,0.025,0.5,0.475,0.01234558391631607
P3_dev_run0,2,shoulder,3,0,0.0,0.025,0.025,0.01821775157627825
P3_dev_run0,2,shoulder,3,1,0.025,0.5,0.475,0.011951497420725854
P3_dev_run0,2,shoulder,4,0,0.0,0.025,0.025,0.01804551257130471
P3_dev_run0,2,shoulder,4,1,0.025,0.5,0.475,0.011784444164136968
P3_dev_run0,2,shoulder,5,0,0.0,0.025,0.025,0.01819409510483372
P3_dev_run0,2,shoulder,5,1,0.025,0.5,0.475,0.011928553261089863
P3_dev_run0,2,shoulder,6,0,0.0,0.025,0.025,0.018759847745839497
P3_dev_run0,2,shoulder,6,1,0.025,0.5,0.475,0.01247726520961343
P3_dev_run0,2,shoulder,7,0,0.0,0.025,0.025,0.019869163013314095
P3_dev_run0,2,shoulder,7,1,0.025,0.5,0.475,0.0135531336152378
P3_dev_run0,2,shoulder,8,0,0.0,0.025,0.025,0.021280988021299962
P3_dev_run0,2,shoulder,8,1,0.025,0.5,0.475,0.014922325641569228
P3_dev_run0,2,shoulder,9,0,0.0,0.025,0.025,0.022608749370077175
P3_dev_run0,2,shoulder,9,1,0.025,0.5,0.475,0.016209925475841616
P3_dev_run0,2,shoulder,10,0,0.0,0.025,0.025,0.02265444946650763
P3_dev_run0,2,shoulder,10,1,0.025,0.5,0.475,0.01625424209642252
P3_dev_run0,2,shoulder,11,0,0.0,0.025,0.025,0.022254320958859375
P3_dev_run0,2,shoulder,11,1,0.025,0.5,0.475,0.01586622403362016
P3_dev_run0,2,shoulder,12,0,0.0,0.025,0.025,0.021534850153464014
P3_dev_run0,2,shoulder,12,1,0.025,0.5,0.475,0.015168514107395217
P3_dev_run0,2,shoulder,13,0,0.0,0.025,0.025,0.020522816876702432
P3_dev_run0,2,shoulder,13,1,0.025,0.5,0.475,0.014187058145493137
P3_dev_run0,2,shoulder,14,0,0.0,0.025,0.025,0.021597534189995438
P3_dev_run0,2,shoulder,14,1,0.025,0.5,0.475,0.015229302981013871
P3_dev_run0,2,shoulder,15,0,0.0,0.025,0.025,0.022236803770089297
P3_dev_run0,2,shoulder,15,1,0.025,0.5,0.475,0.015849236891455284
P3_dev_run0,2,shoulder,16,0,0.0,0.025,0.025,0.022844477909163552
P3_dev_run0,2,shoulder,16,1,0.025,0.5,0.475,0.01643851698917056
P3_dev_run0,2,shoulder,17,0,0.0,0.025,0.025,0.02368226953895214
P3_dev_run0,2,shoulder,17,1,0.025,0.5,0.475,0.017250926532865665
P3_dev_run0,2,shoulder,18,0,0.0,0.025,0.025,0.023927346519152515
P3_dev_run0,2,shoulder,18,1,0.025,0.5,0.475,0.01748857362273394
P3_dev_run0,2,shoulder,19,0,0.0,0.025,0.025,0.02410882931695557
P3_dev_run0,2,shoulder,19,1,0.025,0.5,0.475,0.017664553036760934
P3_dev_run0,2,shoulder,20,0,0.0,0.025,0.025,0.02391312477478036
P3_dev_run0,2,shoulder,20,1,0.025,0.5,0.475,0.017474783090142044
P3_dev_run0,2,shoulder,21,0,0.0,0.025,0.025,0.023168964229585143
P3_dev_run0,2,shoulder,21,1,0.025,0.5,0.475,0.016753175632953175
P3_dev_run0,2,shoulder,22,0,0.0,0.025,0.025,0.022341947570365672
P3_dev_run0,2,shoulder,22,1,0.025,0.5,0.475,0.01595119901124665
P3_dev_run0,2,shoulder,23,0,0.0,0.025,0.025,0.021796263531490556
P3_dev_run0,2,shoulder,23,1,0.025,0.5,0.475,0.015422023072566805
P3_dev_run0,4,summer,0,0,0.0,0.01,0.01,0.0233562178880653
P3_dev_run0,4,summer,0,1,0.01,0.025,0.015000000000000001,0.023032355272347333
P3_dev_run0,4,summer,0,2,0.025,0.05,0.025,0.022514685891605324
P3_dev_run0,4,summer,0,3,0.05,0.5,0.45,0.016425861253287672
P3_dev_run0,4,summer,1,0,0.0,0.01,0.01,0.02119198251648302
P3_dev_run0,4,summer,1,1,0.01,0.025,0.015000000000000001,0.020871759788728312
P3_dev_run0,4,summer,1,2,0.025,0.05,0.025,0.020359407990070966
P3_dev_run0,4,summer,1,3,0.05,0.5,0.45,0.014332601936248763
P3_dev_run0,4,summer,2,0,0.0,0.01,0.01,0.020276955235326577
P3_dev_run0,4,summer,2,1,0.01,0.025,0.015000000000000001,0.019957827961749237
P3_dev_run0,4,summer,2,2,0.025,0.05,0.025,0.019447721052441302
P3_dev_run0,4,summer,2,3,0.05,0.5,0.45,0.01344709994500244
P3_dev_run0,4,summer,3,0,0.0,0.01,0.01,0.019721044985664127
P3_dev_run0,4,summer,3,1,0.01,0.025,0.015000000000000001,0.019402770591673647
P3_dev_run0,4,summer,3,2,0.025,0.05,0.025,0.018894025795460068
P3_dev_run0,4,summer,3,3,0.05,0.5,0.45,0.012909293453727513
P3_dev_run0,4,summer,4,0,0.0,0.01,0.01,0.019389501995607794
P3_dev_run0,4,summer,4,1,0.01,0.025,0.015000000000000001,0.019071735983574218
P3_dev_run0,4,summer,4,2,0.025,0.05,0.025,0.018563803083820885
P3_dev_run0,4,summer,4,3,0.05,0.5,0.45,0.012588541692584504
P3_dev_run0,4,summer,5,0,0.0,0.01,0.01,0.019365614215832716
P3_dev_run0,4,summer,5,1,0.01,0.025,0.015000000000000001,0.019047884829325363
P3_dev_run0,4,summer,5,2,0.025,0.05,0.025,0.018540010411443042
P3_dev_run0,4,summer,5,3,0.05,0.5,0.45,0.012565431261309193
P3_dev_run0,4,summer,6,0,0.0,0.01,0.01,0.019714199103967878
P3_dev_run0,4,summer,6,1,0.01,0.025,0.015000000000000001,0.019395935218649574
P3_dev_run0,4,summer,6,2,0.025,0.05,0.025,0.01888720719131931
P3_dev_run0,4,summer,6,3,0.05,0.5,0.45,0.012902670447828618
P3_dev_run0,4,summer,7,0,0.0,0.01,0.01,0.020839091469186666
P3_dev_run0,4,summer,7,1,0.01,0.025,0.015000000000000001,0.02051910112829125
P3_dev_run0,4,summer,7,2,0.025,0.05,0.025,0.02000761587761246
P3_dev_run0,4,summer,7,3,0.05,0.5,0.45,0.01399091723562593
P3_dev_run0,4,summer,8,0,0.0,0.01,0.01,0.02264435854217456
P3_dev_run0,4,summer,8,1,0.01,0.025,0.015000000000000001,0.02232159229522875
P3_dev_run0,4,summer,8,2,0.025,0.05,0.025,0.02180567385139831
P3_dev_run0,4,summer,8,3,0.05,0.5,0.45,0.01573726924197975
P3_dev_run0,4,summer,9,0,0.0,0.01,0.01,0.025022764089402405
P3_dev_run0,4,summer,9,1,0.01,0.025,0.015000000000000001,0.02469633073518921
P3_dev_run0,4,summer,9,2,0.025,0.05,0.025,0.024174555911361528
P3_dev_run0,4,summer,9,3,0.05,0.5,0.45,0.01803785626186512
P3_dev_run0,4,summer,10,0,0.0,0.01,0.01,0.026375848708531935
P3_dev_run0,4,summer,10,1,0.01,0.025,0.015000000000000001,0.026047324077758484
P3_dev_run0,4,summer,10,2,0.025,0.05,0.025,0.02552220947140582
P3_dev_run0,4,summer,10,3,0.05,0.5,0.45,0.01934656778443918
P3_dev_run0,4,summer,11,0,0.0,0.01,0.01,0.02680492716259364
P3_dev_run0,4,summer,11,1,0.01,0.025,0.015000000000000001,0.026475738568145408
P3_dev_run0,4,summer,11,2,0.025,0.05,0.025,0.025949563654847907
P3_dev_run0,4,summer,11,3,0.05,0.5,0.45,0.01976155949153038
P3_dev_run0,4,summer,12,0,0.0,0.01,0.01,0.026626556942555002
P3_dev_run0,4,summer,12,1,0.01,0.025,0.015000000000000001,0.026297644417257644
P3_dev_run0,4,summer,12,2,0.025,0.05,0.025,0.02577191034494275
P3_dev_run0,4,summer,12,3,0.05,0.5,0.45,0.019589046121914415
P3_dev_run0,4,summer,13,0,0.0,0.01,0.01,0.025926665618855593
P3_dev_run0,4,summer,13,1,0.01,0.025,0.015000000000000001,0.025598835640637065
P3_dev_run0,4,summer,13,2,0.025,0.05,0.025,0.02507483038771019
P3_dev_run0,4,summer,13,3,0.05,0.5,0.45,0.018912123446058377
P3_dev_run0,4,summer,14,0,0.0,0.01,0.01,0.027067522402696165
P3_dev_run0,4,summer,14,1,0.01,0.025,0.015000000000000001,0.02673792730667109
P3_dev_run0,4,summer,14,2,0.025,0.05,0.025,0.026211103192346208
P3_dev_run0,4,summer,14,3,0.05,0.5,0.45,0.020015529992389498
P3_dev_run0,4,summer,15,0,0.0,0.01,0.01,0.027656878072343516
P3_dev_run0,4,summer,15,1,0.01,0.025,0.015000000000000001,0.027326370086516723
P3_dev_run0,4,summer,15,2,0.025,0.05,0.025,0.026798088137722775
P3_dev_run0,4,summer,15,3,0.05,0.5,0.45,0.020585518453003184
P3_dev_run0,4,summer,16,0,0.0,0.01,0.01,0.027980280434797278
P3_dev_run0,4,summer,16,1,0.01,0.025,0.015000000000000001,0.027649271202606625
P3_dev_run0,4,summer,16,2,0.025,0.05,0.025,0.02712018880634215
P3_dev_run0,4,summer,16,3,0.05,0.5,0.45,0.020898287242064946
P3_dev_run0,4,summer,17,0,0.0,0.01,0.01,0.028552106509632802
P3_dev_run0,4,summer,17,1,0.01,0.025,0.015000000000000001,0.02822021050865597
P3_dev_run0,4,summer,17,2,0.025,0.05,0.025,0.0276897119673436
P3_dev_run0,4,summer,17,3,0.05,0.5,0.45,0.021451301042718515
P3_dev_run0,4,summer,18,0,0.0,0.01,0.01,0.02849664558354781
P3_dev_run0,4,summer,18,1,0.01,0.025,0.015000000000000001,0.028164835612609625
P3_dev_run0,4,summer,18,2,0.025,0.05,0.025,0.027634474467874703
P3_dev_run0,4,summer,18,3,0.05,0.5,0.45,0.021397665282199118
P3_dev_run0,4,summer,19,0,0.0,0.01,0.01,0.028308275711919073
P3_dev_run0,4,summer,19,1,0.01,0.025,0.015000000000000001,0.027976757914061064
P3_dev_run0,4,summer,19,2,0.025,0.05,0.025,0.02744686335718005
P3_dev_run0,4,summer,19,3,0.05,0.5,0.45,0.02121549357019069
P3_dev_run0,4,summer,20,0,0.0,0.01,0.01,0.028076003670055028
P3_dev_run0,4,summer,20,1,0.01,0.025,0.015000000000000001,0.027744846035065992
P3_dev_run0,4,summer,20,2,0.025,0.05,0.025,0.02721552665010507
P3_dev_run0,4,summer,20,3,0.05,0.5,0.45,0.020990862246204365
P3_dev_run0,4,summer,21,0,0.0,0.01,0.01,0.02721366654975521
P3_dev_run0,4,summer,21,1,0.01,0.025,0.015000000000000001,0.026883845146789355
P3_dev_run0,4,summer,21,2,0.025,0.05,0.025,0.02635665962914091
P3_dev_run0,4,summer,21,3,0.05,0.5,0.45,0.0201568729177891
P3_dev_run0,4,summer,22,0,0.0,0.01,0.01,0.025789362606232213
P3_dev_run0,4,summer,22,1,0.01,0.025,0.015000000000000001,0.02546174487619105
P3_dev_run0,4,summer,22,2,0.025,0.05,0.025,0.024938078604677116
P3_dev_run0,4,summer,22,3,0.05,0.5,0.45,0.01877932403568261
P3_dev_run0,4,summer,23,0,0.0,0.01,0.01,0.02451810091420592
P3_dev_run0,4,summer,23,1,0.01,0.025,0.015000000000000001,0.024192446626643733
P3_dev_run0,4,summer,23,2,0.025,0.05,0.025,0.02367191595048279
P3_dev_run0,4,summer,23,3,0.05,0.5,0.45,0.017549724083813223
P3_dev_run0,4,winter,0,0,0.0,0.01,0.01,0.024535958790558587
P3_dev_run0,4,winter,0,1,0.01,0.025,0.015000000000000001,0.02421027693768803
P3_dev_run0,4,winter,0,2,0.025,0.05,0.025,0.023689702248319566
P3_dev_run0,4,winter,0,3,0.05,0.5,0.45,0.017566997167122886
P3_dev_run0,4,winter,1,0,0.0,0.01,0.01,0.02269319342006193
P3_dev_run0,4,winter,1,1,0.01,0.025,0.015000000000000001,0.022370709686742037
P3_dev_run0,4,winter,1,2,0.025,0.05,0.025,0.02185467029945154
P3_dev_run0,4,winter,1,3,0.05,0.5,0.45,0.015784855124544552
P3_dev_run0,4,winter,2,0,0.0,0.01,0.01,0.02179737906751883
P3_dev_run0,4,winter,2,1,0.01,0.025,0.015000000000000001,0.021475916012132314
P3_dev_run0,4,winter,2,2,0.025,0.05,0.025,0.020962078769236614
P3_dev_run0,4,winter,2,3,0.05,0.5,0.45,0.01491794718708497
P3_dev_run0,4,winter,3,0,0.0,0.01,0.01,0.02128597289600964
P3_dev_run0,4,winter,3,1,0.01,0.025,0.015000000000000001,0.020965296017753467
P3_dev_run0,4,winter,3,2,0.025,0.05,0.025,0.02045271430790141
P3_dev_run0,4,winter,3,3,0.05,0.5,0.45,0.014423226728510485
P3_dev_run0,4,winter,4,0,0.0,0.01,0.01,0.021077900419799733
P3_dev_run0,4,winter,4,1,0.01,0.025,0.015000000000000001,0.020757543245121985
P3_dev_run0,4,winter,4,2,0.025,0.05,0.025,0.020245472139464038
P3_dev_run0,4,winter,4,3,0.05,0.5,0.45,0.01422194007388417
P3_dev_run0,4,winter,5,0,0.0,0.01,0.01,0.021268618845310394
P3_dev_run0,4,winter,5,1,0.01,0.025,0.015000000000000001,0.02094796862348961
P3_dev_run0,4,winter,5,2,0.025,0.05,0.025,0.02043542951335131
P3_dev_run0,4,winter,5,3,0.05,0.5,0.45,0.014406438700941764
P3_dev_run0,4,winter,6,0,0.0,0.01,0.01,0.021943921558474633
P3_dev_run0,4,winter,6,1,0.01,0.025,0.015000000000000001,0.021622233137445303
P3_dev_run0,4,winter,6,2,0.025,0.05,0.025,0.02110803597498656
P3_dev_run0,4,winter,6,3,0.05,0.5,0.45,0.015059706507059135
P3_dev_run0,4,winter,7,0,0.0,0.01,0.01,0.02338803836030301
P3_dev_run0,4,winter,7,1,0.01,0.025,0.015000000000000001,0.02306412671433111
P3_dev_run0,4,winter,7,2,0.025,0.05,0.025,0.022546379028004493
P3_dev_run0,4,winter,7,3,0.05,0.5,0.45,0.016456641189254502
P3_dev_run0,4,winter,8,0,0.0,0.01,0.01,0.02568108109340106
P3_dev_run0,4,winter,8,1,0.01,0.025,0.015000000000000001,0.025353630732821705
P3_dev_run0,4,winter,8,2,0.025,0.05,0.025,0.02483023173058707
P3_dev_run0,4,winter,8,3,0.05,0.5,0.45,0.018674593663508727
P3_dev_run0,4,winter,9,0,0.0,0.01,0.01,0.028433821757462008
P3_dev_run0,4,winter,9,1,0.01,0.025,0.015000000000000001,0.02810210924205266
P3_dev_run0,4,winter,9,2,0.025,0.05,0.025,0.02757190372048912
P3_dev_run0,4,winter,9,3,0.05,0.5,0.45,0.02133690878990883
P3_dev_run0,4,winter,10,0,0.0,0.01,0.01,0.028629796197413016
P3_dev_run0,4,winter,10,1,0.01,0.025,0.015000000000000001,0.02829777966631049
P3_dev_run0,4,winter,10,2,0.025,0.05,0.025,0.027767088635753945
P3_dev_run0,4,winter,10,3,0.05,0.5,0.45,0.021526433810154882
P3_dev_run0,4,winter,11,0,0.0,0.01,0.01,0.027888313142987453
P3_dev_run0,4,winter,11,1,0.01,0.025,0.015000000000000001,0.027557446491118427
P3_dev_run0,4,winter,11,2,0.025,0.05,0.025,0.02702859175211847
P3_dev_run0,4,winter,11,3,0.05,0.5,0.45,0.020809344310347175
P3_dev_run0,4,winter,12,0,0.0,0.01,0.01,0.02676486087912766
P3_dev_run0,4,winter,12,1,0.01,0.025,0.015000000000000001,0.02643573433235661
P3_dev_run0,4,winter,12,2,0.025,0.05,0.025,0.02590965843976223
P3_dev_run0,4,winter,12,3,0.05,0.5,0.45,0.019722808929098376
P3_dev_run0,4,winter,13,0,0.0,0.01,0.01,0.025115631887373535
P3_dev_run0,4,winter,13,1,0.01,0.025,0.015000000000000001,0.024789488271672228
P3_dev_run0,4,winter,13,2,0.025,0.05,0.025,0.02426748334465767
P3_dev_run0,4,winter,13,3,0.05,0.5,0.45,0.01812810052991794
P3_dev_run0,4,winter,14,0,0.0,0.01,0.01,0.026078612301416726
P3_dev_run0,4,winter,14,1,0.01,0.025,0.015000000000000001,0.02575054737874264
P3_dev_run0,4,winter,14,2,0.025,0.05,0.025,0.02522616694085711
P3_dev_run0,4,winter,14,3,0.05,0.5,0.45,0.019059085315582966
P3_dev_run0,4,winter,15,0,0.0,0.01,0.01,0.026590188672856452
P3_dev_run0,4,winter,15,1,0.01,0.025,0.015000000000000001,0.026261332412613744
P3_dev_run0,4,winter,15,2,0.025,0.05,0.025,0.025735688224054476
P3_dev_run0,4,winter,15,3,0.05,0.5,0.45,0.01955387185244258
P3_dev_run0,4,winter,16,0,0.0,0.01,0.01,0.027129611129408926
P3_dev_run0,4,winter,16,1,0.01,0.025,0.015000000000000001,0.02679991988427203
P3_dev_run0,4,winter,16,2,0.025,0.05,0.025,0.026272942247861364
P3_dev_run0,4,winter,16,3,0.05,0.5,0.45,0.020075579043520555
P3_dev_run0,4,winter,17,0,0.0,0.01,0.01,0.02793244835014308
P3_dev_run0,4,winter,17,1,0.01,0.025,0.015000000000000001,0.02760151328824826
P3_dev_run0,4,winter,17,2,0.025,0.05,0.025,0.027072549297655346
P3_dev_run0,4,winter,17,3,0.05,0.5,0.45,0.020852028175198253
P3_dev_run0,4,winter,18,0,0.0,0.01,0.01,0.02791773475431525
P3_dev_run0,4,winter,18,1,0.01,0.025,0.015000000000000001,0.02758682249470549
P3_dev_run0,4,winter,18,2,0.025,0.05,0.025,0.027057894927214887
P3_dev_run0,4,winter,18,3,0.05,0.5,0.45,0.020837798427247003
P3_dev_run0,4,winter,19,0,0.0,0.01,0.01,0.027484520238268972
P3_dev_run0,4,winter,19,1,0.01,0.025,0.015000000000000001,0.027154279291565404
P3_dev_run0,4,winter,19,2,0.025,0.05,0.025,0.026626423812805555
P3_dev_run0,4,winter,19,3,0.05,0.5,0.45,0.020418826048979846
P3_dev_run0,4,winter,20,0,0.0,0.01,0.01,0.026786713498228032
P3_dev_run0,4,winter,20,1,0.01,0.025,0.015000000000000001,0.026457553100809696
P3_dev_run0,4,winter,20,2,0.025,0.05,0.025,0.025931423208996884
P3_dev_run0,4,winter,20,3,0.05,0.5,0.45,0.01974394394252806
P3_dev_run0,4,winter,21,0,0.0,0.01,0.01,0.025836316261870773
P3_dev_run0,4,winter,21,1,0.01,0.025,0.015000000000000001,0.02550862595189588
P3_dev_run0,4,winter,21,2,0.025,0.05,0.025,0.024984843764628284
P3_dev_run0,4,winter,21,3,0.05,0.5,0.45,0.018824737674836216
P3_dev_run0,4,winter,22,0,0.0,0.01,0.01,0.02486145968340625
P3_dev_run0,4,winter,22,1,0.01,0.025,0.015000000000000001,0.024535275422819337
P3_dev_run0,4,winter,22,2,0.025,0.05,0.025,0.024013898340548012
P3_dev_run0,4,winter,22,3,0.05,0.5,0.45,0.017881836756163703
P3_dev_run0,4,winter,23,0,0.0,0.01,0.01,0.02454310270839366
P3_dev_run0,4,winter,23,1,0.01,0.025,0.015000000000000001,0.024217409845421013
P3_dev_run0,4,winter,23,2,0.025,0.05,0.025,0.023696817542616655
P3_dev_run0,4,winter,23,3,0.05,0.5,0.45,0.01757390715178676
P3_dev_run0,4,shoulder,0,0,0.0,0.01,0.01,0.021434956453803
P3_dev_run0,4,shoulder,0,1,0.01,0.025,0.015000000000000001,0.021114421755830115
P3_dev_run0,4,shoulder,0,2,0.025,0.05,0.025,0.020601473458304875
P3_dev_run0,4,shoulder,0,3,0.05,0.5,0.45,0.014567710055568653
P3_dev_run0,4,shoulder,1,0,0.0,0.01,0.01,0.01957707335804304
P3_dev_run0,4,shoulder,1,1,0.01,0.025,0.015000000000000001,0.019259315519107312
P3_dev_run0,4,shoulder,1,2,0.025,0.05,0.025,0.01875092259969291
P3_dev_run0,4,shoulder,1,3,0.05,0.5,0.45,0.012770294996329095
P3_dev_run0,4,shoulder,2,0,0.0,0.01,0.01,0.018814206532881406
P3_dev_run0,4,shoulder,2,1,0.01,0.025,0.015000000000000001,0.0184973221237561
P3_dev_run0,4,shoulder,2,2,0.025,0.05,0.025,0.017990797229543998
P3_dev_run0,4,shoulder,2,3,0.05,0.5,0.45,0.012031960954470072
P3_dev_run0,4,shoulder,3,0,0.0,0.01,0.01,0.018407508497113312
P3_dev_run0,4,shoulder,3,1,0.01,0.025,0.015000000000000001,0.01809124696238821
P3_dev_run0,4,shoulder,3,2,0.025,0.05,0.025,0.017585716801470364
P3_dev_run0,4,shoulder,3,3,0.05,0.5,0.45,0.011638485232906714
P3_dev_run0,4,shoulder,4,0,0.0,0.01,0.01,0.018235111140073312
P3_dev_run0,4,shoulder,4,1,0.01,0.025,0.015000000000000001,0.017919113525458975
P3_dev_run0,4,shoulder,4,2,0.025,0.05,0.025,0.0174140048849869
P3_dev_run0,4,shoulder,4,3,0.05,0.5,0.45,0.011471690790756415
P3_dev_run0,4,shoulder,5,0,0.0,0.01,0.01,0.018383830277461655
P3_dev_run0,4,shoulder,5,1,0.01,0.025,0.015000000000000001,0.018067604989748427
P3_dev_run0,4,shoulder,5,2,0.025,0.05,0.025,0.017562132735808866
P3_dev_run0,4,shoulder,5,3,0.05,0.5,0.45,0.011615576623605474
P3_dev_run0,4,shoulder,6,0,0.0,0.01,0.01,0.018950103307312227
P3_dev_run0,4,shoulder,6,1,0.01,0.025,0.015000000000000001,0.018633010704857678
P3_dev_run0,4,shoulder,6,2,0.025,0.05,0.025,0.018126153299411474
P3_dev_run0,4,shoulder,6,3,0.05,0.5,0.45,0.012163438093513538
P3_dev_run0,4,shoulder,7,0,0.0,0.01,0.01,0.020060440028947524
P3_dev_run0,4,shoulder,7,1,0.01,0.025,0.015000000000000001,0.019741645002891807
P3_dev_run0,4,shoulder,7,2,0.025,0.05,0.025,0.019232068731245278
P3_dev_run0,4,shoulder,7,3,0.05,0.5,0.45,0.013237637219904052
P3_dev_run0,4,shoulder,8,0,0.0,0.01,0.01,0.021473567149857264
P3_dev_run0,4,shoulder,8,1,0.01,0.025,0.015000000000000001,0.021152601935595094
P3_dev_run0,4,shoulder,8,2,0.025,0.05,0.025,0.02063955977337606
P3_dev_run0,4,shoulder,8,3,0.05,0.5,0.45,0.014604701523135514
P3_dev_run0,4,shoulder,9,0,0.0,0.01,0.01,0.022802555247303236
P3_dev_run0,4,shoulder,9,1,0.01,0.025,0.015000000000000001,0.022479545451926465
P3_dev_run0,4,shoulder,9,2,0.025,0.05,0.025,0.0219632380329271
P3_dev_run0,4,shoulder,9,3,0.05,0.5,0.45,0.01589029700044798
P3_dev_run0,4,shoulder,10,0,0.0,0.01,0.01,0.022848297601284207
P3_dev_run0,4,shoulder,10,1,0.01,0.025,0.015000000000000001,0.022525217376656578
P3_dev_run0,4,shoulder,10,2,0.025,0.05,0.025,0.022008797472151675
P3_dev_run0,4,shoulder,10,3,0.05,0.5,0.45,0.015934544575548677
P3_dev_run0,4,shoulder,11,0,0.0,0.01,0.01,0.022447799163291537
P3_dev_run0,4,shoulder,11,1,0.01,0.025,0.015000000000000001,0.02212533548923793
P3_dev_run0,4,shoulder,11,2,0.025,0.05,0.025,0.021609900235683432
P3_dev_run0,4,shoulder,11,3,0.05,0.5,0.45,0.015547130911283309
P3_dev_run0,4,shoulder,12,0,0.0,0.01,0.01,0.02172766366534823
P3_dev_run0,4,shoulder,12,1,0.01,0.025,0.015000000000000001,0.02140630781220787
P3_dev_run0,4,shoulder,12,2,0.025,0.05,0.025,0.020892641780744237
P3_dev_run0,4,shoulder,12,3,0.05,0.5,0.45,0.014850507014431382
P3_dev_run0,4,shoulder,13,0,0.0,0.01,0.01,0.020714696458407067
P3_dev_run0,4,shoulder,13,1,0.01,0.025,0.015000000000000001,0.020394897155566007
P3_dev_run0,4,shoulder,13,2,0.025,0.05,0.025,0.01988371700632041
P3_dev_run0,4,shoulder,13,3,0.05,0.5,0.45,0.013870577097669399
P3_dev_run0,4,shoulder,14,0,0.0,0.01,0.01,0.021790405590399464
P3_dev_run0,4,shoulder,14,1,0.01,0.025,0.015000000000000001,0.021468953256392753
P3_dev_run0,4,shoulder,14,2,0.025,0.05,0.025,0.020955133144875404
P3_dev_run0,4,shoulder,14,3,0.05,0.5,0.45,0.014911201305243784
P3_dev_run0,4,shoulder,15,0,0.0,0.01,0.01,0.022430265785725045
P3_dev_run0,4,shoulder,15,1,0.01,0.025,0.015000000000000001,0.022107829092998795
P3_dev_run0,4,shoulder,15,2,0.025,0.05,0.025,0.02159243693852342
P3_dev_run0,4,shoulder,15,3,0.05,0.5,0.45,0.015530170222173722
P3_dev_run0,4,shoulder,16,0,0.0,0.01,0.01,0.023038501797272015
P3_dev_run0,4,shoulder,16,1,0.01,0.025,0.015000000000000001,0.022715128650424573
P3_dev_run0,4,shoulder,16,2,0.025,0.05,0.025,0.02219824094505274
P3_dev_run0,4,shoulder,16,3,0.05,0.5,0.45,0.016118532324954884
P3_dev_run0,4,shoulder,17,0,0.0,0.01,0.01,0.023877068809682878
P3_dev_run0,4,shoulder,17,1,0.01,0.025,0.015000000000000001,0.023552403358464976
P3_dev_run0,4,shoulder,17,2,0.025,0.05,0.025,0.023033451834608143
P3_dev_run0,4,shoulder,17,3,0.05,0.5,0.45,0.016929675127213304
P3_dev_run0,4,shoulder,18,0,0.0,0.01,0.01,0.024122372769824763
P3_dev_run0,4,shoulder,18,1,0.01,0.025,0.015000000000000001,0.023797329018704346
P3_dev_run0,4,shoulder,18,2,0.025,0.05,0.025,0.023277773361263243
P3_dev_run0,4,shoulder,18,3,0.05,0.5,0.45,0.017166951415037865
P3_dev_run0,4,shoulder,19,0,0.0,0.01,0.01,0.024304023699034394
P3_dev_run0,4,shoulder,19,1,0.01,0.025,0.015000000000000001,0.02397869972890302
P3_dev_run0,4,shoulder,19,2,0.025,0.05,0.025,0.023458696565484827
P3_dev_run0,4,shoulder,19,3,0.05,0.5,0.45,0.017342656174054047
P3_dev_run0,4,shoulder,20,0,0.0,0.01,0.01,0.024108137858233625
P3_dev_run0,4,shoulder,20,1,0.01,0.025,0.015000000000000001,0.023783116052478178
P3_dev_run0,4,shoulder,20,2,0.025,0.05,0.025,0.0232635954520366
P3_dev_run0,4,shoulder,20,3,0.05,0.5,0.45,0.01715318240337012
P3_dev_run0,4,shoulder,21,0,0.0,0.01,0.01,0.02336328833590917
P3_dev_run0,4,shoulder,21,1,0.01,0.025,0.015000000000000001,0.02303941482536912
P3_dev_run0,4,shoulder,21,2,0.025,0.05,0.025,0.022521728049631484
P3_dev_run0,4,shoulder,21,3,0.05,0.5,0.45,0.01643270049869327
P3_dev_run0,4,shoulder,22,0,0.0,0.01,0.01,0.022535506767866476
P3_dev_run0,4,shoulder,22,1,0.01,0.025,0.015000000000000001,0.022212908105365133
P3_dev_run0,4,shoulder,22,2,0.025,0.05,0.025,0.02169725725856997
P3_dev_run0,4,shoulder,22,3,0.05,0.5,0.45,0.015631973553062017
P3_dev_run0,4,shoulder,23,0,0.0,0.01,0.01,0.021989318479448405
P3_dev_run0,4,shoulder,23,1,0.01,0.025,0.015000000000000001,0.02166756023285199
P3_dev_run0,4,shoulder,23,2,0.025,0.05,0.025,0.02115325155915282
P3_dev_run0,4,shoulder,23,3,0.05,0.5,0.45,0.015103621489978692
P3_dev_run0,9,summer,0,0,0.0,0.01,0.01,0.0233562178880653
P3_dev_run0,9,summer,0,1,0.01,0.025,0.015000000000000001,0.023032355272347333
P3_dev_run0,9,summer,0,2,0.025,0.05,0.025,0.022514685891605324
P3_dev_run0,9,summer,0,3,0.05,0.075,0.024999999999999994,0.021868427214125633
P3_dev_run0,9,summer,0,4,0.075,0.1,0.02500000000000001,0.021223121193176812
P3_dev_run0,9,summer,0,5,0.1,0.15,0.04999999999999999,0.0202570598273677
P3_dev_run0,9,summer,0,6,0.15,0.2,0.05000000000000002,0.01897212549231169
P3_dev_run0,9,summer,0,7,0.2,0.3,0.09999999999999998,0.01705222377388835
P3_dev_run0,9,summer,0,8,0.3,0.5,0.2,0.013238336052120436
P3_dev_run0,9,summer,1,0,0.0,0.01,0.01,0.02119198251648302
P3_dev_run0,9,summer,1,1,0.01,0.025,0.015000000000000001,0.020871759788728312
P3_dev_run0,9,summer,1,2,0.025,0.05,0.025,0.020359407990070966
P3_dev_run0,9,summer,1,3,0.05,0.075,0.024999999999999994,0.01971978024164545
P3_dev_run0,9,summer,1,4,0.075,0.1,0.02500000000000001,0.01908108671576591
P3_dev_run0,9,summer,1,5,0.1,0.15,0.04999999999999999,0.018124907416103845
P3_dev_run0,9,summer,1,6,0.15,0.2,0.05000000000000002,0.016853088464059134
P3_dev_run0,9,summer,1,7,0.2,0.3,0.09999999999999998,0.014952715537613629
P3_dev_run0,9,summer,1,8,0.3,0.5,0.2,0.01117738924803574
P3_dev_run0,9,summer,2,0,0.0,0.01,0.01,0.020276955235326577
P3_dev_run0,9,summer,2,1,0.01,0.025,0.015000000000000001,0.019957827961749237
P3_dev_run0,9,summer,2,2,0.025,0.05,0.025,0.019447721052441302
P3_dev_run0,9,summer,2,3,0.05,0.075,0.024999999999999994,0.018810892692688323
P3_dev_run0,9,summer,2,4,0.075,0.1,0.02500000000000001,0.018174990811432028
P3_dev_run0,9,summer,2,5,0.1,0.15,0.04999999999999999,0.017222983608194135
P3_dev_run0,9,summer,2,6,0.15,0.2,0.05000000000000002,0.015956701966058078
P3_dev_run0,9,summer,2,7,0.2,0.3,0.09999999999999998,0.014064574465172123
P3_dev_run0,9,summer,2,8,0.3,0.5,0.2,0.010305530812091332
P3_dev_run0,9,summer,3,0,0.0,0.01,0.01,0.019721044985664127
P3_dev_run0,9,summer,3,1,0.01,0.025,0.015000000000000001,0.019402770591673647
P3_dev_run0,9,summer,3,2,0.025,0.05,0.025,0.018894025795460068
P3_dev_run0,9,summer,3,3,0.05,0.075,0.024999999999999994,0.01825889599834152
P3_dev_run0,9,summer,3,4,0.075,0.1,0.02500000000000001,0.017624688001701132
P3_dev_run0,9,summer,3,5,0.1,0.15,0.04999999999999999,0.016675212311822733
P3_dev_run0,9,summer,3,6,0.15,0.2,0.05000000000000002,0.0154122906134807
P3_dev_run0,9,summer,3,7,0.2,0.3,0.09999999999999998,0.013525166397690972
P3_dev_run0,9,summer,3,8,0.3,0.5,0.2,0.00977600334071023
P3_dev_run0,9,summer,4,0,0.0,0.01,0.01,0.019389501995607794
P3_dev_run0,9,summer,4,1,0.01,0.025,0.015000000000000001,0.019071735983574218
P3_dev_run0,9,summer,4,2,0.025,0.05,0.025,0.018563803083820885
P3_dev_run0,9,summer,4,3,0.05,0.075,0.024999999999999994,0.017929685731599147
P3_dev_run0,9,summer,4,4,0.075,0.1,0.02500000000000001,0.017296487403106735
P3_dev_run0,9,summer,4,5,0.1,0.15,0.04999999999999999,0.016348520670847747
P3_dev_run0,9,summer,4,6,0.15,0.2,0.05000000000000002,0.01508760174486728
P3_dev_run0,9,summer,4,7,0.2,0.3,0.09999999999999998,0.01320345989682448
P3_dev_run0,9,summer,4,8,0.3,0.5,0.2,0.009460186614135904
P3_dev_run0,9,summer,5,0,0.0,0.01,0.01,0.019365614215832716
P3_dev_run0,9,summer,5,1,0.01,0.025,0.015000000000000001,0.019047884829325363
P3_dev_run0,9,summer,5,2,0.025,0.05,0.025,0.018540010411443042
P3_dev_run0,9,summer,5,3,0.05,0.075,0.024999999999999994,0.017905965993860743
P3_dev_run0,9,summer,5,4,0.075,0.1,0.02500000000000001,0.0172728403920197
P3_dev_run0,9,summer,5,5,0.1,0.15,0.04999999999999999,0.016324982359924026
P3_dev_run0,9,summer,5,6,0.15,0.2,0.05000000000000002,0.015064207700846982
P3_dev_run0,9,summer,5,7,0.2,0.3,0.09999999999999998,0.013180280689251426
P3_dev_run0,9,summer,5,8,0.3,0.5,0.2,0.009437431679892166
P3_dev_run0,9,summer,6,0,0.0,0.01,0.01,0.019714199103967878
P3_dev_run0,9,summer,6,1,0.01,0.025,0.015000000000000001,0.019395935218649574
P3_dev_run0,9,summer,6,2,0.025,0.05,0.025,0.01888720719131931
P3_dev_run0,9,summer,6,3,0.05,0.075,0.024999999999999994,0.018252098301014267
P3_dev_run0,9,summer,6,4,0.075,0.1,0.02500000000000001,0.01761791116112798
P3_dev_run0,9,summer,6,5,0.1,0.15,0.04999999999999999,0.016668466633131266
P3_dev_run0,9,summer,6,6,0.15,0.2,0.05000000000000002,0.015405586296416413
P3_dev_run0,9,summer,6,7,0.2,0.3,0.09999999999999998,0.013518523674229541
P3_dev_run0,9,summer,6,8,0.3,0.5,0.2,0.009769482255344922
P3_dev_run0,9,summer,7,0,0.0,0.01,0.01,0.020839091469186666
P3_dev_run0,9,summer,7,1,0.01,0.025,0.015000000000000001,0.02051910112829125
P3_dev_run0,9,summer,7,2,0.025,0.05,0.025,0.02000761587761246
P3_dev_run0,9,summer,7,3,0.05,0.075,0.024999999999999994,0.01936906871541078
P3_dev_run0,9,summer,7,4,0.075,0.1,0.02500000000000001,0.01873145278101062
P3_dev_run0,9,summer,7,5,0.1,0.15,0.04999999999999999,0.01777688393246685
P3_dev_run0,9,summer,7,6,0.15,0.2,0.05000000000000002,0.016507202394893665
P3_dev_run0,9,summer,7,7,0.2,0.3,0.09999999999999998,0.01461001219986283
P3_dev_run0,9,summer,7,8,0.3,0.5,0.2,0.010840970911334125
P3_dev_run0,9,summer,8,0,0.0,0.01,0.01,0.02264435854217456
P3_dev_run0,9,summer,8,1,0.01,0.025,0.015000000000000001,0.02232159229522875
P3_dev_run0,9,summer,8,2,0.025,0.05,0.025,0.02180567385139831
P3_dev_run0,9,summer,8,3,0.05,0.075,0.024999999999999994,0.021161598554663156
P3_dev_run0,9,summer,8,4,0.075,0.1,0.02500000000000001,0.02051846981753979
P3_dev_run0,9,summer,8,5,0.1,0.15,0.04999999999999999,0.019555662272841282
P3_dev_run0,9,summer,8,6,0.15,0.2,0.05000000000000002,0.018275046318857173
P3_dev_run0,9,summer,8,7,0.2,0.3,0.09999999999999998,0.01636157452781992
P3_dev_run0,9,summer,8,8,0.3,0.5,0.2,0.012560382836094494
P3_dev_run0,9,summer,9,0,0.0,0.01,0.01,0.025022764089402405
P3_dev_run0,9,summer,9,1,0.01,0.025,0.015000000000000001,0.02469633073518921
P3_dev_run0,9,summer,9,2,0.025,0.05,0.025,0.024174555911361528
P3_dev_run0,9,summer,9,3,0.05,0.075,0.024999999999999994,0.023523177899681398
P3_dev_run0,9,summer,9,4,0.075,0.1,0.02500000000000001,0.02287276689317385
P3_dev_run0,9,summer,9,5,0.1,0.15,0.04999999999999999,0.021899076581316516
P3_dev_run0,9,summer,9,6,0.15,0.2,0.05000000000000002,0.02060401753709306
P3_dev_run0,9,summer,9,7,0.2,0.3,0.09999999999999998,0.018669040982290667
P3_dev_run0,9,summer,9,8,0.3,0.5,0.2,0.014825389469341893
P3_dev_run0,9,summer,10,0,0.0,0.01,0.01,0.026375848708531935
P3_dev_run0,9,summer,10,1,0.01,0.025,0.015000000000000001,0.026047324077758484
P3_dev_run0,9,summer,10,2,0.025,0.05,0.025,0.02552220947140582
P3_dev_run0,9,summer,10,3,0.05,0.075,0.024999999999999994,0.024866666959306734
P3_dev_run0,9,summer,10,4,0.075,0.1,0.02500000000000001,0.02421210317907873
P3_dev_run0,9,summer,10,5,0.1,0.15,0.04999999999999999,0.023232207062463543
P3_dev_run0,9,summer,10,6,0.15,0.2,0.05000000000000002,0.02192891225751114
P3_dev_run0,9,summer,10,7,0.2,0.3,0.09999999999999998,0.01998167389080985
P3_dev_run0,9,summer,10,8,0.3,0.5,0.2,0.016113814472291377
P3_dev_run0,9,summer,11,0,0.0,0.01,0.01,0.02680492716259364
P3_dev_run0,9,summer,11,1,0.01,0.025,0.015000000000000001,0.026475738568145408
P3_dev_run0,9,summer,11,2,0.025,0.05,0.025,0.025949563654847907
P3_dev_run0,9,summer,11,3,0.05,0.075,0.024999999999999994,0.025292699010504023
P3_dev_run0,9,summer,11,4,0.075,0.1,0.02500000000000001,0.024636816845955416
P3_dev_run0,9,summer,11,5,0.1,0.15,0.04999999999999999,0.023654950580349617
P3_dev_run0,9,summer,11,6,0.15,0.2,0.05000000000000002,0.022349041220939274
P3_dev_run0,9,summer,11,7,0.2,0.3,0.09999999999999998,0.020397910277174528
P3_dev_run0,9,summer,11,8,0.3,0.5,0.2,0.016522366284976442
P3_dev_run0,9,summer,12,0,0.0,0.01,0.01,0.026626556942555002
P3_dev_run0,9,summer,12,1,0.01,0.025,0.015000000000000001,0.026297644417257644
P3_dev_run0,9,summer,12,2,0.025,0.05,0.025,0.02577191034494275
P3_dev_run0,9,summer,12,3,0.05,0.075,0.024999999999999994,0.02511559540692155
P3_dev_run0,9,summer,12,4,0.075,0.1,0.02500000000000001,0.02446026139114931
P3_dev_run0,9,summer,12,5,0.1,0.15,0.04999999999999999,0.023479214256120214
P3_dev_run0,9,summer,12,6,0.15,0.2,0.05000000000000002,0.022174391950863785
P3_dev_run0,9,summer,12,7,0.2,0.3,0.09999999999999998,0.02022487941841317
P3_dev_run0,9,summer,12,8,0.3,0.5,0.2,0.016352530413595995
P3_dev_run0,9,summer,13,0,0.0,0.01,0.01,0.025926665618855593
P3_dev_run0,9,summer,13,1,0.01,0.025,0.015000000000000001,0.025598835640637065
P3_dev_run0,9,summer,13,2,0.025,0.05,0.025,0.02507483038771019
P3_dev_run0,9,summer,13,3,0.05,0.075,0.024999999999999994,0.024420671165624748
P3_dev_run0,9,summer,13,4,0.075,0.1,0.02500000000000001,0.023767486781370854
P3_dev_run0,9,summer,13,5,0.1,0.15,0.04999999999999999,0.022789651979594486
P3_dev_run0,9,summer,13,6,0.15,0.2,0.05000000000000002,0.021489092734601194
P3_dev_run0,9,summer,13,7,0.2,0.3,0.09999999999999998,0.01954592715202819
P3_dev_run0,9,summer,13,8,0.3,0.5,0.2,0.015686108255693887
P3_dev_run0,9,summer,14,0,0.0,0.01,0.01,0.027067522402696165
P3_dev_run0,9,summer,14,1,0.01,0.025,0.015000000000000001,0.02673792730667109
P3_dev_run0,9,summer,14,2,0.025,0.05,0.025,0.026211103192346208
P3_dev_run0,9,summer,14,3,0.05,0.075,0.024999999999999994,0.02555342904786429
P3_dev_run0,9,summer,14,4,0.075,0.1,0.02500000000000001,0.024896739664516103
P3_dev_run0,9,summer,14,5,0.1,0.15,0.04999999999999999,0.023913667148064983
P3_dev_run0,9,summer,14,6,0.15,0.2,0.05000000000000002,0.022606156993925645
P3_dev_run0,9,summer,14,7,0.2,0.3,0.09999999999999998,0.02065264279882934
P3_dev_run0,9,summer,14,8,0.3,0.5,0.2,0.0167723939589165
P3_dev_run0,9,summer,15,0,0.0,0.01,0.01,0.027656878072343516
P3_dev_run0,9,summer,15,1,0.01,0.025,0.015000000000000001,0.027326370086516723
P3_dev_run0,9,summer,15,2,0.025,0.05,0.025,0.026798088137722775
P3_dev_run0,9,summer,15,3,0.05,0.075,0.024999999999999994,0.026138596176017444
P3_dev_run0,9,summer,15,4,0.075,0.1,0.02500000000000001,0.025480094147600767
P3_dev_run0,9,summer,15,5,0.1,0.15,0.04999999999999999,0.02449431290673599
P3_dev_run0,9,summer,15,6,0.15,0.2,0.05000000000000002,0.023183208099978307
P3_dev_run0,9,summer,15,7,0.2,0.3,0.09999999999999998,0.021224342269682565
P3_dev_run0,9,summer,15,8,0.3,0.5,0.2,0.017333528842285034
P3_dev_run0,9,summer,16,0,0.0,0.01,0.01,0.027980280434797278
P3_dev_run0,9,summer,16,1,0.01,0.025,0.015000000000000001,0.027649271202606625
P3_dev_run0,9,summer,16,2,0.025,0.05,0.025,0.02712018880634215
P3_dev_run0,9,summer,16,3,0.05,0.075,0.024999999999999994,0.026459698758192214
P3_dev_run0,9,summer,16,4,0.075,0.1,0.02500000000000001,0.025800201468367805
P3_dev_run0,9,summer,16,5,0.1,0.15,0.04999999999999999,0.02481293298673693
P3_dev_run0,9,summer,16,6,0.15,0.2,0.05000000000000002,0.023499854528936097
P3_dev_run0,9,summer,16,7,0.2,0.3,0.09999999999999998,0.0215380504081561
P3_dev_run0,9,summer,16,8,0.3,0.5,0.2,0.01764143668332982
P3_dev_run0,9,summer,17,0,0.0,0.01,0.01,0.028552106509632802
P3_dev_run0,9,summer,17,1,0.01,0.025,0.015000000000000001,0.02822021050865597
P3_dev_run0,9,summer,17,2,0.025,0.05,0.025,0.0276897119673436
P3_dev_run0,9,summer,17,3,0.05,0.075,0.024999999999999994,0.027027456103828625
P3_dev_run0,9,summer,17,4,0.075,0.1,0.02500000000000001,0.026366198036071865
P3_dev_run0,9,summer,17,5,0.1,0.15,0.04999999999999999,0.025376298378097524
P3_dev_run0,9,summer,17,6,0.15,0.2,0.05000000000000002,0.0240597282369509
P3_dev_run0,9,summer,17,7,0.2,0.3,0.09999999999999998,0.022092725915858483
P3_dev_run0,9,summer,17,8,0.3,0.5,0.2,0.018185850966937755
P3_dev_run0,9,summer,18,0,0.0,0.01,0.01,0.02849664558354781
P3_dev_run0,9,summer,18,1,0.01,0.025,0.015000000000000001,0.028164835612609625
P3_dev_run0,9,summer,18,2,0.025,0.05,0.025,0.027634474467874703
P3_dev_run0,9,summer,18,3,0.05,0.075,0.024999999999999994,0.026972389922153013
P3_dev_run0,9,summer,18,4,0.075,0.1,0.02500000000000001,0.02631130269157732
P3_dev_run0,9,summer,18,5,0.1,0.15,0.04999999999999999,0.025321658311738278
P3_dev_run0,9,summer,18,6,0.15,0.2,0.05000000000000002,0.02400542693865248
P3_dev_run0,9,summer,18,7,0.2,0.3,0.09999999999999998,0.022038928941649497
P3_dev_run0,9,summer,18,8,0.3,0.5,0.2,0.01813304952480929
P3_dev_run0,9,summer,19,0,0.0,0.01,0.01,0.028308275711919073
P3_dev_run0,9,summer,19,1,0.01,0.025,0.015000000000000001,0.027976757914061064
P3_dev_run0,9,summer,19,2,0.025,0.05,0.025,0.02744686335718005
P3_dev_run0,9,summer,19,3,0.05,0.075,0.024999999999999994,0.02678536060773396
P3_dev_run0,9,summer,19,4,0.075,0.1,0.02500000000000001,0.026124853509754676
P3_dev_run0,9,summer,19,5,0.1,0.15,0.04999999999999999,0.025136076036809125
P3_dev_run0,9,summer,19,6,0.15,0.2,0.05000000000000002,0.0238209950815138
P3_dev_run0,9,summer,19,7,0.2,0.3,0.09999999999999998,0.021856209756771775
P3_dev_run0,9,summer,19,8,0.3,0.5,0.2,0.017953711110276355
P3_dev_run0,9,summer,20,0,0.0,0.01,0.01,0.028076003670055028
P3_dev_run0,9,summer,20,1,0.01,0.025,0.015000000000000001,0.027744846035065992
P3_dev_run0,9,summer,20,2,0.025,0.05,0.025,0.02721552665010507
P3_dev_run0,9,summer,20,3,0.05,0.075,0.024999999999999994,0.026554741096516128
P3_dev_run0,9,summer,20,4,0.075,0.1,0.02500000000000001,0.025894949151537
P3_dev_run0,9,summer,20,5,0.1,0.15,0.04999999999999999,0.024907240337102017
P3_dev_run0,9,summer,20,6,0.15,0.2,0.05000000000000002,0.0235935775545748
P3_dev_run0,9,summer,20,7,0.2,0.3,0.09999999999999998,0.021630903510123093
P3_dev_run0,9,summer,20,8,0.3,0.5,0.2,0.01773257254497243
P3_dev_run0,9,summer,21,0,0.0,0.01,0.01,0.02721366654975521
P3_dev_run0,9,summer,21,1,0.01,0.025,0.015000000000000001,0.026883845146789355
P3_dev_run0,9,summer,21,2,0.025,0.05,0.025,0.02635665962914091
P3_dev_run0,9,summer,21,3,0.05,0.075,0.024999999999999994,0.025698534848654926
P3_dev_run0,9,summer,21,4,0.075,0.1,0.02500000000000001,0.025041396106955098
P3_dev_run0,9,summer,21,5,0.1,0.15,0.04999999999999999,0.02405765208565392
P3_dev_run0,9,summer,21,6,0.15,0.2,0.05000000000000002,0.02274925080678169
P3_dev_run0,9,summer,21,7,0.2,0.3,0.09999999999999998,0.020794409908728165
P3_dev_run0,9,summer,21,8,0.3,0.5,0.2,0.016911542018101244
P3_dev_run0,9,summer,22,0,0.0,0.01,0.01,0.025789362606232213
P3_dev_run0,9,summer,22,1,0.01,0.025,0.015000000000000001,0.02546174487619105
P3_dev_run0,9,summer,22,2,0.025,0.05,0.025,0.024938078604677116
P3_dev_run0,9,summer,22,3,0.05,0.075,0.024999999999999994,0.024284342059122117
P3_dev_run0,9,summer,22,4,0.075,0.1,0.02500000000000001,0.02363157915464486
P3_dev_run0,9,summer,22,5,0.1,0.15,0.04999999999999999,0.022654374207301545
P3_dev_run0,9,summer,22,6,0.15,0.2,0.05000000000000002,0.021354650841782223
P3_dev_run0,9,summer,22,7,0.2,0.3,0.09999999999999998,0.019412729757558315
P3_dev_run0,9,summer,22,8,0.3,0.5,0.2,0.015555367787514901
P3_dev_run0,9,summer,23,0,0.0,0.01,0.01,0.02451810091420592
P3_dev_run0,9,summer,23,1,0.01,0.025,0.015000000000000001,0.024192446626643733
P3_dev_run0,9,summer,23,2,0.025,0.05,0.025,0.02367191595048279
P3_dev_run0,9,summer,23,3,0.05,0.075,0.024999999999999994,0.023022089325550613
P3_dev_run0,9,summer,23,4,0.075,0.1,0.02500000000000001,0.022373225353888852
P3_dev_run0,9,summer,23,5,0.1,0.15,0.04999999999999999,0.02140184692442038
P3_dev_run0,9,summer,23,6,0.15,0.2,0.05000000000000002,0.020109856049414503
P3_dev_run0,9,summer,23,7,0.2,0.3,0.09999999999999998,0.018179447660924
P3_dev_run0,9,summer,23,8,0.3,0.5,0.2,0.014344815279729098
P3_dev_run0,9,winter,0,0,0.0,0.01,0.01,0.024535958790558587
P3_dev_run0,9,winter,0,1,0.01,0.025,0.015000000000000001,0.02421027693768803
P3_dev_run0,9,winter,0,2,0.025,0.05,0.025,0.023689702248319566
P3_dev_run0,9,winter,0,3,0.05,0.075,0.024999999999999994,0.023039820746935117
P3_dev_run0,9,winter,0,4,0.075,0.1,0.02500000000000001,0.022390902044024934
P3_dev_run0,9,winter,0,5,0.1,0.15,0.04999999999999999,0.021419441833790968
P3_dev_run0,9,winter,0,6,0.15,0.2,0.05000000000000002,0.020127342423967846
P3_dev_run0,9,winter,0,7,0.2,0.3,0.09999999999999998,0.018196772435101764
P3_dev_run0,9,winter,0,8,0.3,0.5,0.2,0.014361820995165905
P3_dev_run0,9,winter,1,0,0.0,0.01,0.01,0.02269319342006193
P3_dev_run0,9,winter,1,1,0.01,0.025,0.015000000000000001,0.022370709686742037
P3_dev_run0,9,winter,1,2,0.025,0.05,0.025,0.02185467029945154
P3_dev_run0,9,winter,1,3,0.05,0.075,0.024999999999999994,0.02121044417783158
P3_dev_run0,9,winter,1,4,0.075,0.1,0.02500000000000001,0.020567165040687445
P3_dev_run0,9,winter,1,5,0.1,0.15,0.04999999999999999,0.019604132736241734
P3_dev_run0,9,winter,1,6,0.15,0.2,0.05000000000000002,0.018323218480298935
P3_dev_run0,9,winter,1,7,0.2,0.3,0.09999999999999998,0.01640930252757675
P3_dev_run0,9,winter,1,8,0.3,0.5,0.2,0.012607233809986823
P3_dev_run0,9,winter,2,0,0.0,0.01,0.01,0.02179737906751883
P3_dev_run0,9,winter,2,1,0.01,0.025,0.015000000000000001,0.021475916012132314
P3_dev_run0,9,winter,2,2,0.025,0.05,0.025,0.020962078769236614
P3_dev_run0,9,winter,2,3,0.05,0.075,0.024999999999999994,0.02032059869522374
P3_dev_run0,9,winter,2,4,0.075,0.1,0.02500000000000001,0.019680057969453373
P3_dev_run0,9,winter,2,5,0.1,0.15,0.04999999999999999,0.018721118095400006
P3_dev_run0,9,winter,2,6,0.15,0.2,0.05000000000000002,0.01744563527215303
P3_dev_run0,9,winter,2,7,0.2,0.3,0.09999999999999998,0.015539806728823023
P3_dev_run0,9,winter,2,8,0.3,0.5,0.2,0.011753707381556774
P3_dev_run0,9,winter,3,0,0.0,0.01,0.01,0.02128597289600964
P3_dev_run0,9,winter,3,1,0.01,0.025,0.015000000000000001,0.020965296017753467
P3_dev_run0,9,winter,3,2,0.025,0.05,0.025,0.02045271430790141
P3_dev_run0,9,winter,3,3,0.05,0.075,0.024999999999999994,0.01981279987892715
P3_dev_run0,9,winter,3,4,0.075,0.1,0.02500000000000001,0.01917382045409643
P3_dev_run0,9,winter,3,5,0.1,0.15,0.04999999999999999,0.018217213900673383
P3_dev_run0,9,winter,3,6,0.15,0.2,0.05000000000000002,0.0169448278796036
P3_dev_run0,9,winter,3,7,0.2,0.3,0.09999999999999998,0.015043610566272961
P3_dev_run0,9,winter,3,8,0.3,0.5,0.2,0.011266616869314919
P3_dev_run0,9,winter,4,0,0.0,0.01,0.01,0.021077900419799733
P3_dev_run0,9,winter,4,1,0.01,0.025,0.015000000000000001,0.020757543245121985
P3_dev_run0,9,winter,4,2,0.025,0.05,0.025,0.020245472139464038
P3_dev_run0,9,winter,4,3,0.05,0.075,0.024999999999999994,0.01960619441691958
P3_dev_run0,9,winter,4,4,0.075,0.1,0.02500000000000001,0.01896784994183775
P3_dev_run0,9,winter,4,5,0.1,0.15,0.04999999999999999,0.01801219230600948
P3_dev_run0,9,winter,4,6,0.15,0.2,0.05000000000000002,0.016741065705139772
P3_dev_run0,9,winter,4,7,0.2,0.3,0.09999999999999998,0.01484172372513429
P3_dev_run0,9,winter,4,8,0.3,0.5,0.2,0.011068433256040261
P3_dev_run0,9,winter,5,0,0.0,0.01,0.01,0.021268618845310394
P3_dev_run0,9,winter,5,1,0.01,0.025,0.015000000000000001,0.02094796862348961
P3_dev_run0,9,winter,5,2,0.025,0.05,0.025,0.02043542951335131
P3_dev_run0,9,winter,5,3,0.05,0.075,0.024999999999999994,0.0197955681912998
P3_dev_run0,9,winter,5,4,0.075,0.1,0.02500000000000001,0.019156641730194705
P3_dev_run0,9,winter,5,5,0.1,0.15,0.04999999999999999,0.018200114329451626
P3_dev_run0,9,winter,5,6,0.15,0.2,0.05000000000000002,0.016927833361000115
P3_dev_run0,9,winter,5,7,0.2,0.3,0.09999999999999998,0.01502677247600032
P3_dev_run0,9,winter,5,8,0.3,0.5,0.2,0.011250087676319062
P3_dev_run0,9,winter,6,0,0.0,0.01,0.01,0.021943921558474633
P3_dev_run0,9,winter,6,1,0.01,0.025,0.015000000000000001,0.021622233137445303
P3_dev_run0,9,winter,6,2,0.025,0.05,0.025,0.02110803597498656
P3_dev_run0,9,winter,6,3,0.05,0.075,0.024999999999999994,0.020466107076100862
P3_dev_run0,9,winter,6,4,0.075,0.1,0.02500000000000001,0.01982511877664294
P3_dev_run0,9,winter,6,5,0.1,0.15,0.04999999999999999,0.018865510020977253
P3_dev_run0,9,winter,6,6,0.15,0.2,0.05000000000000002,0.017589139459200924
P3_dev_run0,9,winter,6,7,0.2,0.3,0.09999999999999998,0.01568198905233201
P3_dev_run0,9,winter,6,8,0.3,0.5,0.2,0.01189327951307953
P3_dev_run0,9,winter,7,0,0.0,0.01,0.01,0.02338803836030301
P3_dev_run0,9,winter,7,1,0.01,0.025,0.015000000000000001,0.02306412671433111
P3_dev_run0,9,winter,7,2,0.025,0.05,0.025,0.022546379028004493
P3_dev_run0,9,winter,7,3,0.05,0.075,0.024999999999999994,0.02190002270380576
P3_dev_run0,9,winter,7,4,0.075,0.1,0.02500000000000001,0.02125461931118621
P3_dev_run0,9,winter,7,5,0.1,0.15,0.04999999999999999,0.02028841242936952
P3_dev_run0,9,winter,7,6,0.15,0.2,0.05000000000000002,0.019003284974269667
P3_dev_run0,9,winter,7,7,0.2,0.3,0.09999999999999998,0.017083095704863025
P3_dev_run0,9,winter,7,8,0.3,0.5,0.2,0.013268640220607322
P3_dev_run0,9,winter,8,0,0.0,0.01,0.01,0.02568108109340106
P3_dev_run0,9,winter,8,1,0.01,0.025,0.015000000000000001,0.025353630732821705
P3_dev_run0,9,winter,8,2,0.025,0.05,0.025,0.02483023173058707
P3_dev_run0,9,winter,8,3,0.05,0.075,0.024999999999999994,0.024176828468757135
P3_dev_run0,9,winter,8,4,0.075,0.1,0.02500000000000001,0.02352439790771154
P3_dev_run0,9,winter,8,5,0.1,0.15,0.04999999999999999,0.022547689608405367
P3_dev_run0,9,winter,8,6,0.15,0.2,0.05000000000000002,0.021248625345022802
P3_dev_run0,9,winter,8,7,0.2,0.3,0.09999999999999998,0.019307685561762437
P3_dev_run0,9,winter,8,8,0.3,0.5,0.2,0.015452260926597794
P3_dev_run0,9,winter,9,0,0.0,0.01,0.01,0.028433821757462008
P3_dev_run0,9,winter,9,1,0.01,0.025,0.015000000000000001,0.02810210924205266
P3_dev_run0,9,winter,9,2,0.025,0.05,0.025,0.02757190372048912
P3_dev_run0,9,winter,9,3,0.05,0.075,0.024999999999999994,0.026910013234469073
P3_dev_run0,9,winter,9,4,0.075,0.1,0.02500000000000001,0.026249119495923557
P3_dev_run0,9,winter,9,5,0.1,0.15,0.04999999999999999,0.025259764265883063
P3_dev_run0,9,winter,9,6,0.15,0.2,0.05000000000000002,0.02394391660148098
P3_dev_run0,9,winter,9,7,0.2,0.3,0.09999999999999998,0.021977989849212846
P3_dev_run0,9,winter,9,8,0.3,0.5,0.2,0.018073238044548356
P3_dev_run0,9,winter,10,0,0.0,0.01,0.01,0.028629796197413016
P3_dev_run0,9,winter,10,1,0.01,0.025,0.015000000000000001,0.02829777966631049
P3_dev_run0,9,winter,10,2,0.025,0.05,0.025,0.027767088635753945
P3_dev_run0,9,winter,10,3,0.05,0.075,0.024999999999999994,0.02710459276519806
P3_dev_run0,9,winter,10,4,0.075,0.1,0.02500000000000001,0.026443095374086834
P3_dev_run0,9,winter,10,5,0.1,0.15,0.04999999999999999,0.025452838089954362
P3_dev_run0,9,winter,10,6,0.15,0.2,0.05000000000000002,0.02413579336523474
P3_dev_run0,9,winter,10,7,0.2,0.3,0.09999999999999998,0.02216808452465441
P3_dev_run0,9,winter,10,8,0.3,0.5,0.2,0.01825981492931339
P3_dev_run0,9,winter,11,0,0.0,0.01,0.01,0.027888313142987453
P3_dev_run0,9,winter,11,1,0.01,0.025,0.015000000000000001,0.027557446491118427
P3_dev_run0,9,winter,11,2,0.025,0.05,0.025,0.02702859175211847
P3_dev_run0,9,winter,11,3,0.05,0.075,0.024999999999999994,0.02636838557236399
P3_dev_run0,9,winter,11,4,0.075,0.1,0.02500000000000001,0.02570917135192862
P3_dev_run0,9,winter,11,5,0.1,0.15,0.04999999999999999,0.024722325868175028
P3_dev_run0,9,winter,11,6,0.15,0.2,0.05000000000000002,0.02340980874515896
P3_dev_run0,9,winter,11,7,0.2,0.3,0.09999999999999998,0.02144884031703626
P3_dev_run0,9,winter,11,8,0.3,0.5,0.2,0.017553876270892943
P3_dev_run0,9,winter,12,0,0.0,0.01,0.01,0.02676486087912766
P3_dev_run0,9,winter,12,1,0.01,0.025,0.015000000000000001,0.02643573433235661
P3_dev_run0,9,winter,12,2,0.025,0.05,0.025,0.02590965843976223
P3_dev_run0,9,winter,12,3,0.05,0.075,0.024999999999999994,0.025252917284134264
P3_dev_run0,9,winter,12,4,0.075,0.1,0.02500000000000001,0.024597158254845423
P3_dev_run0,9,winter,12,5,0.1,0.15,0.04999999999999999,0.023615476003263643
P3_dev_run0,9,winter,12,6,0.15,0.2,0.05000000000000002,0.02230981084369365
P3_dev_run0,9,winter,12,7,0.2,0.3,0.09999999999999998,0.0203590434667339
P3_dev_run0,9,winter,12,8,0.3,0.5,0.2,0.016484217202992618
P3_dev_run0,9,winter,13,0,0.0,0.01,0.01,0.025115631887373535
P3_dev_run0,9,winter,13,1,0.01,0.025,0.015000000000000001,0.024789488271672228
P3_dev_run0,9,winter,13,2,0.025,0.05,0.025,0.02426748334465767
P3_dev_run0,9,winter,13,3,0.05,0.075,0.024999999999999994,0.023615818407796148
P3_dev_run0,9,winter,13,4,0.075,0.1,0.02500000000000001,0.0229651212744919
P3_dev_run0,9,winter,13,5,0.1,0.15,0.04999999999999999,0.021991003382546562
P3_dev_run0,9,winter,13,6,0.15,0.2,0.05000000000000002,0.02069537688742739
P3_dev_run0,9,winter,13,7,0.2,0.3,0.09999999999999998,0.01875955547033265
P3_dev_run0,9,winter,13,8,0.3,0.5,0.2,0.014914235929369551
P3_dev_run0,9,winter,14,0,0.0,0.01,0.01,0.026078612301416726
P3_dev_run0,9,winter,14,1,0.01,0.025,0.015000000000000001,0.02575054737874264
P3_dev_run0,9,winter,14,2,0.025,0.05,0.025,0.02522616694085711
P3_dev_run0,9,winter,14,3,0.05,0.075,0.024999999999999994,0.024571539876282474
P3_dev_run0,9,winter,14,4,0.075,0.1,0.02500000000000001,0.023917888965114813
P3_dev_run0,9,winter,14,5,0.1,0.15,0.04999999999999999,0.0229393570096359
P3_dev_run0,9,winter,14,6,0.15,0.2,0.05000000000000002,0.02163787256912019
P3_dev_run0,9,winter,14,7,0.2,0.3,0.09999999999999998,0.019693329520121265
P3_dev_run0,9,winter,14,8,0.3,0.5,0.2,0.015830791200137362
P3_dev_run0,9,winter,15,0,0.0,0.01,0.01,0.026590188672856452
P3_dev_run0,9,winter,15,1,0.01,0.025,0.015000000000000001,0.026261332412613744
P3_dev_run0,9,winter,15,2,0.025,0.05,0.025,0.025735688224054476
P3_dev_run0,9,winter,15,3,0.05,0.075,0.024999999999999994,0.0250794853479508
P3_dev_run0,9,winter,15,4,0.075,0.1,0.02500000000000001,0.02442426307687428
P3_dev_run0,9,winter,15,5,0.1,0.15,0.04999999999999999,0.023443382935784414
P3_dev_run0,9,winter,15,6,0.15,0.2,0.05000000000000002,0.02213878224438303
P3_dev_run0,9,winter,15,7,0.2,0.3,0.09999999999999998,0.020189599649829974
P3_dev_run0,9,winter,15,8,0.3,0.5,0.2,0.016317901994935824
P3_dev_run0,9,winter,16,0,0.0,0.01,0.01,0.027129611129408926
P3_dev_run0,9,winter,16,1,0.01,0.025,0.015000000000000001,0.02679991988427203
P3_dev_run0,9,winter,16,2,0.025,0.05,0.025,0.026272942247861364
P3_dev_run0,9,winter,16,3,0.05,0.075,0.024999999999999994,0.025615076654388343
P3_dev_run0,9,winter,16,4,0.075,0.1,0.02500000000000001,0.024958196377924395
P3_dev_run0,9,winter,16,5,0.1,0.15,0.04999999999999999,0.02397483859039596
P3_dev_run0,9,winter,16,6,0.15,0.2,0.05000000000000002,0.022666949867198298
P3_dev_run0,9,winter,16,7,0.2,0.3,0.09999999999999998,0.020712872054871604
P3_dev_run0,9,winter,16,8,0.3,0.5,0.2,0.016831510577047792
P3_dev_run0,9,winter,17,0,0.0,0.01,0.01,0.02793244835014308
P3_dev_run0,9,winter,17,1,0.01,0.025,0.015000000000000001,0.02760151328824826
P3_dev_run0,9,winter,17,2,0.025,0.05,0.025,0.027072549297655346
P3_dev_run0,9,winter,17,3,0.05,0.075,0.024999999999999994,0.026412206888153385
P3_dev_run0,9,winter,17,4,0.075,0.1,0.02500000000000001,0.025752856835463682
P3_dev_run0,9,winter,17,5,0.1,0.15,0.04999999999999999,0.024765808352602565
P3_dev_run0,9,winter,17,6,0.15,0.2,0.05000000000000002,0.023453021856771887
P3_dev_run0,9,winter,17,7,0.2,0.3,0.09999999999999998,0.021491652388234143
P3_dev_run0,9,winter,17,8,0.3,0.5,0.2,0.017595896682283257
P3_dev_run0,9,winter,18,0,0.0,0.01,0.01,0.02791773475431525
P3_dev_run0,9,winter,18,1,0.01,0.025,0.015000000000000001,0.02758682249470549
P3_dev_run0,9,winter,18,2,0.025,0.05,0.025,0.027057894927214887
P3_dev_run0,9,winter,18,3,0.05,0.075,0.024999999999999994,0.026397597934869628
P3_dev_run0,9,winter,18,4,0.075,0.1,0.02500000000000001,0.02573829316468878
P3_dev_run0,9,winter,18,5,0.1,0.15,0.04999999999999999,0.02475131236060802
P3_dev_run0,9,winter,18,6,0.15,0.2,0.05000000000000002,0.023438615667573652
P3_dev_run0,9,winter,18,7,0.2,0.3,0.09999999999999998,0.021477379898871
P3_dev_run0,9,winter,18,8,0.3,0.5,0.2,0.01758188811738004
P3_dev_run0,9,winter,19,0,0.0,0.01,0.01,0.027484520238268972
P3_dev_run0,9,winter,19,1,0.01,0.025,0.015000000000000001,0.027154279291565404
P3_dev_run0,9,winter,19,2,0.025,0.05,0.025,0.026626423812805555
P3_dev_run0,9,winter,19,3,0.05,0.075,0.024999999999999994,0.0259674636192564
P3_dev_run0,9,winter,19,4,0.075,0.1,0.02500000000000001,0.025309491841687397
P3_dev_run0,9,winter,19,5,0.1,0.15,0.04999999999999999,0.024324502976422198
P3_dev_run0,9,winter,19,6,0.15,0.2,0.05000000000000002,0.023014449710240796
P3_dev_run0,9,winter,19,7,0.2,0.3,0.09999999999999998,0.021057149367432196
P3_dev_run0,9,winter,19,8,0.3,0.5,0.2,0.017169426322204834
P3_dev_run0,9,winter,20,0,0.0,0.01,0.01,0.026786713498228032
P3_dev_run0,9,winter,20,1,0.01,0.025,0.015000000000000001,0.026457553100809696
P3_dev_run0,9,winter,20,2,0.025,0.05,0.025,0.025931423208996884
P3_dev_run0,9,winter,20,3,0.05,0.075,0.024999999999999994,0.02527461470043236
P3_dev_run0,9,winter,20,4,0.075,0.1,0.02500000000000001,0.02461878851186649
P3_dev_run0,9,winter,20,5,0.1,0.15,0.04999999999999999,0.023637005899085912
P3_dev_run0,9,winter,20,6,0.15,0.2,0.05000000000000002,0.022331207549063918
P3_dev_run0,9,winter,20,7,0.2,0.3,0.09999999999999998,0.020380241882505815
P3_dev_run0,9,winter,20,8,0.3,0.5,0.2,0.016505024165860416
P3_dev_run0,9,winter,21,0,0.0,0.01,0.01,0.025836316261870773
P3_dev_run0,9,winter,21,1,0.01,0.025,0.015000000000000001,0.02550862595189588
P3_dev_run0,9,winter,21,2,0.025,0.05,0.025,0.024984843764628284
P3_dev_run0,9,winter,21,3,0.05,0.075,0.024999999999999994,0.024330962687586506
P3_dev_run0,9,winter,21,4,0.075,0.1,0.02500000000000001,0.023678055655109713
P3_dev_run0,9,winter,21,5,0.1,0.15,0.04999999999999999,0.02270063532854583
P3_dev_run0,9,winter,21,6,0.15,0.2,0.05000000000000002,0.02140062613344095
P3_dev_run0,9,winter,21,7,0.2,0.3,0.09999999999999998,0.019458279488923928
P3_dev_run0,9,winter,21,8,0.3,0.5,0.2,0.015600077365585802
P3_dev_run0,9,winter,22,0,0.0,0.01,0.01,0.02486145968340625
P3_dev_run0,9,winter,22,1,0.01,0.025,0.015000000000000001,0.024535275422819337
P3_dev_run0,9,winter,22,2,0.025,0.05,0.025,0.024013898340548012
P3_dev_run0,9,winter,22,3,0.05,0.075,0.024999999999999994,0.023363016305296695
P3_dev_run0,9,winter,22,4,0.075,0.1,0.02500000000000001,0.022713099880321545
P3_dev_run0,9,winter,22,5,0.1,0.15,0.04999999999999999,0.021740148672952934
P3_dev_run0,9,winter,22,6,0.15,0.2,0.05000000000000002,0.020446070507769136
P3_dev_run0,9,winter,22,7,0.2,0.3,0.09999999999999998,0.018512554371303284
P3_dev_run0,9,winter,22,8,0.3,0.5,0.2,0.014671786197333891
P3_dev_run0,9,winter,23,0,0.0,0.01,0.01,0.02454310270839366
P3_dev_run0,9,winter,23,1,0.01,0.025,0.015000000000000001,0.024217409845421013
P3_dev_run0,9,winter,23,2,0.025,0.05,0.025,0.023696817542616655
P3_dev_run0,9,winter,23,3,0.05,0.075,0.024999999999999994,0.023046914089324137
P3_dev_run0,9,winter,23,4,0.075,0.1,0.02500000000000001,0.022397973494232552
P3_dev_run0,9,winter,23,5,0.1,0.15,0.04999999999999999,0.021426480566335008
P3_dev_run0,9,winter,23,6,0.15,0.2,0.05000000000000002,0.020134337733359035
P3_dev_run0,9,winter,23,7,0.2,0.3,0.09999999999999998,0.01820370309840891
P3_dev_run0,9,winter,23,8,0.3,0.5,0.2,0.014368624019447662
P3_dev_run0,9,shoulder,0,0,0.0,0.01,0.01,0.021434956453803
P3_dev_run0,9,shoulder,0,1,0.01,0.025,0.015000000000000001,0.021114421755830115
P3_dev_run0,9,shoulder,0,2,0.025,0.05,0.025,0.020601473458304875
P3_dev_run0,9,shoulder,0,3,0.05,0.075,0.024999999999999994,0.019961101882813307
P3_dev_run0,9,shoulder,0,4,0.075,0.1,0.02500000000000001,0.019321666592130853
P3_dev_run0,9,shoulder,0,5,0.1,0.15,0.04999999999999999,0.018364378748925995
P3_dev_run0,9,shoulder,0,6,0.15,0.2,0.05000000000000002,0.017091088511800294
P3_dev_run0,9,shoulder,0,7,0.2,0.3,0.09999999999999998,0.015188524791232425
P3_dev_run0,9,shoulder,0,8,0.3,0.5,0.2,0.011408872354863667
P3_dev_run0,9,shoulder,1,0,0.0,0.01,0.01,0.01957707335804304
P3_dev_run0,9,shoulder,1,1,0.01,0.025,0.015000000000000001,0.019259315519107312
P3_dev_run0,9,shoulder,1,2,0.025,0.05,0.025,0.01875092259969291
P3_dev_run0,9,shoulder,1,3,0.05,0.075,0.024999999999999994,0.018116231607506198
P3_dev_run0,9,shoulder,1,4,0.075,0.1,0.02500000000000001,0.01748246120347296
P3_dev_run0,9,shoulder,1,5,0.1,0.15,0.04999999999999999,0.016533639501028766
P3_dev_run0,9,shoulder,1,6,0.15,0.2,0.05000000000000002,0.015271585811125471
P3_dev_run0,9,shoulder,1,7,0.2,0.3,0.09999999999999998,0.013385754160205463
P3_dev_run0,9,shoulder,1,8,0.3,0.5,0.2,0.009639143732226782
P3_dev_run0,9,shoulder,2,0,0.0,0.01,0.01,0.018814206532881406
P3_dev_run0,9,shoulder,2,1,0.01,0.025,0.015000000000000001,0.0184973221237561
P3_dev_run0,9,shoulder,2,2,0.025,0.05,0.025,0.017990797229543998
P3_dev_run0,9,shoulder,2,3,0.05,0.075,0.024999999999999994,0.01735843568386242
P3_dev_run0,9,shoulder,2,4,0.075,0.1,0.02500000000000001,0.016726988336908104
P3_dev_run0,9,shoulder,2,5,0.1,0.15,0.04999999999999999,0.015781638487253617
P3_dev_run0,9,shoulder,2,6,0.15,0.2,0.05000000000000002,0.014524192870820902
P3_dev_run0,9,shoulder,2,7,0.2,0.3,0.09999999999999998,0.012645223256773506
P3_dev_run0,9,shoulder,2,8,0.3,0.5,0.2,0.008912164677055967
P3_dev_run0,9,shoulder,3,0,0.0,0.01,0.01,0.018407508497113312
P3_dev_run0,9,shoulder,3,1,0.01,0.025,0.015000000000000001,0.01809124696238821
P3_dev_run0,9,shoulder,3,2,0.025,0.05,0.025,0.017585716801470364
P3_dev_run0,9,shoulder,3,3,0.05,0.075,0.024999999999999994,0.016954595734738346
P3_dev_run0,9,shoulder,3,4,0.075,0.1,0.02500000000000001,0.016324385457778805
P3_dev_run0,9,shoulder,3,5,0.1,0.15,0.04999999999999999,0.015380884470547477
P3_dev_run0,9,shoulder,3,6,0.15,0.2,0.05000000000000002,0.014125892799535517
P3_dev_run0,9,shoulder,3,7,0.2,0.3,0.09999999999999998,0.012250577502099517
P3_dev_run0,9,shoulder,3,8,0.3,0.5,0.2,0.008524736056404955
P3_dev_run0,9,shoulder,4,0,0.0,0.01,0.01,0.018235111140073312
P3_dev_run0,9,shoulder,4,1,0.01,0.025,0.015000000000000001,0.017919113525458975
P3_dev_run0,9,shoulder,4,2,0.025,0.05,0.025,0.0174140048849869
P3_dev_run0,9,shoulder,4,3,0.05,0.075,0.024999999999999994,0.01678340945642343
P3_dev_run0,9,shoulder,4,4,0.075,0.1,0.02500000000000001,0.016153723385333156
P3_dev_run0,9,shoulder,4,5,0.1,0.15,0.04999999999999999,0.015211005834505634
P3_dev_run0,9,shoulder,4,6,0.15,0.2,0.05000000000000002,0.013957054016636711
P3_dev_run0,9,shoulder,4,7,0.2,0.3,0.09999999999999998,0.012083287235434979
P3_dev_run0,9,shoulder,4,8,0.3,0.5,0.2,0.008360504093479285
P3_dev_run0,9,shoulder,5,0,0.0,0.01,0.01,0.018383830277461655
P3_dev_run0,9,shoulder,5,1,0.01,0.025,0.015000000000000001,0.018067604989748427
P3_dev_run0,9,shoulder,5,2,0.025,0.05,0.025,0.017562132735808866
P3_dev_run0,9,shoulder,5,3,0.05,0.075,0.024999999999999994,0.016931083865603384
P3_dev_run0,9,shoulder,5,4,0.075,0.1,0.02500000000000001,0.016300945597423892
P3_dev_run0,9,shoulder,5,5,0.1,0.15,0.04999999999999999,0.015357552220029717
P3_dev_run0,9,shoulder,5,6,0.15,0.2,0.05000000000000002,0.014102703382230236
P3_dev_run0,9,shoulder,5,7,0.2,0.3,0.09999999999999998,0.012227600788495416
P3_dev_run0,9,shoulder,5,8,0.3,0.5,0.2,0.00850217942542121
P3_dev_run0,9,shoulder,6,0,0.0,0.01,0.01,0.018950103307312227
P3_dev_run0,9,shoulder,6,1,0.01,0.025,0.015000000000000001,0.018633010704857678
P3_dev_run0,9,shoulder,6,2,0.025,0.05,0.025,0.018126153299411474
P3_dev_run0,9,shoulder,6,3,0.05,0.075,0.024999999999999994,0.01749337711254462
P3_dev_run0,9,shoulder,6,4,0.075,0.1,0.02500000000000001,0.016861516259420443
P3_dev_run0,9,shoulder,6,5,0.1,0.15,0.04999999999999999,0.01591554841813531
P3_dev_run0,9,shoulder,6,6,0.15,0.2,0.05000000000000002,0.014657282550022127
P3_dev_run0,9,shoulder,6,7,0.2,0.3,0.09999999999999998,0.012777091466380095
P3_dev_run0,9,shoulder,6,8,0.3,0.5,0.2,0.009041620563680422
P3_dev_run0,9,shoulder,7,0,0.0,0.01,0.01,0.020060440028947524
P3_dev_run0,9,shoulder,7,1,0.01,0.025,0.015000000000000001,0.019741645002891807
P3_dev_run0,9,shoulder,7,2,0.025,0.05,0.025,0.019232068731245278
P3_dev_run0,9,shoulder,7,3,0.05,0.075,0.024999999999999994,0.01859590206183759
P3_dev_run0,9,shoulder,7,4,0.075,0.1,0.02500000000000001,0.017960660057540483
P3_dev_run0,9,shoulder,7,5,0.1,0.15,0.04999999999999999,0.017009639030311777
P3_dev_run0,9,shoulder,7,6,0.15,0.2,0.05000000000000002,0.015744666284462354
P3_dev_run0,9,shoulder,7,7,0.2,0.3,0.09999999999999998,0.013854487851533152
P3_dev_run0,9,shoulder,7,8,0.3,0.5,0.2,0.010099293225401748
P3_dev_run0,9,shoulder,8,0,0.0,0.01,0.01,0.021473567149857264
P3_dev_run0,9,shoulder,8,1,0.01,0.025,0.015000000000000001,0.021152601935595094
P3_dev_run0,9,shoulder,8,2,0.025,0.05,0.025,0.02063955977337606
P3_dev_run0,9,shoulder,8,3,0.05,0.075,0.024999999999999994,0.019999071149849338
P3_dev_run0,9,shoulder,8,4,0.075,0.1,0.02500000000000001,0.01935951912340416
P3_dev_run0,9,shoulder,8,5,0.1,0.15,0.04999999999999999,0.018402056832869388
P3_dev_run0,9,shoulder,8,6,0.15,0.2,0.05000000000000002,0.017128535067079113
P3_dev_run0,9,shoulder,8,7,0.2,0.3,0.09999999999999998,0.015225626589470968
P3_dev_run0,9,shoulder,8,8,0.3,0.5,0.2,0.01144529337317561
P3_dev_run0,9,shoulder,9,0,0.0,0.01,0.01,0.022802555247303236
P3_dev_run0,9,shoulder,9,1,0.01,0.025,0.015000000000000001,0.022479545451926465
P3_dev_run0,9,shoulder,9,2,0.025,0.05,0.025,0.0219632380329271
P3_dev_run0,9,shoulder,9,3,0.05,0.075,0.024999999999999994,0.021318677694849856
P3_dev_run0,9,shoulder,9,4,0.075,0.1,0.02500000000000001,0.02067506526413409
P3_dev_run0,9,shoulder,9,5,0.1,0.15,0.04999999999999999,0.019711534877128182
P3_dev_run0,9,shoulder,9,6,0.15,0.2,0.05000000000000002,0.018429959573687253
P3_dev_run0,9,shoulder,9,7,0.2,0.3,0.09999999999999998,0.016515059335407842
P3_dev_run0,9,shoulder,9,8,0.3,0.5,0.2,0.01271104710072718
P3_dev_run0,9,shoulder,10,0,0.0,0.01,0.01,0.022848297601284207
P3_dev_run0,9,shoulder,10,1,0.01,0.025,0.015000000000000001,0.022525217376656578
P3_dev_run0,9,shoulder,10,2,0.025,0.05,0.025,0.022008797472151675
P3_dev_run0,9,shoulder,10,3,0.05,0.075,0.024999999999999994,0.021364096861263285
P3_dev_run0,9,shoulder,10,4,0.075,0.1,0.02500000000000001,0.02072034455919302
P3_dev_run0,9,shoulder,10,5,0.1,0.15,0.04999999999999999,0.01975660513406086
P3_dev_run0,9,shoulder,10,6,0.15,0.2,0.05000000000000002,0.018474752404330212
P3_dev_run0,9,shoulder,10,7,0.2,0.3,0.09999999999999998,0.016559439078942393
P3_dev_run0,9,shoulder,10,8,0.3,0.5,0.2,0.012754611193358523
P3_dev_run0,9,shoulder,11,0,0.0,0.01,0.01,0.022447799163291537
P3_dev_run0,9,shoulder,11,1,0.01,0.025,0.015000000000000001,0.02212533548923793
P3_dev_run0,9,shoulder,11,2,0.025,0.05,0.025,0.021609900235683432
P3_dev_run0,9,shoulder,11,3,0.05,0.075,0.024999999999999994,0.020966427459349072
P3_dev_run0,9,shoulder,11,4,0.075,0.1,0.02500000000000001,0.02032389957673352
P3_dev_run0,9,shoulder,11,5,0.1,0.15,0.04999999999999999,0.019361989966353303
P3_dev_run0,9,shoulder,11,6,0.15,0.2,0.05000000000000002,0.018082565741917016
P3_dev_run0,9,shoulder,11,7,0.2,0.3,0.09999999999999998,0.016170868419708165
P3_dev_run0,9,shoulder,11,8,0.3,0.5,0.2,0.01237318053395546
P3_dev_run0,9,shoulder,12,0,0.0,0.01,0.01,0.02172766366534823
P3_dev_run0,9,shoulder,12,1,0.01,0.025,0.015000000000000001,0.02140630781220787
P3_dev_run0,9,shoulder,12,2,0.025,0.05,0.025,0.020892641780744237
P3_dev_run0,9,shoulder,12,3,0.05,0.075,0.024999999999999994,0.020251375192569813
P3_dev_run0,9,shoulder,12,4,0.075,0.1,0.02500000000000001,0.019611047366873684
P3_dev_run0,9,shoulder,12,5,0.1,0.15,0.04999999999999999,0.018652425658372
P3_dev_run0,9,shoulder,12,6,0.15,0.2,0.05000000000000002,0.01737736511258802
P3_dev_run0,9,shoulder,12,7,0.2,0.3,0.09999999999999998,0.015472165340444936
P3_dev_run0,9,shoulder,12,8,0.3,0.5,0.2,0.011687307599577701
P3_dev_run0,9,shoulder,13,0,0.0,0.01,0.01,0.020714696458407067
P3_dev_run0,9,shoulder,13,1,0.01,0.025,0.015000000000000001,0.020394897155566007
P3_dev_run0,9,shoulder,13,2,0.025,0.05,0.025,0.01988371700632041
P3_dev_run0,9,shoulder,13,3,0.05,0.075,0.024999999999999994,0.019245550302435247
P3_dev_run0,9,shoulder,13,4,0.075,0.1,0.02500000000000001,0.018608313777188627
P3_dev_run0,9,shoulder,13,5,0.1,0.15,0.04999999999999999,0.017654311945847215
P3_dev_run0,9,shoulder,13,6,0.15,0.2,0.05000000000000002,0.016385382974636868
P3_dev_run0,9,shoulder,13,7,0.2,0.3,0.09999999999999998,0.014489313393110107
P3_dev_run0,9,shoulder,13,8,0.3,0.5,0.2,0.010722485033127088
P3_dev_run0,9,shoulder,14,0,0.0,0.01,0.01,0.021790405590399464
P3_dev_run0,9,shoulder,14,1,0.01,0.025,0.015000000000000001,0.021468953256392753
P3_dev_run0,9,shoulder,14,2,0.025,0.05,0.025,0.020955133144875404
P3_dev_run0,9,shoulder,14,3,0.05,0.075,0.024999999999999994,0.020313674421209574
P3_dev_run0,9,shoulder,14,4,0.075,0.1,0.02500000000000001,0.019673154996713287
P3_dev_run0,9,shoulder,14,5,0.1,0.15,0.04999999999999999,0.018714246947145744
P3_dev_run0,9,shoulder,14,6,0.15,0.2,0.05000000000000002,0.017438806365596964
P3_dev_run0,9,shoulder,14,7,0.2,0.3,0.09999999999999998,0.015533040720058514
P3_dev_run0,9,shoulder,14,8,0.3,0.5,0.2,0.011747065571343224
P3_dev_run0,9,shoulder,15,0,0.0,0.01,0.01,0.022430265785725045
P3_dev_run0,9,shoulder,15,1,0.01,0.025,0.015000000000000001,0.022107829092998795
P3_dev_run0,9,shoulder,15,2,0.025,0.05,0.025,0.02159243693852342
P3_dev_run0,9,shoulder,15,3,0.05,0.075,0.024999999999999994,0.020949017897215486
P3_dev_run0,9,shoulder,15,4,0.075,0.1,0.02500000000000001,0.020306543602673914
P3_dev_run0,9,shoulder,15,5,0.1,0.15,0.04999999999999999,0.019344714084782725
P3_dev_run0,9,shoulder,15,6,0.15,0.2,0.05000000000000002,0.01806539614645774
P3_dev_run0,9,shoulder,15,7,0.2,0.3,0.09999999999999998,0.016153857089803162
P3_dev_run0,9,shoulder,15,8,0.3,0.5,0.2,0.012356481709693001
P3_dev_run0,9,shoulder,16,0,0.0,0.01,0.01,0.023038501797272015
P3_dev_run0,9,shoulder,16,1,0.01,0.025,0.015000000000000001,0.022715128650424573
P3_dev_run0,9,shoulder,16,2,0.025,0.05,0.025,0.02219824094505274
P3_dev_run0,9,shoulder,16,3,0.05,0.075,0.024999999999999994,0.02155295699105775
P3_dev_run0,9,shoulder,16,4,0.075,0.1,0.02500000000000001,0.020908622970488004
P3_dev_run0,9,shoulder,16,5,0.1,0.15,0.04999999999999999,0.019944014210221964
P3_dev_run0,9,shoulder,16,6,0.15,0.2,0.05000000000000002,0.018661007716835314
P3_dev_run0,9,shoulder,16,7,0.2,0.3,0.09999999999999998,0.01674397647610418
P3_dev_run0,9,shoulder,16,8,0.3,0.5,0.2,0.01293575651613886
P3_dev_run0,9,shoulder,17,0,0.0,0.01,0.01,0.023877068809682878
P3_dev_run0,9,shoulder,17,1,0.01,0.025,0.015000000000000001,0.023552403358464976
P3_dev_run0,9,shoulder,17,2,0.025,0.05,0.025,0.023033451834608143
P3_dev_run0,9,shoulder,17,3,0.05,0.075,0.024999999999999994,0.022385594373275922
P3_dev_run0,9,shoulder,17,4,0.075,0.1,0.02500000000000001,0.0217386940335279
P3_dev_run0,9,shoulder,17,5,0.1,0.15,0.04999999999999999,0.020770250086767087
P3_dev_run0,9,shoulder,17,6,0.15,0.2,0.05000000000000002,0.019482153685575203
P3_dev_run0,9,shoulder,17,7,0.2,0.3,0.09999999999999998,0.017557543844432814
P3_dev_run0,9,shoulder,17,8,0.3,0.5,0.2,0.013734360120077477
P3_dev_run0,9,shoulder,18,0,0.0,0.01,0.01,0.024122372769824763
P3_dev_run0,9,shoulder,18,1,0.01,0.025,0.015000000000000001,0.023797329018704346
P3_dev_run0,9,shoulder,18,2,0.025,0.05,0.025,0.023277773361263243
P3_dev_run0,9,shoulder,18,3,0.05,0.075,0.024999999999999994,0.02262916254185177
P3_dev_run0,9,shoulder,18,4,0.075,0.1,0.02500000000000001,0.021981510972222666
P3_dev_run0,9,shoulder,18,5,0.1,0.15,0.04999999999999999,0.021011944362777372
P3_dev_run0,9,shoulder,18,6,0.15,0.2,0.05000000000000002,0.019722358029724267
P3_dev_run0,9,shoulder,18,7,0.2,0.3,0.09999999999999998,0.017795529785747808
P3_dev_run0,9,shoulder,18,8,0.3,0.5,0.2,0.013967966003576582
P3_dev_run0,9,shoulder,19,0,0.0,0.01,0.01,0.024304023699034394
P3_dev_run0,9,shoulder,19,1,0.01,0.025,0.015000000000000001,0.02397869972890302
P3_dev_run0,9,shoulder,19,2,0.025,0.05,0.025,0.023458696565484827
P3_dev_run0,9,shoulder,19,3,0.05,0.075,0.024999999999999994,0.02280952773569434
P3_dev_run0,9,shoulder,19,4,0.075,0.1,0.02500000000000001,0.022161319710969345
P3_dev_run0,9,shoulder,19,5,0.1,0.15,0.04999999999999999,0.02119092153517244
P3_dev_run0,9,shoulder,19,6,0.15,0.2,0.05000000000000002,0.019900231591628563
P3_dev_run0,9,shoulder,19,7,0.2,0.3,0.09999999999999998,0.017971760170586024
P3_dev_run0,9,shoulder,19,8,0.3,0.5,0.2,0.014140952093795386
P3_dev_run0,9,shoulder,20,0,0.0,0.01,0.01,0.024108137858233625
P3_dev_run0,9,shoulder,20,1,0.01,0.025,0.015000000000000001,0.023783116052478178
P3_dev_run0,9,shoulder,20,2,0.025,0.05,0.025,0.0232635954520366
P3_dev_run0,9,shoulder,20,3,0.05,0.075,0.024999999999999994,0.022615028367087845
P3_dev_run0,9,shoulder,20,4,0.075,0.1,0.02500000000000001,0.02196742039133947
P3_dev_run0,9,shoulder,20,5,0.1,0.15,0.04999999999999999,0.020997918942806674
P3_dev_run0,9,shoulder,20,6,0.15,0.2,0.05000000000000002,0.019708419078963972
P3_dev_run0,9,shoulder,20,7,0.2,0.3,0.09999999999999998,0.017781719587905285
P3_dev_run0,9,shoulder,20,8,0.3,0.5,0.2,0.013954410013384058
P3_dev_run0,9,shoulder,21,0,0.0,0.01,0.01,0.02336328833590917
P3_dev_run0,9,shoulder,21,1,0.01,0.025,0.015000000000000001,0.02303941482536912
P3_dev_run0,9,shoulder,21,2,0.025,0.05,0.025,0.022521728049631484
P3_dev_run0,9,shoulder,21,3,0.05,0.075,0.024999999999999994,0.021875447671328988
P3_dev_run0,9,shoulder,21,4,0.075,0.1,0.02500000000000001,0.021230120010348734
P3_dev_run0,9,shoulder,21,5,0.1,0.15,0.04999999999999999,0.020264026317539933
P3_dev_run0,9,shoulder,21,6,0.15,0.2,0.05000000000000002,0.018979049070612368
P3_dev_run0,9,shoulder,21,7,0.2,0.3,0.09999999999999998,0.017059083460754663
P3_dev_run0,9,shoulder,21,8,0.3,0.5,0.2,0.013245069584434735
P3_dev_run0,9,shoulder,22,0,0.0,0.01,0.01,0.022535506767866476
P3_dev_run0,9,shoulder,22,1,0.01,0.025,0.015000000000000001,0.022212908105365133
P3_dev_run0,9,shoulder,22,2,0.025,0.05,0.025,0.02169725725856997
P3_dev_run0,9,shoulder,22,3,0.05,0.075,0.024999999999999994,0.02105351564769931
P3_dev_run0,9,shoulder,22,4,0.075,0.1,0.02500000000000001,0.020410719666313908
P3_dev_run0,9,shoulder,22,5,0.1,0.15,0.04999999999999999,0.019448409418743044
P3_dev_run0,9,shoulder,22,6,0.15,0.2,0.05000000000000002,0.018168453461083194
P3_dev_run0,9,shoulder,22,7,0.2,0.3,0.09999999999999998,0.01625596439796873
P3_dev_run0,9,shoulder,22,8,0.3,0.5,0.2,0.012456713161196967
P3_dev_run0,9,shoulder,23,0,0.0,0.01,0.01,0.021989318479448405
P3_dev_run0,9,shoulder,23,1,0.01,0.025,0.015000000000000001,0.02166756023285199
P3_dev_run0,9,shoulder,23,2,0.025,0.05,0.025,0.02115325155915282
P3_dev_run0,9,shoulder,23,3,0.05,0.075,0.024999999999999994,0.020511183602823783
P3_dev_run0,9,shoulder,23,4,0.075,0.1,0.02500000000000001,0.019870056634198045
P3_dev_run0,9,shoulder,23,5,0.1,0.15,0.04999999999999999,0.01891024064417213
P3_dev_run0,9,shoulder,23,6,0.15,0.2,0.05000000000000002,0.01763359503728134
P3_dev_run0,9,shoulder,23,7,0.2,0.3,0.09999999999999998,0.015726035089646127
P3_dev_run0,9,shoulder,23,8,0.3,0.5,0.2,0.0119365168576379
