method,M,point_id,scenario,t,q_lp,q_star,abs_err,rel_err,inaccurate,free_zone_width_mvar,max_uncounted_loss_mva,n_free_zone_hours,n_vertex_stuck_hours,n_nonzero_q_hours,frac_in_free_zone,max_pad_mw,max_pad_scenario,max_pad_t,max_pad_unit,max_pad_annual_won_implied,qp_v2_correction
pwl,1,P1_old_full_opt,summer,0,0.01725101669800584,0.0,0.01725101669800584,,False,0.017251016698002664,0.0008474881056933404,22,6,30,0.7333333333333333,4.066583282603517e-08,shoulder,6,0,0.8458493227815315,True
pwl,1,P1_old_full_opt,summer,1,0.0011278760375835668,0.0,0.0011278760375835668,,False,0.017251016698002664,0.0008474881056933404,22,6,30,0.7333333333333333,4.066583282603517e-08,shoulder,6,0,0.8458493227815315,True
pwl,1,P1_old_full_opt,summer,2,7.133621414259868e-12,0.0,7.133621414259868e-12,,False,0.017251016698002664,0.0008474881056933404,22,6,30,0.7333333333333333,4.066583282603517e-08,shoulder,6,0,0.8458493227815315,True
pwl,1,P1_old_full_opt,summer,3,0.014316646100815756,0.02,0.005683353899184245,0.28416769495921224,False,0.017251016698002664,0.0008474881056933404,22,6,30,0.7333333333333333,4.066583282603517e-08,shoulder,6,0,0.8458493227815315,True
pwl,1,P1_old_full_opt,summer,4,0.017251016698012437,0.0,0.017251016698012437,,False,0.017251016698002664,0.0008474881056933404,22,6,30,0.7333333333333333,4.066583282603517e-08,shoulder,6,0,0.8458493227815315,True
pwl,1,P1_old_full_opt,summer,5,0.0172510166980123,0.0,0.0172510166980123,,False,0.017251016698002664,0.0008474881056933404,22,6,30,0.7333333333333333,4.066583282603517e-08,shoulder,6,0,0.8458493227815315,True
pwl,1,P1_old_full_opt,summer,6,3.554220422883529e-06,0.0,3.554220422883529e-06,,False,0.017251016698002664,0.0008474881056933404,22,6,30,0.7333333333333333,4.066583282603517e-08,shoulder,6,0,0.8458493227815315,True
pwl,1,P1_old_full_opt,summer,7,3.6166791515272288e-06,0.0,3.6166791515272288e-06,,False,0.017251016698002664,0.0008474881056933404,22,6,30,0.7333333333333333,4.066583282603517e-08,shoulder,6,0,0.8458493227815315,True
pwl,1,P1_old_full_opt,summer,8,3.554224636479508e-06,0.0,3.554224636479508e-06,,False,0.017251016698002664,0.0008474881056933404,22,6,30,0.7333333333333333,4.066583282603517e-08,shoulder,6,0,0.8458493227815315,True
pwl,1,P1_old_full_opt,summer,9,4.189413106257167e-14,0.0,4.189413106257167e-14,,False,0.017251016698002664,0.0008474881056933404,22,6,30,0.7333333333333333,4.066583282603517e-08,shoulder,6,0,0.8458493227815315,True
pwl,1,P1_old_full_opt,summer,10,3.7756624842384206e-14,0.0,3.7756624842384206e-14,,False,0.017251016698002664,0.0008474881056933404,22,6,30,0.7333333333333333,4.066583282603517e-08,shoulder,6,0,0.8458493227815315,True
pwl,1,P1_old_full_opt,summer,11,4.026488005402473e-14,0.0,4.026488005402473e-14,,False,0.017251016698002664,0.0008474881056933404,22,6,30,0.7333333333333333,4.066583282603517e-08,shoulder,6,0,0.8458493227815315,True
pwl,1,P1_old_full_opt,summer,12,3.908103471380814e-14,0.0,3.908103471380814e-14,,False,0.017251016698002664,0.0008474881056933404,22,6,30,0.7333333333333333,4.066583282603517e-08,shoulder,6,0,0.8458493227815315,True
pwl,1,P1_old_full_opt,summer,13,3.657687327397051e-14,0.0,3.657687327397051e-14,,False,0.017251016698002664,0.0008474881056933404,22,6,30,0.7333333333333333,4.066583282603517e-08,shoulder,6,0,0.8458493227815315,True
pwl,1,P1_old_full_opt,summer,14,6.779683233402586e-14,0.0,6.779683233402586e-14,,False,0.017251016698002664,0.0008474881056933404,22,6,30,0.7333333333333333,4.066583282603517e-08,shoulder,6,0,0.8458493227815315,True
pwl,1,P1_old_full_opt,summer,15,0.012580620833563799,0.0,0.012580620833563799,,False,0.017251016698002664,0.0008474881056933404,22,6,30,0.7333333333333333,4.066583282603517e-08,shoulder,6,0,0.8458493227815315,True
pwl,1,P1_old_full_opt,summer,16,0.08296582568136067,0.0,0.08296582568136067,,False,0.017251016698002664,0.0008474881056933404,22,6,30,0.7333333333333333,4.066583282603517e-08,shoulder,6,0,0.8458493227815315,True
pwl,1,P1_old_full_opt,summer,17,3.4511021938553897e-10,0.0,3.4511021938553897e-10,,False,0.017251016698002664,0.0008474881056933404,22,6,30,0.7333333333333333,4.066583282603517e-08,shoulder,6,0,0.8458493227815315,True
pwl,1,P1_old_full_opt,summer,18,5.536636493630885e-14,0.0,5.536636493630885e-14,,False,0.017251016698002664,0.0008474881056933404,22,6,30,0.7333333333333333,4.066583282603517e-08,shoulder,6,0,0.8458493227815315,True
pwl,1,P1_old_full_opt,summer,19,4.521817985147873e-14,0.0,4.521817985147873e-14,,False,0.017251016698002664,0.0008474881056933404,22,6,30,0.7333333333333333,4.066583282603517e-08,shoulder,6,0,0.8458493227815315,True
pwl,1,P1_old_full_opt,summer,20,4.411486905668811e-14,0.0,4.411486905668811e-14,,False,0.017251016698002664,0.0008474881056933404,22,6,30,0.7333333333333333,4.066583282603517e-08,shoulder,6,0,0.8458493227815315,True
pwl,1,P1_old_full_opt,summer,21,4.119456751917356e-14,0.0,4.119456751917356e-14,,False,0.017251016698002664,0.0008474881056933404,22,6,30,0.7333333333333333,4.066583282603517e-08,shoulder,6,0,0.8458493227815315,True
pwl,1,P1_old_full_opt,summer,22,3.816677368401183e-14,0.0,3.816677368401183e-14,,False,0.017251016698002664,0.0008474881056933404,22,6,30,0.7333333333333333,4.066583282603517e-08,shoulder,6,0,0.8458493227815315,True
pwl,1,P1_old_full_opt,summer,23,1.063598719011876e-13,0.0,1.063598719011876e-13,,False,0.017251016698002664,0.0008474881056933404,22,6,30,0.7333333333333333,4.066583282603517e-08,shoulder,6,0,0.8458493227815315,True
pwl,1,P1_old_full_opt,winter,0,0.017251016698341958,0.0,0.017251016698341958,,False,0.017251016698002664,0.0008474881056933404,22,6,30,0.7333333333333333,4.066583282603517e-08,shoulder,6,0,0.8458493227815315,True
pwl,1,P1_old_full_opt,winter,1,1.392098202219725e-10,0.0,1.392098202219725e-10,,False,0.017251016698002664,0.0008474881056933404,22,6,30,0.7333333333333333,4.066583282603517e-08,shoulder,6,0,0.8458493227815315,True
pwl,1,P1_old_full_opt,winter,2,1.374017115312286e-12,0.0,1.374017115312286e-12,,False,0.017251016698002664,0.0008474881056933404,22,6,30,0.7333333333333333,4.066583282603517e-08,shoulder,6,0,0.8458493227815315,True
pwl,1,P1_old_full_opt,winter,3,0.05109010319625773,0.0,0.05109010319625773,,False,0.017251016698002664,0.0008474881056933404,22,6,30,0.7333333333333333,4.066583282603517e-08,shoulder,6,0,0.8458493227815315,True
pwl,1,P1_old_full_opt,winter,4,0.05109010315595708,0.0,0.05109010315595708,,False,0.017251016698002664,0.0008474881056933404,22,6,30,0.7333333333333333,4.066583282603517e-08,shoulder,6,0,0.8458493227815315,True
pwl,1,P1_old_full_opt,winter,5,0.01714929239053451,0.02,0.0028507076094654894,0.14253538047327446,False,0.017251016698002664,0.0008474881056933404,22,6,30,0.7333333333333333,4.066583282603517e-08,shoulder,6,0,0.8458493227815315,True
pwl,1,P1_old_full_opt,winter,6,3.554408038440245e-06,0.0,3.554408038440245e-06,,False,0.017251016698002664,0.0008474881056933404,22,6,30,0.7333333333333333,4.066583282603517e-08,shoulder,6,0,0.8458493227815315,True
pwl,1,P1_old_full_opt,winter,7,3.699498944711453e-06,0.0,3.699498944711453e-06,,False,0.017251016698002664,0.0008474881056933404,22,6,30,0.7333333333333333,4.066583282603517e-08,shoulder,6,0,0.8458493227815315,True
pwl,1,P1_old_full_opt,winter,8,3.759101650107452e-10,0.0,3.759101650107452e-10,,False,0.017251016698002664,0.0008474881056933404,22,6,30,0.7333333333333333,4.066583282603517e-08,shoulder,6,0,0.8458493227815315,True
pwl,1,P1_old_full_opt,winter,9,0.011155198174699274,0.0,0.011155198174699274,,False,0.017251016698002664,0.0008474881056933404,22,6,30,0.7333333333333333,4.066583282603517e-08,shoulder,6,0,0.8458493227815315,True
pwl,1,P1_old_full_opt,winter,10,0.05109010319637503,0.0,0.05109010319637503,,False,0.017251016698002664,0.0008474881056933404,22,6,30,0.7333333333333333,4.066583282603517e-08,shoulder,6,0,0.8458493227815315,True
pwl,1,P1_old_full_opt,winter,11,0.051090103198893254,0.0,0.051090103198893254,,False,0.017251016698002664,0.0008474881056933404,22,6,30,0.7333333333333333,4.066583282603517e-08,shoulder,6,0,0.8458493227815315,True
pwl,1,P1_old_full_opt,winter,12,1.744104232449384e-12,0.0,1.744104232449384e-12,,False,0.017251016698002664,0.0008474881056933404,22,6,30,0.7333333333333333,4.066583282603517e-08,shoulder,6,0,0.8458493227815315,True
pwl,1,P1_old_full_opt,winter,13,1.2902062190540542e-12,0.0,1.2902062190540542e-12,,False,0.017251016698002664,0.0008474881056933404,22,6,30,0.7333333333333333,4.066583282603517e-08,shoulder,6,0,0.8458493227815315,True
pwl,1,P1_old_full_opt,winter,14,1.2296312825128035e-12,0.0,1.2296312825128035e-12,,False,0.017251016698002664,0.0008474881056933404,22,6,30,0.7333333333333333,4.066583282603517e-08,shoulder,6,0,0.8458493227815315,True
pwl,1,P1_old_full_opt,winter,15,1.2980421567678432e-12,0.0,1.2980421567678432e-12,,False,0.017251016698002664,0.0008474881056933404,22,6,30,0.7333333333333333,4.066583282603517e-08,shoulder,6,0,0.8458493227815315,True
pwl,1,P1_old_full_opt,winter,16,1.5079754193791587e-12,0.0,1.5079754193791587e-12,,False,0.017251016698002664,0.0008474881056933404,22,6,30,0.7333333333333333,4.066583282603517e-08,shoulder,6,0,0.8458493227815315,True
pwl,1,P1_old_full_opt,winter,17,1.7328602470520912e-12,0.0,1.7328602470520912e-12,,False,0.017251016698002664,0.0008474881056933404,22,6,30,0.7333333333333333,4.066583282603517e-08,shoulder,6,0,0.8458493227815315,True
pwl,1,P1_old_full_opt,winter,18,1.4487949586622483e-12,0.0,1.4487949586622483e-12,,False,0.017251016698002664,0.0008474881056933404,22,6,30,0.7333333333333333,4.066583282603517e-08,shoulder,6,0,0.8458493227815315,True
pwl,1,P1_old_full_opt,winter,19,1.335691044473177e-12,0.0,1.335691044473177e-12,,False,0.017251016698002664,0.0008474881056933404,22,6,30,0.7333333333333333,4.066583282603517e-08,shoulder,6,0,0.8458493227815315,True
pwl,1,P1_old_full_opt,winter,20,1.3414190609718232e-12,0.0,1.3414190609718232e-12,,False,0.017251016698002664,0.0008474881056933404,22,6,30,0.7333333333333333,4.066583282603517e-08,shoulder,6,0,0.8458493227815315,True
pwl,1,P1_old_full_opt,winter,21,1.6955734176246914e-12,0.0,1.6955734176246914e-12,,False,0.017251016698002664,0.0008474881056933404,22,6,30,0.7333333333333333,4.066583282603517e-08,shoulder,6,0,0.8458493227815315,True
pwl,1,P1_old_full_opt,winter,22,0.00919936225976271,0.02,0.01080063774023729,0.5400318870118644,False,0.017251016698002664,0.0008474881056933404,22,6,30,0.7333333333333333,4.066583282603517e-08,shoulder,6,0,0.8458493227815315,True
pwl,1,P1_old_full_opt,winter,23,0.05109010319656918,0.0,0.05109010319656918,,False,0.017251016698002664,0.0008474881056933404,22,6,30,0.7333333333333333,4.066583282603517e-08,shoulder,6,0,0.8458493227815315,True
pwl,1,P1_old_full_opt,shoulder,0,0.017251016698010657,0.0,0.017251016698010657,,False,0.017251016698002664,0.0008474881056933404,22,6,30,0.7333333333333333,4.066583282603517e-08,shoulder,6,0,0.8458493227815315,True
pwl,1,P1_old_full_opt,shoulder,1,0.0011278759928218733,0.0,0.0011278759928218733,,False,0.017251016698002664,0.0008474881056933404,22,6,30,0.7333333333333333,4.066583282603517e-08,shoulder,6,0,0.8458493227815315,True
pwl,1,P1_old_full_opt,shoulder,2,2.7242305905435787e-13,0.0,2.7242305905435787e-13,,False,0.017251016698002664,0.0008474881056933404,22,6,30,0.7333333333333333,4.066583282603517e-08,shoulder,6,0,0.8458493227815315,True
pwl,1,P1_old_full_opt,shoulder,3,0.05109010319599763,0.0,0.05109010319599763,,False,0.017251016698002664,0.0008474881056933404,22,6,30,0.7333333333333333,4.066583282603517e-08,shoulder,6,0,0.8458493227815315,True
pwl,1,P1_old_full_opt,shoulder,4,0.017251016698129264,0.0,0.017251016698129264,,False,0.017251016698002664,0.0008474881056933404,22,6,30,0.7333333333333333,4.066583282603517e-08,shoulder,6,0,0.8458493227815315,True
pwl,1,P1_old_full_opt,shoulder,5,0.016360530614163756,0.02,0.0036394693858362442,0.1819734692918122,False,0.017251016698002664,0.0008474881056933404,22,6,30,0.7333333333333333,4.066583282603517e-08,shoulder,6,0,0.8458493227815315,True
pwl,1,P1_old_full_opt,shoulder,6,3.2021838289949997e-06,0.0,3.2021838289949997e-06,,False,0.017251016698002664,0.0008474881056933404,22,6,30,0.7333333333333333,4.066583282603517e-08,shoulder,6,0,0.8458493227815315,True
pwl,1,P1_old_full_opt,shoulder,7,3.5545900085114474e-06,0.0,3.5545900085114474e-06,,False,0.017251016698002664,0.0008474881056933404,22,6,30,0.7333333333333333,4.066583282603517e-08,shoulder,6,0,0.8458493227815315,True
pwl,1,P1_old_full_opt,shoulder,8,2.0955742842834228e-13,0.0,2.0955742842834228e-13,,False,0.017251016698002664,0.0008474881056933404,22,6,30,0.7333333333333333,4.066583282603517e-08,shoulder,6,0,0.8458493227815315,True
pwl,1,P1_old_full_opt,shoulder,9,2.8677226724923017e-13,0.0,2.8677226724923017e-13,,False,0.017251016698002664,0.0008474881056933404,22,6,30,0.7333333333333333,4.066583282603517e-08,shoulder,6,0,0.8458493227815315,True
pwl,1,P1_old_full_opt,shoulder,10,0.05109010319675364,0.0,0.05109010319675364,,False,0.017251016698002664,0.0008474881056933404,22,6,30,0.7333333333333333,4.066583282603517e-08,shoulder,6,0,0.8458493227815315,True
pwl,1,P1_old_full_opt,shoulder,11,0.0031401817022347384,0.0,0.0031401817022347384,,False,0.017251016698002664,0.0008474881056933404,22,6,30,0.7333333333333333,4.066583282603517e-08,shoulder,6,0,0.8458493227815315,True
pwl,1,P1_old_full_opt,shoulder,12,2.1256518129225623e-13,0.0,2.1256518129225623e-13,,False,0.017251016698002664,0.0008474881056933404,22,6,30,0.7333333333333333,4.066583282603517e-08,shoulder,6,0,0.8458493227815315,True
pwl,1,P1_old_full_opt,shoulder,13,1.9198472331777548e-13,0.0,1.9198472331777548e-13,,False,0.017251016698002664,0.0008474881056933404,22,6,30,0.7333333333333333,4.066583282603517e-08,shoulder,6,0,0.8458493227815315,True
pwl,1,P1_old_full_opt,shoulder,14,1.9533107786513993e-13,0.0,1.9533107786513993e-13,,False,0.017251016698002664,0.0008474881056933404,22,6,30,0.7333333333333333,4.066583282603517e-08,shoulder,6,0,0.8458493227815315,True
pwl,1,P1_old_full_opt,shoulder,15,2.2399845192789408e-13,0.0,2.2399845192789408e-13,,False,0.017251016698002664,0.0008474881056933404,22,6,30,0.7333333333333333,4.066583282603517e-08,shoulder,6,0,0.8458493227815315,True
pwl,1,P1_old_full_opt,shoulder,16,6.036100205672829e-13,0.0,6.036100205672829e-13,,False,0.017251016698002664,0.0008474881056933404,22,6,30,0.7333333333333333,4.066583282603517e-08,shoulder,6,0,0.8458493227815315,True
pwl,1,P1_old_full_opt,shoulder,17,9.926058823510046e-12,0.0,9.926058823510046e-12,,False,0.017251016698002664,0.0008474881056933404,22,6,30,0.7333333333333333,4.066583282603517e-08,shoulder,6,0,0.8458493227815315,True
pwl,1,P1_old_full_opt,shoulder,18,4.88115228203121e-13,0.0,4.88115228203121e-13,,False,0.017251016698002664,0.0008474881056933404,22,6,30,0.7333333333333333,4.066583282603517e-08,shoulder,6,0,0.8458493227815315,True
pwl,1,P1_old_full_opt,shoulder,19,5.992624672681705e-12,0.0,5.992624672681705e-12,,False,0.017251016698002664,0.0008474881056933404,22,6,30,0.7333333333333333,4.066583282603517e-08,shoulder,6,0,0.8458493227815315,True
pwl,1,P1_old_full_opt,shoulder,20,3.766566268012473e-13,0.0,3.766566268012473e-13,,False,0.017251016698002664,0.0008474881056933404,22,6,30,0.7333333333333333,4.066583282603517e-08,shoulder,6,0,0.8458493227815315,True
pwl,1,P1_old_full_opt,shoulder,21,2.231062781291705e-13,0.0,2.231062781291705e-13,,False,0.017251016698002664,0.0008474881056933404,22,6,30,0.7333333333333333,4.066583282603517e-08,shoulder,6,0,0.8458493227815315,True
pwl,1,P1_old_full_opt,shoulder,22,2.1145390588901382e-13,0.0,2.1145390588901382e-13,,False,0.017251016698002664,0.0008474881056933404,22,6,30,0.7333333333333333,4.066583282603517e-08,shoulder,6,0,0.8458493227815315,True
pwl,1,P1_old_full_opt,shoulder,23,2.1668361788610884e-13,0.0,2.1668361788610884e-13,,False,0.017251016698002664,0.0008474881056933404,22,6,30,0.7333333333333333,4.066583282603517e-08,shoulder,6,0,0.8458493227815315,True
pwl,1,P2_dev_run1,summer,0,0.05231752698713311,0.1,0.0476824730128669,0.47682473012866894,False,0.02969919351985686,0.0014590278183243305,16,3,24,0.6666666666666666,3.5549782859844057e-08,winter,5,0,0.7394354834847564,True
pwl,1,P2_dev_run1,summer,1,3.222977538072231e-13,0.0,3.222977538072231e-13,,False,0.02969919351985686,0.0014590278183243305,16,3,24,0.6666666666666666,3.5549782859844057e-08,winter,5,0,0.7394354834847564,True
pwl,1,P2_dev_run1,summer,2,1.1623582381973396e-07,0.0,1.1623582381973396e-07,,False,0.02969919351985686,0.0014590278183243305,16,3,24,0.6666666666666666,3.5549782859844057e-08,winter,5,0,0.7394354834847564,True
pwl,1,P2_dev_run1,summer,3,1.1623512928268323e-07,0.0,1.1623512928268323e-07,,False,0.02969919351985686,0.0014590278183243305,16,3,24,0.6666666666666666,3.5549782859844057e-08,winter,5,0,0.7394354834847564,True
pwl,1,P2_dev_run1,summer,4,0.008049117423827938,0.05,0.04195088257617206,0.8390176515234412,False,0.02969919351985686,0.0014590278183243305,16,3,24,0.6666666666666666,3.5549782859844057e-08,winter,5,0,0.7394354834847564,True
pwl,1,P2_dev_run1,summer,5,0.029699237212270226,0.0,0.029699237212270226,,False,0.02969919351985686,0.0014590278183243305,16,3,24,0.6666666666666666,3.5549782859844057e-08,winter,5,0,0.7394354834847564,True
pwl,1,P2_dev_run1,summer,6,1.4170679185752068e-06,0.0,1.4170679185752068e-06,,False,0.02969919351985686,0.0014590278183243305,16,3,24,0.6666666666666666,3.5549782859844057e-08,winter,5,0,0.7394354834847564,True
pwl,1,P2_dev_run1,summer,7,3.4270871286735573e-06,0.0,3.4270871286735573e-06,,False,0.02969919351985686,0.0014590278183243305,16,3,24,0.6666666666666666,3.5549782859844057e-08,winter,5,0,0.7394354834847564,True
pwl,1,P2_dev_run1,summer,8,3.427032840091163e-06,0.0,3.427032840091163e-06,,False,0.02969919351985686,0.0014590278183243305,16,3,24,0.6666666666666666,3.5549782859844057e-08,winter,5,0,0.7394354834847564,True
pwl,1,P2_dev_run1,summer,9,4.3643612400456855e-13,0.0,4.3643612400456855e-13,,False,0.02969919351985686,0.0014590278183243305,16,3,24,0.6666666666666666,3.5549782859844057e-08,winter,5,0,0.7394354834847564,True
pwl,1,P2_dev_run1,summer,10,4.099564773383306e-13,0.0,4.099564773383306e-13,,False,0.02969919351985686,0.0014590278183243305,16,3,24,0.6666666666666666,3.5549782859844057e-08,winter,5,0,0.7394354834847564,True
pwl,1,P2_dev_run1,summer,11,4.4518594481396306e-13,0.0,4.4518594481396306e-13,,False,0.02969919351985686,0.0014590278183243305,16,3,24,0.6666666666666666,3.5549782859844057e-08,winter,5,0,0.7394354834847564,True
pwl,1,P2_dev_run1,summer,12,4.342497729428099e-13,0.0,4.342497729428099e-13,,False,0.02969919351985686,0.0014590278183243305,16,3,24,0.6666666666666666,3.5549782859844057e-08,winter,5,0,0.7394354834847564,True
pwl,1,P2_dev_run1,summer,13,3.9809527471241887e-13,0.0,3.9809527471241887e-13,,False,0.02969919351985686,0.0014590278183243305,16,3,24,0.6666666666666666,3.5549782859844057e-08,winter,5,0,0.7394354834847564,True
pwl,1,P2_dev_run1,summer,14,5.023108881336962e-13,0.0,5.023108881336962e-13,,False,0.02969919351985686,0.0014590278183243305,16,3,24,0.6666666666666666,3.5549782859844057e-08,winter,5,0,0.7394354834847564,True
pwl,1,P2_dev_run1,summer,15,9.316990625366165e-10,0.0,9.316990625366165e-10,,False,0.02969919351985686,0.0014590278183243305,16,3,24,0.6666666666666666,3.5549782859844057e-08,winter,5,0,0.7394354834847564,True
pwl,1,P2_dev_run1,summer,16,0.09212559096061672,0.1,0.007874409039383287,0.07874409039383287,False,0.02969919351985686,0.0014590278183243305,16,3,24,0.6666666666666666,3.5549782859844057e-08,winter,5,0,0.7394354834847564,True
pwl,1,P2_dev_run1,summer,17,7.225042105493134e-13,0.0,7.225042105493134e-13,,False,0.02969919351985686,0.0014590278183243305,16,3,24,0.6666666666666666,3.5549782859844057e-08,winter,5,0,0.7394354834847564,True
pwl,1,P2_dev_run1,summer,18,5.306107336008949e-13,0.0,5.306107336008949e-13,,False,0.02969919351985686,0.0014590278183243305,16,3,24,0.6666666666666666,3.5549782859844057e-08,winter,5,0,0.7394354834847564,True
pwl,1,P2_dev_run1,summer,19,4.847768093844649e-13,0.0,4.847768093844649e-13,,False,0.02969919351985686,0.0014590278183243305,16,3,24,0.6666666666666666,3.5549782859844057e-08,winter,5,0,0.7394354834847564,True
pwl,1,P2_dev_run1,summer,20,4.695533408555531e-13,0.0,4.695533408555531e-13,,False,0.02969919351985686,0.0014590278183243305,16,3,24,0.6666666666666666,3.5549782859844057e-08,winter,5,0,0.7394354834847564,True
pwl,1,P2_dev_run1,summer,21,4.3938764184098146e-13,0.0,4.3938764184098146e-13,,False,0.02969919351985686,0.0014590278183243305,16,3,24,0.6666666666666666,3.5549782859844057e-08,winter,5,0,0.7394354834847564,True
pwl,1,P2_dev_run1,summer,22,4.617321020905475e-13,0.0,4.617321020905475e-13,,False,0.02969919351985686,0.0014590278183243305,16,3,24,0.6666666666666666,3.5549782859844057e-08,winter,5,0,0.7394354834847564,True
pwl,1,P2_dev_run1,summer,23,6.366759395964023e-13,0.0,6.366759395964023e-13,,False,0.02969919351985686,0.0014590278183243305,16,3,24,0.6666666666666666,3.5549782859844057e-08,winter,5,0,0.7394354834847564,True
pwl,1,P2_dev_run1,winter,0,0.05231752697893465,0.1,0.047682473021065354,0.4768247302106535,False,0.02969919351985686,0.0014590278183243305,16,3,24,0.6666666666666666,3.5549782859844057e-08,winter,5,0,0.7394354834847564,True
pwl,1,P2_dev_run1,winter,1,7.113118258341416e-14,0.0,7.113118258341416e-14,,False,0.02969919351985686,0.0014590278183243305,16,3,24,0.6666666666666666,3.5549782859844057e-08,winter,5,0,0.7394354834847564,True
pwl,1,P2_dev_run1,winter,2,1.7719633395840996e-07,0.0,1.7719633395840996e-07,,False,0.02969919351985686,0.0014590278183243305,16,3,24,0.6666666666666666,3.5549782859844057e-08,winter,5,0,0.7394354834847564,True
pwl,1,P2_dev_run1,winter,3,0.02479064525423238,0.05,0.02520935474576762,0.5041870949153524,False,0.02969919351985686,0.0014590278183243305,16,3,24,0.6666666666666666,3.5549782859844057e-08,winter,5,0,0.7394354834847564,True
pwl,1,P2_dev_run1,winter,4,0.02969919352133516,0.0,0.02969919352133516,,False,0.02969919351985686,0.0014590278183243305,16,3,24,0.6666666666666666,3.5549782859844057e-08,winter,5,0,0.7394354834847564,True
pwl,1,P2_dev_run1,winter,5,3.119490086224412e-06,0.0,3.119490086224412e-06,,False,0.02969919351985686,0.0014590278183243305,16,3,24,0.6666666666666666,3.5549782859844057e-08,winter,5,0,0.7394354834847564,True
pwl,1,P2_dev_run1,winter,6,3.4273921280633384e-06,0.0,3.4273921280633384e-06,,False,0.02969919351985686,0.0014590278183243305,16,3,24,0.6666666666666666,3.5549782859844057e-08,winter,5,0,0.7394354834847564,True
pwl,1,P2_dev_run1,winter,7,3.427089090168633e-06,0.0,3.427089090168633e-06,,False,0.02969919351985686,0.0014590278183243305,16,3,24,0.6666666666666666,3.5549782859844057e-08,winter,5,0,0.7394354834847564,True
pwl,1,P2_dev_run1,winter,8,3.427134259556839e-06,0.0,3.427134259556839e-06,,False,0.02969919351985686,0.0014590278183243305,16,3,24,0.6666666666666666,3.5549782859844057e-08,winter,5,0,0.7394354834847564,True
pwl,1,P2_dev_run1,winter,9,1.889447588441983e-13,0.0,1.889447588441983e-13,,False,0.02969919351985686,0.0014590278183243305,16,3,24,0.6666666666666666,3.5549782859844057e-08,winter,5,0,0.7394354834847564,True
pwl,1,P2_dev_run1,winter,10,0.08795625720806623,0.0,0.08795625720806623,,False,0.02969919351985686,0.0014590278183243305,16,3,24,0.6666666666666666,3.5549782859844057e-08,winter,5,0,0.7394354834847564,True
pwl,1,P2_dev_run1,winter,11,0.029380280796693102,0.05,0.0206197192033069,0.412394384066138,False,0.02969919351985686,0.0014590278183243305,16,3,24,0.6666666666666666,3.5549782859844057e-08,winter,5,0,0.7394354834847564,True
pwl,1,P2_dev_run1,winter,12,8.349888056872109e-14,0.0,8.349888056872109e-14,,False,0.02969919351985686,0.0014590278183243305,16,3,24,0.6666666666666666,3.5549782859844057e-08,winter,5,0,0.7394354834847564,True
pwl,1,P2_dev_run1,winter,13,7.594223915035808e-14,0.0,7.594223915035808e-14,,False,0.02969919351985686,0.0014590278183243305,16,3,24,0.6666666666666666,3.5549782859844057e-08,winter,5,0,0.7394354834847564,True
pwl,1,P2_dev_run1,winter,14,7.907725865232157e-14,0.0,7.907725865232157e-14,,False,0.02969919351985686,0.0014590278183243305,16,3,24,0.6666666666666666,3.5549782859844057e-08,winter,5,0,0.7394354834847564,True
pwl,1,P2_dev_run1,winter,15,8.140500163551292e-14,0.0,8.140500163551292e-14,,False,0.02969919351985686,0.0014590278183243305,16,3,24,0.6666666666666666,3.5549782859844057e-08,winter,5,0,0.7394354834847564,True
pwl,1,P2_dev_run1,winter,16,8.430449620565957e-14,0.0,8.430449620565957e-14,,False,0.02969919351985686,0.0014590278183243305,16,3,24,0.6666666666666666,3.5549782859844057e-08,winter,5,0,0.7394354834847564,True
pwl,1,P2_dev_run1,winter,17,9.056707006520074e-14,0.0,9.056707006520074e-14,,False,0.02969919351985686,0.0014590278183243305,16,3,24,0.6666666666666666,3.5549782859844057e-08,winter,5,0,0.7394354834847564,True
pwl,1,P2_dev_run1,winter,18,8.931728143522006e-14,0.0,8.931728143522006e-14,,False,0.02969919351985686,0.0014590278183243305,16,3,24,0.6666666666666666,3.5549782859844057e-08,winter,5,0,0.7394354834847564,True
pwl,1,P2_dev_run1,winter,19,8.903638137319658e-14,0.0,8.903638137319658e-14,,False,0.02969919351985686,0.0014590278183243305,16,3,24,0.6666666666666666,3.5549782859844057e-08,winter,5,0,0.7394354834847564,True
pwl,1,P2_dev_run1,winter,20,9.748278460394792e-14,0.0,9.748278460394792e-14,,False,0.02969919351985686,0.0014590278183243305,16,3,24,0.6666666666666666,3.5549782859844057e-08,winter,5,0,0.7394354834847564,True
pwl,1,P2_dev_run1,winter,21,5.067472891521857e-11,0.0,5.067472891521857e-11,,False,0.02969919351985686,0.0014590278183243305,16,3,24,0.6666666666666666,3.5549782859844057e-08,winter,5,0,0.7394354834847564,True
pwl,1,P2_dev_run1,winter,22,1.7795345933474406e-07,0.0,1.7795345933474406e-07,,False,0.02969919351985686,0.0014590278183243305,16,3,24,0.6666666666666666,3.5549782859844057e-08,winter,5,0,0.7394354834847564,True
pwl,1,P2_dev_run1,winter,23,0.058130703286082615,0.1,0.04186929671391739,0.41869296713917387,False,0.02969919351985686,0.0014590278183243305,16,3,24,0.6666666666666666,3.5549782859844057e-08,winter,5,0,0.7394354834847564,True
pwl,1,P2_dev_run1,shoulder,0,0.05231752953280242,0.1,0.047682470467197584,0.4768247046719758,True,0.02969919351985686,0.0014590278183243305,16,3,24,0.6666666666666666,3.5549782859844057e-08,winter,5,0,0.7394354834847564,True
pwl,1,P2_dev_run1,shoulder,1,1.8053450082180264e-11,0.0,1.8053450082180264e-11,,True,0.02969919351985686,0.0014590278183243305,16,3,24,0.6666666666666666,3.5549782859844057e-08,winter,5,0,0.7394354834847564,True
pwl,1,P2_dev_run1,shoulder,2,1.4075009679438817e-07,0.0,1.4075009679438817e-07,,True,0.02969919351985686,0.0014590278183243305,16,3,24,0.6666666666666666,3.5549782859844057e-08,winter,5,0,0.7394354834847564,True
pwl,1,P2_dev_run1,shoulder,3,0.008049091276422797,0.05,0.04195090872357721,0.8390181744715441,True,0.02969919351985686,0.0014590278183243305,16,3,24,0.6666666666666666,3.5549782859844057e-08,winter,5,0,0.7394354834847564,True
pwl,1,P2_dev_run1,shoulder,4,0.029699193523069264,0.0,0.029699193523069264,,True,0.02969919351985686,0.0014590278183243305,16,3,24,0.6666666666666666,3.5549782859844057e-08,winter,5,0,0.7394354834847564,True
pwl,1,P2_dev_run1,shoulder,5,1.1133112261794048e-06,0.0,1.1133112261794048e-06,,True,0.02969919351985686,0.0014590278183243305,16,3,24,0.6666666666666666,3.5549782859844057e-08,winter,5,0,0.7394354834847564,True
pwl,1,P2_dev_run1,shoulder,6,2.2100200638396198e-06,0.0,2.2100200638396198e-06,,True,0.02969919351985686,0.0014590278183243305,16,3,24,0.6666666666666666,3.5549782859844057e-08,winter,5,0,0.7394354834847564,True
pwl,1,P2_dev_run1,shoulder,7,2.21004189533715e-06,0.0,2.21004189533715e-06,,True,0.02969919351985686,0.0014590278183243305,16,3,24,0.6666666666666666,3.5549782859844057e-08,winter,5,0,0.7394354834847564,True
pwl,1,P2_dev_run1,shoulder,8,3.5203704296612806e-11,0.0,3.5203704296612806e-11,,True,0.02969919351985686,0.0014590278183243305,16,3,24,0.6666666666666666,3.5549782859844057e-08,winter,5,0,0.7394354834847564,True
pwl,1,P2_dev_run1,shoulder,9,2.3379093210893446e-11,0.0,2.3379093210893446e-11,,True,0.02969919351985686,0.0014590278183243305,16,3,24,0.6666666666666666,3.5549782859844057e-08,winter,5,0,0.7394354834847564,True
pwl,1,P2_dev_run1,shoulder,10,0.052288944789875065,0.1,0.04771105521012494,0.47711055210124936,True,0.02969919351985686,0.0014590278183243305,16,3,24,0.6666666666666666,3.5549782859844057e-08,winter,5,0,0.7394354834847564,True
pwl,1,P2_dev_run1,shoulder,11,2.5959164483999605e-09,0.0,2.5959164483999605e-09,,True,0.02969919351985686,0.0014590278183243305,16,3,24,0.6666666666666666,3.5549782859844057e-08,winter,5,0,0.7394354834847564,True
pwl,1,P2_dev_run1,shoulder,12,1.9828072234830003e-11,0.0,1.9828072234830003e-11,,True,0.02969919351985686,0.0014590278183243305,16,3,24,0.6666666666666666,3.5549782859844057e-08,winter,5,0,0.7394354834847564,True
pwl,1,P2_dev_run1,shoulder,13,1.92436936164542e-11,0.0,1.92436936164542e-11,,True,0.02969919351985686,0.0014590278183243305,16,3,24,0.6666666666666666,3.5549782859844057e-08,winter,5,0,0.7394354834847564,True
pwl,1,P2_dev_run1,shoulder,14,1.9415488015459184e-11,0.0,1.9415488015459184e-11,,True,0.02969919351985686,0.0014590278183243305,16,3,24,0.6666666666666666,3.5549782859844057e-08,winter,5,0,0.7394354834847564,True
pwl,1,P2_dev_run1,shoulder,15,2.1052749509581803e-11,0.0,2.1052749509581803e-11,,True,0.02969919351985686,0.0014590278183243305,16,3,24,0.6666666666666666,3.5549782859844057e-08,winter,5,0,0.7394354834847564,True
pwl,1,P2_dev_run1,shoulder,16,3.2539161935492106e-11,0.0,3.2539161935492106e-11,,True,0.02969919351985686,0.0014590278183243305,16,3,24,0.6666666666666666,3.5549782859844057e-08,winter,5,0,0.7394354834847564,True
pwl,1,P2_dev_run1,shoulder,17,4.02003178457357e-11,0.0,4.02003178457357e-11,,True,0.02969919351985686,0.0014590278183243305,16,3,24,0.6666666666666666,3.5549782859844057e-08,winter,5,0,0.7394354834847564,True
pwl,1,P2_dev_run1,shoulder,18,3.220408774684306e-11,0.0,3.220408774684306e-11,,True,0.02969919351985686,0.0014590278183243305,16,3,24,0.6666666666666666,3.5549782859844057e-08,winter,5,0,0.7394354834847564,True
pwl,1,P2_dev_run1,shoulder,19,4.7270033315943136e-11,0.0,4.7270033315943136e-11,,True,0.02969919351985686,0.0014590278183243305,16,3,24,0.6666666666666666,3.5549782859844057e-08,winter,5,0,0.7394354834847564,True
pwl,1,P2_dev_run1,shoulder,20,2.9005014561998233e-11,0.0,2.9005014561998233e-11,,True,0.02969919351985686,0.0014590278183243305,16,3,24,0.6666666666666666,3.5549782859844057e-08,winter,5,0,0.7394354834847564,True
pwl,1,P2_dev_run1,shoulder,21,2.2193042212043412e-11,0.0,2.2193042212043412e-11,,True,0.02969919351985686,0.0014590278183243305,16,3,24,0.6666666666666666,3.5549782859844057e-08,winter,5,0,0.7394354834847564,True
pwl,1,P2_dev_run1,shoulder,22,2.1162475855219187e-11,0.0,2.1162475855219187e-11,,True,0.02969919351985686,0.0014590278183243305,16,3,24,0.6666666666666666,3.5549782859844057e-08,winter,5,0,0.7394354834847564,True
pwl,1,P2_dev_run1,shoulder,23,2.296197036217021e-11,0.0,2.296197036217021e-11,,True,0.02969919351985686,0.0014590278183243305,16,3,24,0.6666666666666666,3.5549782859844057e-08,winter,5,0,0.7394354834847564,True
pwl,1,P3_dev_run0,summer,0,0.1418909912007627,0.15,0.008109008799237288,0.05406005866158192,False,0.10242791164439083,0.005031960627554209,13,0,21,0.6190476190476191,1.5522011790366594e-08,summer,3,0,0.32285784523962513,True
pwl,1,P3_dev_run0,summer,1,1.9127997096315663e-11,0.0,1.9127997096315663e-11,,False,0.10242791164439083,0.005031960627554209,13,0,21,0.6190476190476191,1.5522011790366594e-08,summer,3,0,0.32285784523962513,True
pwl,1,P3_dev_run0,summer,2,3.2922434824865836e-07,0.0,3.2922434824865836e-07,,False,0.10242791164439083,0.005031960627554209,13,0,21,0.6190476190476191,1.5522011790366594e-08,summer,3,0,0.32285784523962513,True
pwl,1,P3_dev_run0,summer,3,2.858259157320666e-07,0.0,2.858259157320666e-07,,False,0.10242791164439083,0.005031960627554209,13,0,21,0.6190476190476191,1.5522011790366594e-08,summer,3,0,0.32285784523962513,True
pwl,1,P3_dev_run0,summer,4,4.0032960734137936e-07,0.0,4.0032960734137936e-07,,False,0.10242791164439083,0.005031960627554209,13,0,21,0.6190476190476191,1.5522011790366594e-08,summer,3,0,0.32285784523962513,True
pwl,1,P3_dev_run0,summer,5,0.20536482468081535,0.2,0.005364824680815339,0.026824123404076694,False,0.10242791164439083,0.005031960627554209,13,0,21,0.6190476190476191,1.5522011790366594e-08,summer,3,0,0.32285784523962513,True
pwl,1,P3_dev_run0,summer,6,6.053565008715576e-06,0.0,6.053565008715576e-06,,False,0.10242791164439083,0.005031960627554209,13,0,21,0.6190476190476191,1.5522011790366594e-08,summer,3,0,0.32285784523962513,True
pwl,1,P3_dev_run0,summer,7,6.054700173536087e-06,0.0,6.054700173536087e-06,,False,0.10242791164439083,0.005031960627554209,13,0,21,0.6190476190476191,1.5522011790366594e-08,summer,3,0,0.32285784523962513,True
pwl,1,P3_dev_run0,summer,8,6.749814860818222e-06,0.0,6.749814860818222e-06,,False,0.10242791164439083,0.005031960627554209,13,0,21,0.6190476190476191,1.5522011790366594e-08,summer,3,0,0.32285784523962513,True
pwl,1,P3_dev_run0,summer,9,3.371245478711743e-11,0.0,3.371245478711743e-11,,False,0.10242791164439083,0.005031960627554209,13,0,21,0.6190476190476191,1.5522011790366594e-08,summer,3,0,0.32285784523962513,True
pwl,1,P3_dev_run0,summer,10,2.5548875238397125e-11,0.0,2.5548875238397125e-11,,False,0.10242791164439083,0.005031960627554209,13,0,21,0.6190476190476191,1.5522011790366594e-08,summer,3,0,0.32285784523962513,True
pwl,1,P3_dev_run0,summer,11,2.607229799309386e-11,0.0,2.607229799309386e-11,,False,0.10242791164439083,0.005031960627554209,13,0,21,0.6190476190476191,1.5522011790366594e-08,summer,3,0,0.32285784523962513,True
pwl,1,P3_dev_run0,summer,12,2.5487098585558227e-11,0.0,2.5487098585558227e-11,,False,0.10242791164439083,0.005031960627554209,13,0,21,0.6190476190476191,1.5522011790366594e-08,summer,3,0,0.32285784523962513,True
pwl,1,P3_dev_run0,summer,13,2.47310588485926e-11,0.0,2.47310588485926e-11,,False,0.10242791164439083,0.005031960627554209,13,0,21,0.6190476190476191,1.5522011790366594e-08,summer,3,0,0.32285784523962513,True
pwl,1,P3_dev_run0,summer,14,2.8674603564044932e-11,0.0,2.8674603564044932e-11,,False,0.10242791164439083,0.005031960627554209,13,0,21,0.6190476190476191,1.5522011790366594e-08,summer,3,0,0.32285784523962513,True
pwl,1,P3_dev_run0,summer,15,5.992378285412777e-09,0.0,5.992378285412777e-09,,False,0.10242791164439083,0.005031960627554209,13,0,21,0.6190476190476191,1.5522011790366594e-08,summer,3,0,0.32285784523962513,True
pwl,1,P3_dev_run0,summer,16,0.21053484437876174,0.2,0.010534844378761732,0.05267422189380866,False,0.10242791164439083,0.005031960627554209,13,0,21,0.6190476190476191,1.5522011790366594e-08,summer,3,0,0.32285784523962513,True
pwl,1,P3_dev_run0,summer,17,3.875579008970684e-11,0.0,3.875579008970684e-11,,False,0.10242791164439083,0.005031960627554209,13,0,21,0.6190476190476191,1.5522011790366594e-08,summer,3,0,0.32285784523962513,True
pwl,1,P3_dev_run0,summer,18,3.22884083458559e-11,0.0,3.22884083458559e-11,,False,0.10242791164439083,0.005031960627554209,13,0,21,0.6190476190476191,1.5522011790366594e-08,summer,3,0,0.32285784523962513,True
pwl,1,P3_dev_run0,summer,19,2.995273934226401e-11,0.0,2.995273934226401e-11,,False,0.10242791164439083,0.005031960627554209,13,0,21,0.6190476190476191,1.5522011790366594e-08,summer,3,0,0.32285784523962513,True
pwl,1,P3_dev_run0,summer,20,2.9083946272328535e-11,0.0,2.9083946272328535e-11,,False,0.10242791164439083,0.005031960627554209,13,0,21,0.6190476190476191,1.5522011790366594e-08,summer,3,0,0.32285784523962513,True
pwl,1,P3_dev_run0,summer,21,2.8588465228871984e-11,0.0,2.8588465228871984e-11,,False,0.10242791164439083,0.005031960627554209,13,0,21,0.6190476190476191,1.5522011790366594e-08,summer,3,0,0.32285784523962513,True
pwl,1,P3_dev_run0,summer,22,3.0893170953256325e-11,0.0,3.0893170953256325e-11,,False,0.10242791164439083,0.005031960627554209,13,0,21,0.6190476190476191,1.5522011790366594e-08,summer,3,0,0.32285784523962513,True
pwl,1,P3_dev_run0,summer,23,1.5257634380470151e-09,0.0,1.5257634380470151e-09,,False,0.10242791164439083,0.005031960627554209,13,0,21,0.6190476190476191,1.5522011790366594e-08,summer,3,0,0.32285784523962513,True
pwl,1,P3_dev_run0,winter,0,0.1418909917871752,0.15,0.008109008212824786,0.05406005475216524,False,0.10242791164439083,0.005031960627554209,13,0,21,0.6190476190476191,1.5522011790366594e-08,summer,3,0,0.32285784523962513,True
pwl,1,P3_dev_run0,winter,1,2.3864289804478573e-12,0.0,2.3864289804478573e-12,,False,0.10242791164439083,0.005031960627554209,13,0,21,0.6190476190476191,1.5522011790366594e-08,summer,3,0,0.32285784523962513,True
pwl,1,P3_dev_run0,winter,2,4.1435448609912035e-07,0.0,4.1435448609912035e-07,,False,0.10242791164439083,0.005031960627554209,13,0,21,0.6190476190476191,1.5522011790366594e-08,summer,3,0,0.32285784523962513,True
pwl,1,P3_dev_run0,winter,3,4.1413671517470205e-07,0.0,4.1413671517470205e-07,,False,0.10242791164439083,0.005031960627554209,13,0,21,0.6190476190476191,1.5522011790366594e-08,summer,3,0,0.32285784523962513,True
pwl,1,P3_dev_run0,winter,4,0.20536482690504687,0.2,0.00536482690504686,0.0268241345252343,False,0.10242791164439083,0.005031960627554209,13,0,21,0.6190476190476191,1.5522011790366594e-08,summer,3,0,0.32285784523962513,True
pwl,1,P3_dev_run0,winter,5,6.053681027920828e-06,0.0,6.053681027920828e-06,,False,0.10242791164439083,0.005031960627554209,13,0,21,0.6190476190476191,1.5522011790366594e-08,summer,3,0,0.32285784523962513,True
pwl,1,P3_dev_run0,winter,6,6.054256949777795e-06,0.0,6.054256949777795e-06,,False,0.10242791164439083,0.005031960627554209,13,0,21,0.6190476190476191,1.5522011790366594e-08,summer,3,0,0.32285784523962513,True
pwl,1,P3_dev_run0,winter,7,8.869773092172916e-06,0.0,8.869773092172916e-06,,False,0.10242791164439083,0.005031960627554209,13,0,21,0.6190476190476191,1.5522011790366594e-08,summer,3,0,0.32285784523962513,True
pwl,1,P3_dev_run0,winter,8,9.29555223205169e-06,0.0,9.29555223205169e-06,,False,0.10242791164439083,0.005031960627554209,13,0,21,0.6190476190476191,1.5522011790366594e-08,summer,3,0,0.32285784523962513,True
pwl,1,P3_dev_run0,winter,9,0.0,0.0,0.0,,False,0.10242791164439083,0.005031960627554209,13,0,21,0.6190476190476191,1.5522011790366594e-08,summer,3,0,0.32285784523962513,True
pwl,1,P3_dev_run0,winter,10,0.421333777475975,0.3,0.12133377747597501,0.4044459249199167,False,0.10242791164439083,0.005031960627554209,13,0,21,0.6190476190476191,1.5522011790366594e-08,summer,3,0,0.32285784523962513,True
pwl,1,P3_dev_run0,winter,11,1.7291858929431165e-10,0.0,1.7291858929431165e-10,,False,0.10242791164439083,0.005031960627554209,13,0,21,0.6190476190476191,1.5522011790366594e-08,summer,3,0,0.32285784523962513,True
pwl,1,P3_dev_run0,winter,12,1.6957188598703925e-11,0.0,1.6957188598703925e-11,,False,0.10242791164439083,0.005031960627554209,13,0,21,0.6190476190476191,1.5522011790366594e-08,summer,3,0,0.32285784523962513,True
pwl,1,P3_dev_run0,winter,13,3.862276637494443e-06,0.0,3.862276637494443e-06,,False,0.10242791164439083,0.005031960627554209,13,0,21,0.6190476190476191,1.5522011790366594e-08,summer,3,0,0.32285784523962513,True
pwl,1,P3_dev_run0,winter,14,6.340573292423883e-10,0.0,6.340573292423883e-10,,False,0.10242791164439083,0.005031960627554209,13,0,21,0.6190476190476191,1.5522011790366594e-08,summer,3,0,0.32285784523962513,True
pwl,1,P3_dev_run0,winter,15,0.0,0.0,0.0,,False,0.10242791164439083,0.005031960627554209,13,0,21,0.6190476190476191,1.5522011790366594e-08,summer,3,0,0.32285784523962513,True
pwl,1,P3_dev_run0,winter,16,3.368512763668132e-10,0.0,3.368512763668132e-10,,False,0.10242791164439083,0.005031960627554209,13,0,21,0.6190476190476191,1.5522011790366594e-08,summer,3,0,0.32285784523962513,True
pwl,1,P3_dev_run0,winter,17,1.2495148262674027e-08,0.0,1.2495148262674027e-08,,False,0.10242791164439083,0.005031960627554209,13,0,21,0.6190476190476191,1.5522011790366594e-08,summer,3,0,0.32285784523962513,True
pwl,1,P3_dev_run0,winter,18,1.3606803652341912e-08,0.0,1.3606803652341912e-08,,False,0.10242791164439083,0.005031960627554209,13,0,21,0.6190476190476191,1.5522011790366594e-08,summer,3,0,0.32285784523962513,True
pwl,1,P3_dev_run0,winter,19,4.827442143782834e-10,0.0,4.827442143782834e-10,,False,0.10242791164439083,0.005031960627554209,13,0,21,0.6190476190476191,1.5522011790366594e-08,summer,3,0,0.32285784523962513,True
pwl,1,P3_dev_run0,winter,20,3.226114906899067e-09,0.0,3.226114906899067e-09,,False,0.10242791164439083,0.005031960627554209,13,0,21,0.6190476190476191,1.5522011790366594e-08,summer,3,0,0.32285784523962513,True
pwl,1,P3_dev_run0,winter,21,6.025730946084558e-07,0.0,6.025730946084558e-07,,False,0.10242791164439083,0.005031960627554209,13,0,21,0.6190476190476191,1.5522011790366594e-08,summer,3,0,0.32285784523962513,True
pwl,1,P3_dev_run0,winter,22,4.318099383790014e-07,0.0,4.318099383790014e-07,,False,0.10242791164439083,0.005031960627554209,13,0,21,0.6190476190476191,1.5522011790366594e-08,summer,3,0,0.32285784523962513,True
pwl,1,P3_dev_run0,winter,23,0.157656976211122,0.15,0.0076569762111220185,0.05104650807414679,False,0.10242791164439083,0.005031960627554209,13,0,21,0.6190476190476191,1.5522011790366594e-08,summer,3,0,0.32285784523962513,True
pwl,1,P3_dev_run0,shoulder,0,0.09241412846195547,0.1,0.0075858715380445335,0.07585871538044534,False,0.10242791164439083,0.005031960627554209,13,0,21,0.6190476190476191,1.5522011790366594e-08,summer,3,0,0.32285784523962513,True
pwl,1,P3_dev_run0,shoulder,1,3.88005557956937e-12,0.0,3.88005557956937e-12,,False,0.10242791164439083,0.005031960627554209,13,0,21,0.6190476190476191,1.5522011790366594e-08,summer,3,0,0.32285784523962513,True
pwl,1,P3_dev_run0,shoulder,2,2.3872831580640485e-07,0.0,2.3872831580640485e-07,,False,0.10242791164439083,0.005031960627554209,13,0,21,0.6190476190476191,1.5522011790366594e-08,summer,3,0,0.32285784523962513,True
pwl,1,P3_dev_run0,shoulder,3,2.1901545949950666e-07,0.0,2.1901545949950666e-07,,False,0.10242791164439083,0.005031960627554209,13,0,21,0.6190476190476191,1.5522011790366594e-08,summer,3,0,0.32285784523962513,True
pwl,1,P3_dev_run0,shoulder,4,0.2053648275629229,0.2,0.005364827562922891,0.026824137814614457,False,0.10242791164439083,0.005031960627554209,13,0,21,0.6190476190476191,1.5522011790366594e-08,summer,3,0,0.32285784523962513,True
pwl,1,P3_dev_run0,shoulder,5,5.800990953851635e-06,0.0,5.800990953851635e-06,,False,0.10242791164439083,0.005031960627554209,13,0,21,0.6190476190476191,1.5522011790366594e-08,summer,3,0,0.32285784523962513,True
pwl,1,P3_dev_run0,shoulder,6,6.053849883461554e-06,0.0,6.053849883461554e-06,,False,0.10242791164439083,0.005031960627554209,13,0,21,0.6190476190476191,1.5522011790366594e-08,summer,3,0,0.32285784523962513,True
pwl,1,P3_dev_run0,shoulder,7,6.053540952041055e-06,0.0,6.053540952041055e-06,,False,0.10242791164439083,0.005031960627554209,13,0,21,0.6190476190476191,1.5522011790366594e-08,summer,3,0,0.32285784523962513,True
pwl,1,P3_dev_run0,shoulder,8,4.765661367716748e-10,0.0,4.765661367716748e-10,,False,0.10242791164439083,0.005031960627554209,13,0,21,0.6190476190476191,1.5522011790366594e-08,summer,3,0,0.32285784523962513,True
pwl,1,P3_dev_run0,shoulder,9,5.322759341224282e-12,0.0,5.322759341224282e-12,,False,0.10242791164439083,0.005031960627554209,13,0,21,0.6190476190476191,1.5522011790366594e-08,summer,3,0,0.32285784523962513,True
pwl,1,P3_dev_run0,shoulder,10,0.09236365141192017,0.15,0.057636348588079825,0.3842423239205322,False,0.10242791164439083,0.005031960627554209,13,0,21,0.6190476190476191,1.5522011790366594e-08,summer,3,0,0.32285784523962513,True
pwl,1,P3_dev_run0,shoulder,11,5.66909638257527e-10,0.0,5.66909638257527e-10,,False,0.10242791164439083,0.005031960627554209,13,0,21,0.6190476190476191,1.5522011790366594e-08,summer,3,0,0.32285784523962513,True
pwl,1,P3_dev_run0,shoulder,12,4.328782852238273e-12,0.0,4.328782852238273e-12,,False,0.10242791164439083,0.005031960627554209,13,0,21,0.6190476190476191,1.5522011790366594e-08,summer,3,0,0.32285784523962513,True
pwl,1,P3_dev_run0,shoulder,13,5.188412560542014e-12,0.0,5.188412560542014e-12,,False,0.10242791164439083,0.005031960627554209,13,0,21,0.6190476190476191,1.5522011790366594e-08,summer,3,0,0.32285784523962513,True
pwl,1,P3_dev_run0,shoulder,14,3.6324618191898897e-12,0.0,3.6324618191898897e-12,,False,0.10242791164439083,0.005031960627554209,13,0,21,0.6190476190476191,1.5522011790366594e-08,summer,3,0,0.32285784523962513,True
pwl,1,P3_dev_run0,shoulder,15,4.625910565826855e-12,0.0,4.625910565826855e-12,,False,0.10242791164439083,0.005031960627554209,13,0,21,0.6190476190476191,1.5522011790366594e-08,summer,3,0,0.32285784523962513,True
pwl,1,P3_dev_run0,shoulder,16,7.133133829986595e-12,0.0,7.133133829986595e-12,,False,0.10242791164439083,0.005031960627554209,13,0,21,0.6190476190476191,1.5522011790366594e-08,summer,3,0,0.32285784523962513,True
pwl,1,P3_dev_run0,shoulder,17,1.1474252163689106e-11,0.0,1.1474252163689106e-11,,False,0.10242791164439083,0.005031960627554209,13,0,21,0.6190476190476191,1.5522011790366594e-08,summer,3,0,0.32285784523962513,True
pwl,1,P3_dev_run0,shoulder,18,7.870405370579639e-12,0.0,7.870405370579639e-12,,False,0.10242791164439083,0.005031960627554209,13,0,21,0.6190476190476191,1.5522011790366594e-08,summer,3,0,0.32285784523962513,True
pwl,1,P3_dev_run0,shoulder,19,3.827600049792434e-11,0.0,3.827600049792434e-11,,False,0.10242791164439083,0.005031960627554209,13,0,21,0.6190476190476191,1.5522011790366594e-08,summer,3,0,0.32285784523962513,True
pwl,1,P3_dev_run0,shoulder,20,6.8771467905335445e-12,0.0,6.8771467905335445e-12,,False,0.10242791164439083,0.005031960627554209,13,0,21,0.6190476190476191,1.5522011790366594e-08,summer,3,0,0.32285784523962513,True
pwl,1,P3_dev_run0,shoulder,21,4.008137765464674e-12,0.0,4.008137765464674e-12,,False,0.10242791164439083,0.005031960627554209,13,0,21,0.6190476190476191,1.5522011790366594e-08,summer,3,0,0.32285784523962513,True
pwl,1,P3_dev_run0,shoulder,22,4.931397257973642e-12,0.0,4.931397257973642e-12,,False,0.10242791164439083,0.005031960627554209,13,0,21,0.6190476190476191,1.5522011790366594e-08,summer,3,0,0.32285784523962513,True
pwl,1,P3_dev_run0,shoulder,23,9.097376839510527e-12,0.0,9.097376839510527e-12,,False,0.10242791164439083,0.005031960627554209,13,0,21,0.6190476190476191,1.5522011790366594e-08,summer,3,0,0.32285784523962513,True
pwl,2,P1_old_full_opt,summer,0,0.024999999999628326,0.0,0.024999999999628326,,False,0.017251016698002664,0.0008474881056933404,11,0,31,0.3548387096774194,5.476737000191267e-09,shoulder,19,0,0.11391612960397836,True
pwl,2,P1_old_full_opt,summer,1,0.0043163088690665805,0.0,0.0043163088690665805,,False,0.017251016698002664,0.0008474881056933404,11,0,31,0.3548387096774194,5.476737000191267e-09,shoulder,19,0,0.11391612960397836,True
pwl,2,P1_old_full_opt,summer,2,2.7375891004348985e-09,0.0,2.7375891004348985e-09,,False,0.017251016698002664,0.0008474881056933404,11,0,31,0.3548387096774194,5.476737000191267e-09,shoulder,19,0,0.11391612960397836,True
pwl,2,P1_old_full_opt,summer,3,0.02499999999962269,0.02,0.004999999999622688,0.2499999999811344,False,0.017251016698002664,0.0008474881056933404,11,0,31,0.3548387096774194,5.476737000191267e-09,shoulder,19,0,0.11391612960397836,True
pwl,2,P1_old_full_opt,summer,4,0.025000000000003932,0.0,0.025000000000003932,,False,0.017251016698002664,0.0008474881056933404,11,0,31,0.3548387096774194,5.476737000191267e-09,shoulder,19,0,0.11391612960397836,True
pwl,2,P1_old_full_opt,summer,5,0.024999999999999425,0.0,0.024999999999999425,,False,0.017251016698002664,0.0008474881056933404,11,0,31,0.3548387096774194,5.476737000191267e-09,shoulder,19,0,0.11391612960397836,True
pwl,2,P1_old_full_opt,summer,6,0.0018805369027099078,0.0,0.0018805369027099078,,False,0.017251016698002664,0.0008474881056933404,11,0,31,0.3548387096774194,5.476737000191267e-09,shoulder,19,0,0.11391612960397836,True
pwl,2,P1_old_full_opt,summer,7,9.338982688068823e-06,0.0,9.338982688068823e-06,,False,0.017251016698002664,0.0008474881056933404,11,0,31,0.3548387096774194,5.476737000191267e-09,shoulder,19,0,0.11391612960397836,True
pwl,2,P1_old_full_opt,summer,8,9.616362725629136e-06,0.0,9.616362725629136e-06,,False,0.017251016698002664,0.0008474881056933404,11,0,31,0.3548387096774194,5.476737000191267e-09,shoulder,19,0,0.11391612960397836,True
pwl,2,P1_old_full_opt,summer,9,1.8814799603686316e-09,0.0,1.8814799603686316e-09,,False,0.017251016698002664,0.0008474881056933404,11,0,31,0.3548387096774194,5.476737000191267e-09,shoulder,19,0,0.11391612960397836,True
pwl,2,P1_old_full_opt,summer,10,2.5283057146657807e-12,0.0,2.5283057146657807e-12,,False,0.017251016698002664,0.0008474881056933404,11,0,31,0.3548387096774194,5.476737000191267e-09,shoulder,19,0,0.11391612960397836,True
pwl,2,P1_old_full_opt,summer,11,1.5793318844229106e-09,0.0,1.5793318844229106e-09,,False,0.017251016698002664,0.0008474881056933404,11,0,31,0.3548387096774194,5.476737000191267e-09,shoulder,19,0,0.11391612960397836,True
pwl,2,P1_old_full_opt,summer,12,1.1602387023516924e-09,0.0,1.1602387023516924e-09,,False,0.017251016698002664,0.0008474881056933404,11,0,31,0.3548387096774194,5.476737000191267e-09,shoulder,19,0,0.11391612960397836,True
pwl,2,P1_old_full_opt,summer,13,5.268080621720957e-11,0.0,5.268080621720957e-11,,False,0.017251016698002664,0.0008474881056933404,11,0,31,0.3548387096774194,5.476737000191267e-09,shoulder,19,0,0.11391612960397836,True
pwl,2,P1_old_full_opt,summer,14,2.406420619534696e-09,0.0,2.406420619534696e-09,,False,0.017251016698002664,0.0008474881056933404,11,0,31,0.3548387096774194,5.476737000191267e-09,shoulder,19,0,0.11391612960397836,True
pwl,2,P1_old_full_opt,summer,15,0.025000000000038384,0.0,0.025000000000038384,,False,0.017251016698002664,0.0008474881056933404,11,0,31,0.3548387096774194,5.476737000191267e-09,shoulder,19,0,0.11391612960397836,True
pwl,2,P1_old_full_opt,summer,16,0.07926396097335757,0.0,0.07926396097335757,,False,0.017251016698002664,0.0008474881056933404,11,0,31,0.3548387096774194,5.476737000191267e-09,shoulder,19,0,0.11391612960397836,True
pwl,2,P1_old_full_opt,summer,17,5.162185558385868e-09,0.0,5.162185558385868e-09,,False,0.017251016698002664,0.0008474881056933404,11,0,31,0.3548387096774194,5.476737000191267e-09,shoulder,19,0,0.11391612960397836,True
pwl,2,P1_old_full_opt,summer,18,2.5096948981981386e-09,0.0,2.5096948981981386e-09,,False,0.017251016698002664,0.0008474881056933404,11,0,31,0.3548387096774194,5.476737000191267e-09,shoulder,19,0,0.11391612960397836,True
pwl,2,P1_old_full_opt,summer,19,1.545986543627052e-09,0.0,1.545986543627052e-09,,False,0.017251016698002664,0.0008474881056933404,11,0,31,0.3548387096774194,5.476737000191267e-09,shoulder,19,0,0.11391612960397836,True
pwl,2,P1_old_full_opt,summer,20,1.0084957416915939e-09,0.0,1.0084957416915939e-09,,False,0.017251016698002664,0.0008474881056933404,11,0,31,0.3548387096774194,5.476737000191267e-09,shoulder,19,0,0.11391612960397836,True
pwl,2,P1_old_full_opt,summer,21,2.7645133057738255e-10,0.0,2.7645133057738255e-10,,False,0.017251016698002664,0.0008474881056933404,11,0,31,0.3548387096774194,5.476737000191267e-09,shoulder,19,0,0.11391612960397836,True
pwl,2,P1_old_full_opt,summer,22,2.1615070562678707e-09,0.0,2.1615070562678707e-09,,False,0.017251016698002664,0.0008474881056933404,11,0,31,0.3548387096774194,5.476737000191267e-09,shoulder,19,0,0.11391612960397836,True
pwl,2,P1_old_full_opt,summer,23,3.946430388083657e-09,0.0,3.946430388083657e-09,,False,0.017251016698002664,0.0008474881056933404,11,0,31,0.3548387096774194,5.476737000191267e-09,shoulder,19,0,0.11391612960397836,True
pwl,2,P1_old_full_opt,winter,0,0.024999999999997222,0.0,0.024999999999997222,,False,0.017251016698002664,0.0008474881056933404,11,0,31,0.3548387096774194,5.476737000191267e-09,shoulder,19,0,0.11391612960397836,True
pwl,2,P1_old_full_opt,winter,1,3.746407787597638e-09,0.0,3.746407787597638e-09,,False,0.017251016698002664,0.0008474881056933404,11,0,31,0.3548387096774194,5.476737000191267e-09,shoulder,19,0,0.11391612960397836,True
pwl,2,P1_old_full_opt,winter,2,4.057521380473134e-10,0.0,4.057521380473134e-10,,False,0.017251016698002664,0.0008474881056933404,11,0,31,0.3548387096774194,5.476737000191267e-09,shoulder,19,0,0.11391612960397836,True
pwl,2,P1_old_full_opt,winter,3,0.05109010319669852,0.0,0.05109010319669852,,False,0.017251016698002664,0.0008474881056933404,11,0,31,0.3548387096774194,5.476737000191267e-09,shoulder,19,0,0.11391612960397836,True
pwl,2,P1_old_full_opt,winter,4,0.025000000000609555,0.0,0.025000000000609555,,False,0.017251016698002664,0.0008474881056933404,11,0,31,0.3548387096774194,5.476737000191267e-09,shoulder,19,0,0.11391612960397836,True
pwl,2,P1_old_full_opt,winter,5,0.025000000000019767,0.02,0.005000000000019766,0.2500000000009883,False,0.017251016698002664,0.0008474881056933404,11,0,31,0.3548387096774194,5.476737000191267e-09,shoulder,19,0,0.11391612960397836,True
pwl,2,P1_old_full_opt,winter,6,9.615791088656374e-06,0.0,9.615791088656374e-06,,False,0.017251016698002664,0.0008474881056933404,11,0,31,0.3548387096774194,5.476737000191267e-09,shoulder,19,0,0.11391612960397836,True
pwl,2,P1_old_full_opt,winter,7,9.615993562008835e-06,0.0,9.615993562008835e-06,,False,0.017251016698002664,0.0008474881056933404,11,0,31,0.3548387096774194,5.476737000191267e-09,shoulder,19,0,0.11391612960397836,True
pwl,2,P1_old_full_opt,winter,8,9.6940629867202e-06,0.0,9.6940629867202e-06,,False,0.017251016698002664,0.0008474881056933404,11,0,31,0.3548387096774194,5.476737000191267e-09,shoulder,19,0,0.11391612960397836,True
pwl,2,P1_old_full_opt,winter,9,0.02500000000000909,0.0,0.02500000000000909,,False,0.017251016698002664,0.0008474881056933404,11,0,31,0.3548387096774194,5.476737000191267e-09,shoulder,19,0,0.11391612960397836,True
pwl,2,P1_old_full_opt,winter,10,0.05109010319673016,0.0,0.05109010319673016,,False,0.017251016698002664,0.0008474881056933404,11,0,31,0.3548387096774194,5.476737000191267e-09,shoulder,19,0,0.11391612960397836,True
pwl,2,P1_old_full_opt,winter,11,0.07422212252247852,0.0,0.07422212252247852,,False,0.017251016698002664,0.0008474881056933404,11,0,31,0.3548387096774194,5.476737000191267e-09,shoulder,19,0,0.11391612960397836,True
pwl,2,P1_old_full_opt,winter,12,1.3240907773391205e-09,0.0,1.3240907773391205e-09,,False,0.017251016698002664,0.0008474881056933404,11,0,31,0.3548387096774194,5.476737000191267e-09,shoulder,19,0,0.11391612960397836,True
pwl,2,P1_old_full_opt,winter,13,7.371910365290553e-10,0.0,7.371910365290553e-10,,False,0.017251016698002664,0.0008474881056933404,11,0,31,0.3548387096774194,5.476737000191267e-09,shoulder,19,0,0.11391612960397836,True
pwl,2,P1_old_full_opt,winter,14,5.639923531397129e-13,0.0,5.639923531397129e-13,,False,0.017251016698002664,0.0008474881056933404,11,0,31,0.3548387096774194,5.476737000191267e-09,shoulder,19,0,0.11391612960397836,True
pwl,2,P1_old_full_opt,winter,15,3.4120016390322906e-10,0.0,3.4120016390322906e-10,,False,0.017251016698002664,0.0008474881056933404,11,0,31,0.3548387096774194,5.476737000191267e-09,shoulder,19,0,0.11391612960397836,True
pwl,2,P1_old_full_opt,winter,16,1.2930109146320102e-09,0.0,1.2930109146320102e-09,,False,0.017251016698002664,0.0008474881056933404,11,0,31,0.3548387096774194,5.476737000191267e-09,shoulder,19,0,0.11391612960397836,True
pwl,2,P1_old_full_opt,winter,17,1.823065785869869e-09,0.0,1.823065785869869e-09,,False,0.017251016698002664,0.0008474881056933404,11,0,31,0.3548387096774194,5.476737000191267e-09,shoulder,19,0,0.11391612960397836,True
pwl,2,P1_old_full_opt,winter,18,9.15540142254594e-10,0.0,9.15540142254594e-10,,False,0.017251016698002664,0.0008474881056933404,11,0,31,0.3548387096774194,5.476737000191267e-09,shoulder,19,0,0.11391612960397836,True
pwl,2,P1_old_full_opt,winter,19,6.468920092265443e-11,0.0,6.468920092265443e-11,,False,0.017251016698002664,0.0008474881056933404,11,0,31,0.3548387096774194,5.476737000191267e-09,shoulder,19,0,0.11391612960397836,True
pwl,2,P1_old_full_opt,winter,20,1.34755181417859e-10,0.0,1.34755181417859e-10,,False,0.017251016698002664,0.0008474881056933404,11,0,31,0.3548387096774194,5.476737000191267e-09,shoulder,19,0,0.11391612960397836,True
pwl,2,P1_old_full_opt,winter,21,4.6257588020945037e-10,0.0,4.6257588020945037e-10,,False,0.017251016698002664,0.0008474881056933404,11,0,31,0.3548387096774194,5.476737000191267e-09,shoulder,19,0,0.11391612960397836,True
pwl,2,P1_old_full_opt,winter,22,0.024888096288908017,0.02,0.004888096288908017,0.24440481444540085,False,0.017251016698002664,0.0008474881056933404,11,0,31,0.3548387096774194,5.476737000191267e-09,shoulder,19,0,0.11391612960397836,True
pwl,2,P1_old_full_opt,winter,23,0.05109010319677433,0.0,0.05109010319677433,,False,0.017251016698002664,0.0008474881056933404,11,0,31,0.3548387096774194,5.476737000191267e-09,shoulder,19,0,0.11391612960397836,True
pwl,2,P1_old_full_opt,shoulder,0,0.024999999977753,0.0,0.024999999977753,,False,0.017251016698002664,0.0008474881056933404,11,0,31,0.3548387096774194,5.476737000191267e-09,shoulder,19,0,0.11391612960397836,True
pwl,2,P1_old_full_opt,shoulder,1,0.0028112263638168065,0.0,0.0028112263638168065,,False,0.017251016698002664,0.0008474881056933404,11,0,31,0.3548387096774194,5.476737000191267e-09,shoulder,19,0,0.11391612960397836,True
pwl,2,P1_old_full_opt,shoulder,2,1.8522171582488623e-12,0.0,1.8522171582488623e-12,,False,0.017251016698002664,0.0008474881056933404,11,0,31,0.3548387096774194,5.476737000191267e-09,shoulder,19,0,0.11391612960397836,True
pwl,2,P1_old_full_opt,shoulder,3,0.04291773304817078,0.0,0.04291773304817078,,False,0.017251016698002664,0.0008474881056933404,11,0,31,0.3548387096774194,5.476737000191267e-09,shoulder,19,0,0.11391612960397836,True
pwl,2,P1_old_full_opt,shoulder,4,0.025000000000077488,0.0,0.025000000000077488,,False,0.017251016698002664,0.0008474881056933404,11,0,31,0.3548387096774194,5.476737000191267e-09,shoulder,19,0,0.11391612960397836,True
pwl,2,P1_old_full_opt,shoulder,5,0.025000000000465768,0.02,0.005000000000465767,0.25000000002328837,False,0.017251016698002664,0.0008474881056933404,11,0,31,0.3548387096774194,5.476737000191267e-09,shoulder,19,0,0.11391612960397836,True
pwl,2,P1_old_full_opt,shoulder,6,6.263287113428621e-06,0.0,6.263287113428621e-06,,False,0.017251016698002664,0.0008474881056933404,11,0,31,0.3548387096774194,5.476737000191267e-09,shoulder,19,0,0.11391612960397836,True
pwl,2,P1_old_full_opt,shoulder,7,6.562335958936481e-06,0.0,6.562335958936481e-06,,False,0.017251016698002664,0.0008474881056933404,11,0,31,0.3548387096774194,5.476737000191267e-09,shoulder,19,0,0.11391612960397836,True
pwl,2,P1_old_full_opt,shoulder,8,1.3144898576839942e-10,0.0,1.3144898576839942e-10,,False,0.017251016698002664,0.0008474881056933404,11,0,31,0.3548387096774194,5.476737000191267e-09,shoulder,19,0,0.11391612960397836,True
pwl,2,P1_old_full_opt,shoulder,9,7.373772321594158e-12,0.0,7.373772321594158e-12,,False,0.017251016698002664,0.0008474881056933404,11,0,31,0.3548387096774194,5.476737000191267e-09,shoulder,19,0,0.11391612960397836,True
pwl,2,P1_old_full_opt,shoulder,10,0.0510901031964963,0.0,0.0510901031964963,,False,0.017251016698002664,0.0008474881056933404,11,0,31,0.3548387096774194,5.476737000191267e-09,shoulder,19,0,0.11391612960397836,True
pwl,2,P1_old_full_opt,shoulder,11,0.00849549485231577,0.0,0.00849549485231577,,False,0.017251016698002664,0.0008474881056933404,11,0,31,0.3548387096774194,5.476737000191267e-09,shoulder,19,0,0.11391612960397836,True
pwl,2,P1_old_full_opt,shoulder,12,5.615507136620053e-12,0.0,5.615507136620053e-12,,False,0.017251016698002664,0.0008474881056933404,11,0,31,0.3548387096774194,5.476737000191267e-09,shoulder,19,0,0.11391612960397836,True
pwl,2,P1_old_full_opt,shoulder,13,5.545236071584559e-12,0.0,5.545236071584559e-12,,False,0.017251016698002664,0.0008474881056933404,11,0,31,0.3548387096774194,5.476737000191267e-09,shoulder,19,0,0.11391612960397836,True
pwl,2,P1_old_full_opt,shoulder,14,4.891130361056316e-12,0.0,4.891130361056316e-12,,False,0.017251016698002664,0.0008474881056933404,11,0,31,0.3548387096774194,5.476737000191267e-09,shoulder,19,0,0.11391612960397836,True
pwl,2,P1_old_full_opt,shoulder,15,6.000307433485656e-12,0.0,6.000307433485656e-12,,False,0.017251016698002664,0.0008474881056933404,11,0,31,0.3548387096774194,5.476737000191267e-09,shoulder,19,0,0.11391612960397836,True
pwl,2,P1_old_full_opt,shoulder,16,2.1027947979734812e-10,0.0,2.1027947979734812e-10,,False,0.017251016698002664,0.0008474881056933404,11,0,31,0.3548387096774194,5.476737000191267e-09,shoulder,19,0,0.11391612960397836,True
pwl,2,P1_old_full_opt,shoulder,17,5.339350513526698e-10,0.0,5.339350513526698e-10,,False,0.017251016698002664,0.0008474881056933404,11,0,31,0.3548387096774194,5.476737000191267e-09,shoulder,19,0,0.11391612960397836,True
pwl,2,P1_old_full_opt,shoulder,18,2.2173394627543813e-10,0.0,2.2173394627543813e-10,,False,0.017251016698002664,0.0008474881056933404,11,0,31,0.3548387096774194,5.476737000191267e-09,shoulder,19,0,0.11391612960397836,True
pwl,2,P1_old_full_opt,shoulder,19,7.807121360324335e-10,0.0,7.807121360324335e-10,,False,0.017251016698002664,0.0008474881056933404,11,0,31,0.3548387096774194,5.476737000191267e-09,shoulder,19,0,0.11391612960397836,True
pwl,2,P1_old_full_opt,shoulder,20,1.4320744954954283e-11,0.0,1.4320744954954283e-11,,False,0.017251016698002664,0.0008474881056933404,11,0,31,0.3548387096774194,5.476737000191267e-09,shoulder,19,0,0.11391612960397836,True
pwl,2,P1_old_full_opt,shoulder,21,5.6840950035552565e-12,0.0,5.6840950035552565e-12,,False,0.017251016698002664,0.0008474881056933404,11,0,31,0.3548387096774194,5.476737000191267e-09,shoulder,19,0,0.11391612960397836,True
pwl,2,P1_old_full_opt,shoulder,22,5.571252966500201e-12,0.0,5.571252966500201e-12,,False,0.017251016698002664,0.0008474881056933404,11,0,31,0.3548387096774194,5.476737000191267e-09,shoulder,19,0,0.11391612960397836,True
pwl,2,P1_old_full_opt,shoulder,23,6.890217094587965e-12,0.0,6.890217094587965e-12,,False,0.017251016698002664,0.0008474881056933404,11,0,31,0.3548387096774194,5.476737000191267e-09,shoulder,19,0,0.11391612960397836,True
pwl,2,P2_dev_run1,summer,0,0.05231752714983551,0.1,0.0476824728501645,0.476824728501645,False,0.02969919351985686,0.0014590278183243305,18,2,26,0.6923076923076923,6.1272622032188535e-09,shoulder,11,0,0.12744705382695215,True
pwl,2,P2_dev_run1,summer,1,6.175658342922912e-13,0.0,6.175658342922912e-13,,False,0.02969919351985686,0.0014590278183243305,18,2,26,0.6923076923076923,6.1272622032188535e-09,shoulder,11,0,0.12744705382695215,True
pwl,2,P2_dev_run1,summer,2,3.6190123755075434e-07,0.0,3.6190123755075434e-07,,False,0.02969919351985686,0.0014590278183243305,18,2,26,0.6923076923076923,6.1272622032188535e-09,shoulder,11,0,0.12744705382695215,True
pwl,2,P2_dev_run1,summer,3,3.952436363909611e-07,0.0,3.952436363909611e-07,,False,0.02969919351985686,0.0014590278183243305,18,2,26,0.6923076923076923,6.1272622032188535e-09,shoulder,11,0,0.12744705382695215,True
pwl,2,P2_dev_run1,summer,4,0.02500000000021566,0.05,0.024999999999784344,0.49999999999568684,False,0.02969919351985686,0.0014590278183243305,18,2,26,0.6923076923076923,6.1272622032188535e-09,shoulder,11,0,0.12744705382695215,True
pwl,2,P2_dev_run1,summer,5,0.02963122151259457,0.0,0.02963122151259457,,False,0.02969919351985686,0.0014590278183243305,18,2,26,0.6923076923076923,6.1272622032188535e-09,shoulder,11,0,0.12744705382695215,True
pwl,2,P2_dev_run1,summer,6,6.1101826590883475e-06,0.0,6.1101826590883475e-06,,False,0.02969919351985686,0.0014590278183243305,18,2,26,0.6923076923076923,6.1272622032188535e-09,shoulder,11,0,0.12744705382695215,True
pwl,2,P2_dev_run1,summer,7,9.220691771362847e-06,0.0,9.220691771362847e-06,,False,0.02969919351985686,0.0014590278183243305,18,2,26,0.6923076923076923,6.1272622032188535e-09,shoulder,11,0,0.12744705382695215,True
pwl,2,P2_dev_run1,summer,8,9.271654546899132e-06,0.0,9.271654546899132e-06,,False,0.02969919351985686,0.0014590278183243305,18,2,26,0.6923076923076923,6.1272622032188535e-09,shoulder,11,0,0.12744705382695215,True
pwl,2,P2_dev_run1,summer,9,5.862015937430951e-11,0.0,5.862015937430951e-11,,False,0.02969919351985686,0.0014590278183243305,18,2,26,0.6923076923076923,6.1272622032188535e-09,shoulder,11,0,0.12744705382695215,True
pwl,2,P2_dev_run1,summer,10,7.483524253119448e-13,0.0,7.483524253119448e-13,,False,0.02969919351985686,0.0014590278183243305,18,2,26,0.6923076923076923,6.1272622032188535e-09,shoulder,11,0,0.12744705382695215,True
pwl,2,P2_dev_run1,summer,11,6.99027700168948e-11,0.0,6.99027700168948e-11,,False,0.02969919351985686,0.0014590278183243305,18,2,26,0.6923076923076923,6.1272622032188535e-09,shoulder,11,0,0.12744705382695215,True
pwl,2,P2_dev_run1,summer,12,2.8769259906684638e-11,0.0,2.8769259906684638e-11,,False,0.02969919351985686,0.0014590278183243305,18,2,26,0.6923076923076923,6.1272622032188535e-09,shoulder,11,0,0.12744705382695215,True
pwl,2,P2_dev_run1,summer,13,7.445427524881183e-13,0.0,7.445427524881183e-13,,False,0.02969919351985686,0.0014590278183243305,18,2,26,0.6923076923076923,6.1272622032188535e-09,shoulder,11,0,0.12744705382695215,True
pwl,2,P2_dev_run1,summer,14,1.4427513855764093e-10,0.0,1.4427513855764093e-10,,False,0.02969919351985686,0.0014590278183243305,18,2,26,0.6923076923076923,6.1272622032188535e-09,shoulder,11,0,0.12744705382695215,True
pwl,2,P2_dev_run1,summer,15,0.025000000000015062,0.0,0.025000000000015062,,False,0.02969919351985686,0.0014590278183243305,18,2,26,0.6923076923076923,6.1272622032188535e-09,shoulder,11,0,0.12744705382695215,True
pwl,2,P2_dev_run1,summer,16,0.06712629090144695,0.1,0.032873709098553056,0.32873709098553056,False,0.02969919351985686,0.0014590278183243305,18,2,26,0.6923076923076923,6.1272622032188535e-09,shoulder,11,0,0.12744705382695215,True
pwl,2,P2_dev_run1,summer,17,3.6970856880284995e-09,0.0,3.6970856880284995e-09,,False,0.02969919351985686,0.0014590278183243305,18,2,26,0.6923076923076923,6.1272622032188535e-09,shoulder,11,0,0.12744705382695215,True
pwl,2,P2_dev_run1,summer,18,1.352494685842813e-10,0.0,1.352494685842813e-10,,False,0.02969919351985686,0.0014590278183243305,18,2,26,0.6923076923076923,6.1272622032188535e-09,shoulder,11,0,0.12744705382695215,True
pwl,2,P2_dev_run1,summer,19,4.1413121942581615e-11,0.0,4.1413121942581615e-11,,False,0.02969919351985686,0.0014590278183243305,18,2,26,0.6923076923076923,6.1272622032188535e-09,shoulder,11,0,0.12744705382695215,True
pwl,2,P2_dev_run1,summer,20,1.514899136224826e-11,0.0,1.514899136224826e-11,,False,0.02969919351985686,0.0014590278183243305,18,2,26,0.6923076923076923,6.1272622032188535e-09,shoulder,11,0,0.12744705382695215,True
pwl,2,P2_dev_run1,summer,21,9.260532000781222e-13,0.0,9.260532000781222e-13,,False,0.02969919351985686,0.0014590278183243305,18,2,26,0.6923076923076923,6.1272622032188535e-09,shoulder,11,0,0.12744705382695215,True
pwl,2,P2_dev_run1,summer,22,5.958387698016219e-11,0.0,5.958387698016219e-11,,False,0.02969919351985686,0.0014590278183243305,18,2,26,0.6923076923076923,6.1272622032188535e-09,shoulder,11,0,0.12744705382695215,True
pwl,2,P2_dev_run1,summer,23,5.405161670725865e-10,0.0,5.405161670725865e-10,,False,0.02969919351985686,0.0014590278183243305,18,2,26,0.6923076923076923,6.1272622032188535e-09,shoulder,11,0,0.12744705382695215,True
pwl,2,P2_dev_run1,winter,0,0.05231752724112991,0.1,0.047682472758870095,0.4768247275887009,False,0.02969919351985686,0.0014590278183243305,18,2,26,0.6923076923076923,6.1272622032188535e-09,shoulder,11,0,0.12744705382695215,True
pwl,2,P2_dev_run1,winter,1,0.0,0.0,0.0,,False,0.02969919351985686,0.0014590278183243305,18,2,26,0.6923076923076923,6.1272622032188535e-09,shoulder,11,0,0.12744705382695215,True
pwl,2,P2_dev_run1,winter,2,4.134785204496786e-07,0.0,4.134785204496786e-07,,False,0.02969919351985686,0.0014590278183243305,18,2,26,0.6923076923076923,6.1272622032188535e-09,shoulder,11,0,0.12744705382695215,True
pwl,2,P2_dev_run1,winter,3,0.02500000000018344,0.05,0.02499999999981656,0.4999999999963312,False,0.02969919351985686,0.0014590278183243305,18,2,26,0.6923076923076923,6.1272622032188535e-09,shoulder,11,0,0.12744705382695215,True
pwl,2,P2_dev_run1,winter,4,0.02969928712412641,0.0,0.02969928712412641,,False,0.02969919351985686,0.0014590278183243305,18,2,26,0.6923076923076923,6.1272622032188535e-09,shoulder,11,0,0.12744705382695215,True
pwl,2,P2_dev_run1,winter,5,9.271563711948795e-06,0.0,9.271563711948795e-06,,False,0.02969919351985686,0.0014590278183243305,18,2,26,0.6923076923076923,6.1272622032188535e-09,shoulder,11,0,0.12744705382695215,True
pwl,2,P2_dev_run1,winter,6,9.271564701966018e-06,0.0,9.271564701966018e-06,,False,0.02969919351985686,0.0014590278183243305,18,2,26,0.6923076923076923,6.1272622032188535e-09,shoulder,11,0,0.12744705382695215,True
pwl,2,P2_dev_run1,winter,7,9.272317263023975e-06,0.0,9.272317263023975e-06,,False,0.02969919351985686,0.0014590278183243305,18,2,26,0.6923076923076923,6.1272622032188535e-09,shoulder,11,0,0.12744705382695215,True
pwl,2,P2_dev_run1,winter,8,1.3385378942238778e-05,0.0,1.3385378942238778e-05,,False,0.02969919351985686,0.0014590278183243305,18,2,26,0.6923076923076923,6.1272622032188535e-09,shoulder,11,0,0.12744705382695215,True
pwl,2,P2_dev_run1,winter,9,0.009986126346765031,0.0,0.009986126346765031,,False,0.02969919351985686,0.0014590278183243305,18,2,26,0.6923076923076923,6.1272622032188535e-09,shoulder,11,0,0.12744705382695215,True
pwl,2,P2_dev_run1,winter,10,0.08795625720460551,0.0,0.08795625720460551,,False,0.02969919351985686,0.0014590278183243305,18,2,26,0.6923076923076923,6.1272622032188535e-09,shoulder,11,0,0.12744705382695215,True
pwl,2,P2_dev_run1,winter,11,0.025000000001581632,0.05,0.02499999999841837,0.4999999999683674,False,0.02969919351985686,0.0014590278183243305,18,2,26,0.6923076923076923,6.1272622032188535e-09,shoulder,11,0,0.12744705382695215,True
pwl,2,P2_dev_run1,winter,12,9.131933844000627e-10,0.0,9.131933844000627e-10,,False,0.02969919351985686,0.0014590278183243305,18,2,26,0.6923076923076923,6.1272622032188535e-09,shoulder,11,0,0.12744705382695215,True
pwl,2,P2_dev_run1,winter,13,1.2852570986122166e-09,0.0,1.2852570986122166e-09,,False,0.02969919351985686,0.0014590278183243305,18,2,26,0.6923076923076923,6.1272622032188535e-09,shoulder,11,0,0.12744705382695215,True
pwl,2,P2_dev_run1,winter,14,2.539808132062176e-11,0.0,2.539808132062176e-11,,False,0.02969919351985686,0.0014590278183243305,18,2,26,0.6923076923076923,6.1272622032188535e-09,shoulder,11,0,0.12744705382695215,True
pwl,2,P2_dev_run1,winter,15,3.761908658365644e-11,0.0,3.761908658365644e-11,,False,0.02969919351985686,0.0014590278183243305,18,2,26,0.6923076923076923,6.1272622032188535e-09,shoulder,11,0,0.12744705382695215,True
pwl,2,P2_dev_run1,winter,16,2.28455594025612e-09,0.0,2.28455594025612e-09,,False,0.02969919351985686,0.0014590278183243305,18,2,26,0.6923076923076923,6.1272622032188535e-09,shoulder,11,0,0.12744705382695215,True
pwl,2,P2_dev_run1,winter,17,2.0944298771048266e-09,0.0,2.0944298771048266e-09,,False,0.02969919351985686,0.0014590278183243305,18,2,26,0.6923076923076923,6.1272622032188535e-09,shoulder,11,0,0.12744705382695215,True
pwl,2,P2_dev_run1,winter,18,4.671581047407991e-10,0.0,4.671581047407991e-10,,False,0.02969919351985686,0.0014590278183243305,18,2,26,0.6923076923076923,6.1272622032188535e-09,shoulder,11,0,0.12744705382695215,True
pwl,2,P2_dev_run1,winter,19,1.308994289267918e-11,0.0,1.308994289267918e-11,,False,0.02969919351985686,0.0014590278183243305,18,2,26,0.6923076923076923,6.1272622032188535e-09,shoulder,11,0,0.12744705382695215,True
pwl,2,P2_dev_run1,winter,20,0.0,0.0,0.0,,False,0.02969919351985686,0.0014590278183243305,18,2,26,0.6923076923076923,6.1272622032188535e-09,shoulder,11,0,0.12744705382695215,True
pwl,2,P2_dev_run1,winter,21,1.2119034928356576e-08,0.0,1.2119034928356576e-08,,False,0.02969919351985686,0.0014590278183243305,18,2,26,0.6923076923076923,6.1272622032188535e-09,shoulder,11,0,0.12744705382695215,True
pwl,2,P2_dev_run1,winter,22,5.93091381525649e-07,0.0,5.93091381525649e-07,,False,0.02969919351985686,0.0014590278183243305,18,2,26,0.6923076923076923,6.1272622032188535e-09,shoulder,11,0,0.12744705382695215,True
pwl,2,P2_dev_run1,winter,23,0.05813070334898293,0.1,0.041869296651017074,0.41869296651017074,False,0.02969919351985686,0.0014590278183243305,18,2,26,0.6923076923076923,6.1272622032188535e-09,shoulder,11,0,0.12744705382695215,True
pwl,2,P2_dev_run1,shoulder,0,0.05231752695693345,0.1,0.04768247304306655,0.47682473043066553,False,0.02969919351985686,0.0014590278183243305,18,2,26,0.6923076923076923,6.1272622032188535e-09,shoulder,11,0,0.12744705382695215,True
pwl,2,P2_dev_run1,shoulder,1,4.940889837154929e-11,0.0,4.940889837154929e-11,,False,0.02969919351985686,0.0014590278183243305,18,2,26,0.6923076923076923,6.1272622032188535e-09,shoulder,11,0,0.12744705382695215,True
pwl,2,P2_dev_run1,shoulder,2,3.9638200592369946e-07,0.0,3.9638200592369946e-07,,False,0.02969919351985686,0.0014590278183243305,18,2,26,0.6923076923076923,6.1272622032188535e-09,shoulder,11,0,0.12744705382695215,True
pwl,2,P2_dev_run1,shoulder,3,0.024999999998612344,0.05,0.02500000000138766,0.5000000000277531,False,0.02969919351985686,0.0014590278183243305,18,2,26,0.6923076923076923,6.1272622032188535e-09,shoulder,11,0,0.12744705382695215,True
pwl,2,P2_dev_run1,shoulder,4,0.029699193520459306,0.0,0.029699193520459306,,False,0.02969919351985686,0.0014590278183243305,18,2,26,0.6923076923076923,6.1272622032188535e-09,shoulder,11,0,0.12744705382695215,True
pwl,2,P2_dev_run1,shoulder,5,0.018687278672557445,0.0,0.018687278672557445,,False,0.02969919351985686,0.0014590278183243305,18,2,26,0.6923076923076923,6.1272622032188535e-09,shoulder,11,0,0.12744705382695215,True
pwl,2,P2_dev_run1,shoulder,6,6.039029515903256e-06,0.0,6.039029515903256e-06,,False,0.02969919351985686,0.0014590278183243305,18,2,26,0.6923076923076923,6.1272622032188535e-09,shoulder,11,0,0.12744705382695215,True
pwl,2,P2_dev_run1,shoulder,7,6.3048589440394325e-06,0.0,6.3048589440394325e-06,,False,0.02969919351985686,0.0014590278183243305,18,2,26,0.6923076923076923,6.1272622032188535e-09,shoulder,11,0,0.12744705382695215,True
pwl,2,P2_dev_run1,shoulder,8,1.9637317390320114e-09,0.0,1.9637317390320114e-09,,False,0.02969919351985686,0.0014590278183243305,18,2,26,0.6923076923076923,6.1272622032188535e-09,shoulder,11,0,0.12744705382695215,True
pwl,2,P2_dev_run1,shoulder,9,1.0510554238085837e-09,0.0,1.0510554238085837e-09,,False,0.02969919351985686,0.0014590278183243305,18,2,26,0.6923076923076923,6.1272622032188535e-09,shoulder,11,0,0.12744705382695215,True
pwl,2,P2_dev_run1,shoulder,10,0.05228895263280665,0.1,0.04771104736719336,0.47711047367193354,False,0.02969919351985686,0.0014590278183243305,18,2,26,0.6923076923076923,6.1272622032188535e-09,shoulder,11,0,0.12744705382695215,True
pwl,2,P2_dev_run1,shoulder,11,2.525651244529134e-08,0.0,2.525651244529134e-08,,False,0.02969919351985686,0.0014590278183243305,18,2,26,0.6923076923076923,6.1272622032188535e-09,shoulder,11,0,0.12744705382695215,True
pwl,2,P2_dev_run1,shoulder,12,3.0554172764070513e-10,0.0,3.0554172764070513e-10,,False,0.02969919351985686,0.0014590278183243305,18,2,26,0.6923076923076923,6.1272622032188535e-09,shoulder,11,0,0.12744705382695215,True
pwl,2,P2_dev_run1,shoulder,13,6.037064023321612e-10,0.0,6.037064023321612e-10,,False,0.02969919351985686,0.0014590278183243305,18,2,26,0.6923076923076923,6.1272622032188535e-09,shoulder,11,0,0.12744705382695215,True
pwl,2,P2_dev_run1,shoulder,14,7.66192208949629e-12,0.0,7.66192208949629e-12,,False,0.02969919351985686,0.0014590278183243305,18,2,26,0.6923076923076923,6.1272622032188535e-09,shoulder,11,0,0.12744705382695215,True
pwl,2,P2_dev_run1,shoulder,15,6.108172731695103e-10,0.0,6.108172731695103e-10,,False,0.02969919351985686,0.0014590278183243305,18,2,26,0.6923076923076923,6.1272622032188535e-09,shoulder,11,0,0.12744705382695215,True
pwl,2,P2_dev_run1,shoulder,16,4.038083191907023e-09,0.0,4.038083191907023e-09,,False,0.02969919351985686,0.0014590278183243305,18,2,26,0.6923076923076923,6.1272622032188535e-09,shoulder,11,0,0.12744705382695215,True
pwl,2,P2_dev_run1,shoulder,17,3.761190683568257e-09,0.0,3.761190683568257e-09,,False,0.02969919351985686,0.0014590278183243305,18,2,26,0.6923076923076923,6.1272622032188535e-09,shoulder,11,0,0.12744705382695215,True
pwl,2,P2_dev_run1,shoulder,18,2.03306498837193e-09,0.0,2.03306498837193e-09,,False,0.02969919351985686,0.0014590278183243305,18,2,26,0.6923076923076923,6.1272622032188535e-09,shoulder,11,0,0.12744705382695215,True
pwl,2,P2_dev_run1,shoulder,19,3.831166926000161e-09,0.0,3.831166926000161e-09,,False,0.02969919351985686,0.0014590278183243305,18,2,26,0.6923076923076923,6.1272622032188535e-09,shoulder,11,0,0.12744705382695215,True
pwl,2,P2_dev_run1,shoulder,20,1.8802054077558095e-09,0.0,1.8802054077558095e-09,,False,0.02969919351985686,0.0014590278183243305,18,2,26,0.6923076923076923,6.1272622032188535e-09,shoulder,11,0,0.12744705382695215,True
pwl,2,P2_dev_run1,shoulder,21,4.209752025114355e-11,0.0,4.209752025114355e-11,,False,0.02969919351985686,0.0014590278183243305,18,2,26,0.6923076923076923,6.1272622032188535e-09,shoulder,11,0,0.12744705382695215,True
pwl,2,P2_dev_run1,shoulder,22,2.1493974201631743e-10,0.0,2.1493974201631743e-10,,False,0.02969919351985686,0.0014590278183243305,18,2,26,0.6923076923076923,6.1272622032188535e-09,shoulder,11,0,0.12744705382695215,True
pwl,2,P2_dev_run1,shoulder,23,7.795143174170318e-10,0.0,7.795143174170318e-10,,False,0.02969919351985686,0.0014590278183243305,18,2,26,0.6923076923076923,6.1272622032188535e-09,shoulder,11,0,0.12744705382695215,True
pwl,2,P3_dev_run0,summer,0,0.14189099123243776,0.15,0.008109008767562237,0.054060058450414915,False,0.10242791164439083,0.005031960627554209,17,0,25,0.68,7.618002281576942e-09,shoulder,11,0,0.1584544474568004,True
pwl,2,P3_dev_run0,summer,1,2.2050399410526316e-10,0.0,2.2050399410526316e-10,,False,0.10242791164439083,0.005031960627554209,17,0,25,0.68,7.618002281576942e-09,shoulder,11,0,0.1584544474568004,True
pwl,2,P3_dev_run0,summer,2,5.991336225908447e-07,0.0,5.991336225908447e-07,,False,0.10242791164439083,0.005031960627554209,17,0,25,0.68,7.618002281576942e-09,shoulder,11,0,0.1584544474568004,True
pwl,2,P3_dev_run0,summer,3,6.282128667789516e-07,0.0,6.282128667789516e-07,,False,0.10242791164439083,0.005031960627554209,17,0,25,0.68,7.618002281576942e-09,shoulder,11,0,0.1584544474568004,True
pwl,2,P3_dev_run0,summer,4,0.025000000008656532,0.0,0.025000000008656532,,False,0.10242791164439083,0.005031960627554209,17,0,25,0.68,7.618002281576942e-09,shoulder,11,0,0.1584544474568004,True
pwl,2,P3_dev_run0,summer,5,0.18036584361311575,0.2,0.01963415638688426,0.0981707819344213,False,0.10242791164439083,0.005031960627554209,17,0,25,0.68,7.618002281576942e-09,shoulder,11,0,0.1584544474568004,True
pwl,2,P3_dev_run0,summer,6,9.296348830866597e-06,0.0,9.296348830866597e-06,,False,0.10242791164439083,0.005031960627554209,17,0,25,0.68,7.618002281576942e-09,shoulder,11,0,0.1584544474568004,True
pwl,2,P3_dev_run0,summer,7,1.0002087658899355e-05,0.0,1.0002087658899355e-05,,False,0.10242791164439083,0.005031960627554209,17,0,25,0.68,7.618002281576942e-09,shoulder,11,0,0.1584544474568004,True
pwl,2,P3_dev_run0,summer,8,1.380276047018922e-05,0.0,1.380276047018922e-05,,False,0.10242791164439083,0.005031960627554209,17,0,25,0.68,7.618002281576942e-09,shoulder,11,0,0.1584544474568004,True
pwl,2,P3_dev_run0,summer,9,7.1271554970638776e-09,0.0,7.1271554970638776e-09,,False,0.10242791164439083,0.005031960627554209,17,0,25,0.68,7.618002281576942e-09,shoulder,11,0,0.1584544474568004,True
pwl,2,P3_dev_run0,summer,10,7.044522728481095e-10,0.0,7.044522728481095e-10,,False,0.10242791164439083,0.005031960627554209,17,0,25,0.68,7.618002281576942e-09,shoulder,11,0,0.1584544474568004,True
pwl,2,P3_dev_run0,summer,11,3.1181229750166736e-09,0.0,3.1181229750166736e-09,,False,0.10242791164439083,0.005031960627554209,17,0,25,0.68,7.618002281576942e-09,shoulder,11,0,0.1584544474568004,True
pwl,2,P3_dev_run0,summer,12,1.75178770603729e-09,0.0,1.75178770603729e-09,,False,0.10242791164439083,0.005031960627554209,17,0,25,0.68,7.618002281576942e-09,shoulder,11,0,0.1584544474568004,True
pwl,2,P3_dev_run0,summer,13,1.5051799639185682e-09,0.0,1.5051799639185682e-09,,False,0.10242791164439083,0.005031960627554209,17,0,25,0.68,7.618002281576942e-09,shoulder,11,0,0.1584544474568004,True
pwl,2,P3_dev_run0,summer,14,7.898363518783817e-09,0.0,7.898363518783817e-09,,False,0.10242791164439083,0.005031960627554209,17,0,25,0.68,7.618002281576942e-09,shoulder,11,0,0.1584544474568004,True
pwl,2,P3_dev_run0,summer,15,0.02500000000030989,0.0,0.02500000000030989,,False,0.10242791164439083,0.005031960627554209,17,0,25,0.68,7.618002281576942e-09,shoulder,11,0,0.1584544474568004,True
pwl,2,P3_dev_run0,summer,16,0.2080407518838173,0.2,0.008040751883817282,0.04020375941908641,False,0.10242791164439083,0.005031960627554209,17,0,25,0.68,7.618002281576942e-09,shoulder,11,0,0.1584544474568004,True
pwl,2,P3_dev_run0,summer,17,1.2760065772017234e-08,0.0,1.2760065772017234e-08,,False,0.10242791164439083,0.005031960627554209,17,0,25,0.68,7.618002281576942e-09,shoulder,11,0,0.1584544474568004,True
pwl,2,P3_dev_run0,summer,18,9.829089998564104e-09,0.0,9.829089998564104e-09,,False,0.10242791164439083,0.005031960627554209,17,0,25,0.68,7.618002281576942e-09,shoulder,11,0,0.1584544474568004,True
pwl,2,P3_dev_run0,summer,19,5.450946406156053e-09,0.0,5.450946406156053e-09,,False,0.10242791164439083,0.005031960627554209,17,0,25,0.68,7.618002281576942e-09,shoulder,11,0,0.1584544474568004,True
pwl,2,P3_dev_run0,summer,20,2.7205788855776285e-09,0.0,2.7205788855776285e-09,,False,0.10242791164439083,0.005031960627554209,17,0,25,0.68,7.618002281576942e-09,shoulder,11,0,0.1584544474568004,True
pwl,2,P3_dev_run0,summer,21,6.463237148194185e-09,0.0,6.463237148194185e-09,,False,0.10242791164439083,0.005031960627554209,17,0,25,0.68,7.618002281576942e-09,shoulder,11,0,0.1584544474568004,True
pwl,2,P3_dev_run0,summer,22,8.507122869203777e-09,0.0,8.507122869203777e-09,,False,0.10242791164439083,0.005031960627554209,17,0,25,0.68,7.618002281576942e-09,shoulder,11,0,0.1584544474568004,True
pwl,2,P3_dev_run0,summer,23,0.024999999999639252,0.0,0.024999999999639252,,False,0.10242791164439083,0.005031960627554209,17,0,25,0.68,7.618002281576942e-09,shoulder,11,0,0.1584544474568004,True
pwl,2,P3_dev_run0,winter,0,0.1418909871490548,0.15,0.008109012850945202,0.054060085672968015,True,0.10242791164439083,0.005031960627554209,17,0,25,0.68,7.618002281576942e-09,shoulder,11,0,0.1584544474568004,True
pwl,2,P3_dev_run0,winter,1,1.4162783496356063e-11,0.0,1.4162783496356063e-11,,True,0.10242791164439083,0.005031960627554209,17,0,25,0.68,7.618002281576942e-09,shoulder,11,0,0.1584544474568004,True
pwl,2,P3_dev_run0,winter,2,5.635979911053129e-07,0.0,5.635979911053129e-07,,True,0.10242791164439083,0.005031960627554209,17,0,25,0.68,7.618002281576942e-09,shoulder,11,0,0.1584544474568004,True
pwl,2,P3_dev_run0,winter,3,4.869396975709471e-07,0.0,4.869396975709471e-07,,True,0.10242791164439083,0.005031960627554209,17,0,25,0.68,7.618002281576942e-09,shoulder,11,0,0.1584544474568004,True
pwl,2,P3_dev_run0,winter,4,0.20536483098998212,0.2,0.005364830989982111,0.026824154949910556,True,0.10242791164439083,0.005031960627554209,17,0,25,0.68,7.618002281576942e-09,shoulder,11,0,0.1584544474568004,True
pwl,2,P3_dev_run0,winter,5,1.1239763532420774e-05,0.0,1.1239763532420774e-05,,True,0.10242791164439083,0.005031960627554209,17,0,25,0.68,7.618002281576942e-09,shoulder,11,0,0.1584544474568004,True
pwl,2,P3_dev_run0,winter,6,1.1239764330726639e-05,0.0,1.1239764330726639e-05,,True,0.10242791164439083,0.005031960627554209,17,0,25,0.68,7.618002281576942e-09,shoulder,11,0,0.1584544474568004,True
pwl,2,P3_dev_run0,winter,7,1.3819811497530697e-05,0.0,1.3819811497530697e-05,,True,0.10242791164439083,0.005031960627554209,17,0,25,0.68,7.618002281576942e-09,shoulder,11,0,0.1584544474568004,True
pwl,2,P3_dev_run0,winter,8,1.6728310717356314e-05,0.0,1.6728310717356314e-05,,True,0.10242791164439083,0.005031960627554209,17,0,25,0.68,7.618002281576942e-09,shoulder,11,0,0.1584544474568004,True
pwl,2,P3_dev_run0,winter,9,0.0,0.0,0.0,,True,0.10242791164439083,0.005031960627554209,17,0,25,0.68,7.618002281576942e-09,shoulder,11,0,0.1584544474568004,True
pwl,2,P3_dev_run0,winter,10,0.42133377148520196,0.3,0.12133377148520197,0.40444590495067323,True,0.10242791164439083,0.005031960627554209,17,0,25,0.68,7.618002281576942e-09,shoulder,11,0,0.1584544474568004,True
pwl,2,P3_dev_run0,winter,11,4.793062244056864e-10,0.0,4.793062244056864e-10,,True,0.10242791164439083,0.005031960627554209,17,0,25,0.68,7.618002281576942e-09,shoulder,11,0,0.1584544474568004,True
pwl,2,P3_dev_run0,winter,12,0.0,0.0,0.0,,True,0.10242791164439083,0.005031960627554209,17,0,25,0.68,7.618002281576942e-09,shoulder,11,0,0.1584544474568004,True
pwl,2,P3_dev_run0,winter,13,4.828539731612298e-06,0.0,4.828539731612298e-06,,True,0.10242791164439083,0.005031960627554209,17,0,25,0.68,7.618002281576942e-09,shoulder,11,0,0.1584544474568004,True
pwl,2,P3_dev_run0,winter,14,2.7169250445238506e-11,0.0,2.7169250445238506e-11,,True,0.10242791164439083,0.005031960627554209,17,0,25,0.68,7.618002281576942e-09,shoulder,11,0,0.1584544474568004,True
pwl,2,P3_dev_run0,winter,15,0.0,0.0,0.0,,True,0.10242791164439083,0.005031960627554209,17,0,25,0.68,7.618002281576942e-09,shoulder,11,0,0.1584544474568004,True
pwl,2,P3_dev_run0,winter,16,8.732008317656437e-10,0.0,8.732008317656437e-10,,True,0.10242791164439083,0.005031960627554209,17,0,25,0.68,7.618002281576942e-09,shoulder,11,0,0.1584544474568004,True
pwl,2,P3_dev_run0,winter,17,5.949277125934913e-09,0.0,5.949277125934913e-09,,True,0.10242791164439083,0.005031960627554209,17,0,25,0.68,7.618002281576942e-09,shoulder,11,0,0.1584544474568004,True
pwl,2,P3_dev_run0,winter,18,1.8082188335311e-09,0.0,1.8082188335311e-09,,True,0.10242791164439083,0.005031960627554209,17,0,25,0.68,7.618002281576942e-09,shoulder,11,0,0.1584544474568004,True
pwl,2,P3_dev_run0,winter,19,3.2264614948941045e-09,0.0,3.2264614948941045e-09,,True,0.10242791164439083,0.005031960627554209,17,0,25,0.68,7.618002281576942e-09,shoulder,11,0,0.1584544474568004,True
pwl,2,P3_dev_run0,winter,20,8.225291134411418e-09,0.0,8.225291134411418e-09,,True,0.10242791164439083,0.005031960627554209,17,0,25,0.68,7.618002281576942e-09,shoulder,11,0,0.1584544474568004,True
pwl,2,P3_dev_run0,winter,21,1.2840303078844718e-06,0.0,1.2840303078844718e-06,,True,0.10242791164439083,0.005031960627554209,17,0,25,0.68,7.618002281576942e-09,shoulder,11,0,0.1584544474568004,True
pwl,2,P3_dev_run0,winter,22,6.99596411655216e-07,0.0,6.99596411655216e-07,,True,0.10242791164439083,0.005031960627554209,17,0,25,0.68,7.618002281576942e-09,shoulder,11,0,0.1584544474568004,True
pwl,2,P3_dev_run0,winter,23,0.15765697834034142,0.15,0.00765697834034143,0.05104652226894287,True,0.10242791164439083,0.005031960627554209,17,0,25,0.68,7.618002281576942e-09,shoulder,11,0,0.1584544474568004,True
pwl,2,P3_dev_run0,shoulder,0,0.09241412776982225,0.1,0.007585872230177759,0.07585872230177759,False,0.10242791164439083,0.005031960627554209,17,0,25,0.68,7.618002281576942e-09,shoulder,11,0,0.1584544474568004,True
pwl,2,P3_dev_run0,shoulder,1,1.8373406071534035e-11,0.0,1.8373406071534035e-11,,False,0.10242791164439083,0.005031960627554209,17,0,25,0.68,7.618002281576942e-09,shoulder,11,0,0.1584544474568004,True
pwl,2,P3_dev_run0,shoulder,2,4.836948309133288e-07,0.0,4.836948309133288e-07,,False,0.10242791164439083,0.005031960627554209,17,0,25,0.68,7.618002281576942e-09,shoulder,11,0,0.1584544474568004,True
pwl,2,P3_dev_run0,shoulder,3,4.834567398220662e-07,0.0,4.834567398220662e-07,,False,0.10242791164439083,0.005031960627554209,17,0,25,0.68,7.618002281576942e-09,shoulder,11,0,0.1584544474568004,True
pwl,2,P3_dev_run0,shoulder,4,0.20536482773149425,0.2,0.005364827731494243,0.026824138657471214,False,0.10242791164439083,0.005031960627554209,17,0,25,0.68,7.618002281576942e-09,shoulder,11,0,0.1584544474568004,True
pwl,2,P3_dev_run0,shoulder,5,9.229560312426249e-06,0.0,9.229560312426249e-06,,False,0.10242791164439083,0.005031960627554209,17,0,25,0.68,7.618002281576942e-09,shoulder,11,0,0.1584544474568004,True
pwl,2,P3_dev_run0,shoulder,6,9.295194685713155e-06,0.0,9.295194685713155e-06,,False,0.10242791164439083,0.005031960627554209,17,0,25,0.68,7.618002281576942e-09,shoulder,11,0,0.1584544474568004,True
pwl,2,P3_dev_run0,shoulder,7,9.510894755961534e-06,0.0,9.510894755961534e-06,,False,0.10242791164439083,0.005031960627554209,17,0,25,0.68,7.618002281576942e-09,shoulder,11,0,0.1584544474568004,True
pwl,2,P3_dev_run0,shoulder,8,1.390317908521871e-08,0.0,1.390317908521871e-08,,False,0.10242791164439083,0.005031960627554209,17,0,25,0.68,7.618002281576942e-09,shoulder,11,0,0.1584544474568004,True
pwl,2,P3_dev_run0,shoulder,9,3.789613998605608e-11,0.0,3.789613998605608e-11,,False,0.10242791164439083,0.005031960627554209,17,0,25,0.68,7.618002281576942e-09,shoulder,11,0,0.1584544474568004,True
pwl,2,P3_dev_run0,shoulder,10,0.09236365540477931,0.15,0.057636344595220684,0.38424229730147125,False,0.10242791164439083,0.005031960627554209,17,0,25,0.68,7.618002281576942e-09,shoulder,11,0,0.1584544474568004,True
pwl,2,P3_dev_run0,shoulder,11,3.7388981174356056e-08,0.0,3.7388981174356056e-08,,False,0.10242791164439083,0.005031960627554209,17,0,25,0.68,7.618002281576942e-09,shoulder,11,0,0.1584544474568004,True
pwl,2,P3_dev_run0,shoulder,12,2.1748694337741707e-11,0.0,2.1748694337741707e-11,,False,0.10242791164439083,0.005031960627554209,17,0,25,0.68,7.618002281576942e-09,shoulder,11,0,0.1584544474568004,True
pwl,2,P3_dev_run0,shoulder,13,2.5794546643351647e-11,0.0,2.5794546643351647e-11,,False,0.10242791164439083,0.005031960627554209,17,0,25,0.68,7.618002281576942e-09,shoulder,11,0,0.1584544474568004,True
pwl,2,P3_dev_run0,shoulder,14,1.78685140067673e-11,0.0,1.78685140067673e-11,,False,0.10242791164439083,0.005031960627554209,17,0,25,0.68,7.618002281576942e-09,shoulder,11,0,0.1584544474568004,True
pwl,2,P3_dev_run0,shoulder,15,2.538254795042178e-11,0.0,2.538254795042178e-11,,False,0.10242791164439083,0.005031960627554209,17,0,25,0.68,7.618002281576942e-09,shoulder,11,0,0.1584544474568004,True
pwl,2,P3_dev_run0,shoulder,16,3.4989393433865165e-10,0.0,3.4989393433865165e-10,,False,0.10242791164439083,0.005031960627554209,17,0,25,0.68,7.618002281576942e-09,shoulder,11,0,0.1584544474568004,True
pwl,2,P3_dev_run0,shoulder,17,1.039285480628815e-09,0.0,1.039285480628815e-09,,False,0.10242791164439083,0.005031960627554209,17,0,25,0.68,7.618002281576942e-09,shoulder,11,0,0.1584544474568004,True
pwl,2,P3_dev_run0,shoulder,18,5.75952379466539e-10,0.0,5.75952379466539e-10,,False,0.10242791164439083,0.005031960627554209,17,0,25,0.68,7.618002281576942e-09,shoulder,11,0,0.1584544474568004,True
pwl,2,P3_dev_run0,shoulder,19,1.3853491717332325e-09,0.0,1.3853491717332325e-09,,False,0.10242791164439083,0.005031960627554209,17,0,25,0.68,7.618002281576942e-09,shoulder,11,0,0.1584544474568004,True
pwl,2,P3_dev_run0,shoulder,20,2.709661407866165e-10,0.0,2.709661407866165e-10,,False,0.10242791164439083,0.005031960627554209,17,0,25,0.68,7.618002281576942e-09,shoulder,11,0,0.1584544474568004,True
pwl,2,P3_dev_run0,shoulder,21,2.1544114071448405e-11,0.0,2.1544114071448405e-11,,False,0.10242791164439083,0.005031960627554209,17,0,25,0.68,7.618002281576942e-09,shoulder,11,0,0.1584544474568004,True
pwl,2,P3_dev_run0,shoulder,22,2.7855252134374053e-11,0.0,2.7855252134374053e-11,,False,0.10242791164439083,0.005031960627554209,17,0,25,0.68,7.618002281576942e-09,shoulder,11,0,0.1584544474568004,True
pwl,2,P3_dev_run0,shoulder,23,4.0425004811875827e-10,0.0,4.0425004811875827e-10,,False,0.10242791164439083,0.005031960627554209,17,0,25,0.68,7.618002281576942e-09,shoulder,11,0,0.1584544474568004,True
pwl,4,P1_old_full_opt,summer,0,0.04999999999970751,0.0,0.04999999999970751,,False,0.017251016698002664,0.0008474881056933404,12,1,32,0.375,2.57036318969339e-09,shoulder,9,0,0.05346355434562251,True
pwl,4,P1_old_full_opt,summer,1,0.008397272704652726,0.0,0.008397272704652726,,False,0.017251016698002664,0.0008474881056933404,12,1,32,0.375,2.57036318969339e-09,shoulder,9,0,0.05346355434562251,True
pwl,4,P1_old_full_opt,summer,2,1.5600955671682402e-09,0.0,1.5600955671682402e-09,,False,0.017251016698002664,0.0008474881056933404,12,1,32,0.375,2.57036318969339e-09,shoulder,9,0,0.05346355434562251,True
pwl,4,P1_old_full_opt,summer,3,0.032190697219002945,0.02,0.012190697219002945,0.6095348609501472,False,0.017251016698002664,0.0008474881056933404,12,1,32,0.375,2.57036318969339e-09,shoulder,9,0,0.05346355434562251,True
pwl,4,P1_old_full_opt,summer,4,0.04999999999992026,0.0,0.04999999999992026,,False,0.017251016698002664,0.0008474881056933404,12,1,32,0.375,2.57036318969339e-09,shoulder,9,0,0.05346355434562251,True
pwl,4,P1_old_full_opt,summer,5,0.04999999999991873,0.0,0.04999999999991873,,False,0.017251016698002664,0.0008474881056933404,12,1,32,0.375,2.57036318969339e-09,shoulder,9,0,0.05346355434562251,True
pwl,4,P1_old_full_opt,summer,6,6.263000546543049e-06,0.0,6.263000546543049e-06,,False,0.017251016698002664,0.0008474881056933404,12,1,32,0.375,2.57036318969339e-09,shoulder,9,0,0.05346355434562251,True
pwl,4,P1_old_full_opt,summer,7,9.467125156918118e-06,0.0,9.467125156918118e-06,,False,0.017251016698002664,0.0008474881056933404,12,1,32,0.375,2.57036318969339e-09,shoulder,9,0,0.05346355434562251,True
pwl,4,P1_old_full_opt,summer,8,9.616097665368532e-06,0.0,9.616097665368532e-06,,False,0.017251016698002664,0.0008474881056933404,12,1,32,0.375,2.57036318969339e-09,shoulder,9,0,0.05346355434562251,True
pwl,4,P1_old_full_opt,summer,9,5.254793582415763e-10,0.0,5.254793582415763e-10,,False,0.017251016698002664,0.0008474881056933404,12,1,32,0.375,2.57036318969339e-09,shoulder,9,0,0.05346355434562251,True
pwl,4,P1_old_full_opt,summer,10,0.0,0.0,0.0,,False,0.017251016698002664,0.0008474881056933404,12,1,32,0.375,2.57036318969339e-09,shoulder,9,0,0.05346355434562251,True
pwl,4,P1_old_full_opt,summer,11,4.687446414336336e-10,0.0,4.687446414336336e-10,,False,0.017251016698002664,0.0008474881056933404,12,1,32,0.375,2.57036318969339e-09,shoulder,9,0,0.05346355434562251,True
pwl,4,P1_old_full_opt,summer,12,3.021867638669389e-10,0.0,3.021867638669389e-10,,False,0.017251016698002664,0.0008474881056933404,12,1,32,0.375,2.57036318969339e-09,shoulder,9,0,0.05346355434562251,True
pwl,4,P1_old_full_opt,summer,13,3.972937858266654e-13,0.0,3.972937858266654e-13,,False,0.017251016698002664,0.0008474881056933404,12,1,32,0.375,2.57036318969339e-09,shoulder,9,0,0.05346355434562251,True
pwl,4,P1_old_full_opt,summer,14,6.223643164811515e-10,0.0,6.223643164811515e-10,,False,0.017251016698002664,0.0008474881056933404,12,1,32,0.375,2.57036318969339e-09,shoulder,9,0,0.05346355434562251,True
pwl,4,P1_old_full_opt,summer,15,0.04999999999995964,0.0,0.04999999999995964,,False,0.017251016698002664,0.0008474881056933404,12,1,32,0.375,2.57036318969339e-09,shoulder,9,0,0.05346355434562251,True
pwl,4,P1_old_full_opt,summer,16,0.06298182149761737,0.0,0.06298182149761737,,False,0.017251016698002664,0.0008474881056933404,12,1,32,0.375,2.57036318969339e-09,shoulder,9,0,0.05346355434562251,True
pwl,4,P1_old_full_opt,summer,17,2.239776494060237e-09,0.0,2.239776494060237e-09,,False,0.017251016698002664,0.0008474881056933404,12,1,32,0.375,2.57036318969339e-09,shoulder,9,0,0.05346355434562251,True
pwl,4,P1_old_full_opt,summer,18,1.0577567514148234e-09,0.0,1.0577567514148234e-09,,False,0.017251016698002664,0.0008474881056933404,12,1,32,0.375,2.57036318969339e-09,shoulder,9,0,0.05346355434562251,True
pwl,4,P1_old_full_opt,summer,19,3.305125514130437e-10,0.0,3.305125514130437e-10,,False,0.017251016698002664,0.0008474881056933404,12,1,32,0.375,2.57036318969339e-09,shoulder,9,0,0.05346355434562251,True
pwl,4,P1_old_full_opt,summer,20,2.3656431617138685e-10,0.0,2.3656431617138685e-10,,False,0.017251016698002664,0.0008474881056933404,12,1,32,0.375,2.57036318969339e-09,shoulder,9,0,0.05346355434562251,True
pwl,4,P1_old_full_opt,summer,21,3.9580027934580234e-11,0.0,3.9580027934580234e-11,,False,0.017251016698002664,0.0008474881056933404,12,1,32,0.375,2.57036318969339e-09,shoulder,9,0,0.05346355434562251,True
pwl,4,P1_old_full_opt,summer,22,5.909523817052385e-10,0.0,5.909523817052385e-10,,False,0.017251016698002664,0.0008474881056933404,12,1,32,0.375,2.57036318969339e-09,shoulder,9,0,0.05346355434562251,True
pwl,4,P1_old_full_opt,summer,23,2.0689175748390414e-09,0.0,2.0689175748390414e-09,,False,0.017251016698002664,0.0008474881056933404,12,1,32,0.375,2.57036318969339e-09,shoulder,9,0,0.05346355434562251,True
pwl,4,P1_old_full_opt,winter,0,0.04999999999934485,0.0,0.04999999999934485,,False,0.017251016698002664,0.0008474881056933404,12,1,32,0.375,2.57036318969339e-09,shoulder,9,0,0.05346355434562251,True
pwl,4,P1_old_full_opt,winter,1,0.008397270670803772,0.0,0.008397270670803772,,False,0.017251016698002664,0.0008474881056933404,12,1,32,0.375,2.57036318969339e-09,shoulder,9,0,0.05346355434562251,True
pwl,4,P1_old_full_opt,winter,2,9.41515326080939e-10,0.0,9.41515326080939e-10,,False,0.017251016698002664,0.0008474881056933404,12,1,32,0.375,2.57036318969339e-09,shoulder,9,0,0.05346355434562251,True
pwl,4,P1_old_full_opt,winter,3,0.05109010319603372,0.0,0.05109010319603372,,False,0.017251016698002664,0.0008474881056933404,12,1,32,0.375,2.57036318969339e-09,shoulder,9,0,0.05346355434562251,True
pwl,4,P1_old_full_opt,winter,4,0.05000000000670724,0.0,0.05000000000670724,,False,0.017251016698002664,0.0008474881056933404,12,1,32,0.375,2.57036318969339e-09,shoulder,9,0,0.05346355434562251,True
pwl,4,P1_old_full_opt,winter,5,0.03230982792103691,0.02,0.012309827921036912,0.6154913960518456,False,0.017251016698002664,0.0008474881056933404,12,1,32,0.375,2.57036318969339e-09,shoulder,9,0,0.05346355434562251,True
pwl,4,P1_old_full_opt,winter,6,9.615789371277897e-06,0.0,9.615789371277897e-06,,False,0.017251016698002664,0.0008474881056933404,12,1,32,0.375,2.57036318969339e-09,shoulder,9,0,0.05346355434562251,True
pwl,4,P1_old_full_opt,winter,7,9.616196696178018e-06,0.0,9.616196696178018e-06,,False,0.017251016698002664,0.0008474881056933404,12,1,32,0.375,2.57036318969339e-09,shoulder,9,0,0.05346355434562251,True
pwl,4,P1_old_full_opt,winter,8,9.771958781792876e-06,0.0,9.771958781792876e-06,,False,0.017251016698002664,0.0008474881056933404,12,1,32,0.375,2.57036318969339e-09,shoulder,9,0,0.05346355434562251,True
pwl,4,P1_old_full_opt,winter,9,0.04153215628576502,0.0,0.04153215628576502,,False,0.017251016698002664,0.0008474881056933404,12,1,32,0.375,2.57036318969339e-09,shoulder,9,0,0.05346355434562251,True
pwl,4,P1_old_full_opt,winter,10,0.0510901031964236,0.0,0.0510901031964236,,False,0.017251016698002664,0.0008474881056933404,12,1,32,0.375,2.57036318969339e-09,shoulder,9,0,0.05346355434562251,True
pwl,4,P1_old_full_opt,winter,11,0.08296582568033745,0.0,0.08296582568033745,,False,0.017251016698002664,0.0008474881056933404,12,1,32,0.375,2.57036318969339e-09,shoulder,9,0,0.05346355434562251,True
pwl,4,P1_old_full_opt,winter,12,2.548510121987986e-09,0.0,2.548510121987986e-09,,False,0.017251016698002664,0.0008474881056933404,12,1,32,0.375,2.57036318969339e-09,shoulder,9,0,0.05346355434562251,True
pwl,4,P1_old_full_opt,winter,13,1.7763373629312892e-09,0.0,1.7763373629312892e-09,,False,0.017251016698002664,0.0008474881056933404,12,1,32,0.375,2.57036318969339e-09,shoulder,9,0,0.05346355434562251,True
pwl,4,P1_old_full_opt,winter,14,1.6944250270906558e-11,0.0,1.6944250270906558e-11,,False,0.017251016698002664,0.0008474881056933404,12,1,32,0.375,2.57036318969339e-09,shoulder,9,0,0.05346355434562251,True
pwl,4,P1_old_full_opt,winter,15,1.7851373013248467e-10,0.0,1.7851373013248467e-10,,False,0.017251016698002664,0.0008474881056933404,12,1,32,0.375,2.57036318969339e-09,shoulder,9,0,0.05346355434562251,True
pwl,4,P1_old_full_opt,winter,16,2.5456150412506284e-09,0.0,2.5456150412506284e-09,,False,0.017251016698002664,0.0008474881056933404,12,1,32,0.375,2.57036318969339e-09,shoulder,9,0,0.05346355434562251,True
pwl,4,P1_old_full_opt,winter,17,3.4614372884922687e-09,0.0,3.4614372884922687e-09,,False,0.017251016698002664,0.0008474881056933404,12,1,32,0.375,2.57036318969339e-09,shoulder,9,0,0.05346355434562251,True
pwl,4,P1_old_full_opt,winter,18,1.7196582592398495e-09,0.0,1.7196582592398495e-09,,False,0.017251016698002664,0.0008474881056933404,12,1,32,0.375,2.57036318969339e-09,shoulder,9,0,0.05346355434562251,True
pwl,4,P1_old_full_opt,winter,19,0.0,0.0,0.0,,False,0.017251016698002664,0.0008474881056933404,12,1,32,0.375,2.57036318969339e-09,shoulder,9,0,0.05346355434562251,True
pwl,4,P1_old_full_opt,winter,20,4.5021419255746253e-10,0.0,4.5021419255746253e-10,,False,0.017251016698002664,0.0008474881056933404,12,1,32,0.375,2.57036318969339e-09,shoulder,9,0,0.05346355434562251,True
pwl,4,P1_old_full_opt,winter,21,7.4049084378042945e-09,0.0,7.4049084378042945e-09,,False,0.017251016698002664,0.0008474881056933404,12,1,32,0.375,2.57036318969339e-09,shoulder,9,0,0.05346355434562251,True
pwl,4,P1_old_full_opt,winter,22,0.024888096289845455,0.02,0.004888096289845455,0.24440481449227272,False,0.017251016698002664,0.0008474881056933404,12,1,32,0.375,2.57036318969339e-09,shoulder,9,0,0.05346355434562251,True
pwl,4,P1_old_full_opt,winter,23,0.051090103196616186,0.0,0.051090103196616186,,False,0.017251016698002664,0.0008474881056933404,12,1,32,0.375,2.57036318969339e-09,shoulder,9,0,0.05346355434562251,True
pwl,4,P1_old_full_opt,shoulder,0,0.017251051767868012,0.0,0.017251051767868012,,False,0.017251016698002664,0.0008474881056933404,12,1,32,0.375,2.57036318969339e-09,shoulder,9,0,0.05346355434562251,True
pwl,4,P1_old_full_opt,shoulder,1,0.0019873740681332673,0.0,0.0019873740681332673,,False,0.017251016698002664,0.0008474881056933404,12,1,32,0.375,2.57036318969339e-09,shoulder,9,0,0.05346355434562251,True
pwl,4,P1_old_full_opt,shoulder,2,1.4498158085366954e-09,0.0,1.4498158085366954e-09,,False,0.017251016698002664,0.0008474881056933404,12,1,32,0.375,2.57036318969339e-09,shoulder,9,0,0.05346355434562251,True
pwl,4,P1_old_full_opt,shoulder,3,0.04999999999792457,0.0,0.04999999999792457,,False,0.017251016698002664,0.0008474881056933404,12,1,32,0.375,2.57036318969339e-09,shoulder,9,0,0.05346355434562251,True
pwl,4,P1_old_full_opt,shoulder,4,0.049999999998974524,0.0,0.049999999998974524,,False,0.017251016698002664,0.0008474881056933404,12,1,32,0.375,2.57036318969339e-09,shoulder,9,0,0.05346355434562251,True
pwl,4,P1_old_full_opt,shoulder,5,0.04999999999434494,0.02,0.029999999994344943,1.499999999717247,False,0.017251016698002664,0.0008474881056933404,12,1,32,0.375,2.57036318969339e-09,shoulder,9,0,0.05346355434562251,True
pwl,4,P1_old_full_opt,shoulder,6,6.263547732184883e-06,0.0,6.263547732184883e-06,,False,0.017251016698002664,0.0008474881056933404,12,1,32,0.375,2.57036318969339e-09,shoulder,9,0,0.05346355434562251,True
pwl,4,P1_old_full_opt,shoulder,7,6.659311930310002e-06,0.0,6.659311930310002e-06,,False,0.017251016698002664,0.0008474881056933404,12,1,32,0.375,2.57036318969339e-09,shoulder,9,0,0.05346355434562251,True
pwl,4,P1_old_full_opt,shoulder,8,8.488558902251188e-10,0.0,8.488558902251188e-10,,False,0.017251016698002664,0.0008474881056933404,12,1,32,0.375,2.57036318969339e-09,shoulder,9,0,0.05346355434562251,True
pwl,4,P1_old_full_opt,shoulder,9,2.5760052930176263e-10,0.0,2.5760052930176263e-10,,False,0.017251016698002664,0.0008474881056933404,12,1,32,0.375,2.57036318969339e-09,shoulder,9,0,0.05346355434562251,True
pwl,4,P1_old_full_opt,shoulder,10,0.0510901031963351,0.0,0.0510901031963351,,False,0.017251016698002664,0.0008474881056933404,12,1,32,0.375,2.57036318969339e-09,shoulder,9,0,0.05346355434562251,True
pwl,4,P1_old_full_opt,shoulder,11,0.008495499668902432,0.0,0.008495499668902432,,False,0.017251016698002664,0.0008474881056933404,12,1,32,0.375,2.57036318969339e-09,shoulder,9,0,0.05346355434562251,True
pwl,4,P1_old_full_opt,shoulder,12,1.470717346561269e-10,0.0,1.470717346561269e-10,,False,0.017251016698002664,0.0008474881056933404,12,1,32,0.375,2.57036318969339e-09,shoulder,9,0,0.05346355434562251,True
pwl,4,P1_old_full_opt,shoulder,13,1.7838467023937017e-10,0.0,1.7838467023937017e-10,,False,0.017251016698002664,0.0008474881056933404,12,1,32,0.375,2.57036318969339e-09,shoulder,9,0,0.05346355434562251,True
pwl,4,P1_old_full_opt,shoulder,14,5.254691875945988e-12,0.0,5.254691875945988e-12,,False,0.017251016698002664,0.0008474881056933404,12,1,32,0.375,2.57036318969339e-09,shoulder,9,0,0.05346355434562251,True
pwl,4,P1_old_full_opt,shoulder,15,1.2616353469556723e-10,0.0,1.2616353469556723e-10,,False,0.017251016698002664,0.0008474881056933404,12,1,32,0.375,2.57036318969339e-09,shoulder,9,0,0.05346355434562251,True
pwl,4,P1_old_full_opt,shoulder,16,1.1593789827235668e-09,0.0,1.1593789827235668e-09,,False,0.017251016698002664,0.0008474881056933404,12,1,32,0.375,2.57036318969339e-09,shoulder,9,0,0.05346355434562251,True
pwl,4,P1_old_full_opt,shoulder,17,2.1279774140281162e-09,0.0,2.1279774140281162e-09,,False,0.017251016698002664,0.0008474881056933404,12,1,32,0.375,2.57036318969339e-09,shoulder,9,0,0.05346355434562251,True
pwl,4,P1_old_full_opt,shoulder,18,8.242856241303128e-10,0.0,8.242856241303128e-10,,False,0.017251016698002664,0.0008474881056933404,12,1,32,0.375,2.57036318969339e-09,shoulder,9,0,0.05346355434562251,True
pwl,4,P1_old_full_opt,shoulder,19,3.5904094296320026e-09,0.0,3.5904094296320026e-09,,False,0.017251016698002664,0.0008474881056933404,12,1,32,0.375,2.57036318969339e-09,shoulder,9,0,0.05346355434562251,True
pwl,4,P1_old_full_opt,shoulder,20,6.362826483778705e-10,0.0,6.362826483778705e-10,,False,0.017251016698002664,0.0008474881056933404,12,1,32,0.375,2.57036318969339e-09,shoulder,9,0,0.05346355434562251,True
pwl,4,P1_old_full_opt,shoulder,21,7.2071713472928655e-12,0.0,7.2071713472928655e-12,,False,0.017251016698002664,0.0008474881056933404,12,1,32,0.375,2.57036318969339e-09,shoulder,9,0,0.05346355434562251,True
pwl,4,P1_old_full_opt,shoulder,22,3.3144270329386336e-11,0.0,3.3144270329386336e-11,,False,0.017251016698002664,0.0008474881056933404,12,1,32,0.375,2.57036318969339e-09,shoulder,9,0,0.05346355434562251,True
pwl,4,P1_old_full_opt,shoulder,23,2.625051484501314e-10,0.0,2.625051484501314e-10,,False,0.017251016698002664,0.0008474881056933404,12,1,32,0.375,2.57036318969339e-09,shoulder,9,0,0.05346355434562251,True
pwl,4,P2_dev_run1,summer,0,0.052317526894991515,0.1,0.04768247310500849,0.4768247310500849,False,0.02969919351985686,0.0014590278183243305,10,0,25,0.4,2.1508252150464197e-09,shoulder,11,0,0.04473716447296553,True
pwl,4,P2_dev_run1,summer,1,1.288152518241045e-10,0.0,1.288152518241045e-10,,False,0.02969919351985686,0.0014590278183243305,10,0,25,0.4,2.1508252150464197e-09,shoulder,11,0,0.04473716447296553,True
pwl,4,P2_dev_run1,summer,2,3.958136674546568e-07,0.0,3.958136674546568e-07,,False,0.02969919351985686,0.0014590278183243305,10,0,25,0.4,2.1508252150464197e-09,shoulder,11,0,0.04473716447296553,True
pwl,4,P2_dev_run1,summer,3,3.958136238894188e-07,0.0,3.958136238894188e-07,,False,0.02969919351985686,0.0014590278183243305,10,0,25,0.4,2.1508252150464197e-09,shoulder,11,0,0.04473716447296553,True
pwl,4,P2_dev_run1,summer,4,0.050000000000594985,0.05,5.949823966844292e-13,1.1899647933688584e-11,False,0.02969919351985686,0.0014590278183243305,10,0,25,0.4,2.1508252150464197e-09,shoulder,11,0,0.04473716447296553,True
pwl,4,P2_dev_run1,summer,5,0.050000000001032684,0.0,0.050000000001032684,,False,0.02969919351985686,0.0014590278183243305,10,0,25,0.4,2.1508252150464197e-09,shoulder,11,0,0.04473716447296553,True
pwl,4,P2_dev_run1,summer,6,6.202000485091486e-06,0.0,6.202000485091486e-06,,False,0.02969919351985686,0.0014590278183243305,10,0,25,0.4,2.1508252150464197e-09,shoulder,11,0,0.04473716447296553,True
pwl,4,P2_dev_run1,summer,7,9.271973100575552e-06,0.0,9.271973100575552e-06,,False,0.02969919351985686,0.0014590278183243305,10,0,25,0.4,2.1508252150464197e-09,shoulder,11,0,0.04473716447296553,True
pwl,4,P2_dev_run1,summer,8,9.271585114902035e-06,0.0,9.271585114902035e-06,,False,0.02969919351985686,0.0014590278183243305,10,0,25,0.4,2.1508252150464197e-09,shoulder,11,0,0.04473716447296553,True
pwl,4,P2_dev_run1,summer,9,1.1329761458110697e-09,0.0,1.1329761458110697e-09,,False,0.02969919351985686,0.0014590278183243305,10,0,25,0.4,2.1508252150464197e-09,shoulder,11,0,0.04473716447296553,True
pwl,4,P2_dev_run1,summer,10,4.6088675979524636e-12,0.0,4.6088675979524636e-12,,False,0.02969919351985686,0.0014590278183243305,10,0,25,0.4,2.1508252150464197e-09,shoulder,11,0,0.04473716447296553,True
pwl,4,P2_dev_run1,summer,11,1.089863988410709e-09,0.0,1.089863988410709e-09,,False,0.02969919351985686,0.0014590278183243305,10,0,25,0.4,2.1508252150464197e-09,shoulder,11,0,0.04473716447296553,True
pwl,4,P2_dev_run1,summer,12,7.454588227196116e-10,0.0,7.454588227196116e-10,,False,0.02969919351985686,0.0014590278183243305,10,0,25,0.4,2.1508252150464197e-09,shoulder,11,0,0.04473716447296553,True
pwl,4,P2_dev_run1,summer,13,1.7442905111857492e-11,0.0,1.7442905111857492e-11,,False,0.02969919351985686,0.0014590278183243305,10,0,25,0.4,2.1508252150464197e-09,shoulder,11,0,0.04473716447296553,True
pwl,4,P2_dev_run1,summer,14,1.5316286078925781e-09,0.0,1.5316286078925781e-09,,False,0.02969919351985686,0.0014590278183243305,10,0,25,0.4,2.1508252150464197e-09,shoulder,11,0,0.04473716447296553,True
pwl,4,P2_dev_run1,summer,15,0.04999999999925161,0.0,0.04999999999925161,,False,0.02969919351985686,0.0014590278183243305,10,0,25,0.4,2.1508252150464197e-09,shoulder,11,0,0.04473716447296553,True
pwl,4,P2_dev_run1,summer,16,0.050000000000987276,0.1,0.04999999999901273,0.4999999999901273,False,0.02969919351985686,0.0014590278183243305,10,0,25,0.4,2.1508252150464197e-09,shoulder,11,0,0.04473716447296553,True
pwl,4,P2_dev_run1,summer,17,6.309355947890746e-09,0.0,6.309355947890746e-09,,False,0.02969919351985686,0.0014590278183243305,10,0,25,0.4,2.1508252150464197e-09,shoulder,11,0,0.04473716447296553,True
pwl,4,P2_dev_run1,summer,18,2.7961676876041033e-09,0.0,2.7961676876041033e-09,,False,0.02969919351985686,0.0014590278183243305,10,0,25,0.4,2.1508252150464197e-09,shoulder,11,0,0.04473716447296553,True
pwl,4,P2_dev_run1,summer,19,7.475903428443251e-10,0.0,7.475903428443251e-10,,False,0.02969919351985686,0.0014590278183243305,10,0,25,0.4,2.1508252150464197e-09,shoulder,11,0,0.04473716447296553,True
pwl,4,P2_dev_run1,summer,20,5.864678213182391e-10,0.0,5.864678213182391e-10,,False,0.02969919351985686,0.0014590278183243305,10,0,25,0.4,2.1508252150464197e-09,shoulder,11,0,0.04473716447296553,True
pwl,4,P2_dev_run1,summer,21,1.5656171975648024e-10,0.0,1.5656171975648024e-10,,False,0.02969919351985686,0.0014590278183243305,10,0,25,0.4,2.1508252150464197e-09,shoulder,11,0,0.04473716447296553,True
pwl,4,P2_dev_run1,summer,22,8.293203012202804e-10,0.0,8.293203012202804e-10,,False,0.02969919351985686,0.0014590278183243305,10,0,25,0.4,2.1508252150464197e-09,shoulder,11,0,0.04473716447296553,True
pwl,4,P2_dev_run1,summer,23,3.6801485859729213e-09,0.0,3.6801485859729213e-09,,False,0.02969919351985686,0.0014590278183243305,10,0,25,0.4,2.1508252150464197e-09,shoulder,11,0,0.04473716447296553,True
pwl,4,P2_dev_run1,winter,0,0.05231752664862594,0.1,0.047682473351374065,0.4768247335137406,False,0.02969919351985686,0.0014590278183243305,10,0,25,0.4,2.1508252150464197e-09,shoulder,11,0,0.04473716447296553,True
pwl,4,P2_dev_run1,winter,1,2.750699993495249e-11,0.0,2.750699993495249e-11,,False,0.02969919351985686,0.0014590278183243305,10,0,25,0.4,2.1508252150464197e-09,shoulder,11,0,0.04473716447296553,True
pwl,4,P2_dev_run1,winter,2,4.795731635251392e-07,0.0,4.795731635251392e-07,,False,0.02969919351985686,0.0014590278183243305,10,0,25,0.4,2.1508252150464197e-09,shoulder,11,0,0.04473716447296553,True
pwl,4,P2_dev_run1,winter,3,0.04584074399172963,0.05,0.0041592560082703706,0.08318512016540741,False,0.02969919351985686,0.0014590278183243305,10,0,25,0.4,2.1508252150464197e-09,shoulder,11,0,0.04473716447296553,True
pwl,4,P2_dev_run1,winter,4,0.050000000008058564,0.0,0.050000000008058564,,False,0.02969919351985686,0.0014590278183243305,10,0,25,0.4,2.1508252150464197e-09,shoulder,11,0,0.04473716447296553,True
pwl,4,P2_dev_run1,winter,5,9.271531106971263e-06,0.0,9.271531106971263e-06,,False,0.02969919351985686,0.0014590278183243305,10,0,25,0.4,2.1508252150464197e-09,shoulder,11,0,0.04473716447296553,True
pwl,4,P2_dev_run1,winter,6,9.271545962211934e-06,0.0,9.271545962211934e-06,,False,0.02969919351985686,0.0014590278183243305,10,0,25,0.4,2.1508252150464197e-09,shoulder,11,0,0.04473716447296553,True
pwl,4,P2_dev_run1,winter,7,9.271667817339975e-06,0.0,9.271667817339975e-06,,False,0.02969919351985686,0.0014590278183243305,10,0,25,0.4,2.1508252150464197e-09,shoulder,11,0,0.04473716447296553,True
pwl,4,P2_dev_run1,winter,8,1.370580921917889e-05,0.0,1.370580921917889e-05,,False,0.02969919351985686,0.0014590278183243305,10,0,25,0.4,2.1508252150464197e-09,shoulder,11,0,0.04473716447296553,True
pwl,4,P2_dev_run1,winter,9,1.2125334068193109e-09,0.0,1.2125334068193109e-09,,False,0.02969919351985686,0.0014590278183243305,10,0,25,0.4,2.1508252150464197e-09,shoulder,11,0,0.04473716447296553,True
pwl,4,P2_dev_run1,winter,10,0.0879562572042547,0.0,0.0879562572042547,,False,0.02969919351985686,0.0014590278183243305,10,0,25,0.4,2.1508252150464197e-09,shoulder,11,0,0.04473716447296553,True
pwl,4,P2_dev_run1,winter,11,0.049999999983681695,0.05,1.631830781612109e-11,3.2636615632242183e-10,False,0.02969919351985686,0.0014590278183243305,10,0,25,0.4,2.1508252150464197e-09,shoulder,11,0,0.04473716447296553,True
pwl,4,P2_dev_run1,winter,12,9.070226867123551e-11,0.0,9.070226867123551e-11,,False,0.02969919351985686,0.0014590278183243305,10,0,25,0.4,2.1508252150464197e-09,shoulder,11,0,0.04473716447296553,True
pwl,4,P2_dev_run1,winter,13,8.739292487576631e-11,0.0,8.739292487576631e-11,,False,0.02969919351985686,0.0014590278183243305,10,0,25,0.4,2.1508252150464197e-09,shoulder,11,0,0.04473716447296553,True
pwl,4,P2_dev_run1,winter,14,3.8468309122985644e-11,0.0,3.8468309122985644e-11,,False,0.02969919351985686,0.0014590278183243305,10,0,25,0.4,2.1508252150464197e-09,shoulder,11,0,0.04473716447296553,True
pwl,4,P2_dev_run1,winter,15,2.9327315328360684e-11,0.0,2.9327315328360684e-11,,False,0.02969919351985686,0.0014590278183243305,10,0,25,0.4,2.1508252150464197e-09,shoulder,11,0,0.04473716447296553,True
pwl,4,P2_dev_run1,winter,16,4.896007013015917e-11,0.0,4.896007013015917e-11,,False,0.02969919351985686,0.0014590278183243305,10,0,25,0.4,2.1508252150464197e-09,shoulder,11,0,0.04473716447296553,True
pwl,4,P2_dev_run1,winter,17,8.585766647519408e-11,0.0,8.585766647519408e-11,,False,0.02969919351985686,0.0014590278183243305,10,0,25,0.4,2.1508252150464197e-09,shoulder,11,0,0.04473716447296553,True
pwl,4,P2_dev_run1,winter,18,3.212182673571576e-11,0.0,3.212182673571576e-11,,False,0.02969919351985686,0.0014590278183243305,10,0,25,0.4,2.1508252150464197e-09,shoulder,11,0,0.04473716447296553,True
pwl,4,P2_dev_run1,winter,19,2.97749581946422e-11,0.0,2.97749581946422e-11,,False,0.02969919351985686,0.0014590278183243305,10,0,25,0.4,2.1508252150464197e-09,shoulder,11,0,0.04473716447296553,True
pwl,4,P2_dev_run1,winter,20,1.5844846995752837e-10,0.0,1.5844846995752837e-10,,False,0.02969919351985686,0.0014590278183243305,10,0,25,0.4,2.1508252150464197e-09,shoulder,11,0,0.04473716447296553,True
pwl,4,P2_dev_run1,winter,21,4.6394657621803405e-07,0.0,4.6394657621803405e-07,,False,0.02969919351985686,0.0014590278183243305,10,0,25,0.4,2.1508252150464197e-09,shoulder,11,0,0.04473716447296553,True
pwl,4,P2_dev_run1,winter,22,4.6739117062499635e-07,0.0,4.6739117062499635e-07,,False,0.02969919351985686,0.0014590278183243305,10,0,25,0.4,2.1508252150464197e-09,shoulder,11,0,0.04473716447296553,True
pwl,4,P2_dev_run1,winter,23,0.05813070297819743,0.1,0.04186929702180257,0.4186929702180257,False,0.02969919351985686,0.0014590278183243305,10,0,25,0.4,2.1508252150464197e-09,shoulder,11,0,0.04473716447296553,True
pwl,4,P2_dev_run1,shoulder,0,0.05231752694954896,0.1,0.04768247305045104,0.4768247305045104,False,0.02969919351985686,0.0014590278183243305,10,0,25,0.4,2.1508252150464197e-09,shoulder,11,0,0.04473716447296553,True
pwl,4,P2_dev_run1,shoulder,1,2.567580947378908e-11,0.0,2.567580947378908e-11,,False,0.02969919351985686,0.0014590278183243305,10,0,25,0.4,2.1508252150464197e-09,shoulder,11,0,0.04473716447296553,True
pwl,4,P2_dev_run1,shoulder,2,3.954590532069457e-07,0.0,3.954590532069457e-07,,False,0.02969919351985686,0.0014590278183243305,10,0,25,0.4,2.1508252150464197e-09,shoulder,11,0,0.04473716447296553,True
pwl,4,P2_dev_run1,shoulder,3,0.045840743291141905,0.05,0.004159256708858097,0.08318513417716195,False,0.02969919351985686,0.0014590278183243305,10,0,25,0.4,2.1508252150464197e-09,shoulder,11,0,0.04473716447296553,True
pwl,4,P2_dev_run1,shoulder,4,0.04999999999960629,0.0,0.04999999999960629,,False,0.02969919351985686,0.0014590278183243305,10,0,25,0.4,2.1508252150464197e-09,shoulder,11,0,0.04473716447296553,True
pwl,4,P2_dev_run1,shoulder,5,6.038599729172113e-06,0.0,6.038599729172113e-06,,False,0.02969919351985686,0.0014590278183243305,10,0,25,0.4,2.1508252150464197e-09,shoulder,11,0,0.04473716447296553,True
pwl,4,P2_dev_run1,shoulder,6,6.038776383746607e-06,0.0,6.038776383746607e-06,,False,0.02969919351985686,0.0014590278183243305,10,0,25,0.4,2.1508252150464197e-09,shoulder,11,0,0.04473716447296553,True
pwl,4,P2_dev_run1,shoulder,7,9.138262871139345e-06,0.0,9.138262871139345e-06,,False,0.02969919351985686,0.0014590278183243305,10,0,25,0.4,2.1508252150464197e-09,shoulder,11,0,0.04473716447296553,True
pwl,4,P2_dev_run1,shoulder,8,7.359775768126244e-10,0.0,7.359775768126244e-10,,False,0.02969919351985686,0.0014590278183243305,10,0,25,0.4,2.1508252150464197e-09,shoulder,11,0,0.04473716447296553,True
pwl,4,P2_dev_run1,shoulder,9,2.887859561023078e-10,0.0,2.887859561023078e-10,,False,0.02969919351985686,0.0014590278183243305,10,0,25,0.4,2.1508252150464197e-09,shoulder,11,0,0.04473716447296553,True
pwl,4,P2_dev_run1,shoulder,10,0.05228895165717927,0.1,0.047711048342820736,0.47711048342820733,False,0.02969919351985686,0.0014590278183243305,10,0,25,0.4,2.1508252150464197e-09,shoulder,11,0,0.04473716447296553,True
pwl,4,P2_dev_run1,shoulder,11,8.382606984296092e-09,0.0,8.382606984296092e-09,,False,0.02969919351985686,0.0014590278183243305,10,0,25,0.4,2.1508252150464197e-09,shoulder,11,0,0.04473716447296553,True
pwl,4,P2_dev_run1,shoulder,12,1.2122334243854195e-10,0.0,1.2122334243854195e-10,,False,0.02969919351985686,0.0014590278183243305,10,0,25,0.4,2.1508252150464197e-09,shoulder,11,0,0.04473716447296553,True
pwl,4,P2_dev_run1,shoulder,13,2.193869785008817e-10,0.0,2.193869785008817e-10,,False,0.02969919351985686,0.0014590278183243305,10,0,25,0.4,2.1508252150464197e-09,shoulder,11,0,0.04473716447296553,True
pwl,4,P2_dev_run1,shoulder,14,2.4625446940477117e-12,0.0,2.4625446940477117e-12,,False,0.02969919351985686,0.0014590278183243305,10,0,25,0.4,2.1508252150464197e-09,shoulder,11,0,0.04473716447296553,True
pwl,4,P2_dev_run1,shoulder,15,2.42814184271269e-10,0.0,2.42814184271269e-10,,False,0.02969919351985686,0.0014590278183243305,10,0,25,0.4,2.1508252150464197e-09,shoulder,11,0,0.04473716447296553,True
pwl,4,P2_dev_run1,shoulder,16,8.769624094774823e-10,0.0,8.769624094774823e-10,,False,0.02969919351985686,0.0014590278183243305,10,0,25,0.4,2.1508252150464197e-09,shoulder,11,0,0.04473716447296553,True
pwl,4,P2_dev_run1,shoulder,17,1.1806913924537177e-09,0.0,1.1806913924537177e-09,,False,0.02969919351985686,0.0014590278183243305,10,0,25,0.4,2.1508252150464197e-09,shoulder,11,0,0.04473716447296553,True
pwl,4,P2_dev_run1,shoulder,18,7.862283209445876e-10,0.0,7.862283209445876e-10,,False,0.02969919351985686,0.0014590278183243305,10,0,25,0.4,2.1508252150464197e-09,shoulder,11,0,0.04473716447296553,True
pwl,4,P2_dev_run1,shoulder,19,1.4582863806014428e-09,0.0,1.4582863806014428e-09,,False,0.02969919351985686,0.0014590278183243305,10,0,25,0.4,2.1508252150464197e-09,shoulder,11,0,0.04473716447296553,True
pwl,4,P2_dev_run1,shoulder,20,4.943335253979068e-10,0.0,4.943335253979068e-10,,False,0.02969919351985686,0.0014590278183243305,10,0,25,0.4,2.1508252150464197e-09,shoulder,11,0,0.04473716447296553,True
pwl,4,P2_dev_run1,shoulder,21,1.846252888450653e-11,0.0,1.846252888450653e-11,,False,0.02969919351985686,0.0014590278183243305,10,0,25,0.4,2.1508252150464197e-09,shoulder,11,0,0.04473716447296553,True
pwl,4,P2_dev_run1,shoulder,22,5.5776610159242157e-11,0.0,5.5776610159242157e-11,,False,0.02969919351985686,0.0014590278183243305,10,0,25,0.4,2.1508252150464197e-09,shoulder,11,0,0.04473716447296553,True
pwl,4,P2_dev_run1,shoulder,23,4.199809681694077e-10,0.0,4.199809681694077e-10,,False,0.02969919351985686,0.0014590278183243305,10,0,25,0.4,2.1508252150464197e-09,shoulder,11,0,0.04473716447296553,True
pwl,4,P3_dev_run0,summer,0,0.09241412802502154,0.15,0.057585871974978456,0.38390581316652306,False,0.10242791164439083,0.005031960627554209,17,0,24,0.7083333333333334,8.708060890230852e-09,shoulder,19,0,0.18112766651680173,True
pwl,4,P3_dev_run0,summer,1,1.3703679300168406e-10,0.0,1.3703679300168406e-10,,False,0.10242791164439083,0.005031960627554209,17,0,24,0.7083333333333334,8.708060890230852e-09,shoulder,19,0,0.18112766651680173,True
pwl,4,P3_dev_run0,summer,2,5.900210958331506e-07,0.0,5.900210958331506e-07,,False,0.10242791164439083,0.005031960627554209,17,0,24,0.7083333333333334,8.708060890230852e-09,shoulder,19,0,0.18112766651680173,True
pwl,4,P3_dev_run0,summer,3,6.612588007937503e-07,0.0,6.612588007937503e-07,,False,0.10242791164439083,0.005031960627554209,17,0,24,0.7083333333333334,8.708060890230852e-09,shoulder,19,0,0.18112766651680173,True
pwl,4,P3_dev_run0,summer,4,0.050000000003467625,0.0,0.050000000003467625,,False,0.10242791164439083,0.005031960627554209,17,0,24,0.7083333333333334,8.708060890230852e-09,shoulder,19,0,0.18112766651680173,True
pwl,4,P3_dev_run0,summer,5,0.15536654053568966,0.2,0.044633459464310354,0.22316729732155177,False,0.10242791164439083,0.005031960627554209,17,0,24,0.7083333333333334,8.708060890230852e-09,shoulder,19,0,0.18112766651680173,True
pwl,4,P3_dev_run0,summer,6,9.296543626036257e-06,0.0,9.296543626036257e-06,,False,0.10242791164439083,0.005031960627554209,17,0,24,0.7083333333333334,8.708060890230852e-09,shoulder,19,0,0.18112766651680173,True
pwl,4,P3_dev_run0,summer,7,1.007826709496831e-05,0.0,1.007826709496831e-05,,False,0.10242791164439083,0.005031960627554209,17,0,24,0.7083333333333334,8.708060890230852e-09,shoulder,19,0,0.18112766651680173,True
pwl,4,P3_dev_run0,summer,8,1.380305052877264e-05,0.0,1.380305052877264e-05,,False,0.10242791164439083,0.005031960627554209,17,0,24,0.7083333333333334,8.708060890230852e-09,shoulder,19,0,0.18112766651680173,True
pwl,4,P3_dev_run0,summer,9,4.707595308787827e-09,0.0,4.707595308787827e-09,,False,0.10242791164439083,0.005031960627554209,17,0,24,0.7083333333333334,8.708060890230852e-09,shoulder,19,0,0.18112766651680173,True
pwl,4,P3_dev_run0,summer,10,3.9228698384894065e-10,0.0,3.9228698384894065e-10,,False,0.10242791164439083,0.005031960627554209,17,0,24,0.7083333333333334,8.708060890230852e-09,shoulder,19,0,0.18112766651680173,True
pwl,4,P3_dev_run0,summer,11,1.602188179836855e-09,0.0,1.602188179836855e-09,,False,0.10242791164439083,0.005031960627554209,17,0,24,0.7083333333333334,8.708060890230852e-09,shoulder,19,0,0.18112766651680173,True
pwl,4,P3_dev_run0,summer,12,1.1285982779903219e-09,0.0,1.1285982779903219e-09,,False,0.10242791164439083,0.005031960627554209,17,0,24,0.7083333333333334,8.708060890230852e-09,shoulder,19,0,0.18112766651680173,True
pwl,4,P3_dev_run0,summer,13,4.84927050773624e-10,0.0,4.84927050773624e-10,,False,0.10242791164439083,0.005031960627554209,17,0,24,0.7083333333333334,8.708060890230852e-09,shoulder,19,0,0.18112766651680173,True
pwl,4,P3_dev_run0,summer,14,3.875185152828306e-09,0.0,3.875185152828306e-09,,False,0.10242791164439083,0.005031960627554209,17,0,24,0.7083333333333334,8.708060890230852e-09,shoulder,19,0,0.18112766651680173,True
pwl,4,P3_dev_run0,summer,15,0.04999999999985772,0.0,0.04999999999985772,,False,0.10242791164439083,0.005031960627554209,17,0,24,0.7083333333333334,8.708060890230852e-09,shoulder,19,0,0.18112766651680173,True
pwl,4,P3_dev_run0,summer,16,0.13843847179002772,0.2,0.061561528209972294,0.30780764104986147,False,0.10242791164439083,0.005031960627554209,17,0,24,0.7083333333333334,8.708060890230852e-09,shoulder,19,0,0.18112766651680173,True
pwl,4,P3_dev_run0,summer,17,1.0519843999542294e-08,0.0,1.0519843999542294e-08,,False,0.10242791164439083,0.005031960627554209,17,0,24,0.7083333333333334,8.708060890230852e-09,shoulder,19,0,0.18112766651680173,True
pwl,4,P3_dev_run0,summer,18,5.676198849738279e-09,0.0,5.676198849738279e-09,,False,0.10242791164439083,0.005031960627554209,17,0,24,0.7083333333333334,8.708060890230852e-09,shoulder,19,0,0.18112766651680173,True
pwl,4,P3_dev_run0,summer,19,3.4168579627480434e-09,0.0,3.4168579627480434e-09,,False,0.10242791164439083,0.005031960627554209,17,0,24,0.7083333333333334,8.708060890230852e-09,shoulder,19,0,0.18112766651680173,True
pwl,4,P3_dev_run0,summer,20,1.7751509058448103e-09,0.0,1.7751509058448103e-09,,False,0.10242791164439083,0.005031960627554209,17,0,24,0.7083333333333334,8.708060890230852e-09,shoulder,19,0,0.18112766651680173,True
pwl,4,P3_dev_run0,summer,21,2.0036133141149782e-09,0.0,2.0036133141149782e-09,,False,0.10242791164439083,0.005031960627554209,17,0,24,0.7083333333333334,8.708060890230852e-09,shoulder,19,0,0.18112766651680173,True
pwl,4,P3_dev_run0,summer,22,3.895846351004315e-09,0.0,3.895846351004315e-09,,False,0.10242791164439083,0.005031960627554209,17,0,24,0.7083333333333334,8.708060890230852e-09,shoulder,19,0,0.18112766651680173,True
pwl,4,P3_dev_run0,summer,23,0.04999999999895364,0.0,0.04999999999895364,,False,0.10242791164439083,0.005031960627554209,17,0,24,0.7083333333333334,8.708060890230852e-09,shoulder,19,0,0.18112766651680173,True
pwl,4,P3_dev_run0,winter,0,0.14189099196785368,0.15,0.008109008032146314,0.054060053547642095,False,0.10242791164439083,0.005031960627554209,17,0,24,0.7083333333333334,8.708060890230852e-09,shoulder,19,0,0.18112766651680173,True
pwl,4,P3_dev_run0,winter,1,1.004546666721681e-11,0.0,1.004546666721681e-11,,False,0.10242791164439083,0.005031960627554209,17,0,24,0.7083333333333334,8.708060890230852e-09,shoulder,19,0,0.18112766651680173,True
pwl,4,P3_dev_run0,winter,2,6.000608762659156e-07,0.0,6.000608762659156e-07,,False,0.10242791164439083,0.005031960627554209,17,0,24,0.7083333333333334,8.708060890230852e-09,shoulder,19,0,0.18112766651680173,True
pwl,4,P3_dev_run0,winter,3,5.999884102542369e-07,0.0,5.999884102542369e-07,,False,0.10242791164439083,0.005031960627554209,17,0,24,0.7083333333333334,8.708060890230852e-09,shoulder,19,0,0.18112766651680173,True
pwl,4,P3_dev_run0,winter,4,0.2053648272692164,0.2,0.005364827269216388,0.02682413634608194,False,0.10242791164439083,0.005031960627554209,17,0,24,0.7083333333333334,8.708060890230852e-09,shoulder,19,0,0.18112766651680173,True
pwl,4,P3_dev_run0,winter,5,1.3397776949287385e-05,0.0,1.3397776949287385e-05,,False,0.10242791164439083,0.005031960627554209,17,0,24,0.7083333333333334,8.708060890230852e-09,shoulder,19,0,0.18112766651680173,True
pwl,4,P3_dev_run0,winter,6,1.3801355668728612e-05,0.0,1.3801355668728612e-05,,False,0.10242791164439083,0.005031960627554209,17,0,24,0.7083333333333334,8.708060890230852e-09,shoulder,19,0,0.18112766651680173,True
pwl,4,P3_dev_run0,winter,7,1.3800136205024225e-05,0.0,1.3800136205024225e-05,,False,0.10242791164439083,0.005031960627554209,17,0,24,0.7083333333333334,8.708060890230852e-09,shoulder,19,0,0.18112766651680173,True
pwl,4,P3_dev_run0,winter,8,2.1188567620538596e-05,0.0,2.1188567620538596e-05,,False,0.10242791164439083,0.005031960627554209,17,0,24,0.7083333333333334,8.708060890230852e-09,shoulder,19,0,0.18112766651680173,True
pwl,4,P3_dev_run0,winter,9,3.579076748819604e-09,0.0,3.579076748819604e-09,,False,0.10242791164439083,0.005031960627554209,17,0,24,0.7083333333333334,8.708060890230852e-09,shoulder,19,0,0.18112766651680173,True
pwl,4,P3_dev_run0,winter,10,0.4213337710315658,0.3,0.12133377103156578,0.40444590343855263,False,0.10242791164439083,0.005031960627554209,17,0,24,0.7083333333333334,8.708060890230852e-09,shoulder,19,0,0.18112766651680173,True
pwl,4,P3_dev_run0,winter,11,4.064273901440023e-09,0.0,4.064273901440023e-09,,False,0.10242791164439083,0.005031960627554209,17,0,24,0.7083333333333334,8.708060890230852e-09,shoulder,19,0,0.18112766651680173,True
pwl,4,P3_dev_run0,winter,12,3.736887059219209e-11,0.0,3.736887059219209e-11,,False,0.10242791164439083,0.005031960627554209,17,0,24,0.7083333333333334,8.708060890230852e-09,shoulder,19,0,0.18112766651680173,True
pwl,4,P3_dev_run0,winter,13,8.906378625858198e-06,0.0,8.906378625858198e-06,,False,0.10242791164439083,0.005031960627554209,17,0,24,0.7083333333333334,8.708060890230852e-09,shoulder,19,0,0.18112766651680173,True
pwl,4,P3_dev_run0,winter,14,1.6722560429994148e-10,0.0,1.6722560429994148e-10,,False,0.10242791164439083,0.005031960627554209,17,0,24,0.7083333333333334,8.708060890230852e-09,shoulder,19,0,0.18112766651680173,True
pwl,4,P3_dev_run0,winter,15,7.547243587199273e-10,0.0,7.547243587199273e-10,,False,0.10242791164439083,0.005031960627554209,17,0,24,0.7083333333333334,8.708060890230852e-09,shoulder,19,0,0.18112766651680173,True
pwl,4,P3_dev_run0,winter,16,2.7653385080061606e-09,0.0,2.7653385080061606e-09,,False,0.10242791164439083,0.005031960627554209,17,0,24,0.7083333333333334,8.708060890230852e-09,shoulder,19,0,0.18112766651680173,True
pwl,4,P3_dev_run0,winter,17,5.5287835889581644e-09,0.0,5.5287835889581644e-09,,False,0.10242791164439083,0.005031960627554209,17,0,24,0.7083333333333334,8.708060890230852e-09,shoulder,19,0,0.18112766651680173,True
pwl,4,P3_dev_run0,winter,18,4.473705637139739e-09,0.0,4.473705637139739e-09,,False,0.10242791164439083,0.005031960627554209,17,0,24,0.7083333333333334,8.708060890230852e-09,shoulder,19,0,0.18112766651680173,True
pwl,4,P3_dev_run0,winter,19,9.068183024908782e-09,0.0,9.068183024908782e-09,,False,0.10242791164439083,0.005031960627554209,17,0,24,0.7083333333333334,8.708060890230852e-09,shoulder,19,0,0.18112766651680173,True
pwl,4,P3_dev_run0,winter,20,2.019701525854995e-08,0.0,2.019701525854995e-08,,False,0.10242791164439083,0.005031960627554209,17,0,24,0.7083333333333334,8.708060890230852e-09,shoulder,19,0,0.18112766651680173,True
pwl,4,P3_dev_run0,winter,21,8.960831908192104e-07,0.0,8.960831908192104e-07,,False,0.10242791164439083,0.005031960627554209,17,0,24,0.7083333333333334,8.708060890230852e-09,shoulder,19,0,0.18112766651680173,True
pwl,4,P3_dev_run0,winter,22,8.958253111673495e-07,0.0,8.958253111673495e-07,,False,0.10242791164439083,0.005031960627554209,17,0,24,0.7083333333333334,8.708060890230852e-09,shoulder,19,0,0.18112766651680173,True
pwl,4,P3_dev_run0,winter,23,0.15765697641564358,0.15,0.007656976415643585,0.0510465094376239,False,0.10242791164439083,0.005031960627554209,17,0,24,0.7083333333333334,8.708060890230852e-09,shoulder,19,0,0.18112766651680173,True
pwl,4,P3_dev_run0,shoulder,0,0.09241412770517937,0.1,0.007585872294820634,0.07585872294820634,False,0.10242791164439083,0.005031960627554209,17,0,24,0.7083333333333334,8.708060890230852e-09,shoulder,19,0,0.18112766651680173,True
pwl,4,P3_dev_run0,shoulder,1,3.8505869973940106e-11,0.0,3.8505869973940106e-11,,False,0.10242791164439083,0.005031960627554209,17,0,24,0.7083333333333334,8.708060890230852e-09,shoulder,19,0,0.18112766651680173,True
pwl,4,P3_dev_run0,shoulder,2,4.822757099050805e-07,0.0,4.822757099050805e-07,,False,0.10242791164439083,0.005031960627554209,17,0,24,0.7083333333333334,8.708060890230852e-09,shoulder,19,0,0.18112766651680173,True
pwl,4,P3_dev_run0,shoulder,3,4.821015074159065e-07,0.0,4.821015074159065e-07,,False,0.10242791164439083,0.005031960627554209,17,0,24,0.7083333333333334,8.708060890230852e-09,shoulder,19,0,0.18112766651680173,True
pwl,4,P3_dev_run0,shoulder,4,0.1165490033816381,0.2,0.08345099661836192,0.4172549830918096,False,0.10242791164439083,0.005031960627554209,17,0,24,0.7083333333333334,8.708060890230852e-09,shoulder,19,0,0.18112766651680173,True
pwl,4,P3_dev_run0,shoulder,5,9.296947551629276e-06,0.0,9.296947551629276e-06,,False,0.10242791164439083,0.005031960627554209,17,0,24,0.7083333333333334,8.708060890230852e-09,shoulder,19,0,0.18112766651680173,True
pwl,4,P3_dev_run0,shoulder,6,9.295715970091313e-06,0.0,9.295715970091313e-06,,False,0.10242791164439083,0.005031960627554209,17,0,24,0.7083333333333334,8.708060890230852e-09,shoulder,19,0,0.18112766651680173,True
pwl,4,P3_dev_run0,shoulder,7,9.760502675150394e-06,0.0,9.760502675150394e-06,,False,0.10242791164439083,0.005031960627554209,17,0,24,0.7083333333333334,8.708060890230852e-09,shoulder,19,0,0.18112766651680173,True
pwl,4,P3_dev_run0,shoulder,8,9.583146076499171e-09,0.0,9.583146076499171e-09,,False,0.10242791164439083,0.005031960627554209,17,0,24,0.7083333333333334,8.708060890230852e-09,shoulder,19,0,0.18112766651680173,True
pwl,4,P3_dev_run0,shoulder,9,1.8711727787897377e-10,0.0,1.8711727787897377e-10,,False,0.10242791164439083,0.005031960627554209,17,0,24,0.7083333333333334,8.708060890230852e-09,shoulder,19,0,0.18112766651680173,True
pwl,4,P3_dev_run0,shoulder,10,0.09236365674329625,0.15,0.05763634325670375,0.384242288378025,False,0.10242791164439083,0.005031960627554209,17,0,24,0.7083333333333334,8.708060890230852e-09,shoulder,19,0,0.18112766651680173,True
pwl,4,P3_dev_run0,shoulder,11,1.6364698454670062e-08,0.0,1.6364698454670062e-08,,False,0.10242791164439083,0.005031960627554209,17,0,24,0.7083333333333334,8.708060890230852e-09,shoulder,19,0,0.18112766651680173,True
pwl,4,P3_dev_run0,shoulder,12,1.0802540018489857e-10,0.0,1.0802540018489857e-10,,False,0.10242791164439083,0.005031960627554209,17,0,24,0.7083333333333334,8.708060890230852e-09,shoulder,19,0,0.18112766651680173,True
pwl,4,P3_dev_run0,shoulder,13,1.1107856124399771e-10,0.0,1.1107856124399771e-10,,False,0.10242791164439083,0.005031960627554209,17,0,24,0.7083333333333334,8.708060890230852e-09,shoulder,19,0,0.18112766651680173,True
pwl,4,P3_dev_run0,shoulder,14,3.2185901788482635e-11,0.0,3.2185901788482635e-11,,False,0.10242791164439083,0.005031960627554209,17,0,24,0.7083333333333334,8.708060890230852e-09,shoulder,19,0,0.18112766651680173,True
pwl,4,P3_dev_run0,shoulder,15,1.0602122345109576e-10,0.0,1.0602122345109576e-10,,False,0.10242791164439083,0.005031960627554209,17,0,24,0.7083333333333334,8.708060890230852e-09,shoulder,19,0,0.18112766651680173,True
pwl,4,P3_dev_run0,shoulder,16,6.342467544782253e-10,0.0,6.342467544782253e-10,,False,0.10242791164439083,0.005031960627554209,17,0,24,0.7083333333333334,8.708060890230852e-09,shoulder,19,0,0.18112766651680173,True
pwl,4,P3_dev_run0,shoulder,17,1.2530556691227964e-09,0.0,1.2530556691227964e-09,,False,0.10242791164439083,0.005031960627554209,17,0,24,0.7083333333333334,8.708060890230852e-09,shoulder,19,0,0.18112766651680173,True
pwl,4,P3_dev_run0,shoulder,18,1.0503866414616543e-09,0.0,1.0503866414616543e-09,,False,0.10242791164439083,0.005031960627554209,17,0,24,0.7083333333333334,8.708060890230852e-09,shoulder,19,0,0.18112766651680173,True
pwl,4,P3_dev_run0,shoulder,19,8.461713703081209e-10,0.0,8.461713703081209e-10,,False,0.10242791164439083,0.005031960627554209,17,0,24,0.7083333333333334,8.708060890230852e-09,shoulder,19,0,0.18112766651680173,True
pwl,4,P3_dev_run0,shoulder,20,5.912110779320719e-10,0.0,5.912110779320719e-10,,False,0.10242791164439083,0.005031960627554209,17,0,24,0.7083333333333334,8.708060890230852e-09,shoulder,19,0,0.18112766651680173,True
pwl,4,P3_dev_run0,shoulder,21,3.7783318649372796e-11,0.0,3.7783318649372796e-11,,False,0.10242791164439083,0.005031960627554209,17,0,24,0.7083333333333334,8.708060890230852e-09,shoulder,19,0,0.18112766651680173,True
pwl,4,P3_dev_run0,shoulder,22,1.422982281297615e-10,0.0,1.422982281297615e-10,,False,0.10242791164439083,0.005031960627554209,17,0,24,0.7083333333333334,8.708060890230852e-09,shoulder,19,0,0.18112766651680173,True
pwl,4,P3_dev_run0,shoulder,23,6.66038251940855e-10,0.0,6.66038251940855e-10,,False,0.10242791164439083,0.005031960627554209,17,0,24,0.7083333333333334,8.708060890230852e-09,shoulder,19,0,0.18112766651680173,True
pwl,9,P1_old_full_opt,summer,0,0.050000000002150845,0.0,0.050000000002150845,,False,0.017251016698002664,0.0008474881056933404,11,1,32,0.34375,1.8110340964951137e-08,winter,21,0,0.3766950920709837,True
pwl,9,P1_old_full_opt,summer,1,0.008397278808414215,0.0,0.008397278808414215,,False,0.017251016698002664,0.0008474881056933404,11,1,32,0.34375,1.8110340964951137e-08,winter,21,0,0.3766950920709837,True
pwl,9,P1_old_full_opt,summer,2,9.13563451589877e-09,0.0,9.13563451589877e-09,,False,0.017251016698002664,0.0008474881056933404,11,1,32,0.34375,1.8110340964951137e-08,winter,21,0,0.3766950920709837,True
pwl,9,P1_old_full_opt,summer,3,0.03242250838146078,0.02,0.012422508381460782,0.6211254190730391,False,0.017251016698002664,0.0008474881056933404,11,1,32,0.34375,1.8110340964951137e-08,winter,21,0,0.3766950920709837,True
pwl,9,P1_old_full_opt,summer,4,0.051090103196706045,0.0,0.051090103196706045,,False,0.017251016698002664,0.0008474881056933404,11,1,32,0.34375,1.8110340964951137e-08,winter,21,0,0.3766950920709837,True
pwl,9,P1_old_full_opt,summer,5,0.05109010319670422,0.0,0.05109010319670422,,False,0.017251016698002664,0.0008474881056933404,11,1,32,0.34375,1.8110340964951137e-08,winter,21,0,0.3766950920709837,True
pwl,9,P1_old_full_opt,summer,6,6.263197330675869e-06,0.0,6.263197330675869e-06,,False,0.017251016698002664,0.0008474881056933404,11,1,32,0.34375,1.8110340964951137e-08,winter,21,0,0.3766950920709837,True
pwl,9,P1_old_full_opt,summer,7,9.321503836302787e-06,0.0,9.321503836302787e-06,,False,0.017251016698002664,0.0008474881056933404,11,1,32,0.34375,1.8110340964951137e-08,winter,21,0,0.3766950920709837,True
pwl,9,P1_old_full_opt,summer,8,9.616399685345422e-06,0.0,9.616399685345422e-06,,False,0.017251016698002664,0.0008474881056933404,11,1,32,0.34375,1.8110340964951137e-08,winter,21,0,0.3766950920709837,True
pwl,9,P1_old_full_opt,summer,9,1.4677426904597486e-09,0.0,1.4677426904597486e-09,,False,0.017251016698002664,0.0008474881056933404,11,1,32,0.34375,1.8110340964951137e-08,winter,21,0,0.3766950920709837,True
pwl,9,P1_old_full_opt,summer,10,1.2675486729992395e-11,0.0,1.2675486729992395e-11,,False,0.017251016698002664,0.0008474881056933404,11,1,32,0.34375,1.8110340964951137e-08,winter,21,0,0.3766950920709837,True
pwl,9,P1_old_full_opt,summer,11,5.338585361218252e-10,0.0,5.338585361218252e-10,,False,0.017251016698002664,0.0008474881056933404,11,1,32,0.34375,1.8110340964951137e-08,winter,21,0,0.3766950920709837,True
pwl,9,P1_old_full_opt,summer,12,2.7965090812550914e-10,0.0,2.7965090812550914e-10,,False,0.017251016698002664,0.0008474881056933404,11,1,32,0.34375,1.8110340964951137e-08,winter,21,0,0.3766950920709837,True
pwl,9,P1_old_full_opt,summer,13,8.126221512531617e-11,0.0,8.126221512531617e-11,,False,0.017251016698002664,0.0008474881056933404,11,1,32,0.34375,1.8110340964951137e-08,winter,21,0,0.3766950920709837,True
pwl,9,P1_old_full_opt,summer,14,1.1674117307681282e-09,0.0,1.1674117307681282e-09,,False,0.017251016698002664,0.0008474881056933404,11,1,32,0.34375,1.8110340964951137e-08,winter,21,0,0.3766950920709837,True
pwl,9,P1_old_full_opt,summer,15,0.049999999999839895,0.0,0.049999999999839895,,False,0.017251016698002664,0.0008474881056933404,11,1,32,0.34375,1.8110340964951137e-08,winter,21,0,0.3766950920709837,True
pwl,9,P1_old_full_opt,summer,16,0.11165321801075383,0.0,0.11165321801075383,,False,0.017251016698002664,0.0008474881056933404,11,1,32,0.34375,1.8110340964951137e-08,winter,21,0,0.3766950920709837,True
pwl,9,P1_old_full_opt,summer,17,3.1640538028620007e-09,0.0,3.1640538028620007e-09,,False,0.017251016698002664,0.0008474881056933404,11,1,32,0.34375,1.8110340964951137e-08,winter,21,0,0.3766950920709837,True
pwl,9,P1_old_full_opt,summer,18,1.939471222493333e-09,0.0,1.939471222493333e-09,,False,0.017251016698002664,0.0008474881056933404,11,1,32,0.34375,1.8110340964951137e-08,winter,21,0,0.3766950920709837,True
pwl,9,P1_old_full_opt,summer,19,2.2813642687597715e-10,0.0,2.2813642687597715e-10,,False,0.017251016698002664,0.0008474881056933404,11,1,32,0.34375,1.8110340964951137e-08,winter,21,0,0.3766950920709837,True
pwl,9,P1_old_full_opt,summer,20,9.662456457036193e-11,0.0,9.662456457036193e-11,,False,0.017251016698002664,0.0008474881056933404,11,1,32,0.34375,1.8110340964951137e-08,winter,21,0,0.3766950920709837,True
pwl,9,P1_old_full_opt,summer,21,2.9166185570686254e-10,0.0,2.9166185570686254e-10,,False,0.017251016698002664,0.0008474881056933404,11,1,32,0.34375,1.8110340964951137e-08,winter,21,0,0.3766950920709837,True
pwl,9,P1_old_full_opt,summer,22,1.1548173877179505e-09,0.0,1.1548173877179505e-09,,False,0.017251016698002664,0.0008474881056933404,11,1,32,0.34375,1.8110340964951137e-08,winter,21,0,0.3766950920709837,True
pwl,9,P1_old_full_opt,summer,23,1.0931075621193249e-08,0.0,1.0931075621193249e-08,,False,0.017251016698002664,0.0008474881056933404,11,1,32,0.34375,1.8110340964951137e-08,winter,21,0,0.3766950920709837,True
pwl,9,P1_old_full_opt,winter,0,0.0510901031787037,0.0,0.0510901031787037,,True,0.017251016698002664,0.0008474881056933404,11,1,32,0.34375,1.8110340964951137e-08,winter,21,0,0.3766950920709837,True
pwl,9,P1_old_full_opt,winter,1,0.00857521841835889,0.0,0.00857521841835889,,True,0.017251016698002664,0.0008474881056933404,11,1,32,0.34375,1.8110340964951137e-08,winter,21,0,0.3766950920709837,True
pwl,9,P1_old_full_opt,winter,2,1.0276661658632517e-10,0.0,1.0276661658632517e-10,,True,0.017251016698002664,0.0008474881056933404,11,1,32,0.34375,1.8110340964951137e-08,winter,21,0,0.3766950920709837,True
pwl,9,P1_old_full_opt,winter,3,0.08296582566345796,0.0,0.08296582566345796,,True,0.017251016698002664,0.0008474881056933404,11,1,32,0.34375,1.8110340964951137e-08,winter,21,0,0.3766950920709837,True
pwl,9,P1_old_full_opt,winter,4,0.05109010322312365,0.0,0.05109010322312365,,True,0.017251016698002664,0.0008474881056933404,11,1,32,0.34375,1.8110340964951137e-08,winter,21,0,0.3766950920709837,True
pwl,9,P1_old_full_opt,winter,5,0.03948268954955519,0.02,0.019482689549555187,0.9741344774777594,True,0.017251016698002664,0.0008474881056933404,11,1,32,0.34375,1.8110340964951137e-08,winter,21,0,0.3766950920709837,True
pwl,9,P1_old_full_opt,winter,6,9.435618633415003e-06,0.0,9.435618633415003e-06,,True,0.017251016698002664,0.0008474881056933404,11,1,32,0.34375,1.8110340964951137e-08,winter,21,0,0.3766950920709837,True
pwl,9,P1_old_full_opt,winter,7,9.539700015499652e-06,0.0,9.539700015499652e-06,,True,0.017251016698002664,0.0008474881056933404,11,1,32,0.34375,1.8110340964951137e-08,winter,21,0,0.3766950920709837,True
pwl,9,P1_old_full_opt,winter,8,1.1060640964221378e-05,0.0,1.1060640964221378e-05,,True,0.017251016698002664,0.0008474881056933404,11,1,32,0.34375,1.8110340964951137e-08,winter,21,0,0.3766950920709837,True
pwl,9,P1_old_full_opt,winter,9,0.05540121161748421,0.0,0.05540121161748421,,True,0.017251016698002664,0.0008474881056933404,11,1,32,0.34375,1.8110340964951137e-08,winter,21,0,0.3766950920709837,True
pwl,9,P1_old_full_opt,winter,10,0.05109010319669546,0.0,0.05109010319669546,,True,0.017251016698002664,0.0008474881056933404,11,1,32,0.34375,1.8110340964951137e-08,winter,21,0,0.3766950920709837,True
pwl,9,P1_old_full_opt,winter,11,0.09999999992631345,0.0,0.09999999992631345,,True,0.017251016698002664,0.0008474881056933404,11,1,32,0.34375,1.8110340964951137e-08,winter,21,0,0.3766950920709837,True
pwl,9,P1_old_full_opt,winter,12,1.2193909915903628e-10,0.0,1.2193909915903628e-10,,True,0.017251016698002664,0.0008474881056933404,11,1,32,0.34375,1.8110340964951137e-08,winter,21,0,0.3766950920709837,True
pwl,9,P1_old_full_opt,winter,13,1.0427709163686929e-10,0.0,1.0427709163686929e-10,,True,0.017251016698002664,0.0008474881056933404,11,1,32,0.34375,1.8110340964951137e-08,winter,21,0,0.3766950920709837,True
pwl,9,P1_old_full_opt,winter,14,1.0934641809037862e-10,0.0,1.0934641809037862e-10,,True,0.017251016698002664,0.0008474881056933404,11,1,32,0.34375,1.8110340964951137e-08,winter,21,0,0.3766950920709837,True
pwl,9,P1_old_full_opt,winter,15,1.131542317781264e-10,0.0,1.131542317781264e-10,,True,0.017251016698002664,0.0008474881056933404,11,1,32,0.34375,1.8110340964951137e-08,winter,21,0,0.3766950920709837,True
pwl,9,P1_old_full_opt,winter,16,1.188009974591763e-10,0.0,1.188009974591763e-10,,True,0.017251016698002664,0.0008474881056933404,11,1,32,0.34375,1.8110340964951137e-08,winter,21,0,0.3766950920709837,True
pwl,9,P1_old_full_opt,winter,17,1.3455948645808572e-10,0.0,1.3455948645808572e-10,,True,0.017251016698002664,0.0008474881056933404,11,1,32,0.34375,1.8110340964951137e-08,winter,21,0,0.3766950920709837,True
pwl,9,P1_old_full_opt,winter,18,1.2814585329327698e-10,0.0,1.2814585329327698e-10,,True,0.017251016698002664,0.0008474881056933404,11,1,32,0.34375,1.8110340964951137e-08,winter,21,0,0.3766950920709837,True
pwl,9,P1_old_full_opt,winter,19,1.2552550971340946e-10,0.0,1.2552550971340946e-10,,True,0.017251016698002664,0.0008474881056933404,11,1,32,0.34375,1.8110340964951137e-08,winter,21,0,0.3766950920709837,True
pwl,9,P1_old_full_opt,winter,20,1.1433745382955642e-10,0.0,1.1433745382955642e-10,,True,0.017251016698002664,0.0008474881056933404,11,1,32,0.34375,1.8110340964951137e-08,winter,21,0,0.3766950920709837,True
pwl,9,P1_old_full_opt,winter,21,6.417645855882895e-08,0.0,6.417645855882895e-08,,True,0.017251016698002664,0.0008474881056933404,11,1,32,0.34375,1.8110340964951137e-08,winter,21,0,0.3766950920709837,True
pwl,9,P1_old_full_opt,winter,22,0.035723945927064134,0.02,0.015723945927064133,0.7861972963532067,True,0.017251016698002664,0.0008474881056933404,11,1,32,0.34375,1.8110340964951137e-08,winter,21,0,0.3766950920709837,True
pwl,9,P1_old_full_opt,winter,23,0.08296582566766718,0.0,0.08296582566766718,,True,0.017251016698002664,0.0008474881056933404,11,1,32,0.34375,1.8110340964951137e-08,winter,21,0,0.3766950920709837,True
pwl,9,P1_old_full_opt,shoulder,0,0.01725102890551513,0.0,0.01725102890551513,,False,0.017251016698002664,0.0008474881056933404,11,1,32,0.34375,1.8110340964951137e-08,winter,21,0,0.3766950920709837,True
pwl,9,P1_old_full_opt,shoulder,1,0.001987379284292053,0.0,0.001987379284292053,,False,0.017251016698002664,0.0008474881056933404,11,1,32,0.34375,1.8110340964951137e-08,winter,21,0,0.3766950920709837,True
pwl,9,P1_old_full_opt,shoulder,2,1.6622506302481078e-08,0.0,1.6622506302481078e-08,,False,0.017251016698002664,0.0008474881056933404,11,1,32,0.34375,1.8110340964951137e-08,winter,21,0,0.3766950920709837,True
pwl,9,P1_old_full_opt,shoulder,3,0.07500000000661816,0.0,0.07500000000661816,,False,0.017251016698002664,0.0008474881056933404,11,1,32,0.34375,1.8110340964951137e-08,winter,21,0,0.3766950920709837,True
pwl,9,P1_old_full_opt,shoulder,4,0.051090103196590964,0.0,0.051090103196590964,,False,0.017251016698002664,0.0008474881056933404,11,1,32,0.34375,1.8110340964951137e-08,winter,21,0,0.3766950920709837,True
pwl,9,P1_old_full_opt,shoulder,5,0.047448053144188394,0.02,0.027448053144188394,1.3724026572094197,False,0.017251016698002664,0.0008474881056933404,11,1,32,0.34375,1.8110340964951137e-08,winter,21,0,0.3766950920709837,True
pwl,9,P1_old_full_opt,shoulder,6,6.263361580555661e-06,0.0,6.263361580555661e-06,,False,0.017251016698002664,0.0008474881056933404,11,1,32,0.34375,1.8110340964951137e-08,winter,21,0,0.3766950920709837,True
pwl,9,P1_old_full_opt,shoulder,7,6.607231706130229e-06,0.0,6.607231706130229e-06,,False,0.017251016698002664,0.0008474881056933404,11,1,32,0.34375,1.8110340964951137e-08,winter,21,0,0.3766950920709837,True
pwl,9,P1_old_full_opt,shoulder,8,5.44029043986621e-09,0.0,5.44029043986621e-09,,False,0.017251016698002664,0.0008474881056933404,11,1,32,0.34375,1.8110340964951137e-08,winter,21,0,0.3766950920709837,True
pwl,9,P1_old_full_opt,shoulder,9,1.6166393382704066e-09,0.0,1.6166393382704066e-09,,False,0.017251016698002664,0.0008474881056933404,11,1,32,0.34375,1.8110340964951137e-08,winter,21,0,0.3766950920709837,True
pwl,9,P1_old_full_opt,shoulder,10,0.08296582568121738,0.0,0.08296582568121738,,False,0.017251016698002664,0.0008474881056933404,11,1,32,0.34375,1.8110340964951137e-08,winter,21,0,0.3766950920709837,True
pwl,9,P1_old_full_opt,shoulder,11,0.0193309107295513,0.0,0.0193309107295513,,False,0.017251016698002664,0.0008474881056933404,11,1,32,0.34375,1.8110340964951137e-08,winter,21,0,0.3766950920709837,True
pwl,9,P1_old_full_opt,shoulder,12,9.265044905904605e-10,0.0,9.265044905904605e-10,,False,0.017251016698002664,0.0008474881056933404,11,1,32,0.34375,1.8110340964951137e-08,winter,21,0,0.3766950920709837,True
pwl,9,P1_old_full_opt,shoulder,13,1.2788016169891721e-09,0.0,1.2788016169891721e-09,,False,0.017251016698002664,0.0008474881056933404,11,1,32,0.34375,1.8110340964951137e-08,winter,21,0,0.3766950920709837,True
pwl,9,P1_old_full_opt,shoulder,14,1.5611699396203354e-11,0.0,1.5611699396203354e-11,,False,0.017251016698002664,0.0008474881056933404,11,1,32,0.34375,1.8110340964951137e-08,winter,21,0,0.3766950920709837,True
pwl,9,P1_old_full_opt,shoulder,15,9.048569289240601e-10,0.0,9.048569289240601e-10,,False,0.017251016698002664,0.0008474881056933404,11,1,32,0.34375,1.8110340964951137e-08,winter,21,0,0.3766950920709837,True
pwl,9,P1_old_full_opt,shoulder,16,3.2986503594117173e-09,0.0,3.2986503594117173e-09,,False,0.017251016698002664,0.0008474881056933404,11,1,32,0.34375,1.8110340964951137e-08,winter,21,0,0.3766950920709837,True
pwl,9,P1_old_full_opt,shoulder,17,6.544936559925284e-09,0.0,6.544936559925284e-09,,False,0.017251016698002664,0.0008474881056933404,11,1,32,0.34375,1.8110340964951137e-08,winter,21,0,0.3766950920709837,True
pwl,9,P1_old_full_opt,shoulder,18,3.772490845515348e-09,0.0,3.772490845515348e-09,,False,0.017251016698002664,0.0008474881056933404,11,1,32,0.34375,1.8110340964951137e-08,winter,21,0,0.3766950920709837,True
pwl,9,P1_old_full_opt,shoulder,19,7.556583210365603e-09,0.0,7.556583210365603e-09,,False,0.017251016698002664,0.0008474881056933404,11,1,32,0.34375,1.8110340964951137e-08,winter,21,0,0.3766950920709837,True
pwl,9,P1_old_full_opt,shoulder,20,3.1421143332427036e-09,0.0,3.1421143332427036e-09,,False,0.017251016698002664,0.0008474881056933404,11,1,32,0.34375,1.8110340964951137e-08,winter,21,0,0.3766950920709837,True
pwl,9,P1_old_full_opt,shoulder,21,1.2031665590446652e-10,0.0,1.2031665590446652e-10,,False,0.017251016698002664,0.0008474881056933404,11,1,32,0.34375,1.8110340964951137e-08,winter,21,0,0.3766950920709837,True
pwl,9,P1_old_full_opt,shoulder,22,3.319535813563639e-10,0.0,3.319535813563639e-10,,False,0.017251016698002664,0.0008474881056933404,11,1,32,0.34375,1.8110340964951137e-08,winter,21,0,0.3766950920709837,True
pwl,9,P1_old_full_opt,shoulder,23,2.3006823984008497e-09,0.0,2.3006823984008497e-09,,False,0.017251016698002664,0.0008474881056933404,11,1,32,0.34375,1.8110340964951137e-08,winter,21,0,0.3766950920709837,True
pwl,9,P2_dev_run1,summer,0,0.09218594481841987,0.1,0.00781405518158014,0.0781405518158014,False,0.02969919351985686,0.0014590278183243305,10,0,25,0.4,4.0976570754892095e-09,summer,23,0,0.08523126717017555,True
pwl,9,P2_dev_run1,summer,1,5.883043876662549e-10,0.0,5.883043876662549e-10,,False,0.02969919351985686,0.0014590278183243305,10,0,25,0.4,4.0976570754892095e-09,summer,23,0,0.08523126717017555,True
pwl,9,P2_dev_run1,summer,2,3.962266914875232e-07,0.0,3.962266914875232e-07,,False,0.02969919351985686,0.0014590278183243305,10,0,25,0.4,4.0976570754892095e-09,summer,23,0,0.08523126717017555,True
pwl,9,P2_dev_run1,summer,3,3.9622673700119603e-07,0.0,3.9622673700119603e-07,,False,0.02969919351985686,0.0014590278183243305,10,0,25,0.4,4.0976570754892095e-09,summer,23,0,0.08523126717017555,True
pwl,9,P2_dev_run1,summer,4,0.09999999999812569,0.05,0.04999999999812568,0.9999999999625137,False,0.02969919351985686,0.0014590278183243305,10,0,25,0.4,4.0976570754892095e-09,summer,23,0,0.08523126717017555,True
pwl,9,P2_dev_run1,summer,5,0.10000000000038295,0.0,0.10000000000038295,,False,0.02969919351985686,0.0014590278183243305,10,0,25,0.4,4.0976570754892095e-09,summer,23,0,0.08523126717017555,True
pwl,9,P2_dev_run1,summer,6,6.248849553240693e-06,0.0,6.248849553240693e-06,,False,0.02969919351985686,0.0014590278183243305,10,0,25,0.4,4.0976570754892095e-09,summer,23,0,0.08523126717017555,True
pwl,9,P2_dev_run1,summer,7,9.272065782720068e-06,0.0,9.272065782720068e-06,,False,0.02969919351985686,0.0014590278183243305,10,0,25,0.4,4.0976570754892095e-09,summer,23,0,0.08523126717017555,True
pwl,9,P2_dev_run1,summer,8,9.271550482766963e-06,0.0,9.271550482766963e-06,,False,0.02969919351985686,0.0014590278183243305,10,0,25,0.4,4.0976570754892095e-09,summer,23,0,0.08523126717017555,True
pwl,9,P2_dev_run1,summer,9,4.397007888550911e-09,0.0,4.397007888550911e-09,,False,0.02969919351985686,0.0014590278183243305,10,0,25,0.4,4.0976570754892095e-09,summer,23,0,0.08523126717017555,True
pwl,9,P2_dev_run1,summer,10,8.908521347124417e-11,0.0,8.908521347124417e-11,,False,0.02969919351985686,0.0014590278183243305,10,0,25,0.4,4.0976570754892095e-09,summer,23,0,0.08523126717017555,True
pwl,9,P2_dev_run1,summer,11,1.5891132073973303e-09,0.0,1.5891132073973303e-09,,False,0.02969919351985686,0.0014590278183243305,10,0,25,0.4,4.0976570754892095e-09,summer,23,0,0.08523126717017555,True
pwl,9,P2_dev_run1,summer,12,9.218430889016722e-10,0.0,9.218430889016722e-10,,False,0.02969919351985686,0.0014590278183243305,10,0,25,0.4,4.0976570754892095e-09,summer,23,0,0.08523126717017555,True
pwl,9,P2_dev_run1,summer,13,3.3697782818796265e-10,0.0,3.3697782818796265e-10,,False,0.02969919351985686,0.0014590278183243305,10,0,25,0.4,4.0976570754892095e-09,summer,23,0,0.08523126717017555,True
pwl,9,P2_dev_run1,summer,14,3.3446477867732262e-09,0.0,3.3446477867732262e-09,,False,0.02969919351985686,0.0014590278183243305,10,0,25,0.4,4.0976570754892095e-09,summer,23,0,0.08523126717017555,True
pwl,9,P2_dev_run1,summer,15,0.04999999999976716,0.0,0.04999999999976716,,False,0.02969919351985686,0.0014590278183243305,10,0,25,0.4,4.0976570754892095e-09,summer,23,0,0.08523126717017555,True
pwl,9,P2_dev_run1,summer,16,0.10000000000144646,0.1,1.4464540676328852e-12,1.4464540676328852e-11,False,0.02969919351985686,0.0014590278183243305,10,0,25,0.4,4.0976570754892095e-09,summer,23,0,0.08523126717017555,True
pwl,9,P2_dev_run1,summer,17,5.124662842664399e-09,0.0,5.124662842664399e-09,,False,0.02969919351985686,0.0014590278183243305,10,0,25,0.4,4.0976570754892095e-09,summer,23,0,0.08523126717017555,True
pwl,9,P2_dev_run1,summer,18,3.7855568980572184e-09,0.0,3.7855568980572184e-09,,False,0.02969919351985686,0.0014590278183243305,10,0,25,0.4,4.0976570754892095e-09,summer,23,0,0.08523126717017555,True
pwl,9,P2_dev_run1,summer,19,8.016248017968195e-10,0.0,8.016248017968195e-10,,False,0.02969919351985686,0.0014590278183243305,10,0,25,0.4,4.0976570754892095e-09,summer,23,0,0.08523126717017555,True
pwl,9,P2_dev_run1,summer,20,3.7340149849566156e-10,0.0,3.7340149849566156e-10,,False,0.02969919351985686,0.0014590278183243305,10,0,25,0.4,4.0976570754892095e-09,summer,23,0,0.08523126717017555,True
pwl,9,P2_dev_run1,summer,21,9.110751868093383e-10,0.0,9.110751868093383e-10,,False,0.02969919351985686,0.0014590278183243305,10,0,25,0.4,4.0976570754892095e-09,summer,23,0,0.08523126717017555,True
pwl,9,P2_dev_run1,summer,22,3.238680413513913e-09,0.0,3.238680413513913e-09,,False,0.02969919351985686,0.0014590278183243305,10,0,25,0.4,4.0976570754892095e-09,summer,23,0,0.08523126717017555,True
pwl,9,P2_dev_run1,summer,23,1.1838790100437147e-08,0.0,1.1838790100437147e-08,,False,0.02969919351985686,0.0014590278183243305,10,0,25,0.4,4.0976570754892095e-09,summer,23,0,0.08523126717017555,True
pwl,9,P2_dev_run1,winter,0,0.09999999998709366,0.1,1.2906342661267445e-11,1.2906342661267445e-10,False,0.02969919351985686,0.0014590278183243305,10,0,25,0.4,4.0976570754892095e-09,summer,23,0,0.08523126717017555,True
pwl,9,P2_dev_run1,winter,1,0.0,0.0,0.0,,False,0.02969919351985686,0.0014590278183243305,10,0,25,0.4,4.0976570754892095e-09,summer,23,0,0.08523126717017555,True
pwl,9,P2_dev_run1,winter,2,4.779363205937681e-07,0.0,4.779363205937681e-07,,False,0.02969919351985686,0.0014590278183243305,10,0,25,0.4,4.0976570754892095e-09,summer,23,0,0.08523126717017555,True
pwl,9,P2_dev_run1,winter,3,0.05254297954986865,0.05,0.0025429795498686444,0.05085959099737289,False,0.02969919351985686,0.0014590278183243305,10,0,25,0.4,4.0976570754892095e-09,summer,23,0,0.08523126717017555,True
pwl,9,P2_dev_run1,winter,4,0.09999999996626162,0.0,0.09999999996626162,,False,0.02969919351985686,0.0014590278183243305,10,0,25,0.4,4.0976570754892095e-09,summer,23,0,0.08523126717017555,True
pwl,9,P2_dev_run1,winter,5,9.266801448477305e-06,0.0,9.266801448477305e-06,,False,0.02969919351985686,0.0014590278183243305,10,0,25,0.4,4.0976570754892095e-09,summer,23,0,0.08523126717017555,True
pwl,9,P2_dev_run1,winter,6,9.271567244349635e-06,0.0,9.271567244349635e-06,,False,0.02969919351985686,0.0014590278183243305,10,0,25,0.4,4.0976570754892095e-09,summer,23,0,0.08523126717017555,True
pwl,9,P2_dev_run1,winter,7,9.272437596531975e-06,0.0,9.272437596531975e-06,,False,0.02969919351985686,0.0014590278183243305,10,0,25,0.4,4.0976570754892095e-09,summer,23,0,0.08523126717017555,True
pwl,9,P2_dev_run1,winter,8,1.331993604893697e-05,0.0,1.331993604893697e-05,,False,0.02969919351985686,0.0014590278183243305,10,0,25,0.4,4.0976570754892095e-09,summer,23,0,0.08523126717017555,True
pwl,9,P2_dev_run1,winter,9,7.928493324236134e-09,0.0,7.928493324236134e-09,,False,0.02969919351985686,0.0014590278183243305,10,0,25,0.4,4.0976570754892095e-09,summer,23,0,0.08523126717017555,True
pwl,9,P2_dev_run1,winter,10,0.0879562572104514,0.0,0.0879562572104514,,False,0.02969919351985686,0.0014590278183243305,10,0,25,0.4,4.0976570754892095e-09,summer,23,0,0.08523126717017555,True
pwl,9,P2_dev_run1,winter,11,0.05000000000240474,0.05,2.404736132444185e-12,4.80947226488837e-11,False,0.02969919351985686,0.0014590278183243305,10,0,25,0.4,4.0976570754892095e-09,summer,23,0,0.08523126717017555,True
pwl,9,P2_dev_run1,winter,12,6.452483982961769e-10,0.0,6.452483982961769e-10,,False,0.02969919351985686,0.0014590278183243305,10,0,25,0.4,4.0976570754892095e-09,summer,23,0,0.08523126717017555,True
pwl,9,P2_dev_run1,winter,13,2.9101032255077846e-09,0.0,2.9101032255077846e-09,,False,0.02969919351985686,0.0014590278183243305,10,0,25,0.4,4.0976570754892095e-09,summer,23,0,0.08523126717017555,True
pwl,9,P2_dev_run1,winter,14,3.735993973564269e-11,0.0,3.735993973564269e-11,,False,0.02969919351985686,0.0014590278183243305,10,0,25,0.4,4.0976570754892095e-09,summer,23,0,0.08523126717017555,True
pwl,9,P2_dev_run1,winter,15,1.0145419941272323e-11,0.0,1.0145419941272323e-11,,False,0.02969919351985686,0.0014590278183243305,10,0,25,0.4,4.0976570754892095e-09,summer,23,0,0.08523126717017555,True
pwl,9,P2_dev_run1,winter,16,4.401894560502998e-10,0.0,4.401894560502998e-10,,False,0.02969919351985686,0.0014590278183243305,10,0,25,0.4,4.0976570754892095e-09,summer,23,0,0.08523126717017555,True
pwl,9,P2_dev_run1,winter,17,5.132428616923506e-10,0.0,5.132428616923506e-10,,False,0.02969919351985686,0.0014590278183243305,10,0,25,0.4,4.0976570754892095e-09,summer,23,0,0.08523126717017555,True
pwl,9,P2_dev_run1,winter,18,1.1826872626880435e-11,0.0,1.1826872626880435e-11,,False,0.02969919351985686,0.0014590278183243305,10,0,25,0.4,4.0976570754892095e-09,summer,23,0,0.08523126717017555,True
pwl,9,P2_dev_run1,winter,19,9.048992211271758e-12,0.0,9.048992211271758e-12,,False,0.02969919351985686,0.0014590278183243305,10,0,25,0.4,4.0976570754892095e-09,summer,23,0,0.08523126717017555,True
pwl,9,P2_dev_run1,winter,20,1.0489719809208993e-08,0.0,1.0489719809208993e-08,,False,0.02969919351985686,0.0014590278183243305,10,0,25,0.4,4.0976570754892095e-09,summer,23,0,0.08523126717017555,True
pwl,9,P2_dev_run1,winter,21,6.516946786206368e-07,0.0,6.516946786206368e-07,,False,0.02969919351985686,0.0014590278183243305,10,0,25,0.4,4.0976570754892095e-09,summer,23,0,0.08523126717017555,True
pwl,9,P2_dev_run1,winter,22,5.883195799533387e-07,0.0,5.883195799533387e-07,,False,0.02969919351985686,0.0014590278183243305,10,0,25,0.4,4.0976570754892095e-09,summer,23,0,0.08523126717017555,True
pwl,9,P2_dev_run1,winter,23,0.10242903568673609,0.1,0.0024290356867360807,0.024290356867360807,False,0.02969919351985686,0.0014590278183243305,10,0,25,0.4,4.0976570754892095e-09,summer,23,0,0.08523126717017555,True
pwl,9,P2_dev_run1,shoulder,0,0.09218594518442023,0.1,0.007814054815579771,0.07814054815579771,False,0.02969919351985686,0.0014590278183243305,10,0,25,0.4,4.0976570754892095e-09,summer,23,0,0.08523126717017555,True
pwl,9,P2_dev_run1,shoulder,1,1.2391901583738642e-10,0.0,1.2391901583738642e-10,,False,0.02969919351985686,0.0014590278183243305,10,0,25,0.4,4.0976570754892095e-09,summer,23,0,0.08523126717017555,True
pwl,9,P2_dev_run1,shoulder,2,3.972430032399915e-07,0.0,3.972430032399915e-07,,False,0.02969919351985686,0.0014590278183243305,10,0,25,0.4,4.0976570754892095e-09,summer,23,0,0.08523126717017555,True
pwl,9,P2_dev_run1,shoulder,3,0.049876398451702136,0.05,0.0001236015482978664,0.002472030965957328,False,0.02969919351985686,0.0014590278183243305,10,0,25,0.4,4.0976570754892095e-09,summer,23,0,0.08523126717017555,True
pwl,9,P2_dev_run1,shoulder,4,0.08795625720696199,0.0,0.08795625720696199,,False,0.02969919351985686,0.0014590278183243305,10,0,25,0.4,4.0976570754892095e-09,summer,23,0,0.08523126717017555,True
pwl,9,P2_dev_run1,shoulder,5,6.03861160067536e-06,0.0,6.03861160067536e-06,,False,0.02969919351985686,0.0014590278183243305,10,0,25,0.4,4.0976570754892095e-09,summer,23,0,0.08523126717017555,True
pwl,9,P2_dev_run1,shoulder,6,6.0390946447586975e-06,0.0,6.0390946447586975e-06,,False,0.02969919351985686,0.0014590278183243305,10,0,25,0.4,4.0976570754892095e-09,summer,23,0,0.08523126717017555,True
pwl,9,P2_dev_run1,shoulder,7,8.90242942187457e-06,0.0,8.90242942187457e-06,,False,0.02969919351985686,0.0014590278183243305,10,0,25,0.4,4.0976570754892095e-09,summer,23,0,0.08523126717017555,True
pwl,9,P2_dev_run1,shoulder,8,1.2915556709773684e-08,0.0,1.2915556709773684e-08,,False,0.02969919351985686,0.0014590278183243305,10,0,25,0.4,4.0976570754892095e-09,summer,23,0,0.08523126717017555,True
pwl,9,P2_dev_run1,shoulder,9,3.925943925088731e-10,0.0,3.925943925088731e-10,,False,0.02969919351985686,0.0014590278183243305,10,0,25,0.4,4.0976570754892095e-09,summer,23,0,0.08523126717017555,True
pwl,9,P2_dev_run1,shoulder,10,0.09213559693527701,0.1,0.007864403064722997,0.07864403064722997,False,0.02969919351985686,0.0014590278183243305,10,0,25,0.4,4.0976570754892095e-09,summer,23,0,0.08523126717017555,True
pwl,9,P2_dev_run1,shoulder,11,7.470548821042634e-09,0.0,7.470548821042634e-09,,False,0.02969919351985686,0.0014590278183243305,10,0,25,0.4,4.0976570754892095e-09,summer,23,0,0.08523126717017555,True
pwl,9,P2_dev_run1,shoulder,12,4.217989395686136e-10,0.0,4.217989395686136e-10,,False,0.02969919351985686,0.0014590278183243305,10,0,25,0.4,4.0976570754892095e-09,summer,23,0,0.08523126717017555,True
pwl,9,P2_dev_run1,shoulder,13,4.2714311884841164e-10,0.0,4.2714311884841164e-10,,False,0.02969919351985686,0.0014590278183243305,10,0,25,0.4,4.0976570754892095e-09,summer,23,0,0.08523126717017555,True
pwl,9,P2_dev_run1,shoulder,14,1.1371889697030416e-11,0.0,1.1371889697030416e-11,,False,0.02969919351985686,0.0014590278183243305,10,0,25,0.4,4.0976570754892095e-09,summer,23,0,0.08523126717017555,True
pwl,9,P2_dev_run1,shoulder,15,3.699531193046427e-10,0.0,3.699531193046427e-10,,False,0.02969919351985686,0.0014590278183243305,10,0,25,0.4,4.0976570754892095e-09,summer,23,0,0.08523126717017555,True
pwl,9,P2_dev_run1,shoulder,16,6.818319216195281e-10,0.0,6.818319216195281e-10,,False,0.02969919351985686,0.0014590278183243305,10,0,25,0.4,4.0976570754892095e-09,summer,23,0,0.08523126717017555,True
pwl,9,P2_dev_run1,shoulder,17,1.271441792975286e-09,0.0,1.271441792975286e-09,,False,0.02969919351985686,0.0014590278183243305,10,0,25,0.4,4.0976570754892095e-09,summer,23,0,0.08523126717017555,True
pwl,9,P2_dev_run1,shoulder,18,1.1183948792984372e-09,0.0,1.1183948792984372e-09,,False,0.02969919351985686,0.0014590278183243305,10,0,25,0.4,4.0976570754892095e-09,summer,23,0,0.08523126717017555,True
pwl,9,P2_dev_run1,shoulder,19,2.011020775434457e-09,0.0,2.011020775434457e-09,,False,0.02969919351985686,0.0014590278183243305,10,0,25,0.4,4.0976570754892095e-09,summer,23,0,0.08523126717017555,True
pwl,9,P2_dev_run1,shoulder,20,8.695504590227555e-10,0.0,8.695504590227555e-10,,False,0.02969919351985686,0.0014590278183243305,10,0,25,0.4,4.0976570754892095e-09,summer,23,0,0.08523126717017555,True
pwl,9,P2_dev_run1,shoulder,21,1.4043489720663888e-11,0.0,1.4043489720663888e-11,,False,0.02969919351985686,0.0014590278183243305,10,0,25,0.4,4.0976570754892095e-09,summer,23,0,0.08523126717017555,True
pwl,9,P2_dev_run1,shoulder,22,3.327310830876088e-10,0.0,3.327310830876088e-10,,False,0.02969919351985686,0.0014590278183243305,10,0,25,0.4,4.0976570754892095e-09,summer,23,0,0.08523126717017555,True
pwl,9,P2_dev_run1,shoulder,23,1.1768838867832767e-09,0.0,1.1768838867832767e-09,,False,0.02969919351985686,0.0014590278183243305,10,0,25,0.4,4.0976570754892095e-09,summer,23,0,0.08523126717017555,True
pwl,9,P3_dev_run0,summer,0,0.14189099057407517,0.15,0.008109009425924824,0.054060062839498824,False,0.10242791164439083,0.005031960627554209,13,0,25,0.52,4.905298605693968e-09,winter,20,0,0.10203021099843454,True
pwl,9,P3_dev_run0,summer,1,6.497391780240465e-10,0.0,6.497391780240465e-10,,False,0.10242791164439083,0.005031960627554209,13,0,25,0.52,4.905298605693968e-09,winter,20,0,0.10203021099843454,True
pwl,9,P3_dev_run0,summer,2,5.909142716275887e-07,0.0,5.909142716275887e-07,,False,0.10242791164439083,0.005031960627554209,13,0,25,0.52,4.905298605693968e-09,winter,20,0,0.10203021099843454,True
pwl,9,P3_dev_run0,summer,3,5.477441880739281e-07,0.0,5.477441880739281e-07,,False,0.10242791164439083,0.005031960627554209,13,0,25,0.52,4.905298605693968e-09,winter,20,0,0.10203021099843454,True
pwl,9,P3_dev_run0,summer,4,0.10000000000883184,0.0,0.10000000000883184,,False,0.10242791164439083,0.005031960627554209,13,0,25,0.52,4.905298605693968e-09,winter,20,0,0.10203021099843454,True
pwl,9,P3_dev_run0,summer,5,0.10536793775626792,0.2,0.09463206224373209,0.4731603112186604,False,0.10242791164439083,0.005031960627554209,13,0,25,0.52,4.905298605693968e-09,winter,20,0,0.10203021099843454,True
pwl,9,P3_dev_run0,summer,6,9.29583719366806e-06,0.0,9.29583719366806e-06,,False,0.10242791164439083,0.005031960627554209,13,0,25,0.52,4.905298605693968e-09,winter,20,0,0.10203021099843454,True
pwl,9,P3_dev_run0,summer,7,9.799167902063645e-06,0.0,9.799167902063645e-06,,False,0.10242791164439083,0.005031960627554209,13,0,25,0.52,4.905298605693968e-09,winter,20,0,0.10203021099843454,True
pwl,9,P3_dev_run0,summer,8,1.380199763094663e-05,0.0,1.380199763094663e-05,,False,0.10242791164439083,0.005031960627554209,13,0,25,0.52,4.905298605693968e-09,winter,20,0,0.10203021099843454,True
pwl,9,P3_dev_run0,summer,9,2.432276140719194e-08,0.0,2.432276140719194e-08,,False,0.10242791164439083,0.005031960627554209,13,0,25,0.52,4.905298605693968e-09,winter,20,0,0.10203021099843454,True
pwl,9,P3_dev_run0,summer,10,1.204873603615246e-09,0.0,1.204873603615246e-09,,False,0.10242791164439083,0.005031960627554209,13,0,25,0.52,4.905298605693968e-09,winter,20,0,0.10203021099843454,True
pwl,9,P3_dev_run0,summer,11,1.502096621346245e-09,0.0,1.502096621346245e-09,,False,0.10242791164439083,0.005031960627554209,13,0,25,0.52,4.905298605693968e-09,winter,20,0,0.10203021099843454,True
pwl,9,P3_dev_run0,summer,12,6.153522367314279e-10,0.0,6.153522367314279e-10,,False,0.10242791164439083,0.005031960627554209,13,0,25,0.52,4.905298605693968e-09,winter,20,0,0.10203021099843454,True
pwl,9,P3_dev_run0,summer,13,1.888926657447289e-09,0.0,1.888926657447289e-09,,False,0.10242791164439083,0.005031960627554209,13,0,25,0.52,4.905298605693968e-09,winter,20,0,0.10203021099843454,True
pwl,9,P3_dev_run0,summer,14,8.848906109611617e-09,0.0,8.848906109611617e-09,,False,0.10242791164439083,0.005031960627554209,13,0,25,0.52,4.905298605693968e-09,winter,20,0,0.10203021099843454,True
pwl,9,P3_dev_run0,summer,15,0.14999999999195246,0.0,0.14999999999195246,,False,0.10242791164439083,0.005031960627554209,13,0,25,0.52,4.905298605693968e-09,winter,20,0,0.10203021099843454,True
pwl,9,P3_dev_run0,summer,16,0.19999999999835602,0.2,1.6439904992893162e-12,8.219952496446581e-12,False,0.10242791164439083,0.005031960627554209,13,0,25,0.52,4.905298605693968e-09,winter,20,0,0.10203021099843454,True
pwl,9,P3_dev_run0,summer,17,1.2753275440728587e-08,0.0,1.2753275440728587e-08,,False,0.10242791164439083,0.005031960627554209,13,0,25,0.52,4.905298605693968e-09,winter,20,0,0.10203021099843454,True
pwl,9,P3_dev_run0,summer,18,5.245968092045102e-09,0.0,5.245968092045102e-09,,False,0.10242791164439083,0.005031960627554209,13,0,25,0.52,4.905298605693968e-09,winter,20,0,0.10203021099843454,True
pwl,9,P3_dev_run0,summer,19,3.393613880667029e-09,0.0,3.393613880667029e-09,,False,0.10242791164439083,0.005031960627554209,13,0,25,0.52,4.905298605693968e-09,winter,20,0,0.10203021099843454,True
pwl,9,P3_dev_run0,summer,20,1.9878514161425967e-09,0.0,1.9878514161425967e-09,,False,0.10242791164439083,0.005031960627554209,13,0,25,0.52,4.905298605693968e-09,winter,20,0,0.10203021099843454,True
pwl,9,P3_dev_run0,summer,21,4.816486631065617e-09,0.0,4.816486631065617e-09,,False,0.10242791164439083,0.005031960627554209,13,0,25,0.52,4.905298605693968e-09,winter,20,0,0.10203021099843454,True
pwl,9,P3_dev_run0,summer,22,1.1065645898172152e-08,0.0,1.1065645898172152e-08,,False,0.10242791164439083,0.005031960627554209,13,0,25,0.52,4.905298605693968e-09,winter,20,0,0.10203021099843454,True
pwl,9,P3_dev_run0,summer,23,0.14999999998323735,0.0,0.14999999998323735,,False,0.10242791164439083,0.005031960627554209,13,0,25,0.52,4.905298605693968e-09,winter,20,0,0.10203021099843454,True
pwl,9,P3_dev_run0,winter,0,0.14999999996116847,0.15,3.883152133177248e-11,2.588768088784832e-10,False,0.10242791164439083,0.005031960627554209,13,0,25,0.52,4.905298605693968e-09,winter,20,0,0.10203021099843454,True
pwl,9,P3_dev_run0,winter,1,1.593774189114571e-10,0.0,1.593774189114571e-10,,False,0.10242791164439083,0.005031960627554209,13,0,25,0.52,4.905298605693968e-09,winter,20,0,0.10203021099843454,True
pwl,9,P3_dev_run0,winter,2,5.945220834160333e-07,0.0,5.945220834160333e-07,,False,0.10242791164439083,0.005031960627554209,13,0,25,0.52,4.905298605693968e-09,winter,20,0,0.10203021099843454,True
pwl,9,P3_dev_run0,winter,3,5.945732593447651e-07,0.0,5.945732593447651e-07,,False,0.10242791164439083,0.005031960627554209,13,0,25,0.52,4.905298605693968e-09,winter,20,0,0.10203021099843454,True
pwl,9,P3_dev_run0,winter,4,0.20536482788050017,0.2,0.0053648278805001615,0.026824139402500807,False,0.10242791164439083,0.005031960627554209,13,0,25,0.52,4.905298605693968e-09,winter,20,0,0.10203021099843454,True
pwl,9,P3_dev_run0,winter,5,1.3166676313201696e-05,0.0,1.3166676313201696e-05,,False,0.10242791164439083,0.005031960627554209,13,0,25,0.52,4.905298605693968e-09,winter,20,0,0.10203021099843454,True
pwl,9,P3_dev_run0,winter,6,1.380194057751325e-05,0.0,1.380194057751325e-05,,False,0.10242791164439083,0.005031960627554209,13,0,25,0.52,4.905298605693968e-09,winter,20,0,0.10203021099843454,True
pwl,9,P3_dev_run0,winter,7,1.3800096376499275e-05,0.0,1.3800096376499275e-05,,False,0.10242791164439083,0.005031960627554209,13,0,25,0.52,4.905298605693968e-09,winter,20,0,0.10203021099843454,True
pwl,9,P3_dev_run0,winter,8,2.118841041432584e-05,0.0,2.118841041432584e-05,,False,0.10242791164439083,0.005031960627554209,13,0,25,0.52,4.905298605693968e-09,winter,20,0,0.10203021099843454,True
pwl,9,P3_dev_run0,winter,9,7.68402168463399e-09,0.0,7.68402168463399e-09,,False,0.10242791164439083,0.005031960627554209,13,0,25,0.52,4.905298605693968e-09,winter,20,0,0.10203021099843454,True
pwl,9,P3_dev_run0,winter,10,0.2999999999883279,0.3,1.1672107724791658e-11,3.890702574930553e-11,False,0.10242791164439083,0.005031960627554209,13,0,25,0.52,4.905298605693968e-09,winter,20,0,0.10203021099843454,True
pwl,9,P3_dev_run0,winter,11,3.1945444193026555e-08,0.0,3.1945444193026555e-08,,False,0.10242791164439083,0.005031960627554209,13,0,25,0.52,4.905298605693968e-09,winter,20,0,0.10203021099843454,True
pwl,9,P3_dev_run0,winter,12,6.545172672788582e-10,0.0,6.545172672788582e-10,,False,0.10242791164439083,0.005031960627554209,13,0,25,0.52,4.905298605693968e-09,winter,20,0,0.10203021099843454,True
pwl,9,P3_dev_run0,winter,13,8.815860795742724e-06,0.0,8.815860795742724e-06,,False,0.10242791164439083,0.005031960627554209,13,0,25,0.52,4.905298605693968e-09,winter,20,0,0.10203021099843454,True
pwl,9,P3_dev_run0,winter,14,4.301253251227655e-09,0.0,4.301253251227655e-09,,False,0.10242791164439083,0.005031960627554209,13,0,25,0.52,4.905298605693968e-09,winter,20,0,0.10203021099843454,True
pwl,9,P3_dev_run0,winter,15,0.0,0.0,0.0,,False,0.10242791164439083,0.005031960627554209,13,0,25,0.52,4.905298605693968e-09,winter,20,0,0.10203021099843454,True
pwl,9,P3_dev_run0,winter,16,1.9242460899050745e-08,0.0,1.9242460899050745e-08,,False,0.10242791164439083,0.005031960627554209,13,0,25,0.52,4.905298605693968e-09,winter,20,0,0.10203021099843454,True
pwl,9,P3_dev_run0,winter,17,1.9516312201813006e-08,0.0,1.9516312201813006e-08,,False,0.10242791164439083,0.005031960627554209,13,0,25,0.52,4.905298605693968e-09,winter,20,0,0.10203021099843454,True
pwl,9,P3_dev_run0,winter,18,1.0509691517279109e-08,0.0,1.0509691517279109e-08,,False,0.10242791164439083,0.005031960627554209,13,0,25,0.52,4.905298605693968e-09,winter,20,0,0.10203021099843454,True
pwl,9,P3_dev_run0,winter,19,1.1540943937402589e-08,0.0,1.1540943937402589e-08,,False,0.10242791164439083,0.005031960627554209,13,0,25,0.52,4.905298605693968e-09,winter,20,0,0.10203021099843454,True
pwl,9,P3_dev_run0,winter,20,2.429313137038486e-08,0.0,2.429313137038486e-08,,False,0.10242791164439083,0.005031960627554209,13,0,25,0.52,4.905298605693968e-09,winter,20,0,0.10203021099843454,True
pwl,9,P3_dev_run0,winter,21,8.925655474452084e-07,0.0,8.925655474452084e-07,,False,0.10242791164439083,0.005031960627554209,13,0,25,0.52,4.905298605693968e-09,winter,20,0,0.10203021099843454,True
pwl,9,P3_dev_run0,winter,22,8.853453319721659e-07,0.0,8.853453319721659e-07,,False,0.10242791164439083,0.005031960627554209,13,0,25,0.52,4.905298605693968e-09,winter,20,0,0.10203021099843454,True
pwl,9,P3_dev_run0,winter,23,0.1576569769634386,0.15,0.0076569769634386164,0.05104651308959078,False,0.10242791164439083,0.005031960627554209,13,0,25,0.52,4.905298605693968e-09,winter,20,0,0.10203021099843454,True
pwl,9,P3_dev_run0,shoulder,0,0.14189099087669638,0.1,0.04189099087669637,0.4189099087669637,False,0.10242791164439083,0.005031960627554209,13,0,25,0.52,4.905298605693968e-09,winter,20,0,0.10203021099843454,True
pwl,9,P3_dev_run0,shoulder,1,1.2700335172227657e-09,0.0,1.2700335172227657e-09,,False,0.10242791164439083,0.005031960627554209,13,0,25,0.52,4.905298605693968e-09,winter,20,0,0.10203021099843454,True
pwl,9,P3_dev_run0,shoulder,2,3.841506316304533e-07,0.0,3.841506316304533e-07,,False,0.10242791164439083,0.005031960627554209,13,0,25,0.52,4.905298605693968e-09,winter,20,0,0.10203021099843454,True
pwl,9,P3_dev_run0,shoulder,3,3.9694588318515035e-07,0.0,3.9694588318515035e-07,,False,0.10242791164439083,0.005031960627554209,13,0,25,0.52,4.905298605693968e-09,winter,20,0,0.10203021099843454,True
pwl,9,P3_dev_run0,shoulder,4,0.20536482702018985,0.2,0.0053648270201898385,0.026824135100949192,False,0.10242791164439083,0.005031960627554209,13,0,25,0.52,4.905298605693968e-09,winter,20,0,0.10203021099843454,True
pwl,9,P3_dev_run0,shoulder,5,9.294510210441995e-06,0.0,9.294510210441995e-06,,False,0.10242791164439083,0.005031960627554209,13,0,25,0.52,4.905298605693968e-09,winter,20,0,0.10203021099843454,True
pwl,9,P3_dev_run0,shoulder,6,9.294510271528168e-06,0.0,9.294510271528168e-06,,False,0.10242791164439083,0.005031960627554209,13,0,25,0.52,4.905298605693968e-09,winter,20,0,0.10203021099843454,True
pwl,9,P3_dev_run0,shoulder,7,9.295458559108555e-06,0.0,9.295458559108555e-06,,False,0.10242791164439083,0.005031960627554209,13,0,25,0.52,4.905298605693968e-09,winter,20,0,0.10203021099843454,True
pwl,9,P3_dev_run0,shoulder,8,1.3319281481177502e-05,0.0,1.3319281481177502e-05,,False,0.10242791164439083,0.005031960627554209,13,0,25,0.52,4.905298605693968e-09,winter,20,0,0.10203021099843454,True
pwl,9,P3_dev_run0,shoulder,9,2.626649381722223e-09,0.0,2.626649381722223e-09,,False,0.10242791164439083,0.005031960627554209,13,0,25,0.52,4.905298605693968e-09,winter,20,0,0.10203021099843454,True
pwl,9,P3_dev_run0,shoulder,10,0.14182186589972803,0.15,0.008178134100271961,0.05452089400181308,False,0.10242791164439083,0.005031960627554209,13,0,25,0.52,4.905298605693968e-09,winter,20,0,0.10203021099843454,True
pwl,9,P3_dev_run0,shoulder,11,6.719928253463583e-09,0.0,6.719928253463583e-09,,False,0.10242791164439083,0.005031960627554209,13,0,25,0.52,4.905298605693968e-09,winter,20,0,0.10203021099843454,True
pwl,9,P3_dev_run0,shoulder,12,1.2582112798222176e-09,0.0,1.2582112798222176e-09,,False,0.10242791164439083,0.005031960627554209,13,0,25,0.52,4.905298605693968e-09,winter,20,0,0.10203021099843454,True
pwl,9,P3_dev_run0,shoulder,13,3.300628412174366e-09,0.0,3.300628412174366e-09,,False,0.10242791164439083,0.005031960627554209,13,0,25,0.52,4.905298605693968e-09,winter,20,0,0.10203021099843454,True
pwl,9,P3_dev_run0,shoulder,14,2.8021276440581195e-12,0.0,2.8021276440581195e-12,,False,0.10242791164439083,0.005031960627554209,13,0,25,0.52,4.905298605693968e-09,winter,20,0,0.10203021099843454,True
pwl,9,P3_dev_run0,shoulder,15,1.1312456990040506e-09,0.0,1.1312456990040506e-09,,False,0.10242791164439083,0.005031960627554209,13,0,25,0.52,4.905298605693968e-09,winter,20,0,0.10203021099843454,True
pwl,9,P3_dev_run0,shoulder,16,2.6962296086364288e-09,0.0,2.6962296086364288e-09,,False,0.10242791164439083,0.005031960627554209,13,0,25,0.52,4.905298605693968e-09,winter,20,0,0.10203021099843454,True
pwl,9,P3_dev_run0,shoulder,17,4.5633791564091056e-09,0.0,4.5633791564091056e-09,,False,0.10242791164439083,0.005031960627554209,13,0,25,0.52,4.905298605693968e-09,winter,20,0,0.10203021099843454,True
pwl,9,P3_dev_run0,shoulder,18,3.6779073047751418e-09,0.0,3.6779073047751418e-09,,False,0.10242791164439083,0.005031960627554209,13,0,25,0.52,4.905298605693968e-09,winter,20,0,0.10203021099843454,True
pwl,9,P3_dev_run0,shoulder,19,4.322151242813774e-09,0.0,4.322151242813774e-09,,False,0.10242791164439083,0.005031960627554209,13,0,25,0.52,4.905298605693968e-09,winter,20,0,0.10203021099843454,True
pwl,9,P3_dev_run0,shoulder,20,3.9848935800951035e-09,0.0,3.9848935800951035e-09,,False,0.10242791164439083,0.005031960627554209,13,0,25,0.52,4.905298605693968e-09,winter,20,0,0.10203021099843454,True
pwl,9,P3_dev_run0,shoulder,21,0.0,0.0,0.0,,False,0.10242791164439083,0.005031960627554209,13,0,25,0.52,4.905298605693968e-09,winter,20,0,0.10203021099843454,True
pwl,9,P3_dev_run0,shoulder,22,3.0732485651094505e-09,0.0,3.0732485651094505e-09,,False,0.10242791164439083,0.005031960627554209,13,0,25,0.52,4.905298605693968e-09,winter,20,0,0.10203021099843454,True
pwl,9,P3_dev_run0,shoulder,23,4.946375020241575e-09,0.0,4.946375020241575e-09,,False,0.10242791164439083,0.005031960627554209,13,0,25,0.52,4.905298605693968e-09,winter,20,0,0.10203021099843454,True
qp,,P1_old_full_opt,summer,0,0.01725101669803945,0.0,0.01725101669803945,,False,0.017251016698002664,0.0008474881056933404,14,2,32,0.4375,6.652607415523346e-14,shoulder,19,0,1.383742342428856e-06,True
qp,,P1_old_full_opt,summer,1,0.00198737059760663,0.0,0.00198737059760663,,False,0.017251016698002664,0.0008474881056933404,14,2,32,0.4375,6.652607415523346e-14,shoulder,19,0,1.383742342428856e-06,True
qp,,P1_old_full_opt,summer,2,5.330771714056212e-14,0.0,5.330771714056212e-14,,False,0.017251016698002664,0.0008474881056933404,14,2,32,0.4375,6.652607415523346e-14,shoulder,19,0,1.383742342428856e-06,True
qp,,P1_old_full_opt,summer,3,0.022632360378045197,0.02,0.002632360378045196,0.1316180189022598,False,0.017251016698002664,0.0008474881056933404,14,2,32,0.4375,6.652607415523346e-14,shoulder,19,0,1.383742342428856e-06,True
qp,,P1_old_full_opt,summer,4,0.05109010319678191,0.0,0.05109010319678191,,False,0.017251016698002664,0.0008474881056933404,14,2,32,0.4375,6.652607415523346e-14,shoulder,19,0,1.383742342428856e-06,True
qp,,P1_old_full_opt,summer,5,0.05109010319678158,0.0,0.05109010319678158,,False,0.017251016698002664,0.0008474881056933404,14,2,32,0.4375,6.652607415523346e-14,shoulder,19,0,1.383742342428856e-06,True
qp,,P1_old_full_opt,summer,6,0.00979559063792043,0.0,0.00979559063792043,,False,0.017251016698002664,0.0008474881056933404,14,2,32,0.4375,6.652607415523346e-14,shoulder,19,0,1.383742342428856e-06,True
qp,,P1_old_full_opt,summer,7,6.2627995685766665e-06,0.0,6.2627995685766665e-06,,False,0.017251016698002664,0.0008474881056933404,14,2,32,0.4375,6.652607415523346e-14,shoulder,19,0,1.383742342428856e-06,True
qp,,P1_old_full_opt,summer,8,9.615789835655882e-06,0.0,9.615789835655882e-06,,False,0.017251016698002664,0.0008474881056933404,14,2,32,0.4375,6.652607415523346e-14,shoulder,19,0,1.383742342428856e-06,True
qp,,P1_old_full_opt,summer,9,2.925107004381855e-14,0.0,2.925107004381855e-14,,False,0.017251016698002664,0.0008474881056933404,14,2,32,0.4375,6.652607415523346e-14,shoulder,19,0,1.383742342428856e-06,True
qp,,P1_old_full_opt,summer,10,2.673611387798693e-14,0.0,2.673611387798693e-14,,False,0.017251016698002664,0.0008474881056933404,14,2,32,0.4375,6.652607415523346e-14,shoulder,19,0,1.383742342428856e-06,True
qp,,P1_old_full_opt,summer,11,2.720122227176413e-14,0.0,2.720122227176413e-14,,False,0.017251016698002664,0.0008474881056933404,14,2,32,0.4375,6.652607415523346e-14,shoulder,19,0,1.383742342428856e-06,True
qp,,P1_old_full_opt,summer,12,2.6828848355635968e-14,0.0,2.6828848355635968e-14,,False,0.017251016698002664,0.0008474881056933404,14,2,32,0.4375,6.652607415523346e-14,shoulder,19,0,1.383742342428856e-06,True
qp,,P1_old_full_opt,summer,13,2.583268342943547e-14,0.0,2.583268342943547e-14,,False,0.017251016698002664,0.0008474881056933404,14,2,32,0.4375,6.652607415523346e-14,shoulder,19,0,1.383742342428856e-06,True
qp,,P1_old_full_opt,summer,14,2.86050773799735e-14,0.0,2.86050773799735e-14,,False,0.017251016698002664,0.0008474881056933404,14,2,32,0.4375,6.652607415523346e-14,shoulder,19,0,1.383742342428856e-06,True
qp,,P1_old_full_opt,summer,15,0.050362716280821306,0.0,0.050362716280821306,,False,0.017251016698002664,0.0008474881056933404,14,2,32,0.4375,6.652607415523346e-14,shoulder,19,0,1.383742342428856e-06,True
qp,,P1_old_full_opt,summer,16,0.09633844818088434,0.0,0.09633844818088434,,False,0.017251016698002664,0.0008474881056933404,14,2,32,0.4375,6.652607415523346e-14,shoulder,19,0,1.383742342428856e-06,True
qp,,P1_old_full_opt,summer,17,5.106913294998293e-14,0.0,5.106913294998293e-14,,False,0.017251016698002664,0.0008474881056933404,14,2,32,0.4375,6.652607415523346e-14,shoulder,19,0,1.383742342428856e-06,True
qp,,P1_old_full_opt,summer,18,3.1832301934185073e-14,0.0,3.1832301934185073e-14,,False,0.017251016698002664,0.0008474881056933404,14,2,32,0.4375,6.652607415523346e-14,shoulder,19,0,1.383742342428856e-06,True
qp,,P1_old_full_opt,summer,19,3.121380438448817e-14,0.0,3.121380438448817e-14,,False,0.017251016698002664,0.0008474881056933404,14,2,32,0.4375,6.652607415523346e-14,shoulder,19,0,1.383742342428856e-06,True
qp,,P1_old_full_opt,summer,20,3.062076685273723e-14,0.0,3.062076685273723e-14,,False,0.017251016698002664,0.0008474881056933404,14,2,32,0.4375,6.652607415523346e-14,shoulder,19,0,1.383742342428856e-06,True
qp,,P1_old_full_opt,summer,21,2.8910854594102284e-14,0.0,2.8910854594102284e-14,,False,0.017251016698002664,0.0008474881056933404,14,2,32,0.4375,6.652607415523346e-14,shoulder,19,0,1.383742342428856e-06,True
qp,,P1_old_full_opt,summer,22,2.689109843948325e-14,0.0,2.689109843948325e-14,,False,0.017251016698002664,0.0008474881056933404,14,2,32,0.4375,6.652607415523346e-14,shoulder,19,0,1.383742342428856e-06,True
qp,,P1_old_full_opt,summer,23,7.15955819415364e-14,0.0,7.15955819415364e-14,,False,0.017251016698002664,0.0008474881056933404,14,2,32,0.4375,6.652607415523346e-14,shoulder,19,0,1.383742342428856e-06,True
qp,,P1_old_full_opt,winter,0,0.051090103196718854,0.0,0.051090103196718854,,False,0.017251016698002664,0.0008474881056933404,14,2,32,0.4375,6.652607415523346e-14,shoulder,19,0,1.383742342428856e-06,True
qp,,P1_old_full_opt,winter,1,0.002126149814525984,0.0,0.002126149814525984,,False,0.017251016698002664,0.0008474881056933404,14,2,32,0.4375,6.652607415523346e-14,shoulder,19,0,1.383742342428856e-06,True
qp,,P1_old_full_opt,winter,2,9.74732512097641e-14,0.0,9.74732512097641e-14,,False,0.017251016698002664,0.0008474881056933404,14,2,32,0.4375,6.652607415523346e-14,shoulder,19,0,1.383742342428856e-06,True
qp,,P1_old_full_opt,winter,3,0.08296582568134125,0.0,0.08296582568134125,,False,0.017251016698002664,0.0008474881056933404,14,2,32,0.4375,6.652607415523346e-14,shoulder,19,0,1.383742342428856e-06,True
qp,,P1_old_full_opt,winter,4,0.051090103196832125,0.0,0.051090103196832125,,False,0.017251016698002664,0.0008474881056933404,14,2,32,0.4375,6.652607415523346e-14,shoulder,19,0,1.383742342428856e-06,True
qp,,P1_old_full_opt,winter,5,0.03481635554532935,0.02,0.014816355545329351,0.7408177772664676,False,0.017251016698002664,0.0008474881056933404,14,2,32,0.4375,6.652607415523346e-14,shoulder,19,0,1.383742342428856e-06,True
qp,,P1_old_full_opt,winter,6,9.615789648778373e-06,0.0,9.615789648778373e-06,,False,0.017251016698002664,0.0008474881056933404,14,2,32,0.4375,6.652607415523346e-14,shoulder,19,0,1.383742342428856e-06,True
qp,,P1_old_full_opt,winter,7,9.615789849061266e-06,0.0,9.615789849061266e-06,,False,0.017251016698002664,0.0008474881056933404,14,2,32,0.4375,6.652607415523346e-14,shoulder,19,0,1.383742342428856e-06,True
qp,,P1_old_full_opt,winter,8,9.615789883729859e-06,0.0,9.615789883729859e-06,,False,0.017251016698002664,0.0008474881056933404,14,2,32,0.4375,6.652607415523346e-14,shoulder,19,0,1.383742342428856e-06,True
qp,,P1_old_full_opt,winter,9,0.03697393408939845,0.0,0.03697393408939845,,False,0.017251016698002664,0.0008474881056933404,14,2,32,0.4375,6.652607415523346e-14,shoulder,19,0,1.383742342428856e-06,True
qp,,P1_old_full_opt,winter,10,0.0510901031967899,0.0,0.0510901031967899,,False,0.017251016698002664,0.0008474881056933404,14,2,32,0.4375,6.652607415523346e-14,shoulder,19,0,1.383742342428856e-06,True
qp,,P1_old_full_opt,winter,11,0.09938016081388715,0.0,0.09938016081388715,,False,0.017251016698002664,0.0008474881056933404,14,2,32,0.4375,6.652607415523346e-14,shoulder,19,0,1.383742342428856e-06,True
qp,,P1_old_full_opt,winter,12,1.1441274909920795e-13,0.0,1.1441274909920795e-13,,False,0.017251016698002664,0.0008474881056933404,14,2,32,0.4375,6.652607415523346e-14,shoulder,19,0,1.383742342428856e-06,True
qp,,P1_old_full_opt,winter,13,1.0073877411178188e-13,0.0,1.0073877411178188e-13,,False,0.017251016698002664,0.0008474881056933404,14,2,32,0.4375,6.652607415523346e-14,shoulder,19,0,1.383742342428856e-06,True
qp,,P1_old_full_opt,winter,14,1.054893878096302e-13,0.0,1.054893878096302e-13,,False,0.017251016698002664,0.0008474881056933404,14,2,32,0.4375,6.652607415523346e-14,shoulder,19,0,1.383742342428856e-06,True
qp,,P1_old_full_opt,winter,15,1.0941866903718419e-13,0.0,1.0941866903718419e-13,,False,0.017251016698002664,0.0008474881056933404,14,2,32,0.4375,6.652607415523346e-14,shoulder,19,0,1.383742342428856e-06,True
qp,,P1_old_full_opt,winter,16,1.149366118228617e-13,0.0,1.149366118228617e-13,,False,0.017251016698002664,0.0008474881056933404,14,2,32,0.4375,6.652607415523346e-14,shoulder,19,0,1.383742342428856e-06,True
qp,,P1_old_full_opt,winter,17,1.3312626092372343e-13,0.0,1.3312626092372343e-13,,False,0.017251016698002664,0.0008474881056933404,14,2,32,0.4375,6.652607415523346e-14,shoulder,19,0,1.383742342428856e-06,True
qp,,P1_old_full_opt,winter,18,1.232363206784062e-13,0.0,1.232363206784062e-13,,False,0.017251016698002664,0.0008474881056933404,14,2,32,0.4375,6.652607415523346e-14,shoulder,19,0,1.383742342428856e-06,True
qp,,P1_old_full_opt,winter,19,1.1929655906353897e-13,0.0,1.1929655906353897e-13,,False,0.017251016698002664,0.0008474881056933404,14,2,32,0.4375,6.652607415523346e-14,shoulder,19,0,1.383742342428856e-06,True
qp,,P1_old_full_opt,winter,20,1.1358695676194655e-13,0.0,1.1358695676194655e-13,,False,0.017251016698002664,0.0008474881056933404,14,2,32,0.4375,6.652607415523346e-14,shoulder,19,0,1.383742342428856e-06,True
qp,,P1_old_full_opt,winter,21,1.4304020174011662e-13,0.0,1.4304020174011662e-13,,False,0.017251016698002664,0.0008474881056933404,14,2,32,0.4375,6.652607415523346e-14,shoulder,19,0,1.383742342428856e-06,True
qp,,P1_old_full_opt,winter,22,0.03572411359085781,0.02,0.01572411359085781,0.7862056795428904,False,0.017251016698002664,0.0008474881056933404,14,2,32,0.4375,6.652607415523346e-14,shoulder,19,0,1.383742342428856e-06,True
qp,,P1_old_full_opt,winter,23,0.08296582568133112,0.0,0.08296582568133112,,False,0.017251016698002664,0.0008474881056933404,14,2,32,0.4375,6.652607415523346e-14,shoulder,19,0,1.383742342428856e-06,True
qp,,P1_old_full_opt,shoulder,0,0.017251016698007868,0.0,0.017251016698007868,,False,0.017251016698002664,0.0008474881056933404,14,2,32,0.4375,6.652607415523346e-14,shoulder,19,0,1.383742342428856e-06,True
qp,,P1_old_full_opt,shoulder,1,0.0019873705975564215,0.0,0.0019873705975564215,,False,0.017251016698002664,0.0008474881056933404,14,2,32,0.4375,6.652607415523346e-14,shoulder,19,0,1.383742342428856e-06,True
qp,,P1_old_full_opt,shoulder,2,1.3154367720999178e-14,0.0,1.3154367720999178e-14,,False,0.017251016698002664,0.0008474881056933404,14,2,32,0.4375,6.652607415523346e-14,shoulder,19,0,1.383742342428856e-06,True
qp,,P1_old_full_opt,shoulder,3,0.06654328738175888,0.0,0.06654328738175888,,False,0.017251016698002664,0.0008474881056933404,14,2,32,0.4375,6.652607415523346e-14,shoulder,19,0,1.383742342428856e-06,True
qp,,P1_old_full_opt,shoulder,4,0.0510901031967842,0.0,0.0510901031967842,,False,0.017251016698002664,0.0008474881056933404,14,2,32,0.4375,6.652607415523346e-14,shoulder,19,0,1.383742342428856e-06,True
qp,,P1_old_full_opt,shoulder,5,0.05590429345859639,0.02,0.03590429345859639,1.7952146729298193,False,0.017251016698002664,0.0008474881056933404,14,2,32,0.4375,6.652607415523346e-14,shoulder,19,0,1.383742342428856e-06,True
qp,,P1_old_full_opt,shoulder,6,6.262799552520925e-06,0.0,6.262799552520925e-06,,False,0.017251016698002664,0.0008474881056933404,14,2,32,0.4375,6.652607415523346e-14,shoulder,19,0,1.383742342428856e-06,True
qp,,P1_old_full_opt,shoulder,7,6.262799557263043e-06,0.0,6.262799557263043e-06,,False,0.017251016698002664,0.0008474881056933404,14,2,32,0.4375,6.652607415523346e-14,shoulder,19,0,1.383742342428856e-06,True
qp,,P1_old_full_opt,shoulder,8,1.1834388119000986e-14,0.0,1.1834388119000986e-14,,False,0.017251016698002664,0.0008474881056933404,14,2,32,0.4375,6.652607415523346e-14,shoulder,19,0,1.383742342428856e-06,True
qp,,P1_old_full_opt,shoulder,9,1.0860479174555731e-14,0.0,1.0860479174555731e-14,,False,0.017251016698002664,0.0008474881056933404,14,2,32,0.4375,6.652607415523346e-14,shoulder,19,0,1.383742342428856e-06,True
qp,,P1_old_full_opt,shoulder,10,0.08296582568137413,0.0,0.08296582568137413,,False,0.017251016698002664,0.0008474881056933404,14,2,32,0.4375,6.652607415523346e-14,shoulder,19,0,1.383742342428856e-06,True
qp,,P1_old_full_opt,shoulder,11,0.015794613769496292,0.0,0.015794613769496292,,False,0.017251016698002664,0.0008474881056933404,14,2,32,0.4375,6.652607415523346e-14,shoulder,19,0,1.383742342428856e-06,True
qp,,P1_old_full_opt,shoulder,12,8.635965584689776e-15,0.0,8.635965584689776e-15,,False,0.017251016698002664,0.0008474881056933404,14,2,32,0.4375,6.652607415523346e-14,shoulder,19,0,1.383742342428856e-06,True
qp,,P1_old_full_opt,shoulder,13,8.468977265546077e-15,0.0,8.468977265546077e-15,,False,0.017251016698002664,0.0008474881056933404,14,2,32,0.4375,6.652607415523346e-14,shoulder,19,0,1.383742342428856e-06,True
qp,,P1_old_full_opt,shoulder,14,8.743883491980892e-15,0.0,8.743883491980892e-15,,False,0.017251016698002664,0.0008474881056933404,14,2,32,0.4375,6.652607415523346e-14,shoulder,19,0,1.383742342428856e-06,True
qp,,P1_old_full_opt,shoulder,15,9.16338182374374e-15,0.0,9.16338182374374e-15,,False,0.017251016698002664,0.0008474881056933404,14,2,32,0.4375,6.652607415523346e-14,shoulder,19,0,1.383742342428856e-06,True
qp,,P1_old_full_opt,shoulder,16,1.672237224199658e-14,0.0,1.672237224199658e-14,,False,0.017251016698002664,0.0008474881056933404,14,2,32,0.4375,6.652607415523346e-14,shoulder,19,0,1.383742342428856e-06,True
qp,,P1_old_full_opt,shoulder,17,2.7989222848794815e-14,0.0,2.7989222848794815e-14,,False,0.017251016698002664,0.0008474881056933404,14,2,32,0.4375,6.652607415523346e-14,shoulder,19,0,1.383742342428856e-06,True
qp,,P1_old_full_opt,shoulder,18,2.0709229378277362e-14,0.0,2.0709229378277362e-14,,False,0.017251016698002664,0.0008474881056933404,14,2,32,0.4375,6.652607415523346e-14,shoulder,19,0,1.383742342428856e-06,True
qp,,P1_old_full_opt,shoulder,19,6.008297575649886e-14,0.0,6.008297575649886e-14,,False,0.017251016698002664,0.0008474881056933404,14,2,32,0.4375,6.652607415523346e-14,shoulder,19,0,1.383742342428856e-06,True
qp,,P1_old_full_opt,shoulder,20,1.641560184398093e-14,0.0,1.641560184398093e-14,,False,0.017251016698002664,0.0008474881056933404,14,2,32,0.4375,6.652607415523346e-14,shoulder,19,0,1.383742342428856e-06,True
qp,,P1_old_full_opt,shoulder,21,9.845900719470466e-15,0.0,9.845900719470466e-15,,False,0.017251016698002664,0.0008474881056933404,14,2,32,0.4375,6.652607415523346e-14,shoulder,19,0,1.383742342428856e-06,True
qp,,P1_old_full_opt,shoulder,22,9.428381146576806e-15,0.0,9.428381146576806e-15,,False,0.017251016698002664,0.0008474881056933404,14,2,32,0.4375,6.652607415523346e-14,shoulder,19,0,1.383742342428856e-06,True
qp,,P1_old_full_opt,shoulder,23,9.471651997794894e-15,0.0,9.471651997794894e-15,,False,0.017251016698002664,0.0008474881056933404,14,2,32,0.4375,6.652607415523346e-14,shoulder,19,0,1.383742342428856e-06,True
qp,,P2_dev_run1,summer,0,0.09218594538395664,0.1,0.00781405461604337,0.0781405461604337,False,0.02969919351985686,0.0014590278183243305,12,0,26,0.46153846153846156,6.14883865398783e-14,winter,9,0,1.2789584400294687e-06,True
qp,,P2_dev_run1,summer,1,3.933030376571126e-14,0.0,3.933030376571126e-14,,False,0.02969919351985686,0.0014590278183243305,12,0,26,0.46153846153846156,6.14883865398783e-14,winter,9,0,1.2789584400294687e-06,True
qp,,P2_dev_run1,summer,2,3.1782086127914963e-07,0.0,3.1782086127914963e-07,,False,0.02969919351985686,0.0014590278183243305,12,0,26,0.46153846153846156,6.14883865398783e-14,winter,9,0,1.2789584400294687e-06,True
qp,,P2_dev_run1,summer,3,3.1782075148527036e-07,0.0,3.1782075148527036e-07,,False,0.02969919351985686,0.0014590278183243305,12,0,26,0.46153846153846156,6.14883865398783e-14,winter,9,0,1.2789584400294687e-06,True
qp,,P2_dev_run1,summer,4,0.09130946106064894,0.05,0.041309461060648936,0.8261892212129787,False,0.02969919351985686,0.0014590278183243305,12,0,26,0.46153846153846156,6.14883865398783e-14,winter,9,0,1.2789584400294687e-06,True
qp,,P2_dev_run1,summer,5,0.0908991290166128,0.0,0.0908991290166128,,False,0.02969919351985686,0.0014590278183243305,12,0,26,0.46153846153846156,6.14883865398783e-14,winter,9,0,1.2789584400294687e-06,True
qp,,P2_dev_run1,summer,6,6.0385943603436285e-06,0.0,6.0385943603436285e-06,,False,0.02969919351985686,0.0014590278183243305,12,0,26,0.46153846153846156,6.14883865398783e-14,winter,9,0,1.2789584400294687e-06,True
qp,,P2_dev_run1,summer,7,6.038594367489889e-06,0.0,6.038594367489889e-06,,False,0.02969919351985686,0.0014590278183243305,12,0,26,0.46153846153846156,6.14883865398783e-14,winter,9,0,1.2789584400294687e-06,True
qp,,P2_dev_run1,summer,8,9.271549164822574e-06,0.0,9.271549164822574e-06,,False,0.02969919351985686,0.0014590278183243305,12,0,26,0.46153846153846156,6.14883865398783e-14,winter,9,0,1.2789584400294687e-06,True
qp,,P2_dev_run1,summer,9,5.790333244413639e-14,0.0,5.790333244413639e-14,,False,0.02969919351985686,0.0014590278183243305,12,0,26,0.46153846153846156,6.14883865398783e-14,winter,9,0,1.2789584400294687e-06,True
qp,,P2_dev_run1,summer,10,5.392681856215453e-14,0.0,5.392681856215453e-14,,False,0.02969919351985686,0.0014590278183243305,12,0,26,0.46153846153846156,6.14883865398783e-14,winter,9,0,1.2789584400294687e-06,True
qp,,P2_dev_run1,summer,11,5.509442322460626e-14,0.0,5.509442322460626e-14,,False,0.02969919351985686,0.0014590278183243305,12,0,26,0.46153846153846156,6.14883865398783e-14,winter,9,0,1.2789584400294687e-06,True
qp,,P2_dev_run1,summer,12,5.427536190643124e-14,0.0,5.427536190643124e-14,,False,0.02969919351985686,0.0014590278183243305,12,0,26,0.46153846153846156,6.14883865398783e-14,winter,9,0,1.2789584400294687e-06,True
qp,,P2_dev_run1,summer,13,5.1969402982920005e-14,0.0,5.1969402982920005e-14,,False,0.02969919351985686,0.0014590278183243305,12,0,26,0.46153846153846156,6.14883865398783e-14,winter,9,0,1.2789584400294687e-06,True
qp,,P2_dev_run1,summer,14,5.899986567422854e-14,0.0,5.899986567422854e-14,,False,0.02969919351985686,0.0014590278183243305,12,0,26,0.46153846153846156,6.14883865398783e-14,winter,9,0,1.2789584400294687e-06,True
qp,,P2_dev_run1,summer,15,0.051865375523511954,0.0,0.051865375523511954,,False,0.02969919351985686,0.0014590278183243305,12,0,26,0.46153846153846156,6.14883865398783e-14,winter,9,0,1.2789584400294687e-06,True
qp,,P2_dev_run1,summer,16,0.08958404958643812,0.1,0.010415950413561886,0.10415950413561886,False,0.02969919351985686,0.0014590278183243305,12,0,26,0.46153846153846156,6.14883865398783e-14,winter,9,0,1.2789584400294687e-06,True
qp,,P2_dev_run1,summer,17,1.195310167530302e-13,0.0,1.195310167530302e-13,,False,0.02969919351985686,0.0014590278183243305,12,0,26,0.46153846153846156,6.14883865398783e-14,winter,9,0,1.2789584400294687e-06,True
qp,,P2_dev_run1,summer,18,6.568249255207822e-14,0.0,6.568249255207822e-14,,False,0.02969919351985686,0.0014590278183243305,12,0,26,0.46153846153846156,6.14883865398783e-14,winter,9,0,1.2789584400294687e-06,True
qp,,P2_dev_run1,summer,19,6.381611763488747e-14,0.0,6.381611763488747e-14,,False,0.02969919351985686,0.0014590278183243305,12,0,26,0.46153846153846156,6.14883865398783e-14,winter,9,0,1.2789584400294687e-06,True
qp,,P2_dev_run1,summer,20,6.247233542191708e-14,0.0,6.247233542191708e-14,,False,0.02969919351985686,0.0014590278183243305,12,0,26,0.46153846153846156,6.14883865398783e-14,winter,9,0,1.2789584400294687e-06,True
qp,,P2_dev_run1,summer,21,5.856483233257133e-14,0.0,5.856483233257133e-14,,False,0.02969919351985686,0.0014590278183243305,12,0,26,0.46153846153846156,6.14883865398783e-14,winter,9,0,1.2789584400294687e-06,True
qp,,P2_dev_run1,summer,22,5.401946718414637e-14,0.0,5.401946718414637e-14,,False,0.02969919351985686,0.0014590278183243305,12,0,26,0.46153846153846156,6.14883865398783e-14,winter,9,0,1.2789584400294687e-06,True
qp,,P2_dev_run1,summer,23,1.425906994977704e-13,0.0,1.425906994977704e-13,,False,0.02969919351985686,0.0014590278183243305,12,0,26,0.46153846153846156,6.14883865398783e-14,winter,9,0,1.2789584400294687e-06,True
qp,,P2_dev_run1,winter,0,0.09218594538395994,0.1,0.007814054616040067,0.07814054616040067,False,0.02969919351985686,0.0014590278183243305,12,0,26,0.46153846153846156,6.14883865398783e-14,winter,9,0,1.2789584400294687e-06,True
qp,,P2_dev_run1,winter,1,2.8081387014324387e-14,0.0,2.8081387014324387e-14,,False,0.02969919351985686,0.0014590278183243305,12,0,26,0.46153846153846156,6.14883865398783e-14,winter,9,0,1.2789584400294687e-06,True
qp,,P2_dev_run1,winter,2,4.879762493533248e-07,0.0,4.879762493533248e-07,,False,0.02969919351985686,0.0014590278183243305,12,0,26,0.46153846153846156,6.14883865398783e-14,winter,9,0,1.2789584400294687e-06,True
qp,,P2_dev_run1,winter,3,0.05687053216310977,0.05,0.006870532163109767,0.13741064326219535,False,0.02969919351985686,0.0014590278183243305,12,0,26,0.46153846153846156,6.14883865398783e-14,winter,9,0,1.2789584400294687e-06,True
qp,,P2_dev_run1,winter,4,0.11954561052912509,0.0,0.11954561052912509,,False,0.02969919351985686,0.0014590278183243305,12,0,26,0.46153846153846156,6.14883865398783e-14,winter,9,0,1.2789584400294687e-06,True
qp,,P2_dev_run1,winter,5,9.271549336881195e-06,0.0,9.271549336881195e-06,,False,0.02969919351985686,0.0014590278183243305,12,0,26,0.46153846153846156,6.14883865398783e-14,winter,9,0,1.2789584400294687e-06,True
qp,,P2_dev_run1,winter,6,9.271549150262239e-06,0.0,9.271549150262239e-06,,False,0.02969919351985686,0.0014590278183243305,12,0,26,0.46153846153846156,6.14883865398783e-14,winter,9,0,1.2789584400294687e-06,True
qp,,P2_dev_run1,winter,7,9.271549168967034e-06,0.0,9.271549168967034e-06,,False,0.02969919351985686,0.0014590278183243305,12,0,26,0.46153846153846156,6.14883865398783e-14,winter,9,0,1.2789584400294687e-06,True
qp,,P2_dev_run1,winter,8,9.27154918070625e-06,0.0,9.27154918070625e-06,,False,0.02969919351985686,0.0014590278183243305,12,0,26,0.46153846153846156,6.14883865398783e-14,winter,9,0,1.2789584400294687e-06,True
qp,,P2_dev_run1,winter,9,1.2271969621415941e-13,0.0,1.2271969621415941e-13,,False,0.02969919351985686,0.0014590278183243305,12,0,26,0.46153846153846156,6.14883865398783e-14,winter,9,0,1.2789584400294687e-06,True
qp,,P2_dev_run1,winter,10,0.08795625720811917,0.0,0.08795625720811917,,False,0.02969919351985686,0.0014590278183243305,12,0,26,0.46153846153846156,6.14883865398783e-14,winter,9,0,1.2789584400294687e-06,True
qp,,P2_dev_run1,winter,11,0.045110394746642433,0.05,0.004889605253357569,0.09779210506715139,False,0.02969919351985686,0.0014590278183243305,12,0,26,0.46153846153846156,6.14883865398783e-14,winter,9,0,1.2789584400294687e-06,True
qp,,P2_dev_run1,winter,12,3.4166479937673094e-14,0.0,3.4166479937673094e-14,,False,0.02969919351985686,0.0014590278183243305,12,0,26,0.46153846153846156,6.14883865398783e-14,winter,9,0,1.2789584400294687e-06,True
qp,,P2_dev_run1,winter,13,3.4109630283383257e-14,0.0,3.4109630283383257e-14,,False,0.02969919351985686,0.0014590278183243305,12,0,26,0.46153846153846156,6.14883865398783e-14,winter,9,0,1.2789584400294687e-06,True
qp,,P2_dev_run1,winter,14,3.277934835636858e-14,0.0,3.277934835636858e-14,,False,0.02969919351985686,0.0014590278183243305,12,0,26,0.46153846153846156,6.14883865398783e-14,winter,9,0,1.2789584400294687e-06,True
qp,,P2_dev_run1,winter,15,3.4001889692672824e-14,0.0,3.4001889692672824e-14,,False,0.02969919351985686,0.0014590278183243305,12,0,26,0.46153846153846156,6.14883865398783e-14,winter,9,0,1.2789584400294687e-06,True
qp,,P2_dev_run1,winter,16,3.5361227257623323e-14,0.0,3.5361227257623323e-14,,False,0.02969919351985686,0.0014590278183243305,12,0,26,0.46153846153846156,6.14883865398783e-14,winter,9,0,1.2789584400294687e-06,True
qp,,P2_dev_run1,winter,17,3.8388466828976703e-14,0.0,3.8388466828976703e-14,,False,0.02969919351985686,0.0014590278183243305,12,0,26,0.46153846153846156,6.14883865398783e-14,winter,9,0,1.2789584400294687e-06,True
qp,,P2_dev_run1,winter,18,3.829894074219463e-14,0.0,3.829894074219463e-14,,False,0.02969919351985686,0.0014590278183243305,12,0,26,0.46153846153846156,6.14883865398783e-14,winter,9,0,1.2789584400294687e-06,True
qp,,P2_dev_run1,winter,19,3.711036663752371e-14,0.0,3.711036663752371e-14,,False,0.02969919351985686,0.0014590278183243305,12,0,26,0.46153846153846156,6.14883865398783e-14,winter,9,0,1.2789584400294687e-06,True
qp,,P2_dev_run1,winter,20,3.5378307084297725e-14,0.0,3.5378307084297725e-14,,False,0.02969919351985686,0.0014590278183243305,12,0,26,0.46153846153846156,6.14883865398783e-14,winter,9,0,1.2789584400294687e-06,True
qp,,P2_dev_run1,winter,21,4.879761894395116e-07,0.0,4.879761894395116e-07,,False,0.02969919351985686,0.0014590278183243305,12,0,26,0.46153846153846156,6.14883865398783e-14,winter,9,0,1.2789584400294687e-06,True
qp,,P2_dev_run1,winter,22,4.879763040953924e-07,0.0,4.879763040953924e-07,,False,0.02969919351985686,0.0014590278183243305,12,0,26,0.46153846153846156,6.14883865398783e-14,winter,9,0,1.2789584400294687e-06,True
qp,,P2_dev_run1,winter,23,0.10242903555643545,0.1,0.0024290355564354493,0.024290355564354493,False,0.02969919351985686,0.0014590278183243305,12,0,26,0.46153846153846156,6.14883865398783e-14,winter,9,0,1.2789584400294687e-06,True
qp,,P2_dev_run1,shoulder,0,0.09218594538395142,0.1,0.007814054616048588,0.07814054616048588,False,0.02969919351985686,0.0014590278183243305,12,0,26,0.46153846153846156,6.14883865398783e-14,winter,9,0,1.2789584400294687e-06,True
qp,,P2_dev_run1,shoulder,1,1.3146022294182418e-14,0.0,1.3146022294182418e-14,,False,0.02969919351985686,0.0014590278183243305,12,0,26,0.46153846153846156,6.14883865398783e-14,winter,9,0,1.2789584400294687e-06,True
qp,,P2_dev_run1,shoulder,2,3.1782077891530045e-07,0.0,3.1782077891530045e-07,,False,0.02969919351985686,0.0014590278183243305,12,0,26,0.46153846153846156,6.14883865398783e-14,winter,9,0,1.2789584400294687e-06,True
qp,,P2_dev_run1,shoulder,3,0.02926104728134097,0.05,0.020738952718659033,0.41477905437318063,False,0.02969919351985686,0.0014590278183243305,12,0,26,0.46153846153846156,6.14883865398783e-14,winter,9,0,1.2789584400294687e-06,True
qp,,P2_dev_run1,shoulder,4,0.08795625720810066,0.0,0.08795625720810066,,False,0.02969919351985686,0.0014590278183243305,12,0,26,0.46153846153846156,6.14883865398783e-14,winter,9,0,1.2789584400294687e-06,True
qp,,P2_dev_run1,shoulder,5,0.020620238305133872,0.0,0.020620238305133872,,False,0.02969919351985686,0.0014590278183243305,12,0,26,0.46153846153846156,6.14883865398783e-14,winter,9,0,1.2789584400294687e-06,True
qp,,P2_dev_run1,shoulder,6,6.03859431522603e-06,0.0,6.03859431522603e-06,,False,0.02969919351985686,0.0014590278183243305,12,0,26,0.46153846153846156,6.14883865398783e-14,winter,9,0,1.2789584400294687e-06,True
qp,,P2_dev_run1,shoulder,7,6.038594319670473e-06,0.0,6.038594319670473e-06,,False,0.02969919351985686,0.0014590278183243305,12,0,26,0.46153846153846156,6.14883865398783e-14,winter,9,0,1.2789584400294687e-06,True
qp,,P2_dev_run1,shoulder,8,2.0266901210560804e-14,0.0,2.0266901210560804e-14,,False,0.02969919351985686,0.0014590278183243305,12,0,26,0.46153846153846156,6.14883865398783e-14,winter,9,0,1.2789584400294687e-06,True
qp,,P2_dev_run1,shoulder,9,1.7867130425677504e-14,0.0,1.7867130425677504e-14,,False,0.02969919351985686,0.0014590278183243305,12,0,26,0.46153846153846156,6.14883865398783e-14,winter,9,0,1.2789584400294687e-06,True
qp,,P2_dev_run1,shoulder,10,0.08376850841741663,0.1,0.01623149158258337,0.1623149158258337,False,0.02969919351985686,0.0014590278183243305,12,0,26,0.46153846153846156,6.14883865398783e-14,winter,9,0,1.2789584400294687e-06,True
qp,,P2_dev_run1,shoulder,11,0.0128463140572495,0.0,0.0128463140572495,,False,0.02969919351985686,0.0014590278183243305,12,0,26,0.46153846153846156,6.14883865398783e-14,winter,9,0,1.2789584400294687e-06,True
qp,,P2_dev_run1,shoulder,12,1.3886366624612204e-14,0.0,1.3886366624612204e-14,,False,0.02969919351985686,0.0014590278183243305,12,0,26,0.46153846153846156,6.14883865398783e-14,winter,9,0,1.2789584400294687e-06,True
qp,,P2_dev_run1,shoulder,13,1.3629649772013076e-14,0.0,1.3629649772013076e-14,,False,0.02969919351985686,0.0014590278183243305,12,0,26,0.46153846153846156,6.14883865398783e-14,winter,9,0,1.2789584400294687e-06,True
qp,,P2_dev_run1,shoulder,14,1.4030121001485338e-14,0.0,1.4030121001485338e-14,,False,0.02969919351985686,0.0014590278183243305,12,0,26,0.46153846153846156,6.14883865398783e-14,winter,9,0,1.2789584400294687e-06,True
qp,,P2_dev_run1,shoulder,15,1.4791247449084177e-14,0.0,1.4791247449084177e-14,,False,0.02969919351985686,0.0014590278183243305,12,0,26,0.46153846153846156,6.14883865398783e-14,winter,9,0,1.2789584400294687e-06,True
qp,,P2_dev_run1,shoulder,16,2.926475525918183e-14,0.0,2.926475525918183e-14,,False,0.02969919351985686,0.0014590278183243305,12,0,26,0.46153846153846156,6.14883865398783e-14,winter,9,0,1.2789584400294687e-06,True
qp,,P2_dev_run1,shoulder,17,5.5129762118385693e-14,0.0,5.5129762118385693e-14,,False,0.02969919351985686,0.0014590278183243305,12,0,26,0.46153846153846156,6.14883865398783e-14,winter,9,0,1.2789584400294687e-06,True
qp,,P2_dev_run1,shoulder,18,3.79950382857432e-14,0.0,3.79950382857432e-14,,False,0.02969919351985686,0.0014590278183243305,12,0,26,0.46153846153846156,6.14883865398783e-14,winter,9,0,1.2789584400294687e-06,True
qp,,P2_dev_run1,shoulder,19,1.1986390665951553e-13,0.0,1.1986390665951553e-13,,False,0.02969919351985686,0.0014590278183243305,12,0,26,0.46153846153846156,6.14883865398783e-14,winter,9,0,1.2789584400294687e-06,True
qp,,P2_dev_run1,shoulder,20,2.8693202998700645e-14,0.0,2.8693202998700645e-14,,False,0.02969919351985686,0.0014590278183243305,12,0,26,0.46153846153846156,6.14883865398783e-14,winter,9,0,1.2789584400294687e-06,True
qp,,P2_dev_run1,shoulder,21,1.593196291987389e-14,0.0,1.593196291987389e-14,,False,0.02969919351985686,0.0014590278183243305,12,0,26,0.46153846153846156,6.14883865398783e-14,winter,9,0,1.2789584400294687e-06,True
qp,,P2_dev_run1,shoulder,22,1.516618675734015e-14,0.0,1.516618675734015e-14,,False,0.02969919351985686,0.0014590278183243305,12,0,26,0.46153846153846156,6.14883865398783e-14,winter,9,0,1.2789584400294687e-06,True
qp,,P2_dev_run1,shoulder,23,1.5368417602663632e-14,0.0,1.5368417602663632e-14,,False,0.02969919351985686,0.0014590278183243305,12,0,26,0.46153846153846156,6.14883865398783e-14,winter,9,0,1.2789584400294687e-06,True
qp,,P3_dev_run0,summer,0,0.14189099171882832,0.15,0.00810900828117167,0.05406005520781114,False,0.10242791164439083,0.005031960627554209,14,0,25,0.56,2.318235288034318e-14,shoulder,11,0,4.821929399111381e-07,True
qp,,P3_dev_run0,summer,1,1.2526265805827237e-14,0.0,1.2526265805827237e-14,,False,0.10242791164439083,0.005031960627554209,14,0,25,0.56,2.318235288034318e-14,shoulder,11,0,4.821929399111381e-07,True
qp,,P3_dev_run0,summer,2,4.891841004634712e-07,0.0,4.891841004634712e-07,,False,0.10242791164439083,0.005031960627554209,14,0,25,0.56,2.318235288034318e-14,shoulder,11,0,4.821929399111381e-07,True
qp,,P3_dev_run0,summer,3,4.891841260856396e-07,0.0,4.891841260856396e-07,,False,0.10242791164439083,0.005031960627554209,14,0,25,0.56,2.318235288034318e-14,shoulder,11,0,4.821929399111381e-07,True
qp,,P3_dev_run0,summer,4,0.10123197037634267,0.0,0.10123197037634267,,False,0.10242791164439083,0.005031960627554209,14,0,25,0.56,2.318235288034318e-14,shoulder,11,0,4.821929399111381e-07,True
qp,,P3_dev_run0,summer,5,0.10413600212796759,0.2,0.09586399787203242,0.4793199893601621,False,0.10242791164439083,0.005031960627554209,14,0,25,0.56,2.318235288034318e-14,shoulder,11,0,4.821929399111381e-07,True
qp,,P3_dev_run0,summer,6,9.294498546600314e-06,0.0,9.294498546600314e-06,,False,0.10242791164439083,0.005031960627554209,14,0,25,0.56,2.318235288034318e-14,shoulder,11,0,4.821929399111381e-07,True
qp,,P3_dev_run0,summer,7,9.29449854818839e-06,0.0,9.29449854818839e-06,,False,0.10242791164439083,0.005031960627554209,14,0,25,0.56,2.318235288034318e-14,shoulder,11,0,4.821929399111381e-07,True
qp,,P3_dev_run0,summer,8,9.294498559446014e-06,0.0,9.294498559446014e-06,,False,0.10242791164439083,0.005031960627554209,14,0,25,0.56,2.318235288034318e-14,shoulder,11,0,4.821929399111381e-07,True
qp,,P3_dev_run0,summer,9,2.69850166828011e-14,0.0,2.69850166828011e-14,,False,0.10242791164439083,0.005031960627554209,14,0,25,0.56,2.318235288034318e-14,shoulder,11,0,4.821929399111381e-07,True
qp,,P3_dev_run0,summer,10,2.1021071883363672e-14,0.0,2.1021071883363672e-14,,False,0.10242791164439083,0.005031960627554209,14,0,25,0.56,2.318235288034318e-14,shoulder,11,0,4.821929399111381e-07,True
qp,,P3_dev_run0,summer,11,2.1959755713790795e-14,0.0,2.1959755713790795e-14,,False,0.10242791164439083,0.005031960627554209,14,0,25,0.56,2.318235288034318e-14,shoulder,11,0,4.821929399111381e-07,True
qp,,P3_dev_run0,summer,12,2.1407169093452974e-14,0.0,2.1407169093452974e-14,,False,0.10242791164439083,0.005031960627554209,14,0,25,0.56,2.318235288034318e-14,shoulder,11,0,4.821929399111381e-07,True
qp,,P3_dev_run0,summer,13,1.9747402648063662e-14,0.0,1.9747402648063662e-14,,False,0.10242791164439083,0.005031960627554209,14,0,25,0.56,2.318235288034318e-14,shoulder,11,0,4.821929399111381e-07,True
qp,,P3_dev_run0,summer,14,2.281865611544656e-14,0.0,2.281865611544656e-14,,False,0.10242791164439083,0.005031960627554209,14,0,25,0.56,2.318235288034318e-14,shoulder,11,0,4.821929399111381e-07,True
qp,,P3_dev_run0,summer,15,0.10306008660921481,0.0,0.10306008660921481,,False,0.10242791164439083,0.005031960627554209,14,0,25,0.56,2.318235288034318e-14,shoulder,11,0,4.821929399111381e-07,True
qp,,P3_dev_run0,summer,16,0.1707528468181968,0.2,0.02924715318180321,0.14623576590901605,False,0.10242791164439083,0.005031960627554209,14,0,25,0.56,2.318235288034318e-14,shoulder,11,0,4.821929399111381e-07,True
qp,,P3_dev_run0,summer,17,4.4689053989909305e-14,0.0,4.4689053989909305e-14,,False,0.10242791164439083,0.005031960627554209,14,0,25,0.56,2.318235288034318e-14,shoulder,11,0,4.821929399111381e-07,True
qp,,P3_dev_run0,summer,18,2.942572166485231e-14,0.0,2.942572166485231e-14,,False,0.10242791164439083,0.005031960627554209,14,0,25,0.56,2.318235288034318e-14,shoulder,11,0,4.821929399111381e-07,True
qp,,P3_dev_run0,summer,19,2.8629508598195244e-14,0.0,2.8629508598195244e-14,,False,0.10242791164439083,0.005031960627554209,14,0,25,0.56,2.318235288034318e-14,shoulder,11,0,4.821929399111381e-07,True
qp,,P3_dev_run0,summer,20,2.7471679323516984e-14,0.0,2.7471679323516984e-14,,False,0.10242791164439083,0.005031960627554209,14,0,25,0.56,2.318235288034318e-14,shoulder,11,0,4.821929399111381e-07,True
qp,,P3_dev_run0,summer,21,2.4143680413485822e-14,0.0,2.4143680413485822e-14,,False,0.10242791164439083,0.005031960627554209,14,0,25,0.56,2.318235288034318e-14,shoulder,11,0,4.821929399111381e-07,True
qp,,P3_dev_run0,summer,22,2.2201169717209673e-14,0.0,2.2201169717209673e-14,,False,0.10242791164439083,0.005031960627554209,14,0,25,0.56,2.318235288034318e-14,shoulder,11,0,4.821929399111381e-07,True
qp,,P3_dev_run0,summer,23,0.06198968999887746,0.0,0.06198968999887746,,False,0.10242791164439083,0.005031960627554209,14,0,25,0.56,2.318235288034318e-14,shoulder,11,0,4.821929399111381e-07,True
qp,,P3_dev_run0,winter,0,0.14189099171883093,0.15,0.008109008281169061,0.05406005520779374,False,0.10242791164439083,0.005031960627554209,14,0,25,0.56,2.318235288034318e-14,shoulder,11,0,4.821929399111381e-07,True
qp,,P3_dev_run0,winter,1,7.579423981096457e-15,0.0,7.579423981096457e-15,,False,0.10242791164439083,0.005031960627554209,14,0,25,0.56,2.318235288034318e-14,shoulder,11,0,4.821929399111381e-07,True
qp,,P3_dev_run0,winter,2,4.891841258537967e-07,0.0,4.891841258537967e-07,,False,0.10242791164439083,0.005031960627554209,14,0,25,0.56,2.318235288034318e-14,shoulder,11,0,4.821929399111381e-07,True
qp,,P3_dev_run0,winter,3,0.04891895411378863,0.0,0.04891895411378863,,False,0.10242791164439083,0.005031960627554209,14,0,25,0.56,2.318235288034318e-14,shoulder,11,0,4.821929399111381e-07,True
qp,,P3_dev_run0,winter,4,0.1735049392870935,0.2,0.0264950607129065,0.1324753035645325,False,0.10242791164439083,0.005031960627554209,14,0,25,0.56,2.318235288034318e-14,shoulder,11,0,4.821929399111381e-07,True
qp,,P3_dev_run0,winter,5,9.294498551625296e-06,0.0,9.294498551625296e-06,,False,0.10242791164439083,0.005031960627554209,14,0,25,0.56,2.318235288034318e-14,shoulder,11,0,4.821929399111381e-07,True
qp,,P3_dev_run0,winter,6,9.2944985525212e-06,0.0,9.2944985525212e-06,,False,0.10242791164439083,0.005031960627554209,14,0,25,0.56,2.318235288034318e-14,shoulder,11,0,4.821929399111381e-07,True
qp,,P3_dev_run0,winter,7,1.3800014541797679e-05,0.0,1.3800014541797679e-05,,False,0.10242791164439083,0.005031960627554209,14,0,25,0.56,2.318235288034318e-14,shoulder,11,0,4.821929399111381e-07,True
qp,,P3_dev_run0,winter,8,1.3800014546737768e-05,0.0,1.3800014546737768e-05,,False,0.10242791164439083,0.005031960627554209,14,0,25,0.56,2.318235288034318e-14,shoulder,11,0,4.821929399111381e-07,True
qp,,P3_dev_run0,winter,9,1.674593898637007e-14,0.0,1.674593898637007e-14,,False,0.10242791164439083,0.005031960627554209,14,0,25,0.56,2.318235288034318e-14,shoulder,11,0,4.821929399111381e-07,True
qp,,P3_dev_run0,winter,10,0.2837740585969543,0.3,0.016225941403045674,0.054086471343485584,False,0.10242791164439083,0.005031960627554209,14,0,25,0.56,2.318235288034318e-14,shoulder,11,0,4.821929399111381e-07,True
qp,,P3_dev_run0,winter,11,1.4779702609633245e-14,0.0,1.4779702609633245e-14,,False,0.10242791164439083,0.005031960627554209,14,0,25,0.56,2.318235288034318e-14,shoulder,11,0,4.821929399111381e-07,True
qp,,P3_dev_run0,winter,12,1.1848664432645144e-14,0.0,1.1848664432645144e-14,,False,0.10242791164439083,0.005031960627554209,14,0,25,0.56,2.318235288034318e-14,shoulder,11,0,4.821929399111381e-07,True
qp,,P3_dev_run0,winter,13,5.811100389093061e-06,0.0,5.811100389093061e-06,,False,0.10242791164439083,0.005031960627554209,14,0,25,0.56,2.318235288034318e-14,shoulder,11,0,4.821929399111381e-07,True
qp,,P3_dev_run0,winter,14,1.0815538874618654e-14,0.0,1.0815538874618654e-14,,False,0.10242791164439083,0.005031960627554209,14,0,25,0.56,2.318235288034318e-14,shoulder,11,0,4.821929399111381e-07,True
qp,,P3_dev_run0,winter,15,1.167840727638043e-14,0.0,1.167840727638043e-14,,False,0.10242791164439083,0.005031960627554209,14,0,25,0.56,2.318235288034318e-14,shoulder,11,0,4.821929399111381e-07,True
qp,,P3_dev_run0,winter,16,1.2775081366763606e-14,0.0,1.2775081366763606e-14,,False,0.10242791164439083,0.005031960627554209,14,0,25,0.56,2.318235288034318e-14,shoulder,11,0,4.821929399111381e-07,True
qp,,P3_dev_run0,winter,17,1.5088123517373133e-14,0.0,1.5088123517373133e-14,,False,0.10242791164439083,0.005031960627554209,14,0,25,0.56,2.318235288034318e-14,shoulder,11,0,4.821929399111381e-07,True
qp,,P3_dev_run0,winter,18,1.5160150025046965e-14,0.0,1.5160150025046965e-14,,False,0.10242791164439083,0.005031960627554209,14,0,25,0.56,2.318235288034318e-14,shoulder,11,0,4.821929399111381e-07,True
qp,,P3_dev_run0,winter,19,1.3950024123436114e-14,0.0,1.3950024123436114e-14,,False,0.10242791164439083,0.005031960627554209,14,0,25,0.56,2.318235288034318e-14,shoulder,11,0,4.821929399111381e-07,True
qp,,P3_dev_run0,winter,20,1.4347137319674306e-14,0.0,1.4347137319674306e-14,,False,0.10242791164439083,0.005031960627554209,14,0,25,0.56,2.318235288034318e-14,shoulder,11,0,4.821929399111381e-07,True
qp,,P3_dev_run0,winter,21,7.263165192921492e-07,0.0,7.263165192921492e-07,,False,0.10242791164439083,0.005031960627554209,14,0,25,0.56,2.318235288034318e-14,shoulder,11,0,4.821929399111381e-07,True
qp,,P3_dev_run0,winter,22,7.263165020105561e-07,0.0,7.263165020105561e-07,,False,0.10242791164439083,0.005031960627554209,14,0,25,0.56,2.318235288034318e-14,shoulder,11,0,4.821929399111381e-07,True
qp,,P3_dev_run0,winter,23,0.15765697661801537,0.15,0.007656976618015371,0.05104651078676914,False,0.10242791164439083,0.005031960627554209,14,0,25,0.56,2.318235288034318e-14,shoulder,11,0,4.821929399111381e-07,True
qp,,P3_dev_run0,shoulder,0,0.14152571700245925,0.1,0.041525717002459245,0.41525717002459245,False,0.10242791164439083,0.005031960627554209,14,0,25,0.56,2.318235288034318e-14,shoulder,11,0,4.821929399111381e-07,True
qp,,P3_dev_run0,shoulder,1,1.1243047823160062e-14,0.0,1.1243047823160062e-14,,False,0.10242791164439083,0.005031960627554209,14,0,25,0.56,2.318235288034318e-14,shoulder,11,0,4.821929399111381e-07,True
qp,,P3_dev_run0,shoulder,2,4.891841166359729e-07,0.0,4.891841166359729e-07,,False,0.10242791164439083,0.005031960627554209,14,0,25,0.56,2.318235288034318e-14,shoulder,11,0,4.821929399111381e-07,True
qp,,P3_dev_run0,shoulder,3,4.891841009365603e-07,0.0,4.891841009365603e-07,,False,0.10242791164439083,0.005031960627554209,14,0,25,0.56,2.318235288034318e-14,shoulder,11,0,4.821929399111381e-07,True
qp,,P3_dev_run0,shoulder,4,0.20536482693889874,0.2,0.005364826938898726,0.02682413469449363,False,0.10242791164439083,0.005031960627554209,14,0,25,0.56,2.318235288034318e-14,shoulder,11,0,4.821929399111381e-07,True
qp,,P3_dev_run0,shoulder,5,9.29449854332801e-06,0.0,9.29449854332801e-06,,False,0.10242791164439083,0.005031960627554209,14,0,25,0.56,2.318235288034318e-14,shoulder,11,0,4.821929399111381e-07,True
qp,,P3_dev_run0,shoulder,6,9.2944985437581e-06,0.0,9.2944985437581e-06,,False,0.10242791164439083,0.005031960627554209,14,0,25,0.56,2.318235288034318e-14,shoulder,11,0,4.821929399111381e-07,True
qp,,P3_dev_run0,shoulder,7,9.294498547663931e-06,0.0,9.294498547663931e-06,,False,0.10242791164439083,0.005031960627554209,14,0,25,0.56,2.318235288034318e-14,shoulder,11,0,4.821929399111381e-07,True
qp,,P3_dev_run0,shoulder,8,3.116851031051561e-14,0.0,3.116851031051561e-14,,False,0.10242791164439083,0.005031960627554209,14,0,25,0.56,2.318235288034318e-14,shoulder,11,0,4.821929399111381e-07,True
qp,,P3_dev_run0,shoulder,9,1.48332908325457e-14,0.0,1.48332908325457e-14,,False,0.10242791164439083,0.005031960627554209,14,0,25,0.56,2.318235288034318e-14,shoulder,11,0,4.821929399111381e-07,True
qp,,P3_dev_run0,shoulder,10,0.1418134917463652,0.15,0.008186508253634789,0.0545767216908986,False,0.10242791164439083,0.005031960627554209,14,0,25,0.56,2.318235288034318e-14,shoulder,11,0,4.821929399111381e-07,True
qp,,P3_dev_run0,shoulder,11,1.79963919356645e-13,0.0,1.79963919356645e-13,,False,0.10242791164439083,0.005031960627554209,14,0,25,0.56,2.318235288034318e-14,shoulder,11,0,4.821929399111381e-07,True
qp,,P3_dev_run0,shoulder,12,1.2410203470297979e-14,0.0,1.2410203470297979e-14,,False,0.10242791164439083,0.005031960627554209,14,0,25,0.56,2.318235288034318e-14,shoulder,11,0,4.821929399111381e-07,True
qp,,P3_dev_run0,shoulder,13,1.2766009163779432e-14,0.0,1.2766009163779432e-14,,False,0.10242791164439083,0.005031960627554209,14,0,25,0.56,2.318235288034318e-14,shoulder,11,0,4.821929399111381e-07,True
qp,,P3_dev_run0,shoulder,14,1.268688301828779e-14,0.0,1.268688301828779e-14,,False,0.10242791164439083,0.005031960627554209,14,0,25,0.56,2.318235288034318e-14,shoulder,11,0,4.821929399111381e-07,True
qp,,P3_dev_run0,shoulder,15,1.3451832293456678e-14,0.0,1.3451832293456678e-14,,False,0.10242791164439083,0.005031960627554209,14,0,25,0.56,2.318235288034318e-14,shoulder,11,0,4.821929399111381e-07,True
qp,,P3_dev_run0,shoulder,16,2.0416775814879737e-14,0.0,2.0416775814879737e-14,,False,0.10242791164439083,0.005031960627554209,14,0,25,0.56,2.318235288034318e-14,shoulder,11,0,4.821929399111381e-07,True
qp,,P3_dev_run0,shoulder,17,3.1725129146839074e-14,0.0,3.1725129146839074e-14,,False,0.10242791164439083,0.005031960627554209,14,0,25,0.56,2.318235288034318e-14,shoulder,11,0,4.821929399111381e-07,True
qp,,P3_dev_run0,shoulder,18,2.5620930935084733e-14,0.0,2.5620930935084733e-14,,False,0.10242791164439083,0.005031960627554209,14,0,25,0.56,2.318235288034318e-14,shoulder,11,0,4.821929399111381e-07,True
qp,,P3_dev_run0,shoulder,19,4.8292947426716625e-14,0.0,4.8292947426716625e-14,,False,0.10242791164439083,0.005031960627554209,14,0,25,0.56,2.318235288034318e-14,shoulder,11,0,4.821929399111381e-07,True
qp,,P3_dev_run0,shoulder,20,2.1371025068664747e-14,0.0,2.1371025068664747e-14,,False,0.10242791164439083,0.005031960627554209,14,0,25,0.56,2.318235288034318e-14,shoulder,11,0,4.821929399111381e-07,True
qp,,P3_dev_run0,shoulder,21,1.5181538680878784e-14,0.0,1.5181538680878784e-14,,False,0.10242791164439083,0.005031960627554209,14,0,25,0.56,2.318235288034318e-14,shoulder,11,0,4.821929399111381e-07,True
qp,,P3_dev_run0,shoulder,22,1.4054467532256905e-14,0.0,1.4054467532256905e-14,,False,0.10242791164439083,0.005031960627554209,14,0,25,0.56,2.318235288034318e-14,shoulder,11,0,4.821929399111381e-07,True
qp,,P3_dev_run0,shoulder,23,1.5547329299620232e-14,0.0,1.5547329299620232e-14,,False,0.10242791164439083,0.005031960627554209,14,0,25,0.56,2.318235288034318e-14,shoulder,11,0,4.821929399111381e-07,True
