method,M,point_id,scenario,t,q_lp,q_star,abs_err,rel_err,inaccurate,free_zone_width_mvar,max_uncounted_loss_mva,n_free_zone_hours,n_vertex_stuck_hours,n_nonzero_q_hours,frac_in_free_zone,max_pad_mw,max_pad_scenario,max_pad_t,max_pad_unit,max_pad_annual_won_implied,qp_v2_correction
pwl,1,P1_old_full_opt,summer,0,0.045552151932354,0.0,0.045552151932354,,False,0.04555215193804365,0.005997054573123977,30,14,30,1.0,5.995819137046778e-09,summer,8,0,0.12471303805057299,True
pwl,1,P1_old_full_opt,summer,1,0.0023760424898507807,0.0,0.0023760424898507807,,False,0.04555215193804365,0.005997054573123977,30,14,30,1.0,5.995819137046778e-09,summer,8,0,0.12471303805057299,True
pwl,1,P1_old_full_opt,summer,2,1.8733824510192107e-10,0.0,1.8733824510192107e-10,,False,0.04555215193804365,0.005997054573123977,30,14,30,1.0,5.995819137046778e-09,summer,8,0,0.12471303805057299,True
pwl,1,P1_old_full_opt,summer,3,0.015405795075519375,0.02,0.004594204924480625,0.22971024622403124,False,0.04555215193804365,0.005997054573123977,30,14,30,1.0,5.995819137046778e-09,summer,8,0,0.12471303805057299,True
pwl,1,P1_old_full_opt,summer,4,0.04555215192877835,0.0,0.04555215192877835,,False,0.04555215193804365,0.005997054573123977,30,14,30,1.0,5.995819137046778e-09,summer,8,0,0.12471303805057299,True
pwl,1,P1_old_full_opt,summer,5,0.04555215192871831,0.0,0.04555215192871831,,False,0.04555215193804365,0.005997054573123977,30,14,30,1.0,5.995819137046778e-09,summer,8,0,0.12471303805057299,True
pwl,1,P1_old_full_opt,summer,6,3.1395793432678523e-06,0.0,3.1395793432678523e-06,,False,0.04555215193804365,0.005997054573123977,30,14,30,1.0,5.995819137046778e-09,summer,8,0,0.12471303805057299,True
pwl,1,P1_old_full_opt,summer,7,3.1450723134267843e-06,0.0,3.1450723134267843e-06,,False,0.04555215193804365,0.005997054573123977,30,14,30,1.0,5.995819137046778e-09,summer,8,0,0.12471303805057299,True
pwl,1,P1_old_full_opt,summer,8,3.2798073167616573e-06,0.0,3.2798073167616573e-06,,False,0.04555215193804365,0.005997054573123977,30,14,30,1.0,5.995819137046778e-09,summer,8,0,0.12471303805057299,True
pwl,1,P1_old_full_opt,summer,9,5.074701680839358e-11,0.0,5.074701680839358e-11,,False,0.04555215193804365,0.005997054573123977,30,14,30,1.0,5.995819137046778e-09,summer,8,0,0.12471303805057299,True
pwl,1,P1_old_full_opt,summer,10,4.678984030722751e-11,0.0,4.678984030722751e-11,,False,0.04555215193804365,0.005997054573123977,30,14,30,1.0,5.995819137046778e-09,summer,8,0,0.12471303805057299,True
pwl,1,P1_old_full_opt,summer,11,4.911567260323358e-11,0.0,4.911567260323358e-11,,False,0.04555215193804365,0.005997054573123977,30,14,30,1.0,5.995819137046778e-09,summer,8,0,0.12471303805057299,True
pwl,1,P1_old_full_opt,summer,12,4.7670950396193536e-11,0.0,4.7670950396193536e-11,,False,0.04555215193804365,0.005997054573123977,30,14,30,1.0,5.995819137046778e-09,summer,8,0,0.12471303805057299,True
pwl,1,P1_old_full_opt,summer,13,4.5346080511029064e-11,0.0,4.5346080511029064e-11,,False,0.04555215193804365,0.005997054573123977,30,14,30,1.0,5.995819137046778e-09,summer,8,0,0.12471303805057299,True
pwl,1,P1_old_full_opt,summer,14,5.509413968849381e-11,0.0,5.509413968849381e-11,,False,0.04555215193804365,0.005997054573123977,30,14,30,1.0,5.995819137046778e-09,summer,8,0,0.12471303805057299,True
pwl,1,P1_old_full_opt,summer,15,0.0023449475534935314,0.0,0.0023449475534935314,,False,0.04555215193804365,0.005997054573123977,30,14,30,1.0,5.995819137046778e-09,summer,8,0,0.12471303805057299,True
pwl,1,P1_old_full_opt,summer,16,0.045552151989596286,0.0,0.045552151989596286,,False,0.04555215193804365,0.005997054573123977,30,14,30,1.0,5.995819137046778e-09,summer,8,0,0.12471303805057299,True
pwl,1,P1_old_full_opt,summer,17,7.721735982047142e-11,0.0,7.721735982047142e-11,,False,0.04555215193804365,0.005997054573123977,30,14,30,1.0,5.995819137046778e-09,summer,8,0,0.12471303805057299,True
pwl,1,P1_old_full_opt,summer,18,5.6067971511817266e-11,0.0,5.6067971511817266e-11,,False,0.04555215193804365,0.005997054573123977,30,14,30,1.0,5.995819137046778e-09,summer,8,0,0.12471303805057299,True
pwl,1,P1_old_full_opt,summer,19,5.3481733731749584e-11,0.0,5.3481733731749584e-11,,False,0.04555215193804365,0.005997054573123977,30,14,30,1.0,5.995819137046778e-09,summer,8,0,0.12471303805057299,True
pwl,1,P1_old_full_opt,summer,20,5.2525999574009497e-11,0.0,5.2525999574009497e-11,,False,0.04555215193804365,0.005997054573123977,30,14,30,1.0,5.995819137046778e-09,summer,8,0,0.12471303805057299,True
pwl,1,P1_old_full_opt,summer,21,4.992919157270968e-11,0.0,4.992919157270968e-11,,False,0.04555215193804365,0.005997054573123977,30,14,30,1.0,5.995819137046778e-09,summer,8,0,0.12471303805057299,True
pwl,1,P1_old_full_opt,summer,22,4.648596064801555e-11,0.0,4.648596064801555e-11,,False,0.04555215193804365,0.005997054573123977,30,14,30,1.0,5.995819137046778e-09,summer,8,0,0.12471303805057299,True
pwl,1,P1_old_full_opt,summer,23,5.4667770324500966e-11,0.0,5.4667770324500966e-11,,False,0.04555215193804365,0.005997054573123977,30,14,30,1.0,5.995819137046778e-09,summer,8,0,0.12471303805057299,True
pwl,1,P1_old_full_opt,winter,0,0.04555215193605885,0.0,0.04555215193605885,,False,0.04555215193804365,0.005997054573123977,30,14,30,1.0,5.995819137046778e-09,summer,8,0,0.12471303805057299,True
pwl,1,P1_old_full_opt,winter,1,4.433533850084661e-11,0.0,4.433533850084661e-11,,False,0.04555215193804365,0.005997054573123977,30,14,30,1.0,5.995819137046778e-09,summer,8,0,0.12471303805057299,True
pwl,1,P1_old_full_opt,winter,2,1.9450617748618454e-11,0.0,1.9450617748618454e-11,,False,0.04555215193804365,0.005997054573123977,30,14,30,1.0,5.995819137046778e-09,summer,8,0,0.12471303805057299,True
pwl,1,P1_old_full_opt,winter,3,0.04555215193890097,0.0,0.04555215193890097,,False,0.04555215193804365,0.005997054573123977,30,14,30,1.0,5.995819137046778e-09,summer,8,0,0.12471303805057299,True
pwl,1,P1_old_full_opt,winter,4,0.045552151937018365,0.0,0.045552151937018365,,False,0.04555215193804365,0.005997054573123977,30,14,30,1.0,5.995819137046778e-09,summer,8,0,0.12471303805057299,True
pwl,1,P1_old_full_opt,winter,5,0.012767816634302674,0.02,0.007232183365697326,0.3616091682848663,False,0.04555215193804365,0.005997054573123977,30,14,30,1.0,5.995819137046778e-09,summer,8,0,0.12471303805057299,True
pwl,1,P1_old_full_opt,winter,6,3.1446046234094077e-06,0.0,3.1446046234094077e-06,,False,0.04555215193804365,0.005997054573123977,30,14,30,1.0,5.995819137046778e-09,summer,8,0,0.12471303805057299,True
pwl,1,P1_old_full_opt,winter,7,3.260073626835213e-06,0.0,3.260073626835213e-06,,False,0.04555215193804365,0.005997054573123977,30,14,30,1.0,5.995819137046778e-09,summer,8,0,0.12471303805057299,True
pwl,1,P1_old_full_opt,winter,8,0.0,0.0,0.0,,False,0.04555215193804365,0.005997054573123977,30,14,30,1.0,5.995819137046778e-09,summer,8,0,0.12471303805057299,True
pwl,1,P1_old_full_opt,winter,9,0.004744541606663531,0.0,0.004744541606663531,,False,0.04555215193804365,0.005997054573123977,30,14,30,1.0,5.995819137046778e-09,summer,8,0,0.12471303805057299,True
pwl,1,P1_old_full_opt,winter,10,0.04555215193787447,0.0,0.04555215193787447,,False,0.04555215193804365,0.005997054573123977,30,14,30,1.0,5.995819137046778e-09,summer,8,0,0.12471303805057299,True
pwl,1,P1_old_full_opt,winter,11,0.045552151945631905,0.0,0.045552151945631905,,False,0.04555215193804365,0.005997054573123977,30,14,30,1.0,5.995819137046778e-09,summer,8,0,0.12471303805057299,True
pwl,1,P1_old_full_opt,winter,12,2.6318188765308046e-11,0.0,2.6318188765308046e-11,,False,0.04555215193804365,0.005997054573123977,30,14,30,1.0,5.995819137046778e-09,summer,8,0,0.12471303805057299,True
pwl,1,P1_old_full_opt,winter,13,1.940947797593077e-11,0.0,1.940947797593077e-11,,False,0.04555215193804365,0.005997054573123977,30,14,30,1.0,5.995819137046778e-09,summer,8,0,0.12471303805057299,True
pwl,1,P1_old_full_opt,winter,14,2.009017122700964e-11,0.0,2.009017122700964e-11,,False,0.04555215193804365,0.005997054573123977,30,14,30,1.0,5.995819137046778e-09,summer,8,0,0.12471303805057299,True
pwl,1,P1_old_full_opt,winter,15,2.0750153799997145e-11,0.0,2.0750153799997145e-11,,False,0.04555215193804365,0.005997054573123977,30,14,30,1.0,5.995819137046778e-09,summer,8,0,0.12471303805057299,True
pwl,1,P1_old_full_opt,winter,16,2.4127887698785567e-11,0.0,2.4127887698785567e-11,,False,0.04555215193804365,0.005997054573123977,30,14,30,1.0,5.995819137046778e-09,summer,8,0,0.12471303805057299,True
pwl,1,P1_old_full_opt,winter,17,2.756391327408568e-11,0.0,2.756391327408568e-11,,False,0.04555215193804365,0.005997054573123977,30,14,30,1.0,5.995819137046778e-09,summer,8,0,0.12471303805057299,True
pwl,1,P1_old_full_opt,winter,18,2.3156522050705867e-11,0.0,2.3156522050705867e-11,,False,0.04555215193804365,0.005997054573123977,30,14,30,1.0,5.995819137046778e-09,summer,8,0,0.12471303805057299,True
pwl,1,P1_old_full_opt,winter,19,2.159208376865238e-11,0.0,2.159208376865238e-11,,False,0.04555215193804365,0.005997054573123977,30,14,30,1.0,5.995819137046778e-09,summer,8,0,0.12471303805057299,True
pwl,1,P1_old_full_opt,winter,20,2.0973068079420923e-11,0.0,2.0973068079420923e-11,,False,0.04555215193804365,0.005997054573123977,30,14,30,1.0,5.995819137046778e-09,summer,8,0,0.12471303805057299,True
pwl,1,P1_old_full_opt,winter,21,3.8116659363735456e-11,0.0,3.8116659363735456e-11,,False,0.04555215193804365,0.005997054573123977,30,14,30,1.0,5.995819137046778e-09,summer,8,0,0.12471303805057299,True
pwl,1,P1_old_full_opt,winter,22,0.007702127360136421,0.02,0.01229787263986358,0.614893631993179,False,0.04555215193804365,0.005997054573123977,30,14,30,1.0,5.995819137046778e-09,summer,8,0,0.12471303805057299,True
pwl,1,P1_old_full_opt,winter,23,0.04555215193944726,0.0,0.04555215193944726,,False,0.04555215193804365,0.005997054573123977,30,14,30,1.0,5.995819137046778e-09,summer,8,0,0.12471303805057299,True
pwl,1,P1_old_full_opt,shoulder,0,0.045552151924383735,0.0,0.045552151924383735,,False,0.04555215193804365,0.005997054573123977,30,14,30,1.0,5.995819137046778e-09,summer,8,0,0.12471303805057299,True
pwl,1,P1_old_full_opt,shoulder,1,0.002376047049272033,0.0,0.002376047049272033,,False,0.04555215193804365,0.005997054573123977,30,14,30,1.0,5.995819137046778e-09,summer,8,0,0.12471303805057299,True
pwl,1,P1_old_full_opt,shoulder,2,1.1199425534769932e-10,0.0,1.1199425534769932e-10,,False,0.04555215193804365,0.005997054573123977,30,14,30,1.0,5.995819137046778e-09,summer,8,0,0.12471303805057299,True
pwl,1,P1_old_full_opt,shoulder,3,0.04555215189199421,0.0,0.04555215189199421,,False,0.04555215193804365,0.005997054573123977,30,14,30,1.0,5.995819137046778e-09,summer,8,0,0.12471303805057299,True
pwl,1,P1_old_full_opt,shoulder,4,0.045552151918372766,0.0,0.045552151918372766,,False,0.04555215193804365,0.005997054573123977,30,14,30,1.0,5.995819137046778e-09,summer,8,0,0.12471303805057299,True
pwl,1,P1_old_full_opt,shoulder,5,0.015407481873288314,0.02,0.004592518126711687,0.22962590633558433,False,0.04555215193804365,0.005997054573123977,30,14,30,1.0,5.995819137046778e-09,summer,8,0,0.12471303805057299,True
pwl,1,P1_old_full_opt,shoulder,6,3.1590656786710858e-06,0.0,3.1590656786710858e-06,,False,0.04555215193804365,0.005997054573123977,30,14,30,1.0,5.995819137046778e-09,summer,8,0,0.12471303805057299,True
pwl,1,P1_old_full_opt,shoulder,7,3.1411623110447338e-06,0.0,3.1411623110447338e-06,,False,0.04555215193804365,0.005997054573123977,30,14,30,1.0,5.995819137046778e-09,summer,8,0,0.12471303805057299,True
pwl,1,P1_old_full_opt,shoulder,8,8.066283188032156e-11,0.0,8.066283188032156e-11,,False,0.04555215193804365,0.005997054573123977,30,14,30,1.0,5.995819137046778e-09,summer,8,0,0.12471303805057299,True
pwl,1,P1_old_full_opt,shoulder,9,9.228068401050334e-11,0.0,9.228068401050334e-11,,False,0.04555215193804365,0.005997054573123977,30,14,30,1.0,5.995819137046778e-09,summer,8,0,0.12471303805057299,True
pwl,1,P1_old_full_opt,shoulder,10,0.045552151947940885,0.0,0.045552151947940885,,False,0.04555215193804365,0.005997054573123977,30,14,30,1.0,5.995819137046778e-09,summer,8,0,0.12471303805057299,True
pwl,1,P1_old_full_opt,shoulder,11,0.0023500189634292337,0.0,0.0023500189634292337,,False,0.04555215193804365,0.005997054573123977,30,14,30,1.0,5.995819137046778e-09,summer,8,0,0.12471303805057299,True
pwl,1,P1_old_full_opt,shoulder,12,7.150120016241517e-11,0.0,7.150120016241517e-11,,False,0.04555215193804365,0.005997054573123977,30,14,30,1.0,5.995819137046778e-09,summer,8,0,0.12471303805057299,True
pwl,1,P1_old_full_opt,shoulder,13,6.423729099301576e-11,0.0,6.423729099301576e-11,,False,0.04555215193804365,0.005997054573123977,30,14,30,1.0,5.995819137046778e-09,summer,8,0,0.12471303805057299,True
pwl,1,P1_old_full_opt,shoulder,14,6.555377526954627e-11,0.0,6.555377526954627e-11,,False,0.04555215193804365,0.005997054573123977,30,14,30,1.0,5.995819137046778e-09,summer,8,0,0.12471303805057299,True
pwl,1,P1_old_full_opt,shoulder,15,7.403250823451188e-11,0.0,7.403250823451188e-11,,False,0.04555215193804365,0.005997054573123977,30,14,30,1.0,5.995819137046778e-09,summer,8,0,0.12471303805057299,True
pwl,1,P1_old_full_opt,shoulder,16,1.255227989213613e-10,0.0,1.255227989213613e-10,,False,0.04555215193804365,0.005997054573123977,30,14,30,1.0,5.995819137046778e-09,summer,8,0,0.12471303805057299,True
pwl,1,P1_old_full_opt,shoulder,17,1.4495742337928615e-10,0.0,1.4495742337928615e-10,,False,0.04555215193804365,0.005997054573123977,30,14,30,1.0,5.995819137046778e-09,summer,8,0,0.12471303805057299,True
pwl,1,P1_old_full_opt,shoulder,18,1.2556072429663e-10,0.0,1.2556072429663e-10,,False,0.04555215193804365,0.005997054573123977,30,14,30,1.0,5.995819137046778e-09,summer,8,0,0.12471303805057299,True
pwl,1,P1_old_full_opt,shoulder,19,1.5920531940916766e-10,0.0,1.5920531940916766e-10,,False,0.04555215193804365,0.005997054573123977,30,14,30,1.0,5.995819137046778e-09,summer,8,0,0.12471303805057299,True
pwl,1,P1_old_full_opt,shoulder,20,1.1170769078250989e-10,0.0,1.1170769078250989e-10,,False,0.04555215193804365,0.005997054573123977,30,14,30,1.0,5.995819137046778e-09,summer,8,0,0.12471303805057299,True
pwl,1,P1_old_full_opt,shoulder,21,7.270766365611604e-11,0.0,7.270766365611604e-11,,False,0.04555215193804365,0.005997054573123977,30,14,30,1.0,5.995819137046778e-09,summer,8,0,0.12471303805057299,True
pwl,1,P1_old_full_opt,shoulder,22,7.015587871289892e-11,0.0,7.015587871289892e-11,,False,0.04555215193804365,0.005997054573123977,30,14,30,1.0,5.995819137046778e-09,summer,8,0,0.12471303805057299,True
pwl,1,P1_old_full_opt,shoulder,23,7.325138601775657e-11,0.0,7.325138601775657e-11,,False,0.04555215193804365,0.005997054573123977,30,14,30,1.0,5.995819137046778e-09,summer,8,0,0.12471303805057299,True
pwl,1,P2_dev_run1,summer,0,0.046212599873943744,0.1,0.05378740012605626,0.5378740012605626,False,0.07842217066606379,0.0103244746344123,24,4,24,1.0,8.746448900364115e-09,winter,22,0,0.1819261371275736,True
pwl,1,P2_dev_run1,summer,1,2.6997461198977822e-12,0.0,2.6997461198977822e-12,,False,0.07842217066606379,0.0103244746344123,24,4,24,1.0,8.746448900364115e-09,winter,22,0,0.1819261371275736,True
pwl,1,P2_dev_run1,summer,2,2.940687683963356e-08,0.0,2.940687683963356e-08,,False,0.07842217066606379,0.0103244746344123,24,4,24,1.0,8.746448900364115e-09,winter,22,0,0.1819261371275736,True
pwl,1,P2_dev_run1,summer,3,1.9031691989967678e-07,0.0,1.9031691989967678e-07,,False,0.07842217066606379,0.0103244746344123,24,4,24,1.0,8.746448900364115e-09,winter,22,0,0.1819261371275736,True
pwl,1,P2_dev_run1,summer,4,0.024273382030368378,0.05,0.025726617969631625,0.5145323593926324,False,0.07842217066606379,0.0103244746344123,24,4,24,1.0,8.746448900364115e-09,winter,22,0,0.1819261371275736,True
pwl,1,P2_dev_run1,summer,5,0.0784221706483755,0.0,0.0784221706483755,,False,0.07842217066606379,0.0103244746344123,24,4,24,1.0,8.746448900364115e-09,winter,22,0,0.1819261371275736,True
pwl,1,P2_dev_run1,summer,6,3.0271334013745937e-06,0.0,3.0271334013745937e-06,,False,0.07842217066606379,0.0103244746344123,24,4,24,1.0,8.746448900364115e-09,winter,22,0,0.1819261371275736,True
pwl,1,P2_dev_run1,summer,7,3.027133868569427e-06,0.0,3.027133868569427e-06,,False,0.07842217066606379,0.0103244746344123,24,4,24,1.0,8.746448900364115e-09,winter,22,0,0.1819261371275736,True
pwl,1,P2_dev_run1,summer,8,3.027134730301594e-06,0.0,3.027134730301594e-06,,False,0.07842217066606379,0.0103244746344123,24,4,24,1.0,8.746448900364115e-09,winter,22,0,0.1819261371275736,True
pwl,1,P2_dev_run1,summer,9,3.6157889961022786e-12,0.0,3.6157889961022786e-12,,False,0.07842217066606379,0.0103244746344123,24,4,24,1.0,8.746448900364115e-09,winter,22,0,0.1819261371275736,True
pwl,1,P2_dev_run1,summer,10,3.1828302697710345e-12,0.0,3.1828302697710345e-12,,False,0.07842217066606379,0.0103244746344123,24,4,24,1.0,8.746448900364115e-09,winter,22,0,0.1819261371275736,True
pwl,1,P2_dev_run1,summer,11,3.2716485067274143e-12,0.0,3.2716485067274143e-12,,False,0.07842217066606379,0.0103244746344123,24,4,24,1.0,8.746448900364115e-09,winter,22,0,0.1819261371275736,True
pwl,1,P2_dev_run1,summer,12,3.1864991614918063e-12,0.0,3.1864991614918063e-12,,False,0.07842217066606379,0.0103244746344123,24,4,24,1.0,8.746448900364115e-09,winter,22,0,0.1819261371275736,True
pwl,1,P2_dev_run1,summer,13,3.071383183228917e-12,0.0,3.071383183228917e-12,,False,0.07842217066606379,0.0103244746344123,24,4,24,1.0,8.746448900364115e-09,winter,22,0,0.1819261371275736,True
pwl,1,P2_dev_run1,summer,14,3.410995799074832e-12,0.0,3.410995799074832e-12,,False,0.07842217066606379,0.0103244746344123,24,4,24,1.0,8.746448900364115e-09,winter,22,0,0.1819261371275736,True
pwl,1,P2_dev_run1,summer,15,0.0,0.0,0.0,,False,0.07842217066606379,0.0103244746344123,24,4,24,1.0,8.746448900364115e-09,winter,22,0,0.1819261371275736,True
pwl,1,P2_dev_run1,summer,16,0.046182345093702455,0.1,0.05381765490629755,0.5381765490629755,False,0.07842217066606379,0.0103244746344123,24,4,24,1.0,8.746448900364115e-09,winter,22,0,0.1819261371275736,True
pwl,1,P2_dev_run1,summer,17,4.241755191167385e-12,0.0,4.241755191167385e-12,,False,0.07842217066606379,0.0103244746344123,24,4,24,1.0,8.746448900364115e-09,winter,22,0,0.1819261371275736,True
pwl,1,P2_dev_run1,summer,18,3.6199948179926087e-12,0.0,3.6199948179926087e-12,,False,0.07842217066606379,0.0103244746344123,24,4,24,1.0,8.746448900364115e-09,winter,22,0,0.1819261371275736,True
pwl,1,P2_dev_run1,summer,19,3.526574901884213e-12,0.0,3.526574901884213e-12,,False,0.07842217066606379,0.0103244746344123,24,4,24,1.0,8.746448900364115e-09,winter,22,0,0.1819261371275736,True
pwl,1,P2_dev_run1,summer,20,3.4738909127065096e-12,0.0,3.4738909127065096e-12,,False,0.07842217066606379,0.0103244746344123,24,4,24,1.0,8.746448900364115e-09,winter,22,0,0.1819261371275736,True
pwl,1,P2_dev_run1,summer,21,3.3468683021404317e-12,0.0,3.3468683021404317e-12,,False,0.07842217066606379,0.0103244746344123,24,4,24,1.0,8.746448900364115e-09,winter,22,0,0.1819261371275736,True
pwl,1,P2_dev_run1,summer,22,3.228807900632377e-12,0.0,3.228807900632377e-12,,False,0.07842217066606379,0.0103244746344123,24,4,24,1.0,8.746448900364115e-09,winter,22,0,0.1819261371275736,True
pwl,1,P2_dev_run1,summer,23,3.859074028302019e-12,0.0,3.859074028302019e-12,,False,0.07842217066606379,0.0103244746344123,24,4,24,1.0,8.746448900364115e-09,winter,22,0,0.1819261371275736,True
pwl,1,P2_dev_run1,winter,0,0.04621259927517482,0.1,0.053787400724825185,0.5378740072482519,False,0.07842217066606379,0.0103244746344123,24,4,24,1.0,8.746448900364115e-09,winter,22,0,0.1819261371275736,True
pwl,1,P2_dev_run1,winter,1,8.753475942693177e-13,0.0,8.753475942693177e-13,,False,0.07842217066606379,0.0103244746344123,24,4,24,1.0,8.746448900364115e-09,winter,22,0,0.1819261371275736,True
pwl,1,P2_dev_run1,winter,2,2.4160843287951977e-07,0.0,2.4160843287951977e-07,,False,0.07842217066606379,0.0103244746344123,24,4,24,1.0,8.746448900364115e-09,winter,22,0,0.1819261371275736,True
pwl,1,P2_dev_run1,winter,3,0.024273384400932685,0.05,0.025726615599067318,0.5145323119813463,False,0.07842217066606379,0.0103244746344123,24,4,24,1.0,8.746448900364115e-09,winter,22,0,0.1819261371275736,True
pwl,1,P2_dev_run1,winter,4,0.07842217066598281,0.0,0.07842217066598281,,False,0.07842217066606379,0.0103244746344123,24,4,24,1.0,8.746448900364115e-09,winter,22,0,0.1819261371275736,True
pwl,1,P2_dev_run1,winter,5,3.0271301885956133e-06,0.0,3.0271301885956133e-06,,False,0.07842217066606379,0.0103244746344123,24,4,24,1.0,8.746448900364115e-09,winter,22,0,0.1819261371275736,True
pwl,1,P2_dev_run1,winter,6,3.027130426764016e-06,0.0,3.027130426764016e-06,,False,0.07842217066606379,0.0103244746344123,24,4,24,1.0,8.746448900364115e-09,winter,22,0,0.1819261371275736,True
pwl,1,P2_dev_run1,winter,7,3.027131604474483e-06,0.0,3.027131604474483e-06,,False,0.07842217066606379,0.0103244746344123,24,4,24,1.0,8.746448900364115e-09,winter,22,0,0.1819261371275736,True
pwl,1,P2_dev_run1,winter,8,3.0271309405046857e-06,0.0,3.0271309405046857e-06,,False,0.07842217066606379,0.0103244746344123,24,4,24,1.0,8.746448900364115e-09,winter,22,0,0.1819261371275736,True
pwl,1,P2_dev_run1,winter,9,1.5284395586030405e-12,0.0,1.5284395586030405e-12,,False,0.07842217066606379,0.0103244746344123,24,4,24,1.0,8.746448900364115e-09,winter,22,0,0.1819261371275736,True
pwl,1,P2_dev_run1,winter,10,0.0784221706660585,0.0,0.0784221706660585,,False,0.07842217066606379,0.0103244746344123,24,4,24,1.0,8.746448900364115e-09,winter,22,0,0.1819261371275736,True
pwl,1,P2_dev_run1,winter,11,0.01399876916840383,0.05,0.036001230831596176,0.7200246166319235,False,0.07842217066606379,0.0103244746344123,24,4,24,1.0,8.746448900364115e-09,winter,22,0,0.1819261371275736,True
pwl,1,P2_dev_run1,winter,12,6.561958621574457e-13,0.0,6.561958621574457e-13,,False,0.07842217066606379,0.0103244746344123,24,4,24,1.0,8.746448900364115e-09,winter,22,0,0.1819261371275736,True
pwl,1,P2_dev_run1,winter,13,6.278747708873204e-13,0.0,6.278747708873204e-13,,False,0.07842217066606379,0.0103244746344123,24,4,24,1.0,8.746448900364115e-09,winter,22,0,0.1819261371275736,True
pwl,1,P2_dev_run1,winter,14,6.188426186530156e-13,0.0,6.188426186530156e-13,,False,0.07842217066606379,0.0103244746344123,24,4,24,1.0,8.746448900364115e-09,winter,22,0,0.1819261371275736,True
pwl,1,P2_dev_run1,winter,15,6.310440754000895e-13,0.0,6.310440754000895e-13,,False,0.07842217066606379,0.0103244746344123,24,4,24,1.0,8.746448900364115e-09,winter,22,0,0.1819261371275736,True
pwl,1,P2_dev_run1,winter,16,6.642005241625411e-13,0.0,6.642005241625411e-13,,False,0.07842217066606379,0.0103244746344123,24,4,24,1.0,8.746448900364115e-09,winter,22,0,0.1819261371275736,True
pwl,1,P2_dev_run1,winter,17,7.180031361846357e-13,0.0,7.180031361846357e-13,,False,0.07842217066606379,0.0103244746344123,24,4,24,1.0,8.746448900364115e-09,winter,22,0,0.1819261371275736,True
pwl,1,P2_dev_run1,winter,18,6.992675301217851e-13,0.0,6.992675301217851e-13,,False,0.07842217066606379,0.0103244746344123,24,4,24,1.0,8.746448900364115e-09,winter,22,0,0.1819261371275736,True
pwl,1,P2_dev_run1,winter,19,7.348226634916727e-13,0.0,7.348226634916727e-13,,False,0.07842217066606379,0.0103244746344123,24,4,24,1.0,8.746448900364115e-09,winter,22,0,0.1819261371275736,True
pwl,1,P2_dev_run1,winter,20,9.672465539445848e-13,0.0,9.672465539445848e-13,,False,0.07842217066606379,0.0103244746344123,24,4,24,1.0,8.746448900364115e-09,winter,22,0,0.1819261371275736,True
pwl,1,P2_dev_run1,winter,21,2.541542951799166e-09,0.0,2.541542951799166e-09,,False,0.07842217066606379,0.0103244746344123,24,4,24,1.0,8.746448900364115e-09,winter,22,0,0.1819261371275736,True
pwl,1,P2_dev_run1,winter,22,2.761592995830258e-07,0.0,2.761592995830258e-07,,False,0.07842217066606379,0.0103244746344123,24,4,24,1.0,8.746448900364115e-09,winter,22,0,0.1819261371275736,True
pwl,1,P2_dev_run1,winter,23,0.05134743665062155,0.1,0.04865256334937845,0.4865256334937845,False,0.07842217066606379,0.0103244746344123,24,4,24,1.0,8.746448900364115e-09,winter,22,0,0.1819261371275736,True
pwl,1,P2_dev_run1,shoulder,0,0.04621260059104586,0.1,0.05378739940895415,0.5378739940895414,False,0.07842217066606379,0.0103244746344123,24,4,24,1.0,8.746448900364115e-09,winter,22,0,0.1819261371275736,True
pwl,1,P2_dev_run1,shoulder,1,8.685356726753508e-13,0.0,8.685356726753508e-13,,False,0.07842217066606379,0.0103244746344123,24,4,24,1.0,8.746448900364115e-09,winter,22,0,0.1819261371275736,True
pwl,1,P2_dev_run1,shoulder,2,0.0,0.0,0.0,,False,0.07842217066606379,0.0103244746344123,24,4,24,1.0,8.746448900364115e-09,winter,22,0,0.1819261371275736,True
pwl,1,P2_dev_run1,shoulder,3,0.024273382862377253,0.05,0.02572661713762275,0.514532342752455,False,0.07842217066606379,0.0103244746344123,24,4,24,1.0,8.746448900364115e-09,winter,22,0,0.1819261371275736,True
pwl,1,P2_dev_run1,shoulder,4,0.07842217066557339,0.0,0.07842217066557339,,False,0.07842217066606379,0.0103244746344123,24,4,24,1.0,8.746448900364115e-09,winter,22,0,0.1819261371275736,True
pwl,1,P2_dev_run1,shoulder,5,3.027151657221794e-06,0.0,3.027151657221794e-06,,False,0.07842217066606379,0.0103244746344123,24,4,24,1.0,8.746448900364115e-09,winter,22,0,0.1819261371275736,True
pwl,1,P2_dev_run1,shoulder,6,3.0270794784582885e-06,0.0,3.0270794784582885e-06,,False,0.07842217066606379,0.0103244746344123,24,4,24,1.0,8.746448900364115e-09,winter,22,0,0.1819261371275736,True
pwl,1,P2_dev_run1,shoulder,7,3.027152386461671e-06,0.0,3.027152386461671e-06,,False,0.07842217066606379,0.0103244746344123,24,4,24,1.0,8.746448900364115e-09,winter,22,0,0.1819261371275736,True
pwl,1,P2_dev_run1,shoulder,8,0.0,0.0,0.0,,False,0.07842217066606379,0.0103244746344123,24,4,24,1.0,8.746448900364115e-09,winter,22,0,0.1819261371275736,True
pwl,1,P2_dev_run1,shoulder,9,9.855915093834968e-13,0.0,9.855915093834968e-13,,False,0.07842217066606379,0.0103244746344123,24,4,24,1.0,8.746448900364115e-09,winter,22,0,0.1819261371275736,True
pwl,1,P2_dev_run1,shoulder,10,0.046187359542798144,0.1,0.05381264045720186,0.5381264045720185,False,0.07842217066606379,0.0103244746344123,24,4,24,1.0,8.746448900364115e-09,winter,22,0,0.1819261371275736,True
pwl,1,P2_dev_run1,shoulder,11,1.7140768360185614e-12,0.0,1.7140768360185614e-12,,False,0.07842217066606379,0.0103244746344123,24,4,24,1.0,8.746448900364115e-09,winter,22,0,0.1819261371275736,True
pwl,1,P2_dev_run1,shoulder,12,8.703378027516019e-13,0.0,8.703378027516019e-13,,False,0.07842217066606379,0.0103244746344123,24,4,24,1.0,8.746448900364115e-09,winter,22,0,0.1819261371275736,True
pwl,1,P2_dev_run1,shoulder,13,8.70704471535514e-13,0.0,8.70704471535514e-13,,False,0.07842217066606379,0.0103244746344123,24,4,24,1.0,8.746448900364115e-09,winter,22,0,0.1819261371275736,True
pwl,1,P2_dev_run1,shoulder,14,8.694684602068761e-13,0.0,8.694684602068761e-13,,False,0.07842217066606379,0.0103244746344123,24,4,24,1.0,8.746448900364115e-09,winter,22,0,0.1819261371275736,True
pwl,1,P2_dev_run1,shoulder,15,9.093201125041674e-13,0.0,9.093201125041674e-13,,False,0.07842217066606379,0.0103244746344123,24,4,24,1.0,8.746448900364115e-09,winter,22,0,0.1819261371275736,True
pwl,1,P2_dev_run1,shoulder,16,1.1015677973538923e-12,0.0,1.1015677973538923e-12,,False,0.07842217066606379,0.0103244746344123,24,4,24,1.0,8.746448900364115e-09,winter,22,0,0.1819261371275736,True
pwl,1,P2_dev_run1,shoulder,17,1.2236271293117616e-12,0.0,1.2236271293117616e-12,,False,0.07842217066606379,0.0103244746344123,24,4,24,1.0,8.746448900364115e-09,winter,22,0,0.1819261371275736,True
pwl,1,P2_dev_run1,shoulder,18,1.1436214044882783e-12,0.0,1.1436214044882783e-12,,False,0.07842217066606379,0.0103244746344123,24,4,24,1.0,8.746448900364115e-09,winter,22,0,0.1819261371275736,True
pwl,1,P2_dev_run1,shoulder,19,1.3157188374209038e-12,0.0,1.3157188374209038e-12,,False,0.07842217066606379,0.0103244746344123,24,4,24,1.0,8.746448900364115e-09,winter,22,0,0.1819261371275736,True
pwl,1,P2_dev_run1,shoulder,20,1.0926653734961747e-12,0.0,1.0926653734961747e-12,,False,0.07842217066606379,0.0103244746344123,24,4,24,1.0,8.746448900364115e-09,winter,22,0,0.1819261371275736,True
pwl,1,P2_dev_run1,shoulder,21,9.598175449774286e-13,0.0,9.598175449774286e-13,,False,0.07842217066606379,0.0103244746344123,24,4,24,1.0,8.746448900364115e-09,winter,22,0,0.1819261371275736,True
pwl,1,P2_dev_run1,shoulder,22,9.364419901687207e-13,0.0,9.364419901687207e-13,,False,0.07842217066606379,0.0103244746344123,24,4,24,1.0,8.746448900364115e-09,winter,22,0,0.1819261371275736,True
pwl,1,P2_dev_run1,shoulder,23,9.912682419721171e-13,0.0,9.912682419721171e-13,,False,0.07842217066606379,0.0103244746344123,24,4,24,1.0,8.746448900364115e-09,winter,22,0,0.1819261371275736,True
pwl,1,P3_dev_run0,summer,0,0.17289466464868505,0.15,0.02289466464868506,0.1526310976579004,False,0.2704659021321342,0.03560751152792361,20,0,21,0.9523809523809523,2.122754612696887e-08,summer,3,0,0.4415329594409525,True
pwl,1,P3_dev_run0,summer,1,1.9234181618909443e-12,0.0,1.9234181618909443e-12,,False,0.2704659021321342,0.03560751152792361,20,0,21,0.9523809523809523,2.122754612696887e-08,summer,3,0,0.4415329594409525,True
pwl,1,P3_dev_run0,summer,2,3.0785066056475234e-07,0.0,3.0785066056475234e-07,,False,0.2704659021321342,0.03560751152792361,20,0,21,0.9523809523809523,2.122754612696887e-08,summer,3,0,0.4415329594409525,True
pwl,1,P3_dev_run0,summer,3,2.1382656478452039e-07,0.0,2.1382656478452039e-07,,False,0.2704659021321342,0.03560751152792361,20,0,21,0.9523809523809523,2.122754612696887e-08,summer,3,0,0.4415329594409525,True
pwl,1,P3_dev_run0,summer,4,1.872065567908027e-07,0.0,1.872065567908027e-07,,False,0.2704659021321342,0.03560751152792361,20,0,21,0.9523809523809523,2.122754612696887e-08,summer,3,0,0.4415329594409525,True
pwl,1,P3_dev_run0,summer,5,0.10294894014865213,0.2,0.09705105985134788,0.4852552992567394,False,0.2704659021321342,0.03560751152792361,20,0,21,0.9523809523809523,2.122754612696887e-08,summer,3,0,0.4415329594409525,True
pwl,1,P3_dev_run0,summer,6,3.0779005757732825e-06,0.0,3.0779005757732825e-06,,False,0.2704659021321342,0.03560751152792361,20,0,21,0.9523809523809523,2.122754612696887e-08,summer,3,0,0.4415329594409525,True
pwl,1,P3_dev_run0,summer,7,3.0611919124705453e-06,0.0,3.0611919124705453e-06,,False,0.2704659021321342,0.03560751152792361,20,0,21,0.9523809523809523,2.122754612696887e-08,summer,3,0,0.4415329594409525,True
pwl,1,P3_dev_run0,summer,8,1.1325365885586444e-05,0.0,1.1325365885586444e-05,,False,0.2704659021321342,0.03560751152792361,20,0,21,0.9523809523809523,2.122754612696887e-08,summer,3,0,0.4415329594409525,True
pwl,1,P3_dev_run0,summer,9,4.879272194012179e-10,0.0,4.879272194012179e-10,,False,0.2704659021321342,0.03560751152792361,20,0,21,0.9523809523809523,2.122754612696887e-08,summer,3,0,0.4415329594409525,True
pwl,1,P3_dev_run0,summer,10,2.499682836467449e-12,0.0,2.499682836467449e-12,,False,0.2704659021321342,0.03560751152792361,20,0,21,0.9523809523809523,2.122754612696887e-08,summer,3,0,0.4415329594409525,True
pwl,1,P3_dev_run0,summer,11,2.5403147181326476e-12,0.0,2.5403147181326476e-12,,False,0.2704659021321342,0.03560751152792361,20,0,21,0.9523809523809523,2.122754612696887e-08,summer,3,0,0.4415329594409525,True
pwl,1,P3_dev_run0,summer,12,2.4120140223468354e-12,0.0,2.4120140223468354e-12,,False,0.2704659021321342,0.03560751152792361,20,0,21,0.9523809523809523,2.122754612696887e-08,summer,3,0,0.4415329594409525,True
pwl,1,P3_dev_run0,summer,13,2.5516555201576757e-12,0.0,2.5516555201576757e-12,,False,0.2704659021321342,0.03560751152792361,20,0,21,0.9523809523809523,2.122754612696887e-08,summer,3,0,0.4415329594409525,True
pwl,1,P3_dev_run0,summer,14,1.2290077098669232e-11,0.0,1.2290077098669232e-11,,False,0.2704659021321342,0.03560751152792361,20,0,21,0.9523809523809523,2.122754612696887e-08,summer,3,0,0.4415329594409525,True
pwl,1,P3_dev_run0,summer,15,2.4180470472485705e-09,0.0,2.4180470472485705e-09,,False,0.2704659021321342,0.03560751152792361,20,0,21,0.9523809523809523,2.122754612696887e-08,summer,3,0,0.4415329594409525,True
pwl,1,P3_dev_run0,summer,16,0.17278148196480075,0.2,0.027218518035199257,0.1360925901759963,False,0.2704659021321342,0.03560751152792361,20,0,21,0.9523809523809523,2.122754612696887e-08,summer,3,0,0.4415329594409525,True
pwl,1,P3_dev_run0,summer,17,5.145635174653846e-10,0.0,5.145635174653846e-10,,False,0.2704659021321342,0.03560751152792361,20,0,21,0.9523809523809523,2.122754612696887e-08,summer,3,0,0.4415329594409525,True
pwl,1,P3_dev_run0,summer,18,4.5695992500861655e-12,0.0,4.5695992500861655e-12,,False,0.2704659021321342,0.03560751152792361,20,0,21,0.9523809523809523,2.122754612696887e-08,summer,3,0,0.4415329594409525,True
pwl,1,P3_dev_run0,summer,19,2.649440112609457e-12,0.0,2.649440112609457e-12,,False,0.2704659021321342,0.03560751152792361,20,0,21,0.9523809523809523,2.122754612696887e-08,summer,3,0,0.4415329594409525,True
pwl,1,P3_dev_run0,summer,20,2.5453200050499464e-12,0.0,2.5453200050499464e-12,,False,0.2704659021321342,0.03560751152792361,20,0,21,0.9523809523809523,2.122754612696887e-08,summer,3,0,0.4415329594409525,True
pwl,1,P3_dev_run0,summer,21,3.217108125881346e-12,0.0,3.217108125881346e-12,,False,0.2704659021321342,0.03560751152792361,20,0,21,0.9523809523809523,2.122754612696887e-08,summer,3,0,0.4415329594409525,True
pwl,1,P3_dev_run0,summer,22,3.994543447739031e-10,0.0,3.994543447739031e-10,,False,0.2704659021321342,0.03560751152792361,20,0,21,0.9523809523809523,2.122754612696887e-08,summer,3,0,0.4415329594409525,True
pwl,1,P3_dev_run0,summer,23,1.5715540025079026e-08,0.0,1.5715540025079026e-08,,False,0.2704659021321342,0.03560751152792361,20,0,21,0.9523809523809523,2.122754612696887e-08,summer,3,0,0.4415329594409525,True
pwl,1,P3_dev_run0,winter,0,0.17289466504408582,0.15,0.022894665044085827,0.15263110029390553,False,0.2704659021321342,0.03560751152792361,20,0,21,0.9523809523809523,2.122754612696887e-08,summer,3,0,0.4415329594409525,True
pwl,1,P3_dev_run0,winter,1,0.0,0.0,0.0,,False,0.2704659021321342,0.03560751152792361,20,0,21,0.9523809523809523,2.122754612696887e-08,summer,3,0,0.4415329594409525,True
pwl,1,P3_dev_run0,winter,2,3.067701688251486e-07,0.0,3.067701688251486e-07,,False,0.2704659021321342,0.03560751152792361,20,0,21,0.9523809523809523,2.122754612696887e-08,summer,3,0,0.4415329594409525,True
pwl,1,P3_dev_run0,winter,3,8.48837421577341e-07,0.0,8.48837421577341e-07,,False,0.2704659021321342,0.03560751152792361,20,0,21,0.9523809523809523,2.122754612696887e-08,summer,3,0,0.4415329594409525,True
pwl,1,P3_dev_run0,winter,4,0.10294903005184404,0.2,0.09705096994815597,0.4852548497407798,False,0.2704659021321342,0.03560751152792361,20,0,21,0.9523809523809523,2.122754612696887e-08,summer,3,0,0.4415329594409525,True
pwl,1,P3_dev_run0,winter,5,1.1325276988137587e-05,0.0,1.1325276988137587e-05,,False,0.2704659021321342,0.03560751152792361,20,0,21,0.9523809523809523,2.122754612696887e-08,summer,3,0,0.4415329594409525,True
pwl,1,P3_dev_run0,winter,6,1.1325314073074327e-05,0.0,1.1325314073074327e-05,,False,0.2704659021321342,0.03560751152792361,20,0,21,0.9523809523809523,2.122754612696887e-08,summer,3,0,0.4415329594409525,True
pwl,1,P3_dev_run0,winter,7,1.1325315328054703e-05,0.0,1.1325315328054703e-05,,False,0.2704659021321342,0.03560751152792361,20,0,21,0.9523809523809523,2.122754612696887e-08,summer,3,0,0.4415329594409525,True
pwl,1,P3_dev_run0,winter,8,1.1325309159388734e-05,0.0,1.1325309159388734e-05,,False,0.2704659021321342,0.03560751152792361,20,0,21,0.9523809523809523,2.122754612696887e-08,summer,3,0,0.4415329594409525,True
pwl,1,P3_dev_run0,winter,9,1.3054835467759731e-12,0.0,1.3054835467759731e-12,,False,0.2704659021321342,0.03560751152792361,20,0,21,0.9523809523809523,2.122754612696887e-08,summer,3,0,0.4415329594409525,True
pwl,1,P3_dev_run0,winter,10,0.3457796908873538,0.3,0.045779690887353786,0.15259896962451264,False,0.2704659021321342,0.03560751152792361,20,0,21,0.9523809523809523,2.122754612696887e-08,summer,3,0,0.4415329594409525,True
pwl,1,P3_dev_run0,winter,11,1.2694785709187179e-12,0.0,1.2694785709187179e-12,,False,0.2704659021321342,0.03560751152792361,20,0,21,0.9523809523809523,2.122754612696887e-08,summer,3,0,0.4415329594409525,True
pwl,1,P3_dev_run0,winter,12,0.0,0.0,0.0,,False,0.2704659021321342,0.03560751152792361,20,0,21,0.9523809523809523,2.122754612696887e-08,summer,3,0,0.4415329594409525,True
pwl,1,P3_dev_run0,winter,13,4.736293563102893e-06,0.0,4.736293563102893e-06,,False,0.2704659021321342,0.03560751152792361,20,0,21,0.9523809523809523,2.122754612696887e-08,summer,3,0,0.4415329594409525,True
pwl,1,P3_dev_run0,winter,14,7.566952043021665e-13,0.0,7.566952043021665e-13,,False,0.2704659021321342,0.03560751152792361,20,0,21,0.9523809523809523,2.122754612696887e-08,summer,3,0,0.4415329594409525,True
pwl,1,P3_dev_run0,winter,15,0.0,0.0,0.0,,False,0.2704659021321342,0.03560751152792361,20,0,21,0.9523809523809523,2.122754612696887e-08,summer,3,0,0.4415329594409525,True
pwl,1,P3_dev_run0,winter,16,0.0,0.0,0.0,,False,0.2704659021321342,0.03560751152792361,20,0,21,0.9523809523809523,2.122754612696887e-08,summer,3,0,0.4415329594409525,True
pwl,1,P3_dev_run0,winter,17,3.435711573080107e-09,0.0,3.435711573080107e-09,,False,0.2704659021321342,0.03560751152792361,20,0,21,0.9523809523809523,2.122754612696887e-08,summer,3,0,0.4415329594409525,True
pwl,1,P3_dev_run0,winter,18,4.209311981046539e-09,0.0,4.209311981046539e-09,,False,0.2704659021321342,0.03560751152792361,20,0,21,0.9523809523809523,2.122754612696887e-08,summer,3,0,0.4415329594409525,True
pwl,1,P3_dev_run0,winter,19,6.77668714044765e-10,0.0,6.77668714044765e-10,,False,0.2704659021321342,0.03560751152792361,20,0,21,0.9523809523809523,2.122754612696887e-08,summer,3,0,0.4415329594409525,True
pwl,1,P3_dev_run0,winter,20,1.4513833735124046e-09,0.0,1.4513833735124046e-09,,False,0.2704659021321342,0.03560751152792361,20,0,21,0.9523809523809523,2.122754612696887e-08,summer,3,0,0.4415329594409525,True
pwl,1,P3_dev_run0,winter,21,5.95249239891686e-07,0.0,5.95249239891686e-07,,False,0.2704659021321342,0.03560751152792361,20,0,21,0.9523809523809523,2.122754612696887e-08,summer,3,0,0.4415329594409525,True
pwl,1,P3_dev_run0,winter,22,6.238227158317802e-07,0.0,6.238227158317802e-07,,False,0.2704659021321342,0.03560751152792361,20,0,21,0.9523809523809523,2.122754612696887e-08,summer,3,0,0.4415329594409525,True
pwl,1,P3_dev_run0,winter,23,0.19210558088195484,0.15,0.042105580881954846,0.28070387254636564,False,0.2704659021321342,0.03560751152792361,20,0,21,0.9523809523809523,2.122754612696887e-08,summer,3,0,0.4415329594409525,True
pwl,1,P3_dev_run0,shoulder,0,0.17289467147161316,0.1,0.07289467147161316,0.7289467147161316,False,0.2704659021321342,0.03560751152792361,20,0,21,0.9523809523809523,2.122754612696887e-08,summer,3,0,0.4415329594409525,True
pwl,1,P3_dev_run0,shoulder,1,8.238878838071546e-13,0.0,8.238878838071546e-13,,False,0.2704659021321342,0.03560751152792361,20,0,21,0.9523809523809523,2.122754612696887e-08,summer,3,0,0.4415329594409525,True
pwl,1,P3_dev_run0,shoulder,2,3.4014563601921127e-07,0.0,3.4014563601921127e-07,,False,0.2704659021321342,0.03560751152792361,20,0,21,0.9523809523809523,2.122754612696887e-08,summer,3,0,0.4415329594409525,True
pwl,1,P3_dev_run0,shoulder,3,3.39515992504661e-07,0.0,3.39515992504661e-07,,False,0.2704659021321342,0.03560751152792361,20,0,21,0.9523809523809523,2.122754612696887e-08,summer,3,0,0.4415329594409525,True
pwl,1,P3_dev_run0,shoulder,4,0.10294891151322276,0.2,0.09705108848677725,0.48525544243388624,False,0.2704659021321342,0.03560751152792361,20,0,21,0.9523809523809523,2.122754612696887e-08,summer,3,0,0.4415329594409525,True
pwl,1,P3_dev_run0,shoulder,5,3.034352320796426e-06,0.0,3.034352320796426e-06,,False,0.2704659021321342,0.03560751152792361,20,0,21,0.9523809523809523,2.122754612696887e-08,summer,3,0,0.4415329594409525,True
pwl,1,P3_dev_run0,shoulder,6,3.0343848064575205e-06,0.0,3.0343848064575205e-06,,False,0.2704659021321342,0.03560751152792361,20,0,21,0.9523809523809523,2.122754612696887e-08,summer,3,0,0.4415329594409525,True
pwl,1,P3_dev_run0,shoulder,7,3.0343863377366743e-06,0.0,3.0343863377366743e-06,,False,0.2704659021321342,0.03560751152792361,20,0,21,0.9523809523809523,2.122754612696887e-08,summer,3,0,0.4415329594409525,True
pwl,1,P3_dev_run0,shoulder,8,0.0,0.0,0.0,,False,0.2704659021321342,0.03560751152792361,20,0,21,0.9523809523809523,2.122754612696887e-08,summer,3,0,0.4415329594409525,True
pwl,1,P3_dev_run0,shoulder,9,1.060189913507498e-12,0.0,1.060189913507498e-12,,False,0.2704659021321342,0.03560751152792361,20,0,21,0.9523809523809523,2.122754612696887e-08,summer,3,0,0.4415329594409525,True
pwl,1,P3_dev_run0,shoulder,10,0.17280023905141975,0.15,0.022800239051419757,0.15200159367613172,False,0.2704659021321342,0.03560751152792361,20,0,21,0.9523809523809523,2.122754612696887e-08,summer,3,0,0.4415329594409525,True
pwl,1,P3_dev_run0,shoulder,11,7.579136673848849e-11,0.0,7.579136673848849e-11,,False,0.2704659021321342,0.03560751152792361,20,0,21,0.9523809523809523,2.122754612696887e-08,summer,3,0,0.4415329594409525,True
pwl,1,P3_dev_run0,shoulder,12,8.72356418781562e-13,0.0,8.72356418781562e-13,,False,0.2704659021321342,0.03560751152792361,20,0,21,0.9523809523809523,2.122754612696887e-08,summer,3,0,0.4415329594409525,True
pwl,1,P3_dev_run0,shoulder,13,1.0213241712177967e-12,0.0,1.0213241712177967e-12,,False,0.2704659021321342,0.03560751152792361,20,0,21,0.9523809523809523,2.122754612696887e-08,summer,3,0,0.4415329594409525,True
pwl,1,P3_dev_run0,shoulder,14,8.633704773855198e-13,0.0,8.633704773855198e-13,,False,0.2704659021321342,0.03560751152792361,20,0,21,0.9523809523809523,2.122754612696887e-08,summer,3,0,0.4415329594409525,True
pwl,1,P3_dev_run0,shoulder,15,9.324212071394036e-13,0.0,9.324212071394036e-13,,False,0.2704659021321342,0.03560751152792361,20,0,21,0.9523809523809523,2.122754612696887e-08,summer,3,0,0.4415329594409525,True
pwl,1,P3_dev_run0,shoulder,16,1.3486944192698783e-12,0.0,1.3486944192698783e-12,,False,0.2704659021321342,0.03560751152792361,20,0,21,0.9523809523809523,2.122754612696887e-08,summer,3,0,0.4415329594409525,True
pwl,1,P3_dev_run0,shoulder,17,1.6263292514920579e-12,0.0,1.6263292514920579e-12,,False,0.2704659021321342,0.03560751152792361,20,0,21,0.9523809523809523,2.122754612696887e-08,summer,3,0,0.4415329594409525,True
pwl,1,P3_dev_run0,shoulder,18,1.4725171258555439e-12,0.0,1.4725171258555439e-12,,False,0.2704659021321342,0.03560751152792361,20,0,21,0.9523809523809523,2.122754612696887e-08,summer,3,0,0.4415329594409525,True
pwl,1,P3_dev_run0,shoulder,19,1.8930190909136094e-12,0.0,1.8930190909136094e-12,,False,0.2704659021321342,0.03560751152792361,20,0,21,0.9523809523809523,2.122754612696887e-08,summer,3,0,0.4415329594409525,True
pwl,1,P3_dev_run0,shoulder,20,1.3231576079695514e-12,0.0,1.3231576079695514e-12,,False,0.2704659021321342,0.03560751152792361,20,0,21,0.9523809523809523,2.122754612696887e-08,summer,3,0,0.4415329594409525,True
pwl,1,P3_dev_run0,shoulder,21,1.0021951416018563e-12,0.0,1.0021951416018563e-12,,False,0.2704659021321342,0.03560751152792361,20,0,21,0.9523809523809523,2.122754612696887e-08,summer,3,0,0.4415329594409525,True
pwl,1,P3_dev_run0,shoulder,22,9.791290998845517e-13,0.0,9.791290998845517e-13,,False,0.2704659021321342,0.03560751152792361,20,0,21,0.9523809523809523,2.122754612696887e-08,summer,3,0,0.4415329594409525,True
pwl,1,P3_dev_run0,shoulder,23,1.6512529179935834e-12,0.0,1.6512529179935834e-12,,False,0.2704659021321342,0.03560751152792361,20,0,21,0.9523809523809523,2.122754612696887e-08,summer,3,0,0.4415329594409525,True
pwl,2,P1_old_full_opt,summer,0,0.04555215193799543,0.0,0.04555215193799543,,False,0.04555215193804365,0.005997054573123977,32,11,32,1.0,1.7976909373184942e-08,shoulder,7,0,0.3739197149622468,True
pwl,2,P1_old_full_opt,summer,1,0.00886753099507126,0.0,0.00886753099507126,,False,0.04555215193804365,0.005997054573123977,32,11,32,1.0,1.7976909373184942e-08,shoulder,7,0,0.3739197149622468,True
pwl,2,P1_old_full_opt,summer,2,8.372945239845479e-11,0.0,8.372945239845479e-11,,False,0.04555215193804365,0.005997054573123977,32,11,32,1.0,1.7976909373184942e-08,shoulder,7,0,0.3739197149622468,True
pwl,2,P1_old_full_opt,summer,3,0.024999999999300877,0.02,0.004999999999300876,0.2499999999650438,False,0.04555215193804365,0.005997054573123977,32,11,32,1.0,1.7976909373184942e-08,shoulder,7,0,0.3739197149622468,True
pwl,2,P1_old_full_opt,summer,4,0.04555215193796136,0.0,0.04555215193796136,,False,0.04555215193804365,0.005997054573123977,32,11,32,1.0,1.7976909373184942e-08,shoulder,7,0,0.3739197149622468,True
pwl,2,P1_old_full_opt,summer,5,0.04555215193796086,0.0,0.04555215193796086,,False,0.04555215193804365,0.005997054573123977,32,11,32,1.0,1.7976909373184942e-08,shoulder,7,0,0.3739197149622468,True
pwl,2,P1_old_full_opt,summer,6,1.171727739111748e-05,0.0,1.171727739111748e-05,,False,0.04555215193804365,0.005997054573123977,32,11,32,1.0,1.7976909373184942e-08,shoulder,7,0,0.3739197149622468,True
pwl,2,P1_old_full_opt,summer,7,1.170607078477509e-05,0.0,1.170607078477509e-05,,False,0.04555215193804365,0.005997054573123977,32,11,32,1.0,1.7976909373184942e-08,shoulder,7,0,0.3739197149622468,True
pwl,2,P1_old_full_opt,summer,8,1.1717264886611617e-05,0.0,1.1717264886611617e-05,,False,0.04555215193804365,0.005997054573123977,32,11,32,1.0,1.7976909373184942e-08,shoulder,7,0,0.3739197149622468,True
pwl,2,P1_old_full_opt,summer,9,1.1537822356903506e-12,0.0,1.1537822356903506e-12,,False,0.04555215193804365,0.005997054573123977,32,11,32,1.0,1.7976909373184942e-08,shoulder,7,0,0.3739197149622468,True
pwl,2,P1_old_full_opt,summer,10,1.0377485655312642e-12,0.0,1.0377485655312642e-12,,False,0.04555215193804365,0.005997054573123977,32,11,32,1.0,1.7976909373184942e-08,shoulder,7,0,0.3739197149622468,True
pwl,2,P1_old_full_opt,summer,11,1.0536321735454997e-12,0.0,1.0536321735454997e-12,,False,0.04555215193804365,0.005997054573123977,32,11,32,1.0,1.7976909373184942e-08,shoulder,7,0,0.3739197149622468,True
pwl,2,P1_old_full_opt,summer,12,1.0300924658678274e-12,0.0,1.0300924658678274e-12,,False,0.04555215193804365,0.005997054573123977,32,11,32,1.0,1.7976909373184942e-08,shoulder,7,0,0.3739197149622468,True
pwl,2,P1_old_full_opt,summer,13,9.953034109789012e-13,0.0,9.953034109789012e-13,,False,0.04555215193804365,0.005997054573123977,32,11,32,1.0,1.7976909373184942e-08,shoulder,7,0,0.3739197149622468,True
pwl,2,P1_old_full_opt,summer,14,1.3171101072800136e-12,0.0,1.3171101072800136e-12,,False,0.04555215193804365,0.005997054573123977,32,11,32,1.0,1.7976909373184942e-08,shoulder,7,0,0.3739197149622468,True
pwl,2,P1_old_full_opt,summer,15,0.02500000000005673,0.0,0.02500000000005673,,False,0.04555215193804365,0.005997054573123977,32,11,32,1.0,1.7976909373184942e-08,shoulder,7,0,0.3739197149622468,True
pwl,2,P1_old_full_opt,summer,16,0.04119849339685222,0.0,0.04119849339685222,,False,0.04555215193804365,0.005997054573123977,32,11,32,1.0,1.7976909373184942e-08,shoulder,7,0,0.3739197149622468,True
pwl,2,P1_old_full_opt,summer,17,2.5949690678387607e-12,0.0,2.5949690678387607e-12,,False,0.04555215193804365,0.005997054573123977,32,11,32,1.0,1.7976909373184942e-08,shoulder,7,0,0.3739197149622468,True
pwl,2,P1_old_full_opt,summer,18,1.278129444156679e-12,0.0,1.278129444156679e-12,,False,0.04555215193804365,0.005997054573123977,32,11,32,1.0,1.7976909373184942e-08,shoulder,7,0,0.3739197149622468,True
pwl,2,P1_old_full_opt,summer,19,1.204949931797347e-12,0.0,1.204949931797347e-12,,False,0.04555215193804365,0.005997054573123977,32,11,32,1.0,1.7976909373184942e-08,shoulder,7,0,0.3739197149622468,True
pwl,2,P1_old_full_opt,summer,20,1.175984741300558e-12,0.0,1.175984741300558e-12,,False,0.04555215193804365,0.005997054573123977,32,11,32,1.0,1.7976909373184942e-08,shoulder,7,0,0.3739197149622468,True
pwl,2,P1_old_full_opt,summer,21,1.1029637574528817e-12,0.0,1.1029637574528817e-12,,False,0.04555215193804365,0.005997054573123977,32,11,32,1.0,1.7976909373184942e-08,shoulder,7,0,0.3739197149622468,True
pwl,2,P1_old_full_opt,summer,22,1.0801903848950674e-12,0.0,1.0801903848950674e-12,,False,0.04555215193804365,0.005997054573123977,32,11,32,1.0,1.7976909373184942e-08,shoulder,7,0,0.3739197149622468,True
pwl,2,P1_old_full_opt,summer,23,1.4620130386726379e-12,0.0,1.4620130386726379e-12,,False,0.04555215193804365,0.005997054573123977,32,11,32,1.0,1.7976909373184942e-08,shoulder,7,0,0.3739197149622468,True
pwl,2,P1_old_full_opt,winter,0,0.045552151938003355,0.0,0.045552151938003355,,False,0.04555215193804365,0.005997054573123977,32,11,32,1.0,1.7976909373184942e-08,shoulder,7,0,0.3739197149622468,True
pwl,2,P1_old_full_opt,winter,1,0.008867531391326886,0.0,0.008867531391326886,,False,0.04555215193804365,0.005997054573123977,32,11,32,1.0,1.7976909373184942e-08,shoulder,7,0,0.3739197149622468,True
pwl,2,P1_old_full_opt,winter,2,1.2410905122425019e-12,0.0,1.2410905122425019e-12,,False,0.04555215193804365,0.005997054573123977,32,11,32,1.0,1.7976909373184942e-08,shoulder,7,0,0.3739197149622468,True
pwl,2,P1_old_full_opt,winter,3,0.04555215193805289,0.0,0.04555215193805289,,False,0.04555215193804365,0.005997054573123977,32,11,32,1.0,1.7976909373184942e-08,shoulder,7,0,0.3739197149622468,True
pwl,2,P1_old_full_opt,winter,4,0.045552151938022686,0.0,0.045552151938022686,,False,0.04555215193804365,0.005997054573123977,32,11,32,1.0,1.7976909373184942e-08,shoulder,7,0,0.3739197149622468,True
pwl,2,P1_old_full_opt,winter,5,0.024999999999766067,0.02,0.004999999999766067,0.24999999998830333,False,0.04555215193804365,0.005997054573123977,32,11,32,1.0,1.7976909373184942e-08,shoulder,7,0,0.3739197149622468,True
pwl,2,P1_old_full_opt,winter,6,1.1716904556084245e-05,0.0,1.1716904556084245e-05,,False,0.04555215193804365,0.005997054573123977,32,11,32,1.0,1.7976909373184942e-08,shoulder,7,0,0.3739197149622468,True
pwl,2,P1_old_full_opt,winter,7,1.1716857615109216e-05,0.0,1.1716857615109216e-05,,False,0.04555215193804365,0.005997054573123977,32,11,32,1.0,1.7976909373184942e-08,shoulder,7,0,0.3739197149622468,True
pwl,2,P1_old_full_opt,winter,8,1.1716911202551263e-05,0.0,1.1716911202551263e-05,,False,0.04555215193804365,0.005997054573123977,32,11,32,1.0,1.7976909373184942e-08,shoulder,7,0,0.3739197149622468,True
pwl,2,P1_old_full_opt,winter,9,0.024999999998720386,0.0,0.024999999998720386,,False,0.04555215193804365,0.005997054573123977,32,11,32,1.0,1.7976909373184942e-08,shoulder,7,0,0.3739197149622468,True
pwl,2,P1_old_full_opt,winter,10,0.04555215193805136,0.0,0.04555215193805136,,False,0.04555215193804365,0.005997054573123977,32,11,32,1.0,1.7976909373184942e-08,shoulder,7,0,0.3739197149622468,True
pwl,2,P1_old_full_opt,winter,11,0.04360091054205271,0.0,0.04360091054205271,,False,0.04555215193804365,0.005997054573123977,32,11,32,1.0,1.7976909373184942e-08,shoulder,7,0,0.3739197149622468,True
pwl,2,P1_old_full_opt,winter,12,1.6315739071987779e-12,0.0,1.6315739071987779e-12,,False,0.04555215193804365,0.005997054573123977,32,11,32,1.0,1.7976909373184942e-08,shoulder,7,0,0.3739197149622468,True
pwl,2,P1_old_full_opt,winter,13,1.7811617828914463e-12,0.0,1.7811617828914463e-12,,False,0.04555215193804365,0.005997054573123977,32,11,32,1.0,1.7976909373184942e-08,shoulder,7,0,0.3739197149622468,True
pwl,2,P1_old_full_opt,winter,14,1.2248081058203492e-12,0.0,1.2248081058203492e-12,,False,0.04555215193804365,0.005997054573123977,32,11,32,1.0,1.7976909373184942e-08,shoulder,7,0,0.3739197149622468,True
pwl,2,P1_old_full_opt,winter,15,1.1976251700032883e-12,0.0,1.1976251700032883e-12,,False,0.04555215193804365,0.005997054573123977,32,11,32,1.0,1.7976909373184942e-08,shoulder,7,0,0.3739197149622468,True
pwl,2,P1_old_full_opt,winter,16,1.299150821332111e-12,0.0,1.299150821332111e-12,,False,0.04555215193804365,0.005997054573123977,32,11,32,1.0,1.7976909373184942e-08,shoulder,7,0,0.3739197149622468,True
pwl,2,P1_old_full_opt,winter,17,1.5334982396337904e-12,0.0,1.5334982396337904e-12,,False,0.04555215193804365,0.005997054573123977,32,11,32,1.0,1.7976909373184942e-08,shoulder,7,0,0.3739197149622468,True
pwl,2,P1_old_full_opt,winter,18,1.2383908366202139e-12,0.0,1.2383908366202139e-12,,False,0.04555215193804365,0.005997054573123977,32,11,32,1.0,1.7976909373184942e-08,shoulder,7,0,0.3739197149622468,True
pwl,2,P1_old_full_opt,winter,19,1.0722815483496826e-12,0.0,1.0722815483496826e-12,,False,0.04555215193804365,0.005997054573123977,32,11,32,1.0,1.7976909373184942e-08,shoulder,7,0,0.3739197149622468,True
pwl,2,P1_old_full_opt,winter,20,0.0,0.0,0.0,,False,0.04555215193804365,0.005997054573123977,32,11,32,1.0,1.7976909373184942e-08,shoulder,7,0,0.3739197149622468,True
pwl,2,P1_old_full_opt,winter,21,3.9450984029403884e-08,0.0,3.9450984029403884e-08,,False,0.04555215193804365,0.005997054573123977,32,11,32,1.0,1.7976909373184942e-08,shoulder,7,0,0.3739197149622468,True
pwl,2,P1_old_full_opt,winter,22,0.025000000000039102,0.02,0.005000000000039102,0.2500000000019551,False,0.04555215193804365,0.005997054573123977,32,11,32,1.0,1.7976909373184942e-08,shoulder,7,0,0.3739197149622468,True
pwl,2,P1_old_full_opt,winter,23,0.04555215193807073,0.0,0.04555215193807073,,False,0.04555215193804365,0.005997054573123977,32,11,32,1.0,1.7976909373184942e-08,shoulder,7,0,0.3739197149622468,True
pwl,2,P1_old_full_opt,shoulder,0,0.04555215193509599,0.0,0.04555215193509599,,False,0.04555215193804365,0.005997054573123977,32,11,32,1.0,1.7976909373184942e-08,shoulder,7,0,0.3739197149622468,True
pwl,2,P1_old_full_opt,shoulder,1,0.008867530563032853,0.0,0.008867530563032853,,False,0.04555215193804365,0.005997054573123977,32,11,32,1.0,1.7976909373184942e-08,shoulder,7,0,0.3739197149622468,True
pwl,2,P1_old_full_opt,shoulder,2,2.636513636189927e-09,0.0,2.636513636189927e-09,,False,0.04555215193804365,0.005997054573123977,32,11,32,1.0,1.7976909373184942e-08,shoulder,7,0,0.3739197149622468,True
pwl,2,P1_old_full_opt,shoulder,3,0.03595909780847033,0.0,0.03595909780847033,,False,0.04555215193804365,0.005997054573123977,32,11,32,1.0,1.7976909373184942e-08,shoulder,7,0,0.3739197149622468,True
pwl,2,P1_old_full_opt,shoulder,4,0.045552151933503635,0.0,0.045552151933503635,,False,0.04555215193804365,0.005997054573123977,32,11,32,1.0,1.7976909373184942e-08,shoulder,7,0,0.3739197149622468,True
pwl,2,P1_old_full_opt,shoulder,5,0.02500000000463147,0.02,0.00500000000463147,0.2500000002315735,False,0.04555215193804365,0.005997054573123977,32,11,32,1.0,1.7976909373184942e-08,shoulder,7,0,0.3739197149622468,True
pwl,2,P1_old_full_opt,shoulder,6,1.1718674792012918e-05,0.0,1.1718674792012918e-05,,False,0.04555215193804365,0.005997054573123977,32,11,32,1.0,1.7976909373184942e-08,shoulder,7,0,0.3739197149622468,True
pwl,2,P1_old_full_opt,shoulder,7,1.1607120155005671e-05,0.0,1.1607120155005671e-05,,False,0.04555215193804365,0.005997054573123977,32,11,32,1.0,1.7976909373184942e-08,shoulder,7,0,0.3739197149622468,True
pwl,2,P1_old_full_opt,shoulder,8,1.3653325964850034e-09,0.0,1.3653325964850034e-09,,False,0.04555215193804365,0.005997054573123977,32,11,32,1.0,1.7976909373184942e-08,shoulder,7,0,0.3739197149622468,True
pwl,2,P1_old_full_opt,shoulder,9,8.122123262080636e-11,0.0,8.122123262080636e-11,,False,0.04555215193804365,0.005997054573123977,32,11,32,1.0,1.7976909373184942e-08,shoulder,7,0,0.3739197149622468,True
pwl,2,P1_old_full_opt,shoulder,10,0.04555215193857959,0.0,0.04555215193857959,,False,0.04555215193804365,0.005997054573123977,32,11,32,1.0,1.7976909373184942e-08,shoulder,7,0,0.3739197149622468,True
pwl,2,P1_old_full_opt,shoulder,11,0.008770374336337105,0.0,0.008770374336337105,,False,0.04555215193804365,0.005997054573123977,32,11,32,1.0,1.7976909373184942e-08,shoulder,7,0,0.3739197149622468,True
pwl,2,P1_old_full_opt,shoulder,12,4.159052189458966e-11,0.0,4.159052189458966e-11,,False,0.04555215193804365,0.005997054573123977,32,11,32,1.0,1.7976909373184942e-08,shoulder,7,0,0.3739197149622468,True
pwl,2,P1_old_full_opt,shoulder,13,4.506257334713848e-11,0.0,4.506257334713848e-11,,False,0.04555215193804365,0.005997054573123977,32,11,32,1.0,1.7976909373184942e-08,shoulder,7,0,0.3739197149622468,True
pwl,2,P1_old_full_opt,shoulder,14,3.365084636133102e-11,0.0,3.365084636133102e-11,,False,0.04555215193804365,0.005997054573123977,32,11,32,1.0,1.7976909373184942e-08,shoulder,7,0,0.3739197149622468,True
pwl,2,P1_old_full_opt,shoulder,15,4.3820039627708076e-11,0.0,4.3820039627708076e-11,,False,0.04555215193804365,0.005997054573123977,32,11,32,1.0,1.7976909373184942e-08,shoulder,7,0,0.3739197149622468,True
pwl,2,P1_old_full_opt,shoulder,16,2.2317285100917528e-10,0.0,2.2317285100917528e-10,,False,0.04555215193804365,0.005997054573123977,32,11,32,1.0,1.7976909373184942e-08,shoulder,7,0,0.3739197149622468,True
pwl,2,P1_old_full_opt,shoulder,17,5.578201578281345e-10,0.0,5.578201578281345e-10,,False,0.04555215193804365,0.005997054573123977,32,11,32,1.0,1.7976909373184942e-08,shoulder,7,0,0.3739197149622468,True
pwl,2,P1_old_full_opt,shoulder,18,2.6067622738222594e-10,0.0,2.6067622738222594e-10,,False,0.04555215193804365,0.005997054573123977,32,11,32,1.0,1.7976909373184942e-08,shoulder,7,0,0.3739197149622468,True
pwl,2,P1_old_full_opt,shoulder,19,5.237223463506621e-10,0.0,5.237223463506621e-10,,False,0.04555215193804365,0.005997054573123977,32,11,32,1.0,1.7976909373184942e-08,shoulder,7,0,0.3739197149622468,True
pwl,2,P1_old_full_opt,shoulder,20,1.865152530591718e-10,0.0,1.865152530591718e-10,,False,0.04555215193804365,0.005997054573123977,32,11,32,1.0,1.7976909373184942e-08,shoulder,7,0,0.3739197149622468,True
pwl,2,P1_old_full_opt,shoulder,21,3.837365398936793e-11,0.0,3.837365398936793e-11,,False,0.04555215193804365,0.005997054573123977,32,11,32,1.0,1.7976909373184942e-08,shoulder,7,0,0.3739197149622468,True
pwl,2,P1_old_full_opt,shoulder,22,3.807337084245681e-11,0.0,3.807337084245681e-11,,False,0.04555215193804365,0.005997054573123977,32,11,32,1.0,1.7976909373184942e-08,shoulder,7,0,0.3739197149622468,True
pwl,2,P1_old_full_opt,shoulder,23,7.360921753666277e-11,0.0,7.360921753666277e-11,,False,0.04555215193804365,0.005997054573123977,32,11,32,1.0,1.7976909373184942e-08,shoulder,7,0,0.3739197149622468,True
pwl,2,P2_dev_run1,summer,0,0.04621260030534867,0.1,0.053787399694651336,0.5378739969465133,False,0.07842217066606379,0.0103244746344123,26,3,26,1.0,5.095077393345442e-08,winter,2,0,1.059776097815852,True
pwl,2,P2_dev_run1,summer,1,2.212935571428559e-11,0.0,2.212935571428559e-11,,False,0.07842217066606379,0.0103244746344123,26,3,26,1.0,5.095077393345442e-08,winter,2,0,1.059776097815852,True
pwl,2,P2_dev_run1,summer,2,5.52665899978701e-07,0.0,5.52665899978701e-07,,False,0.07842217066606379,0.0103244746344123,26,3,26,1.0,5.095077393345442e-08,winter,2,0,1.059776097815852,True
pwl,2,P2_dev_run1,summer,3,5.440233299353223e-07,0.0,5.440233299353223e-07,,False,0.07842217066606379,0.0103244746344123,26,3,26,1.0,5.095077393345442e-08,winter,2,0,1.059776097815852,True
pwl,2,P2_dev_run1,summer,4,0.02500000005049857,0.05,0.024999999949501434,0.49999999899002867,False,0.07842217066606379,0.0103244746344123,26,3,26,1.0,5.095077393345442e-08,winter,2,0,1.059776097815852,True
pwl,2,P2_dev_run1,summer,5,0.07769557430655837,0.0,0.07769557430655837,,False,0.07842217066606379,0.0103244746344123,26,3,26,1.0,5.095077393345442e-08,winter,2,0,1.059776097815852,True
pwl,2,P2_dev_run1,summer,6,1.1297407296578594e-05,0.0,1.1297407296578594e-05,,False,0.07842217066606379,0.0103244746344123,26,3,26,1.0,5.095077393345442e-08,winter,2,0,1.059776097815852,True
pwl,2,P2_dev_run1,summer,7,1.1297415436884104e-05,0.0,1.1297415436884104e-05,,False,0.07842217066606379,0.0103244746344123,26,3,26,1.0,5.095077393345442e-08,winter,2,0,1.059776097815852,True
pwl,2,P2_dev_run1,summer,8,1.1297422247444412e-05,0.0,1.1297422247444412e-05,,False,0.07842217066606379,0.0103244746344123,26,3,26,1.0,5.095077393345442e-08,winter,2,0,1.059776097815852,True
pwl,2,P2_dev_run1,summer,9,6.295931254626051e-11,0.0,6.295931254626051e-11,,False,0.07842217066606379,0.0103244746344123,26,3,26,1.0,5.095077393345442e-08,winter,2,0,1.059776097815852,True
pwl,2,P2_dev_run1,summer,10,2.829691640770624e-11,0.0,2.829691640770624e-11,,False,0.07842217066606379,0.0103244746344123,26,3,26,1.0,5.095077393345442e-08,winter,2,0,1.059776097815852,True
pwl,2,P2_dev_run1,summer,11,3.499958414845166e-11,0.0,3.499958414845166e-11,,False,0.07842217066606379,0.0103244746344123,26,3,26,1.0,5.095077393345442e-08,winter,2,0,1.059776097815852,True
pwl,2,P2_dev_run1,summer,12,3.4360791667571935e-11,0.0,3.4360791667571935e-11,,False,0.07842217066606379,0.0103244746344123,26,3,26,1.0,5.095077393345442e-08,winter,2,0,1.059776097815852,True
pwl,2,P2_dev_run1,summer,13,2.8624548644468434e-11,0.0,2.8624548644468434e-11,,False,0.07842217066606379,0.0103244746344123,26,3,26,1.0,5.095077393345442e-08,winter,2,0,1.059776097815852,True
pwl,2,P2_dev_run1,summer,14,8.130051299743157e-10,0.0,8.130051299743157e-10,,False,0.07842217066606379,0.0103244746344123,26,3,26,1.0,5.095077393345442e-08,winter,2,0,1.059776097815852,True
pwl,2,P2_dev_run1,summer,15,0.02500000000084308,0.0,0.02500000000084308,,False,0.07842217066606379,0.0103244746344123,26,3,26,1.0,5.095077393345442e-08,winter,2,0,1.059776097815852,True
pwl,2,P2_dev_run1,summer,16,0.039483801655828536,0.1,0.06051619834417147,0.6051619834417147,False,0.07842217066606379,0.0103244746344123,26,3,26,1.0,5.095077393345442e-08,winter,2,0,1.059776097815852,True
pwl,2,P2_dev_run1,summer,17,1.7776381314644906e-09,0.0,1.7776381314644906e-09,,False,0.07842217066606379,0.0103244746344123,26,3,26,1.0,5.095077393345442e-08,winter,2,0,1.059776097815852,True
pwl,2,P2_dev_run1,summer,18,4.942225203161937e-11,0.0,4.942225203161937e-11,,False,0.07842217066606379,0.0103244746344123,26,3,26,1.0,5.095077393345442e-08,winter,2,0,1.059776097815852,True
pwl,2,P2_dev_run1,summer,19,3.661970657131547e-11,0.0,3.661970657131547e-11,,False,0.07842217066606379,0.0103244746344123,26,3,26,1.0,5.095077393345442e-08,winter,2,0,1.059776097815852,True
pwl,2,P2_dev_run1,summer,20,3.495592120247411e-11,0.0,3.495592120247411e-11,,False,0.07842217066606379,0.0103244746344123,26,3,26,1.0,5.095077393345442e-08,winter,2,0,1.059776097815852,True
pwl,2,P2_dev_run1,summer,21,3.034098252813237e-11,0.0,3.034098252813237e-11,,False,0.07842217066606379,0.0103244746344123,26,3,26,1.0,5.095077393345442e-08,winter,2,0,1.059776097815852,True
pwl,2,P2_dev_run1,summer,22,4.885407879788083e-11,0.0,4.885407879788083e-11,,False,0.07842217066606379,0.0103244746344123,26,3,26,1.0,5.095077393345442e-08,winter,2,0,1.059776097815852,True
pwl,2,P2_dev_run1,summer,23,2.480909423799393e-09,0.0,2.480909423799393e-09,,False,0.07842217066606379,0.0103244746344123,26,3,26,1.0,5.095077393345442e-08,winter,2,0,1.059776097815852,True
pwl,2,P2_dev_run1,winter,0,0.04621260007272216,0.1,0.053787399927277844,0.5378739992727785,False,0.07842217066606379,0.0103244746344123,26,3,26,1.0,5.095077393345442e-08,winter,2,0,1.059776097815852,True
pwl,2,P2_dev_run1,winter,1,0.0,0.0,0.0,,False,0.07842217066606379,0.0103244746344123,26,3,26,1.0,5.095077393345442e-08,winter,2,0,1.059776097815852,True
pwl,2,P2_dev_run1,winter,2,5.085580213299708e-07,0.0,5.085580213299708e-07,,False,0.07842217066606379,0.0103244746344123,26,3,26,1.0,5.095077393345442e-08,winter,2,0,1.059776097815852,True
pwl,2,P2_dev_run1,winter,3,0.024999999998062277,0.05,0.025000000001937726,0.5000000000387544,False,0.07842217066606379,0.0103244746344123,26,3,26,1.0,5.095077393345442e-08,winter,2,0,1.059776097815852,True
pwl,2,P2_dev_run1,winter,4,0.07842217066564934,0.0,0.07842217066564934,,False,0.07842217066606379,0.0103244746344123,26,3,26,1.0,5.095077393345442e-08,winter,2,0,1.059776097815852,True
pwl,2,P2_dev_run1,winter,5,1.1297291145463182e-05,0.0,1.1297291145463182e-05,,False,0.07842217066606379,0.0103244746344123,26,3,26,1.0,5.095077393345442e-08,winter,2,0,1.059776097815852,True
pwl,2,P2_dev_run1,winter,6,1.1297302545984924e-05,0.0,1.1297302545984924e-05,,False,0.07842217066606379,0.0103244746344123,26,3,26,1.0,5.095077393345442e-08,winter,2,0,1.059776097815852,True
pwl,2,P2_dev_run1,winter,7,1.1297303177436947e-05,0.0,1.1297303177436947e-05,,False,0.07842217066606379,0.0103244746344123,26,3,26,1.0,5.095077393345442e-08,winter,2,0,1.059776097815852,True
pwl,2,P2_dev_run1,winter,8,1.1297291217231169e-05,0.0,1.1297291217231169e-05,,False,0.07842217066606379,0.0103244746344123,26,3,26,1.0,5.095077393345442e-08,winter,2,0,1.059776097815852,True
pwl,2,P2_dev_run1,winter,9,0.02499999998756316,0.0,0.02499999998756316,,False,0.07842217066606379,0.0103244746344123,26,3,26,1.0,5.095077393345442e-08,winter,2,0,1.059776097815852,True
pwl,2,P2_dev_run1,winter,10,0.07842217066601813,0.0,0.07842217066601813,,False,0.07842217066606379,0.0103244746344123,26,3,26,1.0,5.095077393345442e-08,winter,2,0,1.059776097815852,True
pwl,2,P2_dev_run1,winter,11,0.025000000000875922,0.05,0.02499999999912408,0.49999999998248157,False,0.07842217066606379,0.0103244746344123,26,3,26,1.0,5.095077393345442e-08,winter,2,0,1.059776097815852,True
pwl,2,P2_dev_run1,winter,12,7.687986296600234e-10,0.0,7.687986296600234e-10,,False,0.07842217066606379,0.0103244746344123,26,3,26,1.0,5.095077393345442e-08,winter,2,0,1.059776097815852,True
pwl,2,P2_dev_run1,winter,13,5.92966720058217e-11,0.0,5.92966720058217e-11,,False,0.07842217066606379,0.0103244746344123,26,3,26,1.0,5.095077393345442e-08,winter,2,0,1.059776097815852,True
pwl,2,P2_dev_run1,winter,14,1.1407205286021562e-11,0.0,1.1407205286021562e-11,,False,0.07842217066606379,0.0103244746344123,26,3,26,1.0,5.095077393345442e-08,winter,2,0,1.059776097815852,True
pwl,2,P2_dev_run1,winter,15,1.0335332979085766e-11,0.0,1.0335332979085766e-11,,False,0.07842217066606379,0.0103244746344123,26,3,26,1.0,5.095077393345442e-08,winter,2,0,1.059776097815852,True
pwl,2,P2_dev_run1,winter,16,1.3419376830437034e-11,0.0,1.3419376830437034e-11,,False,0.07842217066606379,0.0103244746344123,26,3,26,1.0,5.095077393345442e-08,winter,2,0,1.059776097815852,True
pwl,2,P2_dev_run1,winter,17,1.2179589256235592e-09,0.0,1.2179589256235592e-09,,False,0.07842217066606379,0.0103244746344123,26,3,26,1.0,5.095077393345442e-08,winter,2,0,1.059776097815852,True
pwl,2,P2_dev_run1,winter,18,7.430381879228187e-12,0.0,7.430381879228187e-12,,False,0.07842217066606379,0.0103244746344123,26,3,26,1.0,5.095077393345442e-08,winter,2,0,1.059776097815852,True
pwl,2,P2_dev_run1,winter,19,0.0,0.0,0.0,,False,0.07842217066606379,0.0103244746344123,26,3,26,1.0,5.095077393345442e-08,winter,2,0,1.059776097815852,True
pwl,2,P2_dev_run1,winter,20,0.0,0.0,0.0,,False,0.07842217066606379,0.0103244746344123,26,3,26,1.0,5.095077393345442e-08,winter,2,0,1.059776097815852,True
pwl,2,P2_dev_run1,winter,21,5.753439242786987e-08,0.0,5.753439242786987e-08,,False,0.07842217066606379,0.0103244746344123,26,3,26,1.0,5.095077393345442e-08,winter,2,0,1.059776097815852,True
pwl,2,P2_dev_run1,winter,22,6.025714052456689e-07,0.0,6.025714052456689e-07,,False,0.07842217066606379,0.0103244746344123,26,3,26,1.0,5.095077393345442e-08,winter,2,0,1.059776097815852,True
pwl,2,P2_dev_run1,winter,23,0.05134743779562099,0.1,0.04865256220437902,0.48652562204379013,False,0.07842217066606379,0.0103244746344123,26,3,26,1.0,5.095077393345442e-08,winter,2,0,1.059776097815852,True
pwl,2,P2_dev_run1,shoulder,0,0.04621259962727689,0.1,0.053787400372723115,0.5378740037272312,False,0.07842217066606379,0.0103244746344123,26,3,26,1.0,5.095077393345442e-08,winter,2,0,1.059776097815852,True
pwl,2,P2_dev_run1,shoulder,1,7.255753275320795e-11,0.0,7.255753275320795e-11,,False,0.07842217066606379,0.0103244746344123,26,3,26,1.0,5.095077393345442e-08,winter,2,0,1.059776097815852,True
pwl,2,P2_dev_run1,shoulder,2,4.950141494051534e-07,0.0,4.950141494051534e-07,,False,0.07842217066606379,0.0103244746344123,26,3,26,1.0,5.095077393345442e-08,winter,2,0,1.059776097815852,True
pwl,2,P2_dev_run1,shoulder,3,0.02499999997036479,0.05,0.025000000029635212,0.5000000005927042,False,0.07842217066606379,0.0103244746344123,26,3,26,1.0,5.095077393345442e-08,winter,2,0,1.059776097815852,True
pwl,2,P2_dev_run1,shoulder,4,0.07842217066543615,0.0,0.07842217066543615,,False,0.07842217066606379,0.0103244746344123,26,3,26,1.0,5.095077393345442e-08,winter,2,0,1.059776097815852,True
pwl,2,P2_dev_run1,shoulder,5,1.1297378100426926e-05,0.0,1.1297378100426926e-05,,False,0.07842217066606379,0.0103244746344123,26,3,26,1.0,5.095077393345442e-08,winter,2,0,1.059776097815852,True
pwl,2,P2_dev_run1,shoulder,6,1.1297406788325833e-05,0.0,1.1297406788325833e-05,,False,0.07842217066606379,0.0103244746344123,26,3,26,1.0,5.095077393345442e-08,winter,2,0,1.059776097815852,True
pwl,2,P2_dev_run1,shoulder,7,1.1297409755601174e-05,0.0,1.1297409755601174e-05,,False,0.07842217066606379,0.0103244746344123,26,3,26,1.0,5.095077393345442e-08,winter,2,0,1.059776097815852,True
pwl,2,P2_dev_run1,shoulder,8,3.951379577717838e-09,0.0,3.951379577717838e-09,,False,0.07842217066606379,0.0103244746344123,26,3,26,1.0,5.095077393345442e-08,winter,2,0,1.059776097815852,True
pwl,2,P2_dev_run1,shoulder,9,3.9266742699087635e-10,0.0,3.9266742699087635e-10,,False,0.07842217066606379,0.0103244746344123,26,3,26,1.0,5.095077393345442e-08,winter,2,0,1.059776097815852,True
pwl,2,P2_dev_run1,shoulder,10,0.04618736063714107,0.1,0.05381263936285893,0.5381263936285893,False,0.07842217066606379,0.0103244746344123,26,3,26,1.0,5.095077393345442e-08,winter,2,0,1.059776097815852,True
pwl,2,P2_dev_run1,shoulder,11,8.188535064547043e-09,0.0,8.188535064547043e-09,,False,0.07842217066606379,0.0103244746344123,26,3,26,1.0,5.095077393345442e-08,winter,2,0,1.059776097815852,True
pwl,2,P2_dev_run1,shoulder,12,2.6490160178439555e-10,0.0,2.6490160178439555e-10,,False,0.07842217066606379,0.0103244746344123,26,3,26,1.0,5.095077393345442e-08,winter,2,0,1.059776097815852,True
pwl,2,P2_dev_run1,shoulder,13,6.124395615455679e-10,0.0,6.124395615455679e-10,,False,0.07842217066606379,0.0103244746344123,26,3,26,1.0,5.095077393345442e-08,winter,2,0,1.059776097815852,True
pwl,2,P2_dev_run1,shoulder,14,4.063188325526513e-12,0.0,4.063188325526513e-12,,False,0.07842217066606379,0.0103244746344123,26,3,26,1.0,5.095077393345442e-08,winter,2,0,1.059776097815852,True
pwl,2,P2_dev_run1,shoulder,15,2.554618665164847e-10,0.0,2.554618665164847e-10,,False,0.07842217066606379,0.0103244746344123,26,3,26,1.0,5.095077393345442e-08,winter,2,0,1.059776097815852,True
pwl,2,P2_dev_run1,shoulder,16,8.564371225823059e-10,0.0,8.564371225823059e-10,,False,0.07842217066606379,0.0103244746344123,26,3,26,1.0,5.095077393345442e-08,winter,2,0,1.059776097815852,True
pwl,2,P2_dev_run1,shoulder,17,3.3426167763470566e-10,0.0,3.3426167763470566e-10,,False,0.07842217066606379,0.0103244746344123,26,3,26,1.0,5.095077393345442e-08,winter,2,0,1.059776097815852,True
pwl,2,P2_dev_run1,shoulder,18,8.616440829297656e-10,0.0,8.616440829297656e-10,,False,0.07842217066606379,0.0103244746344123,26,3,26,1.0,5.095077393345442e-08,winter,2,0,1.059776097815852,True
pwl,2,P2_dev_run1,shoulder,19,1.0620191807014968e-09,0.0,1.0620191807014968e-09,,False,0.07842217066606379,0.0103244746344123,26,3,26,1.0,5.095077393345442e-08,winter,2,0,1.059776097815852,True
pwl,2,P2_dev_run1,shoulder,20,1.206979199513923e-09,0.0,1.206979199513923e-09,,False,0.07842217066606379,0.0103244746344123,26,3,26,1.0,5.095077393345442e-08,winter,2,0,1.059776097815852,True
pwl,2,P2_dev_run1,shoulder,21,3.655895794166053e-12,0.0,3.655895794166053e-12,,False,0.07842217066606379,0.0103244746344123,26,3,26,1.0,5.095077393345442e-08,winter,2,0,1.059776097815852,True
pwl,2,P2_dev_run1,shoulder,22,1.2279302900190912e-11,0.0,1.2279302900190912e-11,,False,0.07842217066606379,0.0103244746344123,26,3,26,1.0,5.095077393345442e-08,winter,2,0,1.059776097815852,True
pwl,2,P2_dev_run1,shoulder,23,8.866939971292064e-10,0.0,8.866939971292064e-10,,False,0.07842217066606379,0.0103244746344123,26,3,26,1.0,5.095077393345442e-08,winter,2,0,1.059776097815852,True
pwl,2,P3_dev_run0,summer,0,0.1728946708584067,0.15,0.022894670858406713,0.15263113905604475,False,0.2704659021321342,0.03560751152792361,23,0,24,0.9583333333333334,4.4389848392756333e-08,summer,3,0,0.9233088465693318,True
pwl,2,P3_dev_run0,summer,1,6.358167119742544e-11,0.0,6.358167119742544e-11,,False,0.2704659021321342,0.03560751152792361,23,0,24,0.9583333333333334,4.4389848392756333e-08,summer,3,0,0.9233088465693318,True
pwl,2,P3_dev_run0,summer,2,3.1269194404244486e-07,0.0,3.1269194404244486e-07,,False,0.2704659021321342,0.03560751152792361,23,0,24,0.9583333333333334,4.4389848392756333e-08,summer,3,0,0.9233088465693318,True
pwl,2,P3_dev_run0,summer,3,4.7979443314582e-07,0.0,4.7979443314582e-07,,False,0.2704659021321342,0.03560751152792361,23,0,24,0.9583333333333334,4.4389848392756333e-08,summer,3,0,0.9233088465693318,True
pwl,2,P3_dev_run0,summer,4,0.025000000104060893,0.0,0.025000000104060893,,False,0.2704659021321342,0.03560751152792361,23,0,24,0.9583333333333334,4.4389848392756333e-08,summer,3,0,0.9233088465693318,True
pwl,2,P3_dev_run0,summer,5,0.07794976941816166,0.2,0.12205023058183835,0.6102511529091917,False,0.2704659021321342,0.03560751152792361,23,0,24,0.9583333333333334,4.4389848392756333e-08,summer,3,0,0.9233088465693318,True
pwl,2,P3_dev_run0,summer,6,1.1323020697214225e-05,0.0,1.1323020697214225e-05,,False,0.2704659021321342,0.03560751152792361,23,0,24,0.9583333333333334,4.4389848392756333e-08,summer,3,0,0.9233088465693318,True
pwl,2,P3_dev_run0,summer,7,1.1325441458288695e-05,0.0,1.1325441458288695e-05,,False,0.2704659021321342,0.03560751152792361,23,0,24,0.9583333333333334,4.4389848392756333e-08,summer,3,0,0.9233088465693318,True
pwl,2,P3_dev_run0,summer,8,1.132539218857988e-05,0.0,1.132539218857988e-05,,False,0.2704659021321342,0.03560751152792361,23,0,24,0.9583333333333334,4.4389848392756333e-08,summer,3,0,0.9233088465693318,True
pwl,2,P3_dev_run0,summer,9,6.026454248813595e-08,0.0,6.026454248813595e-08,,False,0.2704659021321342,0.03560751152792361,23,0,24,0.9583333333333334,4.4389848392756333e-08,summer,3,0,0.9233088465693318,True
pwl,2,P3_dev_run0,summer,10,1.408502570806368e-10,0.0,1.408502570806368e-10,,False,0.2704659021321342,0.03560751152792361,23,0,24,0.9583333333333334,4.4389848392756333e-08,summer,3,0,0.9233088465693318,True
pwl,2,P3_dev_run0,summer,11,1.672581892736123e-10,0.0,1.672581892736123e-10,,False,0.2704659021321342,0.03560751152792361,23,0,24,0.9583333333333334,4.4389848392756333e-08,summer,3,0,0.9233088465693318,True
pwl,2,P3_dev_run0,summer,12,1.5131986805969e-10,0.0,1.5131986805969e-10,,False,0.2704659021321342,0.03560751152792361,23,0,24,0.9583333333333334,4.4389848392756333e-08,summer,3,0,0.9233088465693318,True
pwl,2,P3_dev_run0,summer,13,1.186233182530189e-10,0.0,1.186233182530189e-10,,False,0.2704659021321342,0.03560751152792361,23,0,24,0.9583333333333334,4.4389848392756333e-08,summer,3,0,0.9233088465693318,True
pwl,2,P3_dev_run0,summer,14,2.2593847064380272e-10,0.0,2.2593847064380272e-10,,False,0.2704659021321342,0.03560751152792361,23,0,24,0.9583333333333334,4.4389848392756333e-08,summer,3,0,0.9233088465693318,True
pwl,2,P3_dev_run0,summer,15,0.025000000004765315,0.0,0.025000000004765315,,False,0.2704659021321342,0.03560751152792361,23,0,24,0.9583333333333334,4.4389848392756333e-08,summer,3,0,0.9233088465693318,True
pwl,2,P3_dev_run0,summer,16,0.17028740365878295,0.2,0.029712596341217062,0.1485629817060853,False,0.2704659021321342,0.03560751152792361,23,0,24,0.9583333333333334,4.4389848392756333e-08,summer,3,0,0.9233088465693318,True
pwl,2,P3_dev_run0,summer,17,3.169023170576786e-08,0.0,3.169023170576786e-08,,False,0.2704659021321342,0.03560751152792361,23,0,24,0.9583333333333334,4.4389848392756333e-08,summer,3,0,0.9233088465693318,True
pwl,2,P3_dev_run0,summer,18,2.771440480204162e-09,0.0,2.771440480204162e-09,,False,0.2704659021321342,0.03560751152792361,23,0,24,0.9583333333333334,4.4389848392756333e-08,summer,3,0,0.9233088465693318,True
pwl,2,P3_dev_run0,summer,19,1.6007363647678882e-09,0.0,1.6007363647678882e-09,,False,0.2704659021321342,0.03560751152792361,23,0,24,0.9583333333333334,4.4389848392756333e-08,summer,3,0,0.9233088465693318,True
pwl,2,P3_dev_run0,summer,20,8.719754846544803e-10,0.0,8.719754846544803e-10,,False,0.2704659021321342,0.03560751152792361,23,0,24,0.9583333333333334,4.4389848392756333e-08,summer,3,0,0.9233088465693318,True
pwl,2,P3_dev_run0,summer,21,2.459843533319205e-10,0.0,2.459843533319205e-10,,False,0.2704659021321342,0.03560751152792361,23,0,24,0.9583333333333334,4.4389848392756333e-08,summer,3,0,0.9233088465693318,True
pwl,2,P3_dev_run0,summer,22,1.2894516190282902e-09,0.0,1.2894516190282902e-09,,False,0.2704659021321342,0.03560751152792361,23,0,24,0.9583333333333334,4.4389848392756333e-08,summer,3,0,0.9233088465693318,True
pwl,2,P3_dev_run0,summer,23,0.025000000014289894,0.0,0.025000000014289894,,False,0.2704659021321342,0.03560751152792361,23,0,24,0.9583333333333334,4.4389848392756333e-08,summer,3,0,0.9233088465693318,True
pwl,2,P3_dev_run0,winter,0,0.17289468006238834,0.15,0.022894680062388345,0.15263120041592232,False,0.2704659021321342,0.03560751152792361,23,0,24,0.9583333333333334,4.4389848392756333e-08,summer,3,0,0.9233088465693318,True
pwl,2,P3_dev_run0,winter,1,0.0,0.0,0.0,,False,0.2704659021321342,0.03560751152792361,23,0,24,0.9583333333333334,4.4389848392756333e-08,summer,3,0,0.9233088465693318,True
pwl,2,P3_dev_run0,winter,2,6.065091785473803e-07,0.0,6.065091785473803e-07,,False,0.2704659021321342,0.03560751152792361,23,0,24,0.9583333333333334,4.4389848392756333e-08,summer,3,0,0.9233088465693318,True
pwl,2,P3_dev_run0,winter,3,6.063944547205218e-07,0.0,6.063944547205218e-07,,False,0.2704659021321342,0.03560751152792361,23,0,24,0.9583333333333334,4.4389848392756333e-08,summer,3,0,0.9233088465693318,True
pwl,2,P3_dev_run0,winter,4,0.10294911175965106,0.2,0.09705088824034895,0.4852544412017447,False,0.2704659021321342,0.03560751152792361,23,0,24,0.9583333333333334,4.4389848392756333e-08,summer,3,0,0.9233088465693318,True
pwl,2,P3_dev_run0,winter,5,1.1325373808743336e-05,0.0,1.1325373808743336e-05,,False,0.2704659021321342,0.03560751152792361,23,0,24,0.9583333333333334,4.4389848392756333e-08,summer,3,0,0.9233088465693318,True
pwl,2,P3_dev_run0,winter,6,1.1325374387799614e-05,0.0,1.1325374387799614e-05,,False,0.2704659021321342,0.03560751152792361,23,0,24,0.9583333333333334,4.4389848392756333e-08,summer,3,0,0.9233088465693318,True
pwl,2,P3_dev_run0,winter,7,1.1325375455093908e-05,0.0,1.1325375455093908e-05,,False,0.2704659021321342,0.03560751152792361,23,0,24,0.9583333333333334,4.4389848392756333e-08,summer,3,0,0.9233088465693318,True
pwl,2,P3_dev_run0,winter,8,1.1325388321433081e-05,0.0,1.1325388321433081e-05,,False,0.2704659021321342,0.03560751152792361,23,0,24,0.9583333333333334,4.4389848392756333e-08,summer,3,0,0.9233088465693318,True
pwl,2,P3_dev_run0,winter,9,5.431154510780596e-09,0.0,5.431154510780596e-09,,False,0.2704659021321342,0.03560751152792361,23,0,24,0.9583333333333334,4.4389848392756333e-08,summer,3,0,0.9233088465693318,True
pwl,2,P3_dev_run0,winter,10,0.345779748600929,0.3,0.04577974860092904,0.1525991620030968,False,0.2704659021321342,0.03560751152792361,23,0,24,0.9583333333333334,4.4389848392756333e-08,summer,3,0,0.9233088465693318,True
pwl,2,P3_dev_run0,winter,11,4.995022209601375e-09,0.0,4.995022209601375e-09,,False,0.2704659021321342,0.03560751152792361,23,0,24,0.9583333333333334,4.4389848392756333e-08,summer,3,0,0.9233088465693318,True
pwl,2,P3_dev_run0,winter,12,0.0,0.0,0.0,,False,0.2704659021321342,0.03560751152792361,23,0,24,0.9583333333333334,4.4389848392756333e-08,summer,3,0,0.9233088465693318,True
pwl,2,P3_dev_run0,winter,13,4.727657950271408e-06,0.0,4.727657950271408e-06,,False,0.2704659021321342,0.03560751152792361,23,0,24,0.9583333333333334,4.4389848392756333e-08,summer,3,0,0.9233088465693318,True
pwl,2,P3_dev_run0,winter,14,4.5064944882368486e-09,0.0,4.5064944882368486e-09,,False,0.2704659021321342,0.03560751152792361,23,0,24,0.9583333333333334,4.4389848392756333e-08,summer,3,0,0.9233088465693318,True
pwl,2,P3_dev_run0,winter,15,0.0,0.0,0.0,,False,0.2704659021321342,0.03560751152792361,23,0,24,0.9583333333333334,4.4389848392756333e-08,summer,3,0,0.9233088465693318,True
pwl,2,P3_dev_run0,winter,16,2.9506857309213395e-09,0.0,2.9506857309213395e-09,,False,0.2704659021321342,0.03560751152792361,23,0,24,0.9583333333333334,4.4389848392756333e-08,summer,3,0,0.9233088465693318,True
pwl,2,P3_dev_run0,winter,17,2.9298240017486926e-09,0.0,2.9298240017486926e-09,,False,0.2704659021321342,0.03560751152792361,23,0,24,0.9583333333333334,4.4389848392756333e-08,summer,3,0,0.9233088465693318,True
pwl,2,P3_dev_run0,winter,18,0.0,0.0,0.0,,False,0.2704659021321342,0.03560751152792361,23,0,24,0.9583333333333334,4.4389848392756333e-08,summer,3,0,0.9233088465693318,True
pwl,2,P3_dev_run0,winter,19,1.515514649151445e-08,0.0,1.515514649151445e-08,,False,0.2704659021321342,0.03560751152792361,23,0,24,0.9583333333333334,4.4389848392756333e-08,summer,3,0,0.9233088465693318,True
pwl,2,P3_dev_run0,winter,20,3.123099978356532e-08,0.0,3.123099978356532e-08,,False,0.2704659021321342,0.03560751152792361,23,0,24,0.9583333333333334,4.4389848392756333e-08,summer,3,0,0.9233088465693318,True
pwl,2,P3_dev_run0,winter,21,6.715439170146496e-07,0.0,6.715439170146496e-07,,False,0.2704659021321342,0.03560751152792361,23,0,24,0.9583333333333334,4.4389848392756333e-08,summer,3,0,0.9233088465693318,True
pwl,2,P3_dev_run0,winter,22,6.148258548112638e-07,0.0,6.148258548112638e-07,,False,0.2704659021321342,0.03560751152792361,23,0,24,0.9583333333333334,4.4389848392756333e-08,summer,3,0,0.9233088465693318,True
pwl,2,P3_dev_run0,winter,23,0.1921055812160447,0.15,0.04210558121604471,0.28070387477363146,False,0.2704659021321342,0.03560751152792361,23,0,24,0.9583333333333334,4.4389848392756333e-08,summer,3,0,0.9233088465693318,True
pwl,2,P3_dev_run0,shoulder,0,0.046327046229836535,0.1,0.05367295377016347,0.5367295377016347,False,0.2704659021321342,0.03560751152792361,23,0,24,0.9583333333333334,4.4389848392756333e-08,summer,3,0,0.9233088465693318,True
pwl,2,P3_dev_run0,shoulder,1,5.75917618247829e-12,0.0,5.75917618247829e-12,,False,0.2704659021321342,0.03560751152792361,23,0,24,0.9583333333333334,4.4389848392756333e-08,summer,3,0,0.9233088465693318,True
pwl,2,P3_dev_run0,shoulder,2,3.026642230486599e-07,0.0,3.026642230486599e-07,,False,0.2704659021321342,0.03560751152792361,23,0,24,0.9583333333333334,4.4389848392756333e-08,summer,3,0,0.9233088465693318,True
pwl,2,P3_dev_run0,shoulder,3,3.0811104918290196e-07,0.0,3.0811104918290196e-07,,False,0.2704659021321342,0.03560751152792361,23,0,24,0.9583333333333334,4.4389848392756333e-08,summer,3,0,0.9233088465693318,True
pwl,2,P3_dev_run0,shoulder,4,0.10294891397286025,0.2,0.09705108602713976,0.4852554301356988,False,0.2704659021321342,0.03560751152792361,23,0,24,0.9583333333333334,4.4389848392756333e-08,summer,3,0,0.9233088465693318,True
pwl,2,P3_dev_run0,shoulder,5,1.1324168080113408e-05,0.0,1.1324168080113408e-05,,False,0.2704659021321342,0.03560751152792361,23,0,24,0.9583333333333334,4.4389848392756333e-08,summer,3,0,0.9233088465693318,True
pwl,2,P3_dev_run0,shoulder,6,1.1324190663851022e-05,0.0,1.1324190663851022e-05,,False,0.2704659021321342,0.03560751152792361,23,0,24,0.9583333333333334,4.4389848392756333e-08,summer,3,0,0.9233088465693318,True
pwl,2,P3_dev_run0,shoulder,7,1.1325329990792383e-05,0.0,1.1325329990792383e-05,,False,0.2704659021321342,0.03560751152792361,23,0,24,0.9583333333333334,4.4389848392756333e-08,summer,3,0,0.9233088465693318,True
pwl,2,P3_dev_run0,shoulder,8,6.689099410282915e-09,0.0,6.689099410282915e-09,,False,0.2704659021321342,0.03560751152792361,23,0,24,0.9583333333333334,4.4389848392756333e-08,summer,3,0,0.9233088465693318,True
pwl,2,P3_dev_run0,shoulder,9,8.066041795899461e-12,0.0,8.066041795899461e-12,,False,0.2704659021321342,0.03560751152792361,23,0,24,0.9583333333333334,4.4389848392756333e-08,summer,3,0,0.9233088465693318,True
pwl,2,P3_dev_run0,shoulder,10,0.17280024057193125,0.15,0.022800240571931252,0.15200160381287503,False,0.2704659021321342,0.03560751152792361,23,0,24,0.9583333333333334,4.4389848392756333e-08,summer,3,0,0.9233088465693318,True
pwl,2,P3_dev_run0,shoulder,11,1.0650912150453793e-08,0.0,1.0650912150453793e-08,,False,0.2704659021321342,0.03560751152792361,23,0,24,0.9583333333333334,4.4389848392756333e-08,summer,3,0,0.9233088465693318,True
pwl,2,P3_dev_run0,shoulder,12,6.241690581069354e-12,0.0,6.241690581069354e-12,,False,0.2704659021321342,0.03560751152792361,23,0,24,0.9583333333333334,4.4389848392756333e-08,summer,3,0,0.9233088465693318,True
pwl,2,P3_dev_run0,shoulder,13,7.251306243447465e-12,0.0,7.251306243447465e-12,,False,0.2704659021321342,0.03560751152792361,23,0,24,0.9583333333333334,4.4389848392756333e-08,summer,3,0,0.9233088465693318,True
pwl,2,P3_dev_run0,shoulder,14,6.256886322983776e-12,0.0,6.256886322983776e-12,,False,0.2704659021321342,0.03560751152792361,23,0,24,0.9583333333333334,4.4389848392756333e-08,summer,3,0,0.9233088465693318,True
pwl,2,P3_dev_run0,shoulder,15,6.8273050836559e-12,0.0,6.8273050836559e-12,,False,0.2704659021321342,0.03560751152792361,23,0,24,0.9583333333333334,4.4389848392756333e-08,summer,3,0,0.9233088465693318,True
pwl,2,P3_dev_run0,shoulder,16,1.1966057714044096e-11,0.0,1.1966057714044096e-11,,False,0.2704659021321342,0.03560751152792361,23,0,24,0.9583333333333334,4.4389848392756333e-08,summer,3,0,0.9233088465693318,True
pwl,2,P3_dev_run0,shoulder,17,2.1283009850125616e-11,0.0,2.1283009850125616e-11,,False,0.2704659021321342,0.03560751152792361,23,0,24,0.9583333333333334,4.4389848392756333e-08,summer,3,0,0.9233088465693318,True
pwl,2,P3_dev_run0,shoulder,18,1.4909813131469158e-11,0.0,1.4909813131469158e-11,,False,0.2704659021321342,0.03560751152792361,23,0,24,0.9583333333333334,4.4389848392756333e-08,summer,3,0,0.9233088465693318,True
pwl,2,P3_dev_run0,shoulder,19,7.579510641021572e-11,0.0,7.579510641021572e-11,,False,0.2704659021321342,0.03560751152792361,23,0,24,0.9583333333333334,4.4389848392756333e-08,summer,3,0,0.9233088465693318,True
pwl,2,P3_dev_run0,shoulder,20,1.184495953029164e-11,0.0,1.184495953029164e-11,,False,0.2704659021321342,0.03560751152792361,23,0,24,0.9583333333333334,4.4389848392756333e-08,summer,3,0,0.9233088465693318,True
pwl,2,P3_dev_run0,shoulder,21,7.688326084440684e-12,0.0,7.688326084440684e-12,,False,0.2704659021321342,0.03560751152792361,23,0,24,0.9583333333333334,4.4389848392756333e-08,summer,3,0,0.9233088465693318,True
pwl,2,P3_dev_run0,shoulder,22,7.2371184443400826e-12,0.0,7.2371184443400826e-12,,False,0.2704659021321342,0.03560751152792361,23,0,24,0.9583333333333334,4.4389848392756333e-08,summer,3,0,0.9233088465693318,True
pwl,2,P3_dev_run0,shoulder,23,1.1540206116245473e-11,0.0,1.1540206116245473e-11,,False,0.2704659021321342,0.03560751152792361,23,0,24,0.9583333333333334,4.4389848392756333e-08,summer,3,0,0.9233088465693318,True
pwl,4,P1_old_full_opt,summer,0,0.04555215193800443,0.0,0.04555215193800443,,False,0.04555215193804365,0.005997054573123977,26,11,32,0.8125,2.556695047615992e-08,winter,21,0,0.5317925699041263,True
pwl,4,P1_old_full_opt,summer,1,0.008867559731129236,0.0,0.008867559731129236,,False,0.04555215193804365,0.005997054573123977,26,11,32,0.8125,2.556695047615992e-08,winter,21,0,0.5317925699041263,True
pwl,4,P1_old_full_opt,summer,2,2.6878092377562822e-08,0.0,2.6878092377562822e-08,,False,0.04555215193804365,0.005997054573123977,26,11,32,0.8125,2.556695047615992e-08,winter,21,0,0.5317925699041263,True
pwl,4,P1_old_full_opt,summer,3,0.047506101856138495,0.02,0.027506101856138495,1.3753050928069248,False,0.04555215193804365,0.005997054573123977,26,11,32,0.8125,2.556695047615992e-08,winter,21,0,0.5317925699041263,True
pwl,4,P1_old_full_opt,summer,4,0.0455521519381099,0.0,0.0455521519381099,,False,0.04555215193804365,0.005997054573123977,26,11,32,0.8125,2.556695047615992e-08,winter,21,0,0.5317925699041263,True
pwl,4,P1_old_full_opt,summer,5,0.045552151938107535,0.0,0.045552151938107535,,False,0.04555215193804365,0.005997054573123977,26,11,32,0.8125,2.556695047615992e-08,winter,21,0,0.5317925699041263,True
pwl,4,P1_old_full_opt,summer,6,0.009999999994079724,0.0,0.009999999994079724,,False,0.04555215193804365,0.005997054573123977,26,11,32,0.8125,2.556695047615992e-08,winter,21,0,0.5317925699041263,True
pwl,4,P1_old_full_opt,summer,7,1.1716728747564024e-05,0.0,1.1716728747564024e-05,,False,0.04555215193804365,0.005997054573123977,26,11,32,0.8125,2.556695047615992e-08,winter,21,0,0.5317925699041263,True
pwl,4,P1_old_full_opt,summer,8,1.1716791719823094e-05,0.0,1.1716791719823094e-05,,False,0.04555215193804365,0.005997054573123977,26,11,32,0.8125,2.556695047615992e-08,winter,21,0,0.5317925699041263,True
pwl,4,P1_old_full_opt,summer,9,1.7636554531721486e-11,0.0,1.7636554531721486e-11,,False,0.04555215193804365,0.005997054573123977,26,11,32,0.8125,2.556695047615992e-08,winter,21,0,0.5317925699041263,True
pwl,4,P1_old_full_opt,summer,10,5.216079120487846e-12,0.0,5.216079120487846e-12,,False,0.04555215193804365,0.005997054573123977,26,11,32,0.8125,2.556695047615992e-08,winter,21,0,0.5317925699041263,True
pwl,4,P1_old_full_opt,summer,11,6.1614530761191155e-12,0.0,6.1614530761191155e-12,,False,0.04555215193804365,0.005997054573123977,26,11,32,0.8125,2.556695047615992e-08,winter,21,0,0.5317925699041263,True
pwl,4,P1_old_full_opt,summer,12,5.782327258989543e-12,0.0,5.782327258989543e-12,,False,0.04555215193804365,0.005997054573123977,26,11,32,0.8125,2.556695047615992e-08,winter,21,0,0.5317925699041263,True
pwl,4,P1_old_full_opt,summer,13,4.973426020811488e-12,0.0,4.973426020811488e-12,,False,0.04555215193804365,0.005997054573123977,26,11,32,0.8125,2.556695047615992e-08,winter,21,0,0.5317925699041263,True
pwl,4,P1_old_full_opt,summer,14,1.3805979518151496e-11,0.0,1.3805979518151496e-11,,False,0.04555215193804365,0.005997054573123977,26,11,32,0.8125,2.556695047615992e-08,winter,21,0,0.5317925699041263,True
pwl,4,P1_old_full_opt,summer,15,0.04999999999915936,0.0,0.04999999999915936,,False,0.04555215193804365,0.005997054573123977,26,11,32,0.8125,2.556695047615992e-08,winter,21,0,0.5317925699041263,True
pwl,4,P1_old_full_opt,summer,16,0.05000000000017729,0.0,0.05000000000017729,,False,0.04555215193804365,0.005997054573123977,26,11,32,0.8125,2.556695047615992e-08,winter,21,0,0.5317925699041263,True
pwl,4,P1_old_full_opt,summer,17,5.591261681193021e-10,0.0,5.591261681193021e-10,,False,0.04555215193804365,0.005997054573123977,26,11,32,0.8125,2.556695047615992e-08,winter,21,0,0.5317925699041263,True
pwl,4,P1_old_full_opt,summer,18,1.0404660098641026e-11,0.0,1.0404660098641026e-11,,False,0.04555215193804365,0.005997054573123977,26,11,32,0.8125,2.556695047615992e-08,winter,21,0,0.5317925699041263,True
pwl,4,P1_old_full_opt,summer,19,7.2711361780629895e-12,0.0,7.2711361780629895e-12,,False,0.04555215193804365,0.005997054573123977,26,11,32,0.8125,2.556695047615992e-08,winter,21,0,0.5317925699041263,True
pwl,4,P1_old_full_opt,summer,20,6.758075837766368e-12,0.0,6.758075837766368e-12,,False,0.04555215193804365,0.005997054573123977,26,11,32,0.8125,2.556695047615992e-08,winter,21,0,0.5317925699041263,True
pwl,4,P1_old_full_opt,summer,21,5.903083636346271e-12,0.0,5.903083636346271e-12,,False,0.04555215193804365,0.005997054573123977,26,11,32,0.8125,2.556695047615992e-08,winter,21,0,0.5317925699041263,True
pwl,4,P1_old_full_opt,summer,22,8.223743960378502e-12,0.0,8.223743960378502e-12,,False,0.04555215193804365,0.005997054573123977,26,11,32,0.8125,2.556695047615992e-08,winter,21,0,0.5317925699041263,True
pwl,4,P1_old_full_opt,summer,23,1.7791570981973057e-10,0.0,1.7791570981973057e-10,,False,0.04555215193804365,0.005997054573123977,26,11,32,0.8125,2.556695047615992e-08,winter,21,0,0.5317925699041263,True
pwl,4,P1_old_full_opt,winter,0,0.04555215193798375,0.0,0.04555215193798375,,False,0.04555215193804365,0.005997054573123977,26,11,32,0.8125,2.556695047615992e-08,winter,21,0,0.5317925699041263,True
pwl,4,P1_old_full_opt,winter,1,0.008867531617355515,0.0,0.008867531617355515,,False,0.04555215193804365,0.005997054573123977,26,11,32,0.8125,2.556695047615992e-08,winter,21,0,0.5317925699041263,True
pwl,4,P1_old_full_opt,winter,2,1.043511139464679e-10,0.0,1.043511139464679e-10,,False,0.04555215193804365,0.005997054573123977,26,11,32,0.8125,2.556695047615992e-08,winter,21,0,0.5317925699041263,True
pwl,4,P1_old_full_opt,winter,3,0.045552152000387064,0.0,0.045552152000387064,,False,0.04555215193804365,0.005997054573123977,26,11,32,0.8125,2.556695047615992e-08,winter,21,0,0.5317925699041263,True
pwl,4,P1_old_full_opt,winter,4,0.045552151949288494,0.0,0.045552151949288494,,False,0.04555215193804365,0.005997054573123977,26,11,32,0.8125,2.556695047615992e-08,winter,21,0,0.5317925699041263,True
pwl,4,P1_old_full_opt,winter,5,0.04999999994023599,0.02,0.02999999994023599,1.4999999970117994,False,0.04555215193804365,0.005997054573123977,26,11,32,0.8125,2.556695047615992e-08,winter,21,0,0.5317925699041263,True
pwl,4,P1_old_full_opt,winter,6,1.170255847690495e-05,0.0,1.170255847690495e-05,,False,0.04555215193804365,0.005997054573123977,26,11,32,0.8125,2.556695047615992e-08,winter,21,0,0.5317925699041263,True
pwl,4,P1_old_full_opt,winter,7,1.1716846639602258e-05,0.0,1.1716846639602258e-05,,False,0.04555215193804365,0.005997054573123977,26,11,32,0.8125,2.556695047615992e-08,winter,21,0,0.5317925699041263,True
pwl,4,P1_old_full_opt,winter,8,1.1716264920088487e-05,0.0,1.1716264920088487e-05,,False,0.04555215193804365,0.005997054573123977,26,11,32,0.8125,2.556695047615992e-08,winter,21,0,0.5317925699041263,True
pwl,4,P1_old_full_opt,winter,9,0.020285625712390155,0.0,0.020285625712390155,,False,0.04555215193804365,0.005997054573123977,26,11,32,0.8125,2.556695047615992e-08,winter,21,0,0.5317925699041263,True
pwl,4,P1_old_full_opt,winter,10,0.04555215194308629,0.0,0.04555215194308629,,False,0.04555215193804365,0.005997054573123977,26,11,32,0.8125,2.556695047615992e-08,winter,21,0,0.5317925699041263,True
pwl,4,P1_old_full_opt,winter,11,0.050000000001162316,0.0,0.050000000001162316,,False,0.04555215193804365,0.005997054573123977,26,11,32,0.8125,2.556695047615992e-08,winter,21,0,0.5317925699041263,True
pwl,4,P1_old_full_opt,winter,12,1.2677100423734058e-10,0.0,1.2677100423734058e-10,,False,0.04555215193804365,0.005997054573123977,26,11,32,0.8125,2.556695047615992e-08,winter,21,0,0.5317925699041263,True
pwl,4,P1_old_full_opt,winter,13,1.6043536690434459e-10,0.0,1.6043536690434459e-10,,False,0.04555215193804365,0.005997054573123977,26,11,32,0.8125,2.556695047615992e-08,winter,21,0,0.5317925699041263,True
pwl,4,P1_old_full_opt,winter,14,7.005631289743636e-11,0.0,7.005631289743636e-11,,False,0.04555215193804365,0.005997054573123977,26,11,32,0.8125,2.556695047615992e-08,winter,21,0,0.5317925699041263,True
pwl,4,P1_old_full_opt,winter,15,7.027721722198973e-11,0.0,7.027721722198973e-11,,False,0.04555215193804365,0.005997054573123977,26,11,32,0.8125,2.556695047615992e-08,winter,21,0,0.5317925699041263,True
pwl,4,P1_old_full_opt,winter,16,8.157320438774644e-11,0.0,8.157320438774644e-11,,False,0.04555215193804365,0.005997054573123977,26,11,32,0.8125,2.556695047615992e-08,winter,21,0,0.5317925699041263,True
pwl,4,P1_old_full_opt,winter,17,1.2068524887250465e-10,0.0,1.2068524887250465e-10,,False,0.04555215193804365,0.005997054573123977,26,11,32,0.8125,2.556695047615992e-08,winter,21,0,0.5317925699041263,True
pwl,4,P1_old_full_opt,winter,18,8.008334168065775e-11,0.0,8.008334168065775e-11,,False,0.04555215193804365,0.005997054573123977,26,11,32,0.8125,2.556695047615992e-08,winter,21,0,0.5317925699041263,True
pwl,4,P1_old_full_opt,winter,19,6.799749990636489e-11,0.0,6.799749990636489e-11,,False,0.04555215193804365,0.005997054573123977,26,11,32,0.8125,2.556695047615992e-08,winter,21,0,0.5317925699041263,True
pwl,4,P1_old_full_opt,winter,20,1.2908065437389493e-09,0.0,1.2908065437389493e-09,,False,0.04555215193804365,0.005997054573123977,26,11,32,0.8125,2.556695047615992e-08,winter,21,0,0.5317925699041263,True
pwl,4,P1_old_full_opt,winter,21,1.645479629721313e-07,0.0,1.645479629721313e-07,,False,0.04555215193804365,0.005997054573123977,26,11,32,0.8125,2.556695047615992e-08,winter,21,0,0.5317925699041263,True
pwl,4,P1_old_full_opt,winter,22,0.028744742571003103,0.02,0.008744742571003102,0.4372371285501551,False,0.04555215193804365,0.005997054573123977,26,11,32,0.8125,2.556695047615992e-08,winter,21,0,0.5317925699041263,True
pwl,4,P1_old_full_opt,winter,23,0.045552152027565566,0.0,0.045552152027565566,,False,0.04555215193804365,0.005997054573123977,26,11,32,0.8125,2.556695047615992e-08,winter,21,0,0.5317925699041263,True
pwl,4,P1_old_full_opt,shoulder,0,0.04555215193784358,0.0,0.04555215193784358,,False,0.04555215193804365,0.005997054573123977,26,11,32,0.8125,2.556695047615992e-08,winter,21,0,0.5317925699041263,True
pwl,4,P1_old_full_opt,shoulder,1,0.008867531421596107,0.0,0.008867531421596107,,False,0.04555215193804365,0.005997054573123977,26,11,32,0.8125,2.556695047615992e-08,winter,21,0,0.5317925699041263,True
pwl,4,P1_old_full_opt,shoulder,2,3.6758957960551e-10,0.0,3.6758957960551e-10,,False,0.04555215193804365,0.005997054573123977,26,11,32,0.8125,2.556695047615992e-08,winter,21,0,0.5317925699041263,True
pwl,4,P1_old_full_opt,shoulder,3,0.0455521519497358,0.0,0.0455521519497358,,False,0.04555215193804365,0.005997054573123977,26,11,32,0.8125,2.556695047615992e-08,winter,21,0,0.5317925699041263,True
pwl,4,P1_old_full_opt,shoulder,4,0.04555215193857235,0.0,0.04555215193857235,,False,0.04555215193804365,0.005997054573123977,26,11,32,0.8125,2.556695047615992e-08,winter,21,0,0.5317925699041263,True
pwl,4,P1_old_full_opt,shoulder,5,0.015407485646659442,0.02,0.004592514353340559,0.22962571766702794,False,0.04555215193804365,0.005997054573123977,26,11,32,0.8125,2.556695047615992e-08,winter,21,0,0.5317925699041263,True
pwl,4,P1_old_full_opt,shoulder,6,1.1713671712822107e-05,0.0,1.1713671712822107e-05,,False,0.04555215193804365,0.005997054573123977,26,11,32,0.8125,2.556695047615992e-08,winter,21,0,0.5317925699041263,True
pwl,4,P1_old_full_opt,shoulder,7,1.1713873143007414e-05,0.0,1.1713873143007414e-05,,False,0.04555215193804365,0.005997054573123977,26,11,32,0.8125,2.556695047615992e-08,winter,21,0,0.5317925699041263,True
pwl,4,P1_old_full_opt,shoulder,8,4.4372644084219535e-11,0.0,4.4372644084219535e-11,,False,0.04555215193804365,0.005997054573123977,26,11,32,0.8125,2.556695047615992e-08,winter,21,0,0.5317925699041263,True
pwl,4,P1_old_full_opt,shoulder,9,1.5349385558948032e-11,0.0,1.5349385558948032e-11,,False,0.04555215193804365,0.005997054573123977,26,11,32,0.8125,2.556695047615992e-08,winter,21,0,0.5317925699041263,True
pwl,4,P1_old_full_opt,shoulder,10,0.04999999998387361,0.0,0.04999999998387361,,False,0.04555215193804365,0.005997054573123977,26,11,32,0.8125,2.556695047615992e-08,winter,21,0,0.5317925699041263,True
pwl,4,P1_old_full_opt,shoulder,11,0.011338285153338023,0.0,0.011338285153338023,,False,0.04555215193804365,0.005997054573123977,26,11,32,0.8125,2.556695047615992e-08,winter,21,0,0.5317925699041263,True
pwl,4,P1_old_full_opt,shoulder,12,1.1413369999155005e-11,0.0,1.1413369999155005e-11,,False,0.04555215193804365,0.005997054573123977,26,11,32,0.8125,2.556695047615992e-08,winter,21,0,0.5317925699041263,True
pwl,4,P1_old_full_opt,shoulder,13,1.1935575092356035e-11,0.0,1.1935575092356035e-11,,False,0.04555215193804365,0.005997054573123977,26,11,32,0.8125,2.556695047615992e-08,winter,21,0,0.5317925699041263,True
pwl,4,P1_old_full_opt,shoulder,14,1.0981235703091857e-11,0.0,1.0981235703091857e-11,,False,0.04555215193804365,0.005997054573123977,26,11,32,0.8125,2.556695047615992e-08,winter,21,0,0.5317925699041263,True
pwl,4,P1_old_full_opt,shoulder,15,1.1830049975383001e-11,0.0,1.1830049975383001e-11,,False,0.04555215193804365,0.005997054573123977,26,11,32,0.8125,2.556695047615992e-08,winter,21,0,0.5317925699041263,True
pwl,4,P1_old_full_opt,shoulder,16,2.1742171048712647e-11,0.0,2.1742171048712647e-11,,False,0.04555215193804365,0.005997054573123977,26,11,32,0.8125,2.556695047615992e-08,winter,21,0,0.5317925699041263,True
pwl,4,P1_old_full_opt,shoulder,17,2.481043436309233e-11,0.0,2.481043436309233e-11,,False,0.04555215193804365,0.005997054573123977,26,11,32,0.8125,2.556695047615992e-08,winter,21,0,0.5317925699041263,True
pwl,4,P1_old_full_opt,shoulder,18,2.7946920103825698e-11,0.0,2.7946920103825698e-11,,False,0.04555215193804365,0.005997054573123977,26,11,32,0.8125,2.556695047615992e-08,winter,21,0,0.5317925699041263,True
pwl,4,P1_old_full_opt,shoulder,19,7.113540783457864e-11,0.0,7.113540783457864e-11,,False,0.04555215193804365,0.005997054573123977,26,11,32,0.8125,2.556695047615992e-08,winter,21,0,0.5317925699041263,True
pwl,4,P1_old_full_opt,shoulder,20,2.1047343323605553e-11,0.0,2.1047343323605553e-11,,False,0.04555215193804365,0.005997054573123977,26,11,32,0.8125,2.556695047615992e-08,winter,21,0,0.5317925699041263,True
pwl,4,P1_old_full_opt,shoulder,21,1.2003645672465132e-11,0.0,1.2003645672465132e-11,,False,0.04555215193804365,0.005997054573123977,26,11,32,0.8125,2.556695047615992e-08,winter,21,0,0.5317925699041263,True
pwl,4,P1_old_full_opt,shoulder,22,1.1651801124163397e-11,0.0,1.1651801124163397e-11,,False,0.04555215193804365,0.005997054573123977,26,11,32,0.8125,2.556695047615992e-08,winter,21,0,0.5317925699041263,True
pwl,4,P1_old_full_opt,shoulder,23,1.5398039036424047e-11,0.0,1.5398039036424047e-11,,False,0.04555215193804365,0.005997054573123977,26,11,32,0.8125,2.556695047615992e-08,winter,21,0,0.5317925699041263,True
pwl,4,P2_dev_run1,summer,0,0.04999999999755088,0.1,0.05000000000244913,0.5000000000244912,False,0.07842217066606379,0.0103244746344123,28,3,28,1.0,4.781408066779983e-08,shoulder,2,0,0.9945328778902365,True
pwl,4,P2_dev_run1,summer,1,9.98792430947126e-10,0.0,9.98792430947126e-10,,False,0.07842217066606379,0.0103244746344123,28,3,28,1.0,4.781408066779983e-08,shoulder,2,0,0.9945328778902365,True
pwl,4,P2_dev_run1,summer,2,6.796629636371218e-07,0.0,6.796629636371218e-07,,False,0.07842217066606379,0.0103244746344123,28,3,28,1.0,4.781408066779983e-08,shoulder,2,0,0.9945328778902365,True
pwl,4,P2_dev_run1,summer,3,4.12633056891525e-07,0.0,4.12633056891525e-07,,False,0.07842217066606379,0.0103244746344123,28,3,28,1.0,4.781408066779983e-08,shoulder,2,0,0.9945328778902365,True
pwl,4,P2_dev_run1,summer,4,0.05000000000939073,0.05,9.390724309277232e-12,1.8781448618554464e-10,False,0.07842217066606379,0.0103244746344123,28,3,28,1.0,4.781408066779983e-08,shoulder,2,0,0.9945328778902365,True
pwl,4,P2_dev_run1,summer,5,0.05269627379885321,0.0,0.05269627379885321,,False,0.07842217066606379,0.0103244746344123,28,3,28,1.0,4.781408066779983e-08,shoulder,2,0,0.9945328778902365,True
pwl,4,P2_dev_run1,summer,6,1.1297412982944304e-05,0.0,1.1297412982944304e-05,,False,0.07842217066606379,0.0103244746344123,28,3,28,1.0,4.781408066779983e-08,shoulder,2,0,0.9945328778902365,True
pwl,4,P2_dev_run1,summer,7,1.1297414171887006e-05,0.0,1.1297414171887006e-05,,False,0.07842217066606379,0.0103244746344123,28,3,28,1.0,4.781408066779983e-08,shoulder,2,0,0.9945328778902365,True
pwl,4,P2_dev_run1,summer,8,1.1297414897652908e-05,0.0,1.1297414897652908e-05,,False,0.07842217066606379,0.0103244746344123,28,3,28,1.0,4.781408066779983e-08,shoulder,2,0,0.9945328778902365,True
pwl,4,P2_dev_run1,summer,9,2.8383029461609747e-09,0.0,2.8383029461609747e-09,,False,0.07842217066606379,0.0103244746344123,28,3,28,1.0,4.781408066779983e-08,shoulder,2,0,0.9945328778902365,True
pwl,4,P2_dev_run1,summer,10,6.4419178315301915e-12,0.0,6.4419178315301915e-12,,False,0.07842217066606379,0.0103244746344123,28,3,28,1.0,4.781408066779983e-08,shoulder,2,0,0.9945328778902365,True
pwl,4,P2_dev_run1,summer,11,9.843158247990992e-10,0.0,9.843158247990992e-10,,False,0.07842217066606379,0.0103244746344123,28,3,28,1.0,4.781408066779983e-08,shoulder,2,0,0.9945328778902365,True
pwl,4,P2_dev_run1,summer,12,1.2100233233112745e-09,0.0,1.2100233233112745e-09,,False,0.07842217066606379,0.0103244746344123,28,3,28,1.0,4.781408066779983e-08,shoulder,2,0,0.9945328778902365,True
pwl,4,P2_dev_run1,summer,13,1.3591120725935116e-11,0.0,1.3591120725935116e-11,,False,0.07842217066606379,0.0103244746344123,28,3,28,1.0,4.781408066779983e-08,shoulder,2,0,0.9945328778902365,True
pwl,4,P2_dev_run1,summer,14,3.6716683069098295e-09,0.0,3.6716683069098295e-09,,False,0.07842217066606379,0.0103244746344123,28,3,28,1.0,4.781408066779983e-08,shoulder,2,0,0.9945328778902365,True
pwl,4,P2_dev_run1,summer,15,0.049999999998587015,0.0,0.049999999998587015,,False,0.07842217066606379,0.0103244746344123,28,3,28,1.0,4.781408066779983e-08,shoulder,2,0,0.9945328778902365,True
pwl,4,P2_dev_run1,summer,16,0.04999999999956608,0.1,0.050000000000433927,0.5000000000043392,False,0.07842217066606379,0.0103244746344123,28,3,28,1.0,4.781408066779983e-08,shoulder,2,0,0.9945328778902365,True
pwl,4,P2_dev_run1,summer,17,5.58088407003236e-09,0.0,5.58088407003236e-09,,False,0.07842217066606379,0.0103244746344123,28,3,28,1.0,4.781408066779983e-08,shoulder,2,0,0.9945328778902365,True
pwl,4,P2_dev_run1,summer,18,3.4279569877324856e-09,0.0,3.4279569877324856e-09,,False,0.07842217066606379,0.0103244746344123,28,3,28,1.0,4.781408066779983e-08,shoulder,2,0,0.9945328778902365,True
pwl,4,P2_dev_run1,summer,19,1.229510325941781e-09,0.0,1.229510325941781e-09,,False,0.07842217066606379,0.0103244746344123,28,3,28,1.0,4.781408066779983e-08,shoulder,2,0,0.9945328778902365,True
pwl,4,P2_dev_run1,summer,20,9.93242759893378e-10,0.0,9.93242759893378e-10,,False,0.07842217066606379,0.0103244746344123,28,3,28,1.0,4.781408066779983e-08,shoulder,2,0,0.9945328778902365,True
pwl,4,P2_dev_run1,summer,21,0.0,0.0,0.0,,False,0.07842217066606379,0.0103244746344123,28,3,28,1.0,4.781408066779983e-08,shoulder,2,0,0.9945328778902365,True
pwl,4,P2_dev_run1,summer,22,1.528800215273893e-09,0.0,1.528800215273893e-09,,False,0.07842217066606379,0.0103244746344123,28,3,28,1.0,4.781408066779983e-08,shoulder,2,0,0.9945328778902365,True
pwl,4,P2_dev_run1,summer,23,8.456529738223583e-09,0.0,8.456529738223583e-09,,False,0.07842217066606379,0.0103244746344123,28,3,28,1.0,4.781408066779983e-08,shoulder,2,0,0.9945328778902365,True
pwl,4,P2_dev_run1,winter,0,0.04999999999750173,0.1,0.050000000002498275,0.5000000000249827,True,0.07842217066606379,0.0103244746344123,28,3,28,1.0,4.781408066779983e-08,shoulder,2,0,0.9945328778902365,True
pwl,4,P2_dev_run1,winter,1,0.0,0.0,0.0,,True,0.07842217066606379,0.0103244746344123,28,3,28,1.0,4.781408066779983e-08,shoulder,2,0,0.9945328778902365,True
pwl,4,P2_dev_run1,winter,2,3.1145096781292993e-07,0.0,3.1145096781292993e-07,,True,0.07842217066606379,0.0103244746344123,28,3,28,1.0,4.781408066779983e-08,shoulder,2,0,0.9945328778902365,True
pwl,4,P2_dev_run1,winter,3,0.049999999991298984,0.05,8.701019071910565e-12,1.740203814382113e-10,True,0.07842217066606379,0.0103244746344123,28,3,28,1.0,4.781408066779983e-08,shoulder,2,0,0.9945328778902365,True
pwl,4,P2_dev_run1,winter,4,0.07842217066549129,0.0,0.07842217066549129,,True,0.07842217066606379,0.0103244746344123,28,3,28,1.0,4.781408066779983e-08,shoulder,2,0,0.9945328778902365,True
pwl,4,P2_dev_run1,winter,5,1.1297419142643145e-05,0.0,1.1297419142643145e-05,,True,0.07842217066606379,0.0103244746344123,28,3,28,1.0,4.781408066779983e-08,shoulder,2,0,0.9945328778902365,True
pwl,4,P2_dev_run1,winter,6,1.1297417638966725e-05,0.0,1.1297417638966725e-05,,True,0.07842217066606379,0.0103244746344123,28,3,28,1.0,4.781408066779983e-08,shoulder,2,0,0.9945328778902365,True
pwl,4,P2_dev_run1,winter,7,1.129741813851694e-05,0.0,1.129741813851694e-05,,True,0.07842217066606379,0.0103244746344123,28,3,28,1.0,4.781408066779983e-08,shoulder,2,0,0.9945328778902365,True
pwl,4,P2_dev_run1,winter,8,1.1297418807585793e-05,0.0,1.1297418807585793e-05,,True,0.07842217066606379,0.0103244746344123,28,3,28,1.0,4.781408066779983e-08,shoulder,2,0,0.9945328778902365,True
pwl,4,P2_dev_run1,winter,9,0.002244750353937312,0.0,0.002244750353937312,,True,0.07842217066606379,0.0103244746344123,28,3,28,1.0,4.781408066779983e-08,shoulder,2,0,0.9945328778902365,True
pwl,4,P2_dev_run1,winter,10,0.0784221706660092,0.0,0.0784221706660092,,True,0.07842217066606379,0.0103244746344123,28,3,28,1.0,4.781408066779983e-08,shoulder,2,0,0.9945328778902365,True
pwl,4,P2_dev_run1,winter,11,0.049999999998968404,0.05,1.0315984177999837e-12,2.0631968355999675e-11,True,0.07842217066606379,0.0103244746344123,28,3,28,1.0,4.781408066779983e-08,shoulder,2,0,0.9945328778902365,True
pwl,4,P2_dev_run1,winter,12,3.6185268177990774e-10,0.0,3.6185268177990774e-10,,True,0.07842217066606379,0.0103244746344123,28,3,28,1.0,4.781408066779983e-08,shoulder,2,0,0.9945328778902365,True
pwl,4,P2_dev_run1,winter,13,7.243932062922516e-09,0.0,7.243932062922516e-09,,True,0.07842217066606379,0.0103244746344123,28,3,28,1.0,4.781408066779983e-08,shoulder,2,0,0.9945328778902365,True
pwl,4,P2_dev_run1,winter,14,1.0562688318592766e-11,0.0,1.0562688318592766e-11,,True,0.07842217066606379,0.0103244746344123,28,3,28,1.0,4.781408066779983e-08,shoulder,2,0,0.9945328778902365,True
pwl,4,P2_dev_run1,winter,15,9.873716885006577e-12,0.0,9.873716885006577e-12,,True,0.07842217066606379,0.0103244746344123,28,3,28,1.0,4.781408066779983e-08,shoulder,2,0,0.9945328778902365,True
pwl,4,P2_dev_run1,winter,16,1.2718298657725323e-11,0.0,1.2718298657725323e-11,,True,0.07842217066606379,0.0103244746344123,28,3,28,1.0,4.781408066779983e-08,shoulder,2,0,0.9945328778902365,True
pwl,4,P2_dev_run1,winter,17,2.7072867601087882e-11,0.0,2.7072867601087882e-11,,True,0.07842217066606379,0.0103244746344123,28,3,28,1.0,4.781408066779983e-08,shoulder,2,0,0.9945328778902365,True
pwl,4,P2_dev_run1,winter,18,8.930838442801027e-12,0.0,8.930838442801027e-12,,True,0.07842217066606379,0.0103244746344123,28,3,28,1.0,4.781408066779983e-08,shoulder,2,0,0.9945328778902365,True
pwl,4,P2_dev_run1,winter,19,0.0,0.0,0.0,,True,0.07842217066606379,0.0103244746344123,28,3,28,1.0,4.781408066779983e-08,shoulder,2,0,0.9945328778902365,True
pwl,4,P2_dev_run1,winter,20,1.7863920814941436e-09,0.0,1.7863920814941436e-09,,True,0.07842217066606379,0.0103244746344123,28,3,28,1.0,4.781408066779983e-08,shoulder,2,0,0.9945328778902365,True
pwl,4,P2_dev_run1,winter,21,1.055846581658439e-06,0.0,1.055846581658439e-06,,True,0.07842217066606379,0.0103244746344123,28,3,28,1.0,4.781408066779983e-08,shoulder,2,0,0.9945328778902365,True
pwl,4,P2_dev_run1,winter,22,1.0762381245147682e-06,0.0,1.0762381245147682e-06,,True,0.07842217066606379,0.0103244746344123,28,3,28,1.0,4.781408066779983e-08,shoulder,2,0,0.9945328778902365,True
pwl,4,P2_dev_run1,winter,23,0.05134743326871218,0.1,0.04865256673128782,0.4865256673128782,True,0.07842217066606379,0.0103244746344123,28,3,28,1.0,4.781408066779983e-08,shoulder,2,0,0.9945328778902365,True
pwl,4,P2_dev_run1,shoulder,0,0.049999999999638264,0.1,0.05000000000036174,0.5000000000036173,False,0.07842217066606379,0.0103244746344123,28,3,28,1.0,4.781408066779983e-08,shoulder,2,0,0.9945328778902365,True
pwl,4,P2_dev_run1,shoulder,1,1.508560462914057e-10,0.0,1.508560462914057e-10,,False,0.07842217066606379,0.0103244746344123,28,3,28,1.0,4.781408066779983e-08,shoulder,2,0,0.9945328778902365,True
pwl,4,P2_dev_run1,shoulder,2,4.942046922586192e-07,0.0,4.942046922586192e-07,,False,0.07842217066606379,0.0103244746344123,28,3,28,1.0,4.781408066779983e-08,shoulder,2,0,0.9945328778902365,True
pwl,4,P2_dev_run1,shoulder,3,0.024273400552622924,0.05,0.02572659944737708,0.5145319889475416,False,0.07842217066606379,0.0103244746344123,28,3,28,1.0,4.781408066779983e-08,shoulder,2,0,0.9945328778902365,True
pwl,4,P2_dev_run1,shoulder,4,0.07842217066597815,0.0,0.07842217066597815,,False,0.07842217066606379,0.0103244746344123,28,3,28,1.0,4.781408066779983e-08,shoulder,2,0,0.9945328778902365,True
pwl,4,P2_dev_run1,shoulder,5,1.1297415161586724e-05,0.0,1.1297415161586724e-05,,False,0.07842217066606379,0.0103244746344123,28,3,28,1.0,4.781408066779983e-08,shoulder,2,0,0.9945328778902365,True
pwl,4,P2_dev_run1,shoulder,6,1.1297414852937642e-05,0.0,1.1297414852937642e-05,,False,0.07842217066606379,0.0103244746344123,28,3,28,1.0,4.781408066779983e-08,shoulder,2,0,0.9945328778902365,True
pwl,4,P2_dev_run1,shoulder,7,1.129741503217634e-05,0.0,1.129741503217634e-05,,False,0.07842217066606379,0.0103244746344123,28,3,28,1.0,4.781408066779983e-08,shoulder,2,0,0.9945328778902365,True
pwl,4,P2_dev_run1,shoulder,8,1.932766876813262e-09,0.0,1.932766876813262e-09,,False,0.07842217066606379,0.0103244746344123,28,3,28,1.0,4.781408066779983e-08,shoulder,2,0,0.9945328778902365,True
pwl,4,P2_dev_run1,shoulder,9,2.1518129207299698e-10,0.0,2.1518129207299698e-10,,False,0.07842217066606379,0.0103244746344123,28,3,28,1.0,4.781408066779983e-08,shoulder,2,0,0.9945328778902365,True
pwl,4,P2_dev_run1,shoulder,10,0.04999999999980723,0.1,0.05000000000019277,0.5000000000019277,False,0.07842217066606379,0.0103244746344123,28,3,28,1.0,4.781408066779983e-08,shoulder,2,0,0.9945328778902365,True
pwl,4,P2_dev_run1,shoulder,11,4.561767380358751e-09,0.0,4.561767380358751e-09,,False,0.07842217066606379,0.0103244746344123,28,3,28,1.0,4.781408066779983e-08,shoulder,2,0,0.9945328778902365,True
pwl,4,P2_dev_run1,shoulder,12,2.445071144842601e-10,0.0,2.445071144842601e-10,,False,0.07842217066606379,0.0103244746344123,28,3,28,1.0,4.781408066779983e-08,shoulder,2,0,0.9945328778902365,True
pwl,4,P2_dev_run1,shoulder,13,1.8480741037499775e-10,0.0,1.8480741037499775e-10,,False,0.07842217066606379,0.0103244746344123,28,3,28,1.0,4.781408066779983e-08,shoulder,2,0,0.9945328778902365,True
pwl,4,P2_dev_run1,shoulder,14,4.441700652617073e-13,0.0,4.441700652617073e-13,,False,0.07842217066606379,0.0103244746344123,28,3,28,1.0,4.781408066779983e-08,shoulder,2,0,0.9945328778902365,True
pwl,4,P2_dev_run1,shoulder,15,2.1891573505001752e-10,0.0,2.1891573505001752e-10,,False,0.07842217066606379,0.0103244746344123,28,3,28,1.0,4.781408066779983e-08,shoulder,2,0,0.9945328778902365,True
pwl,4,P2_dev_run1,shoulder,16,8.303325737941846e-10,0.0,8.303325737941846e-10,,False,0.07842217066606379,0.0103244746344123,28,3,28,1.0,4.781408066779983e-08,shoulder,2,0,0.9945328778902365,True
pwl,4,P2_dev_run1,shoulder,17,1.3720123140105193e-09,0.0,1.3720123140105193e-09,,False,0.07842217066606379,0.0103244746344123,28,3,28,1.0,4.781408066779983e-08,shoulder,2,0,0.9945328778902365,True
pwl,4,P2_dev_run1,shoulder,18,7.194344408348633e-10,0.0,7.194344408348633e-10,,False,0.07842217066606379,0.0103244746344123,28,3,28,1.0,4.781408066779983e-08,shoulder,2,0,0.9945328778902365,True
pwl,4,P2_dev_run1,shoulder,19,2.3390715552968378e-09,0.0,2.3390715552968378e-09,,False,0.07842217066606379,0.0103244746344123,28,3,28,1.0,4.781408066779983e-08,shoulder,2,0,0.9945328778902365,True
pwl,4,P2_dev_run1,shoulder,20,3.483168002556123e-10,0.0,3.483168002556123e-10,,False,0.07842217066606379,0.0103244746344123,28,3,28,1.0,4.781408066779983e-08,shoulder,2,0,0.9945328778902365,True
pwl,4,P2_dev_run1,shoulder,21,4.884509765794593e-13,0.0,4.884509765794593e-13,,False,0.07842217066606379,0.0103244746344123,28,3,28,1.0,4.781408066779983e-08,shoulder,2,0,0.9945328778902365,True
pwl,4,P2_dev_run1,shoulder,22,4.518995178365982e-11,0.0,4.518995178365982e-11,,False,0.07842217066606379,0.0103244746344123,28,3,28,1.0,4.781408066779983e-08,shoulder,2,0,0.9945328778902365,True
pwl,4,P2_dev_run1,shoulder,23,5.509521611738933e-10,0.0,5.509521611738933e-10,,False,0.07842217066606379,0.0103244746344123,28,3,28,1.0,4.781408066779983e-08,shoulder,2,0,0.9945328778902365,True
pwl,4,P3_dev_run0,summer,0,0.17289466985894425,0.15,0.022894669858944255,0.15263113239296172,False,0.2704659021321342,0.03560751152792361,24,0,25,0.96,4.228354801781512e-08,summer,2,0,0.8794977987705545,True
pwl,4,P3_dev_run0,summer,1,1.7382454756542636e-11,0.0,1.7382454756542636e-11,,False,0.2704659021321342,0.03560751152792361,24,0,25,0.96,4.228354801781512e-08,summer,2,0,0.8794977987705545,True
pwl,4,P3_dev_run0,summer,2,4.781731139272107e-07,0.0,4.781731139272107e-07,,False,0.2704659021321342,0.03560751152792361,24,0,25,0.96,4.228354801781512e-08,summer,2,0,0.8794977987705545,True
pwl,4,P3_dev_run0,summer,3,3.52695440848048e-07,0.0,3.52695440848048e-07,,False,0.2704659021321342,0.03560751152792361,24,0,25,0.96,4.228354801781512e-08,summer,2,0,0.8794977987705545,True
pwl,4,P3_dev_run0,summer,4,0.05000000002172112,0.0,0.05000000002172112,,False,0.2704659021321342,0.03560751152792361,24,0,25,0.96,4.228354801781512e-08,summer,2,0,0.8794977987705545,True
pwl,4,P3_dev_run0,summer,5,0.05295046775018335,0.2,0.14704953224981665,0.7352476612490833,False,0.2704659021321342,0.03560751152792361,24,0,25,0.96,4.228354801781512e-08,summer,2,0,0.8794977987705545,True
pwl,4,P3_dev_run0,summer,6,1.1325681601386476e-05,0.0,1.1325681601386476e-05,,False,0.2704659021321342,0.03560751152792361,24,0,25,0.96,4.228354801781512e-08,summer,2,0,0.8794977987705545,True
pwl,4,P3_dev_run0,summer,7,1.132566256516865e-05,0.0,1.132566256516865e-05,,False,0.2704659021321342,0.03560751152792361,24,0,25,0.96,4.228354801781512e-08,summer,2,0,0.8794977987705545,True
pwl,4,P3_dev_run0,summer,8,1.1325751756455782e-05,0.0,1.1325751756455782e-05,,False,0.2704659021321342,0.03560751152792361,24,0,25,0.96,4.228354801781512e-08,summer,2,0,0.8794977987705545,True
pwl,4,P3_dev_run0,summer,9,1.00250534868827e-08,0.0,1.00250534868827e-08,,False,0.2704659021321342,0.03560751152792361,24,0,25,0.96,4.228354801781512e-08,summer,2,0,0.8794977987705545,True
pwl,4,P3_dev_run0,summer,10,3.0466016530401554e-11,0.0,3.0466016530401554e-11,,False,0.2704659021321342,0.03560751152792361,24,0,25,0.96,4.228354801781512e-08,summer,2,0,0.8794977987705545,True
pwl,4,P3_dev_run0,summer,11,3.266926320771716e-11,0.0,3.266926320771716e-11,,False,0.2704659021321342,0.03560751152792361,24,0,25,0.96,4.228354801781512e-08,summer,2,0,0.8794977987705545,True
pwl,4,P3_dev_run0,summer,12,3.1024665592986754e-11,0.0,3.1024665592986754e-11,,False,0.2704659021321342,0.03560751152792361,24,0,25,0.96,4.228354801781512e-08,summer,2,0,0.8794977987705545,True
pwl,4,P3_dev_run0,summer,13,2.884019850356577e-11,0.0,2.884019850356577e-11,,False,0.2704659021321342,0.03560751152792361,24,0,25,0.96,4.228354801781512e-08,summer,2,0,0.8794977987705545,True
pwl,4,P3_dev_run0,summer,14,0.0,0.0,0.0,,False,0.2704659021321342,0.03560751152792361,24,0,25,0.96,4.228354801781512e-08,summer,2,0,0.8794977987705545,True
pwl,4,P3_dev_run0,summer,15,0.0499999999969232,0.0,0.0499999999969232,,False,0.2704659021321342,0.03560751152792361,24,0,25,0.96,4.228354801781512e-08,summer,2,0,0.8794977987705545,True
pwl,4,P3_dev_run0,summer,16,0.16779326980431525,0.2,0.03220673019568476,0.16103365097842381,False,0.2704659021321342,0.03560751152792361,24,0,25,0.96,4.228354801781512e-08,summer,2,0,0.8794977987705545,True
pwl,4,P3_dev_run0,summer,17,7.494490055746823e-09,0.0,7.494490055746823e-09,,False,0.2704659021321342,0.03560751152792361,24,0,25,0.96,4.228354801781512e-08,summer,2,0,0.8794977987705545,True
pwl,4,P3_dev_run0,summer,18,1.3485198347662113e-10,0.0,1.3485198347662113e-10,,False,0.2704659021321342,0.03560751152792361,24,0,25,0.96,4.228354801781512e-08,summer,2,0,0.8794977987705545,True
pwl,4,P3_dev_run0,summer,19,6.491271505592067e-11,0.0,6.491271505592067e-11,,False,0.2704659021321342,0.03560751152792361,24,0,25,0.96,4.228354801781512e-08,summer,2,0,0.8794977987705545,True
pwl,4,P3_dev_run0,summer,20,4.627211478006742e-11,0.0,4.627211478006742e-11,,False,0.2704659021321342,0.03560751152792361,24,0,25,0.96,4.228354801781512e-08,summer,2,0,0.8794977987705545,True
pwl,4,P3_dev_run0,summer,21,5.027374323058445e-11,0.0,5.027374323058445e-11,,False,0.2704659021321342,0.03560751152792361,24,0,25,0.96,4.228354801781512e-08,summer,2,0,0.8794977987705545,True
pwl,4,P3_dev_run0,summer,22,3.0721695527272603e-10,0.0,3.0721695527272603e-10,,False,0.2704659021321342,0.03560751152792361,24,0,25,0.96,4.228354801781512e-08,summer,2,0,0.8794977987705545,True
pwl,4,P3_dev_run0,summer,23,0.049999999997214876,0.0,0.049999999997214876,,False,0.2704659021321342,0.03560751152792361,24,0,25,0.96,4.228354801781512e-08,summer,2,0,0.8794977987705545,True
pwl,4,P3_dev_run0,winter,0,0.172894681479333,0.15,0.022894681479333018,0.15263120986222012,False,0.2704659021321342,0.03560751152792361,24,0,25,0.96,4.228354801781512e-08,summer,2,0,0.8794977987705545,True
pwl,4,P3_dev_run0,winter,1,5.929611625857732e-09,0.0,5.929611625857732e-09,,False,0.2704659021321342,0.03560751152792361,24,0,25,0.96,4.228354801781512e-08,summer,2,0,0.8794977987705545,True
pwl,4,P3_dev_run0,winter,2,6.318569976340836e-07,0.0,6.318569976340836e-07,,False,0.2704659021321342,0.03560751152792361,24,0,25,0.96,4.228354801781512e-08,summer,2,0,0.8794977987705545,True
pwl,4,P3_dev_run0,winter,3,5.969556980843309e-07,0.0,5.969556980843309e-07,,False,0.2704659021321342,0.03560751152792361,24,0,25,0.96,4.228354801781512e-08,summer,2,0,0.8794977987705545,True
pwl,4,P3_dev_run0,winter,4,0.10294894010723815,0.2,0.09705105989276186,0.4852552994638093,False,0.2704659021321342,0.03560751152792361,24,0,25,0.96,4.228354801781512e-08,summer,2,0,0.8794977987705545,True
pwl,4,P3_dev_run0,winter,5,1.1325366902722196e-05,0.0,1.1325366902722196e-05,,False,0.2704659021321342,0.03560751152792361,24,0,25,0.96,4.228354801781512e-08,summer,2,0,0.8794977987705545,True
pwl,4,P3_dev_run0,winter,6,1.1325368186286378e-05,0.0,1.1325368186286378e-05,,False,0.2704659021321342,0.03560751152792361,24,0,25,0.96,4.228354801781512e-08,summer,2,0,0.8794977987705545,True
pwl,4,P3_dev_run0,winter,7,1.1325370726538673e-05,0.0,1.1325370726538673e-05,,False,0.2704659021321342,0.03560751152792361,24,0,25,0.96,4.228354801781512e-08,summer,2,0,0.8794977987705545,True
pwl,4,P3_dev_run0,winter,8,1.1325420631927304e-05,0.0,1.1325420631927304e-05,,False,0.2704659021321342,0.03560751152792361,24,0,25,0.96,4.228354801781512e-08,summer,2,0,0.8794977987705545,True
pwl,4,P3_dev_run0,winter,9,0.0,0.0,0.0,,False,0.2704659021321342,0.03560751152792361,24,0,25,0.96,4.228354801781512e-08,summer,2,0,0.8794977987705545,True
pwl,4,P3_dev_run0,winter,10,0.3457797180285176,0.3,0.0457797180285176,0.1525990600950587,False,0.2704659021321342,0.03560751152792361,24,0,25,0.96,4.228354801781512e-08,summer,2,0,0.8794977987705545,True
pwl,4,P3_dev_run0,winter,11,0.0,0.0,0.0,,False,0.2704659021321342,0.03560751152792361,24,0,25,0.96,4.228354801781512e-08,summer,2,0,0.8794977987705545,True
pwl,4,P3_dev_run0,winter,12,0.0,0.0,0.0,,False,0.2704659021321342,0.03560751152792361,24,0,25,0.96,4.228354801781512e-08,summer,2,0,0.8794977987705545,True
pwl,4,P3_dev_run0,winter,13,4.7500838622386886e-06,0.0,4.7500838622386886e-06,,False,0.2704659021321342,0.03560751152792361,24,0,25,0.96,4.228354801781512e-08,summer,2,0,0.8794977987705545,True
pwl,4,P3_dev_run0,winter,14,0.0,0.0,0.0,,False,0.2704659021321342,0.03560751152792361,24,0,25,0.96,4.228354801781512e-08,summer,2,0,0.8794977987705545,True
pwl,4,P3_dev_run0,winter,15,0.0,0.0,0.0,,False,0.2704659021321342,0.03560751152792361,24,0,25,0.96,4.228354801781512e-08,summer,2,0,0.8794977987705545,True
pwl,4,P3_dev_run0,winter,16,5.658871740918128e-09,0.0,5.658871740918128e-09,,False,0.2704659021321342,0.03560751152792361,24,0,25,0.96,4.228354801781512e-08,summer,2,0,0.8794977987705545,True
pwl,4,P3_dev_run0,winter,17,9.573622559613149e-09,0.0,9.573622559613149e-09,,False,0.2704659021321342,0.03560751152792361,24,0,25,0.96,4.228354801781512e-08,summer,2,0,0.8794977987705545,True
pwl,4,P3_dev_run0,winter,18,3.1681282276404843e-09,0.0,3.1681282276404843e-09,,False,0.2704659021321342,0.03560751152792361,24,0,25,0.96,4.228354801781512e-08,summer,2,0,0.8794977987705545,True
pwl,4,P3_dev_run0,winter,19,1.009329532122718e-10,0.0,1.009329532122718e-10,,False,0.2704659021321342,0.03560751152792361,24,0,25,0.96,4.228354801781512e-08,summer,2,0,0.8794977987705545,True
pwl,4,P3_dev_run0,winter,20,3.9363531051158296e-08,0.0,3.9363531051158296e-08,,False,0.2704659021321342,0.03560751152792361,24,0,25,0.96,4.228354801781512e-08,summer,2,0,0.8794977987705545,True
pwl,4,P3_dev_run0,winter,21,7.583901776073116e-07,0.0,7.583901776073116e-07,,False,0.2704659021321342,0.03560751152792361,24,0,25,0.96,4.228354801781512e-08,summer,2,0,0.8794977987705545,True
pwl,4,P3_dev_run0,winter,22,6.190680165161618e-07,0.0,6.190680165161618e-07,,False,0.2704659021321342,0.03560751152792361,24,0,25,0.96,4.228354801781512e-08,summer,2,0,0.8794977987705545,True
pwl,4,P3_dev_run0,winter,23,0.19210558173724007,0.15,0.04210558173724008,0.2807038782482672,False,0.2704659021321342,0.03560751152792361,24,0,25,0.96,4.228354801781512e-08,summer,2,0,0.8794977987705545,True
pwl,4,P3_dev_run0,shoulder,0,0.05000000000123151,0.1,0.049999999998768495,0.4999999999876849,False,0.2704659021321342,0.03560751152792361,24,0,25,0.96,4.228354801781512e-08,summer,2,0,0.8794977987705545,True
pwl,4,P3_dev_run0,shoulder,1,1.3803760712193437e-12,0.0,1.3803760712193437e-12,,False,0.2704659021321342,0.03560751152792361,24,0,25,0.96,4.228354801781512e-08,summer,2,0,0.8794977987705545,True
pwl,4,P3_dev_run0,shoulder,2,2.9986174062016756e-07,0.0,2.9986174062016756e-07,,False,0.2704659021321342,0.03560751152792361,24,0,25,0.96,4.228354801781512e-08,summer,2,0,0.8794977987705545,True
pwl,4,P3_dev_run0,shoulder,3,3.080622152211354e-07,0.0,3.080622152211354e-07,,False,0.2704659021321342,0.03560751152792361,24,0,25,0.96,4.228354801781512e-08,summer,2,0,0.8794977987705545,True
pwl,4,P3_dev_run0,shoulder,4,0.10294891395198699,0.2,0.09705108604801302,0.48525543024006507,False,0.2704659021321342,0.03560751152792361,24,0,25,0.96,4.228354801781512e-08,summer,2,0,0.8794977987705545,True
pwl,4,P3_dev_run0,shoulder,5,1.1325378790545741e-05,0.0,1.1325378790545741e-05,,False,0.2704659021321342,0.03560751152792361,24,0,25,0.96,4.228354801781512e-08,summer,2,0,0.8794977987705545,True
pwl,4,P3_dev_run0,shoulder,6,1.132537917545793e-05,0.0,1.132537917545793e-05,,False,0.2704659021321342,0.03560751152792361,24,0,25,0.96,4.228354801781512e-08,summer,2,0,0.8794977987705545,True
pwl,4,P3_dev_run0,shoulder,7,1.1325379239237425e-05,0.0,1.1325379239237425e-05,,False,0.2704659021321342,0.03560751152792361,24,0,25,0.96,4.228354801781512e-08,summer,2,0,0.8794977987705545,True
pwl,4,P3_dev_run0,shoulder,8,1.287471809575315e-08,0.0,1.287471809575315e-08,,False,0.2704659021321342,0.03560751152792361,24,0,25,0.96,4.228354801781512e-08,summer,2,0,0.8794977987705545,True
pwl,4,P3_dev_run0,shoulder,9,2.0282521483523196e-12,0.0,2.0282521483523196e-12,,False,0.2704659021321342,0.03560751152792361,24,0,25,0.96,4.228354801781512e-08,summer,2,0,0.8794977987705545,True
pwl,4,P3_dev_run0,shoulder,10,0.16279996383183706,0.15,0.012799963831837069,0.08533309221224714,False,0.2704659021321342,0.03560751152792361,24,0,25,0.96,4.228354801781512e-08,summer,2,0,0.8794977987705545,True
pwl,4,P3_dev_run0,shoulder,11,0.010000000001469764,0.0,0.010000000001469764,,False,0.2704659021321342,0.03560751152792361,24,0,25,0.96,4.228354801781512e-08,summer,2,0,0.8794977987705545,True
pwl,4,P3_dev_run0,shoulder,12,1.2736111238635287e-12,0.0,1.2736111238635287e-12,,False,0.2704659021321342,0.03560751152792361,24,0,25,0.96,4.228354801781512e-08,summer,2,0,0.8794977987705545,True
pwl,4,P3_dev_run0,shoulder,13,2.490159658496748e-12,0.0,2.490159658496748e-12,,False,0.2704659021321342,0.03560751152792361,24,0,25,0.96,4.228354801781512e-08,summer,2,0,0.8794977987705545,True
pwl,4,P3_dev_run0,shoulder,14,1.2196924359672487e-12,0.0,1.2196924359672487e-12,,False,0.2704659021321342,0.03560751152792361,24,0,25,0.96,4.228354801781512e-08,summer,2,0,0.8794977987705545,True
pwl,4,P3_dev_run0,shoulder,15,1.3789168568057627e-12,0.0,1.3789168568057627e-12,,False,0.2704659021321342,0.03560751152792361,24,0,25,0.96,4.228354801781512e-08,summer,2,0,0.8794977987705545,True
pwl,4,P3_dev_run0,shoulder,16,5.0707329939650837e-11,0.0,5.0707329939650837e-11,,False,0.2704659021321342,0.03560751152792361,24,0,25,0.96,4.228354801781512e-08,summer,2,0,0.8794977987705545,True
pwl,4,P3_dev_run0,shoulder,17,2.3752231673070767e-10,0.0,2.3752231673070767e-10,,False,0.2704659021321342,0.03560751152792361,24,0,25,0.96,4.228354801781512e-08,summer,2,0,0.8794977987705545,True
pwl,4,P3_dev_run0,shoulder,18,1.1609400211524405e-10,0.0,1.1609400211524405e-10,,False,0.2704659021321342,0.03560751152792361,24,0,25,0.96,4.228354801781512e-08,summer,2,0,0.8794977987705545,True
pwl,4,P3_dev_run0,shoulder,19,8.06462109699168e-10,0.0,8.06462109699168e-10,,False,0.2704659021321342,0.03560751152792361,24,0,25,0.96,4.228354801781512e-08,summer,2,0,0.8794977987705545,True
pwl,4,P3_dev_run0,shoulder,20,2.4567173138587296e-11,0.0,2.4567173138587296e-11,,False,0.2704659021321342,0.03560751152792361,24,0,25,0.96,4.228354801781512e-08,summer,2,0,0.8794977987705545,True
pwl,4,P3_dev_run0,shoulder,21,1.4926499323997357e-12,0.0,1.4926499323997357e-12,,False,0.2704659021321342,0.03560751152792361,24,0,25,0.96,4.228354801781512e-08,summer,2,0,0.8794977987705545,True
pwl,4,P3_dev_run0,shoulder,22,1.4520778928910333e-12,0.0,1.4520778928910333e-12,,False,0.2704659021321342,0.03560751152792361,24,0,25,0.96,4.228354801781512e-08,summer,2,0,0.8794977987705545,True
pwl,4,P3_dev_run0,shoulder,23,5.813041346806324e-11,0.0,5.813041346806324e-11,,False,0.2704659021321342,0.03560751152792361,24,0,25,0.96,4.228354801781512e-08,summer,2,0,0.8794977987705545,True
qp,,P1_old_full_opt,summer,0,0.045552151938043454,0.0,0.045552151938043454,,False,0.04555215193804365,0.005997054573123977,27,10,32,0.84375,4.4020498987724374e-14,shoulder,19,0,9.15626378944667e-07,True
qp,,P1_old_full_opt,summer,1,0.008867531536013292,0.0,0.008867531536013292,,False,0.04555215193804365,0.005997054573123977,27,10,32,0.84375,4.4020498987724374e-14,shoulder,19,0,9.15626378944667e-07,True
qp,,P1_old_full_opt,summer,2,1.2119369337315785e-14,0.0,1.2119369337315785e-14,,False,0.04555215193804365,0.005997054573123977,27,10,32,0.84375,4.4020498987724374e-14,shoulder,19,0,9.15626378944667e-07,True
qp,,P1_old_full_opt,summer,3,0.011694459925965937,0.02,0.008305540074034064,0.4152770037017032,False,0.04555215193804365,0.005997054573123977,27,10,32,0.84375,4.4020498987724374e-14,shoulder,19,0,9.15626378944667e-07,True
qp,,P1_old_full_opt,summer,4,0.04555215193804382,0.0,0.04555215193804382,,False,0.04555215193804365,0.005997054573123977,27,10,32,0.84375,4.4020498987724374e-14,shoulder,19,0,9.15626378944667e-07,True
qp,,P1_old_full_opt,summer,5,0.04555215193804389,0.0,0.04555215193804389,,False,0.04555215193804365,0.005997054573123977,27,10,32,0.84375,4.4020498987724374e-14,shoulder,19,0,9.15626378944667e-07,True
qp,,P1_old_full_opt,summer,6,0.007756482962919255,0.0,0.007756482962919255,,False,0.04555215193804365,0.005997054573123977,27,10,32,0.84375,4.4020498987724374e-14,shoulder,19,0,9.15626378944667e-07,True
qp,,P1_old_full_opt,summer,7,1.1716873836704692e-05,0.0,1.1716873836704692e-05,,False,0.04555215193804365,0.005997054573123977,27,10,32,0.84375,4.4020498987724374e-14,shoulder,19,0,9.15626378944667e-07,True
qp,,P1_old_full_opt,summer,8,1.1716873841431738e-05,0.0,1.1716873841431738e-05,,False,0.04555215193804365,0.005997054573123977,27,10,32,0.84375,4.4020498987724374e-14,shoulder,19,0,9.15626378944667e-07,True
qp,,P1_old_full_opt,summer,9,1.0700658618358937e-14,0.0,1.0700658618358937e-14,,False,0.04555215193804365,0.005997054573123977,27,10,32,0.84375,4.4020498987724374e-14,shoulder,19,0,9.15626378944667e-07,True
qp,,P1_old_full_opt,summer,10,9.17752780468837e-15,0.0,9.17752780468837e-15,,False,0.04555215193804365,0.005997054573123977,27,10,32,0.84375,4.4020498987724374e-14,shoulder,19,0,9.15626378944667e-07,True
qp,,P1_old_full_opt,summer,11,9.398773327649549e-15,0.0,9.398773327649549e-15,,False,0.04555215193804365,0.005997054573123977,27,10,32,0.84375,4.4020498987724374e-14,shoulder,19,0,9.15626378944667e-07,True
qp,,P1_old_full_opt,summer,12,9.249186713489886e-15,0.0,9.249186713489886e-15,,False,0.04555215193804365,0.005997054573123977,27,10,32,0.84375,4.4020498987724374e-14,shoulder,19,0,9.15626378944667e-07,True
qp,,P1_old_full_opt,summer,13,8.882700080002189e-15,0.0,8.882700080002189e-15,,False,0.04555215193804365,0.005997054573123977,27,10,32,0.84375,4.4020498987724374e-14,shoulder,19,0,9.15626378944667e-07,True
qp,,P1_old_full_opt,summer,14,1.0485118309973144e-14,0.0,1.0485118309973144e-14,,False,0.04555215193804365,0.005997054573123977,27,10,32,0.84375,4.4020498987724374e-14,shoulder,19,0,9.15626378944667e-07,True
qp,,P1_old_full_opt,summer,15,0.06565631338790219,0.0,0.06565631338790219,,False,0.04555215193804365,0.005997054573123977,27,10,32,0.84375,4.4020498987724374e-14,shoulder,19,0,9.15626378944667e-07,True
qp,,P1_old_full_opt,summer,16,0.11309969249422548,0.0,0.11309969249422548,,False,0.04555215193804365,0.005997054573123977,27,10,32,0.84375,4.4020498987724374e-14,shoulder,19,0,9.15626378944667e-07,True
qp,,P1_old_full_opt,summer,17,1.8108135126267263e-14,0.0,1.8108135126267263e-14,,False,0.04555215193804365,0.005997054573123977,27,10,32,0.84375,4.4020498987724374e-14,shoulder,19,0,9.15626378944667e-07,True
qp,,P1_old_full_opt,summer,18,1.1356749204670129e-14,0.0,1.1356749204670129e-14,,False,0.04555215193804365,0.005997054573123977,27,10,32,0.84375,4.4020498987724374e-14,shoulder,19,0,9.15626378944667e-07,True
qp,,P1_old_full_opt,summer,19,1.0742897539231183e-14,0.0,1.0742897539231183e-14,,False,0.04555215193804365,0.005997054573123977,27,10,32,0.84375,4.4020498987724374e-14,shoulder,19,0,9.15626378944667e-07,True
qp,,P1_old_full_opt,summer,20,1.051713706132818e-14,0.0,1.051713706132818e-14,,False,0.04555215193804365,0.005997054573123977,27,10,32,0.84375,4.4020498987724374e-14,shoulder,19,0,9.15626378944667e-07,True
qp,,P1_old_full_opt,summer,21,9.914645356004205e-15,0.0,9.914645356004205e-15,,False,0.04555215193804365,0.005997054573123977,27,10,32,0.84375,4.4020498987724374e-14,shoulder,19,0,9.15626378944667e-07,True
qp,,P1_old_full_opt,summer,22,9.87296551288689e-15,0.0,9.87296551288689e-15,,False,0.04555215193804365,0.005997054573123977,27,10,32,0.84375,4.4020498987724374e-14,shoulder,19,0,9.15626378944667e-07,True
qp,,P1_old_full_opt,summer,23,4.539392994348856e-14,0.0,4.539392994348856e-14,,False,0.04555215193804365,0.005997054573123977,27,10,32,0.84375,4.4020498987724374e-14,shoulder,19,0,9.15626378944667e-07,True
qp,,P1_old_full_opt,winter,0,0.04555215193804357,0.0,0.04555215193804357,,False,0.04555215193804365,0.005997054573123977,27,10,32,0.84375,4.4020498987724374e-14,shoulder,19,0,9.15626378944667e-07,True
qp,,P1_old_full_opt,winter,1,0.008867531535992968,0.0,0.008867531535992968,,False,0.04555215193804365,0.005997054573123977,27,10,32,0.84375,4.4020498987724374e-14,shoulder,19,0,9.15626378944667e-07,True
qp,,P1_old_full_opt,winter,2,6.271355058462032e-15,0.0,6.271355058462032e-15,,False,0.04555215193804365,0.005997054573123977,27,10,32,0.84375,4.4020498987724374e-14,shoulder,19,0,9.15626378944667e-07,True
qp,,P1_old_full_opt,winter,3,0.04555215193805372,0.0,0.04555215193805372,,False,0.04555215193804365,0.005997054573123977,27,10,32,0.84375,4.4020498987724374e-14,shoulder,19,0,9.15626378944667e-07,True
qp,,P1_old_full_opt,winter,4,0.04555215193804521,0.0,0.04555215193804521,,False,0.04555215193804365,0.005997054573123977,27,10,32,0.84375,4.4020498987724374e-14,shoulder,19,0,9.15626378944667e-07,True
qp,,P1_old_full_opt,winter,5,0.03982815207145101,0.02,0.01982815207145101,0.9914076035725505,False,0.04555215193804365,0.005997054573123977,27,10,32,0.84375,4.4020498987724374e-14,shoulder,19,0,9.15626378944667e-07,True
qp,,P1_old_full_opt,winter,6,1.171687384182905e-05,0.0,1.171687384182905e-05,,False,0.04555215193804365,0.005997054573123977,27,10,32,0.84375,4.4020498987724374e-14,shoulder,19,0,9.15626378944667e-07,True
qp,,P1_old_full_opt,winter,7,1.171687384309058e-05,0.0,1.171687384309058e-05,,False,0.04555215193804365,0.005997054573123977,27,10,32,0.84375,4.4020498987724374e-14,shoulder,19,0,9.15626378944667e-07,True
qp,,P1_old_full_opt,winter,8,1.1716873843396764e-05,0.0,1.1716873843396764e-05,,False,0.04555215193804365,0.005997054573123977,27,10,32,0.84375,4.4020498987724374e-14,shoulder,19,0,9.15626378944667e-07,True
qp,,P1_old_full_opt,winter,9,0.06327212536714434,0.0,0.06327212536714434,,False,0.04555215193804365,0.005997054573123977,27,10,32,0.84375,4.4020498987724374e-14,shoulder,19,0,9.15626378944667e-07,True
qp,,P1_old_full_opt,winter,10,0.045552151938043905,0.0,0.045552151938043905,,False,0.04555215193804365,0.005997054573123977,27,10,32,0.84375,4.4020498987724374e-14,shoulder,19,0,9.15626378944667e-07,True
qp,,P1_old_full_opt,winter,11,0.12445079348882428,0.0,0.12445079348882428,,False,0.04555215193804365,0.005997054573123977,27,10,32,0.84375,4.4020498987724374e-14,shoulder,19,0,9.15626378944667e-07,True
qp,,P1_old_full_opt,winter,12,6.8905148571895354e-15,0.0,6.8905148571895354e-15,,False,0.04555215193804365,0.005997054573123977,27,10,32,0.84375,4.4020498987724374e-14,shoulder,19,0,9.15626378944667e-07,True
qp,,P1_old_full_opt,winter,13,6.202895185201221e-15,0.0,6.202895185201221e-15,,False,0.04555215193804365,0.005997054573123977,27,10,32,0.84375,4.4020498987724374e-14,shoulder,19,0,9.15626378944667e-07,True
qp,,P1_old_full_opt,winter,14,6.269573145921544e-15,0.0,6.269573145921544e-15,,False,0.04555215193804365,0.005997054573123977,27,10,32,0.84375,4.4020498987724374e-14,shoulder,19,0,9.15626378944667e-07,True
qp,,P1_old_full_opt,winter,15,6.433933268620879e-15,0.0,6.433933268620879e-15,,False,0.04555215193804365,0.005997054573123977,27,10,32,0.84375,4.4020498987724374e-14,shoulder,19,0,9.15626378944667e-07,True
qp,,P1_old_full_opt,winter,16,6.8037692970914894e-15,0.0,6.8037692970914894e-15,,False,0.04555215193804365,0.005997054573123977,27,10,32,0.84375,4.4020498987724374e-14,shoulder,19,0,9.15626378944667e-07,True
qp,,P1_old_full_opt,winter,17,7.88540115516479e-15,0.0,7.88540115516479e-15,,False,0.04555215193804365,0.005997054573123977,27,10,32,0.84375,4.4020498987724374e-14,shoulder,19,0,9.15626378944667e-07,True
qp,,P1_old_full_opt,winter,18,7.076672650125907e-15,0.0,7.076672650125907e-15,,False,0.04555215193804365,0.005997054573123977,27,10,32,0.84375,4.4020498987724374e-14,shoulder,19,0,9.15626378944667e-07,True
qp,,P1_old_full_opt,winter,19,6.896140805286609e-15,0.0,6.896140805286609e-15,,False,0.04555215193804365,0.005997054573123977,27,10,32,0.84375,4.4020498987724374e-14,shoulder,19,0,9.15626378944667e-07,True
qp,,P1_old_full_opt,winter,20,6.691000788477212e-15,0.0,6.691000788477212e-15,,False,0.04555215193804365,0.005997054573123977,27,10,32,0.84375,4.4020498987724374e-14,shoulder,19,0,9.15626378944667e-07,True
qp,,P1_old_full_opt,winter,21,6.3344732888190444e-15,0.0,6.3344732888190444e-15,,False,0.04555215193804365,0.005997054573123977,27,10,32,0.84375,4.4020498987724374e-14,shoulder,19,0,9.15626378944667e-07,True
qp,,P1_old_full_opt,winter,22,0.028744742570945277,0.02,0.008744742570945277,0.4372371285472638,False,0.04555215193804365,0.005997054573123977,27,10,32,0.84375,4.4020498987724374e-14,shoulder,19,0,9.15626378944667e-07,True
qp,,P1_old_full_opt,winter,23,0.0455521519380487,0.0,0.0455521519380487,,False,0.04555215193804365,0.005997054573123977,27,10,32,0.84375,4.4020498987724374e-14,shoulder,19,0,9.15626378944667e-07,True
qp,,P1_old_full_opt,shoulder,0,0.045552151938043246,0.0,0.045552151938043246,,False,0.04555215193804365,0.005997054573123977,27,10,32,0.84375,4.4020498987724374e-14,shoulder,19,0,9.15626378944667e-07,True
qp,,P1_old_full_opt,shoulder,1,0.004908149289943706,0.0,0.004908149289943706,,False,0.04555215193804365,0.005997054573123977,27,10,32,0.84375,4.4020498987724374e-14,shoulder,19,0,9.15626378944667e-07,True
qp,,P1_old_full_opt,shoulder,2,1.1919390597084047e-14,0.0,1.1919390597084047e-14,,False,0.04555215193804365,0.005997054573123977,27,10,32,0.84375,4.4020498987724374e-14,shoulder,19,0,9.15626378944667e-07,True
qp,,P1_old_full_opt,shoulder,3,0.033658949253022215,0.0,0.033658949253022215,,False,0.04555215193804365,0.005997054573123977,27,10,32,0.84375,4.4020498987724374e-14,shoulder,19,0,9.15626378944667e-07,True
qp,,P1_old_full_opt,shoulder,4,0.045552151938044134,0.0,0.045552151938044134,,False,0.04555215193804365,0.005997054573123977,27,10,32,0.84375,4.4020498987724374e-14,shoulder,19,0,9.15626378944667e-07,True
qp,,P1_old_full_opt,shoulder,5,0.027300020326852144,0.02,0.007300020326852143,0.3650010163426072,False,0.04555215193804365,0.005997054573123977,27,10,32,0.84375,4.4020498987724374e-14,shoulder,19,0,9.15626378944667e-07,True
qp,,P1_old_full_opt,shoulder,6,3.1395269160057983e-06,0.0,3.1395269160057983e-06,,False,0.04555215193804365,0.005997054573123977,27,10,32,0.84375,4.4020498987724374e-14,shoulder,19,0,9.15626378944667e-07,True
qp,,P1_old_full_opt,shoulder,7,1.1716873821709677e-05,0.0,1.1716873821709677e-05,,False,0.04555215193804365,0.005997054573123977,27,10,32,0.84375,4.4020498987724374e-14,shoulder,19,0,9.15626378944667e-07,True
qp,,P1_old_full_opt,shoulder,8,1.5073576418022457e-14,0.0,1.5073576418022457e-14,,False,0.04555215193804365,0.005997054573123977,27,10,32,0.84375,4.4020498987724374e-14,shoulder,19,0,9.15626378944667e-07,True
qp,,P1_old_full_opt,shoulder,9,1.3055717245445412e-14,0.0,1.3055717245445412e-14,,False,0.04555215193804365,0.005997054573123977,27,10,32,0.84375,4.4020498987724374e-14,shoulder,19,0,9.15626378944667e-07,True
qp,,P1_old_full_opt,shoulder,10,0.05838147483841182,0.0,0.05838147483841182,,False,0.04555215193804365,0.005997054573123977,27,10,32,0.84375,4.4020498987724374e-14,shoulder,19,0,9.15626378944667e-07,True
qp,,P1_old_full_opt,shoulder,11,0.016177197119268096,0.0,0.016177197119268096,,False,0.04555215193804365,0.005997054573123977,27,10,32,0.84375,4.4020498987724374e-14,shoulder,19,0,9.15626378944667e-07,True
qp,,P1_old_full_opt,shoulder,12,1.0589140502415419e-14,0.0,1.0589140502415419e-14,,False,0.04555215193804365,0.005997054573123977,27,10,32,0.84375,4.4020498987724374e-14,shoulder,19,0,9.15626378944667e-07,True
qp,,P1_old_full_opt,shoulder,13,1.0632466156240752e-14,0.0,1.0632466156240752e-14,,False,0.04555215193804365,0.005997054573123977,27,10,32,0.84375,4.4020498987724374e-14,shoulder,19,0,9.15626378944667e-07,True
qp,,P1_old_full_opt,shoulder,14,1.0539717545213992e-14,0.0,1.0539717545213992e-14,,False,0.04555215193804365,0.005997054573123977,27,10,32,0.84375,4.4020498987724374e-14,shoulder,19,0,9.15626378944667e-07,True
qp,,P1_old_full_opt,shoulder,15,1.1236681190669281e-14,0.0,1.1236681190669281e-14,,False,0.04555215193804365,0.005997054573123977,27,10,32,0.84375,4.4020498987724374e-14,shoulder,19,0,9.15626378944667e-07,True
qp,,P1_old_full_opt,shoulder,16,1.9230159625415628e-14,0.0,1.9230159625415628e-14,,False,0.04555215193804365,0.005997054573123977,27,10,32,0.84375,4.4020498987724374e-14,shoulder,19,0,9.15626378944667e-07,True
qp,,P1_old_full_opt,shoulder,17,3.5297393018163536e-14,0.0,3.5297393018163536e-14,,False,0.04555215193804365,0.005997054573123977,27,10,32,0.84375,4.4020498987724374e-14,shoulder,19,0,9.15626378944667e-07,True
qp,,P1_old_full_opt,shoulder,18,2.374910722825197e-14,0.0,2.374910722825197e-14,,False,0.04555215193804365,0.005997054573123977,27,10,32,0.84375,4.4020498987724374e-14,shoulder,19,0,9.15626378944667e-07,True
qp,,P1_old_full_opt,shoulder,19,8.397606625569722e-14,0.0,8.397606625569722e-14,,False,0.04555215193804365,0.005997054573123977,27,10,32,0.84375,4.4020498987724374e-14,shoulder,19,0,9.15626378944667e-07,True
qp,,P1_old_full_opt,shoulder,20,1.831242614646382e-14,0.0,1.831242614646382e-14,,False,0.04555215193804365,0.005997054573123977,27,10,32,0.84375,4.4020498987724374e-14,shoulder,19,0,9.15626378944667e-07,True
qp,,P1_old_full_opt,shoulder,21,1.1805211857665907e-14,0.0,1.1805211857665907e-14,,False,0.04555215193804365,0.005997054573123977,27,10,32,0.84375,4.4020498987724374e-14,shoulder,19,0,9.15626378944667e-07,True
qp,,P1_old_full_opt,shoulder,22,1.133891544934036e-14,0.0,1.133891544934036e-14,,False,0.04555215193804365,0.005997054573123977,27,10,32,0.84375,4.4020498987724374e-14,shoulder,19,0,9.15626378944667e-07,True
qp,,P1_old_full_opt,shoulder,23,1.1919780206075524e-14,0.0,1.1919780206075524e-14,,False,0.04555215193804365,0.005997054573123977,27,10,32,0.84375,4.4020498987724374e-14,shoulder,19,0,9.15626378944667e-07,True
qp,,P2_dev_run1,summer,0,0.0756424483025727,0.1,0.0243575516974273,0.24357551697427302,False,0.07842217066606379,0.0103244746344123,23,2,26,0.8846153846153846,1.6303109083774055e-13,shoulder,0,0,3.3910466894250035e-06,True
qp,,P2_dev_run1,summer,1,1.1995052989186544e-14,0.0,1.1995052989186544e-14,,False,0.07842217066606379,0.0103244746344123,23,2,26,0.8846153846153846,1.6303109083774055e-13,shoulder,0,0,3.3910466894250035e-06,True
qp,,P2_dev_run1,summer,2,5.946007915955992e-07,0.0,5.946007915955992e-07,,False,0.07842217066606379,0.0103244746344123,23,2,26,0.8846153846153846,1.6303109083774055e-13,shoulder,0,0,3.3910466894250035e-06,True
qp,,P2_dev_run1,summer,3,5.946007510541262e-07,0.0,5.946007510541262e-07,,False,0.07842217066606379,0.0103244746344123,23,2,26,0.8846153846153846,1.6303109083774055e-13,shoulder,0,0,3.3910466894250035e-06,True
qp,,P2_dev_run1,summer,4,0.05080822165871343,0.05,0.0008082216587134289,0.016164433174268578,False,0.07842217066606379,0.0103244746344123,23,2,26,0.8846153846153846,1.6303109083774055e-13,shoulder,0,0,3.3910466894250035e-06,True
qp,,P2_dev_run1,summer,5,0.05188807298397323,0.0,0.05188807298397323,,False,0.07842217066606379,0.0103244746344123,23,2,26,0.8846153846153846,1.6303109083774055e-13,shoulder,0,0,3.3910466894250035e-06,True
qp,,P2_dev_run1,summer,6,1.1297415332080116e-05,0.0,1.1297415332080116e-05,,False,0.07842217066606379,0.0103244746344123,23,2,26,0.8846153846153846,1.6303109083774055e-13,shoulder,0,0,3.3910466894250035e-06,True
qp,,P2_dev_run1,summer,7,1.1297415343826974e-05,0.0,1.1297415343826974e-05,,False,0.07842217066606379,0.0103244746344123,23,2,26,0.8846153846153846,1.6303109083774055e-13,shoulder,0,0,3.3910466894250035e-06,True
qp,,P2_dev_run1,summer,8,1.1297415348559185e-05,0.0,1.1297415348559185e-05,,False,0.07842217066606379,0.0103244746344123,23,2,26,0.8846153846153846,1.6303109083774055e-13,shoulder,0,0,3.3910466894250035e-06,True
qp,,P2_dev_run1,summer,9,1.871961658715465e-14,0.0,1.871961658715465e-14,,False,0.07842217066606379,0.0103244746344123,23,2,26,0.8846153846153846,1.6303109083774055e-13,shoulder,0,0,3.3910466894250035e-06,True
qp,,P2_dev_run1,summer,10,1.6275805619116396e-14,0.0,1.6275805619116396e-14,,False,0.07842217066606379,0.0103244746344123,23,2,26,0.8846153846153846,1.6303109083774055e-13,shoulder,0,0,3.3910466894250035e-06,True
qp,,P2_dev_run1,summer,11,1.6812895080017086e-14,0.0,1.6812895080017086e-14,,False,0.07842217066606379,0.0103244746344123,23,2,26,0.8846153846153846,1.6303109083774055e-13,shoulder,0,0,3.3910466894250035e-06,True
qp,,P2_dev_run1,summer,12,1.64889396147781e-14,0.0,1.64889396147781e-14,,False,0.07842217066606379,0.0103244746344123,23,2,26,0.8846153846153846,1.6303109083774055e-13,shoulder,0,0,3.3910466894250035e-06,True
qp,,P2_dev_run1,summer,13,1.5697486042053332e-14,0.0,1.5697486042053332e-14,,False,0.07842217066606379,0.0103244746344123,23,2,26,0.8846153846153846,1.6303109083774055e-13,shoulder,0,0,3.3910466894250035e-06,True
qp,,P2_dev_run1,summer,14,1.9580725032796976e-14,0.0,1.9580725032796976e-14,,False,0.07842217066606379,0.0103244746344123,23,2,26,0.8846153846153846,1.6303109083774055e-13,shoulder,0,0,3.3910466894250035e-06,True
qp,,P2_dev_run1,summer,15,0.0667163731104254,0.0,0.0667163731104254,,False,0.07842217066606379,0.0103244746344123,23,2,26,0.8846153846153846,1.6303109083774055e-13,shoulder,0,0,3.3910466894250035e-06,True
qp,,P2_dev_run1,summer,16,0.10564034832726357,0.1,0.005640348327263567,0.05640348327263567,False,0.07842217066606379,0.0103244746344123,23,2,26,0.8846153846153846,1.6303109083774055e-13,shoulder,0,0,3.3910466894250035e-06,True
qp,,P2_dev_run1,summer,17,4.0408101386268963e-14,0.0,4.0408101386268963e-14,,False,0.07842217066606379,0.0103244746344123,23,2,26,0.8846153846153846,1.6303109083774055e-13,shoulder,0,0,3.3910466894250035e-06,True
qp,,P2_dev_run1,summer,18,2.118065725933442e-14,0.0,2.118065725933442e-14,,False,0.07842217066606379,0.0103244746344123,23,2,26,0.8846153846153846,1.6303109083774055e-13,shoulder,0,0,3.3910466894250035e-06,True
qp,,P2_dev_run1,summer,19,1.9449377502049694e-14,0.0,1.9449377502049694e-14,,False,0.07842217066606379,0.0103244746344123,23,2,26,0.8846153846153846,1.6303109083774055e-13,shoulder,0,0,3.3910466894250035e-06,True
qp,,P2_dev_run1,summer,20,1.8972621548904745e-14,0.0,1.8972621548904745e-14,,False,0.07842217066606379,0.0103244746344123,23,2,26,0.8846153846153846,1.6303109083774055e-13,shoulder,0,0,3.3910466894250035e-06,True
qp,,P2_dev_run1,summer,21,1.7698206882019018e-14,0.0,1.7698206882019018e-14,,False,0.07842217066606379,0.0103244746344123,23,2,26,0.8846153846153846,1.6303109083774055e-13,shoulder,0,0,3.3910466894250035e-06,True
qp,,P2_dev_run1,summer,22,1.739604556587538e-14,0.0,1.739604556587538e-14,,False,0.07842217066606379,0.0103244746344123,23,2,26,0.8846153846153846,1.6303109083774055e-13,shoulder,0,0,3.3910466894250035e-06,True
qp,,P2_dev_run1,summer,23,8.662357756596676e-14,0.0,8.662357756596676e-14,,False,0.07842217066606379,0.0103244746344123,23,2,26,0.8846153846153846,1.6303109083774055e-13,shoulder,0,0,3.3910466894250035e-06,True
qp,,P2_dev_run1,winter,0,0.09513841865289727,0.1,0.004861581347102739,0.04861581347102739,False,0.07842217066606379,0.0103244746344123,23,2,26,0.8846153846153846,1.6303109083774055e-13,shoulder,0,0,3.3910466894250035e-06,True
qp,,P2_dev_run1,winter,1,2.1258925979498746e-15,0.0,2.1258925979498746e-15,,False,0.07842217066606379,0.0103244746344123,23,2,26,0.8846153846153846,1.6303109083774055e-13,shoulder,0,0,3.3910466894250035e-06,True
qp,,P2_dev_run1,winter,2,5.946008006244824e-07,0.0,5.946008006244824e-07,,False,0.07842217066606379,0.0103244746344123,23,2,26,0.8846153846153846,1.6303109083774055e-13,shoulder,0,0,3.3910466894250035e-06,True
qp,,P2_dev_run1,winter,3,0.0408317845323701,0.05,0.0091682154676299,0.183364309352598,False,0.07842217066606379,0.0103244746344123,23,2,26,0.8846153846153846,1.6303109083774055e-13,shoulder,0,0,3.3910466894250035e-06,True
qp,,P2_dev_run1,winter,4,0.07765589587072877,0.0,0.07765589587072877,,False,0.07842217066606379,0.0103244746344123,23,2,26,0.8846153846153846,1.6303109083774055e-13,shoulder,0,0,3.3910466894250035e-06,True
qp,,P2_dev_run1,winter,5,1.1297415372675153e-05,0.0,1.1297415372675153e-05,,False,0.07842217066606379,0.0103244746344123,23,2,26,0.8846153846153846,1.6303109083774055e-13,shoulder,0,0,3.3910466894250035e-06,True
qp,,P2_dev_run1,winter,6,1.1297415352537316e-05,0.0,1.1297415352537316e-05,,False,0.07842217066606379,0.0103244746344123,23,2,26,0.8846153846153846,1.6303109083774055e-13,shoulder,0,0,3.3910466894250035e-06,True
qp,,P2_dev_run1,winter,7,1.1297415352856591e-05,0.0,1.1297415352856591e-05,,False,0.07842217066606379,0.0103244746344123,23,2,26,0.8846153846153846,1.6303109083774055e-13,shoulder,0,0,3.3910466894250035e-06,True
qp,,P2_dev_run1,winter,8,1.1297415353102176e-05,0.0,1.1297415353102176e-05,,False,0.07842217066606379,0.0103244746344123,23,2,26,0.8846153846153846,1.6303109083774055e-13,shoulder,0,0,3.3910466894250035e-06,True
qp,,P2_dev_run1,winter,9,8.87471536865507e-15,0.0,8.87471536865507e-15,,False,0.07842217066606379,0.0103244746344123,23,2,26,0.8846153846153846,1.6303109083774055e-13,shoulder,0,0,3.3910466894250035e-06,True
qp,,P2_dev_run1,winter,10,0.07842217066606418,0.0,0.07842217066606418,,False,0.07842217066606379,0.0103244746344123,23,2,26,0.8846153846153846,1.6303109083774055e-13,shoulder,0,0,3.3910466894250035e-06,True
qp,,P2_dev_run1,winter,11,0.052244647431342016,0.05,0.002244647431342013,0.04489294862684026,False,0.07842217066606379,0.0103244746344123,23,2,26,0.8846153846153846,1.6303109083774055e-13,shoulder,0,0,3.3910466894250035e-06,True
qp,,P2_dev_run1,winter,12,2.5240138489058853e-15,0.0,2.5240138489058853e-15,,False,0.07842217066606379,0.0103244746344123,23,2,26,0.8846153846153846,1.6303109083774055e-13,shoulder,0,0,3.3910466894250035e-06,True
qp,,P2_dev_run1,winter,13,2.6775419001024953e-15,0.0,2.6775419001024953e-15,,False,0.07842217066606379,0.0103244746344123,23,2,26,0.8846153846153846,1.6303109083774055e-13,shoulder,0,0,3.3910466894250035e-06,True
qp,,P2_dev_run1,winter,14,2.417971670683323e-15,0.0,2.417971670683323e-15,,False,0.07842217066606379,0.0103244746344123,23,2,26,0.8846153846153846,1.6303109083774055e-13,shoulder,0,0,3.3910466894250035e-06,True
qp,,P2_dev_run1,winter,15,2.4907459593652502e-15,0.0,2.4907459593652502e-15,,False,0.07842217066606379,0.0103244746344123,23,2,26,0.8846153846153846,1.6303109083774055e-13,shoulder,0,0,3.3910466894250035e-06,True
qp,,P2_dev_run1,winter,16,2.587276202166959e-15,0.0,2.587276202166959e-15,,False,0.07842217066606379,0.0103244746344123,23,2,26,0.8846153846153846,1.6303109083774055e-13,shoulder,0,0,3.3910466894250035e-06,True
qp,,P2_dev_run1,winter,17,2.8115211597599253e-15,0.0,2.8115211597599253e-15,,False,0.07842217066606379,0.0103244746344123,23,2,26,0.8846153846153846,1.6303109083774055e-13,shoulder,0,0,3.3910466894250035e-06,True
qp,,P2_dev_run1,winter,18,2.769552306145091e-15,0.0,2.769552306145091e-15,,False,0.07842217066606379,0.0103244746344123,23,2,26,0.8846153846153846,1.6303109083774055e-13,shoulder,0,0,3.3910466894250035e-06,True
qp,,P2_dev_run1,winter,19,2.6944234864481615e-15,0.0,2.6944234864481615e-15,,False,0.07842217066606379,0.0103244746344123,23,2,26,0.8846153846153846,1.6303109083774055e-13,shoulder,0,0,3.3910466894250035e-06,True
qp,,P2_dev_run1,winter,20,2.6100625490672197e-15,0.0,2.6100625490672197e-15,,False,0.07842217066606379,0.0103244746344123,23,2,26,0.8846153846153846,1.6303109083774055e-13,shoulder,0,0,3.3910466894250035e-06,True
qp,,P2_dev_run1,winter,21,5.946008015731771e-07,0.0,5.946008015731771e-07,,False,0.07842217066606379,0.0103244746344123,23,2,26,0.8846153846153846,1.6303109083774055e-13,shoulder,0,0,3.3910466894250035e-06,True
qp,,P2_dev_run1,winter,22,5.946008033016158e-07,0.0,5.946008033016158e-07,,False,0.07842217066606379,0.0103244746344123,23,2,26,0.8846153846153846,1.6303109083774055e-13,shoulder,0,0,3.3910466894250035e-06,True
qp,,P2_dev_run1,winter,23,0.09525573441152832,0.1,0.0047442655884716856,0.047442655884716856,False,0.07842217066606379,0.0103244746344123,23,2,26,0.8846153846153846,1.6303109083774055e-13,shoulder,0,0,3.3910466894250035e-06,True
qp,,P2_dev_run1,shoulder,0,0.04621260055846347,0.1,0.053787399441536536,0.5378739944153653,False,0.07842217066606379,0.0103244746344123,23,2,26,0.8846153846153846,1.6303109083774055e-13,shoulder,0,0,3.3910466894250035e-06,True
qp,,P2_dev_run1,shoulder,1,3.425572803396391e-14,0.0,3.425572803396391e-14,,False,0.07842217066606379,0.0103244746344123,23,2,26,0.8846153846153846,1.6303109083774055e-13,shoulder,0,0,3.3910466894250035e-06,True
qp,,P2_dev_run1,shoulder,2,1.5932379963957104e-07,0.0,1.5932379963957104e-07,,False,0.07842217066606379,0.0103244746344123,23,2,26,0.8846153846153846,1.6303109083774055e-13,shoulder,0,0,3.3910466894250035e-06,True
qp,,P2_dev_run1,shoulder,3,0.014721086489276149,0.05,0.035278913510723854,0.705578270214477,False,0.07842217066606379,0.0103244746344123,23,2,26,0.8846153846153846,1.6303109083774055e-13,shoulder,0,0,3.3910466894250035e-06,True
qp,,P2_dev_run1,shoulder,4,0.07842217066606696,0.0,0.07842217066606696,,False,0.07842217066606379,0.0103244746344123,23,2,26,0.8846153846153846,1.6303109083774055e-13,shoulder,0,0,3.3910466894250035e-06,True
qp,,P2_dev_run1,shoulder,5,0.00955479011832487,0.0,0.00955479011832487,,False,0.07842217066606379,0.0103244746344123,23,2,26,0.8846153846153846,1.6303109083774055e-13,shoulder,0,0,3.3910466894250035e-06,True
qp,,P2_dev_run1,shoulder,6,1.1297412795520138e-05,0.0,1.1297412795520138e-05,,False,0.07842217066606379,0.0103244746344123,23,2,26,0.8846153846153846,1.6303109083774055e-13,shoulder,0,0,3.3910466894250035e-06,True
qp,,P2_dev_run1,shoulder,7,1.1297415285326093e-05,0.0,1.1297415285326093e-05,,False,0.07842217066606379,0.0103244746344123,23,2,26,0.8846153846153846,1.6303109083774055e-13,shoulder,0,0,3.3910466894250035e-06,True
qp,,P2_dev_run1,shoulder,8,4.954818971307843e-14,0.0,4.954818971307843e-14,,False,0.07842217066606379,0.0103244746344123,23,2,26,0.8846153846153846,1.6303109083774055e-13,shoulder,0,0,3.3910466894250035e-06,True
qp,,P2_dev_run1,shoulder,9,4.511472119530651e-14,0.0,4.511472119530651e-14,,False,0.07842217066606379,0.0103244746344123,23,2,26,0.8846153846153846,1.6303109083774055e-13,shoulder,0,0,3.3910466894250035e-06,True
qp,,P2_dev_run1,shoulder,10,0.06717307686146072,0.1,0.032826923138539285,0.3282692313853928,False,0.07842217066606379,0.0103244746344123,23,2,26,0.8846153846153846,1.6303109083774055e-13,shoulder,0,0,3.3910466894250035e-06,True
qp,,P2_dev_run1,shoulder,11,0.01831492539074587,0.0,0.01831492539074587,,False,0.07842217066606379,0.0103244746344123,23,2,26,0.8846153846153846,1.6303109083774055e-13,shoulder,0,0,3.3910466894250035e-06,True
qp,,P2_dev_run1,shoulder,12,3.6390064823549724e-14,0.0,3.6390064823549724e-14,,False,0.07842217066606379,0.0103244746344123,23,2,26,0.8846153846153846,1.6303109083774055e-13,shoulder,0,0,3.3910466894250035e-06,True
qp,,P2_dev_run1,shoulder,13,3.6488757800263606e-14,0.0,3.6488757800263606e-14,,False,0.07842217066606379,0.0103244746344123,23,2,26,0.8846153846153846,1.6303109083774055e-13,shoulder,0,0,3.3910466894250035e-06,True
qp,,P2_dev_run1,shoulder,14,3.605071425768945e-14,0.0,3.605071425768945e-14,,False,0.07842217066606379,0.0103244746344123,23,2,26,0.8846153846153846,1.6303109083774055e-13,shoulder,0,0,3.3910466894250035e-06,True
qp,,P2_dev_run1,shoulder,15,3.873186534049762e-14,0.0,3.873186534049762e-14,,False,0.07842217066606379,0.0103244746344123,23,2,26,0.8846153846153846,1.6303109083774055e-13,shoulder,0,0,3.3910466894250035e-06,True
qp,,P2_dev_run1,shoulder,16,6.89912020233964e-14,0.0,6.89912020233964e-14,,False,0.07842217066606379,0.0103244746344123,23,2,26,0.8846153846153846,1.6303109083774055e-13,shoulder,0,0,3.3910466894250035e-06,True
qp,,P2_dev_run1,shoulder,17,1.4217244940565116e-13,0.0,1.4217244940565116e-13,,False,0.07842217066606379,0.0103244746344123,23,2,26,0.8846153846153846,1.6303109083774055e-13,shoulder,0,0,3.3910466894250035e-06,True
qp,,P2_dev_run1,shoulder,18,8.81341059072541e-14,0.0,8.81341059072541e-14,,False,0.07842217066606379,0.0103244746344123,23,2,26,0.8846153846153846,1.6303109083774055e-13,shoulder,0,0,3.3910466894250035e-06,True
qp,,P2_dev_run1,shoulder,19,5.59941875559739e-13,0.0,5.59941875559739e-13,,False,0.07842217066606379,0.0103244746344123,23,2,26,0.8846153846153846,1.6303109083774055e-13,shoulder,0,0,3.3910466894250035e-06,True
qp,,P2_dev_run1,shoulder,20,6.550796943298936e-14,0.0,6.550796943298936e-14,,False,0.07842217066606379,0.0103244746344123,23,2,26,0.8846153846153846,1.6303109083774055e-13,shoulder,0,0,3.3910466894250035e-06,True
qp,,P2_dev_run1,shoulder,21,4.053477380934773e-14,0.0,4.053477380934773e-14,,False,0.07842217066606379,0.0103244746344123,23,2,26,0.8846153846153846,1.6303109083774055e-13,shoulder,0,0,3.3910466894250035e-06,True
qp,,P2_dev_run1,shoulder,22,3.883717255524118e-14,0.0,3.883717255524118e-14,,False,0.07842217066606379,0.0103244746344123,23,2,26,0.8846153846153846,1.6303109083774055e-13,shoulder,0,0,3.3910466894250035e-06,True
qp,,P2_dev_run1,shoulder,23,4.0828111679384014e-14,0.0,4.0828111679384014e-14,,False,0.07842217066606379,0.0103244746344123,23,2,26,0.8846153846153846,1.6303109083774055e-13,shoulder,0,0,3.3910466894250035e-06,True
qp,,P3_dev_run0,summer,0,0.172894673658549,0.15,0.022894673658548997,0.15263115772365998,False,0.2704659021321342,0.03560751152792361,25,0,26,0.9615384615384616,5.1629705293033105e-14,summer,17,0,1.0738978700950887e-06,True
qp,,P3_dev_run0,summer,1,1.3879133140154207e-13,0.0,1.3879133140154207e-13,,False,0.2704659021321342,0.03560751152792361,25,0,26,0.9615384615384616,5.1629705293033105e-14,summer,17,0,1.0738978700950887e-06,True
qp,,P3_dev_run0,summer,2,5.960726327315608e-07,0.0,5.960726327315608e-07,,False,0.2704659021321342,0.03560751152792361,25,0,26,0.9615384615384616,5.1629705293033105e-14,summer,17,0,1.0738978700950887e-06,True
qp,,P3_dev_run0,summer,3,5.960726297683408e-07,0.0,5.960726297683408e-07,,False,0.2704659021321342,0.03560751152792361,25,0,26,0.9615384615384616,5.1629705293033105e-14,summer,17,0,1.0738978700950887e-06,True
qp,,P3_dev_run0,summer,4,0.13708307367548064,0.0,0.13708307367548064,,False,0.2704659021321342,0.03560751152792361,25,0,26,0.9615384615384616,5.1629705293033105e-14,summer,17,0,1.0738978700950887e-06,True
qp,,P3_dev_run0,summer,5,0.1362105825421832,0.2,0.0637894174578168,0.318947087289084,False,0.2704659021321342,0.03560751152792361,25,0,26,0.9615384615384616,5.1629705293033105e-14,summer,17,0,1.0738978700950887e-06,True
qp,,P3_dev_run0,summer,6,1.132537923654934e-05,0.0,1.132537923654934e-05,,False,0.2704659021321342,0.03560751152792361,25,0,26,0.9615384615384616,5.1629705293033105e-14,summer,17,0,1.0738978700950887e-06,True
qp,,P3_dev_run0,summer,7,1.1325379240679939e-05,0.0,1.1325379240679939e-05,,False,0.2704659021321342,0.03560751152792361,25,0,26,0.9615384615384616,5.1629705293033105e-14,summer,17,0,1.0738978700950887e-06,True
qp,,P3_dev_run0,summer,8,1.132537925407637e-05,0.0,1.132537925407637e-05,,False,0.2704659021321342,0.03560751152792361,25,0,26,0.9615384615384616,5.1629705293033105e-14,summer,17,0,1.0738978700950887e-06,True
qp,,P3_dev_run0,summer,9,3.492011801565308e-13,0.0,3.492011801565308e-13,,False,0.2704659021321342,0.03560751152792361,25,0,26,0.9615384615384616,5.1629705293033105e-14,summer,17,0,1.0738978700950887e-06,True
qp,,P3_dev_run0,summer,10,2.285966431874626e-13,0.0,2.285966431874626e-13,,False,0.2704659021321342,0.03560751152792361,25,0,26,0.9615384615384616,5.1629705293033105e-14,summer,17,0,1.0738978700950887e-06,True
qp,,P3_dev_run0,summer,11,2.4000585035385325e-13,0.0,2.4000585035385325e-13,,False,0.2704659021321342,0.03560751152792361,25,0,26,0.9615384615384616,5.1629705293033105e-14,summer,17,0,1.0738978700950887e-06,True
qp,,P3_dev_run0,summer,12,2.3364408423578086e-13,0.0,2.3364408423578086e-13,,False,0.2704659021321342,0.03560751152792361,25,0,26,0.9615384615384616,5.1629705293033105e-14,summer,17,0,1.0738978700950887e-06,True
qp,,P3_dev_run0,summer,13,2.147164534618358e-13,0.0,2.147164534618358e-13,,False,0.2704659021321342,0.03560751152792361,25,0,26,0.9615384615384616,5.1629705293033105e-14,summer,17,0,1.0738978700950887e-06,True
qp,,P3_dev_run0,summer,14,2.5834336377623044e-13,0.0,2.5834336377623044e-13,,False,0.2704659021321342,0.03560751152792361,25,0,26,0.9615384615384616,5.1629705293033105e-14,summer,17,0,1.0738978700950887e-06,True
qp,,P3_dev_run0,summer,15,0.10007324327779453,0.0,0.10007324327779453,,False,0.2704659021321342,0.03560751152792361,25,0,26,0.9615384615384616,5.1629705293033105e-14,summer,17,0,1.0738978700950887e-06,True
qp,,P3_dev_run0,summer,16,0.1679163206808919,0.2,0.032083679319108105,0.16041839659554052,False,0.2704659021321342,0.03560751152792361,25,0,26,0.9615384615384616,5.1629705293033105e-14,summer,17,0,1.0738978700950887e-06,True
qp,,P3_dev_run0,summer,17,8.22502462434278e-13,0.0,8.22502462434278e-13,,False,0.2704659021321342,0.03560751152792361,25,0,26,0.9615384615384616,5.1629705293033105e-14,summer,17,0,1.0738978700950887e-06,True
qp,,P3_dev_run0,summer,18,3.318101935526589e-13,0.0,3.318101935526589e-13,,False,0.2704659021321342,0.03560751152792361,25,0,26,0.9615384615384616,5.1629705293033105e-14,summer,17,0,1.0738978700950887e-06,True
qp,,P3_dev_run0,summer,19,3.1892932929270256e-13,0.0,3.1892932929270256e-13,,False,0.2704659021321342,0.03560751152792361,25,0,26,0.9615384615384616,5.1629705293033105e-14,summer,17,0,1.0738978700950887e-06,True
qp,,P3_dev_run0,summer,20,3.0445093007409567e-13,0.0,3.0445093007409567e-13,,False,0.2704659021321342,0.03560751152792361,25,0,26,0.9615384615384616,5.1629705293033105e-14,summer,17,0,1.0738978700950887e-06,True
qp,,P3_dev_run0,summer,21,2.641980050917858e-13,0.0,2.641980050917858e-13,,False,0.2704659021321342,0.03560751152792361,25,0,26,0.9615384615384616,5.1629705293033105e-14,summer,17,0,1.0738978700950887e-06,True
qp,,P3_dev_run0,summer,22,3.049491913744482e-13,0.0,3.049491913744482e-13,,False,0.2704659021321342,0.03560751152792361,25,0,26,0.9615384615384616,5.1629705293033105e-14,summer,17,0,1.0738978700950887e-06,True
qp,,P3_dev_run0,summer,23,0.10575925493907698,0.0,0.10575925493907698,,False,0.2704659021321342,0.03560751152792361,25,0,26,0.9615384615384616,5.1629705293033105e-14,summer,17,0,1.0738978700950887e-06,True
qp,,P3_dev_run0,winter,0,0.1728946736585648,0.15,0.022894673658564818,0.15263115772376545,False,0.2704659021321342,0.03560751152792361,25,0,26,0.9615384615384616,5.1629705293033105e-14,summer,17,0,1.0738978700950887e-06,True
qp,,P3_dev_run0,winter,1,1.8450698985961728e-14,0.0,1.8450698985961728e-14,,False,0.2704659021321342,0.03560751152792361,25,0,26,0.9615384615384616,5.1629705293033105e-14,summer,17,0,1.0738978700950887e-06,True
qp,,P3_dev_run0,winter,2,5.960725918542205e-07,0.0,5.960725918542205e-07,,False,0.2704659021321342,0.03560751152792361,25,0,26,0.9615384615384616,5.1629705293033105e-14,summer,17,0,1.0738978700950887e-06,True
qp,,P3_dev_run0,winter,3,0.07645212443489185,0.0,0.07645212443489185,,False,0.2704659021321342,0.03560751152792361,25,0,26,0.9615384615384616,5.1629705293033105e-14,summer,17,0,1.0738978700950887e-06,True
qp,,P3_dev_run0,winter,4,0.1982393676264439,0.2,0.0017606323735561147,0.008803161867780573,False,0.2704659021321342,0.03560751152792361,25,0,26,0.9615384615384616,5.1629705293033105e-14,summer,17,0,1.0738978700950887e-06,True
qp,,P3_dev_run0,winter,5,1.1325379264309005e-05,0.0,1.1325379264309005e-05,,False,0.2704659021321342,0.03560751152792361,25,0,26,0.9615384615384616,5.1629705293033105e-14,summer,17,0,1.0738978700950887e-06,True
qp,,P3_dev_run0,winter,6,1.1325379253831125e-05,0.0,1.1325379253831125e-05,,False,0.2704659021321342,0.03560751152792361,25,0,26,0.9615384615384616,5.1629705293033105e-14,summer,17,0,1.0738978700950887e-06,True
qp,,P3_dev_run0,winter,7,1.1325379254790524e-05,0.0,1.1325379254790524e-05,,False,0.2704659021321342,0.03560751152792361,25,0,26,0.9615384615384616,5.1629705293033105e-14,summer,17,0,1.0738978700950887e-06,True
qp,,P3_dev_run0,winter,8,1.1325379259712297e-05,0.0,1.1325379259712297e-05,,False,0.2704659021321342,0.03560751152792361,25,0,26,0.9615384615384616,5.1629705293033105e-14,summer,17,0,1.0738978700950887e-06,True
qp,,P3_dev_run0,winter,9,2.704472696160171e-14,0.0,2.704472696160171e-14,,False,0.2704659021321342,0.03560751152792361,25,0,26,0.9615384615384616,5.1629705293033105e-14,summer,17,0,1.0738978700950887e-06,True
qp,,P3_dev_run0,winter,10,0.34577969087081784,0.3,0.045779690870817846,0.15259896956939284,False,0.2704659021321342,0.03560751152792361,25,0,26,0.9615384615384616,5.1629705293033105e-14,summer,17,0,1.0738978700950887e-06,True
qp,,P3_dev_run0,winter,11,2.532740879567402e-14,0.0,2.532740879567402e-14,,False,0.2704659021321342,0.03560751152792361,25,0,26,0.9615384615384616,5.1629705293033105e-14,summer,17,0,1.0738978700950887e-06,True
qp,,P3_dev_run0,winter,12,2.3431130940600783e-14,0.0,2.3431130940600783e-14,,False,0.2704659021321342,0.03560751152792361,25,0,26,0.9615384615384616,5.1629705293033105e-14,summer,17,0,1.0738978700950887e-06,True
qp,,P3_dev_run0,winter,13,4.769046890801154e-06,0.0,4.769046890801154e-06,,False,0.2704659021321342,0.03560751152792361,25,0,26,0.9615384615384616,5.1629705293033105e-14,summer,17,0,1.0738978700950887e-06,True
qp,,P3_dev_run0,winter,14,2.255006852255337e-14,0.0,2.255006852255337e-14,,False,0.2704659021321342,0.03560751152792361,25,0,26,0.9615384615384616,5.1629705293033105e-14,summer,17,0,1.0738978700950887e-06,True
qp,,P3_dev_run0,winter,15,2.3479367977801503e-14,0.0,2.3479367977801503e-14,,False,0.2704659021321342,0.03560751152792361,25,0,26,0.9615384615384616,5.1629705293033105e-14,summer,17,0,1.0738978700950887e-06,True
qp,,P3_dev_run0,winter,16,2.43617616271581e-14,0.0,2.43617616271581e-14,,False,0.2704659021321342,0.03560751152792361,25,0,26,0.9615384615384616,5.1629705293033105e-14,summer,17,0,1.0738978700950887e-06,True
qp,,P3_dev_run0,winter,17,2.6310345753270327e-14,0.0,2.6310345753270327e-14,,False,0.2704659021321342,0.03560751152792361,25,0,26,0.9615384615384616,5.1629705293033105e-14,summer,17,0,1.0738978700950887e-06,True
qp,,P3_dev_run0,winter,18,2.675634224444687e-14,0.0,2.675634224444687e-14,,False,0.2704659021321342,0.03560751152792361,25,0,26,0.9615384615384616,5.1629705293033105e-14,summer,17,0,1.0738978700950887e-06,True
qp,,P3_dev_run0,winter,19,2.6018118561580947e-14,0.0,2.6018118561580947e-14,,False,0.2704659021321342,0.03560751152792361,25,0,26,0.9615384615384616,5.1629705293033105e-14,summer,17,0,1.0738978700950887e-06,True
qp,,P3_dev_run0,winter,20,2.620274628273208e-14,0.0,2.620274628273208e-14,,False,0.2704659021321342,0.03560751152792361,25,0,26,0.9615384615384616,5.1629705293033105e-14,summer,17,0,1.0738978700950887e-06,True
qp,,P3_dev_run0,winter,21,5.960725927960587e-07,0.0,5.960725927960587e-07,,False,0.2704659021321342,0.03560751152792361,25,0,26,0.9615384615384616,5.1629705293033105e-14,summer,17,0,1.0738978700950887e-06,True
qp,,P3_dev_run0,winter,22,5.960725904368422e-07,0.0,5.960725904368422e-07,,False,0.2704659021321342,0.03560751152792361,25,0,26,0.9615384615384616,5.1629705293033105e-14,summer,17,0,1.0738978700950887e-06,True
qp,,P3_dev_run0,winter,23,0.19210558184258428,0.15,0.04210558184258428,0.2807038789505619,False,0.2704659021321342,0.03560751152792361,25,0,26,0.9615384615384616,5.1629705293033105e-14,summer,17,0,1.0738978700950887e-06,True
qp,,P3_dev_run0,shoulder,0,0.17289467365855613,0.1,0.07289467365855612,0.7289467365855612,False,0.2704659021321342,0.03560751152792361,25,0,26,0.9615384615384616,5.1629705293033105e-14,summer,17,0,1.0738978700950887e-06,True
qp,,P3_dev_run0,shoulder,1,1.2661523220804977e-14,0.0,1.2661523220804977e-14,,False,0.2704659021321342,0.03560751152792361,25,0,26,0.9615384615384616,5.1629705293033105e-14,summer,17,0,1.0738978700950887e-06,True
qp,,P3_dev_run0,shoulder,2,5.960725733958365e-07,0.0,5.960725733958365e-07,,False,0.2704659021321342,0.03560751152792361,25,0,26,0.9615384615384616,5.1629705293033105e-14,summer,17,0,1.0738978700950887e-06,True
qp,,P3_dev_run0,shoulder,3,5.960725577327186e-07,0.0,5.960725577327186e-07,,False,0.2704659021321342,0.03560751152792361,25,0,26,0.9615384615384616,5.1629705293033105e-14,summer,17,0,1.0738978700950887e-06,True
qp,,P3_dev_run0,shoulder,4,0.10294891131545353,0.2,0.09705108868454648,0.4852554434227324,False,0.2704659021321342,0.03560751152792361,25,0,26,0.9615384615384616,5.1629705293033105e-14,summer,17,0,1.0738978700950887e-06,True
qp,,P3_dev_run0,shoulder,5,1.1325379251453027e-05,0.0,1.1325379251453027e-05,,False,0.2704659021321342,0.03560751152792361,25,0,26,0.9615384615384616,5.1629705293033105e-14,summer,17,0,1.0738978700950887e-06,True
qp,,P3_dev_run0,shoulder,6,1.132537925004958e-05,0.0,1.132537925004958e-05,,False,0.2704659021321342,0.03560751152792361,25,0,26,0.9615384615384616,5.1629705293033105e-14,summer,17,0,1.0738978700950887e-06,True
qp,,P3_dev_run0,shoulder,7,1.1325379252563328e-05,0.0,1.1325379252563328e-05,,False,0.2704659021321342,0.03560751152792361,25,0,26,0.9615384615384616,5.1629705293033105e-14,summer,17,0,1.0738978700950887e-06,True
qp,,P3_dev_run0,shoulder,8,4.468899305873128e-14,0.0,4.468899305873128e-14,,False,0.2704659021321342,0.03560751152792361,25,0,26,0.9615384615384616,5.1629705293033105e-14,summer,17,0,1.0738978700950887e-06,True
qp,,P3_dev_run0,shoulder,9,1.7659881724992533e-14,0.0,1.7659881724992533e-14,,False,0.2704659021321342,0.03560751152792361,25,0,26,0.9615384615384616,5.1629705293033105e-14,summer,17,0,1.0738978700950887e-06,True
qp,,P3_dev_run0,shoulder,10,0.16738099212333377,0.15,0.01738099212333377,0.11587328082222514,False,0.2704659021321342,0.03560751152792361,25,0,26,0.9615384615384616,5.1629705293033105e-14,summer,17,0,1.0738978700950887e-06,True
qp,,P3_dev_run0,shoulder,11,0.005419096209780084,0.0,0.005419096209780084,,False,0.2704659021321342,0.03560751152792361,25,0,26,0.9615384615384616,5.1629705293033105e-14,summer,17,0,1.0738978700950887e-06,True
qp,,P3_dev_run0,shoulder,12,1.3899693837318604e-14,0.0,1.3899693837318604e-14,,False,0.2704659021321342,0.03560751152792361,25,0,26,0.9615384615384616,5.1629705293033105e-14,summer,17,0,1.0738978700950887e-06,True
qp,,P3_dev_run0,shoulder,13,1.5259630860670737e-14,0.0,1.5259630860670737e-14,,False,0.2704659021321342,0.03560751152792361,25,0,26,0.9615384615384616,5.1629705293033105e-14,summer,17,0,1.0738978700950887e-06,True
qp,,P3_dev_run0,shoulder,14,1.4046985201169921e-14,0.0,1.4046985201169921e-14,,False,0.2704659021321342,0.03560751152792361,25,0,26,0.9615384615384616,5.1629705293033105e-14,summer,17,0,1.0738978700950887e-06,True
qp,,P3_dev_run0,shoulder,15,1.5044619837800138e-14,0.0,1.5044619837800138e-14,,False,0.2704659021321342,0.03560751152792361,25,0,26,0.9615384615384616,5.1629705293033105e-14,summer,17,0,1.0738978700950887e-06,True
qp,,P3_dev_run0,shoulder,16,2.335517213764087e-14,0.0,2.335517213764087e-14,,False,0.2704659021321342,0.03560751152792361,25,0,26,0.9615384615384616,5.1629705293033105e-14,summer,17,0,1.0738978700950887e-06,True
qp,,P3_dev_run0,shoulder,17,3.4723757798853635e-14,0.0,3.4723757798853635e-14,,False,0.2704659021321342,0.03560751152792361,25,0,26,0.9615384615384616,5.1629705293033105e-14,summer,17,0,1.0738978700950887e-06,True
qp,,P3_dev_run0,shoulder,18,2.9347354913844126e-14,0.0,2.9347354913844126e-14,,False,0.2704659021321342,0.03560751152792361,25,0,26,0.9615384615384616,5.1629705293033105e-14,summer,17,0,1.0738978700950887e-06,True
qp,,P3_dev_run0,shoulder,19,5.922737222834057e-14,0.0,5.922737222834057e-14,,False,0.2704659021321342,0.03560751152792361,25,0,26,0.9615384615384616,5.1629705293033105e-14,summer,17,0,1.0738978700950887e-06,True
qp,,P3_dev_run0,shoulder,20,2.6013113540187262e-14,0.0,2.6013113540187262e-14,,False,0.2704659021321342,0.03560751152792361,25,0,26,0.9615384615384616,5.1629705293033105e-14,summer,17,0,1.0738978700950887e-06,True
qp,,P3_dev_run0,shoulder,21,1.6677937678364597e-14,0.0,1.6677937678364597e-14,,False,0.2704659021321342,0.03560751152792361,25,0,26,0.9615384615384616,5.1629705293033105e-14,summer,17,0,1.0738978700950887e-06,True
qp,,P3_dev_run0,shoulder,22,1.55599354449192e-14,0.0,1.55599354449192e-14,,False,0.2704659021321342,0.03560751152792361,25,0,26,0.9615384615384616,5.1629705293033105e-14,summer,17,0,1.0738978700950887e-06,True
qp,,P3_dev_run0,shoulder,23,1.8682626235930768e-14,0.0,1.8682626235930768e-14,,False,0.2704659021321342,0.03560751152792361,25,0,26,0.9615384615384616,5.1629705293033105e-14,summer,17,0,1.0738978700950887e-06,True
