point_id,M,scenario,t,m,boundary_lo,boundary_hi,delta_m,slope
P1_old_full_opt,1,summer,0,0,0.0,0.5,0.5,0.010260080921187742
P1_old_full_opt,1,summer,1,0,0.0,0.5,0.5,0.008553849854605139
P1_old_full_opt,1,summer,2,0,0.0,0.5,0.5,0.007832462425572562
P1_old_full_opt,1,summer,3,0,0.0,0.5,0.5,0.007394444257553562
P1_old_full_opt,1,summer,4,0,0.0,0.5,0.5,0.007133248018636129
P1_old_full_opt,1,summer,5,0,0.0,0.5,0.5,0.0071144297970601456
P1_old_full_opt,1,summer,6,0,0.0,0.5,0.5,0.007389050666888386
P1_old_full_opt,1,summer,7,0,0.0,0.5,0.5,0.00827546367015003
P1_old_full_opt,1,summer,8,0,0.0,0.5,0.5,0.00969866104306269
P1_old_full_opt,1,summer,9,0,0.0,0.5,0.5,0.011574914655661905
P1_old_full_opt,1,summer,10,0,0.0,0.5,0.5,0.012642937936047649
P1_old_full_opt,1,summer,11,0,0.0,0.5,0.5,0.012981713001013029
P1_old_full_opt,1,summer,12,0,0.0,0.5,0.5,0.012840876969274384
P1_old_full_opt,1,summer,13,0,0.0,0.5,0.5,0.012288337260249249
P1_old_full_opt,1,summer,14,0,0.0,0.5,0.5,0.013189064752784141
P1_old_full_opt,1,summer,15,0,0.0,0.5,0.5,0.013654495428408242
P1_old_full_opt,1,summer,16,0,0.0,0.5,0.5,0.013909931017253019
P1_old_full_opt,1,summer,17,0,0.0,0.5,0.5,0.014361643024717985
P1_old_full_opt,1,summer,18,0,0.0,0.5,0.5,0.014317828398044963
P1_old_full_opt,1,summer,19,0,0.0,0.5,0.5,0.014169020083403983
P1_old_full_opt,1,summer,20,0,0.0,0.5,0.5,0.013985541746807661
P1_old_full_opt,1,summer,21,0,0.0,0.5,0.5,0.013304471039154386
P1_old_full_opt,1,summer,22,0,0.0,0.5,0.5,0.0121799552857641
P1_old_full_opt,1,summer,23,0,0.0,0.5,0.5,0.011176685501030736
P1_old_full_opt,1,winter,0,0,0.0,0.5,0.5,0.011190776067164732
P1_old_full_opt,1,winter,1,0,0.0,0.5,0.5,0.009737454039745047
P1_old_full_opt,1,winter,2,0,0.0,0.5,0.5,0.009030838094053889
P1_old_full_opt,1,winter,3,0,0.0,0.5,0.5,0.008627691849671881
P1_old_full_opt,1,winter,4,0,0.0,0.5,0.5,0.008463684763274554
P1_old_full_opt,1,winter,5,0,0.0,0.5,0.5,0.008614012611244615
P1_old_full_opt,1,winter,6,0,0.0,0.5,0.5,0.009146370745574117
P1_old_full_opt,1,winter,7,0,0.0,0.5,0.5,0.010285179566191488
P1_old_full_opt,1,winter,8,0,0.0,0.5,0.5,0.012094485047875914
P1_old_full_opt,1,winter,9,0,0.0,0.5,0.5,0.014268197922683523
P1_old_full_opt,1,winter,10,0,0.0,0.5,0.5,0.014423019807208615
P1_old_full_opt,1,winter,11,0,0.0,0.5,0.5,0.013837289160212596
P1_old_full_opt,1,winter,12,0,0.0,0.5,0.5,0.012950077150813477
P1_old_full_opt,1,winter,13,0,0.0,0.5,0.5,0.011648545659167509
P1_old_full_opt,1,winter,14,0,0.0,0.5,0.5,0.012408283747615878
P1_old_full_opt,1,winter,15,0,0.0,0.5,0.5,0.012812162563206164
P1_old_full_opt,1,winter,16,0,0.0,0.5,0.5,0.013238093994371813
P1_old_full_opt,1,winter,17,0,0.0,0.5,0.5,0.013872149820991053
P1_old_full_opt,1,winter,18,0,0.0,0.5,0.5,0.013860528077045964
P1_old_full_opt,1,winter,19,0,0.0,0.5,0.5,0.01351837092452074
P1_old_full_opt,1,winter,20,0,0.0,0.5,0.5,0.01296733166161379
P1_old_full_opt,1,winter,21,0,0.0,0.5,0.5,0.012217018267570046
P1_old_full_opt,1,winter,22,0,0.0,0.5,0.5,0.011447622796248946
P1_old_full_opt,1,winter,23,0,0.0,0.5,0.5,0.011196412930816912
P1_old_full_opt,1,shoulder,0,0,0.0,0.5,0.5,0.008745423370528999
P1_old_full_opt,1,shoulder,1,0,0.0,0.5,0.5,0.007281250546914392
P1_old_full_opt,1,shoulder,2,0,0.0,0.5,0.5,0.006680083119518232
P1_old_full_opt,1,shoulder,3,0,0.0,0.5,0.5,0.006359773193997775
P1_old_full_opt,1,shoulder,4,0,0.0,0.5,0.5,0.006224007704235451
P1_old_full_opt,1,shoulder,5,0,0.0,0.5,0.5,0.0063411258059789255
P1_old_full_opt,1,shoulder,6,0,0.0,0.5,0.5,0.006787122726466699
P1_old_full_opt,1,shoulder,7,0,0.0,0.5,0.5,0.007661854615230196
P1_old_full_opt,1,shoulder,8,0,0.0,0.5,0.5,0.00877556668131016
P1_old_full_opt,1,shoulder,9,0,0.0,0.5,0.5,0.0098234148320972
P1_old_full_opt,1,shoulder,10,0,0.0,0.5,0.5,0.0098594883571341
P1_old_full_opt,1,shoulder,11,0,0.0,0.5,0.5,0.009543663041100547
P1_old_full_opt,1,shoulder,12,0,0.0,0.5,0.5,0.008975877016240724
P1_old_full_opt,1,shoulder,13,0,0.0,0.5,0.5,0.008177425312496517
P1_old_full_opt,1,shoulder,14,0,0.0,0.5,0.5,0.009025340405961785
P1_old_full_opt,1,shoulder,15,0,0.0,0.5,0.5,0.009529837455088286
P1_old_full_opt,1,shoulder,16,0,0.0,0.5,0.5,0.010009493459060909
P1_old_full_opt,1,shoulder,17,0,0.0,0.5,0.5,0.010670937254323914
P1_old_full_opt,1,shoulder,18,0,0.0,0.5,0.5,0.010864460261158754
P1_old_full_opt,1,shoulder,19,0,0.0,0.5,0.5,0.011007776139965453
P1_old_full_opt,1,shoulder,20,0,0.0,0.5,0.5,0.01085322977265335
P1_old_full_opt,1,shoulder,21,0,0.0,0.5,0.5,0.010265657769944814
P1_old_full_opt,1,shoulder,22,0,0.0,0.5,0.5,0.009612824204225157
P1_old_full_opt,1,shoulder,23,0,0.0,0.5,0.5,0.009182162297128899
P1_old_full_opt,2,summer,0,0,0.0,0.025,0.025,0.01899022103852621
P1_old_full_opt,2,summer,0,1,0.025,0.5,0.475,0.009800599862380455
P1_old_full_opt,2,summer,1,0,0.0,0.025,0.025,0.017194485004051185
P1_old_full_opt,2,summer,1,1,0.025,0.5,0.475,0.008099079583581663
P1_old_full_opt,2,summer,2,0,0.0,0.025,0.025,0.016435301447420003
P1_old_full_opt,2,summer,2,1,0.025,0.5,0.475,0.0073796814244226966
P1_old_full_opt,2,summer,3,0,0.0,0.025,0.025,0.015974347181343385
P1_old_full_opt,2,summer,3,1,0.025,0.5,0.475,0.006942870419459361
P1_old_full_opt,2,summer,4,0,0.0,0.025,0.025,0.01569947858095222
P1_old_full_opt,2,summer,4,1,0.025,0.5,0.475,0.00668239377851423
P1_old_full_opt,2,summer,5,0,0.0,0.025,0.025,0.015679675456913844
P1_old_full_opt,2,summer,5,1,0.025,0.5,0.475,0.006663627393909952
P1_old_full_opt,2,summer,6,0,0.0,0.025,0.025,0.015968671226348485
P1_old_full_opt,2,summer,6,1,0.025,0.5,0.475,0.006937491690074697
P1_old_full_opt,2,summer,7,0,0.0,0.025,0.025,0.01690150991571493
P1_old_full_opt,2,summer,7,1,0.025,0.5,0.475,0.00782146123617293
P1_old_full_opt,2,summer,8,0,0.0,0.025,0.025,0.018399333304052745
P1_old_full_opt,2,summer,8,1,0.025,0.5,0.475,0.009240730924063214
P1_old_full_opt,2,summer,9,0,0.0,0.025,0.025,0.020374133932653526
P1_old_full_opt,2,summer,9,1,0.025,0.5,0.475,0.011111797851609715
P1_old_full_opt,2,summer,10,0,0.0,0.025,0.025,0.02149833811083024
P1_old_full_opt,2,summer,10,1,0.025,0.5,0.475,0.012176864242638039
P1_old_full_opt,2,summer,11,0,0.0,0.025,0.025,0.02185494662103382
P1_old_full_opt,2,summer,11,1,0.025,0.5,0.475,0.012514700705222462
P1_old_full_opt,2,summer,12,0,0.0,0.025,0.025,0.021706696086724042
P1_old_full_opt,2,summer,12,1,0.025,0.5,0.475,0.012374254910461244
P1_old_full_opt,2,summer,13,0,0.0,0.025,0.025,0.021125077611847676
P1_old_full_opt,2,summer,13,1,0.025,0.5,0.475,0.0118232456627967
P1_old_full_opt,2,summer,14,0,0.0,0.025,0.025,0.02207321667637485
P1_old_full_opt,2,summer,14,1,0.025,0.5,0.475,0.012721477809437262
P1_old_full_opt,2,summer,15,0,0.0,0.025,0.025,0.022563163618318782
P1_old_full_opt,2,summer,15,1,0.025,0.5,0.475,0.013185618155255057
P1_old_full_opt,2,summer,16,0,0.0,0.025,0.025,0.022832059178052866
P1_old_full_opt,2,summer,16,1,0.025,0.5,0.475,0.013440345324579344
P1_old_full_opt,2,summer,17,0,0.0,0.025,0.025,0.02330758258922483
P1_old_full_opt,2,summer,17,1,0.025,0.5,0.475,0.013890804100270257
P1_old_full_opt,2,summer,18,0,0.0,0.025,0.025,0.0232614578412349
P1_old_full_opt,2,summer,18,1,0.025,0.5,0.475,0.013847111058929704
P1_old_full_opt,2,summer,19,0,0.0,0.025,0.025,0.023104804402304113
P1_old_full_opt,2,summer,19,1,0.025,0.5,0.475,0.013698715645567135
P1_old_full_opt,2,summer,20,0,0.0,0.025,0.025,0.02291165484261448
P1_old_full_opt,2,summer,20,1,0.025,0.5,0.475,0.013515746320712566
P1_old_full_opt,2,summer,21,0,0.0,0.025,0.025,0.022194700809453627
P1_old_full_opt,2,summer,21,1,0.025,0.5,0.475,0.012836564209138637
P1_old_full_opt,2,summer,22,0,0.0,0.025,0.025,0.02101099371533577
P1_old_full_opt,2,summer,22,1,0.025,0.5,0.475,0.011715163789470854
P1_old_full_opt,2,summer,23,0,0.0,0.025,0.025,0.019954972666426096
P1_old_full_opt,2,summer,23,1,0.025,0.5,0.475,0.01071467038706256
P1_old_full_opt,2,winter,0,0,0.0,0.025,0.025,0.01996980372948709
P1_old_full_opt,2,winter,0,1,0.025,0.5,0.475,0.010728721979674082
P1_old_full_opt,2,winter,1,0,0.0,0.025,0.025,0.0184401619277208
P1_old_full_opt,2,winter,1,1,0.025,0.5,0.475,0.009279416782483165
P1_old_full_opt,2,winter,2,0,0.0,0.025,0.025,0.01769647942403918
P1_old_full_opt,2,winter,2,1,0.025,0.5,0.475,0.00857475170826519
P1_old_full_opt,2,winter,3,0,0.0,0.025,0.025,0.017272197392474986
P1_old_full_opt,2,winter,3,1,0.025,0.5,0.475,0.008172717873734876
P1_old_full_opt,2,winter,4,0,0.0,0.025,0.025,0.01709959433943531
P1_old_full_opt,2,winter,4,1,0.025,0.5,0.475,0.008009163206634515
P1_old_full_opt,2,winter,5,0,0.0,0.025,0.025,0.017257801138858553
P1_old_full_opt,2,winter,5,1,0.025,0.5,0.475,0.008159076372949145
P1_old_full_opt,2,winter,6,0,0.0,0.025,0.025,0.01781807069883623
P1_old_full_opt,2,winter,6,1,0.025,0.5,0.475,0.008689965484876112
P1_old_full_opt,2,winter,7,0,0.0,0.025,0.025,0.019016637452042295
P1_old_full_opt,2,winter,7,1,0.025,0.5,0.475,0.009825629151146709
P1_old_full_opt,2,winter,8,0,0.0,0.025,0.025,0.02092102738966095
P1_old_full_opt,2,winter,8,1,0.025,0.5,0.475,0.011629930187781965
P1_old_full_opt,2,winter,9,0,0.0,0.025,0.025,0.023209210722382467
P1_old_full_opt,2,winter,9,1,0.025,0.5,0.475,0.013797618301646736
P1_old_full_opt,2,winter,10,0,0.0,0.025,0.025,0.023372195641674365
P1_old_full_opt,2,winter,10,1,0.025,0.5,0.475,0.01395201055276305
P1_old_full_opt,2,winter,11,0,0.0,0.025,0.025,0.022755589152098077
P1_old_full_opt,2,winter,11,1,0.025,0.5,0.475,0.013367904950113361
P1_old_full_opt,2,winter,12,0,0.0,0.025,0.025,0.02182164516918661
P1_old_full_opt,2,winter,12,1,0.025,0.5,0.475,0.012483152518267523
P1_old_full_opt,2,winter,13,0,0.0,0.025,0.025,0.02045163613683565
P1_old_full_opt,2,winter,13,1,0.025,0.5,0.475,0.011185225107711291
P1_old_full_opt,2,winter,14,0,0.0,0.025,0.025,0.021251335165773932
P1_old_full_opt,2,winter,14,1,0.025,0.5,0.475,0.011942859988765455
P1_old_full_opt,2,winter,15,0,0.0,0.025,0.025,0.02167647010134166
P1_old_full_opt,2,winter,15,1,0.025,0.5,0.475,0.012345620061199034
P1_old_full_opt,2,winter,16,0,0.0,0.025,0.025,0.022124827940949165
P1_old_full_opt,2,winter,16,1,0.025,0.5,0.475,0.012770371155078269
P1_old_full_opt,2,winter,17,0,0.0,0.025,0.025,0.022792286900528147
P1_old_full_opt,2,winter,17,1,0.025,0.5,0.475,0.013402668922068048
P1_old_full_opt,2,winter,18,0,0.0,0.025,0.025,0.022780052709380216
P1_old_full_opt,2,winter,18,1,0.025,0.5,0.475,0.013391079412186266
P1_old_full_opt,2,winter,19,0,0.0,0.025,0.025,0.022419867608277633
P1_old_full_opt,2,winter,19,1,0.025,0.5,0.475,0.013049871099059852
P1_old_full_opt,2,winter,20,0,0.0,0.025,0.025,0.02183980811188757
P1_old_full_opt,2,winter,20,1,0.025,0.5,0.475,0.01250035921686254
P1_old_full_opt,2,winter,21,0,0.0,0.025,0.025,0.021050006487913775
P1_old_full_opt,2,winter,21,1,0.025,0.5,0.475,0.01175212415070985
P1_old_full_opt,2,winter,22,0,0.0,0.025,0.025,0.02024015030069104
P1_old_full_opt,2,winter,22,1,0.025,0.5,0.475,0.010984858190751994
P1_old_full_opt,2,winter,23,0,0.0,0.025,0.025,0.01997573682317899
P1_old_full_opt,2,winter,23,1,0.025,0.5,0.475,0.01073434325227154
P1_old_full_opt,2,shoulder,0,0,0.0,0.025,0.025,0.017396100348568977
P1_old_full_opt,2,shoulder,0,1,0.025,0.5,0.475,0.008290124582211105
P1_old_full_opt,2,shoulder,1,0,0.0,0.025,0.025,0.015855227893731838
P1_old_full_opt,2,shoulder,1,1,0.025,0.5,0.475,0.006829988581292421
P1_old_full_opt,2,shoulder,2,0,0.0,0.025,0.025,0.01522260108493212
P1_old_full_opt,2,shoulder,2,1,0.025,0.5,0.475,0.0062304769108122385
P1_old_full_opt,2,shoulder,3,0,0.0,0.025,0.025,0.014885536819824186
P1_old_full_opt,2,shoulder,3,1,0.025,0.5,0.475,0.005911048792638491
P1_old_full_opt,2,shoulder,4,0,0.0,0.025,0.025,0.014742671487339987
P1_old_full_opt,2,shoulder,4,1,0.025,0.5,0.475,0.005775656978808897
P1_old_full_opt,2,shoulder,5,0,0.0,0.025,0.025,0.014865914211103504
P1_old_full_opt,2,shoulder,5,1,0.025,0.5,0.475,0.005892452732025001
P1_old_full_opt,2,shoulder,6,0,0.0,0.025,0.025,0.015335240757493596
P1_old_full_opt,2,shoulder,6,1,0.025,0.5,0.475,0.006337221777465284
P1_old_full_opt,2,shoulder,7,0,0.0,0.025,0.025,0.016255758849600954
P1_old_full_opt,2,shoulder,7,1,0.025,0.5,0.475,0.007209543866052788
P1_old_full_opt,2,shoulder,8,0,0.0,0.025,0.025,0.017427823875910686
P1_old_full_opt,2,shoulder,8,1,0.025,0.5,0.475,0.008320184723699607
P1_old_full_opt,2,shoulder,9,0,0.0,0.025,0.025,0.018530633728369716
P1_old_full_opt,2,shoulder,9,1,0.025,0.5,0.475,0.009365140153346014
P1_old_full_opt,2,shoulder,10,0,0.0,0.025,0.025,0.018568600417778747
P1_old_full_opt,2,shoulder,10,1,0.025,0.5,0.475,0.009401114038152802
P1_old_full_opt,2,shoulder,11,0,0.0,0.025,0.025,0.01823620270688553
P1_old_full_opt,2,shoulder,11,1,0.025,0.5,0.475,0.009086160953427654
P1_old_full_opt,2,shoulder,12,0,0.0,0.025,0.025,0.0176386363882558
P1_old_full_opt,2,shoulder,12,1,0.025,0.5,0.475,0.008519942312450457
P1_old_full_opt,2,shoulder,13,0,0.0,0.025,0.025,0.016798334796433445
P1_old_full_opt,2,shoulder,13,1,0.025,0.5,0.475,0.007723693234394573
P1_old_full_opt,2,shoulder,14,0,0.0,0.025,0.025,0.017690693447449668
P1_old_full_opt,2,shoulder,14,1,0.025,0.5,0.475,0.008569269193251896
P1_old_full_opt,2,shoulder,15,0,0.0,0.025,0.025,0.018221651770353176
P1_old_full_opt,2,shoulder,15,1,0.025,0.5,0.475,0.009072373543758555
P1_old_full_opt,2,shoulder,16,0,0.0,0.025,0.025,0.018726478637791644
P1_old_full_opt,2,shoulder,16,1,0.025,0.5,0.475,0.009550704765443502
P1_old_full_opt,2,shoulder,17,0,0.0,0.025,0.025,0.019422653095408915
P1_old_full_opt,2,shoulder,17,1,0.025,0.5,0.475,0.010210320631108915
P1_old_full_opt,2,shoulder,18,0,0.0,0.025,0.025,0.019626341912035716
P1_old_full_opt,2,shoulder,18,1,0.025,0.5,0.475,0.010403308595323124
P1_old_full_opt,2,shoulder,19,0,0.0,0.025,0.025,0.019777187505429783
P1_old_full_opt,2,shoulder,19,1,0.025,0.5,0.475,0.010546228173362067
P1_old_full_opt,2,shoulder,20,0,0.0,0.025,0.025,0.019614521431287057
P1_old_full_opt,2,shoulder,20,1,0.025,0.5,0.475,0.01039210915904105
P1_old_full_opt,2,shoulder,21,0,0.0,0.025,0.025,0.018996090687400935
P1_old_full_opt,2,shoulder,21,1,0.025,0.5,0.475,0.009806161300605019
P1_old_full_opt,2,shoulder,22,0,0.0,0.025,0.025,0.01830899253219609
P1_old_full_opt,2,shoulder,22,1,0.025,0.5,0.475,0.00915513113433195
P1_old_full_opt,2,shoulder,23,0,0.0,0.025,0.025,0.017855739332618414
P1_old_full_opt,2,shoulder,23,1,0.025,0.5,0.475,0.00872565824262945
P1_old_full_opt,4,summer,0,0,0.0,0.01,0.01,0.01926960948154116
P1_old_full_opt,4,summer,0,1,0.01,0.025,0.015000000000000001,0.018803962076516245
P1_old_full_opt,4,summer,0,2,0.025,0.05,0.025,0.018059953728054023
P1_old_full_opt,4,summer,0,3,0.05,0.5,0.45,0.009341746869843034
P1_old_full_opt,4,summer,1,0,0.0,0.01,0.01,0.017470977944714083
P1_old_full_opt,4,summer,1,1,0.01,0.025,0.015000000000000001,0.017010156376942587
P1_old_full_opt,4,summer,1,2,0.025,0.05,0.025,0.016273850075819718
P1_old_full_opt,4,summer,1,3,0.05,0.5,0.45,0.007644925667346215
P1_old_full_opt,4,summer,2,0,0.0,0.01,0.01,0.016710571842531996
P1_old_full_opt,4,summer,2,1,0.01,0.025,0.015000000000000001,0.016251787850678674
P1_old_full_opt,4,summer,2,2,0.025,0.05,0.025,0.015518733543569696
P1_old_full_opt,4,summer,2,3,0.05,0.5,0.45,0.006927511862247862
P1_old_full_opt,4,summer,3,0,0.0,0.01,0.01,0.016248875736674107
P1_old_full_opt,4,summer,3,1,0.01,0.025,0.015000000000000001,0.015791328144456235
P1_old_full_opt,4,summer,3,2,0.025,0.05,0.025,0.015060247149156769
P1_old_full_opt,4,summer,3,3,0.05,0.5,0.45,0.006491905045587282
P1_old_full_opt,4,summer,4,0,0.0,0.01,0.01,0.015973564944377072
P1_old_full_opt,4,summer,4,1,0.01,0.025,0.015000000000000001,0.015516754338668984
P1_old_full_opt,4,summer,4,2,0.025,0.05,0.025,0.014786849614131237
P1_old_full_opt,4,summer,4,3,0.05,0.5,0.45,0.0062321462320910626
P1_old_full_opt,4,summer,5,0,0.0,0.01,0.01,0.01595372996521377
P1_old_full_opt,4,summer,5,1,0.01,0.025,0.015000000000000001,0.01549697245138056
P1_old_full_opt,4,summer,5,2,0.025,0.05,0.025,0.014767152452246357
P1_old_full_opt,4,summer,5,3,0.05,0.5,0.45,0.0062134315573357055
P1_old_full_opt,4,summer,6,0,0.0,0.01,0.01,0.01624319064990054
P1_old_full_opt,4,summer,6,1,0.01,0.025,0.015000000000000001,0.01578565827731378
P1_old_full_opt,4,summer,6,2,0.025,0.05,0.025,0.015054601576717785
P1_old_full_opt,4,summer,6,3,0.05,0.5,0.45,0.006486541140816747
P1_old_full_opt,4,summer,7,0,0.0,0.01,0.01,0.017177530949955
P1_old_full_opt,4,summer,7,1,0.01,0.025,0.015000000000000001,0.016717495892888214
P1_old_full_opt,4,summer,7,2,0.025,0.05,0.025,0.015982444850853872
P1_old_full_opt,4,summer,7,3,0.05,0.5,0.45,0.007368073257579544
P1_old_full_opt,4,summer,8,0,0.0,0.01,0.01,0.018677768391194005
P1_old_full_opt,4,summer,8,1,0.01,0.025,0.015000000000000001,0.018213709912625237
P1_old_full_opt,4,summer,8,2,0.025,0.05,0.025,0.017472237475818497
P1_old_full_opt,4,summer,8,3,0.05,0.5,0.45,0.008783425004521252
P1_old_full_opt,4,summer,9,0,0.0,0.01,0.01,0.02065575749761739
P1_old_full_opt,4,summer,9,1,0.01,0.025,0.015000000000000001,0.020186384889344284
P1_old_full_opt,4,summer,9,2,0.025,0.05,0.025,0.019436431252094488
P1_old_full_opt,4,summer,9,3,0.05,0.5,0.45,0.01064931821824945
P1_old_full_opt,4,summer,10,0,0.0,0.01,0.01,0.021781779709861837
P1_old_full_opt,4,summer,10,1,0.01,0.025,0.015000000000000001,0.021309377044809175
P1_old_full_opt,4,summer,10,2,0.025,0.05,0.025,0.020554587600402074
P1_old_full_opt,4,summer,10,3,0.05,0.5,0.45,0.011711435167206704
P1_old_full_opt,4,summer,11,0,0.0,0.01,0.01,0.022138965360693486
P1_old_full_opt,4,summer,11,1,0.01,0.025,0.015000000000000001,0.021665600794594043
P1_old_full_opt,4,summer,11,2,0.025,0.05,0.025,0.020909276222860207
P1_old_full_opt,4,summer,11,3,0.05,0.5,0.45,0.01204833539868703
P1_old_full_opt,4,summer,12,0,0.0,0.01,0.01,0.021990474869024168
P1_old_full_opt,4,summer,12,1,0.01,0.025,0.015000000000000001,0.02151751023185729
P1_old_full_opt,4,summer,12,2,0.025,0.05,0.025,0.020761823912183175
P1_old_full_opt,4,summer,12,3,0.05,0.5,0.45,0.011908278854810026
P1_old_full_opt,4,summer,13,0,0.0,0.01,0.01,0.02140791534579467
P1_old_full_opt,4,summer,13,1,0.01,0.025,0.015000000000000001,0.02093651912254968
P1_old_full_opt,4,summer,13,2,0.025,0.05,0.025,0.02018333589242416
P1_old_full_opt,4,summer,13,3,0.05,0.5,0.45,0.011358796205595175
P1_old_full_opt,4,summer,14,0,0.0,0.01,0.01,0.022357588783158966
P1_old_full_opt,4,summer,14,1,0.01,0.025,0.015000000000000001,0.02188363527185211
P1_old_full_opt,4,summer,14,2,0.025,0.05,0.025,0.021126370801307637
P1_old_full_opt,4,summer,14,3,0.05,0.5,0.45,0.012254539309888906
P1_old_full_opt,4,summer,15,0,0.0,0.01,0.01,0.022848329204638862
P1_old_full_opt,4,summer,15,1,0.01,0.025,0.015000000000000001,0.022373053227438728
P1_old_full_opt,4,summer,15,2,0.025,0.05,0.025,0.021613678214637
P1_old_full_opt,4,summer,15,3,0.05,0.5,0.45,0.012717392596400503
P1_old_full_opt,4,summer,16,0,0.0,0.01,0.01,0.02311766041661334
P1_old_full_opt,4,summer,16,1,0.01,0.025,0.015000000000000001,0.02264165835234588
P1_old_full_opt,4,summer,16,2,0.025,0.05,0.025,0.021881124563090104
P1_old_full_opt,4,summer,16,3,0.05,0.5,0.45,0.012971413144662079
P1_old_full_opt,4,summer,17,0,0.0,0.01,0.01,0.02359395455823754
P1_old_full_opt,4,summer,17,1,0.01,0.025,0.015000000000000001,0.023116667943216353
P1_old_full_opt,4,summer,17,2,0.025,0.05,0.025,0.02235408414668183
P1_old_full_opt,4,summer,17,3,0.05,0.5,0.45,0.013420621875469612
P1_old_full_opt,4,summer,18,0,0.0,0.01,0.01,0.02354775502431128
P1_old_full_opt,4,summer,18,1,0.01,0.025,0.015000000000000001,0.023070593052517314
P1_old_full_opt,4,summer,18,2,0.025,0.05,0.025,0.02230820813446499
P1_old_full_opt,4,summer,18,3,0.05,0.5,0.45,0.013377050110288852
P1_old_full_opt,4,summer,19,0,0.0,0.01,0.01,0.023390847655835323
P1_old_full_opt,4,summer,19,1,0.01,0.025,0.015000000000000001,0.02291410889994997
P1_old_full_opt,4,summer,19,2,0.025,0.05,0.025,0.022152399413285506
P1_old_full_opt,4,summer,19,3,0.05,0.5,0.45,0.013229066547360557
P1_old_full_opt,4,summer,20,0,0.0,0.01,0.01,0.023197385063566944
P1_old_full_opt,4,summer,20,1,0.01,0.025,0.015000000000000001,0.022721168028646172
P1_old_full_opt,4,summer,20,2,0.025,0.05,0.025,0.02196029117079057
P1_old_full_opt,4,summer,20,3,0.05,0.5,0.45,0.013046604940152676
P1_old_full_opt,4,summer,21,0,0.0,0.01,0.01,0.02247926962906932
P1_old_full_opt,4,summer,21,1,0.01,0.025,0.015000000000000001,0.022004988263043163
P1_old_full_opt,4,summer,21,2,0.025,0.05,0.025,0.02124720057491869
P1_old_full_opt,4,summer,21,3,0.05,0.5,0.45,0.012369306633261967
P1_old_full_opt,4,summer,22,0,0.0,0.01,0.01,0.021293646925574228
P1_old_full_opt,4,summer,22,1,0.01,0.025,0.015000000000000001,0.02082255824184346
P1_old_full_opt,4,summer,22,2,0.025,0.05,0.025,0.02006986581633008
P1_old_full_opt,4,summer,22,3,0.05,0.5,0.45,0.011251013676867563
P1_old_full_opt,4,summer,23,0,0.0,0.01,0.01,0.020235918911390427
P1_old_full_opt,4,summer,23,1,0.01,0.025,0.015000000000000001,0.019767675169783207
P1_old_full_opt,4,summer,23,2,0.025,0.05,0.025,0.019019523136167837
P1_old_full_opt,4,summer,23,3,0.05,0.5,0.45,0.010253289678778933
P1_old_full_opt,4,winter,0,0,0.0,0.01,0.01,0.02025077393925101
P1_old_full_opt,4,winter,0,1,0.01,0.025,0.015000000000000001,0.019782490256311142
P1_old_full_opt,4,winter,0,2,0.025,0.05,0.025,0.019034274493950898
P1_old_full_opt,4,winter,0,3,0.05,0.5,0.45,0.010267302395547592
P1_old_full_opt,4,winter,1,0,0.0,0.01,0.01,0.018718662876364422
P1_old_full_opt,4,winter,1,1,0.01,0.025,0.015000000000000001,0.01825449462862505
P1_old_full_opt,4,winter,1,2,0.025,0.05,0.025,0.017512847023661293
P1_old_full_opt,4,winter,1,3,0.05,0.5,0.45,0.008822003991306603
P1_old_full_opt,4,winter,2,0,0.0,0.01,0.01,0.017973781258573407
P1_old_full_opt,4,winter,2,1,0.01,0.025,0.015000000000000001,0.017511611534349693
P1_old_full_opt,4,winter,2,2,0.025,0.05,0.025,0.016773153548197972
P1_old_full_opt,4,winter,2,3,0.05,0.5,0.45,0.008119284939380035
P1_old_full_opt,4,winter,3,0,0.0,0.01,0.01,0.017548815517870464
P1_old_full_opt,4,winter,3,1,0.01,0.025,0.015000000000000001,0.017087785308878
P1_old_full_opt,4,winter,3,2,0.025,0.05,0.025,0.016351145973890202
P1_old_full_opt,4,winter,3,3,0.05,0.5,0.45,0.00771836075705958
P1_old_full_opt,4,winter,4,0,0.0,0.01,0.01,0.017375934422889094
P1_old_full_opt,4,winter,4,1,0.01,0.025,0.015000000000000001,0.016915367617132783
P1_old_full_opt,4,winter,4,2,0.025,0.05,0.025,0.01617946792068059
P1_old_full_opt,4,winter,4,3,0.05,0.5,0.45,0.00755525738918751
P1_old_full_opt,4,winter,5,0,0.0,0.01,0.01,0.017534396080870485
P1_old_full_opt,4,winter,5,1,0.01,0.025,0.015000000000000001,0.0170734045108506
P1_old_full_opt,4,winter,5,2,0.025,0.05,0.025,0.016336826879967403
P1_old_full_opt,4,winter,5,3,0.05,0.5,0.45,0.007704756900337019
P1_old_full_opt,4,winter,6,0,0.0,0.01,0.01,0.018095568527132233
P1_old_full_opt,4,winter,6,1,0.01,0.025,0.015000000000000001,0.017633072146638895
P1_old_full_opt,4,winter,6,2,0.025,0.05,0.025,0.016894092825487372
P1_old_full_opt,4,winter,6,3,0.05,0.5,0.45,0.00823418063261993
P1_old_full_opt,4,winter,7,0,0.0,0.01,0.01,0.019296068527467625
P1_old_full_opt,4,winter,7,1,0.01,0.025,0.015000000000000001,0.018830350068425407
P1_old_full_opt,4,winter,7,2,0.025,0.05,0.025,0.01808622831970974
P1_old_full_opt,4,winter,7,3,0.05,0.5,0.45,0.009366706975115428
P1_old_full_opt,4,winter,8,0,0.0,0.01,0.01,0.02120353511232964
P1_old_full_opt,4,winter,8,1,0.01,0.025,0.015000000000000001,0.020732688907881824
P1_old_full_opt,4,winter,8,2,0.025,0.05,0.025,0.019980383486538633
P1_old_full_opt,4,winter,8,3,0.05,0.5,0.45,0.011166016115628816
P1_old_full_opt,4,winter,9,0,0.0,0.01,0.01,0.02349542320874143
P1_old_full_opt,4,winter,9,1,0.01,0.025,0.015000000000000001,0.023018402398143158
P1_old_full_opt,4,winter,9,2,0.025,0.05,0.025,0.022256242767494383
P1_old_full_opt,4,winter,9,3,0.05,0.5,0.45,0.013327694720210757
P1_old_full_opt,4,winter,10,0,0.0,0.01,0.01,0.023658672366463906
P1_old_full_opt,4,winter,10,1,0.01,0.025,0.015000000000000001,0.023181211158481336
P1_old_full_opt,4,winter,10,2,0.025,0.05,0.025,0.022418348728137083
P1_old_full_opt,4,winter,10,3,0.05,0.5,0.45,0.013481658431908936
P1_old_full_opt,4,winter,11,0,0.0,0.01,0.01,0.023041066486817474
P1_old_full_opt,4,winter,11,1,0.01,0.025,0.015000000000000001,0.02256527092895181
P1_old_full_opt,4,winter,11,2,0.025,0.05,0.025,0.0218050667138181
P1_old_full_opt,4,winter,11,3,0.05,0.5,0.45,0.012899173741018653
P1_old_full_opt,4,winter,12,0,0.0,0.01,0.01,0.02210561000212663
P1_old_full_opt,4,winter,12,1,0.01,0.025,0.015000000000000001,0.02163233528055993
P1_old_full_opt,4,winter,12,2,0.025,0.05,0.025,0.020876154076435727
P1_old_full_opt,4,winter,12,3,0.05,0.5,0.45,0.012016874653924845
P1_old_full_opt,4,winter,13,0,0.0,0.01,0.01,0.02073338496684507
P1_old_full_opt,4,winter,13,1,0.01,0.025,0.015000000000000001,0.020263803583496033
P1_old_full_opt,4,winter,13,2,0.025,0.05,0.025,0.019513516749186666
P1_old_full_opt,4,winter,13,3,0.05,0.5,0.45,0.010722542238740437
P1_old_full_opt,4,winter,14,0,0.0,0.01,0.01,0.02153437713634243
P1_old_full_opt,4,winter,14,1,0.01,0.025,0.015000000000000001,0.021062640518728266
P1_old_full_opt,4,winter,14,2,0.025,0.05,0.025,0.02030891404926849
P1_old_full_opt,4,winter,14,3,0.05,0.5,0.45,0.011478079207626396
P1_old_full_opt,4,winter,15,0,0.0,0.01,0.01,0.021960199965470606
P1_old_full_opt,4,winter,15,1,0.01,0.025,0.015000000000000001,0.02148731685858903
P1_old_full_opt,4,winter,15,2,0.025,0.05,0.025,0.020731760661554244
P1_old_full_opt,4,winter,15,3,0.05,0.5,0.45,0.011879723361179298
P1_old_full_opt,4,winter,16,0,0.0,0.01,0.01,0.022409283611105058
P1_old_full_opt,4,winter,16,1,0.01,0.025,0.015000000000000001,0.021935190827511903
P1_old_full_opt,4,winter,16,2,0.025,0.05,0.025,0.021177704078727544
P1_old_full_opt,4,winter,16,3,0.05,0.5,0.45,0.01230329710376442
P1_old_full_opt,4,winter,17,0,0.0,0.01,0.01,0.02307782368576594
P1_old_full_opt,4,winter,17,1,0.01,0.025,0.015000000000000001,0.022601929043702947
P1_old_full_opt,4,winter,17,2,0.025,0.05,0.025,0.021841566668622248
P1_old_full_opt,4,winter,17,3,0.05,0.5,0.45,0.012933841269481704
P1_old_full_opt,4,winter,18,0,0.0,0.01,0.01,0.023065569679925346
P1_old_full_opt,4,winter,18,1,0.01,0.025,0.015000000000000001,0.02258970806235013
P1_old_full_opt,4,winter,18,2,0.025,0.05,0.025,0.021829398415104118
P1_old_full_opt,4,winter,18,3,0.05,0.5,0.45,0.012922283912024162
P1_old_full_opt,4,winter,19,0,0.0,0.01,0.01,0.022704801069417524
P1_old_full_opt,4,winter,19,1,0.01,0.025,0.015000000000000001,0.022229911967517703
P1_old_full_opt,4,winter,19,2,0.025,0.05,0.025,0.02147115433460356
P1_old_full_opt,4,winter,19,3,0.05,0.5,0.45,0.012582022030418532
P1_old_full_opt,4,winter,20,0,0.0,0.01,0.01,0.022123802349874322
P1_old_full_opt,4,winter,20,1,0.01,0.025,0.015000000000000001,0.021650478619896402
P1_old_full_opt,4,winter,20,2,0.025,0.05,0.025,0.02089421921835255
P1_old_full_opt,4,winter,20,3,0.05,0.5,0.45,0.012034033661224203
P1_old_full_opt,4,winter,21,0,0.0,0.01,0.01,0.021332722809244697
P1_old_full_opt,4,winter,21,1,0.01,0.025,0.015000000000000001,0.020861528940359825
P1_old_full_opt,4,winter,21,2,0.025,0.05,0.025,0.0201086686954155
P1_old_full_opt,4,winter,21,3,0.05,0.5,0.45,0.01128787167600398
P1_old_full_opt,4,winter,22,0,0.0,0.01,0.01,0.02052155732873706
P1_old_full_opt,4,winter,22,1,0.01,0.025,0.015000000000000001,0.020052545615327023
P1_old_full_opt,4,winter,22,2,0.025,0.05,0.025,0.019303167939977994
P1_old_full_opt,4,winter,22,3,0.05,0.5,0.45,0.010522729871350549
P1_old_full_opt,4,winter,23,0,0.0,0.01,0.01,0.020256716625285942
P1_old_full_opt,4,winter,23,1,0.01,0.025,0.015000000000000001,0.01978841695510769
P1_old_full_opt,4,winter,23,2,0.025,0.05,0.025,0.019040175706420692
P1_old_full_opt,4,winter,23,3,0.05,0.5,0.45,0.010272908115929921
P1_old_full_opt,4,shoulder,0,0,0.0,0.01,0.01,0.01767291810578775
P1_old_full_opt,4,shoulder,0,1,0.01,0.025,0.015000000000000001,0.017211555177089794
P1_old_full_opt,4,shoulder,0,2,0.025,0.05,0.025,0.01647438482068997
P1_old_full_opt,4,shoulder,0,3,0.05,0.5,0.45,0.007835443457851168
P1_old_full_opt,4,shoulder,1,0,0.0,0.01,0.01,0.016129564806970087
P1_old_full_opt,4,shoulder,1,1,0.01,0.025,0.015000000000000001,0.01567233661823967
P1_old_full_opt,4,shoulder,1,2,0.025,0.05,0.025,0.014941765419704822
P1_old_full_opt,4,shoulder,1,3,0.05,0.5,0.45,0.006379334312491732
P1_old_full_opt,4,shoulder,2,0,0.0,0.01,0.01,0.015495920564448373
P1_old_full_opt,4,shoulder,2,1,0.01,0.025,0.015000000000000001,0.015040388098587949
P1_old_full_opt,4,shoulder,2,2,0.025,0.05,0.025,0.014312523348714579
P1_old_full_opt,4,shoulder,2,3,0.05,0.5,0.45,0.005781474330928775
P1_old_full_opt,4,shoulder,3,0,0.0,0.01,0.01,0.01515831447803373
P1_old_full_opt,4,shoulder,3,1,0.01,0.025,0.015000000000000001,0.014703685047684488
P1_old_full_opt,4,shoulder,3,2,0.025,0.05,0.025,0.013977261600086055
P1_old_full_opt,4,shoulder,3,3,0.05,0.5,0.45,0.005462925858891404
P1_old_full_opt,4,shoulder,4,0,0.0,0.01,0.01,0.015015219545244651
P1_old_full_opt,4,shoulder,4,1,0.01,0.025,0.015000000000000001,0.014560972782070209
P1_old_full_opt,4,shoulder,4,2,0.025,0.05,0.025,0.013835160082201203
P1_old_full_opt,4,shoulder,4,3,0.05,0.5,0.45,0.005327906806398213
P1_old_full_opt,4,shoulder,5,0,0.0,0.01,0.01,0.015138660329397369
P1_old_full_opt,4,shoulder,5,1,0.01,0.025,0.015000000000000001,0.014684083465574259
P1_old_full_opt,4,shoulder,5,2,0.025,0.05,0.025,0.013957743907465625
P1_old_full_opt,4,shoulder,5,3,0.05,0.5,0.45,0.0054443810000560765
P1_old_full_opt,4,shoulder,6,0,0.0,0.01,0.01,0.015608741345704558
P1_old_full_opt,4,shoulder,6,1,0.01,0.025,0.015000000000000001,0.01515290703201962
P1_old_full_opt,4,shoulder,6,2,0.025,0.05,0.025,0.014424560523428887
P1_old_full_opt,4,shoulder,6,3,0.05,0.5,0.45,0.005887925180467305
P1_old_full_opt,4,shoulder,7,0,0.0,0.01,0.01,0.016530740249026676
P1_old_full_opt,4,shoulder,7,1,0.01,0.025,0.015000000000000001,0.016072437916650473
P1_old_full_opt,4,shoulder,7,2,0.025,0.05,0.025,0.015340152326868695
P1_old_full_opt,4,shoulder,7,3,0.05,0.5,0.45,0.006757843396007459
P1_old_full_opt,4,shoulder,8,0,0.0,0.01,0.01,0.017704692760175944
P1_old_full_opt,4,shoulder,8,1,0.01,0.025,0.015000000000000001,0.017243244619733845
P1_old_full_opt,4,shoulder,8,2,0.025,0.05,0.025,0.016505938303017498
P1_old_full_opt,4,shoulder,8,3,0.05,0.5,0.45,0.007865420635959722
P1_old_full_opt,4,shoulder,9,0,0.0,0.01,0.01,0.018809280606778278
P1_old_full_opt,4,shoulder,9,1,0.01,0.025,0.015000000000000001,0.01834486914276401
P1_old_full_opt,4,shoulder,9,2,0.025,0.05,0.025,0.01760283333354762
P1_old_full_opt,4,shoulder,9,3,0.05,0.5,0.45,0.008907490532223703
P1_old_full_opt,4,shoulder,10,0,0.0,0.01,0.01,0.018847308545416608
P1_old_full_opt,4,shoulder,10,1,0.01,0.025,0.015000000000000001,0.018382794999353504
P1_old_full_opt,4,shoulder,10,2,0.025,0.05,0.025,0.017640596276879972
P1_old_full_opt,4,shoulder,10,3,0.05,0.5,0.45,0.008943365024890182
P1_old_full_opt,4,shoulder,11,0,0.0,0.01,0.01,0.018514374696450286
P1_old_full_opt,4,shoulder,11,1,0.01,0.025,0.015000000000000001,0.018050754713842355
P1_old_full_opt,4,shoulder,11,2,0.025,0.05,0.025,0.01730998211647572
P1_old_full_opt,4,shoulder,11,3,0.05,0.5,0.45,0.008629281999924984
P1_old_full_opt,4,shoulder,12,0,0.0,0.01,0.01,0.01791584500042548
P1_old_full_opt,4,shoulder,12,1,0.01,0.025,0.015000000000000001,0.01745383064680935
P1_old_full_opt,4,shoulder,12,2,0.025,0.05,0.025,0.01671562065641452
P1_old_full_opt,4,shoulder,12,3,0.05,0.5,0.45,0.008064626848896897
P1_old_full_opt,4,shoulder,13,0,0.0,0.01,0.01,0.01707418968143748
P1_old_full_opt,4,shoulder,13,1,0.01,0.025,0.015000000000000001,0.016614431539764087
P1_old_full_opt,4,shoulder,13,2,0.025,0.05,0.025,0.015879822478618855
P1_old_full_opt,4,shoulder,13,3,0.05,0.5,0.45,0.00727057494304878
P1_old_full_opt,4,shoulder,14,0,0.0,0.01,0.01,0.01796798595785215
P1_old_full_opt,4,shoulder,14,1,0.01,0.025,0.015000000000000001,0.017505831773848013
P1_old_full_opt,4,shoulder,14,2,0.025,0.05,0.025,0.016767398599201733
P1_old_full_opt,4,shoulder,14,3,0.05,0.5,0.45,0.008113817559588015
P1_old_full_opt,4,shoulder,15,0,0.0,0.01,0.01,0.018499800293335367
P1_old_full_opt,4,shoulder,15,1,0.01,0.025,0.015000000000000001,0.01803621942169838
P1_old_full_opt,4,shoulder,15,2,0.025,0.05,0.025,0.01729550923667833
P1_old_full_opt,4,shoulder,15,3,0.05,0.5,0.45,0.008615532671929679
P1_old_full_opt,4,shoulder,16,0,0.0,0.01,0.01,0.01900544147494382
P1_old_full_opt,4,shoulder,16,1,0.01,0.025,0.015000000000000001,0.018540503413023525
P1_old_full_opt,4,shoulder,16,2,0.025,0.05,0.025,0.01779762716328459
P1_old_full_opt,4,shoulder,16,3,0.05,0.5,0.45,0.009092542410007886
P1_old_full_opt,4,shoulder,17,0,0.0,0.01,0.01,0.019702739602170394
P1_old_full_opt,4,shoulder,17,1,0.01,0.025,0.015000000000000001,0.019235928757567928
P1_old_full_opt,4,shoulder,17,2,0.025,0.05,0.025,0.018490063588695316
P1_old_full_opt,4,shoulder,17,3,0.05,0.5,0.45,0.009750334911243002
P1_old_full_opt,4,shoulder,18,0,0.0,0.01,0.01,0.019906757336696224
P1_old_full_opt,4,shoulder,18,1,0.01,0.025,0.015000000000000001,0.019439398295595378
P1_old_full_opt,4,shoulder,18,2,0.025,0.05,0.025,0.01869265821811572
P1_old_full_opt,4,shoulder,18,3,0.05,0.5,0.45,0.009942789171834646
P1_old_full_opt,4,shoulder,19,0,0.0,0.01,0.01,0.020057846562071546
P1_old_full_opt,4,shoulder,19,1,0.01,0.025,0.015000000000000001,0.019590081467668607
P1_old_full_opt,4,shoulder,19,2,0.025,0.05,0.025,0.018842693347321804
P1_old_full_opt,4,shoulder,19,3,0.05,0.5,0.45,0.010085313441475416
P1_old_full_opt,4,shoulder,20,0,0.0,0.01,0.01,0.01989491776332175
P1_old_full_opt,4,shoulder,20,1,0.01,0.025,0.015000000000000001,0.01942759054326393
P1_old_full_opt,4,shoulder,20,2,0.025,0.05,0.025,0.018680901240507586
P1_old_full_opt,4,shoulder,20,3,0.05,0.5,0.45,0.009931620710070687
P1_old_full_opt,4,shoulder,21,0,0.0,0.01,0.01,0.019275488602420177
P1_old_full_opt,4,shoulder,21,1,0.01,0.025,0.015000000000000001,0.01880982541072144
P1_old_full_opt,4,shoulder,21,2,0.025,0.05,0.025,0.018065791867513115
P1_old_full_opt,4,shoulder,21,3,0.05,0.5,0.45,0.00934729293577679
P1_old_full_opt,4,shoulder,22,0,0.0,0.01,0.01,0.018587281909311637
P1_old_full_opt,4,shoulder,22,1,0.01,0.025,0.015000000000000001,0.018123466280785722
P1_old_full_opt,4,shoulder,22,2,0.025,0.05,0.025,0.017382381421259252
P1_old_full_opt,4,shoulder,22,3,0.05,0.5,0.45,0.0086980616739471
P1_old_full_opt,4,shoulder,23,0,0.0,0.01,0.01,0.01813329787953566
P1_old_full_opt,4,shoulder,23,1,0.01,0.025,0.015000000000000001,0.01767070030134025
P1_old_full_opt,4,shoulder,23,2,0.025,0.05,0.025,0.016931559454261835
P1_old_full_opt,4,shoulder,23,3,0.05,0.5,0.45,0.008269774841983206
P1_old_full_opt,9,summer,0,0,0.0,0.01,0.01,0.01926960948154116
P1_old_full_opt,9,summer,0,1,0.01,0.025,0.015000000000000001,0.018803962076516245
P1_old_full_opt,9,summer,0,2,0.025,0.05,0.025,0.018059953728054023
P1_old_full_opt,9,summer,0,3,0.05,0.075,0.024999999999999994,0.017131607275064912
P1_old_full_opt,9,summer,0,4,0.075,0.1,0.02500000000000001,0.016205172849169107
P1_old_full_opt,9,summer,0,5,0.1,0.15,0.04999999999999999,0.01481932352317972
P1_old_full_opt,9,summer,0,6,0.15,0.2,0.05000000000000002,0.012977818148945382
P1_old_full_opt,9,summer,0,7,0.2,0.3,0.09999999999999998,0.010230511765579738
P1_old_full_opt,9,summer,0,8,0.3,0.5,0.2,0.004787291640796429
P1_old_full_opt,9,summer,1,0,0.0,0.01,0.01,0.017470977944714083
P1_old_full_opt,9,summer,1,1,0.01,0.025,0.015000000000000001,0.017010156376942587
P1_old_full_opt,9,summer,1,2,0.025,0.05,0.025,0.016273850075819718
P1_old_full_opt,9,summer,1,3,0.05,0.075,0.024999999999999994,0.015355099906371742
P1_old_full_opt,9,summer,1,4,0.075,0.1,0.02500000000000001,0.014438225924315313
P1_old_full_opt,9,summer,1,5,0.1,0.15,0.04999999999999999,0.013066646129110408
P1_old_full_opt,9,summer,1,6,0.15,0.2,0.05000000000000002,0.01124404936568096
P1_old_full_opt,9,summer,1,7,0.2,0.3,0.09999999999999998,0.008524827981650775
P1_old_full_opt,9,summer,1,8,0.3,0.5,0.2,0.0031368291581698737
P1_old_full_opt,9,summer,2,0,0.0,0.01,0.01,0.016710571842531996
P1_old_full_opt,9,summer,2,1,0.01,0.025,0.015000000000000001,0.016251787850678674
P1_old_full_opt,9,summer,2,2,0.025,0.05,0.025,0.015518733543569696
P1_old_full_opt,9,summer,2,3,0.05,0.075,0.024999999999999994,0.014604035269628616
P1_old_full_opt,9,summer,2,4,0.075,0.1,0.02500000000000001,0.013691198121025256
P1_old_full_opt,9,summer,2,5,0.1,0.15,0.04999999999999999,0.012325643721054772
P1_old_full_opt,9,summer,2,6,0.15,0.2,0.05000000000000002,0.010511031528836475
P1_old_full_opt,9,summer,2,7,0.2,0.3,0.09999999999999998,0.007803670324230546
P1_old_full_opt,9,summer,2,8,0.3,0.5,0.2,0.002438993541637874
P1_old_full_opt,9,summer,3,0,0.0,0.01,0.01,0.016248875736674107
P1_old_full_opt,9,summer,3,1,0.01,0.025,0.015000000000000001,0.015791328144456235
P1_old_full_opt,9,summer,3,2,0.025,0.05,0.025,0.015060247149156769
P1_old_full_opt,9,summer,3,3,0.05,0.075,0.024999999999999994,0.014148007580802594
P1_old_full_opt,9,summer,3,4,0.075,0.1,0.02500000000000001,0.01323762004225903
P1_old_full_opt,9,summer,3,5,0.1,0.15,0.04999999999999999,0.01187572197893089
P1_old_full_opt,9,summer,3,6,0.15,0.2,0.05000000000000002,0.010065955076952179
P1_old_full_opt,9,summer,3,7,0.2,0.3,0.09999999999999998,0.007365791204033136
P1_old_full_opt,9,summer,3,8,0.3,0.5,0.2,0.002015268033701348
P1_old_full_opt,9,summer,4,0,0.0,0.01,0.01,0.015973564944377072
P1_old_full_opt,9,summer,4,1,0.01,0.025,0.015000000000000001,0.015516754338668984
P1_old_full_opt,9,summer,4,2,0.025,0.05,0.025,0.014786849614131237
P1_old_full_opt,9,summer,4,3,0.05,0.075,0.024999999999999994,0.013876075653084245
P1_old_full_opt,9,summer,4,4,0.075,0.1,0.02500000000000001,0.012967148300804806
P1_old_full_opt,9,summer,4,5,0.1,0.15,0.04999999999999999,0.011607429770248147
P1_old_full_opt,9,summer,4,6,0.15,0.2,0.05000000000000002,0.009800551162106593
P1_old_full_opt,9,summer,4,7,0.2,0.3,0.09999999999999998,0.007104677713805631
P1_old_full_opt,9,summer,4,8,0.3,0.5,0.2,0.0017625919379772592
P1_old_full_opt,9,summer,5,0,0.0,0.01,0.01,0.01595372996521377
P1_old_full_opt,9,summer,5,1,0.01,0.025,0.015000000000000001,0.01549697245138056
P1_old_full_opt,9,summer,5,2,0.025,0.05,0.025,0.014767152452246357
P1_old_full_opt,9,summer,5,3,0.05,0.075,0.024999999999999994,0.013856484065425948
P1_old_full_opt,9,summer,5,4,0.075,0.1,0.02500000000000001,0.012947661905954307
P1_old_full_opt,9,summer,5,5,0.1,0.15,0.04999999999999999,0.01158810037628605
P1_old_full_opt,9,summer,5,6,0.15,0.2,0.05000000000000002,0.009781429831208773
P1_old_full_opt,9,summer,5,7,0.2,0.3,0.09999999999999998,0.007085865447961777
P1_old_full_opt,9,summer,5,8,0.3,0.5,0.2,0.001744387481728213
P1_old_full_opt,9,summer,6,0,0.0,0.01,0.01,0.01624319064990054
P1_old_full_opt,9,summer,6,1,0.01,0.025,0.015000000000000001,0.01578565827731378
P1_old_full_opt,9,summer,6,2,0.025,0.05,0.025,0.015054601576717785
P1_old_full_opt,9,summer,6,3,0.05,0.075,0.024999999999999994,0.014142392276500496
P1_old_full_opt,9,summer,6,4,0.075,0.1,0.02500000000000001,0.013232034891983985
P1_old_full_opt,9,summer,6,5,0.1,0.15,0.04999999999999999,0.011870181841456277
P1_old_full_opt,9,summer,6,6,0.15,0.2,0.05000000000000002,0.010060474589322629
P1_old_full_opt,9,summer,6,7,0.2,0.3,0.09999999999999998,0.00736039932396418
P1_old_full_opt,9,summer,6,8,0.3,0.5,0.2,0.002010050401100305
P1_old_full_opt,9,summer,7,0,0.0,0.01,0.01,0.017177530949955
P1_old_full_opt,9,summer,7,1,0.01,0.025,0.015000000000000001,0.016717495892888214
P1_old_full_opt,9,summer,7,2,0.025,0.05,0.025,0.015982444850853872
P1_old_full_opt,9,summer,7,3,0.05,0.075,0.024999999999999994,0.015065258703347299
P1_old_full_opt,9,summer,7,4,0.075,0.1,0.02500000000000001,0.01414994291957627
P1_old_full_opt,9,summer,7,5,0.1,0.15,0.04999999999999999,0.012780688885837003
P1_old_full_opt,9,summer,7,6,0.15,0.2,0.05000000000000002,0.010961174093461753
P1_old_full_opt,9,summer,7,7,0.2,0.3,0.09999999999999998,0.008246530580257734
P1_old_full_opt,9,summer,7,8,0.3,0.5,0.2,0.002867533591734972
P1_old_full_opt,9,summer,8,0,0.0,0.01,0.01,0.018677768391194005
P1_old_full_opt,9,summer,8,1,0.01,0.025,0.015000000000000001,0.018213709912625237
P1_old_full_opt,9,summer,8,2,0.025,0.05,0.025,0.017472237475818497
P1_old_full_opt,9,summer,8,3,0.05,0.075,0.024999999999999994,0.01654705057841044
P1_old_full_opt,9,summer,8,4,0.075,0.1,0.02500000000000001,0.015623763873626734
P1_old_full_opt,9,summer,8,5,0.1,0.15,0.04999999999999999,0.014242612653868062
P1_old_full_opt,9,summer,8,6,0.15,0.2,0.05000000000000002,0.012407332646291732
P1_old_full_opt,9,summer,8,7,0.2,0.3,0.09999999999999998,0.009669272560720312
P1_old_full_opt,9,summer,8,8,0.3,0.5,0.2,0.004244231848268068
P1_old_full_opt,9,summer,9,0,0.0,0.01,0.01,0.02065575749761739
P1_old_full_opt,9,summer,9,1,0.01,0.025,0.015000000000000001,0.020186384889344284
P1_old_full_opt,9,summer,9,2,0.025,0.05,0.025,0.019436431252094488
P1_old_full_opt,9,summer,9,3,0.05,0.075,0.024999999999999994,0.018500677475388198
P1_old_full_opt,9,summer,9,4,0.075,0.1,0.02500000000000001,0.017566863598416076
P1_old_full_opt,9,summer,9,5,0.1,0.15,0.04999999999999999,0.016170000416735334
P1_old_full_opt,9,summer,9,6,0.15,0.2,0.05000000000000002,0.014313901186038808
P1_old_full_opt,9,summer,9,7,0.2,0.3,0.09999999999999998,0.01154492008402619
P1_old_full_opt,9,summer,9,8,0.3,0.5,0.2,0.0060590879141290965
P1_old_full_opt,9,summer,10,0,0.0,0.01,0.01,0.021781779709861837
P1_old_full_opt,9,summer,10,1,0.01,0.025,0.015000000000000001,0.021309377044809175
P1_old_full_opt,9,summer,10,2,0.025,0.05,0.025,0.020554587600402074
P1_old_full_opt,9,summer,10,3,0.05,0.075,0.024999999999999994,0.01961280894030915
P1_old_full_opt,9,summer,10,4,0.075,0.1,0.02500000000000001,0.01867299299061264
P1_old_full_opt,9,summer,10,5,0.1,0.15,0.04999999999999999,0.017267171937938034
P1_old_full_opt,9,summer,10,6,0.15,0.2,0.05000000000000002,0.015399203554584124
P1_old_full_opt,9,summer,10,7,0.2,0.3,0.09999999999999998,0.012612595436380939
P1_old_full_opt,9,summer,10,8,0.3,0.5,0.2,0.007092112293528852
P1_old_full_opt,9,summer,11,0,0.0,0.01,0.01,0.022138965360693486
P1_old_full_opt,9,summer,11,1,0.01,0.025,0.015000000000000001,0.021665600794594043
P1_old_full_opt,9,summer,11,2,0.025,0.05,0.025,0.020909276222860207
P1_old_full_opt,9,summer,11,3,0.05,0.075,0.024999999999999994,0.019965584969328102
P1_old_full_opt,9,summer,11,4,0.075,0.1,0.02500000000000001,0.01902386369022179
P1_old_full_opt,9,summer,11,5,0.1,0.15,0.04999999999999999,0.017615199055676104
P1_old_full_opt,9,summer,11,6,0.15,0.2,0.05000000000000002,0.01574346301747797
P1_old_full_opt,9,summer,11,7,0.2,0.3,0.09999999999999998,0.012951259694674592
P1_old_full_opt,9,summer,11,8,0.3,0.5,0.2,0.007419778198976268
P1_old_full_opt,9,summer,12,0,0.0,0.01,0.01,0.021990474869024168
P1_old_full_opt,9,summer,12,1,0.01,0.025,0.015000000000000001,0.02151751023185729
P1_old_full_opt,9,summer,12,2,0.025,0.05,0.025,0.020761823912183175
P1_old_full_opt,9,summer,12,3,0.05,0.075,0.024999999999999994,0.01981892785341777
P1_old_full_opt,9,summer,12,4,0.075,0.1,0.02500000000000001,0.0188779987537746
P1_old_full_opt,9,summer,12,5,0.1,0.15,0.04999999999999999,0.017470516377948723
P1_old_full_opt,9,summer,12,6,0.15,0.2,0.05000000000000002,0.01560034679710553
P1_old_full_opt,9,summer,12,7,0.2,0.3,0.09999999999999998,0.01281046975404099
P1_old_full_opt,9,summer,12,8,0.3,0.5,0.2,0.007283560926639454
P1_old_full_opt,9,summer,13,0,0.0,0.01,0.01,0.02140791534579467
P1_old_full_opt,9,summer,13,1,0.01,0.025,0.015000000000000001,0.02093651912254968
P1_old_full_opt,9,summer,13,2,0.025,0.05,0.025,0.02018333589242416
P1_old_full_opt,9,summer,13,3,0.05,0.075,0.024999999999999994,0.019243558392171293
P1_old_full_opt,9,summer,13,4,0.075,0.1,0.02500000000000001,0.01830573600736684
P1_old_full_opt,9,summer,13,5,0.1,0.15,0.04999999999999999,0.01690289025533698
P1_old_full_opt,9,summer,13,6,0.15,0.2,0.05000000000000002,0.015038864090576304
P1_old_full_opt,9,summer,13,7,0.2,0.3,0.09999999999999998,0.01225811051413617
P1_old_full_opt,9,summer,13,8,0.3,0.5,0.2,0.006749135819100471
P1_old_full_opt,9,summer,14,0,0.0,0.01,0.01,0.022357588783158966
P1_old_full_opt,9,summer,14,1,0.01,0.025,0.015000000000000001,0.02188363527185211
P1_old_full_opt,9,summer,14,2,0.025,0.05,0.025,0.021126370801307637
P1_old_full_opt,9,summer,14,3,0.05,0.075,0.024999999999999994,0.02018150856050949
P1_old_full_opt,9,summer,14,4,0.075,0.1,0.02500000000000001,0.01923862075111748
P1_old_full_opt,9,summer,14,5,0.1,0.15,0.04999999999999999,0.017828215149942043
P1_old_full_opt,9,summer,14,6,0.15,0.2,0.05000000000000002,0.01595417240118468
P1_old_full_opt,9,summer,14,7,0.2,0.3,0.09999999999999998,0.01315854352108126
P1_old_full_opt,9,summer,14,8,0.3,0.5,0.2,0.00762032863497436
P1_old_full_opt,9,summer,15,0,0.0,0.01,0.01,0.022848329204638862
P1_old_full_opt,9,summer,15,1,0.01,0.025,0.015000000000000001,0.022373053227438728
P1_old_full_opt,9,summer,15,2,0.025,0.05,0.025,0.021613678214637
P1_old_full_opt,9,summer,15,3,0.05,0.075,0.024999999999999994,0.020666186536167922
P1_old_full_opt,9,summer,15,4,0.075,0.1,0.02500000000000001,0.01972067929280285
P1_old_full_opt,9,summer,15,5,0.1,0.15,0.04999999999999999,0.01830636441131406
P1_old_full_opt,9,summer,15,6,0.15,0.2,0.05000000000000002,0.016427142084775574
P1_old_full_opt,9,summer,15,7,0.2,0.3,0.09999999999999998,0.013623821435495013
P1_old_full_opt,9,summer,15,8,0.3,0.5,0.2,0.008070487771509871
P1_old_full_opt,9,summer,16,0,0.0,0.01,0.01,0.02311766041661334
P1_old_full_opt,9,summer,16,1,0.01,0.025,0.015000000000000001,0.02264165835234588
P1_old_full_opt,9,summer,16,2,0.025,0.05,0.025,0.021881124563090104
P1_old_full_opt,9,summer,16,3,0.05,0.075,0.024999999999999994,0.020932189211647637
P1_old_full_opt,9,summer,16,4,0.075,0.1,0.02500000000000001,0.01998524380666277
P1_old_full_opt,9,summer,16,5,0.1,0.15,0.04999999999999999,0.01856878261295936
P1_old_full_opt,9,summer,16,6,0.15,0.2,0.05000000000000002,0.016686716567318453
P1_old_full_opt,9,summer,16,7,0.2,0.3,0.09999999999999998,0.013879173012713023
P1_old_full_opt,9,summer,16,8,0.3,0.5,0.2,0.00831753914677491
P1_old_full_opt,9,summer,17,0,0.0,0.01,0.01,0.02359395455823754
P1_old_full_opt,9,summer,17,1,0.01,0.025,0.015000000000000001,0.023116667943216353
P1_old_full_opt,9,summer,17,2,0.025,0.05,0.025,0.02235408414668183
P1_old_full_opt,9,summer,17,3,0.05,0.075,0.024999999999999994,0.02140259478539908
P1_old_full_opt,9,summer,17,4,0.075,0.1,0.02500000000000001,0.020453105135345144
P1_old_full_opt,9,summer,17,5,0.1,0.15,0.04999999999999999,0.01903284693214991
P1_old_full_opt,9,summer,17,6,0.15,0.2,0.05000000000000002,0.017145750171489997
P1_old_full_opt,9,summer,17,7,0.2,0.3,0.09999999999999998,0.014330736156383254
P1_old_full_opt,9,summer,17,8,0.3,0.5,0.2,0.008754419375612
P1_old_full_opt,9,summer,18,0,0.0,0.01,0.01,0.02354775502431128
P1_old_full_opt,9,summer,18,1,0.01,0.025,0.015000000000000001,0.023070593052517314
P1_old_full_opt,9,summer,18,2,0.025,0.05,0.025,0.02230820813446499
P1_old_full_opt,9,summer,18,3,0.05,0.075,0.024999999999999994,0.021356966564635153
P1_old_full_opt,9,summer,18,4,0.075,0.1,0.02500000000000001,0.02040772375468735
P1_old_full_opt,9,summer,18,5,0.1,0.15,0.04999999999999999,0.018987833931332635
P1_old_full_opt,9,summer,18,6,0.15,0.2,0.05000000000000002,0.017101225236756938
P1_old_full_opt,9,summer,18,7,0.2,0.3,0.09999999999999998,0.014286935987209707
P1_old_full_opt,9,summer,18,8,0.3,0.5,0.2,0.008712043672607361
P1_old_full_opt,9,summer,19,0,0.0,0.01,0.01,0.023390847655835323
P1_old_full_opt,9,summer,19,1,0.01,0.025,0.015000000000000001,0.02291410889994997
P1_old_full_opt,9,summer,19,2,0.025,0.05,0.025,0.022152399413285506
P1_old_full_opt,9,summer,19,3,0.05,0.075,0.024999999999999994,0.02120199932100775
P1_old_full_opt,9,summer,19,4,0.075,0.1,0.02500000000000001,0.020253594761361342
P1_old_full_opt,9,summer,19,5,0.1,0.15,0.04999999999999999,0.018834955944915247
P1_old_full_opt,9,summer,19,6,0.15,0.2,0.05000000000000002,0.01695000471735874
P1_old_full_opt,9,summer,19,7,0.2,0.3,0.09999999999999998,0.014138176741483325
P1_old_full_opt,9,summer,19,8,0.3,0.5,0.2,0.008568121934954959
P1_old_full_opt,9,summer,20,0,0.0,0.01,0.01,0.023197385063566944
P1_old_full_opt,9,summer,20,1,0.01,0.025,0.015000000000000001,0.022721168028646172
P1_old_full_opt,9,summer,20,2,0.025,0.05,0.025,0.02196029117079057
P1_old_full_opt,9,summer,20,3,0.05,0.075,0.024999999999999994,0.021010928400679866
P1_old_full_opt,9,summer,20,4,0.075,0.1,0.02500000000000001,0.02006355721029806
P1_old_full_opt,9,summer,20,5,0.1,0.15,0.04999999999999999,0.01864646057948949
P1_old_full_opt,9,summer,20,6,0.15,0.2,0.05000000000000002,0.016763552623549886
P1_old_full_opt,9,summer,20,7,0.2,0.3,0.09999999999999998,0.013954758851519315
P1_old_full_opt,9,summer,20,8,0.3,0.5,0.2,0.00839066768745178
P1_old_full_opt,9,summer,21,0,0.0,0.01,0.01,0.02247926962906932
P1_old_full_opt,9,summer,21,1,0.01,0.025,0.015000000000000001,0.022004988263043163
P1_old_full_opt,9,summer,21,2,0.025,0.05,0.025,0.02124720057491869
P1_old_full_opt,9,summer,21,3,0.05,0.075,0.024999999999999994,0.020301686483907847
P1_old_full_opt,9,summer,21,4,0.075,0.1,0.02500000000000001,0.019358149293637876
P1_old_full_opt,9,summer,21,5,0.1,0.15,0.04999999999999999,0.017946774547389358
P1_old_full_opt,9,summer,21,6,0.15,0.2,0.05000000000000002,0.016071447728940307
P1_old_full_opt,9,summer,21,7,0.2,0.3,0.09999999999999998,0.013273911966830702
P1_old_full_opt,9,summer,21,8,0.3,0.5,0.2,0.007731948900148444
P1_old_full_opt,9,summer,22,0,0.0,0.01,0.01,0.021293646925574228
P1_old_full_opt,9,summer,22,1,0.01,0.025,0.015000000000000001,0.02082255824184346
P1_old_full_opt,9,summer,22,2,0.025,0.05,0.025,0.02006986581633008
P1_old_full_opt,9,summer,22,3,0.05,0.075,0.024999999999999994,0.01913069979847082
P1_old_full_opt,9,summer,22,4,0.075,0.1,0.02500000000000001,0.018193486583941702
P1_old_full_opt,9,summer,22,5,0.1,0.15,0.04999999999999999,0.016791549988334212
P1_old_full_opt,9,summer,22,6,0.15,0.2,0.05000000000000002,0.014928728455627089
P1_old_full_opt,9,summer,22,7,0.2,0.3,0.09999999999999998,0.012149763871117662
P1_old_full_opt,9,summer,22,8,0.3,0.5,0.2,0.006644305928601296
P1_old_full_opt,9,summer,23,0,0.0,0.01,0.01,0.020235918911390427
P1_old_full_opt,9,summer,23,1,0.01,0.025,0.015000000000000001,0.019767675169783207
P1_old_full_opt,9,summer,23,2,0.025,0.05,0.025,0.019019523136167837
P1_old_full_opt,9,summer,23,3,0.05,0.075,0.024999999999999994,0.018086013986736708
P1_old_full_opt,9,summer,23,4,0.075,0.1,0.02500000000000001,0.017154436279958045
P1_old_full_opt,9,summer,23,5,0.1,0.15,0.04999999999999999,0.01576091054203921
P1_old_full_opt,9,summer,23,6,0.15,0.2,0.05000000000000002,0.013909233522039205
P1_old_full_opt,9,summer,23,7,0.2,0.3,0.09999999999999998,0.011146820115651714
P1_old_full_opt,9,summer,23,8,0.3,0.5,0.2,0.005673899420070294
P1_old_full_opt,9,winter,0,0,0.0,0.01,0.01,0.02025077393925101
P1_old_full_opt,9,winter,0,1,0.01,0.025,0.015000000000000001,0.019782490256311142
P1_old_full_opt,9,winter,0,2,0.025,0.05,0.025,0.019034274493950898
P1_old_full_opt,9,winter,0,3,0.05,0.075,0.024999999999999994,0.01810068593959713
P1_old_full_opt,9,winter,0,4,0.075,0.1,0.02500000000000001,0.017169029122376937
P1_old_full_opt,9,winter,0,5,0.1,0.15,0.04999999999999999,0.015775385324121597
P1_old_full_opt,9,winter,0,6,0.15,0.2,0.05000000000000002,0.013923551862798917
P1_old_full_opt,9,winter,0,7,0.2,0.3,0.09999999999999998,0.01116090611489068
P1_old_full_opt,9,winter,0,8,0.3,0.5,0.2,0.0056875286530598534
P1_old_full_opt,9,winter,1,0,0.0,0.01,0.01,0.018718662876364422
P1_old_full_opt,9,winter,1,1,0.01,0.025,0.015000000000000001,0.01825449462862505
P1_old_full_opt,9,winter,1,2,0.025,0.05,0.025,0.017512847023661293
P1_old_full_opt,9,winter,1,3,0.05,0.075,0.024999999999999994,0.01658744186907646
P1_old_full_opt,9,winter,1,4,0.075,0.1,0.02500000000000001,0.015663937730161497
P1_old_full_opt,9,winter,1,5,0.1,0.15,0.04999999999999999,0.014282461966078356
P1_old_full_opt,9,winter,1,6,0.15,0.2,0.05000000000000002,0.012446751912102701
P1_old_full_opt,9,winter,1,7,0.2,0.3,0.09999999999999998,0.009708053091927184
P1_old_full_opt,9,winter,1,8,0.3,0.5,0.2,0.004281756515026255
P1_old_full_opt,9,winter,2,0,0.0,0.01,0.01,0.017973781258573407
P1_old_full_opt,9,winter,2,1,0.01,0.025,0.015000000000000001,0.017511611534349693
P1_old_full_opt,9,winter,2,2,0.025,0.05,0.025,0.016773153548197972
P1_old_full_opt,9,winter,2,3,0.05,0.075,0.024999999999999994,0.015851722486275314
P1_old_full_opt,9,winter,2,4,0.075,0.1,0.02500000000000001,0.014932177589188073
P1_old_full_opt,9,winter,2,5,0.1,0.15,0.04999999999999999,0.013556611237845465
P1_old_full_opt,9,winter,2,6,0.15,0.2,0.05000000000000002,0.011728731781086018
P1_old_full_opt,9,winter,2,7,0.2,0.3,0.09999999999999998,0.009001663766529807
P1_old_full_opt,9,winter,2,8,0.3,0.5,0.2,0.003598235966174382
P1_old_full_opt,9,winter,3,0,0.0,0.01,0.01,0.017548815517870464
P1_old_full_opt,9,winter,3,1,0.01,0.025,0.015000000000000001,0.017087785308878
P1_old_full_opt,9,winter,3,2,0.025,0.05,0.025,0.016351145973890202
P1_old_full_opt,9,winter,3,3,0.05,0.075,0.024999999999999994,0.01543198087034903
P1_old_full_opt,9,winter,3,4,0.075,0.1,0.02500000000000001,0.014514693498984816
P1_old_full_opt,9,winter,3,5,0.1,0.15,0.04999999999999999,0.01314249667950768
P1_old_full_opt,9,winter,3,6,0.15,0.2,0.05000000000000002,0.011319082275094147
P1_old_full_opt,9,winter,3,7,0.2,0.3,0.09999999999999998,0.008598646403395473
P1_old_full_opt,9,winter,3,8,0.3,0.5,0.2,0.0032082594668691317
P1_old_full_opt,9,winter,4,0,0.0,0.01,0.01,0.017375934422889094
P1_old_full_opt,9,winter,4,1,0.01,0.025,0.015000000000000001,0.016915367617132783
P1_old_full_opt,9,winter,4,2,0.025,0.05,0.025,0.01617946792068059
P1_old_full_opt,9,winter,4,3,0.05,0.075,0.024999999999999994,0.01526122436769695
P1_old_full_opt,9,winter,4,4,0.075,0.1,0.02500000000000001,0.014344855110625105
P1_old_full_opt,9,winter,4,5,0.1,0.15,0.04999999999999999,0.012974028671673968
P1_old_full_opt,9,winter,4,6,0.15,0.2,0.05000000000000002,0.011152430205624005
P1_old_full_opt,9,winter,4,7,0.2,0.3,0.09999999999999998,0.008434691661296097
P1_old_full_opt,9,winter,4,8,0.3,0.5,0.2,0.003049608640909099
P1_old_full_opt,9,winter,5,0,0.0,0.01,0.01,0.017534396080870485
P1_old_full_opt,9,winter,5,1,0.01,0.025,0.015000000000000001,0.0170734045108506
P1_old_full_opt,9,winter,5,2,0.025,0.05,0.025,0.016336826879967403
P1_old_full_opt,9,winter,5,3,0.05,0.075,0.024999999999999994,0.01541773864972951
P1_old_full_opt,9,winter,5,4,0.075,0.1,0.02500000000000001,0.014500527855572648
P1_old_full_opt,9,winter,5,5,0.1,0.15,0.04999999999999999,0.013128445345871046
P1_old_full_opt,9,winter,5,6,0.15,0.2,0.05000000000000002,0.011305182414110545
P1_old_full_opt,9,winter,5,7,0.2,0.3,0.09999999999999998,0.008584971531939713
P1_old_full_opt,9,winter,5,8,0.3,0.5,0.2,0.003195027006630269
P1_old_full_opt,9,winter,6,0,0.0,0.01,0.01,0.018095568527132233
P1_old_full_opt,9,winter,6,1,0.01,0.025,0.015000000000000001,0.017633072146638895
P1_old_full_opt,9,winter,6,2,0.025,0.05,0.025,0.016894092825487372
P1_old_full_opt,9,winter,6,3,0.05,0.075,0.024999999999999994,0.01597201220431999
P1_old_full_opt,9,winter,6,4,0.075,0.1,0.02500000000000001,0.015051820175561165
P1_old_full_opt,9,winter,6,5,0.1,0.15,0.04999999999999999,0.013675287928985317
P1_old_full_opt,9,winter,6,6,0.15,0.2,0.05000000000000002,0.011846128544397146
P1_old_full_opt,9,winter,6,7,0.2,0.3,0.09999999999999998,0.009117159428113088
P1_old_full_opt,9,winter,6,8,0.3,0.5,0.2,0.0037099935435075393
P1_old_full_opt,9,winter,7,0,0.0,0.01,0.01,0.019296068527467625
P1_old_full_opt,9,winter,7,1,0.01,0.025,0.015000000000000001,0.018830350068425407
P1_old_full_opt,9,winter,7,2,0.025,0.05,0.025,0.01808622831970974
P1_old_full_opt,9,winter,7,3,0.05,0.075,0.024999999999999994,0.017157740567037564
P1_old_full_opt,9,winter,7,4,0.075,0.1,0.02500000000000001,0.01623116537286528
P1_old_full_opt,9,winter,7,5,0.1,0.15,0.04999999999999999,0.014845105953280594
P1_old_full_opt,9,winter,7,6,0.15,0.2,0.05000000000000002,0.013003322182790485
P1_old_full_opt,9,winter,7,7,0.2,0.3,0.09999999999999998,0.010255602321577047
P1_old_full_opt,9,winter,7,8,0.3,0.5,0.2,0.004811569256715567
P1_old_full_opt,9,winter,8,0,0.0,0.01,0.01,0.02120353511232964
P1_old_full_opt,9,winter,8,1,0.01,0.025,0.015000000000000001,0.020732688907881824
P1_old_full_opt,9,winter,8,2,0.025,0.05,0.025,0.019980383486538633
P1_old_full_opt,9,winter,8,3,0.05,0.075,0.024999999999999994,0.019041699632583734
P1_old_full_opt,9,winter,8,4,0.075,0.1,0.02500000000000001,0.018104966761398604
P1_old_full_opt,9,winter,8,5,0.1,0.15,0.04999999999999999,0.016703747053156696
P1_old_full_opt,9,winter,8,6,0.15,0.2,0.05000000000000002,0.014841875396269239
P1_old_full_opt,9,winter,8,7,0.2,0.3,0.09999999999999998,0.01206432148172593
P1_old_full_opt,9,winter,8,8,0.3,0.5,0.2,0.006561636607697596
P1_old_full_opt,9,winter,9,0,0.0,0.01,0.01,0.02349542320874143
P1_old_full_opt,9,winter,9,1,0.01,0.025,0.015000000000000001,0.023018402398143158
P1_old_full_opt,9,winter,9,2,0.025,0.05,0.025,0.022256242767494383
P1_old_full_opt,9,winter,9,3,0.05,0.075,0.024999999999999994,0.02130528186498948
P1_old_full_opt,9,winter,9,4,0.075,0.1,0.02500000000000001,0.020356318638043984
P1_old_full_opt,9,winter,9,5,0.1,0.15,0.04999999999999999,0.01893684607513713
P1_old_full_opt,9,winter,9,6,0.15,0.2,0.05000000000000002,0.017050790209005566
P1_old_full_opt,9,winter,9,7,0.2,0.3,0.09999999999999998,0.01423732188158611
P1_old_full_opt,9,winter,9,8,0.3,0.5,0.2,0.00866404304576629
P1_old_full_opt,9,winter,10,0,0.0,0.01,0.01,0.023658672366463906
P1_old_full_opt,9,winter,10,1,0.01,0.025,0.015000000000000001,0.023181211158481336
P1_old_full_opt,9,winter,10,2,0.025,0.05,0.025,0.022418348728137083
P1_old_full_opt,9,winter,10,3,0.05,0.075,0.024999999999999994,0.02146651223917329
P1_old_full_opt,9,winter,10,4,0.075,0.1,0.02500000000000001,0.020516676788649983
P1_old_full_opt,9,winter,10,5,0.1,0.15,0.04999999999999999,0.019095902517530797
P1_old_full_opt,9,winter,10,6,0.15,0.2,0.05000000000000002,0.017208122015567866
P1_old_full_opt,9,winter,10,7,0.2,0.3,0.09999999999999998,0.014392092683709615
P1_old_full_opt,9,winter,10,8,0.3,0.5,0.2,0.008813780368187724
P1_old_full_opt,9,winter,11,0,0.0,0.01,0.01,0.023041066486817474
P1_old_full_opt,9,winter,11,1,0.01,0.025,0.015000000000000001,0.02256527092895181
P1_old_full_opt,9,winter,11,2,0.025,0.05,0.025,0.0218050667138181
P1_old_full_opt,9,winter,11,3,0.05,0.075,0.024999999999999994,0.020856541958361733
P1_old_full_opt,9,winter,11,4,0.075,0.1,0.02500000000000001,0.019910005593712914
P1_old_full_opt,9,winter,11,5,0.1,0.15,0.04999999999999999,0.018494154832376934
P1_old_full_opt,9,winter,11,6,0.15,0.2,0.05000000000000002,0.016612897577119583
P1_old_full_opt,9,winter,11,7,0.2,0.3,0.09999999999999998,0.013806555059298623
P1_old_full_opt,9,winter,11,8,0.3,0.5,0.2,0.008247281841259196
P1_old_full_opt,9,winter,12,0,0.0,0.01,0.01,0.02210561000212663
P1_old_full_opt,9,winter,12,1,0.01,0.025,0.015000000000000001,0.02163233528055993
P1_old_full_opt,9,winter,12,2,0.025,0.05,0.025,0.020876154076435727
P1_old_full_opt,9,winter,12,3,0.05,0.075,0.024999999999999994,0.01993264146428198
P1_old_full_opt,9,winter,12,4,0.075,0.1,0.02500000000000001,0.018991098138531053
P1_old_full_opt,9,winter,12,5,0.1,0.15,0.04999999999999999,0.017582699094511604
P1_old_full_opt,9,winter,12,6,0.15,0.2,0.05000000000000002,0.01571131494297328
P1_old_full_opt,9,winter,12,7,0.2,0.3,0.09999999999999998,0.012919634201231382
P1_old_full_opt,9,winter,12,8,0.3,0.5,0.2,0.007389179910992361
P1_old_full_opt,9,winter,13,0,0.0,0.01,0.01,0.02073338496684507
P1_old_full_opt,9,winter,13,1,0.01,0.025,0.015000000000000001,0.020263803583496033
P1_old_full_opt,9,winter,13,2,0.025,0.05,0.025,0.019513516749186666
P1_old_full_opt,9,winter,13,3,0.05,0.075,0.024999999999999994,0.018577347841070017
P1_old_full_opt,9,winter,13,4,0.075,0.1,0.02500000000000001,0.017643120398713734
P1_old_full_opt,9,winter,13,5,0.1,0.15,0.04999999999999999,0.016245639978816343
P1_old_full_opt,9,winter,13,6,0.15,0.2,0.05000000000000002,0.014388722898707735
P1_old_full_opt,9,winter,13,7,0.2,0.3,0.09999999999999998,0.011618527168205663
P1_old_full_opt,9,winter,13,8,0.3,0.5,0.2,0.006130307203709162
P1_old_full_opt,9,winter,14,0,0.0,0.01,0.01,0.02153437713634243
P1_old_full_opt,9,winter,14,1,0.01,0.025,0.015000000000000001,0.021062640518728266
P1_old_full_opt,9,winter,14,2,0.025,0.05,0.025,0.02030891404926849
P1_old_full_opt,9,winter,14,3,0.05,0.075,0.024999999999999994,0.019368459724719015
P1_old_full_opt,9,winter,14,4,0.075,0.1,0.02500000000000001,0.018429963093051775
P1_old_full_opt,9,winter,14,5,0.1,0.15,0.04999999999999999,0.017026111050010288
P1_old_full_opt,9,winter,14,6,0.15,0.2,0.05000000000000002,0.015160751560311376
P1_old_full_opt,9,winter,14,7,0.2,0.3,0.09999999999999998,0.01237801787267068
P1_old_full_opt,9,winter,14,8,0.3,0.5,0.2,0.0068651507760222885
P1_old_full_opt,9,winter,15,0,0.0,0.01,0.01,0.021960199965470606
P1_old_full_opt,9,winter,15,1,0.01,0.025,0.015000000000000001,0.02148731685858903
P1_old_full_opt,9,winter,15,2,0.025,0.05,0.025,0.020731760661554244
P1_old_full_opt,9,winter,15,3,0.05,0.075,0.024999999999999994,0.019789026719045925
P1_old_full_opt,9,winter,15,4,0.075,0.1,0.02500000000000001,0.018848259106228886
P1_old_full_opt,9,winter,15,5,0.1,0.15,0.04999999999999999,0.017441017764266434
P1_old_full_opt,9,winter,15,6,0.15,0.2,0.05000000000000002,0.015571167531128189
P1_old_full_opt,9,winter,15,7,0.2,0.3,0.09999999999999998,0.012781764740428251
P1_old_full_opt,9,winter,15,8,0.3,0.5,0.2,0.007255788140431291
P1_old_full_opt,9,winter,16,0,0.0,0.01,0.01,0.022409283611105058
P1_old_full_opt,9,winter,16,1,0.01,0.025,0.015000000000000001,0.021935190827511903
P1_old_full_opt,9,winter,16,2,0.025,0.05,0.025,0.021177704078727544
P1_old_full_opt,9,winter,16,3,0.05,0.075,0.024999999999999994,0.020232564921011113
P1_old_full_opt,9,winter,16,4,0.075,0.1,0.02500000000000001,0.01928940123119948
P1_old_full_opt,9,winter,16,5,0.1,0.15,0.04999999999999999,0.017878583919453964
P1_old_full_opt,9,winter,16,6,0.15,0.2,0.05000000000000002,0.016003995663004804
P1_old_full_opt,9,winter,16,7,0.2,0.3,0.09999999999999998,0.013207556689401049
P1_old_full_opt,9,winter,16,8,0.3,0.5,0.2,0.007667749474128405
P1_old_full_opt,9,winter,17,0,0.0,0.01,0.01,0.02307782368576594
P1_old_full_opt,9,winter,17,1,0.01,0.025,0.015000000000000001,0.022601929043702947
P1_old_full_opt,9,winter,17,2,0.025,0.05,0.025,0.021841566668622248
P1_old_full_opt,9,winter,17,3,0.05,0.075,0.024999999999999994,0.020892844877070663
P1_old_full_opt,9,winter,17,4,0.075,0.1,0.02500000000000001,0.01994611221413755
P1_old_full_opt,9,winter,17,5,0.1,0.15,0.04999999999999999,0.01852996851721467
P1_old_full_opt,9,winter,17,6,0.15,0.2,0.05000000000000002,0.01664832313046482
P1_old_full_opt,9,winter,17,7,0.2,0.3,0.09999999999999998,0.013841404250656834
P1_old_full_opt,9,winter,17,8,0.3,0.5,0.2,0.008280998182684518
P1_old_full_opt,9,winter,18,0,0.0,0.01,0.01,0.023065569679925346
P1_old_full_opt,9,winter,18,1,0.01,0.025,0.015000000000000001,0.02258970806235013
P1_old_full_opt,9,winter,18,2,0.025,0.05,0.025,0.021829398415104118
P1_old_full_opt,9,winter,18,3,0.05,0.075,0.024999999999999994,0.020880742313837967
P1_old_full_opt,9,winter,18,4,0.075,0.1,0.02500000000000001,0.01993407508473876
P1_old_full_opt,9,winter,18,5,0.1,0.15,0.04999999999999999,0.018518029055988875
P1_old_full_opt,9,winter,18,6,0.15,0.2,0.05000000000000002,0.016636513059689044
P1_old_full_opt,9,winter,18,7,0.2,0.3,0.09999999999999998,0.01382978633044957
P1_old_full_opt,9,winter,18,8,0.3,0.5,0.2,0.008269757933088012
P1_old_full_opt,9,winter,19,0,0.0,0.01,0.01,0.022704801069417524
P1_old_full_opt,9,winter,19,1,0.01,0.025,0.015000000000000001,0.022229911967517703
P1_old_full_opt,9,winter,19,2,0.025,0.05,0.025,0.02147115433460356
P1_old_full_opt,9,winter,19,3,0.05,0.075,0.024999999999999994,0.0205244318329223
P1_old_full_opt,9,winter,19,4,0.075,0.1,0.02500000000000001,0.01957969083591026
P1_old_full_opt,9,winter,19,5,0.1,0.15,0.04999999999999999,0.018166519507114568
P1_old_full_opt,9,winter,19,6,0.15,0.2,0.05000000000000002,0.01628881231543921
P1_old_full_opt,9,winter,19,7,0.2,0.3,0.09999999999999998,0.013487741651657396
P1_old_full_opt,9,winter,19,8,0.3,0.5,0.2,0.007938830453370488
P1_old_full_opt,9,winter,20,0,0.0,0.01,0.01,0.022123802349874322
P1_old_full_opt,9,winter,20,1,0.01,0.025,0.015000000000000001,0.021650478619896402
P1_old_full_opt,9,winter,20,2,0.025,0.05,0.025,0.02089421921835255
P1_old_full_opt,9,winter,20,3,0.05,0.075,0.024999999999999994,0.01995060917740155
P1_old_full_opt,9,winter,20,4,0.075,0.1,0.02500000000000001,0.01900896879734603
P1_old_full_opt,9,winter,20,5,0.1,0.15,0.04999999999999999,0.01760042489648506
P1_old_full_opt,9,winter,20,6,0.15,0.2,0.05000000000000002,0.015728848823995938
P1_old_full_opt,9,winter,20,7,0.2,0.3,0.09999999999999998,0.012936883063928154
P1_old_full_opt,9,winter,20,8,0.3,0.5,0.2,0.007405868528826687
P1_old_full_opt,9,winter,21,0,0.0,0.01,0.01,0.021332722809244697
P1_old_full_opt,9,winter,21,1,0.01,0.025,0.015000000000000001,0.020861528940359825
P1_old_full_opt,9,winter,21,2,0.025,0.05,0.025,0.0201086686954155
P1_old_full_opt,9,winter,21,3,0.05,0.075,0.024999999999999994,0.019169293580346695
P1_old_full_opt,9,winter,21,4,0.075,0.1,0.02500000000000001,0.018231872057010705
P1_old_full_opt,9,winter,21,5,0.1,0.15,0.04999999999999999,0.01682962457127846
P1_old_full_opt,9,winter,21,6,0.15,0.2,0.05000000000000002,0.014966391110270422
P1_old_full_opt,9,winter,21,7,0.2,0.3,0.09999999999999998,0.01218681477347883
P1_old_full_opt,9,winter,21,8,0.3,0.5,0.2,0.006680154259212645
P1_old_full_opt,9,winter,22,0,0.0,0.01,0.01,0.02052155732873706
P1_old_full_opt,9,winter,22,1,0.01,0.025,0.015000000000000001,0.020052545615327023
P1_old_full_opt,9,winter,22,2,0.025,0.05,0.025,0.019303167939977994
P1_old_full_opt,9,winter,22,3,0.05,0.075,0.024999999999999994,0.0183681317557316
P1_old_full_opt,9,winter,22,4,0.075,0.1,0.02500000000000001,0.01743503276501856
P1_old_full_opt,9,winter,22,5,0.1,0.15,0.04999999999999999,0.0160392365345452
P1_old_full_opt,9,winter,22,6,0.15,0.2,0.05000000000000002,0.014184551040293808
P1_old_full_opt,9,winter,22,7,0.2,0.3,0.09999999999999998,0.011417669549805833
P1_old_full_opt,9,winter,22,8,0.3,0.5,0.2,0.0059359649768322975
P1_old_full_opt,9,winter,23,0,0.0,0.01,0.01,0.020256716625285942
P1_old_full_opt,9,winter,23,1,0.01,0.025,0.015000000000000001,0.01978841695510769
P1_old_full_opt,9,winter,23,2,0.025,0.05,0.025,0.019040175706420692
P1_old_full_opt,9,winter,23,3,0.05,0.075,0.024999999999999994,0.018106555384438398
P1_old_full_opt,9,winter,23,4,0.075,0.1,0.02500000000000001,0.017174866924294367
P1_old_full_opt,9,winter,23,5,0.1,0.15,0.04999999999999999,0.015781175893884728
P1_old_full_opt,9,winter,23,6,0.15,0.2,0.05000000000000002,0.013929279846928705
P1_old_full_opt,9,winter,23,7,0.2,0.3,0.09999999999999998,0.011166541152906608
P1_old_full_opt,9,winter,23,8,0.3,0.5,0.2,0.005692980960594063
P1_old_full_opt,9,shoulder,0,0,0.0,0.01,0.01,0.01767291810578775
P1_old_full_opt,9,shoulder,0,1,0.01,0.025,0.015000000000000001,0.017211555177089794
P1_old_full_opt,9,shoulder,0,2,0.025,0.05,0.025,0.01647438482068997
P1_old_full_opt,9,shoulder,0,3,0.05,0.075,0.024999999999999994,0.01555455809221951
P1_old_full_opt,9,shoulder,0,4,0.075,0.1,0.02500000000000001,0.014636611550559725
P1_old_full_opt,9,shoulder,0,5,0.1,0.15,0.04999999999999999,0.013263430869536467
P1_old_full_opt,9,shoulder,0,6,0.15,0.2,0.05000000000000002,0.011438712715682583
P1_old_full_opt,9,shoulder,0,7,0.2,0.3,0.09999999999999998,0.008716340317447004
P1_old_full_opt,9,shoulder,0,8,0.3,0.5,0.2,0.00332214551978946
P1_old_full_opt,9,shoulder,1,0,0.0,0.01,0.01,0.016129564806970087
P1_old_full_opt,9,shoulder,1,1,0.01,0.025,0.015000000000000001,0.01567233661823967
P1_old_full_opt,9,shoulder,1,2,0.025,0.05,0.025,0.014941765419704822
P1_old_full_opt,9,shoulder,1,3,0.05,0.075,0.024999999999999994,0.014030161047282056
P1_old_full_opt,9,shoulder,1,4,0.075,0.1,0.02500000000000001,0.013120406354817921
P1_old_full_opt,9,shoulder,1,5,0.1,0.15,0.04999999999999999,0.01175945290404046
P1_old_full_opt,9,shoulder,1,6,0.15,0.2,0.05000000000000002,0.009950937783678167
P1_old_full_opt,9,shoulder,1,7,0.2,0.3,0.09999999999999998,0.007252633368806523
P1_old_full_opt,9,shoulder,1,8,0.3,0.5,0.2,0.0019057669215109818
P1_old_full_opt,9,shoulder,2,0,0.0,0.01,0.01,0.015495920564448373
P1_old_full_opt,9,shoulder,2,1,0.01,0.025,0.015000000000000001,0.015040388098587949
P1_old_full_opt,9,shoulder,2,2,0.025,0.05,0.025,0.014312523348714579
P1_old_full_opt,9,shoulder,2,3,0.05,0.075,0.024999999999999994,0.013404291175410091
P1_old_full_opt,9,shoulder,2,4,0.075,0.1,0.02500000000000001,0.012497896235674207
P1_old_full_opt,9,shoulder,2,5,0.1,0.15,0.04999999999999999,0.011141957704527696
P1_old_full_opt,9,shoulder,2,6,0.15,0.2,0.05000000000000002,0.009340088368238738
P1_old_full_opt,9,shoulder,2,7,0.2,0.3,0.09999999999999998,0.006651656081321096
P1_old_full_opt,9,shoulder,2,8,0.3,0.5,0.2,0.0013242042593520492
P1_old_full_opt,9,shoulder,3,0,0.0,0.01,0.01,0.01515831447803373
P1_old_full_opt,9,shoulder,3,1,0.01,0.025,0.015000000000000001,0.014703685047684488
P1_old_full_opt,9,shoulder,3,2,0.025,0.05,0.025,0.013977261600086055
P1_old_full_opt,9,shoulder,3,3,0.05,0.075,0.024999999999999994,0.013070825289220326
P1_old_full_opt,9,shoulder,3,4,0.075,0.1,0.02500000000000001,0.012166219597461444
P1_old_full_opt,9,shoulder,3,5,0.1,0.15,0.04999999999999999,0.010812951812297635
P1_old_full_opt,9,shoulder,3,6,0.15,0.2,0.05000000000000002,0.009014621797275576
P1_old_full_opt,9,shoulder,3,7,0.2,0.3,0.09999999999999998,0.006331447194503766
P1_old_full_opt,9,shoulder,3,8,0.3,0.5,0.2,0.0010143355720252517
P1_old_full_opt,9,shoulder,4,0,0.0,0.01,0.01,0.015015219545244651
P1_old_full_opt,9,shoulder,4,1,0.01,0.025,0.015000000000000001,0.014560972782070209
P1_old_full_opt,9,shoulder,4,2,0.025,0.05,0.025,0.013835160082201203
P1_old_full_opt,9,shoulder,4,3,0.05,0.075,0.024999999999999994,0.012929484776432746
P1_old_full_opt,9,shoulder,4,4,0.075,0.1,0.02500000000000001,0.012025637288070042
P1_old_full_opt,9,shoulder,4,5,0.1,0.15,0.04999999999999999,0.010673501248381902
P1_old_full_opt,9,shoulder,4,6,0.15,0.2,0.05000000000000002,0.008876671056989301
P1_old_full_opt,9,shoulder,4,7,0.2,0.3,0.09999999999999998,0.006195724473303245
P1_old_full_opt,9,shoulder,4,8,0.3,0.5,0.2,0.0008829947433387081
P1_old_full_opt,9,shoulder,5,0,0.0,0.01,0.01,0.015138660329397369
P1_old_full_opt,9,shoulder,5,1,0.01,0.025,0.015000000000000001,0.014684083465574259
P1_old_full_opt,9,shoulder,5,2,0.025,0.05,0.025,0.013957743907465625
P1_old_full_opt,9,shoulder,5,3,0.05,0.075,0.024999999999999994,0.013051412128599619
P1_old_full_opt,9,shoulder,5,4,0.075,0.1,0.02500000000000001,0.012146910584250322
P1_old_full_opt,9,shoulder,5,5,0.1,0.15,0.04999999999999999,0.01079379825337762
P1_old_full_opt,9,shoulder,5,6,0.15,0.2,0.05000000000000002,0.008995674249460125
P1_old_full_opt,9,shoulder,5,7,0.2,0.3,0.09999999999999998,0.0063128056824224305
P1_old_full_opt,9,shoulder,5,8,0.3,0.5,0.2,0.0009962959440992791
P1_old_full_opt,9,shoulder,6,0,0.0,0.01,0.01,0.015608741345704558
P1_old_full_opt,9,shoulder,6,1,0.01,0.025,0.015000000000000001,0.01515290703201962
P1_old_full_opt,9,shoulder,6,2,0.025,0.05,0.025,0.014424560523428887
P1_old_full_opt,9,shoulder,6,3,0.05,0.075,0.024999999999999994,0.01351572807799684
P1_old_full_opt,9,shoulder,6,4,0.075,0.1,0.02500000000000001,0.012608735082167973
P1_old_full_opt,9,shoulder,6,5,0.1,0.15,0.04999999999999999,0.011251903858015834
P1_old_full_opt,9,shoulder,6,6,0.15,0.2,0.05000000000000002,0.00944885151377944
P1_old_full_opt,9,shoulder,6,7,0.2,0.3,0.09999999999999998,0.006758661881923063
P1_old_full_opt,9,shoulder,6,8,0.3,0.5,0.2,0.0014277539771204856
P1_old_full_opt,9,shoulder,7,0,0.0,0.01,0.01,0.016530740249026676
P1_old_full_opt,9,shoulder,7,1,0.01,0.025,0.015000000000000001,0.016072437916650473
P1_old_full_opt,9,shoulder,7,2,0.025,0.05,0.025,0.015340152326868695
P1_old_full_opt,9,shoulder,7,3,0.05,0.075,0.024999999999999994,0.014426411848716406
P1_old_full_opt,9,shoulder,7,4,0.075,0.1,0.02500000000000001,0.013514528962529354
P1_old_full_opt,9,shoulder,7,5,0.1,0.15,0.04999999999999999,0.012150398901171203
P1_old_full_opt,9,shoulder,7,6,0.15,0.2,0.05000000000000002,0.010337674203030053
P1_old_full_opt,9,shoulder,7,7,0.2,0.3,0.09999999999999998,0.007633116715652784
P1_old_full_opt,9,shoulder,7,8,0.3,0.5,0.2,0.002273953405734358
P1_old_full_opt,9,shoulder,8,0,0.0,0.01,0.01,0.017704692760175944
P1_old_full_opt,9,shoulder,8,1,0.01,0.025,0.015000000000000001,0.017243244619733845
P1_old_full_opt,9,shoulder,8,2,0.025,0.05,0.025,0.016505938303017498
P1_old_full_opt,9,shoulder,8,3,0.05,0.075,0.024999999999999994,0.015585942153849012
P1_old_full_opt,9,shoulder,8,4,0.075,0.1,0.02500000000000001,0.014667826837486126
P1_old_full_opt,9,shoulder,8,5,0.1,0.15,0.04999999999999999,0.01329439422939033
P1_old_full_opt,9,shoulder,8,6,0.15,0.2,0.05000000000000002,0.011469342247124033
P1_old_full_opt,9,shoulder,8,7,0.2,0.3,0.09999999999999998,0.00874647399479664
P1_old_full_opt,9,shoulder,8,8,0.3,0.5,0.2,0.0033513041904655733
P1_old_full_opt,9,shoulder,9,0,0.0,0.01,0.01,0.018809280606778278
P1_old_full_opt,9,shoulder,9,1,0.01,0.025,0.015000000000000001,0.01834486914276401
P1_old_full_opt,9,shoulder,9,2,0.025,0.05,0.025,0.01760283333354762
P1_old_full_opt,9,shoulder,9,3,0.05,0.075,0.024999999999999994,0.016676944518798646
P1_old_full_opt,9,shoulder,9,4,0.075,0.1,0.02500000000000001,0.015752958519890663
P1_old_full_opt,9,shoulder,9,5,0.1,0.15,0.04999999999999999,0.014370763570547288
P1_old_full_opt,9,shoulder,9,6,0.15,0.2,0.05000000000000002,0.012534100527515354
P1_old_full_opt,9,shoulder,9,7,0.2,0.3,0.09999999999999998,0.00979398625246153
P1_old_full_opt,9,shoulder,9,8,0.3,0.5,0.2,0.004364906666920743
P1_old_full_opt,9,shoulder,10,0,0.0,0.01,0.01,0.018847308545416608
P1_old_full_opt,9,shoulder,10,1,0.01,0.025,0.015000000000000001,0.018382794999353504
P1_old_full_opt,9,shoulder,10,2,0.025,0.05,0.025,0.017640596276879972
P1_old_full_opt,9,shoulder,10,3,0.05,0.075,0.024999999999999994,0.01671450447498724
P1_old_full_opt,9,shoulder,10,4,0.075,0.1,0.02500000000000001,0.015790316256206742
P1_old_full_opt,9,shoulder,10,5,0.1,0.15,0.04999999999999999,0.01440781947583292
P1_old_full_opt,9,shoulder,10,6,0.15,0.2,0.05000000000000002,0.0125707564842048
P1_old_full_opt,9,shoulder,10,7,0.2,0.3,0.09999999999999998,0.009830048177646574
P1_old_full_opt,9,shoulder,10,8,0.3,0.5,0.2,0.004399800635770945
P1_old_full_opt,9,shoulder,11,0,0.0,0.01,0.01,0.018514374696450286
P1_old_full_opt,9,shoulder,11,1,0.01,0.025,0.015000000000000001,0.018050754713842355
P1_old_full_opt,9,shoulder,11,2,0.025,0.05,0.025,0.01730998211647572
P1_old_full_opt,9,shoulder,11,3,0.05,0.075,0.024999999999999994,0.01638566717389767
P1_old_full_opt,9,shoulder,11,4,0.075,0.1,0.02500000000000001,0.015463249163890075
P1_old_full_opt,9,shoulder,11,5,0.1,0.15,0.04999999999999999,0.0140833945117444
P1_old_full_opt,9,shoulder,11,6,0.15,0.2,0.05000000000000002,0.012249832580689676
P1_old_full_opt,9,shoulder,11,7,0.2,0.3,0.09999999999999998,0.009514324337063925
P1_old_full_opt,9,shoulder,11,8,0.3,0.5,0.2,0.004094301015967264
P1_old_full_opt,9,shoulder,12,0,0.0,0.01,0.01,0.01791584500042548
P1_old_full_opt,9,shoulder,12,1,0.01,0.025,0.015000000000000001,0.01745383064680935
P1_old_full_opt,9,shoulder,12,2,0.025,0.05,0.025,0.01671562065641452
P1_old_full_opt,9,shoulder,12,3,0.05,0.075,0.024999999999999994,0.015794498568201257
P1_old_full_opt,9,shoulder,12,4,0.075,0.1,0.02500000000000001,0.014875261499487364
P1_old_full_opt,9,shoulder,12,5,0.1,0.15,0.04999999999999999,0.01350015460253762
P1_old_full_opt,9,shoulder,12,6,0.15,0.2,0.05000000000000002,0.01167288397617677
P1_old_full_opt,9,shoulder,12,7,0.2,0.3,0.09999999999999998,0.008946720275781197
P1_old_full_opt,9,shoulder,12,8,0.3,0.5,0.2,0.0035450706189877473
P1_old_full_opt,9,shoulder,13,0,0.0,0.01,0.01,0.01707418968143748
P1_old_full_opt,9,shoulder,13,1,0.01,0.025,0.015000000000000001,0.016614431539764087
P1_old_full_opt,9,shoulder,13,2,0.025,0.05,0.025,0.015879822478618855
P1_old_full_opt,9,shoulder,13,3,0.05,0.075,0.024999999999999994,0.014963187005575532
P1_old_full_opt,9,shoulder,13,4,0.075,0.1,0.02500000000000001,0.014048419861333867
P1_old_full_opt,9,shoulder,13,5,0.1,0.15,0.04999999999999999,0.012679984721960805
P1_old_full_opt,9,shoulder,13,6,0.15,0.2,0.05000000000000002,0.010861555088066962
P1_old_full_opt,9,shoulder,13,7,0.2,0.3,0.09999999999999998,0.008148523455346337
P1_old_full_opt,9,shoulder,13,8,0.3,0.5,0.2,0.0027726960833159703
P1_old_full_opt,9,shoulder,14,0,0.0,0.01,0.01,0.01796798595785215
P1_old_full_opt,9,shoulder,14,1,0.01,0.025,0.015000000000000001,0.017505831773848013
P1_old_full_opt,9,shoulder,14,2,0.025,0.05,0.025,0.016767398599201733
P1_old_full_opt,9,shoulder,14,3,0.05,0.075,0.024999999999999994,0.015845998444806723
P1_old_full_opt,9,shoulder,14,4,0.075,0.1,0.02500000000000001,0.01492648433781551
P1_old_full_opt,9,shoulder,14,5,0.1,0.15,0.04999999999999999,0.013550963950437481
P1_old_full_opt,9,shoulder,14,6,0.15,0.2,0.05000000000000002,0.011723145390603314
P1_old_full_opt,9,shoulder,14,7,0.2,0.3,0.09999999999999998,0.008996167837968807
P1_old_full_opt,9,shoulder,14,8,0.3,0.5,0.2,0.003592917907000656
P1_old_full_opt,9,shoulder,15,0,0.0,0.01,0.01,0.018499800293335367
P1_old_full_opt,9,shoulder,15,1,0.01,0.025,0.015000000000000001,0.01803621942169838
P1_old_full_opt,9,shoulder,15,2,0.025,0.05,0.025,0.01729550923667833
P1_old_full_opt,9,shoulder,15,3,0.05,0.075,0.024999999999999994,0.016371272068749224
P1_old_full_opt,9,shoulder,15,4,0.075,0.1,0.02500000000000001,0.01544893153683446
P1_old_full_opt,9,shoulder,15,5,0.1,0.15,0.04999999999999999,0.014069192525402455
P1_old_full_opt,9,shoulder,15,6,0.15,0.2,0.05000000000000002,0.01223578383063639
P1_old_full_opt,9,shoulder,15,7,0.2,0.3,0.09999999999999998,0.009500503188791533
P1_old_full_opt,9,shoulder,15,8,0.3,0.5,0.2,0.004080927377738339
P1_old_full_opt,9,shoulder,16,0,0.0,0.01,0.01,0.01900544147494382
P1_old_full_opt,9,shoulder,16,1,0.01,0.025,0.015000000000000001,0.018540503413023525
P1_old_full_opt,9,shoulder,16,2,0.025,0.05,0.025,0.01779762716328459
P1_old_full_opt,9,shoulder,16,3,0.05,0.075,0.024999999999999994,0.016870691198015434
P1_old_full_opt,9,shoulder,16,4,0.075,0.1,0.02500000000000001,0.01594566198515112
P1_old_full_opt,9,shoulder,16,5,0.1,0.15,0.04999999999999999,0.014561909986206548
P1_old_full_opt,9,shoulder,16,6,0.15,0.2,0.05000000000000002,0.012723183722340988
P1_old_full_opt,9,shoulder,16,7,0.2,0.3,0.09999999999999998,0.009980005018482426
P1_old_full_opt,9,shoulder,16,8,0.3,0.5,0.2,0.004544900338243826
P1_old_full_opt,9,shoulder,17,0,0.0,0.01,0.01,0.019702739602170394
P1_old_full_opt,9,shoulder,17,1,0.01,0.025,0.015000000000000001,0.019235928757567928
P1_old_full_opt,9,shoulder,17,2,0.025,0.05,0.025,0.018490063588695316
P1_old_full_opt,9,shoulder,17,3,0.05,0.075,0.024999999999999994,0.017559403671358335
P1_old_full_opt,9,shoulder,17,4,0.075,0.1,0.02500000000000001,0.016630664466729665
P1_old_full_opt,9,shoulder,17,5,0.1,0.15,0.04999999999999999,0.015241375220954315
P1_old_full_opt,9,shoulder,17,6,0.15,0.2,0.05000000000000002,0.013395311727336373
P1_old_full_opt,9,shoulder,17,7,0.2,0.3,0.09999999999999998,0.01064123551107535
P1_old_full_opt,9,shoulder,17,8,0.3,0.5,0.2,0.0051847055404254105
P1_old_full_opt,9,shoulder,18,0,0.0,0.01,0.01,0.019906757336696224
P1_old_full_opt,9,shoulder,18,1,0.01,0.025,0.015000000000000001,0.019439398295595378
P1_old_full_opt,9,shoulder,18,2,0.025,0.05,0.025,0.01869265821811572
P1_old_full_opt,9,shoulder,18,3,0.05,0.075,0.024999999999999994,0.0177609082462471
P1_old_full_opt,9,shoulder,18,4,0.075,0.1,0.02500000000000001,0.016831083080368618
P1_old_full_opt,9,shoulder,18,5,0.1,0.15,0.04999999999999999,0.015440173022485685
P1_old_full_opt,9,shoulder,18,6,0.15,0.2,0.05000000000000002,0.013591961881492249
P1_old_full_opt,9,shoulder,18,7,0.2,0.3,0.09999999999999998,0.010834695955953684
P1_old_full_opt,9,shoulder,18,8,0.3,0.5,0.2,0.005371895016829664
P1_old_full_opt,9,shoulder,19,0,0.0,0.01,0.01,0.020057846562071546
P1_old_full_opt,9,shoulder,19,1,0.01,0.025,0.015000000000000001,0.019590081467668607
P1_old_full_opt,9,shoulder,19,2,0.025,0.05,0.025,0.018842693347321804
P1_old_full_opt,9,shoulder,19,3,0.05,0.075,0.024999999999999994,0.01791013596353697
P1_old_full_opt,9,shoulder,19,4,0.075,0.1,0.02500000000000001,0.01697950642597367
P1_old_full_opt,9,shoulder,19,5,0.1,0.15,0.04999999999999999,0.015587395846606848
P1_old_full_opt,9,shoulder,19,6,0.15,0.2,0.05000000000000002,0.013737593954981637
P1_old_full_opt,9,shoulder,19,7,0.2,0.3,0.09999999999999998,0.010977965459898905
P1_old_full_opt,9,shoulder,19,8,0.3,0.5,0.2,0.00551051976428428
P1_old_full_opt,9,shoulder,20,0,0.0,0.01,0.01,0.01989491776332175
P1_old_full_opt,9,shoulder,20,1,0.01,0.025,0.015000000000000001,0.01942759054326393
P1_old_full_opt,9,shoulder,20,2,0.025,0.05,0.025,0.018680901240507586
P1_old_full_opt,9,shoulder,20,3,0.05,0.075,0.024999999999999994,0.017749214528626215
P1_old_full_opt,9,shoulder,20,4,0.075,0.1,0.02500000000000001,0.016819452390579574
P1_old_full_opt,9,shoulder,20,5,0.1,0.15,0.04999999999999999,0.015428636403347077
P1_old_full_opt,9,shoulder,20,6,0.15,0.2,0.05000000000000002,0.013580549901737177
P1_old_full_opt,9,shoulder,20,7,0.2,0.3,0.09999999999999998,0.010823469099952994
P1_old_full_opt,9,shoulder,20,8,0.3,0.5,0.2,0.00536103210651076
P1_old_full_opt,9,shoulder,21,0,0.0,0.01,0.01,0.019275488602420177
P1_old_full_opt,9,shoulder,21,1,0.01,0.025,0.015000000000000001,0.01880982541072144
P1_old_full_opt,9,shoulder,21,2,0.025,0.05,0.025,0.018065791867513115
P1_old_full_opt,9,shoulder,21,3,0.05,0.075,0.024999999999999994,0.017137414015849787
P1_old_full_opt,9,shoulder,21,4,0.075,0.1,0.02500000000000001,0.016210948313242206
P1_old_full_opt,9,shoulder,21,5,0.1,0.15,0.04999999999999999,0.014825052305645906
P1_old_full_opt,9,shoulder,21,6,0.15,0.2,0.05000000000000002,0.012983485072928232
P1_old_full_opt,9,shoulder,21,7,0.2,0.3,0.09999999999999998,0.010236086817251301
P1_old_full_opt,9,shoulder,21,8,0.3,0.5,0.2,0.004792686061092094
P1_old_full_opt,9,shoulder,22,0,0.0,0.01,0.01,0.018587281909311637
P1_old_full_opt,9,shoulder,22,1,0.01,0.025,0.015000000000000001,0.018123466280785722
P1_old_full_opt,9,shoulder,22,2,0.025,0.05,0.025,0.017382381421259252
P1_old_full_opt,9,shoulder,22,3,0.05,0.075,0.024999999999999994,0.016457677428015075
P1_old_full_opt,9,shoulder,22,4,0.075,0.1,0.02500000000000001,0.01553487181879531
P1_old_full_opt,9,shoulder,22,5,0.1,0.15,0.04999999999999999,0.0141544386520201
P1_old_full_opt,9,shoulder,22,6,0.15,0.2,0.05000000000000002,0.012320110140136838
P1_old_full_opt,9,shoulder,22,7,0.2,0.3,0.09999999999999998,0.009583463293283275
P1_old_full_opt,9,shoulder,22,8,0.3,0.5,0.2,0.0041612012658488046
P1_old_full_opt,9,shoulder,23,0,0.0,0.01,0.01,0.01813329787953566
P1_old_full_opt,9,shoulder,23,1,0.01,0.025,0.015000000000000001,0.01767070030134025
P1_old_full_opt,9,shoulder,23,2,0.025,0.05,0.025,0.016931559454261835
P1_old_full_opt,9,shoulder,23,3,0.05,0.075,0.024999999999999994,0.016009277585424257
P1_old_full_opt,9,shoulder,23,4,0.075,0.1,0.02500000000000001,0.015088885062915497
P1_old_full_opt,9,shoulder,23,5,0.1,0.15,0.04999999999999999,0.01371205355981259
P1_old_full_opt,9,shoulder,23,6,0.15,0.2,0.05000000000000002,0.011882497627624385
P1_old_full_opt,9,shoulder,23,7,0.2,0.3,0.09999999999999998,0.00915293951562979
P1_old_full_opt,9,shoulder,23,8,0.3,0.5,0.2,0.003744615508745608
P2_dev_run1,1,summer,0,0,0.0,0.5,0.5,0.00857843372017597
P2_dev_run1,1,summer,1,0,0.0,0.5,0.5,0.006861390452814781
P2_dev_run1,1,summer,2,0,0.0,0.5,0.5,0.0061354862701022694
P2_dev_run1,1,summer,3,0,0.0,0.5,0.5,0.005694741516833385
P2_dev_run1,1,summer,4,0,0.0,0.5,0.5,0.005431925127180354
P2_dev_run1,1,summer,5,0,0.0,0.5,0.5,0.0054129903458951245
P2_dev_run1,1,summer,6,0,0.0,0.5,0.5,0.005689314427313019
P2_dev_run1,1,summer,7,0,0.0,0.5,0.5,0.0065812573734816415
P2_dev_run1,1,summer,8,0,0.0,0.5,0.5,0.008013436230414533
P2_dev_run1,1,summer,9,0,0.0,0.5,0.5,0.009901722228714438
P2_dev_run1,1,summer,10,0,0.0,0.5,0.5,0.010976691197797928
P2_dev_run1,1,summer,11,0,0.0,0.5,0.5,0.011317683939337075
P2_dev_run1,1,summer,12,0,0.0,0.5,0.5,0.011175925125058328
P2_dev_run1,1,summer,13,0,0.0,0.5,0.5,0.010619776725807384
P2_dev_run1,1,summer,14,0,0.0,0.5,0.5,0.011526396486138513
P2_dev_run1,1,summer,15,0,0.0,0.5,0.5,0.011994891144971154
P2_dev_run1,1,summer,16,0,0.0,0.5,0.5,0.01225201386120689
P2_dev_run1,1,summer,17,0,0.0,0.5,0.5,0.012706719013599321
P2_dev_run1,1,summer,18,0,0.0,0.5,0.5,0.012662613523152011
P2_dev_run1,1,summer,19,0,0.0,0.5,0.5,0.012512818206584175
P2_dev_run1,1,summer,20,0,0.0,0.5,0.5,0.01232812474767736
P2_dev_run1,1,summer,21,0,0.0,0.5,0.5,0.01164256128277652
P2_dev_run1,1,summer,22,0,0.0,0.5,0.5,0.01051068907958247
P2_dev_run1,1,summer,23,0,0.0,0.5,0.5,0.009500921121234074
P2_dev_run1,1,winter,0,0,0.0,0.5,0.5,0.009515102524550734
P2_dev_run1,1,winter,1,0,0.0,0.5,0.5,0.008052475805259224
P2_dev_run1,1,winter,2,0,0.0,0.5,0.5,0.007341383083612069
P2_dev_run1,1,winter,3,0,0.0,0.5,0.5,0.006935696625383819
P2_dev_run1,1,winter,4,0,0.0,0.5,0.5,0.006770659037570903
P2_dev_run1,1,winter,5,0,0.0,0.5,0.5,0.006921931372193463
P2_dev_run1,1,winter,6,0,0.0,0.5,0.5,0.007457645570860261
P2_dev_run1,1,winter,7,0,0.0,0.5,0.5,0.008603692760035836
P2_dev_run1,1,winter,8,0,0.0,0.5,0.5,0.010424662852422717
P2_dev_run1,1,winter,9,0,0.0,0.5,0.5,0.012612653715284639
P2_dev_run1,1,winter,10,0,0.0,0.5,0.5,0.012768503440164392
P2_dev_run1,1,winter,11,0,0.0,0.5,0.5,0.012178891811060855
P2_dev_run1,1,winter,12,0,0.0,0.5,0.5,0.011285840700522465
P2_dev_run1,1,winter,13,0,0.0,0.5,0.5,0.00997582984104195
P2_dev_run1,1,winter,14,0,0.0,0.5,0.5,0.010740505015885748
P2_dev_run1,1,winter,15,0,0.0,0.5,0.5,0.011147022725192302
P2_dev_run1,1,winter,16,0,0.0,0.5,0.5,0.011575747874993991
P2_dev_run1,1,winter,17,0,0.0,0.5,0.5,0.012213982876080054
P2_dev_run1,1,winter,18,0,0.0,0.5,0.5,0.012202284312293366
P2_dev_run1,1,winter,19,0,0.0,0.5,0.5,0.011857869162146262
P2_dev_run1,1,winter,20,0,0.0,0.5,0.5,0.011303208315476154
P2_dev_run1,1,winter,21,0,0.0,0.5,0.5,0.01054799329666084
P2_dev_run1,1,winter,22,0,0.0,0.5,0.5,0.009773607200522949
P2_dev_run1,1,winter,23,0,0.0,0.5,0.5,0.009520775731415798
P2_dev_run1,1,shoulder,0,0,0.0,0.5,0.5,0.0070541689210930625
P2_dev_run1,1,shoulder,1,0,0.0,0.5,0.5,0.0055808451589750285
P2_dev_run1,1,shoulder,2,0,0.0,0.5,0.5,0.004975959549585712
P2_dev_run1,1,shoulder,3,0,0.0,0.5,0.5,0.004653677862719863
P2_dev_run1,1,shoulder,4,0,0.0,0.5,0.5,0.004517078591962098
P2_dev_run1,1,shoulder,5,0,0.0,0.5,0.5,0.00463491588572959
P2_dev_run1,1,shoulder,6,0,0.0,0.5,0.5,0.005083659518579975
P2_dev_run1,1,shoulder,7,0,0.0,0.5,0.5,0.005963815022194757
P2_dev_run1,1,shoulder,8,0,0.0,0.5,0.5,0.007084502034648527
P2_dev_run1,1,shoulder,9,0,0.0,0.5,0.5,0.008138983318306536
P2_dev_run1,1,shoulder,10,0,0.0,0.5,0.5,0.008175286411825966
P2_dev_run1,1,shoulder,11,0,0.0,0.5,0.5,0.007857453954205396
P2_dev_run1,1,shoulder,12,0,0.0,0.5,0.5,0.0072860751008054225
P2_dev_run1,1,shoulder,13,0,0.0,0.5,0.5,0.006482604972620126
P2_dev_run1,1,shoulder,14,0,0.0,0.5,0.5,0.007335850686587486
P2_dev_run1,1,shoulder,15,0,0.0,0.5,0.5,0.007843540644633218
P2_dev_run1,1,shoulder,16,0,0.0,0.5,0.5,0.008326246995347009
P2_dev_run1,1,shoulder,17,0,0.0,0.5,0.5,0.00899192055299719
P2_dev_run1,1,shoulder,18,0,0.0,0.5,0.5,0.009186686192013432
P2_dev_run1,1,shoulder,19,0,0.0,0.5,0.5,0.009330923802989083
P2_dev_run1,1,shoulder,20,0,0.0,0.5,0.5,0.009175383528255893
P2_dev_run1,1,shoulder,21,0,0.0,0.5,0.5,0.00858404620503192
P2_dev_run1,1,shoulder,22,0,0.0,0.5,0.5,0.00792705412299538
P2_dev_run1,1,shoulder,23,0,0.0,0.5,0.5,0.007493663391170274
P2_dev_run1,2,summer,0,0,0.0,0.025,0.025,0.019293425173900758
P2_dev_run1,2,summer,0,1,0.025,0.5,0.475,0.008014486801558878
P2_dev_run1,2,summer,1,0,0.0,0.025,0.025,0.017459659837346653
P2_dev_run1,2,summer,1,1,0.025,0.5,0.475,0.006303586800997314
P2_dev_run1,2,summer,2,0,0.0,0.025,0.025,0.016684483197773603
P2_dev_run1,2,summer,2,1,0.025,0.5,0.475,0.005580275905487989
P2_dev_run1,2,summer,3,0,0.0,0.025,0.025,0.016213843029211916
P2_dev_run1,2,summer,3,1,0.025,0.5,0.475,0.005141104595129252
P2_dev_run1,2,summer,4,0,0.0,0.025,0.025,0.015933207570139607
P2_dev_run1,2,summer,4,1,0.025,0.5,0.475,0.00487922605123513
P2_dev_run1,2,summer,5,0,0.0,0.025,0.025,0.015912989222897633
P2_dev_run1,2,summer,5,1,0.025,0.5,0.475,0.004860358826052887
P2_dev_run1,2,summer,6,0,0.0,0.025,0.025,0.016208047922371405
P2_dev_run1,2,summer,6,1,0.025,0.5,0.475,0.005135696874941526
P2_dev_run1,2,summer,7,0,0.0,0.025,0.025,0.017160506914167817
P2_dev_run1,2,summer,7,1,0.025,0.5,0.475,0.0060244547660771065
P2_dev_run1,2,summer,8,0,0.0,0.025,0.025,0.018689992931895105
P2_dev_run1,2,summer,8,1,0.025,0.5,0.475,0.007451512193494504
P2_dev_run1,2,summer,9,0,0.0,0.025,0.025,0.020706836730547407
P2_dev_run1,2,summer,9,1,0.025,0.5,0.475,0.009333031991775861
P2_dev_run1,2,summer,10,0,0.0,0.025,0.025,0.021855125237640882
P2_dev_run1,2,summer,10,1,0.025,0.5,0.475,0.010404142037806194
P2_dev_run1,2,summer,11,0,0.0,0.025,0.025,0.02221939619181823
P2_dev_run1,2,summer,11,1,0.025,0.5,0.475,0.01074390961025912
P2_dev_run1,2,summer,12,0,0.0,0.025,0.025,0.02206795887200963
P2_dev_run1,2,summer,12,1,0.025,0.5,0.475,0.01060266019100826
P2_dev_run1,2,summer,13,0,0.0,0.025,0.025,0.021473856172335992
P2_dev_run1,2,summer,13,1,0.025,0.5,0.475,0.010048509386516405
P2_dev_run1,2,summer,14,0,0.0,0.025,0.025,0.02244236157208479
P2_dev_run1,2,summer,14,1,0.025,0.5,0.475,0.010951872007930814
P2_dev_run1,2,summer,15,0,0.0,0.025,0.025,0.022942862877125547
P2_dev_run1,2,summer,15,1,0.025,0.5,0.475,0.011418682106436713
P2_dev_run1,2,summer,16,0,0.0,0.025,0.025,0.02321755964627803
P2_dev_run1,2,summer,16,1,0.025,0.5,0.475,0.011674879872518935
P2_dev_run1,2,summer,17,0,0.0,0.025,0.025,0.023703357182893736
P2_dev_run1,2,summer,17,1,0.025,0.5,0.475,0.012127948583636458
P2_dev_run1,2,summer,18,0,0.0,0.025,0.025,0.023656235021779493
P2_dev_run1,2,summer,18,1,0.025,0.5,0.475,0.012084001865329512
P2_dev_run1,2,summer,19,0,0.0,0.025,0.025,0.023496195431791378
P2_dev_run1,2,summer,19,1,0.025,0.5,0.475,0.011934745721046955
P2_dev_run1,2,summer,20,0,0.0,0.025,0.025,0.023298873709378665
P2_dev_run1,2,summer,20,1,0.025,0.5,0.475,0.011750716907587819
P2_dev_run1,2,summer,21,0,0.0,0.025,0.025,0.02256646078567126
P2_dev_run1,2,summer,21,1,0.025,0.5,0.475,0.011067619203676797
P2_dev_run1,2,summer,22,0,0.0,0.025,0.025,0.021357326914522856
P2_dev_run1,2,summer,22,1,0.025,0.5,0.475,0.009939813404059292
P2_dev_run1,2,summer,23,0,0.0,0.025,0.025,0.02027872341571424
P2_dev_run1,2,summer,23,1,0.025,0.5,0.475,0.008933668368893012
P2_dev_run1,2,winter,0,0,0.0,0.025,0.025,0.02029387096700974
P2_dev_run1,2,winter,0,1,0.025,0.5,0.475,0.00894779892231605
P2_dev_run1,2,winter,1,0,0.0,0.025,0.025,0.018731687371523198
P2_dev_run1,2,winter,1,1,0.025,0.5,0.475,0.007490412038613752
P2_dev_run1,2,winter,2,0,0.0,0.025,0.025,0.01797225700949312
P2_dev_run1,2,winter,2,1,0.025,0.5,0.475,0.00678186340330254
P2_dev_run1,2,winter,3,0,0.0,0.025,0.025,0.01753901217035836
P2_dev_run1,2,winter,3,1,0.025,0.5,0.475,0.006377627386174633
P2_dev_run1,2,winter,4,0,0.0,0.025,0.025,0.01736276743327103
P2_dev_run1,2,winter,4,1,0.025,0.5,0.475,0.006213179648323528
P2_dev_run1,2,winter,5,0,0.0,0.025,0.025,0.017524312078250337
P2_dev_run1,2,winter,5,1,0.025,0.5,0.475,0.006363911335032575
P2_dev_run1,2,winter,6,0,0.0,0.025,0.025,0.01809641975067
P2_dev_run1,2,winter,6,1,0.025,0.5,0.475,0.00689771008771238
P2_dev_run1,2,winter,7,0,0.0,0.025,0.025,0.019320403117111806
P2_dev_run1,2,winter,7,1,0.025,0.5,0.475,0.008039655372821312
P2_dev_run1,2,winter,8,0,0.0,0.025,0.025,0.02126543296171235
P2_dev_run1,2,winter,8,1,0.025,0.5,0.475,0.009854096004565369
P2_dev_run1,2,winter,9,0,0.0,0.025,0.025,0.02360285832809561
P2_dev_run1,2,winter,9,1,0.025,0.5,0.475,0.012034221893557746
P2_dev_run1,2,winter,10,0,0.0,0.025,0.025,0.02376936774372229
P2_dev_run1,2,winter,10,1,0.025,0.5,0.475,0.012189510582082397
P2_dev_run1,2,winter,11,0,0.0,0.025,0.025,0.023139439208046397
P2_dev_run1,2,winter,11,1,0.025,0.5,0.475,0.011602020895430037
P2_dev_run1,2,winter,12,0,0.0,0.025,0.025,0.022185378728366567
P2_dev_run1,2,winter,12,1,0.025,0.5,0.475,0.010712180804320143
P2_dev_run1,2,winter,13,0,0.0,0.025,0.025,0.02078599581634366
P2_dev_run1,2,winter,13,1,0.025,0.5,0.475,0.009406873737078703
P2_dev_run1,2,winter,14,0,0.0,0.025,0.025,0.021602821334906208
P2_dev_run1,2,winter,14,1,0.025,0.5,0.475,0.010168804156989935
P2_dev_run1,2,winter,15,0,0.0,0.025,0.025,0.022037083388043444
P2_dev_run1,2,winter,15,1,0.025,0.5,0.475,0.01057386163767382
P2_dev_run1,2,winter,16,0,0.0,0.025,0.025,0.02249508367795139
P2_dev_run1,2,winter,16,1,0.025,0.5,0.475,0.011001045990627813
P2_dev_run1,2,winter,17,0,0.0,0.025,0.025,0.023176928929404816
P2_dev_run1,2,winter,17,1,0.025,0.5,0.475,0.011636985715378752
P2_dev_run1,2,winter,18,0,0.0,0.025,0.025,0.023164430699068594
P2_dev_run1,2,winter,18,1,0.025,0.5,0.475,0.011625329239305196
P2_dev_run1,2,winter,19,0,0.0,0.025,0.025,0.022796477886644073
P2_dev_run1,2,winter,19,1,0.025,0.5,0.475,0.011282152913488483
P2_dev_run1,2,winter,20,0,0.0,0.025,0.025,0.022203932176323438
P2_dev_run1,2,winter,20,1,0.025,0.5,0.475,0.010729486007010508
P2_dev_run1,2,winter,21,0,0.0,0.025,0.025,0.021397175794500845
P2_dev_run1,2,winter,21,1,0.025,0.5,0.475,0.009976983691511367
P2_dev_run1,2,winter,22,0,0.0,0.025,0.025,0.020569989957014423
P2_dev_run1,2,winter,22,1,0.025,0.5,0.475,0.009205376529128662
P2_dev_run1,2,winter,23,0,0.0,0.025,0.025,0.02029993068407787
P2_dev_run1,2,winter,23,1,0.025,0.5,0.475,0.008953451786538847
P2_dev_run1,2,shoulder,0,0,0.0,0.025,0.025,0.01766553090848999
P2_dev_run1,2,shoulder,0,1,0.025,0.5,0.475,0.006495676184914277
P2_dev_run1,2,shoulder,1,0,0.0,0.025,0.025,0.016092223753233492
P2_dev_run1,2,shoulder,1,1,0.025,0.5,0.475,0.005027614706645636
P2_dev_run1,2,shoulder,2,0,0.0,0.025,0.025,0.01544634075229423
P2_dev_run1,2,shoulder,2,1,0.025,0.5,0.475,0.004424886854706317
P2_dev_run1,2,shoulder,3,0,0.0,0.025,0.025,0.015102227962870973
P2_dev_run1,2,shoulder,3,1,0.025,0.5,0.475,0.004103754173238225
P2_dev_run1,2,shoulder,4,0,0.0,0.025,0.025,0.014956378124346692
P2_dev_run1,2,shoulder,4,1,0.025,0.5,0.475,0.003967641774468172
P2_dev_run1,2,shoulder,5,0,0.0,0.025,0.025,0.015082195323997127
P2_dev_run1,2,shoulder,5,1,0.025,0.5,0.475,0.004085059073189194
P2_dev_run1,2,shoulder,6,0,0.0,0.025,0.025,0.015561338121724555
P2_dev_run1,2,shoulder,6,1,0.025,0.5,0.475,0.004532202749993418
P2_dev_run1,2,shoulder,7,0,0.0,0.025,0.025,0.01650116570844573
P2_dev_run1,2,shoulder,7,1,0.025,0.5,0.475,0.0054092176176552325
P2_dev_run1,2,shoulder,8,0,0.0,0.025,0.025,0.017697924383927033
P2_dev_run1,2,shoulder,8,1,0.025,0.5,0.475,0.006525900858370711
P2_dev_run1,2,shoulder,9,0,0.0,0.025,0.025,0.018824078238787734
P2_dev_run1,2,shoulder,9,1,0.025,0.5,0.475,0.007576609901439105
P2_dev_run1,2,shoulder,10,0,0.0,0.025,0.025,0.01886285048482428
P2_dev_run1,2,shoulder,10,1,0.025,0.5,0.475,0.007612783039562897
P2_dev_run1,2,shoulder,11,0,0.0,0.025,0.025,0.018523404428475998
P2_dev_run1,2,shoulder,11,1,0.025,0.5,0.475,0.007296088139770101
P2_dev_run1,2,shoulder,12,0,0.0,0.025,0.025,0.017913191139041773
P2_dev_run1,2,shoulder,12,1,0.025,0.5,0.475,0.006726753204056141
P2_dev_run1,2,shoulder,13,0,0.0,0.025,0.025,0.017055157976484936
P2_dev_run1,2,shoulder,13,1,0.025,0.5,0.475,0.005926154814521979
P2_dev_run1,2,shoulder,14,0,0.0,0.025,0.025,0.01796634870444569
P2_dev_run1,2,shoulder,14,1,0.025,0.5,0.475,0.006776350790910739
P2_dev_run1,2,shoulder,15,0,0.0,0.025,0.025,0.01850854516143363
P2_dev_run1,2,shoulder,15,1,0.025,0.5,0.475,0.007282224617433196
P2_dev_run1,2,shoulder,16,0,0.0,0.025,0.025,0.019024079802389404
P2_dev_run1,2,shoulder,16,1,0.025,0.5,0.475,0.007763203163397409
P2_dev_run1,2,shoulder,17,0,0.0,0.025,0.025,0.019735056921174055
P2_dev_run1,2,shoulder,17,1,0.025,0.5,0.475,0.008426492323093145
P2_dev_run1,2,shoulder,18,0,0.0,0.025,0.025,0.019943084676509182
P2_dev_run1,2,shoulder,18,1,0.025,0.5,0.475,0.008620559955987341
P2_dev_run1,2,shoulder,19,0,0.0,0.025,0.025,0.020097145866030397
P2_dev_run1,2,shoulder,19,1,0.025,0.5,0.475,0.008764280536513224
P2_dev_run1,2,shoulder,20,0,0.0,0.025,0.025,0.019931012298848305
P2_dev_run1,2,shoulder,20,1,0.025,0.5,0.475,0.008609297803487872
P2_dev_run1,2,shoulder,21,0,0.0,0.025,0.025,0.019299419590535494
P2_dev_run1,2,shoulder,21,1,0.025,0.5,0.475,0.008020079184742259
P2_dev_run1,2,shoulder,22,0,0.0,0.025,0.025,0.01859773690164157
P2_dev_run1,2,shoulder,22,1,0.025,0.5,0.475,0.007365439239908739
P2_dev_run1,2,shoulder,23,0,0.0,0.025,0.025,0.01813488527503626
P2_dev_run1,2,shoulder,23,1,0.025,0.5,0.475,0.006933599081493117
P2_dev_run1,4,summer,0,0,0.0,0.01,0.01,0.019637842040749753
P2_dev_run1,4,summer,0,1,0.01,0.025,0.015000000000000001,0.01906381392933476
P2_dev_run1,4,summer,0,2,0.025,0.05,0.025,0.018147058294964435
P2_dev_run1,4,summer,0,3,0.05,0.5,0.45,0.0074515661630363455
P2_dev_run1,4,summer,1,0,0.0,0.01,0.01,0.017800274384334458
P2_dev_run1,4,summer,1,1,0.01,0.025,0.015000000000000001,0.017232583472688114
P2_dev_run1,4,summer,1,2,0.025,0.05,0.025,0.016325934539997422
P2_dev_run1,4,summer,1,3,0.05,0.5,0.45,0.0057467897043861965
P2_dev_run1,4,summer,2,0,0.0,0.01,0.01,0.01702349293888905
P2_dev_run1,4,summer,2,1,0.01,0.025,0.015000000000000001,0.016458476703696635
P2_dev_run1,4,summer,2,2,0.025,0.05,0.025,0.015556093482730349
P2_dev_run1,4,summer,2,3,0.05,0.5,0.45,0.005026063817863413
P2_dev_run1,4,summer,3,0,0.0,0.01,0.01,0.016551879157612748
P2_dev_run1,4,summer,3,1,0.01,0.025,0.015000000000000001,0.015988485610278026
P2_dev_run1,4,summer,3,2,0.025,0.05,0.025,0.015088690354461143
P2_dev_run1,4,summer,3,3,0.05,0.5,0.45,0.004588460941833035
P2_dev_run1,4,summer,4,0,0.0,0.01,0.01,0.016270663415821063
P2_dev_run1,4,summer,4,1,0.01,0.025,0.015000000000000001,0.015708237006351967
P2_dev_run1,4,summer,4,2,0.025,0.05,0.025,0.014809984239234075
P2_dev_run1,4,summer,4,3,0.05,0.5,0.45,0.004327517263012966
P2_dev_run1,4,summer,5,0,0.0,0.01,0.01,0.016250403268433522
P2_dev_run1,4,summer,5,1,0.01,0.025,0.015000000000000001,0.015688046525873706
P2_dev_run1,4,summer,5,2,0.025,0.05,0.025,0.014789904864157544
P2_dev_run1,4,summer,5,3,0.05,0.5,0.45,0.004308717379491517
P2_dev_run1,4,summer,6,0,0.0,0.01,0.01,0.016546072071899065
P2_dev_run1,4,summer,6,1,0.01,0.025,0.015000000000000001,0.015982698489352964
P2_dev_run1,4,summer,6,2,0.025,0.05,0.025,0.015082935096626393
P2_dev_run1,4,summer,6,3,0.05,0.5,0.45,0.004583072529292366
P2_dev_run1,4,summer,7,0,0.0,0.01,0.01,0.01750050196611813
P2_dev_run1,4,summer,7,1,0.01,0.025,0.015000000000000001,0.01693384354620094
P2_dev_run1,4,summer,7,2,0.025,0.05,0.025,0.016028841283389772
P2_dev_run1,4,summer,7,3,0.05,0.5,0.45,0.005468655515115291
P2_dev_run1,4,summer,8,0,0.0,0.01,0.01,0.019033157647772858
P2_dev_run1,4,summer,8,1,0.01,0.025,0.015000000000000001,0.01846121645464327
P2_dev_run1,4,summer,8,2,0.025,0.05,0.025,0.017547789047718254
P2_dev_run1,4,summer,8,3,0.05,0.5,0.45,0.006890607923815406
P2_dev_run1,4,summer,9,0,0.0,0.01,0.01,0.021054190080052604
P2_dev_run1,4,summer,9,1,0.01,0.025,0.015000000000000001,0.020475267830877275
P2_dev_run1,4,summer,9,2,0.025,0.05,0.025,0.019550707094981856
P2_dev_run1,4,summer,9,3,0.05,0.5,0.45,0.008765383374931083
P2_dev_run1,4,summer,10,0,0.0,0.01,0.01,0.022204867983047216
P2_dev_run1,4,summer,10,1,0.01,0.025,0.015000000000000001,0.021621963407369993
P2_dev_run1,4,summer,10,2,0.025,0.05,0.025,0.020691051858554577
P2_dev_run1,4,summer,10,3,0.05,0.5,0.45,0.009832647047764617
P2_dev_run1,4,summer,11,0,0.0,0.01,0.01,0.022569897618723855
P2_dev_run1,4,summer,11,1,0.01,0.025,0.015000000000000001,0.021985728573881147
P2_dev_run1,4,summer,11,2,0.025,0.05,0.025,0.021052800520218184
P2_dev_run1,4,summer,11,3,0.05,0.5,0.45,0.010171193448594728
P2_dev_run1,4,summer,12,0,0.0,0.01,0.01,0.022418144848196375
P2_dev_run1,4,summer,12,1,0.01,0.025,0.015000000000000001,0.0218345015545518
P2_dev_run1,4,summer,12,2,0.025,0.05,0.025,0.020902411924207387
P2_dev_run1,4,summer,12,3,0.05,0.5,0.45,0.010030451761386085
P2_dev_run1,4,summer,13,0,0.0,0.01,0.01,0.021822805192023287
P2_dev_run1,4,summer,13,1,0.01,0.025,0.015000000000000001,0.02124122349254446
P2_dev_run1,4,summer,13,2,0.025,0.05,0.025,0.02031242160515867
P2_dev_run1,4,summer,13,3,0.05,0.5,0.45,0.009478292041036278
P2_dev_run1,4,summer,14,0,0.0,0.01,0.01,0.022793327553860543
P2_dev_run1,4,summer,14,1,0.01,0.025,0.015000000000000001,0.022208384250900954
P2_dev_run1,4,summer,14,2,0.025,0.05,0.025,0.021274221487027623
P2_dev_run1,4,summer,14,3,0.05,0.5,0.45,0.01037840814798099
P2_dev_run1,4,summer,15,0,0.0,0.01,0.01,0.023294872109425047
P2_dev_run1,4,summer,15,1,0.01,0.025,0.015000000000000001,0.022708190055592544
P2_dev_run1,4,summer,15,2,0.025,0.05,0.025,0.021771254439635346
P2_dev_run1,4,summer,15,3,0.05,0.5,0.45,0.010843539199036788
P2_dev_run1,4,summer,16,0,0.0,0.01,0.01,0.023570141738746275
P2_dev_run1,4,summer,16,1,0.01,0.025,0.015000000000000001,0.022982504917965864
P2_dev_run1,4,summer,16,2,0.025,0.05,0.025,0.022044046738264322
P2_dev_run1,4,summer,16,3,0.05,0.5,0.45,0.011098815046644192
P2_dev_run1,4,summer,17,0,0.0,0.01,0.01,0.02405695283276832
P2_dev_run1,4,summer,17,1,0.01,0.025,0.015000000000000001,0.023467626749644012
P2_dev_run1,4,summer,17,2,0.025,0.05,0.025,0.022526474682869058
P2_dev_run1,4,summer,17,3,0.05,0.5,0.45,0.011550252689234645
P2_dev_run1,4,summer,18,0,0.0,0.01,0.01,0.024009732339927425
P2_dev_run1,4,summer,18,1,0.01,0.025,0.015000000000000001,0.023420570143014203
P2_dev_run1,4,summer,18,2,0.025,0.05,0.025,0.022479679459935786
P2_dev_run1,4,summer,18,3,0.05,0.5,0.45,0.011506464221184719
P2_dev_run1,4,summer,19,0,0.0,0.01,0.01,0.02384935879434502
P2_dev_run1,4,summer,19,1,0.01,0.025,0.015000000000000001,0.023260753190088947
P2_dev_run1,4,summer,19,2,0.025,0.05,0.025,0.022320750096300745
P2_dev_run1,4,summer,19,3,0.05,0.5,0.45,0.011357745477977299
P2_dev_run1,4,summer,20,0,0.0,0.01,0.01,0.02365162540730048
P2_dev_run1,4,summer,20,1,0.01,0.025,0.015000000000000001,0.023063705910764117
P2_dev_run1,4,summer,20,2,0.025,0.05,0.025,0.022124796925899748
P2_dev_run1,4,summer,20,3,0.05,0.5,0.45,0.01117437912879271
P2_dev_run1,4,summer,21,0,0.0,0.01,0.01,0.022917685382767283
P2_dev_run1,4,summer,21,1,0.01,0.025,0.015000000000000001,0.02233231105427391
P2_dev_run1,4,summer,21,2,0.025,0.05,0.025,0.021397460920312694
P2_dev_run1,4,summer,21,3,0.05,0.5,0.45,0.010493739108308135
P2_dev_run1,4,summer,22,0,0.0,0.01,0.01,0.021706033419874315
P2_dev_run1,4,summer,22,1,0.01,0.025,0.015000000000000001,0.021124855910955215
P2_dev_run1,4,summer,22,2,0.025,0.05,0.025,0.020196698614289854
P2_dev_run1,4,summer,22,3,0.05,0.5,0.45,0.009369986447935371
P2_dev_run1,4,summer,23,0,0.0,0.01,0.01,0.020625186804523743
P2_dev_run1,4,summer,23,1,0.01,0.025,0.015000000000000001,0.020047747823174568
P2_dev_run1,4,summer,23,2,0.025,0.05,0.025,0.019125552613432628
P2_dev_run1,4,summer,23,3,0.05,0.5,0.45,0.0083674525775297
P2_dev_run1,4,winter,0,0,0.0,0.01,0.01,0.020640365825458362
P2_dev_run1,4,winter,0,1,0.01,0.025,0.015000000000000001,0.02006287439471066
P2_dev_run1,4,winter,0,2,0.025,0.05,0.025,0.019140595499558266
P2_dev_run1,4,winter,0,3,0.05,0.5,0.45,0.008381532445802592
P2_dev_run1,4,winter,1,0,0.0,0.01,0.01,0.01907493858001874
P2_dev_run1,4,winter,1,1,0.01,0.025,0.015000000000000001,0.018502853232526168
P2_dev_run1,4,winter,1,2,0.025,0.05,0.025,0.017589195942044333
P2_dev_run1,4,winter,1,3,0.05,0.5,0.45,0.006929368488423163
P2_dev_run1,4,winter,2,0,0.0,0.01,0.01,0.018313933586336373
P2_dev_run1,4,winter,2,1,0.01,0.025,0.015000000000000001,0.01774447262493095
P2_dev_run1,4,winter,2,2,0.025,0.05,0.025,0.01683500076990807
P2_dev_run1,4,winter,2,3,0.05,0.5,0.45,0.006223355771824454
P2_dev_run1,4,winter,3,0,0.0,0.01,0.01,0.017879791081389096
P2_dev_run1,4,winter,3,1,0.01,0.025,0.015000000000000001,0.0173118262296712
P2_dev_run1,4,winter,3,2,0.025,0.05,0.025,0.016404740406186225
P2_dev_run1,4,winter,3,3,0.05,0.5,0.45,0.005820565551729545
P2_dev_run1,4,winter,4,0,0.0,0.01,0.01,0.017703181314934757
P2_dev_run1,4,winter,4,1,0.01,0.025,0.015000000000000001,0.017135824845495213
P2_dev_run1,4,winter,4,2,0.025,0.05,0.025,0.016229709321837205
P2_dev_run1,4,winter,4,3,0.05,0.5,0.45,0.005656705777572768
P2_dev_run1,4,winter,5,0,0.0,0.01,0.01,0.01786506054424486
P2_dev_run1,4,winter,5,1,0.01,0.025,0.015000000000000001,0.017297146434253986
P2_dev_run1,4,winter,5,2,0.025,0.05,0.025,0.016390141554668003
P2_dev_run1,4,winter,5,3,0.05,0.5,0.45,0.005806898545052829
P2_dev_run1,4,winter,6,0,0.0,0.01,0.01,0.01843835367522917
P2_dev_run1,4,winter,6,1,0.01,0.025,0.015000000000000001,0.017868463800963887
P2_dev_run1,4,winter,6,2,0.025,0.05,0.025,0.016958307909586967
P2_dev_run1,4,winter,6,3,0.05,0.5,0.45,0.006338787986497125
P2_dev_run1,4,winter,7,0,0.0,0.01,0.01,0.019664875984887198
P2_dev_run1,4,winter,7,1,0.01,0.025,0.015000000000000001,0.01909075453859488
P2_dev_run1,4,winter,7,2,0.025,0.05,0.025,0.01817385005372596
P2_dev_run1,4,winter,7,3,0.05,0.5,0.45,0.007476644557215497
P2_dev_run1,4,winter,8,0,0.0,0.01,0.01,0.021613948239343483
P2_dev_run1,4,winter,8,1,0.01,0.025,0.015000000000000001,0.021033089443291592
P2_dev_run1,4,winter,8,2,0.025,0.05,0.025,0.02010544039570794
P2_dev_run1,4,winter,8,3,0.05,0.5,0.45,0.009284576871724114
P2_dev_run1,4,winter,9,0,0.0,0.01,0.01,0.023956244245484926
P2_dev_run1,4,winter,9,1,0.01,0.025,0.015000000000000001,0.023367267716502733
P2_dev_run1,4,winter,9,2,0.025,0.05,0.025,0.02242667306926127
P2_dev_run1,4,winter,9,3,0.05,0.5,0.45,0.011456863494907548
P2_dev_run1,4,winter,10,0,0.0,0.01,0.01,0.024123101168571637
P2_dev_run1,4,winter,10,1,0.01,0.025,0.015000000000000001,0.023533545460489393
P2_dev_run1,4,winter,10,2,0.025,0.05,0.025,0.022592027227079647
P2_dev_run1,4,winter,10,3,0.05,0.5,0.45,0.011611592990693661
P2_dev_run1,4,winter,11,0,0.0,0.01,0.01,0.0234918583688265
P2_dev_run1,4,winter,11,1,0.01,0.025,0.015000000000000001,0.02290449310085966
P2_dev_run1,4,winter,11,2,0.025,0.05,0.025,0.02196646797773205
P2_dev_run1,4,winter,11,3,0.05,0.5,0.45,0.011026218279746591
P2_dev_run1,4,winter,12,0,0.0,0.01,0.01,0.022535809294826903
P2_dev_run1,4,winter,12,1,0.01,0.025,0.015000000000000001,0.021951758350726342
P2_dev_run1,4,winter,12,2,0.025,0.05,0.025,0.02101901864102529
P2_dev_run1,4,winter,12,3,0.05,0.5,0.45,0.01013957870228097
P2_dev_run1,4,winter,13,0,0.0,0.01,0.01,0.02113351378187356
P2_dev_run1,4,winter,13,1,0.01,0.025,0.015000000000000001,0.02055431717265706
P2_dev_run1,4,winter,13,2,0.025,0.05,0.025,0.019629318918994443
P2_dev_run1,4,winter,13,3,0.05,0.5,0.45,0.00883896011586116
P2_dev_run1,4,winter,14,0,0.0,0.01,0.01,0.02195203879150065
P2_dev_run1,4,winter,14,1,0.01,0.025,0.015000000000000001,0.02137000969717658
P2_dev_run1,4,winter,14,2,0.025,0.05,0.025,0.020440494315779878
P2_dev_run1,4,winter,14,3,0.05,0.5,0.45,0.009598154703723827
P2_dev_run1,4,winter,15,0,0.0,0.01,0.01,0.02238720506427816
P2_dev_run1,4,winter,15,1,0.01,0.025,0.015000000000000001,0.0218036689372203
P2_dev_run1,4,winter,15,2,0.025,0.05,0.025,0.020871750228184105
P2_dev_run1,4,winter,15,3,0.05,0.5,0.45,0.010001756715978805
P2_dev_run1,4,winter,16,0,0.0,0.01,0.01,0.022846159525102827
P2_dev_run1,4,winter,16,1,0.01,0.025,0.015000000000000001,0.02226103311318376
P2_dev_run1,4,winter,16,2,0.025,0.05,0.025,0.021326578334335267
P2_dev_run1,4,winter,16,3,0.05,0.5,0.45,0.010427405304866287
P2_dev_run1,4,winter,17,0,0.0,0.01,0.01,0.023529426279020327
P2_dev_run1,4,winter,17,1,0.01,0.025,0.015000000000000001,0.022941930696327807
P2_dev_run1,4,winter,17,2,0.025,0.05,0.025,0.022003697758333773
P2_dev_run1,4,winter,17,3,0.05,0.5,0.45,0.011061057268547916
P2_dev_run1,4,winter,18,0,0.0,0.01,0.01,0.023516901970224713
P2_dev_run1,4,winter,18,1,0.01,0.025,0.015000000000000001,0.02292944985163118
P2_dev_run1,4,winter,18,2,0.025,0.05,0.025,0.021991286181204384
P2_dev_run1,4,winter,18,3,0.05,0.5,0.45,0.011049442742533019
P2_dev_run1,4,winter,19,0,0.0,0.01,0.01,0.023148181925070066
P2_dev_run1,4,winter,19,1,0.01,0.025,0.015000000000000001,0.022562008527693408
P2_dev_run1,4,winter,19,2,0.025,0.05,0.025,0.021625884084353064
P2_dev_run1,4,winter,19,3,0.05,0.5,0.45,0.010707501181773783
P2_dev_run1,4,winter,20,0,0.0,0.01,0.01,0.022554401395546986
P2_dev_run1,4,winter,20,1,0.01,0.025,0.015000000000000001,0.021970286030174403
P2_dev_run1,4,winter,20,2,0.025,0.05,0.025,0.021037443597429206
P2_dev_run1,4,winter,20,3,0.05,0.5,0.45,0.010156821696431692
P2_dev_run1,4,winter,21,0,0.0,0.01,0.01,0.021745965222197405
P2_dev_run1,4,winter,21,1,0.01,0.025,0.015000000000000001,0.021164649509369804
P2_dev_run1,4,winter,21,2,0.025,0.05,0.025,0.020236271788581783
P2_dev_run1,4,winter,21,3,0.05,0.5,0.45,0.00940702324167412
P2_dev_run1,4,winter,22,0,0.0,0.01,0.01,0.02091705877985406
P2_dev_run1,4,winter,22,1,0.01,0.025,0.015000000000000001,0.020338610741788
P2_dev_run1,4,winter,22,2,0.025,0.05,0.025,0.01941480628351644
P2_dev_run1,4,winter,22,3,0.05,0.5,0.45,0.008638185987218229
P2_dev_run1,4,winter,23,0,0.0,0.01,0.01,0.020646438137050804
P2_dev_run1,4,winter,23,1,0.01,0.025,0.015000000000000001,0.02006892571542925
P2_dev_run1,4,winter,23,2,0.025,0.05,0.025,0.0191466133404794
P2_dev_run1,4,winter,23,3,0.05,0.5,0.45,0.008387165033542148
P2_dev_run1,4,shoulder,0,0,0.0,0.01,0.01,0.01800657191660532
P2_dev_run1,4,shoulder,0,1,0.01,0.025,0.015000000000000001,0.017438170236413104
P2_dev_run1,4,shoulder,0,2,0.025,0.05,0.025,0.01653038776231408
P2_dev_run1,4,shoulder,0,3,0.05,0.5,0.45,0.005938192208392065
P2_dev_run1,4,shoulder,1,0,0.0,0.01,0.01,0.01643000838629366
P2_dev_run1,4,shoulder,1,1,0.01,0.025,0.015000000000000001,0.015867033997860047
P2_dev_run1,4,shoulder,1,2,0.025,0.05,0.025,0.014967907276523529
P2_dev_run1,4,shoulder,1,3,0.05,0.5,0.45,0.004475376230541308
P2_dev_run1,4,shoulder,2,0,0.0,0.01,0.01,0.015782790328953966
P2_dev_run1,4,shoulder,2,1,0.01,0.025,0.015000000000000001,0.01522204103452107
P2_dev_run1,4,shoulder,2,2,0.025,0.05,0.025,0.014326463050656213
P2_dev_run1,4,shoulder,2,3,0.05,0.5,0.45,0.0038747992882646556
P2_dev_run1,4,shoulder,3,0,0.0,0.01,0.01,0.015437966676638826
P2_dev_run1,4,shoulder,3,1,0.01,0.025,0.015000000000000001,0.014878402153692403
P2_dev_run1,4,shoulder,3,2,0.025,0.05,0.025,0.013984713761574508
P2_dev_run1,4,shoulder,3,3,0.05,0.5,0.45,0.0035548119738862097
P2_dev_run1,4,shoulder,4,0,0.0,0.01,0.01,0.015291815637838435
P2_dev_run1,4,shoulder,4,1,0.01,0.025,0.015000000000000001,0.014732753115352196
P2_dev_run1,4,shoulder,4,2,0.025,0.05,0.025,0.013839865385088523
P2_dev_run1,4,shoulder,4,3,0.05,0.5,0.45,0.003419184907211486
P2_dev_run1,4,shoulder,5,0,0.0,0.01,0.01,0.015417892669257471
P2_dev_run1,4,shoulder,5,1,0.01,0.025,0.015000000000000001,0.014858397093823564
P2_dev_run1,4,shoulder,5,2,0.025,0.05,0.025,0.01396481868910393
P2_dev_run1,4,shoulder,5,3,0.05,0.5,0.45,0.003536183538971708
P2_dev_run1,4,shoulder,6,0,0.0,0.01,0.01,0.015898025329127985
P2_dev_run1,4,shoulder,6,1,0.01,0.025,0.015000000000000001,0.015336879983455601
P2_dev_run1,4,shoulder,6,2,0.025,0.05,0.025,0.014440670359928687
P2_dev_run1,4,shoulder,6,3,0.05,0.5,0.45,0.003981732327219236
P2_dev_run1,4,shoulder,7,0,0.0,0.01,0.01,0.01683979615621639
P2_dev_run1,4,shoulder,7,1,0.01,0.025,0.015000000000000001,0.016275412076598623
P2_dev_run1,4,shoulder,7,2,0.025,0.05,0.025,0.015374037058444867
P2_dev_run1,4,shoulder,7,3,0.05,0.5,0.45,0.0048556165376113635
P2_dev_run1,4,shoulder,8,0,0.0,0.01,0.01,0.018039032500254126
P2_dev_run1,4,shoulder,8,1,0.01,0.025,0.015000000000000001,0.017470518973042304
P2_dev_run1,4,shoulder,8,2,0.025,0.05,0.025,0.016562558112531156
P2_dev_run1,4,shoulder,8,3,0.05,0.5,0.45,0.00596830878869513
P2_dev_run1,4,shoulder,9,0,0.0,0.01,0.01,0.0191675211102027
P2_dev_run1,4,shoulder,9,1,0.01,0.025,0.015000000000000001,0.018595116324511086
P2_dev_run1,4,shoulder,9,2,0.025,0.05,0.025,0.017680949576828198
P2_dev_run1,4,shoulder,9,3,0.05,0.5,0.45,0.007015257697250822
P2_dev_run1,4,shoulder,10,0,0.0,0.01,0.01,0.019206373801693155
P2_dev_run1,4,shoulder,10,1,0.01,0.025,0.015000000000000001,0.018633834940245026
P2_dev_run1,4,shoulder,10,2,0.025,0.05,0.025,0.01771945438321154
P2_dev_run1,4,shoulder,10,3,0.05,0.5,0.45,0.007051301298249083
P2_dev_run1,4,shoulder,11,0,0.0,0.01,0.01,0.018866223633960677
P2_dev_run1,4,shoulder,11,1,0.01,0.025,0.015000000000000001,0.01829485829148621
P2_dev_run1,4,shoulder,11,2,0.025,0.05,0.025,0.01738234928028215
P2_dev_run1,4,shoulder,11,3,0.05,0.5,0.45,0.006735740298630543
P2_dev_run1,4,shoulder,12,0,0.0,0.01,0.01,0.01825474530185861
P2_dev_run1,4,shoulder,12,1,0.01,0.025,0.015000000000000001,0.017685488363830548
P2_dev_run1,4,shoulder,12,2,0.025,0.05,0.025,0.01677634187467303
P2_dev_run1,4,shoulder,12,3,0.05,0.5,0.45,0.006168442722355202
P2_dev_run1,4,shoulder,13,0,0.0,0.01,0.01,0.017394934925819838
P2_dev_run1,4,shoulder,13,1,0.01,0.025,0.015000000000000001,0.016828640010261665
P2_dev_run1,4,shoulder,13,2,0.025,0.05,0.025,0.015924217503532345
P2_dev_run1,4,shoulder,13,3,0.05,0.5,0.45,0.005370706887354736
P2_dev_run1,4,shoulder,14,0,0.0,0.01,0.01,0.018308013036757997
P2_dev_run1,4,shoulder,14,1,0.01,0.025,0.015000000000000001,0.01773857248290415
P2_dev_run1,4,shoulder,14,2,0.025,0.05,0.025,0.01682913317636814
P2_dev_run1,4,shoulder,14,3,0.05,0.5,0.45,0.00621786288060755
P2_dev_run1,4,shoulder,15,0,0.0,0.01,0.01,0.01885133355620655
P2_dev_run1,4,shoulder,15,1,0.01,0.025,0.015000000000000001,0.01828001956491835
P2_dev_run1,4,shoulder,15,2,0.025,0.05,0.025,0.017367592467801285
P2_dev_run1,4,shoulder,15,3,0.05,0.5,0.45,0.006721926403523858
P2_dev_run1,4,shoulder,16,0,0.0,0.01,0.01,0.019367937658369694
P2_dev_run1,4,shoulder,16,1,0.01,0.025,0.015000000000000001,0.018794841231735877
P2_dev_run1,4,shoulder,16,2,0.025,0.05,0.025,0.017879571472963485
P2_dev_run1,4,shoulder,16,3,0.05,0.5,0.45,0.007201182701754849
P2_dev_run1,4,shoulder,17,0,0.0,0.01,0.01,0.020080390774940282
P2_dev_run1,4,shoulder,17,1,0.01,0.025,0.015000000000000001,0.01950483435199657
P2_dev_run1,4,shoulder,17,2,0.025,0.05,0.025,0.018585641374448958
P2_dev_run1,4,shoulder,17,3,0.05,0.5,0.45,0.007862095153573377
P2_dev_run1,4,shoulder,18,0,0.0,0.01,0.01,0.020288850643693235
P2_dev_run1,4,shoulder,18,1,0.01,0.025,0.015000000000000001,0.01971257403171981
P2_dev_run1,4,shoulder,18,2,0.025,0.05,0.025,0.01879223251985529
P2_dev_run1,4,shoulder,18,3,0.05,0.5,0.45,0.008055467035772455
P2_dev_run1,4,shoulder,19,0,0.0,0.01,0.01,0.0204432319125758
P2_dev_run1,4,shoulder,19,1,0.01,0.025,0.015000000000000001,0.019866421835000127
P2_dev_run1,4,shoulder,19,2,0.025,0.05,0.025,0.018945229543386732
P2_dev_run1,4,shoulder,19,3,0.05,0.5,0.45,0.008198672258353584
P2_dev_run1,4,shoulder,20,0,0.0,0.01,0.01,0.02027675318066191
P2_dev_run1,4,shoulder,20,1,0.01,0.025,0.015000000000000001,0.019700518377639233
P2_dev_run1,4,shoulder,20,2,0.025,0.05,0.025,0.018780243517266815
P2_dev_run1,4,shoulder,20,3,0.05,0.5,0.45,0.008044245263833485
P2_dev_run1,4,shoulder,21,0,0.0,0.01,0.01,0.019643848915079642
P2_dev_run1,4,shoulder,21,1,0.01,0.025,0.015000000000000001,0.019069800040839392
P2_dev_run1,4,shoulder,21,2,0.025,0.05,0.025,0.01815301134369396
P2_dev_run1,4,shoulder,21,3,0.05,0.5,0.45,0.007457138509244942
P2_dev_run1,4,shoulder,22,0,0.0,0.01,0.01,0.0189407102669209
P2_dev_run1,4,shoulder,22,1,0.01,0.025,0.015000000000000001,0.018369087991455348
P2_dev_run1,4,shoulder,22,2,0.025,0.05,0.025,0.01745616921085158
P2_dev_run1,4,shoulder,22,3,0.05,0.5,0.45,0.006804843130411914
P2_dev_run1,4,shoulder,23,0,0.0,0.01,0.01,0.018476898930383512
P2_dev_run1,4,shoulder,23,1,0.01,0.025,0.015000000000000001,0.017906876171471426
P2_dev_run1,4,shoulder,23,2,0.025,0.05,0.025,0.016996508344921946
P2_dev_run1,4,shoulder,23,3,0.05,0.5,0.45,0.006374548566858182
P2_dev_run1,9,summer,0,0,0.0,0.01,0.01,0.019637842040749753
P2_dev_run1,9,summer,0,1,0.01,0.025,0.015000000000000001,0.01906381392933476
P2_dev_run1,9,summer,0,2,0.025,0.05,0.025,0.018147058294964435
P2_dev_run1,9,summer,0,3,0.05,0.075,0.024999999999999994,0.01700384689836965
P2_dev_run1,9,summer,0,4,0.075,0.1,0.02500000000000001,0.01586377243484704
P2_dev_run1,9,summer,0,5,0.1,0.15,0.04999999999999999,0.014159888997149764
P2_dev_run1,9,summer,0,6,0.15,0.2,0.05000000000000002,0.011898333835529403
P2_dev_run1,9,summer,0,7,0.2,0.3,0.09999999999999998,0.008530376080961856
P2_dev_run1,9,summer,0,8,0.3,0.5,0.2,0.0018778277015289724
P2_dev_run1,9,summer,1,0,0.0,0.01,0.01,0.017800274384334458
P2_dev_run1,9,summer,1,1,0.01,0.025,0.015000000000000001,0.017232583472688114
P2_dev_run1,9,summer,1,2,0.025,0.05,0.025,0.016325934539997422
P2_dev_run1,9,summer,1,3,0.05,0.075,0.024999999999999994,0.015195303510801565
P2_dev_run1,9,summer,1,4,0.075,0.1,0.02500000000000001,0.014067748714120526
P2_dev_run1,9,summer,1,5,0.1,0.15,0.04999999999999999,0.012382524557572331
P2_dev_run1,9,summer,1,6,0.15,0.2,0.05000000000000002,0.010145650535303693
P2_dev_run1,9,summer,1,7,0.2,0.3,0.09999999999999998,0.0068142478694650805
P2_dev_run1,9,summer,1,8,0.3,0.5,0.2,0.0002332275988021354
P2_dev_run1,9,summer,2,0,0.0,0.01,0.01,0.01702349293888905
P2_dev_run1,9,summer,2,1,0.01,0.025,0.015000000000000001,0.016458476703696635
P2_dev_run1,9,summer,2,2,0.025,0.05,0.025,0.015556093482730349
P2_dev_run1,9,summer,2,3,0.05,0.075,0.024999999999999994,0.014430772353926095
P2_dev_run1,9,summer,2,4,0.075,0.1,0.02500000000000001,0.01330850198088262
P2_dev_run1,9,summer,2,5,0.1,0.15,0.04999999999999999,0.011631154007852586
P2_dev_run1,9,summer,2,6,0.15,0.2,0.05000000000000002,0.009404698513488238
P2_dev_run1,9,summer,2,7,0.2,0.3,0.09999999999999998,0.006088727789447109
P2_dev_run1,9,summer,2,8,0.3,0.5,0.2,-0.00046209272671716983
P2_dev_run1,9,summer,3,0,0.0,0.01,0.01,0.016551879157612748
P2_dev_run1,9,summer,3,1,0.01,0.025,0.015000000000000001,0.015988485610278026
P2_dev_run1,9,summer,3,2,0.025,0.05,0.025,0.015088690354461143
P2_dev_run1,9,summer,3,3,0.05,0.075,0.024999999999999994,0.013966590728625165
P2_dev_run1,9,summer,3,4,0.075,0.1,0.02500000000000001,0.012847526449315524
P2_dev_run1,9,summer,3,5,0.1,0.15,0.04999999999999999,0.011174957090227257
P2_dev_run1,9,summer,3,6,0.15,0.2,0.05000000000000002,0.008954822830249672
P2_dev_run1,9,summer,3,7,0.2,0.3,0.09999999999999998,0.005648215453948059
P2_dev_run1,9,summer,3,8,0.3,0.5,0.2,-0.0008842802352115181
P2_dev_run1,9,summer,4,0,0.0,0.01,0.01,0.016270663415821063
P2_dev_run1,9,summer,4,1,0.01,0.025,0.015000000000000001,0.015708237006351967
P2_dev_run1,9,summer,4,2,0.025,0.05,0.025,0.014809984239234075
P2_dev_run1,9,summer,4,3,0.05,0.075,0.024999999999999994,0.013689804705334655
P2_dev_run1,9,summer,4,4,0.075,0.1,0.02500000000000001,0.01257265134618046
P2_dev_run1,9,summer,4,5,0.1,0.15,0.04999999999999999,0.0109029302069269
P2_dev_run1,9,summer,4,6,0.15,0.2,0.05000000000000002,0.008686563672171962
P2_dev_run1,9,summer,4,7,0.2,0.3,0.09999999999999998,0.005385537369600736
P2_dev_run1,9,summer,4,8,0.3,0.5,0.2,-0.0011360353192352984
P2_dev_run1,9,summer,5,0,0.0,0.01,0.01,0.016250403268433522
P2_dev_run1,9,summer,5,1,0.01,0.025,0.015000000000000001,0.015688046525873706
P2_dev_run1,9,summer,5,2,0.025,0.05,0.025,0.014789904864157544
P2_dev_run1,9,summer,5,3,0.05,0.075,0.024999999999999994,0.013669863637594818
P2_dev_run1,9,summer,5,4,0.075,0.1,0.02500000000000001,0.01255284792774036
P2_dev_run1,9,summer,5,5,0.1,0.15,0.04999999999999999,0.010883331955243438
P2_dev_run1,9,summer,5,6,0.15,0.2,0.05000000000000002,0.008667236820486809
P2_dev_run1,9,summer,5,7,0.2,0.3,0.09999999999999998,0.0053666125442319865
P2_dev_run1,9,summer,5,8,0.3,0.5,0.2,-0.0011541733078595379
P2_dev_run1,9,summer,6,0,0.0,0.01,0.01,0.016546072071899065
P2_dev_run1,9,summer,6,1,0.01,0.025,0.015000000000000001,0.015982698489352964
P2_dev_run1,9,summer,6,2,0.025,0.05,0.025,0.015082935096626393
P2_dev_run1,9,summer,6,3,0.05,0.075,0.024999999999999994,0.013960875127517206
P2_dev_run1,9,summer,6,4,0.075,0.1,0.02500000000000001,0.012841850312986788
P2_dev_run1,9,summer,6,5,0.1,0.15,0.04999999999999999,0.011169339778660527
P2_dev_run1,9,summer,6,6,0.15,0.2,0.05000000000000002,0.008949283333767873
P2_dev_run1,9,summer,6,7,0.2,0.3,0.09999999999999998,0.005642791222881805
P2_dev_run1,9,summer,6,8,0.3,0.5,0.2,-0.0008894788787031788
P2_dev_run1,9,summer,7,0,0.0,0.01,0.01,0.01750050196611813
P2_dev_run1,9,summer,7,1,0.01,0.025,0.015000000000000001,0.01693384354620094
P2_dev_run1,9,summer,7,2,0.025,0.05,0.025,0.016028841283389772
P2_dev_run1,9,summer,7,3,0.05,0.075,0.024999999999999994,0.014900260003578029
P2_dev_run1,9,summer,7,4,0.075,0.1,0.02500000000000001,0.013774745103838354
P2_dev_run1,9,summer,7,5,0.1,0.15,0.04999999999999999,0.01209256130153408
P2_dev_run1,9,summer,7,6,0.15,0.2,0.05000000000000002,0.00985970899096161
P2_dev_run1,9,summer,7,7,0.2,0.3,0.09999999999999998,0.006534263212247678
P2_dev_run1,9,summer,7,8,0.3,0.5,0.2,-3.509990866540358e-05
P2_dev_run1,9,summer,8,0,0.0,0.01,0.01,0.019033157647772858
P2_dev_run1,9,summer,8,1,0.01,0.025,0.015000000000000001,0.01846121645464327
P2_dev_run1,9,summer,8,2,0.025,0.05,0.025,0.017547789047718254
P2_dev_run1,9,summer,8,3,0.05,0.075,0.024999999999999994,0.01640872043103703
P2_dev_run1,9,summer,8,4,0.075,0.1,0.02500000000000001,0.015272768708669554
P2_dev_run1,9,summer,8,5,0.1,0.15,0.04999999999999999,0.01357502967956115
P2_dev_run1,9,summer,8,6,0.15,0.2,0.05000000000000002,0.01132160171691626
P2_dev_run1,9,summer,8,7,0.2,0.3,0.09999999999999998,0.007965680704679625
P2_dev_run1,9,summer,8,8,0.3,0.5,0.2,0.0013366834846621767
P2_dev_run1,9,summer,9,0,0.0,0.01,0.01,0.021054190080052604
P2_dev_run1,9,summer,9,1,0.01,0.025,0.015000000000000001,0.020475267830877275
P2_dev_run1,9,summer,9,2,0.025,0.05,0.025,0.019550707094981856
P2_dev_run1,9,summer,9,3,0.05,0.075,0.024999999999999994,0.01839778056061059
P2_dev_run1,9,summer,9,4,0.075,0.1,0.02500000000000001,0.01724803817808928
P2_dev_run1,9,summer,9,5,0.1,0.15,0.04999999999999999,0.015529746356154343
P2_dev_run1,9,summer,9,6,0.15,0.2,0.05000000000000002,0.013249133922899054
P2_dev_run1,9,summer,9,7,0.2,0.3,0.09999999999999998,0.009852953118881793
P2_dev_run1,9,summer,9,8,0.3,0.5,0.2,0.0031451886220532077
P2_dev_run1,9,summer,10,0,0.0,0.01,0.01,0.022204867983047216
P2_dev_run1,9,summer,10,1,0.01,0.025,0.015000000000000001,0.021621963407369993
P2_dev_run1,9,summer,10,2,0.025,0.05,0.025,0.020691051858554577
P2_dev_run1,9,summer,10,3,0.05,0.075,0.024999999999999994,0.01953022053016396
P2_dev_run1,9,summer,10,4,0.075,0.1,0.02500000000000001,0.018372611993926473
P2_dev_run1,9,summer,10,5,0.1,0.15,0.04999999999999999,0.01664259745213226
P2_dev_run1,9,summer,10,6,0.15,0.2,0.05000000000000002,0.014346480636906462
P2_dev_run1,9,summer,10,7,0.2,0.3,0.09999999999999998,0.010927340103775164
P2_dev_run1,9,summer,10,8,0.3,0.5,0.2,0.00417466221781182
P2_dev_run1,9,summer,11,0,0.0,0.01,0.01,0.022569897618723855
P2_dev_run1,9,summer,11,1,0.01,0.025,0.015000000000000001,0.021985728573881147
P2_dev_run1,9,summer,11,2,0.025,0.05,0.025,0.021052800520218184
P2_dev_run1,9,summer,11,3,0.05,0.075,0.024999999999999994,0.019889459303169547
P2_dev_run1,9,summer,11,4,0.075,0.1,0.02500000000000001,0.018729353190138902
P2_dev_run1,9,summer,11,5,0.1,0.15,0.04999999999999999,0.016995616651201976
P2_dev_run1,9,summer,11,6,0.15,0.2,0.05000000000000002,0.014694577285401795
P2_dev_run1,9,summer,11,7,0.2,0.3,0.09999999999999998,0.011268147477322412
P2_dev_run1,9,summer,11,8,0.3,0.5,0.2,0.004501211474862432
P2_dev_run1,9,summer,12,0,0.0,0.01,0.01,0.022418144848196375
P2_dev_run1,9,summer,12,1,0.01,0.025,0.015000000000000001,0.0218345015545518
P2_dev_run1,9,summer,12,2,0.025,0.05,0.025,0.020902411924207387
P2_dev_run1,9,summer,12,3,0.05,0.075,0.024999999999999994,0.019740114262885026
P2_dev_run1,9,summer,12,4,0.075,0.1,0.02500000000000001,0.018581046595469435
P2_dev_run1,9,summer,12,5,0.1,0.15,0.04999999999999999,0.01684885757722743
P2_dev_run1,9,summer,12,6,0.15,0.2,0.05000000000000002,0.014549864889289438
P2_dev_run1,9,summer,12,7,0.2,0.3,0.09999999999999998,0.011126465769275286
P2_dev_run1,9,summer,12,8,0.3,0.5,0.2,0.004365457854557525
P2_dev_run1,9,summer,13,0,0.0,0.01,0.01,0.021822805192023287
P2_dev_run1,9,summer,13,1,0.01,0.025,0.015000000000000001,0.02124122349254446
P2_dev_run1,9,summer,13,2,0.025,0.05,0.025,0.02031242160515867
P2_dev_run1,9,summer,13,3,0.05,0.075,0.024999999999999994,0.019154216111539894
P2_dev_run1,9,summer,13,4,0.075,0.1,0.02500000000000001,0.017999220562401323
P2_dev_run1,9,summer,13,5,0.1,0.15,0.04999999999999999,0.01627310004371552
P2_dev_run1,9,summer,13,6,0.15,0.2,0.05000000000000002,0.01398213336355813
P2_dev_run1,9,summer,13,7,0.2,0.3,0.09999999999999998,0.010570619264862193
P2_dev_run1,9,summer,13,8,0.3,0.5,0.2,0.003832859523839466
P2_dev_run1,9,summer,14,0,0.0,0.01,0.01,0.022793327553860543
P2_dev_run1,9,summer,14,1,0.01,0.025,0.015000000000000001,0.022208384250900954
P2_dev_run1,9,summer,14,2,0.025,0.05,0.025,0.021274221487027623
P2_dev_run1,9,summer,14,3,0.05,0.075,0.024999999999999994,0.02010934346617921
P2_dev_run1,9,summer,14,4,0.075,0.1,0.02500000000000001,0.01894770809801382
P2_dev_run1,9,summer,14,5,0.1,0.15,0.04999999999999999,0.01721169260755218
P2_dev_run1,9,summer,14,6,0.15,0.2,0.05000000000000002,0.014907639236524934
P2_dev_run1,9,summer,14,7,0.2,0.3,0.09999999999999998,0.011476746386265836
P2_dev_run1,9,summer,14,8,0.3,0.5,0.2,0.004701080733280905
P2_dev_run1,9,summer,15,0,0.0,0.01,0.01,0.023294872109425047
P2_dev_run1,9,summer,15,1,0.01,0.025,0.015000000000000001,0.022708190055592544
P2_dev_run1,9,summer,15,2,0.025,0.05,0.025,0.021771254439635346
P2_dev_run1,9,summer,15,3,0.05,0.075,0.024999999999999994,0.02060292519390328
P2_dev_run1,9,summer,15,4,0.075,0.1,0.02500000000000001,0.019437855569932598
P2_dev_run1,9,summer,15,5,0.1,0.15,0.04999999999999999,0.017696722304673677
P2_dev_run1,9,summer,15,6,0.15,0.2,0.05000000000000002,0.015385900536142855
P2_dev_run1,9,summer,15,7,0.2,0.3,0.09999999999999998,0.01194498546596479
P2_dev_run1,9,summer,15,8,0.3,0.5,0.2,0.005149717159166761
P2_dev_run1,9,summer,16,0,0.0,0.01,0.01,0.023570141738746275
P2_dev_run1,9,summer,16,1,0.01,0.025,0.015000000000000001,0.022982504917965864
P2_dev_run1,9,summer,16,2,0.025,0.05,0.025,0.022044046738264322
P2_dev_run1,9,summer,16,3,0.05,0.075,0.024999999999999994,0.020873822433151727
P2_dev_run1,9,summer,16,4,0.075,0.1,0.02500000000000001,0.019706867085244044
P2_dev_run1,9,summer,16,5,0.1,0.15,0.04999999999999999,0.017962923714714977
P2_dev_run1,9,summer,16,6,0.15,0.2,0.05000000000000002,0.01564838556101566
P2_dev_run1,9,summer,16,7,0.2,0.3,0.09999999999999998,0.012201967621312263
P2_dev_run1,9,summer,16,8,0.3,0.5,0.2,0.005395936535561169
P2_dev_run1,9,summer,17,0,0.0,0.01,0.01,0.02405695283276832
P2_dev_run1,9,summer,17,1,0.01,0.025,0.015000000000000001,0.023467626749644012
P2_dev_run1,9,summer,17,2,0.025,0.05,0.025,0.022526474682869058
P2_dev_run1,9,summer,17,3,0.05,0.075,0.024999999999999994,0.021352897463866597
P2_dev_run1,9,summer,17,4,0.075,0.1,0.02500000000000001,0.02018260575216812
P2_dev_run1,9,summer,17,5,0.1,0.15,0.04999999999999999,0.018433690588418598
P2_dev_run1,9,summer,17,6,0.15,0.2,0.05000000000000002,0.01611257728933834
P2_dev_run1,9,summer,17,7,0.2,0.3,0.09999999999999998,0.012656423691531919
P2_dev_run1,9,summer,17,8,0.3,0.5,0.2,0.005831351833568421
P2_dev_run1,9,summer,18,0,0.0,0.01,0.01,0.024009732339927425
P2_dev_run1,9,summer,18,1,0.01,0.025,0.015000000000000001,0.023420570143014203
P2_dev_run1,9,summer,18,2,0.025,0.05,0.025,0.022479679459935786
P2_dev_run1,9,summer,18,3,0.05,0.075,0.024999999999999994,0.0213064275524455
P2_dev_run1,9,summer,18,4,0.075,0.1,0.02500000000000001,0.020136459555477597
P2_dev_run1,9,summer,18,5,0.1,0.15,0.04999999999999999,0.018388026772900305
P2_dev_run1,9,summer,18,6,0.15,0.2,0.05000000000000002,0.016067551412424212
P2_dev_run1,9,summer,18,7,0.2,0.3,0.09999999999999998,0.012612342390135315
P2_dev_run1,9,summer,18,8,0.3,0.5,0.2,0.005789117867776444
P2_dev_run1,9,summer,19,0,0.0,0.01,0.01,0.02384935879434502
P2_dev_run1,9,summer,19,1,0.01,0.025,0.015000000000000001,0.023260753190088947
P2_dev_run1,9,summer,19,2,0.025,0.05,0.025,0.022320750096300745
P2_dev_run1,9,summer,19,3,0.05,0.075,0.024999999999999994,0.021148602917647755
P2_dev_run1,9,summer,19,4,0.075,0.1,0.02500000000000001,0.019979734183265256
P2_dev_run1,9,summer,19,5,0.1,0.15,0.04999999999999999,0.01823293951517258
P2_dev_run1,9,summer,19,6,0.15,0.2,0.05000000000000002,0.015914630528546796
P2_dev_run1,9,summer,19,7,0.2,0.3,0.09999999999999998,0.012462629180404475
P2_dev_run1,9,summer,19,8,0.3,0.5,0.2,0.005645678086702716
P2_dev_run1,9,summer,20,0,0.0,0.01,0.01,0.02365162540730048
P2_dev_run1,9,summer,20,1,0.01,0.025,0.015000000000000001,0.023063705910764117
P2_dev_run1,9,summer,20,2,0.025,0.05,0.025,0.022124796925899748
P2_dev_run1,9,summer,20,3,0.05,0.075,0.024999999999999994,0.020954011535254672
P2_dev_run1,9,summer,20,4,0.075,0.1,0.02500000000000001,0.019786497873767177
P2_dev_run1,9,summer,20,5,0.1,0.15,0.04999999999999999,0.018041722503963634
P2_dev_run1,9,summer,20,6,0.15,0.2,0.05000000000000002,0.01572608403306585
P2_dev_run1,9,summer,20,7,0.2,0.3,0.09999999999999998,0.012278036860649825
P2_dev_run1,9,summer,20,8,0.3,0.5,0.2,0.005468819299073585
P2_dev_run1,9,summer,21,0,0.0,0.01,0.01,0.022917685382767283
P2_dev_run1,9,summer,21,1,0.01,0.025,0.015000000000000001,0.02233231105427391
P2_dev_run1,9,summer,21,2,0.025,0.05,0.025,0.021397460920312694
P2_dev_run1,9,summer,21,3,0.05,0.075,0.024999999999999994,0.020231727354408372
P2_dev_run1,9,summer,21,4,0.075,0.1,0.02500000000000001,0.019069240652720414
P2_dev_run1,9,summer,21,5,0.1,0.15,0.04999999999999999,0.017331956486658088
P2_dev_run1,9,summer,21,6,0.15,0.2,0.05000000000000002,0.015026225240732933
P2_dev_run1,9,summer,21,7,0.2,0.3,0.09999999999999998,0.0115928478757249
P2_dev_run1,9,summer,21,8,0.3,0.5,0.2,0.004812322623092002
P2_dev_run1,9,summer,22,0,0.0,0.01,0.01,0.021706033419874315
P2_dev_run1,9,summer,22,1,0.01,0.025,0.015000000000000001,0.021124855910955215
P2_dev_run1,9,summer,22,2,0.025,0.05,0.025,0.020196698614289854
P2_dev_run1,9,summer,22,3,0.05,0.075,0.024999999999999994,0.01903929543482064
P2_dev_run1,9,summer,22,4,0.075,0.1,0.02500000000000001,0.017885098279218907
P2_dev_run1,9,summer,22,5,0.1,0.15,0.04999999999999999,0.0161601675711387
P2_dev_run1,9,summer,22,6,0.15,0.2,0.05000000000000002,0.013870774519020851
P2_dev_run1,9,summer,22,7,0.2,0.3,0.09999999999999998,0.010461590720727
P2_dev_run1,9,summer,22,8,0.3,0.5,0.2,0.0037283894106962534
P2_dev_run1,9,summer,23,0,0.0,0.01,0.01,0.020625186804523743
P2_dev_run1,9,summer,23,1,0.01,0.025,0.015000000000000001,0.020047747823174568
P2_dev_run1,9,summer,23,2,0.025,0.05,0.025,0.019125552613432628
P2_dev_run1,9,summer,23,3,0.05,0.075,0.024999999999999994,0.01797557044293852
P2_dev_run1,9,summer,23,4,0.075,0.1,0.02500000000000001,0.016828758083107236
P2_dev_run1,9,summer,23,5,0.1,0.15,0.04999999999999999,0.015114832905407386
P2_dev_run1,9,summer,23,6,0.15,0.2,0.05000000000000002,0.012839995918618171
P2_dev_run1,9,summer,23,7,0.2,0.3,0.09999999999999998,0.009452368079873043
P2_dev_run1,9,summer,23,8,0.3,0.5,0.2,0.0027613359877431964
P2_dev_run1,9,winter,0,0,0.0,0.01,0.01,0.020640365825458362
P2_dev_run1,9,winter,0,1,0.01,0.025,0.015000000000000001,0.02006287439471066
P2_dev_run1,9,winter,0,2,0.025,0.05,0.025,0.019140595499558266
P2_dev_run1,9,winter,0,3,0.05,0.075,0.024999999999999994,0.017990509175043193
P2_dev_run1,9,winter,0,4,0.075,0.1,0.02500000000000001,0.01684359317335015
P2_dev_run1,9,winter,0,5,0.1,0.15,0.04999999999999999,0.015129513531412234
P2_dev_run1,9,winter,0,6,0.15,0.2,0.05000000000000002,0.012854472241303757
P2_dev_run1,9,winter,0,7,0.2,0.3,0.09999999999999998,0.009466541846769596
P2_dev_run1,9,winter,0,8,0.3,0.5,0.2,0.00277491784294287
P2_dev_run1,9,winter,1,0,0.0,0.01,0.01,0.01907493858001874
P2_dev_run1,9,winter,1,1,0.01,0.025,0.015000000000000001,0.018502853232526168
P2_dev_run1,9,winter,1,2,0.025,0.05,0.025,0.017589195942044333
P2_dev_run1,9,winter,1,3,0.05,0.075,0.024999999999999994,0.01644984117218307
P2_dev_run1,9,winter,1,4,0.075,0.1,0.02500000000000001,0.0153136046802893
P2_dev_run1,9,winter,1,5,0.1,0.15,0.04999999999999999,0.01361544123317349
P2_dev_run1,9,winter,1,6,0.15,0.2,0.05000000000000002,0.011361451894260629
P2_dev_run1,9,winter,1,7,0.2,0.3,0.09999999999999998,0.008004699434965014
P2_dev_run1,9,winter,1,8,0.3,0.5,0.2,0.0013740753680520357
P2_dev_run1,9,winter,2,0,0.0,0.01,0.01,0.018313933586336373
P2_dev_run1,9,winter,2,1,0.01,0.025,0.015000000000000001,0.01774447262493095
P2_dev_run1,9,winter,2,2,0.025,0.05,0.025,0.01683500076990807
P2_dev_run1,9,winter,2,3,0.05,0.075,0.024999999999999994,0.015700855846009224
P2_dev_run1,9,winter,2,4,0.075,0.1,0.02500000000000001,0.014569804058867647
P2_dev_run1,9,winter,2,5,0.1,0.15,0.04999999999999999,0.012879367896323771
P2_dev_run1,9,winter,2,6,0.15,0.2,0.05000000000000002,0.010635599653892876
P2_dev_run1,9,winter,2,7,0.2,0.3,0.09999999999999998,0.007293985621708856
P2_dev_run1,9,winter,2,8,0.3,0.5,0.2,0.0006929833000868246
P2_dev_run1,9,winter,3,0,0.0,0.01,0.01,0.017879791081389096
P2_dev_run1,9,winter,3,1,0.01,0.025,0.015000000000000001,0.0173118262296712
P2_dev_run1,9,winter,3,2,0.025,0.05,0.025,0.016404740406186225
P2_dev_run1,9,winter,3,3,0.05,0.075,0.024999999999999994,0.015273565553667327
P2_dev_run1,9,winter,3,4,0.075,0.1,0.02500000000000001,0.014145469537970018
P2_dev_run1,9,winter,3,5,0.1,0.15,0.04999999999999999,0.012459438737615628
P2_dev_run1,9,winter,3,6,0.15,0.2,0.05000000000000002,0.010221497710468094
P2_dev_run1,9,winter,3,7,0.2,0.3,0.09999999999999998,0.0068885146310695995
P2_dev_run1,9,winter,3,8,0.3,0.5,0.2,0.0003044016773810776
P2_dev_run1,9,winter,4,0,0.0,0.01,0.01,0.017703181314934757
P2_dev_run1,9,winter,4,1,0.01,0.025,0.015000000000000001,0.017135824845495213
P2_dev_run1,9,winter,4,2,0.025,0.05,0.025,0.016229709321837205
P2_dev_run1,9,winter,4,3,0.05,0.075,0.024999999999999994,0.01509974226473643
P2_dev_run1,9,winter,4,4,0.075,0.1,0.02500000000000001,0.01397284824554756
P2_dev_run1,9,winter,4,5,0.1,0.15,0.04999999999999999,0.012288608935184245
P2_dev_run1,9,winter,4,6,0.15,0.2,0.05000000000000002,0.010053037647767545
P2_dev_run1,9,winter,4,7,0.2,0.3,0.09999999999999998,0.0067235645524546545
P2_dev_run1,9,winter,4,8,0.3,0.5,0.2,0.00014632026378795515
P2_dev_run1,9,winter,5,0,0.0,0.01,0.01,0.01786506054424486
P2_dev_run1,9,winter,5,1,0.01,0.025,0.015000000000000001,0.017297146434253986
P2_dev_run1,9,winter,5,2,0.025,0.05,0.025,0.016390141554668003
P2_dev_run1,9,winter,5,3,0.05,0.075,0.024999999999999994,0.015259067445124178
P2_dev_run1,9,winter,5,4,0.075,0.1,0.02500000000000001,0.014131071697200953
P2_dev_run1,9,winter,5,5,0.1,0.15,0.04999999999999999,0.012445190331910886
P2_dev_run1,9,winter,5,6,0.15,0.2,0.05000000000000002,0.010207446977391618
P2_dev_run1,9,winter,5,7,0.2,0.3,0.09999999999999998,0.006874756680277929
P2_dev_run1,9,winter,5,8,0.3,0.5,0.2,0.0002912166661136334
P2_dev_run1,9,winter,6,0,0.0,0.01,0.01,0.01843835367522917
P2_dev_run1,9,winter,6,1,0.01,0.025,0.015000000000000001,0.017868463800963887
P2_dev_run1,9,winter,6,2,0.025,0.05,0.025,0.016958307909586967
P2_dev_run1,9,winter,6,3,0.05,0.075,0.024999999999999994,0.01582331152251482
P2_dev_run1,9,winter,6,4,0.075,0.1,0.02500000000000001,0.0146914123722458
P2_dev_run1,9,winter,6,5,0.1,0.15,0.04999999999999999,0.012999713295819563
P2_dev_run1,9,winter,6,6,0.15,0.2,0.05000000000000002,0.010754274536272087
P2_dev_run1,9,winter,6,7,0.2,0.3,0.09999999999999998,0.007410186265325443
P2_dev_run1,9,winter,6,8,0.3,0.5,0.2,0.0008043423920878201
P2_dev_run1,9,winter,7,0,0.0,0.01,0.01,0.019664875984887198
P2_dev_run1,9,winter,7,1,0.01,0.025,0.015000000000000001,0.01909075453859488
P2_dev_run1,9,winter,7,2,0.025,0.05,0.025,0.01817385005372596
P2_dev_run1,9,winter,7,3,0.05,0.075,0.024999999999999994,0.017030453368360735
P2_dev_run1,9,winter,7,4,0.075,0.1,0.02500000000000001,0.01589019452672035
P2_dev_run1,9,winter,7,5,0.1,0.15,0.04999999999999999,0.01418603628835086
P2_dev_run1,9,winter,7,6,0.15,0.2,0.05000000000000002,0.01192411765281259
P2_dev_run1,9,winter,7,7,0.2,0.3,0.09999999999999998,0.00855562159246981
P2_dev_run1,9,winter,7,8,0.3,0.5,0.2,0.001902019985323966
P2_dev_run1,9,winter,8,0,0.0,0.01,0.01,0.021613948239343483
P2_dev_run1,9,winter,8,1,0.01,0.025,0.015000000000000001,0.021033089443291592
P2_dev_run1,9,winter,8,2,0.025,0.05,0.025,0.02010544039570794
P2_dev_run1,9,winter,8,3,0.05,0.075,0.024999999999999994,0.01894866983894961
P2_dev_run1,9,winter,8,4,0.075,0.1,0.02500000000000001,0.017795102206262785
P2_dev_run1,9,winter,8,5,0.1,0.15,0.04999999999999999,0.016071109664518305
P2_dev_run1,9,winter,8,6,0.15,0.2,0.05000000000000002,0.013782957419479764
P2_dev_run1,9,winter,8,7,0.2,0.3,0.09999999999999998,0.010375611076097748
P2_dev_run1,9,winter,8,8,0.3,0.5,0.2,0.003646004146679316
P2_dev_run1,9,winter,9,0,0.0,0.01,0.01,0.023956244245484926
P2_dev_run1,9,winter,9,1,0.01,0.025,0.015000000000000001,0.023367267716502733
P2_dev_run1,9,winter,9,2,0.025,0.05,0.025,0.02242667306926127
P2_dev_run1,9,winter,9,3,0.05,0.075,0.024999999999999994,0.02125378964843883
P2_dev_run1,9,winter,9,4,0.075,0.1,0.02500000000000001,0.020084188288661535
P2_dev_run1,9,winter,9,5,0.1,0.15,0.04999999999999999,0.018336301889702592
P2_dev_run1,9,winter,9,6,0.15,0.2,0.05000000000000002,0.016016549110228755
P2_dev_run1,9,winter,9,7,0.2,0.3,0.09999999999999998,0.01256240997389885
P2_dev_run1,9,winter,9,8,0.3,0.5,0.2,0.005741277884472179
P2_dev_run1,9,winter,10,0,0.0,0.01,0.01,0.024123101168571637
P2_dev_run1,9,winter,10,1,0.01,0.025,0.015000000000000001,0.023533545460489393
P2_dev_run1,9,winter,10,2,0.025,0.05,0.025,0.022592027227079647
P2_dev_run1,9,winter,10,3,0.05,0.075,0.024999999999999994,0.021417994258465804
P2_dev_run1,9,winter,10,4,0.075,0.1,0.02500000000000001,0.020247249054321508
P2_dev_run1,9,winter,10,5,0.1,0.15,0.04999999999999999,0.0184976581048979
P2_dev_run1,9,winter,10,6,0.15,0.2,0.05000000000000002,0.016175651094917358
P2_dev_run1,9,winter,10,7,0.2,0.3,0.09999999999999998,0.012718174222648707
P2_dev_run1,9,winter,10,8,0.3,0.5,0.2,0.005890514403684155
P2_dev_run1,9,winter,11,0,0.0,0.01,0.01,0.0234918583688265
P2_dev_run1,9,winter,11,1,0.01,0.025,0.015000000000000001,0.02290449310085966
P2_dev_run1,9,winter,11,2,0.025,0.05,0.025,0.02196646797773205
P2_dev_run1,9,winter,11,3,0.05,0.075,0.024999999999999994,0.020796782667735773
P2_dev_run1,9,winter,11,4,0.075,0.1,0.02500000000000001,0.019630363660437793
P2_dev_run1,9,winter,11,5,0.1,0.15,0.04999999999999999,0.017887219537228164
P2_dev_run1,9,winter,11,6,0.15,0.2,0.05000000000000002,0.015573738393758191
P2_dev_run1,9,winter,11,7,0.2,0.3,0.09999999999999998,0.012128885565129147
P2_dev_run1,9,winter,11,8,0.3,0.5,0.2,0.005325915573096973
P2_dev_run1,9,winter,12,0,0.0,0.01,0.01,0.022535809294826903
P2_dev_run1,9,winter,12,1,0.01,0.025,0.015000000000000001,0.021951758350726342
P2_dev_run1,9,winter,12,2,0.025,0.05,0.025,0.02101901864102529
P2_dev_run1,9,winter,12,3,0.05,0.075,0.024999999999999994,0.019855911859185674
P2_dev_run1,9,winter,12,4,0.075,0.1,0.02500000000000001,0.01869603903122629
P2_dev_run1,9,winter,12,5,0.1,0.15,0.04999999999999999,0.016962650133789395
P2_dev_run1,9,winter,12,6,0.15,0.2,0.05000000000000002,0.014662070546512246
P2_dev_run1,9,winter,12,7,0.2,0.3,0.09999999999999998,0.011236321563684317
P2_dev_run1,9,winter,12,8,0.3,0.5,0.2,0.004470717266913116
P2_dev_run1,9,winter,13,0,0.0,0.01,0.01,0.02113351378187356
P2_dev_run1,9,winter,13,1,0.01,0.025,0.015000000000000001,0.02055431717265706
P2_dev_run1,9,winter,13,2,0.025,0.05,0.025,0.019629318918994443
P2_dev_run1,9,winter,13,3,0.05,0.075,0.024999999999999994,0.01847584779702594
P2_dev_run1,9,winter,13,4,0.075,0.1,0.02500000000000001,0.017325563492051048
P2_dev_run1,9,winter,13,5,0.1,0.15,0.04999999999999999,0.015606464032798532
P2_dev_run1,9,winter,13,6,0.15,0.2,0.05000000000000002,0.01332478341088183
P2_dev_run1,9,winter,13,7,0.2,0.3,0.09999999999999998,0.009927020725371273
P2_dev_run1,9,winter,13,8,0.3,0.5,0.2,0.0032161616259472614
P2_dev_run1,9,winter,14,0,0.0,0.01,0.01,0.02195203879150065
P2_dev_run1,9,winter,14,1,0.01,0.025,0.015000000000000001,0.02137000969717658
P2_dev_run1,9,winter,14,2,0.025,0.05,0.025,0.020440494315779878
P2_dev_run1,9,winter,14,3,0.05,0.075,0.024999999999999994,0.019281400760648996
P2_dev_run1,9,winter,14,4,0.075,0.1,0.02500000000000001,0.018125521495807588
P2_dev_run1,9,winter,14,5,0.1,0.15,0.04999999999999999,0.016398084002338113
P2_dev_run1,9,winter,14,6,0.15,0.2,0.05000000000000002,0.014105375518977942
P2_dev_run1,9,winter,14,7,0.2,0.3,0.09999999999999998,0.01069128210167636
P2_dev_run1,9,winter,14,8,0.3,0.5,0.2,0.003948476870154344
P2_dev_run1,9,winter,15,0,0.0,0.01,0.01,0.02238720506427816
P2_dev_run1,9,winter,15,1,0.01,0.025,0.015000000000000001,0.0218036689372203
P2_dev_run1,9,winter,15,2,0.025,0.05,0.025,0.020871750228184105
P2_dev_run1,9,winter,15,3,0.05,0.075,0.024999999999999994,0.019709665310835293
P2_dev_run1,9,winter,15,4,0.075,0.1,0.02500000000000001,0.01855080934310082
P2_dev_run1,9,winter,15,5,0.1,0.15,0.04999999999999999,0.01681893580008254
P2_dev_run1,9,winter,15,6,0.15,0.2,0.05000000000000002,0.014520360358724055
P2_dev_run1,9,winter,15,7,0.2,0.3,0.09999999999999998,0.011097579082016975
P2_dev_run1,9,winter,15,8,0.3,0.5,0.2,0.00433777969850016
P2_dev_run1,9,winter,16,0,0.0,0.01,0.01,0.022846159525102827
P2_dev_run1,9,winter,16,1,0.01,0.025,0.015000000000000001,0.02226103311318376
P2_dev_run1,9,winter,16,2,0.025,0.05,0.025,0.021326578334335267
P2_dev_run1,9,winter,16,3,0.05,0.075,0.024999999999999994,0.020161336864952254
P2_dev_run1,9,winter,16,4,0.075,0.1,0.02500000000000001,0.018999339833342115
P2_dev_run1,9,winter,16,5,0.1,0.15,0.04999999999999999,0.01726278538035864
P2_dev_run1,9,winter,16,6,0.15,0.2,0.05000000000000002,0.014958019212831236
P2_dev_run1,9,winter,16,7,0.2,0.3,0.09999999999999998,0.011526070884695929
P2_dev_run1,9,winter,16,8,0.3,0.5,0.2,0.004748340758016917
P2_dev_run1,9,winter,17,0,0.0,0.01,0.01,0.023529426279020327
P2_dev_run1,9,winter,17,1,0.01,0.025,0.015000000000000001,0.022941930696327807
P2_dev_run1,9,winter,17,2,0.025,0.05,0.025,0.022003697758333773
P2_dev_run1,9,winter,17,3,0.05,0.075,0.024999999999999994,0.020833753786476675
P2_dev_run1,9,winter,17,4,0.075,0.1,0.02500000000000001,0.019667077400939974
P2_dev_run1,9,winter,17,5,0.1,0.15,0.04999999999999999,0.017923549728906533
P2_dev_run1,9,winter,17,6,0.15,0.2,0.05000000000000002,0.015609561343954964
P2_dev_run1,9,winter,17,7,0.2,0.3,0.09999999999999998,0.012163957439823018
P2_dev_run1,9,winter,17,8,0.3,0.5,0.2,0.005359518467678848
P2_dev_run1,9,winter,18,0,0.0,0.01,0.01,0.023516901970224713
P2_dev_run1,9,winter,18,1,0.01,0.025,0.015000000000000001,0.02292944985163118
P2_dev_run1,9,winter,18,2,0.025,0.05,0.025,0.021991286181204384
P2_dev_run1,9,winter,18,3,0.05,0.075,0.024999999999999994,0.02082142844848978
P2_dev_run1,9,winter,18,4,0.075,0.1,0.02500000000000001,0.01965483786526722
P2_dev_run1,9,winter,18,5,0.1,0.15,0.04999999999999999,0.017911438062018784
P2_dev_run1,9,winter,18,6,0.15,0.2,0.05000000000000002,0.015597618784618511
P2_dev_run1,9,winter,18,7,0.2,0.3,0.09999999999999998,0.012152265274279764
P2_dev_run1,9,winter,18,8,0.3,0.5,0.2,0.005348316032680461
P2_dev_run1,9,winter,19,0,0.0,0.01,0.01,0.023148181925070066
P2_dev_run1,9,winter,19,1,0.01,0.025,0.015000000000000001,0.022562008527693408
P2_dev_run1,9,winter,19,2,0.025,0.05,0.025,0.021625884084353064
P2_dev_run1,9,winter,19,3,0.05,0.075,0.024999999999999994,0.02045856445028083
P2_dev_run1,9,winter,19,4,0.075,0.1,0.02500000000000001,0.01929449947638994
P2_dev_run1,9,winter,19,5,0.1,0.15,0.04999999999999999,0.017554863342655328
P2_dev_run1,9,winter,19,6,0.15,0.2,0.05000000000000002,0.015246021561689522
P2_dev_run1,9,winter,19,7,0.2,0.3,0.09999999999999998,0.011808038305249628
P2_dev_run1,9,winter,19,8,0.3,0.5,0.2,0.005018504289446141
P2_dev_run1,9,winter,20,0,0.0,0.01,0.01,0.022554401395546986
P2_dev_run1,9,winter,20,1,0.01,0.025,0.015000000000000001,0.021970286030174403
P2_dev_run1,9,winter,20,2,0.025,0.05,0.025,0.021037443597429206
P2_dev_run1,9,winter,20,3,0.05,0.075,0.024999999999999994,0.019874208955933396
P2_dev_run1,9,winter,20,4,0.075,0.1,0.02500000000000001,0.018714208896747346
P2_dev_run1,9,winter,20,5,0.1,0.15,0.04999999999999999,0.016980630390542876
P2_dev_run1,9,winter,20,6,0.15,0.2,0.05000000000000002,0.014679800038026597
P2_dev_run1,9,winter,20,7,0.2,0.3,0.09999999999999998,0.011253679730196255
P2_dev_run1,9,winter,20,8,0.3,0.5,0.2,0.004487349113145717
P2_dev_run1,9,winter,21,0,0.0,0.01,0.01,0.021745965222197405
P2_dev_run1,9,winter,21,1,0.01,0.025,0.015000000000000001,0.021164649509369804
P2_dev_run1,9,winter,21,2,0.025,0.05,0.025,0.020236271788581783
P2_dev_run1,9,winter,21,3,0.05,0.075,0.024999999999999994,0.01907859426153569
P2_dev_run1,9,winter,21,4,0.075,0.1,0.02500000000000001,0.017924124099011333
P2_dev_run1,9,winter,21,5,0.1,0.15,0.04999999999999999,0.01619878653142171
P2_dev_run1,9,winter,21,6,0.15,0.2,0.05000000000000002,0.013908855376892898
P2_dev_run1,9,winter,21,7,0.2,0.3,0.09999999999999998,0.010498874731867393
P2_dev_run1,9,winter,21,8,0.3,0.5,0.2,0.003764114655686046
P2_dev_run1,9,winter,22,0,0.0,0.01,0.01,0.02091705877985406
P2_dev_run1,9,winter,22,1,0.01,0.025,0.015000000000000001,0.020338610741788
P2_dev_run1,9,winter,22,2,0.025,0.05,0.025,0.01941480628351644
P2_dev_run1,9,winter,22,3,0.05,0.075,0.024999999999999994,0.01826282107650346
P2_dev_run1,9,winter,22,4,0.075,0.1,0.02500000000000001,0.0171140154382654
P2_dev_run1,9,winter,22,5,0.1,0.15,0.04999999999999999,0.015397119650428785
P2_dev_run1,9,winter,22,6,0.15,0.2,0.05000000000000002,0.01311835363670743
P2_dev_run1,9,winter,22,7,0.2,0.3,0.09999999999999998,0.009724907211703384
P2_dev_run1,9,winter,22,8,0.3,0.5,0.2,0.003022491979259162
P2_dev_run1,9,winter,23,0,0.0,0.01,0.01,0.020646438137050804
P2_dev_run1,9,winter,23,1,0.01,0.025,0.015000000000000001,0.02006892571542925
P2_dev_run1,9,winter,23,2,0.025,0.05,0.025,0.0191466133404794
P2_dev_run1,9,winter,23,3,0.05,0.075,0.024999999999999994,0.01799648535359522
P2_dev_run1,9,winter,23,4,0.075,0.1,0.02500000000000001,0.01684952788961413
P2_dev_run1,9,winter,23,5,0.1,0.15,0.04999999999999999,0.015135386450231828
P2_dev_run1,9,winter,23,6,0.15,0.2,0.05000000000000002,0.012860263431497817
P2_dev_run1,9,winter,23,7,0.2,0.3,0.09999999999999998,0.009472211998244608
P2_dev_run1,9,winter,23,8,0.3,0.5,0.2,0.002780351200513953
P2_dev_run1,9,shoulder,0,0,0.0,0.01,0.01,0.01800657191660532
P2_dev_run1,9,shoulder,0,1,0.01,0.025,0.015000000000000001,0.017438170236413104
P2_dev_run1,9,shoulder,0,2,0.025,0.05,0.025,0.01653038776231408
P2_dev_run1,9,shoulder,0,3,0.05,0.075,0.024999999999999994,0.015398345727729582
P2_dev_run1,9,shoulder,0,4,0.075,0.1,0.02500000000000001,0.014269386700677117
P2_dev_run1,9,shoulder,0,5,0.1,0.15,0.04999999999999999,0.012582069641002561
P2_dev_run1,9,shoulder,0,6,0.15,0.2,0.05000000000000002,0.010342427198815892
P2_dev_run1,9,shoulder,0,7,0.2,0.3,0.09999999999999998,0.007006924057902654
P2_dev_run1,9,shoulder,0,8,0.3,0.5,0.2,0.00041787967642537005
P2_dev_run1,9,shoulder,1,0,0.0,0.01,0.01,0.01643000838629366
P2_dev_run1,9,shoulder,1,1,0.01,0.025,0.015000000000000001,0.015867033997860047
P2_dev_run1,9,shoulder,1,2,0.025,0.05,0.025,0.014967907276523529
P2_dev_run1,9,shoulder,1,3,0.05,0.075,0.024999999999999994,0.013846639842452494
P2_dev_run1,9,shoulder,1,4,0.075,0.1,0.02500000000000001,0.01272840377050832
P2_dev_run1,9,shoulder,1,5,0.1,0.15,0.04999999999999999,0.011057068860604593
P2_dev_run1,9,shoulder,1,6,0.15,0.2,0.05000000000000002,0.008838567562936547
P2_dev_run1,9,shoulder,1,7,0.2,0.3,0.09999999999999998,0.0055343790601282425
P2_dev_run1,9,shoulder,1,8,0.3,0.5,0.2,-0.000993382568851564
P2_dev_run1,9,shoulder,2,0,0.0,0.01,0.01,0.015782790328953966
P2_dev_run1,9,shoulder,2,1,0.01,0.025,0.015000000000000001,0.01522204103452107
P2_dev_run1,9,shoulder,2,2,0.025,0.05,0.025,0.014326463050656213
P2_dev_run1,9,shoulder,2,3,0.05,0.075,0.024999999999999994,0.013209613147365244
P2_dev_run1,9,shoulder,2,4,0.075,0.1,0.02500000000000001,0.012095773542066809
P2_dev_run1,9,shoulder,2,5,0.1,0.15,0.04999999999999999,0.010430991592712548
P2_dev_run1,9,shoulder,2,6,0.15,0.2,0.05000000000000002,0.00822115888309993
P2_dev_run1,9,shoulder,2,7,0.2,0.3,0.09999999999999998,0.004929811235333121
P2_dev_run1,9,shoulder,2,8,0.3,0.5,0.2,-0.001572818174203211
P2_dev_run1,9,shoulder,3,0,0.0,0.01,0.01,0.015437966676638826
P2_dev_run1,9,shoulder,3,1,0.01,0.025,0.015000000000000001,0.014878402153692403
P2_dev_run1,9,shoulder,3,2,0.025,0.05,0.025,0.013984713761574508
P2_dev_run1,9,shoulder,3,3,0.05,0.075,0.024999999999999994,0.012870216073382904
P2_dev_run1,9,shoulder,3,4,0.075,0.1,0.02500000000000001,0.011758717484278144
P2_dev_run1,9,shoulder,3,5,0.1,0.15,0.04999999999999999,0.010097424899164766
P2_dev_run1,9,shoulder,3,6,0.15,0.2,0.05000000000000002,0.007892208166599409
P2_dev_run1,9,shoulder,3,7,0.2,0.3,0.09999999999999998,0.0046076984026016685
P2_dev_run1,9,shoulder,3,8,0.3,0.5,0.2,-0.0018815472212055373
P2_dev_run1,9,shoulder,4,0,0.0,0.01,0.01,0.015291815637838435
P2_dev_run1,9,shoulder,4,1,0.01,0.025,0.015000000000000001,0.014732753115352196
P2_dev_run1,9,shoulder,4,2,0.025,0.05,0.025,0.013839865385088523
P2_dev_run1,9,shoulder,4,3,0.05,0.075,0.024999999999999994,0.012726364382122938
P2_dev_run1,9,shoulder,4,4,0.075,0.1,0.02500000000000001,0.011615857744634025
P2_dev_run1,9,shoulder,4,5,0.1,0.15,0.04999999999999999,0.009956043697312013
P2_dev_run1,9,shoulder,4,6,0.15,0.2,0.05000000000000002,0.007752782900531383
P2_dev_run1,9,shoulder,4,7,0.2,0.3,0.09999999999999998,0.004471170604540554
P2_dev_run1,9,shoulder,4,8,0.3,0.5,0.2,-0.0020124036763499026
P2_dev_run1,9,shoulder,5,0,0.0,0.01,0.01,0.015417892669257471
P2_dev_run1,9,shoulder,5,1,0.01,0.025,0.015000000000000001,0.014858397093823564
P2_dev_run1,9,shoulder,5,2,0.025,0.05,0.025,0.01396481868910393
P2_dev_run1,9,shoulder,5,3,0.05,0.075,0.024999999999999994,0.012850457903498817
P2_dev_run1,9,shoulder,5,4,0.075,0.1,0.02500000000000001,0.011739095571434707
P2_dev_run1,9,shoulder,5,5,0.1,0.15,0.04999999999999999,0.010078006076915115
P2_dev_run1,9,shoulder,5,6,0.15,0.2,0.05000000000000002,0.007873058013704578
P2_dev_run1,9,shoulder,5,7,0.2,0.3,0.09999999999999998,0.004588946245493304
P2_dev_run1,9,shoulder,5,8,0.3,0.5,0.2,-0.0018995203670819222
P2_dev_run1,9,shoulder,6,0,0.0,0.01,0.01,0.015898025329127985
P2_dev_run1,9,shoulder,6,1,0.01,0.025,0.015000000000000001,0.015336879983455601
P2_dev_run1,9,shoulder,6,2,0.025,0.05,0.025,0.014440670359928687
P2_dev_run1,9,shoulder,6,3,0.05,0.075,0.024999999999999994,0.013323034169985818
P2_dev_run1,9,shoulder,6,4,0.075,0.1,0.02500000000000001,0.012208412030077494
P2_dev_run1,9,shoulder,6,5,0.1,0.15,0.04999999999999999,0.010542463688295313
P2_dev_run1,9,shoulder,6,6,0.15,0.2,0.05000000000000002,0.008331088004383532
P2_dev_run1,9,shoulder,6,7,0.2,0.3,0.09999999999999998,0.005037454706049716
P2_dev_run1,9,shoulder,6,8,0.3,0.5,0.2,-0.0014696483149592016
P2_dev_run1,9,shoulder,7,0,0.0,0.01,0.01,0.01683979615621639
P2_dev_run1,9,shoulder,7,1,0.01,0.025,0.015000000000000001,0.016275412076598623
P2_dev_run1,9,shoulder,7,2,0.025,0.05,0.025,0.015374037058444867
P2_dev_run1,9,shoulder,7,3,0.05,0.075,0.024999999999999994,0.0142499709348104
P2_dev_run1,9,shoulder,7,4,0.075,0.1,0.02500000000000001,0.013128949561537756
P2_dev_run1,9,shoulder,7,5,0.1,0.15,0.04999999999999999,0.011453463190987669
P2_dev_run1,9,shoulder,7,6,0.15,0.2,0.05000000000000002,0.009229470240837975
P2_dev_run1,9,shoulder,7,7,0.2,0.3,0.09999999999999998,0.005917147139988534
P2_dev_run1,9,shoulder,7,8,0.3,0.5,0.2,-0.0006265347803686289
P2_dev_run1,9,shoulder,8,0,0.0,0.01,0.01,0.018039032500254126
P2_dev_run1,9,shoulder,8,1,0.01,0.025,0.015000000000000001,0.017470518973042304
P2_dev_run1,9,shoulder,8,2,0.025,0.05,0.025,0.016562558112531156
P2_dev_run1,9,shoulder,8,3,0.05,0.075,0.024999999999999994,0.015430294020052918
P2_dev_run1,9,shoulder,8,4,0.075,0.1,0.02500000000000001,0.014301114015768385
P2_dev_run1,9,shoulder,8,5,0.1,0.15,0.04999999999999999,0.012613467594687348
P2_dev_run1,9,shoulder,8,6,0.15,0.2,0.05000000000000002,0.010373389492660253
P2_dev_run1,9,shoulder,8,7,0.2,0.3,0.09999999999999998,0.0070372410660826685
P2_dev_run1,9,shoulder,8,8,0.3,0.5,0.2,0.0004469339652081461
P2_dev_run1,9,shoulder,9,0,0.0,0.01,0.01,0.0191675211102027
P2_dev_run1,9,shoulder,9,1,0.01,0.025,0.015000000000000001,0.018595116324511086
P2_dev_run1,9,shoulder,9,2,0.025,0.05,0.025,0.017680949576828198
P2_dev_run1,9,shoulder,9,3,0.05,0.075,0.024999999999999994,0.01654096067233324
P2_dev_run1,9,shoulder,9,4,0.075,0.1,0.02500000000000001,0.015404093105789158
P2_dev_run1,9,shoulder,9,5,0.1,0.15,0.04999999999999999,0.013704989126049064
P2_dev_run1,9,shoulder,9,6,0.15,0.2,0.05000000000000002,0.01144975572683837
P2_dev_run1,9,shoulder,9,7,0.2,0.3,0.09999999999999998,0.008091160745368338
P2_dev_run1,9,shoulder,9,8,0.3,0.5,0.2,0.0014569315106430225
P2_dev_run1,9,shoulder,10,0,0.0,0.01,0.01,0.019206373801693155
P2_dev_run1,9,shoulder,10,1,0.01,0.025,0.015000000000000001,0.018633834940245026
P2_dev_run1,9,shoulder,10,2,0.025,0.05,0.025,0.01771945438321154
P2_dev_run1,9,shoulder,10,3,0.05,0.075,0.024999999999999994,0.016579199337647402
P2_dev_run1,9,shoulder,10,4,0.075,0.1,0.02500000000000001,0.015442066922549675
P2_dev_run1,9,shoulder,10,5,0.1,0.15,0.04999999999999999,0.01374256820915271
P2_dev_run1,9,shoulder,10,6,0.15,0.2,0.05000000000000002,0.011486812700782497
P2_dev_run1,9,shoulder,10,7,0.2,0.3,0.09999999999999998,0.00812744444288624
P2_dev_run1,9,shoulder,10,8,0.3,0.5,0.2,0.0014917021896088817
P2_dev_run1,9,shoulder,11,0,0.0,0.01,0.01,0.018866223633960677
P2_dev_run1,9,shoulder,11,1,0.01,0.025,0.015000000000000001,0.01829485829148621
P2_dev_run1,9,shoulder,11,2,0.025,0.05,0.025,0.01738234928028215
P2_dev_run1,9,shoulder,11,3,0.05,0.075,0.024999999999999994,0.016244423837534775
P2_dev_run1,9,shoulder,11,4,0.075,0.1,0.02500000000000001,0.015109609761966842
P2_dev_run1,9,shoulder,11,5,0.1,0.15,0.04999999999999999,0.013413566276605785
P2_dev_run1,9,shoulder,11,6,0.15,0.2,0.05000000000000002,0.011162381036995957
P2_dev_run1,9,shoulder,11,7,0.2,0.3,0.09999999999999998,0.007809781658866951
P2_dev_run1,9,shoulder,11,8,0.3,0.5,0.2,0.0011872838141471082
P2_dev_run1,9,shoulder,12,0,0.0,0.01,0.01,0.01825474530185861
P2_dev_run1,9,shoulder,12,1,0.01,0.025,0.015000000000000001,0.017685488363830548
P2_dev_run1,9,shoulder,12,2,0.025,0.05,0.025,0.01677634187467303
P2_dev_run1,9,shoulder,12,3,0.05,0.075,0.024999999999999994,0.01564260195945855
P2_dev_run1,9,shoulder,12,4,0.075,0.1,0.02500000000000001,0.014511953233006242
P2_dev_run1,9,shoulder,12,5,0.1,0.15,0.04999999999999999,0.012822117795587288
P2_dev_run1,9,shoulder,12,6,0.15,0.2,0.05000000000000002,0.010579144158309458
P2_dev_run1,9,shoulder,12,7,0.2,0.3,0.09999999999999998,0.007238707044274069
P2_dev_run1,9,shoulder,12,8,0.3,0.5,0.2,0.0006400077156298867
P2_dev_run1,9,shoulder,13,0,0.0,0.01,0.01,0.017394934925819838
P2_dev_run1,9,shoulder,13,1,0.01,0.025,0.015000000000000001,0.016828640010261665
P2_dev_run1,9,shoulder,13,2,0.025,0.05,0.025,0.015924217503532345
P2_dev_run1,9,shoulder,13,3,0.05,0.075,0.024999999999999994,0.014796357880402792
P2_dev_run1,9,shoulder,13,4,0.075,0.1,0.02500000000000001,0.01367156118203427
P2_dev_run1,9,shoulder,13,5,0.1,0.15,0.04999999999999999,0.011990447819025255
P2_dev_run1,9,shoulder,13,6,0.15,0.2,0.05000000000000002,0.009759011475539144
P2_dev_run1,9,shoulder,13,7,0.2,0.3,0.09999999999999998,0.006435663022004297
P2_dev_run1,9,shoulder,13,8,0.3,0.5,0.2,-0.00012959572089972504
P2_dev_run1,9,shoulder,14,0,0.0,0.01,0.01,0.018308013036757997
P2_dev_run1,9,shoulder,14,1,0.01,0.025,0.015000000000000001,0.01773857248290415
P2_dev_run1,9,shoulder,14,2,0.025,0.05,0.025,0.01682913317636814
P2_dev_run1,9,shoulder,14,3,0.05,0.075,0.024999999999999994,0.015695028761335553
P2_dev_run1,9,shoulder,14,4,0.075,0.1,0.02500000000000001,0.014564017294415582
P2_dev_run1,9,shoulder,14,5,0.1,0.15,0.04999999999999999,0.012873641227642566
P2_dev_run1,9,shoulder,14,6,0.15,0.2,0.05000000000000002,0.010629952468902411
P2_dev_run1,9,shoulder,14,7,0.2,0.3,0.09999999999999998,0.007288456166471004
P2_dev_run1,9,shoulder,14,8,0.3,0.5,0.2,0.0006876842170263492
P2_dev_run1,9,shoulder,15,0,0.0,0.01,0.01,0.01885133355620655
P2_dev_run1,9,shoulder,15,1,0.01,0.025,0.015000000000000001,0.01828001956491835
P2_dev_run1,9,shoulder,15,2,0.025,0.05,0.025,0.017367592467801285
P2_dev_run1,9,shoulder,15,3,0.05,0.075,0.024999999999999994,0.016229768979973417
P2_dev_run1,9,shoulder,15,4,0.075,0.1,0.02500000000000001,0.015095056373326527
P2_dev_run1,9,shoulder,15,5,0.1,0.15,0.04999999999999999,0.013399164108062748
P2_dev_run1,9,shoulder,15,6,0.15,0.2,0.05000000000000002,0.011148178895761526
P2_dev_run1,9,shoulder,15,7,0.2,0.3,0.09999999999999998,0.007795875769054108
P2_dev_run1,9,shoulder,15,8,0.3,0.5,0.2,0.0011739576032830656
P2_dev_run1,9,shoulder,16,0,0.0,0.01,0.01,0.019367937658369694
P2_dev_run1,9,shoulder,16,1,0.01,0.025,0.015000000000000001,0.018794841231735877
P2_dev_run1,9,shoulder,16,2,0.025,0.05,0.025,0.017879571472963485
P2_dev_run1,9,shoulder,16,3,0.05,0.075,0.024999999999999994,0.016738209590820844
P2_dev_run1,9,shoulder,16,4,0.075,0.1,0.02500000000000001,0.015599975692128227
P2_dev_run1,9,shoulder,16,5,0.1,0.15,0.04999999999999999,0.013898835361663146
P2_dev_run1,9,shoulder,16,6,0.15,0.2,0.05000000000000002,0.011640908485879838
P2_dev_run1,9,shoulder,16,7,0.2,0.3,0.09999999999999998,0.008278324327100075
P2_dev_run1,9,shoulder,16,8,0.3,0.5,0.2,0.001636289793143994
P2_dev_run1,9,shoulder,17,0,0.0,0.01,0.01,0.020080390774940282
P2_dev_run1,9,shoulder,17,1,0.01,0.025,0.015000000000000001,0.01950483435199657
P2_dev_run1,9,shoulder,17,2,0.025,0.05,0.025,0.018585641374448958
P2_dev_run1,9,shoulder,17,3,0.05,0.075,0.024999999999999994,0.017439396146107792
P2_dev_run1,9,shoulder,17,4,0.075,0.1,0.02500000000000001,0.01629630256703151
P2_dev_run1,9,shoulder,17,5,0.1,0.15,0.04999999999999999,0.014587919589305057
P2_dev_run1,9,shoulder,17,6,0.15,0.2,0.05000000000000002,0.012320413001311311
P2_dev_run1,9,shoulder,17,7,0.2,0.3,0.09999999999999998,0.00894364118785407
P2_dev_run1,9,shoulder,17,8,0.3,0.5,0.2,0.0022738480148165596
P2_dev_run1,9,shoulder,18,0,0.0,0.01,0.01,0.020288850643693235
P2_dev_run1,9,shoulder,18,1,0.01,0.025,0.015000000000000001,0.01971257403171981
P2_dev_run1,9,shoulder,18,2,0.025,0.05,0.025,0.01879223251985529
P2_dev_run1,9,shoulder,18,3,0.05,0.075,0.024999999999999994,0.017644557669299624
P2_dev_run1,9,shoulder,18,4,0.075,0.1,0.02500000000000001,0.016500041425367977
P2_dev_run1,9,shoulder,18,5,0.1,0.15,0.04999999999999999,0.014789538187698906
P2_dev_run1,9,shoulder,18,6,0.15,0.2,0.05000000000000002,0.012519227223886095
P2_dev_run1,9,shoulder,18,7,0.2,0.3,0.09999999999999998,0.00913830220214615
P2_dev_run1,9,shoulder,18,8,0.3,0.5,0.2,0.0024603834896852472
P2_dev_run1,9,shoulder,19,0,0.0,0.01,0.01,0.0204432319125758
P2_dev_run1,9,shoulder,19,1,0.01,0.025,0.015000000000000001,0.019866421835000127
P2_dev_run1,9,shoulder,19,2,0.025,0.05,0.025,0.018945229543386732
P2_dev_run1,9,shoulder,19,3,0.05,0.075,0.024999999999999994,0.01779649573065756
P2_dev_run1,9,shoulder,19,4,0.075,0.1,0.02500000000000001,0.01665092565845238
P2_dev_run1,9,shoulder,19,5,0.1,0.15,0.04999999999999999,0.014938851881493579
P2_dev_run1,9,shoulder,19,6,0.15,0.2,0.05000000000000002,0.012666463637703292
P2_dev_run1,9,shoulder,19,7,0.2,0.3,0.09999999999999998,0.009282462254214115
P2_dev_run1,9,shoulder,19,8,0.3,0.5,0.2,0.0025985249007505484
P2_dev_run1,9,shoulder,20,0,0.0,0.01,0.01,0.02027675318066191
P2_dev_run1,9,shoulder,20,1,0.01,0.025,0.015000000000000001,0.019700518377639233
P2_dev_run1,9,shoulder,20,2,0.025,0.05,0.025,0.018780243517266815
P2_dev_run1,9,shoulder,20,3,0.05,0.075,0.024999999999999994,0.017632651646655177
P2_dev_run1,9,shoulder,20,4,0.075,0.1,0.02500000000000001,0.016488217968653178
P2_dev_run1,9,shoulder,20,5,0.1,0.15,0.04999999999999999,0.014777837791937202
P2_dev_run1,9,shoulder,20,6,0.15,0.2,0.05000000000000002,0.012507689588582557
P2_dev_run1,9,shoulder,20,7,0.2,0.3,0.09999999999999998,0.009127005612623309
P2_dev_run1,9,shoulder,20,8,0.3,0.5,0.2,0.002449558490270204
P2_dev_run1,9,shoulder,21,0,0.0,0.01,0.01,0.019643848915079642
P2_dev_run1,9,shoulder,21,1,0.01,0.025,0.015000000000000001,0.019069800040839392
P2_dev_run1,9,shoulder,21,2,0.025,0.05,0.025,0.01815301134369396
P2_dev_run1,9,shoulder,21,3,0.05,0.075,0.024999999999999994,0.01700975877396538
P2_dev_run1,9,shoulder,21,4,0.075,0.1,0.02500000000000001,0.01586964334291118
P2_dev_run1,9,shoulder,21,5,0.1,0.15,0.04999999999999999,0.014165698847346812
P2_dev_run1,9,shoulder,21,6,0.15,0.2,0.05000000000000002,0.011904062923310806
P2_dev_run1,9,shoulder,21,7,0.2,0.3,0.09999999999999998,0.008535985560245709
P2_dev_run1,9,shoulder,21,8,0.3,0.5,0.2,0.0018832031584042896
P2_dev_run1,9,shoulder,22,0,0.0,0.01,0.01,0.0189407102669209
P2_dev_run1,9,shoulder,22,1,0.01,0.025,0.015000000000000001,0.018369087991455348
P2_dev_run1,9,shoulder,22,2,0.025,0.05,0.025,0.01745616921085158
P2_dev_run1,9,shoulder,22,3,0.05,0.075,0.024999999999999994,0.016317733715889297
P2_dev_run1,9,shoulder,22,4,0.075,0.1,0.02500000000000001,0.01518241203993575
P2_dev_run1,9,shoulder,22,5,0.1,0.15,0.04999999999999999,0.013485612033556086
P2_dev_run1,9,shoulder,22,6,0.15,0.2,0.05000000000000002,0.011233426133868126
P2_dev_run1,9,shoulder,22,7,0.2,0.3,0.09999999999999998,0.007879344699437548
P2_dev_run1,9,shoulder,22,8,0.3,0.5,0.2,0.0012539469323738506
P2_dev_run1,9,shoulder,23,0,0.0,0.01,0.01,0.018476898930383512
P2_dev_run1,9,shoulder,23,1,0.01,0.025,0.015000000000000001,0.017906876171471426
P2_dev_run1,9,shoulder,23,2,0.025,0.05,0.025,0.016996508344921946
P2_dev_run1,9,shoulder,23,3,0.05,0.075,0.024999999999999994,0.015861248150491617
P2_dev_run1,9,shoulder,23,4,0.075,0.1,0.02500000000000001,0.014729086467114566
P2_dev_run1,9,shoulder,23,5,0.1,0.15,0.04999999999999999,0.013036996098598212
P2_dev_run1,9,shoulder,23,6,0.15,0.2,0.05000000000000002,0.01079103977025819
P2_dev_run1,9,shoulder,23,7,0.2,0.3,0.09999999999999998,0.007446184919118333
P2_dev_run1,9,shoulder,23,8,0.3,0.5,0.2,0.0008388410214568709
P3_dev_run0,1,summer,0,0,0.0,0.5,0.5,0.01706710443865153
P3_dev_run0,1,summer,1,0,0.0,0.5,0.5,0.014967304586256225
P3_dev_run0,1,summer,2,0,0.0,0.5,0.5,0.014079049946710498
P3_dev_run0,1,summer,3,0,0.0,0.5,0.5,0.013539569415514235
P3_dev_run0,1,summer,4,0,0.0,0.5,0.5,0.013217819797161606
P3_dev_run0,1,summer,5,0,0.0,0.5,0.5,0.013194637485019811
P3_dev_run0,1,summer,6,0,0.0,0.5,0.5,0.013532925801259282
P3_dev_run0,1,summer,7,0,0.0,0.5,0.5,0.014624561169064215
P3_dev_run0,1,summer,8,0,0.0,0.5,0.5,0.016376360949872742
P3_dev_run0,1,summer,9,0,0.0,0.5,0.5,0.018684143634866535
P3_dev_run0,1,summer,10,0,0.0,0.5,0.5,0.01999695817614655
P3_dev_run0,1,summer,11,0,0.0,0.5,0.5,0.020413252425289352
P3_dev_run0,1,summer,12,0,0.0,0.5,0.5,0.02024019749838213
P3_dev_run0,1,summer,13,0,0.0,0.5,0.5,0.019561151002313926
P3_dev_run0,1,summer,14,0,0.0,0.5,0.5,0.020668020420066602
P3_dev_run0,1,summer,15,0,0.0,0.5,0.5,0.02123979967849443
P3_dev_run0,1,summer,16,0,0.0,0.5,0.5,0.02155355170287565
P3_dev_run0,1,summer,17,0,0.0,0.5,0.5,0.022108304982212612
P3_dev_run0,1,summer,18,0,0.0,0.5,0.5,0.022054500457374004
P3_dev_run0,1,summer,19,0,0.0,0.5,0.5,0.021871755632719314
P3_dev_run0,1,summer,20,0,0.0,0.5,0.5,0.021646417808510177
P3_dev_run0,1,summer,21,0,0.0,0.5,0.5,0.02080980729309806
P3_dev_run0,1,summer,22,0,0.0,0.5,0.5,0.019427935161005105
P3_dev_run0,1,summer,23,0,0.0,0.5,0.5,0.018194482890077496
P3_dev_run0,1,winter,0,0,0.0,0.5,0.5,0.01821181004670705
P3_dev_run0,1,winter,1,0,0.0,0.5,0.5,0.01642408828614078
P3_dev_run0,1,winter,2,0,0.0,0.5,0.5,0.015554481468551234
P3_dev_run0,1,winter,3,0,0.0,0.5,0.5,0.015058218109783056
P3_dev_run0,1,winter,4,0,0.0,0.5,0.5,0.014856303979101065
P3_dev_run0,1,winter,5,0,0.0,0.5,0.5,0.015041377742364803
P3_dev_run0,1,winter,6,0,0.0,0.5,0.5,0.015696683080553275
P3_dev_run0,1,winter,7,0,0.0,0.5,0.5,0.017097980590348227
P3_dev_run0,1,winter,8,0,0.0,0.5,0.5,0.01932287642744457
P3_dev_run0,1,winter,9,0,0.0,0.5,0.5,0.021993552809581374
P3_dev_run0,1,winter,10,0,0.0,0.5,0.5,0.02218367417468986
P3_dev_run0,1,winter,11,0,0.0,0.5,0.5,0.02146432912433216
P3_dev_run0,1,winter,12,0,0.0,0.5,0.5,0.02037438020574317
P3_dev_run0,1,winter,13,0,0.0,0.5,0.5,0.018774661929967018
P3_dev_run0,1,winter,14,0,0.0,0.5,0.5,0.01970857379838664
P3_dev_run0,1,winter,15,0,0.0,0.5,0.5,0.020204912824433596
P3_dev_run0,1,winter,16,0,0.0,0.5,0.5,0.02072825807064438
P3_dev_run0,1,winter,17,0,0.0,0.5,0.5,0.02150714718818819
P3_dev_run0,1,winter,18,0,0.0,0.5,0.5,0.021492872700941357
P3_dev_run0,1,winter,19,0,0.0,0.5,0.5,0.02107258341825391
P3_dev_run0,1,winter,20,0,0.0,0.5,0.5,0.020395581571756805
P3_dev_run0,1,winter,21,0,0.0,0.5,0.5,0.019473491199448523
P3_dev_run0,1,winter,22,0,0.0,0.5,0.5,0.018527635453960523
P3_dev_run0,1,winter,23,0,0.0,0.5,0.5,0.01821874166337112
P3_dev_run0,1,shoulder,0,0,0.0,0.5,0.5,0.015203144504806698
P3_dev_run0,1,shoulder,1,0,0.0,0.5,0.5,0.01340013255947961
P3_dev_run0,1,shoulder,2,0,0.0,0.5,0.5,0.012659508515019596
P3_dev_run0,1,shoulder,3,0,0.0,0.5,0.5,0.012264810128399806
P3_dev_run0,1,shoulder,4,0,0.0,0.5,0.5,0.012097497584579536
P3_dev_run0,1,shoulder,5,0,0.0,0.5,0.5,0.012241830353545313
P3_dev_run0,1,shoulder,6,0,0.0,0.5,0.5,0.012791394336330891
P3_dev_run0,1,shoulder,7,0,0.0,0.5,0.5,0.013868935085193407
P3_dev_run0,1,shoulder,8,0,0.0,0.5,0.5,0.015240258760582465
P3_dev_run0,1,shoulder,9,0,0.0,0.5,0.5,0.01652986667037834
P3_dev_run0,1,shoulder,10,0,0.0,0.5,0.5,0.016574252465020423
P3_dev_run0,1,shoulder,11,0,0.0,0.5,0.5,0.01618562887985131
P3_dev_run0,1,shoulder,12,0,0.0,0.5,0.5,0.01548683090971903
P3_dev_run0,1,shoulder,13,0,0.0,0.5,0.5,0.014503846082149274
P3_dev_run0,1,shoulder,14,0,0.0,0.5,0.5,0.015547714541456786
P3_dev_run0,1,shoulder,15,0,0.0,0.5,0.5,0.016168615235510442
P3_dev_run0,1,shoulder,16,0,0.0,0.5,0.5,0.01675881503537327
P3_dev_run0,1,shoulder,17,0,0.0,0.5,0.5,0.017572493683027213
P3_dev_run0,1,shoulder,18,0,0.0,0.5,0.5,0.0178105122676305
P3_dev_run0,1,shoulder,19,0,0.0,0.5,0.5,0.017986766850778574
P3_dev_run0,1,shoulder,20,0,0.0,0.5,0.5,0.01779670017415491
P3_dev_run0,1,shoulder,21,0,0.0,0.5,0.5,0.017073965062747748
P3_dev_run0,1,shoulder,22,0,0.0,0.5,0.5,0.01627073643928273
P3_dev_run0,1,shoulder,23,0,0.0,0.5,0.5,0.015740735095427838
P3_dev_run0,2,summer,0,0,0.0,0.025,0.025,0.02316190032164489
P3_dev_run0,2,summer,0,1,0.025,0.5,0.475,0.01674632570796767
P3_dev_run0,2,summer,1,0,0.0,0.025,0.025,0.020999848880781657
P3_dev_run0,2,summer,1,1,0.025,0.5,0.475,0.014649802254965413
P3_dev_run0,2,summer,2,0,0.0,0.025,0.025,0.02008547887300982
P3_dev_run0,2,summer,2,1,0.025,0.5,0.475,0.013762922108484218
P3_dev_run0,2,summer,3,0,0.0,0.025,0.025,0.01953008034724868
P3_dev_run0,2,summer,3,1,0.025,0.5,0.475,0.013224279366475581
P3_dev_run0,2,summer,4,0,0.0,0.025,0.025,0.019198842388499227
P3_dev_run0,2,summer,4,1,0.025,0.5,0.475,0.012903029134459627
P3_dev_run0,2,summer,5,0,0.0,0.025,0.025,0.019174976584596104
P3_dev_run0,2,summer,5,1,0.025,0.5,0.475,0.012879882795568428
P3_dev_run0,2,summer,6,0,0.0,0.025,0.025,0.019523240772434947
P3_dev_run0,2,summer,6,1,0.025,0.5,0.475,0.013217646065934247
P3_dev_run0,2,summer,7,0,0.0,0.025,0.025,0.020647097261861647
P3_dev_run0,2,summer,7,1,0.025,0.5,0.475,0.014307585585232771
P3_dev_run0,2,summer,8,0,0.0,0.025,0.025,0.02245069879057704
P3_dev_run0,2,summer,8,1,0.025,0.5,0.475,0.01605665895825673
P3_dev_run0,2,summer,9,0,0.0,0.025,0.025,0.024826904071733047
P3_dev_run0,2,summer,9,1,0.025,0.5,0.475,0.018360840453978823
P3_dev_run0,2,summer,10,0,0.0,0.025,0.025,0.026178733930906084
P3_dev_run0,2,summer,10,1,0.025,0.5,0.475,0.019671601557474997
P3_dev_run0,2,summer,11,0,0.0,0.025,0.025,0.026607414006191155
P3_dev_run0,2,summer,11,1,0.025,0.5,0.475,0.020087243921031363
P3_dev_run0,2,summer,12,0,0.0,0.025,0.025,0.026429209425029576
P3_dev_run0,2,summer,12,1,0.025,0.5,0.475,0.01991446002855858
P3_dev_run0,2,summer,13,0,0.0,0.025,0.025,0.02572996762799651
P3_dev_run0,2,summer,13,1,0.025,0.5,0.475,0.019236476443067474
P3_dev_run0,2,summer,14,0,0.0,0.025,0.025,0.026869765348249697
P3_dev_run0,2,summer,14,1,0.025,0.5,0.475,0.020341612792267493
P3_dev_run0,2,summer,15,0,0.0,0.025,0.025,0.027458573282008736
P3_dev_run0,2,summer,15,1,0.025,0.5,0.475,0.02091249580462526
P3_dev_run0,2,summer,16,0,0.0,0.025,0.025,0.027781674895477337
P3_dev_run0,2,summer,16,1,0.025,0.5,0.475,0.0212257557453703
P3_dev_run0,2,summer,17,0,0.0,0.025,0.025,0.028352968910005938
P3_dev_run0,2,summer,17,1,0.025,0.5,0.475,0.021779638459697177
P3_dev_run0,2,summer,18,0,0.0,0.025,0.025,0.028297559600596323
P3_dev_run0,2,summer,18,1,0.025,0.5,0.475,0.02172591839720441
P3_dev_run0,2,summer,19,0,0.0,0.025,0.025,0.028109365032482625
P3_dev_run0,2,summer,19,1,0.025,0.5,0.475,0.021543460401152827
P3_dev_run0,2,summer,20,0,0.0,0.025,0.025,0.02787730909320052
P3_dev_run0,2,summer,20,1,0.025,0.5,0.475,0.021318476161947528
P3_dev_run0,2,summer,21,0,0.0,0.025,0.025,0.027015773707312896
P3_dev_run0,2,summer,21,1,0.025,0.5,0.475,0.020483177481823597
P3_dev_run0,2,summer,22,0,0.0,0.025,0.025,0.02559279197289488
P3_dev_run0,2,summer,22,1,0.025,0.5,0.475,0.019103469013010906
P3_dev_run0,2,summer,23,0,0.0,0.025,0.025,0.024322708342633392
P3_dev_run0,2,summer,23,1,0.025,0.5,0.475,0.017871944708364028
P3_dev_run0,2,winter,0,0,0.0,0.025,0.025,0.02434054967731636
P3_dev_run0,2,winter,0,1,0.025,0.5,0.475,0.01788924480299077
P3_dev_run0,2,winter,1,0,0.0,0.025,0.025,0.02249970317839134
P3_dev_run0,2,winter,1,1,0.025,0.5,0.475,0.016104319081285488
P3_dev_run0,2,winter,2,0,0.0,0.025,0.025,0.021604501232500573
P3_dev_run0,2,winter,2,1,0.025,0.5,0.475,0.015236059375711796
P3_dev_run0,2,winter,3,0,0.0,0.025,0.025,0.02109356677068741
P3_dev_run0,2,winter,3,1,0.025,0.5,0.475,0.014740568180261775
P3_dev_run0,2,winter,4,0,0.0,0.025,0.025,0.020885686112243618
P3_dev_run0,2,winter,4,1,0.025,0.5,0.475,0.014538968077356721
P3_dev_run0,2,winter,5,0,0.0,0.025,0.025,0.021076228714972944
P3_dev_run0,2,winter,5,1,0.025,0.5,0.475,0.014723754006964376
P3_dev_run0,2,winter,6,0,0.0,0.025,0.025,0.0217509085046641
P3_dev_run0,2,winter,6,1,0.025,0.5,0.475,0.015378039637179023
P3_dev_run0,2,winter,7,0,0.0,0.025,0.025,0.023193691371927727
P3_dev_run0,2,winter,7,1,0.025,0.5,0.475,0.016777153707107202
P3_dev_run0,2,winter,8,0,0.0,0.025,0.025,0.02548461087397258
P3_dev_run0,2,winter,8,1,0.025,0.5,0.475,0.01899857461446941
P3_dev_run0,2,winter,9,0,0.0,0.025,0.025,0.028234794251924544
P3_dev_run0,2,winter,9,1,0.025,0.5,0.475,0.021665066417879103
P3_dev_run0,2,winter,10,0,0.0,0.025,0.025,0.028430586277230496
P3_dev_run0,2,winter,10,1,0.025,0.5,0.475,0.021854889327187724
P3_dev_run0,2,winter,11,0,0.0,0.025,0.025,0.027689793153485853
P3_dev_run0,2,winter,11,1,0.025,0.5,0.475,0.021136673122797756
P3_dev_run0,2,winter,12,0,0.0,0.025,0.025,0.026567384948336104
P3_dev_run0,2,winter,12,1,0.025,0.5,0.475,0.020048432587711964
P3_dev_run0,2,winter,13,0,0.0,0.025,0.025,0.02491994572113243
P3_dev_run0,2,winter,13,1,0.025,0.5,0.475,0.018451225940958313
P3_dev_run0,2,winter,14,0,0.0,0.025,0.025,0.025881773349607506
P3_dev_run0,2,winter,14,1,0.025,0.5,0.475,0.019383668558848703
P3_dev_run0,2,winter,15,0,0.0,0.025,0.025,0.026392874920738718
P3_dev_run0,2,winter,15,1,0.025,0.5,0.475,0.019879230608838592
P3_dev_run0,2,winter,16,0,0.0,0.025,0.025,0.026931796385545326
P3_dev_run0,2,winter,16,1,0.025,0.5,0.475,0.020401756054070644
P3_dev_run0,2,winter,17,0,0.0,0.025,0.025,0.027733887317107353
P3_dev_run0,2,winter,17,1,0.025,0.5,0.475,0.021179424023508236
P3_dev_run0,2,winter,18,0,0.0,0.025,0.025,0.027719187403030254
P3_dev_run0,2,winter,18,1,0.025,0.5,0.475,0.021165171927147206
P3_dev_run0,2,winter,19,0,0.0,0.025,0.025,0.027286375674442365
P3_dev_run0,2,winter,19,1,0.025,0.5,0.475,0.02074554172055978
P3_dev_run0,2,winter,20,0,0.0,0.025,0.025,0.026589217261844267
P3_dev_run0,2,winter,20,1,0.025,0.5,0.475,0.02006960074596273
P3_dev_run0,2,winter,21,0,0.0,0.025,0.025,0.0256397020771848
P3_dev_run0,2,winter,21,1,0.025,0.5,0.475,0.019148953784830825
P3_dev_run0,2,winter,22,0,0.0,0.025,0.025,0.024665749125876157
P3_dev_run0,2,winter,22,1,0.025,0.5,0.475,0.018204576839649173
P3_dev_run0,2,winter,23,0,0.0,0.025,0.025,0.02434768699178913
P3_dev_run0,2,winter,23,1,0.025,0.5,0.475,0.01789616559345438
P3_dev_run0,2,shoulder,0,0,0.0,0.025,0.025,0.021242635636107843
P3_dev_run0,2,shoulder,0,1,0.025,0.5,0.475,0.01488527655052769
P3_dev_run0,2,shoulder,1,0,0.0,0.025,0.025,0.019386418652801995
P3_dev_run0,2,shoulder,1,1,0.025,0.5,0.475,0.01308506487035738
P3_dev_run0,2,shoulder,2,0,0.0,0.025,0.025,0.01862407589244275
P3_dev_run0,2,shoulder,2,1,0.025,0.5,0.475,0.012345583916207851
P3_dev_run0,2,shoulder,3,0,0.0,0.025,0.025,0.01821775157325789
P3_dev_run0,2,shoulder,3,1,0.025,0.5,0.475,0.011951497420775696
P3_dev_run0,2,shoulder,4,0,0.0,0.025,0.025,0.018045512572973377
P3_dev_run0,2,shoulder,4,1,0.025,0.5,0.475,0.011784444164137755
P3_dev_run0,2,shoulder,5,0,0.0,0.025,0.025,0.018194095106711106
P3_dev_run0,2,shoulder,5,1,0.025,0.5,0.475,0.01192855326127343
P3_dev_run0,2,shoulder,6,0,0.0,0.025,0.025,0.01875984774571071
P3_dev_run0,2,shoulder,6,1,0.025,0.5,0.475,0.012477265209521428
P3_dev_run0,2,shoulder,7,0,0.0,0.025,0.025,0.01986916301682795
P3_dev_run0,2,shoulder,7,1,0.025,0.5,0.475,0.013553133615107378
P3_dev_run0,2,shoulder,8,0,0.0,0.025,0.025,0.021280988021153968
P3_dev_run0,2,shoulder,8,1,0.025,0.5,0.475,0.014922325641605018
P3_dev_run0,2,shoulder,9,0,0.0,0.025,0.025,0.02260874936630408
P3_dev_run0,2,shoulder,9,1,0.025,0.5,0.475,0.016209925475855935
P3_dev_run0,2,shoulder,10,0,0.0,0.025,0.025,0.022654449465283055
P3_dev_run0,2,shoulder,10,1,0.025,0.5,0.475,0.016254242096585547
P3_dev_run0,2,shoulder,11,0,0.0,0.025,0.025,0.02225432096091773
P3_dev_run0,2,shoulder,11,1,0.025,0.5,0.475,0.015866224033479395
P3_dev_run0,2,shoulder,12,0,0.0,0.025,0.025,0.021534850156407215
P3_dev_run0,2,shoulder,12,1,0.025,0.5,0.475,0.015168514107261758
P3_dev_run0,2,shoulder,13,0,0.0,0.025,0.025,0.020522816877379668
P3_dev_run0,2,shoulder,13,1,0.025,0.5,0.475,0.014187058145558202
P3_dev_run0,2,shoulder,14,0,0.0,0.025,0.025,0.021597534187735024
P3_dev_run0,2,shoulder,14,1,0.025,0.5,0.475,0.015229302981126354
P3_dev_run0,2,shoulder,15,0,0.0,0.025,0.025,0.022236803771986113
P3_dev_run0,2,shoulder,15,1,0.025,0.5,0.475,0.015849236891485406
P3_dev_run0,2,shoulder,16,0,0.0,0.025,0.025,0.022844477914913952
P3_dev_run0,2,shoulder,16,1,0.025,0.5,0.475,0.016438516989081657
P3_dev_run0,2,shoulder,17,0,0.0,0.025,0.025,0.02368226953647523
P3_dev_run0,2,shoulder,17,1,0.025,0.5,0.475,0.01725092653284574
P3_dev_run0,2,shoulder,18,0,0.0,0.025,0.025,0.023927346521488424
P3_dev_run0,2,shoulder,18,1,0.025,0.5,0.475,0.01748857362269061
P3_dev_run0,2,shoulder,19,0,0.0,0.025,0.025,0.024108829317780467
P3_dev_run0,2,shoulder,19,1,0.025,0.5,0.475,0.017664553036725844
P3_dev_run0,2,shoulder,20,0,0.0,0.025,0.025,0.02391312477280083
P3_dev_run0,2,shoulder,20,1,0.025,0.5,0.475,0.017474783090015652
P3_dev_run0,2,shoulder,21,0,0.0,0.025,0.025,0.023168964231424227
P3_dev_run0,2,shoulder,21,1,0.025,0.5,0.475,0.016753175632817408
P3_dev_run0,2,shoulder,22,0,0.0,0.025,0.025,0.022341947569666232
P3_dev_run0,2,shoulder,22,1,0.025,0.5,0.475,0.01595119901136781
P3_dev_run0,2,shoulder,23,0,0.0,0.025,0.025,0.02179626353269737
P3_dev_run0,2,shoulder,23,1,0.025,0.5,0.475,0.015422023072413653
P3_dev_run0,4,summer,0,0,0.0,0.01,0.01,0.023356217892174513
P3_dev_run0,4,summer,0,1,0.01,0.025,0.015000000000000001,0.02303235527462514
P3_dev_run0,4,summer,0,2,0.025,0.05,0.025,0.022514685888782027
P3_dev_run0,4,summer,0,3,0.05,0.5,0.45,0.016425861253477985
P3_dev_run0,4,summer,1,0,0.0,0.01,0.01,0.02119198252349408
P3_dev_run0,4,summer,1,1,0.01,0.025,0.015000000000000001,0.020871759785640043
P3_dev_run0,4,summer,1,2,0.025,0.05,0.025,0.020359407992835976
P3_dev_run0,4,summer,1,3,0.05,0.5,0.45,0.014332601936194825
P3_dev_run0,4,summer,2,0,0.0,0.01,0.01,0.02027695523916795
P3_dev_run0,4,summer,2,1,0.01,0.025,0.015000000000000001,0.019957827962237735
P3_dev_run0,4,summer,2,2,0.025,0.05,0.025,0.01944772105168857
P3_dev_run0,4,summer,2,3,0.05,0.5,0.45,0.013447099944972864
P3_dev_run0,4,summer,3,0,0.0,0.01,0.01,0.019721044975631874
P3_dev_run0,4,summer,3,1,0.01,0.025,0.015000000000000001,0.019402770594993214
P3_dev_run0,4,summer,3,2,0.025,0.05,0.025,0.018894025795723746
P3_dev_run0,4,summer,3,3,0.05,0.5,0.45,0.01290929345373957
P3_dev_run0,4,summer,4,0,0.0,0.01,0.01,0.01938950200555123
P3_dev_run0,4,summer,4,1,0.01,0.025,0.015000000000000001,0.019071735977131223
P3_dev_run0,4,summer,4,2,0.025,0.05,0.025,0.018563803082740082
P3_dev_run0,4,summer,4,3,0.05,0.5,0.45,0.01258854169288849
P3_dev_run0,4,summer,5,0,0.0,0.01,0.01,0.019365614217568827
P3_dev_run0,4,summer,5,1,0.01,0.025,0.015000000000000001,0.019047884829280954
P3_dev_run0,4,summer,5,2,0.025,0.05,0.025,0.01854001041302511
P3_dev_run0,4,summer,5,3,0.05,0.5,0.45,0.012565431261265279
P3_dev_run0,4,summer,6,0,0.0,0.01,0.01,0.019714199103632035
P3_dev_run0,4,summer,6,1,0.01,0.025,0.015000000000000001,0.019395935218303552
P3_dev_run0,4,summer,6,2,0.025,0.05,0.025,0.018887207191787825
P3_dev_run0,4,summer,6,3,0.05,0.5,0.45,0.01290267044783127
P3_dev_run0,4,summer,7,0,0.0,0.01,0.01,0.020839091472799054
P3_dev_run0,4,summer,7,1,0.01,0.025,0.015000000000000001,0.020519101121236706
P3_dev_run0,4,summer,7,2,0.025,0.05,0.025,0.020007615881674212
P3_dev_run0,4,summer,7,3,0.05,0.5,0.45,0.013990917235430469
P3_dev_run0,4,summer,8,0,0.0,0.01,0.01,0.02264435852308705
P3_dev_run0,4,summer,8,1,0.01,0.025,0.015000000000000001,0.022321592302237032
P3_dev_run0,4,summer,8,2,0.025,0.05,0.025,0.021805673854619623
P3_dev_run0,4,summer,8,3,0.05,0.5,0.45,0.015737269241792123
P3_dev_run0,4,summer,9,0,0.0,0.01,0.01,0.02502276406878834
P3_dev_run0,4,summer,9,1,0.01,0.025,0.015000000000000001,0.02469633074036285
P3_dev_run0,4,summer,9,2,0.025,0.05,0.025,0.024174555913278883
P3_dev_run0,4,summer,9,3,0.05,0.5,0.45,0.018037856261795486
P3_dev_run0,4,summer,10,0,0.0,0.01,0.01,0.026375848709936367
P3_dev_run0,4,summer,10,1,0.01,0.025,0.015000000000000001,0.026047324078219226
P3_dev_run0,4,summer,10,2,0.025,0.05,0.025,0.02552220947045214
P3_dev_run0,4,summer,10,3,0.05,0.5,0.45,0.01934656778453182
P3_dev_run0,4,summer,11,0,0.0,0.01,0.01,0.02680492715373961
P3_dev_run0,4,summer,11,1,0.01,0.025,0.015000000000000001,0.02647573857449218
P3_dev_run0,4,summer,11,2,0.025,0.05,0.025,0.025949563656129104
P3_dev_run0,4,summer,11,3,0.05,0.5,0.45,0.01976155949130371
P3_dev_run0,4,summer,12,0,0.0,0.01,0.01,0.026626556941014567
P3_dev_run0,4,summer,12,1,0.01,0.025,0.015000000000000001,0.026297644414372913
P3_dev_run0,4,summer,12,2,0.025,0.05,0.025,0.02577191034633497
P3_dev_run0,4,summer,12,3,0.05,0.5,0.45,0.019589046122015445
P3_dev_run0,4,summer,13,0,0.0,0.01,0.01,0.025926665613118516
P3_dev_run0,4,summer,13,1,0.01,0.025,0.015000000000000001,0.02559883563791517
P3_dev_run0,4,summer,13,2,0.025,0.05,0.025,0.025074830388922553
P3_dev_run0,4,summer,13,3,0.05,0.5,0.45,0.018912123446075523
P3_dev_run0,4,summer,14,0,0.0,0.01,0.01,0.027067522411761136
P3_dev_run0,4,summer,14,1,0.01,0.025,0.015000000000000001,0.026737927305908734
P3_dev_run0,4,summer,14,2,0.025,0.05,0.025,0.026211103190095786
P3_dev_run0,4,summer,14,3,0.05,0.5,0.45,0.02001552999238814
P3_dev_run0,4,summer,15,0,0.0,0.01,0.01,0.027656878068671453
P3_dev_run0,4,summer,15,1,0.01,0.025,0.015000000000000001,0.027326370090900255
P3_dev_run0,4,summer,15,2,0.025,0.05,0.025,0.0267980881359553
P3_dev_run0,4,summer,15,3,0.05,0.5,0.45,0.0205855184528847
P3_dev_run0,4,summer,16,0,0.0,0.01,0.01,0.027980280423628434
P3_dev_run0,4,summer,16,1,0.01,0.025,0.015000000000000001,0.02764927121004327
P3_dev_run0,4,summer,16,2,0.025,0.05,0.025,0.027120188808453793
P3_dev_run0,4,summer,16,3,0.05,0.5,0.45,0.02089828724186566
P3_dev_run0,4,summer,17,0,0.0,0.01,0.01,0.028552106512735875
P3_dev_run0,4,summer,17,1,0.01,0.025,0.015000000000000001,0.02822021050818598
P3_dev_run0,4,summer,17,2,0.025,0.05,0.025,0.027689711968105213
P3_dev_run0,4,summer,17,3,0.05,0.5,0.45,0.021451301042563393
P3_dev_run0,4,summer,18,0,0.0,0.01,0.01,0.028496645583520053
P3_dev_run0,4,summer,18,1,0.01,0.025,0.015000000000000001,0.0281648356119805
P3_dev_run0,4,summer,18,2,0.025,0.05,0.025,0.02763447446876066
P3_dev_run0,4,summer,18,3,0.05,0.5,0.45,0.02139766528211795
P3_dev_run0,4,summer,19,0,0.0,0.01,0.01,0.028308275706795394
P3_dev_run0,4,summer,19,1,0.01,0.025,0.015000000000000001,0.02797675791627411
P3_dev_run0,4,summer,19,2,0.025,0.05,0.025,0.027446863356710427
P3_dev_run0,4,summer,19,3,0.05,0.5,0.45,0.021215493570288513
P3_dev_run0,4,summer,20,0,0.0,0.01,0.01,0.028076003664584404
P3_dev_run0,4,summer,20,1,0.01,0.025,0.015000000000000001,0.02774484604561126
P3_dev_run0,4,summer,20,2,0.025,0.05,0.025,0.027215526652083488
P3_dev_run0,4,summer,20,3,0.05,0.5,0.45,0.020990862245828863
P3_dev_run0,4,summer,21,0,0.0,0.01,0.01,0.027213666556535898
P3_dev_run0,4,summer,21,1,0.01,0.025,0.015000000000000001,0.026883845141164226
P3_dev_run0,4,summer,21,2,0.025,0.05,0.025,0.02635665963226841
P3_dev_run0,4,summer,21,3,0.05,0.5,0.45,0.020156872917909994
P3_dev_run0,4,summer,22,0,0.0,0.01,0.01,0.025789362607997468
P3_dev_run0,4,summer,22,1,0.01,0.025,0.015000000000000001,0.025461744882826483
P3_dev_run0,4,summer,22,2,0.025,0.05,0.025,0.0249380786034048
P3_dev_run0,4,summer,22,3,0.05,0.5,0.45,0.018779324035766803
P3_dev_run0,4,summer,23,0,0.0,0.01,0.01,0.02451810091948503
P3_dev_run0,4,summer,23,1,0.01,0.025,0.015000000000000001,0.024192446624732297
P3_dev_run0,4,summer,23,2,0.025,0.05,0.025,0.023671915947859334
P3_dev_run0,4,summer,23,3,0.05,0.5,0.45,0.017549724083947622
P3_dev_run0,4,winter,0,0,0.0,0.01,0.01,0.024535958788679535
P3_dev_run0,4,winter,0,1,0.01,0.025,0.015000000000000001,0.024210276936407572
P3_dev_run0,4,winter,0,2,0.025,0.05,0.025,0.02368970224872813
P3_dev_run0,4,winter,0,3,0.05,0.5,0.45,0.01756699716711647
P3_dev_run0,4,winter,1,0,0.0,0.01,0.01,0.02269319341926951
P3_dev_run0,4,winter,1,1,0.01,0.025,0.015000000000000001,0.022370709684472558
P3_dev_run0,4,winter,1,2,0.025,0.05,0.025,0.021854670301725276
P3_dev_run0,4,winter,1,3,0.05,0.5,0.45,0.015784855124594387
P3_dev_run0,4,winter,2,0,0.0,0.01,0.01,0.02179737906491952
P3_dev_run0,4,winter,2,1,0.01,0.025,0.015000000000000001,0.02147591601088794
P3_dev_run0,4,winter,2,2,0.025,0.05,0.025,0.020962078771505355
P3_dev_run0,4,winter,2,3,0.05,0.5,0.45,0.014917947187056597
P3_dev_run0,4,winter,3,0,0.0,0.01,0.01,0.021285972902723715
P3_dev_run0,4,winter,3,1,0.01,0.025,0.015000000000000001,0.02096529601599654
P3_dev_run0,4,winter,3,2,0.025,0.05,0.025,0.020452714310340014
P3_dev_run0,4,winter,3,3,0.05,0.5,0.45,0.01442322672859076
P3_dev_run0,4,winter,4,0,0.0,0.01,0.01,0.021077900420492235
P3_dev_run0,4,winter,4,1,0.01,0.025,0.015000000000000001,0.02075754324007787
P3_dev_run0,4,winter,4,2,0.025,0.05,0.025,0.020245472140600906
P3_dev_run0,4,winter,4,3,0.05,0.5,0.45,0.014221940073843154
P3_dev_run0,4,winter,5,0,0.0,0.01,0.01,0.02126861885002329
P3_dev_run0,4,winter,5,1,0.01,0.025,0.015000000000000001,0.02094796862493938
P3_dev_run0,4,winter,5,2,0.025,0.05,0.025,0.020435429513611103
P3_dev_run0,4,winter,5,3,0.05,0.5,0.45,0.014406438701039557
P3_dev_run0,4,winter,6,0,0.0,0.01,0.01,0.021943921560642343
P3_dev_run0,4,winter,6,1,0.01,0.025,0.015000000000000001,0.021622233134011938
P3_dev_run0,4,winter,6,2,0.025,0.05,0.025,0.02110803597680233
P3_dev_run0,4,winter,6,3,0.05,0.5,0.45,0.015059706507199948
P3_dev_run0,4,winter,7,0,0.0,0.01,0.01,0.023388038357340102
P3_dev_run0,4,winter,7,1,0.01,0.025,0.015000000000000001,0.02306412671498614
P3_dev_run0,4,winter,7,2,0.025,0.05,0.025,0.022546379028093866
P3_dev_run0,4,winter,7,3,0.05,0.5,0.45,0.016456641189274607
P3_dev_run0,4,winter,8,0,0.0,0.01,0.01,0.025681081094133806
P3_dev_run0,4,winter,8,1,0.01,0.025,0.015000000000000001,0.025353630727198425
P3_dev_run0,4,winter,8,2,0.025,0.05,0.025,0.024830231731463037
P3_dev_run0,4,winter,8,3,0.05,0.5,0.45,0.018674593663525318
P3_dev_run0,4,winter,9,0,0.0,0.01,0.01,0.028433821755918798
P3_dev_run0,4,winter,9,1,0.01,0.025,0.015000000000000001,0.028102109249261705
P3_dev_run0,4,winter,9,2,0.025,0.05,0.025,0.02757190371904472
P3_dev_run0,4,winter,9,3,0.05,0.5,0.45,0.021336908790036566
P3_dev_run0,4,winter,10,0,0.0,0.01,0.01,0.028629796193169188
P3_dev_run0,4,winter,10,1,0.01,0.025,0.015000000000000001,0.0282977796666047
P3_dev_run0,4,winter,10,2,0.025,0.05,0.025,0.027767088636709847
P3_dev_run0,4,winter,10,3,0.05,0.5,0.45,0.021526433809992047
P3_dev_run0,4,winter,11,0,0.0,0.01,0.01,0.027888313146479105
P3_dev_run0,4,winter,11,1,0.01,0.025,0.015000000000000001,0.02755744649149035
P3_dev_run0,4,winter,11,2,0.025,0.05,0.025,0.027028591748469166
P3_dev_run0,4,winter,11,3,0.05,0.5,0.45,0.020809344310260453
P3_dev_run0,4,winter,12,0,0.0,0.01,0.01,0.026764860893557785
P3_dev_run0,4,winter,12,1,0.01,0.025,0.015000000000000001,0.026435734318188315
P3_dev_run0,4,winter,12,2,0.025,0.05,0.025,0.02590965843995985
P3_dev_run0,4,winter,12,3,0.05,0.5,0.45,0.019722808929253748
P3_dev_run0,4,winter,13,0,0.0,0.01,0.01,0.025115631875582967
P3_dev_run0,4,winter,13,1,0.01,0.025,0.015000000000000001,0.02478948828483207
P3_dev_run0,4,winter,13,2,0.025,0.05,0.025,0.024267483342640395
P3_dev_run0,4,winter,13,3,0.05,0.5,0.45,0.018128100529753752
P3_dev_run0,4,winter,14,0,0.0,0.01,0.01,0.026078612298549575
P3_dev_run0,4,winter,14,1,0.01,0.025,0.015000000000000001,0.025750547383646124
P3_dev_run0,4,winter,14,2,0.025,0.05,0.025,0.025226166938704386
P3_dev_run0,4,winter,14,3,0.05,0.5,0.45,0.019059085315523385
P3_dev_run0,4,winter,15,0,0.0,0.01,0.01,0.02659018867213203
P3_dev_run0,4,winter,15,1,0.01,0.025,0.015000000000000001,0.02626133241980984
P3_dev_run0,4,winter,15,2,0.025,0.05,0.025,0.02573568821988892
P3_dev_run0,4,winter,15,3,0.05,0.5,0.45,0.019553871852669127
P3_dev_run0,4,winter,16,0,0.0,0.01,0.01,0.027129611125997766
P3_dev_run0,4,winter,16,1,0.01,0.025,0.015000000000000001,0.026799919891910363
P3_dev_run0,4,winter,16,2,0.025,0.05,0.025,0.026272942244123243
P3_dev_run0,4,winter,16,3,0.05,0.5,0.45,0.020075579043512166
P3_dev_run0,4,winter,17,0,0.0,0.01,0.01,0.027932448359366258
P3_dev_run0,4,winter,17,1,0.01,0.025,0.015000000000000001,0.02760151328893475
P3_dev_run0,4,winter,17,2,0.025,0.05,0.025,0.02707254929235403
P3_dev_run0,4,winter,17,3,0.05,0.5,0.45,0.020852028175239023
P3_dev_run0,4,winter,18,0,0.0,0.01,0.01,0.02791773476071291
P3_dev_run0,4,winter,18,1,0.01,0.025,0.015000000000000001,0.027586822497908482
P3_dev_run0,4,winter,18,2,0.025,0.05,0.025,0.027057894924868986
P3_dev_run0,4,winter,18,3,0.05,0.5,0.45,0.020837798427273773
P3_dev_run0,4,winter,19,0,0.0,0.01,0.01,0.027484520236886745
P3_dev_run0,4,winter,19,1,0.01,0.025,0.015000000000000001,0.02715427929947944
P3_dev_run0,4,winter,19,2,0.025,0.05,0.025,0.026626423810628408
P3_dev_run0,4,winter,19,3,0.05,0.5,0.45,0.0204188260488893
P3_dev_run0,4,winter,20,0,0.0,0.01,0.01,0.0267867135015587
P3_dev_run0,4,winter,20,1,0.01,0.025,0.015000000000000001,0.026457553102034643
P3_dev_run0,4,winter,20,2,0.025,0.05,0.025,0.025931423206119186
P3_dev_run0,4,winter,20,3,0.05,0.5,0.45,0.0197439439426207
P3_dev_run0,4,winter,21,0,0.0,0.01,0.01,0.025836316260963166
P3_dev_run0,4,winter,21,1,0.01,0.025,0.015000000000000001,0.025508625954665888
P3_dev_run0,4,winter,21,2,0.025,0.05,0.025,0.02498484376295851
P3_dev_run0,4,winter,21,3,0.05,0.5,0.45,0.018824737674934842
P3_dev_run0,4,winter,22,0,0.0,0.01,0.01,0.024861459689756726
P3_dev_run0,4,winter,22,1,0.01,0.025,0.015000000000000001,0.024535275416622444
P3_dev_run0,4,winter,22,2,0.025,0.05,0.025,0.02401389834138623
P3_dev_run0,4,winter,22,3,0.05,0.5,0.45,0.017881836756219335
P3_dev_run0,4,winter,23,0,0.0,0.01,0.01,0.024543102712432097
P3_dev_run0,4,winter,23,1,0.01,0.025,0.015000000000000001,0.024217409844693817
P3_dev_run0,4,winter,23,2,0.025,0.05,0.025,0.02369681754243791
P3_dev_run0,4,winter,23,3,0.05,0.5,0.45,0.017573907151844186
P3_dev_run0,4,shoulder,0,0,0.0,0.01,0.01,0.02143495646770993
P3_dev_run0,4,shoulder,0,1,0.01,0.025,0.015000000000000001,0.021114421748373115
P3_dev_run0,4,shoulder,0,2,0.025,0.05,0.025,0.020601473457620978
P3_dev_run0,4,shoulder,0,3,0.05,0.5,0.45,0.014567710055689175
P3_dev_run0,4,shoulder,1,0,0.0,0.01,0.01,0.019577073352074204
P3_dev_run0,4,shoulder,1,1,0.01,0.025,0.015000000000000001,0.019259315519953857
P3_dev_run0,4,shoulder,1,2,0.025,0.05,0.025,0.01875092260139155
P3_dev_run0,4,shoulder,1,3,0.05,0.5,0.45,0.012770294996411037
P3_dev_run0,4,shoulder,2,0,0.0,0.01,0.01,0.01881420653425392
P3_dev_run0,4,shoulder,2,1,0.01,0.025,0.015000000000000001,0.0184973221312353
P3_dev_run0,4,shoulder,2,2,0.025,0.05,0.025,0.017990797226874466
P3_dev_run0,4,shoulder,2,3,0.05,0.5,0.45,0.01203196095450415
P3_dev_run0,4,shoulder,3,0,0.0,0.01,0.01,0.018407508496753877
P3_dev_run0,4,shoulder,3,1,0.01,0.025,0.015000000000000001,0.0180912469575939
P3_dev_run0,4,shoulder,3,2,0.025,0.05,0.025,0.017585716804651153
P3_dev_run0,4,shoulder,3,3,0.05,0.5,0.45,0.011638485232782615
P3_dev_run0,4,shoulder,4,0,0.0,0.01,0.01,0.018235111142939076
P3_dev_run0,4,shoulder,4,1,0.01,0.025,0.015000000000000001,0.017919113526329578
P3_dev_run0,4,shoulder,4,2,0.025,0.05,0.025,0.01741400488484035
P3_dev_run0,4,shoulder,4,3,0.05,0.5,0.45,0.011471690790765389
P3_dev_run0,4,shoulder,5,0,0.0,0.01,0.01,0.018383830282152347
P3_dev_run0,4,shoulder,5,1,0.01,0.025,0.015000000000000001,0.018067604989750276
P3_dev_run0,4,shoulder,5,2,0.025,0.05,0.025,0.017562132734501024
P3_dev_run0,4,shoulder,5,3,0.05,0.5,0.45,0.011615576623871896
P3_dev_run0,4,shoulder,6,0,0.0,0.01,0.01,0.018950103307040223
P3_dev_run0,4,shoulder,6,1,0.01,0.025,0.015000000000000001,0.01863301070482437
P3_dev_run0,4,shoulder,6,2,0.025,0.05,0.025,0.01812615330109124
P3_dev_run0,4,shoulder,6,3,0.05,0.5,0.45,0.012163438093323103
P3_dev_run0,4,shoulder,7,0,0.0,0.01,0.01,0.02006044002882401
P3_dev_run0,4,shoulder,7,1,0.01,0.025,0.015000000000000001,0.019741645008830577
P3_dev_run0,4,shoulder,7,2,0.025,0.05,0.025,0.01923206872914862
P3_dev_run0,4,shoulder,7,3,0.05,0.5,0.45,0.013237637219882864
P3_dev_run0,4,shoulder,8,0,0.0,0.01,0.01,0.021473567146951256
P3_dev_run0,4,shoulder,8,1,0.01,0.025,0.015000000000000001,0.021152601937289107
P3_dev_run0,4,shoulder,8,2,0.025,0.05,0.025,0.020639559777017036
P3_dev_run0,4,shoulder,8,3,0.05,0.5,0.45,0.014604701522971015
P3_dev_run0,4,shoulder,9,0,0.0,0.01,0.01,0.022802555241849265
P3_dev_run0,4,shoulder,9,1,0.01,0.025,0.015000000000000001,0.02247954544927396
P3_dev_run0,4,shoulder,9,2,0.025,0.05,0.025,0.021963238039203747
P3_dev_run0,4,shoulder,9,3,0.05,0.5,0.45,0.01589029700011439
P3_dev_run0,4,shoulder,10,0,0.0,0.01,0.01,0.022848297597950762
P3_dev_run0,4,shoulder,10,1,0.01,0.025,0.015000000000000001,0.022525217376837915
P3_dev_run0,4,shoulder,10,2,0.025,0.05,0.025,0.022008797472828356
P3_dev_run0,4,shoulder,10,3,0.05,0.5,0.45,0.01593454457568317
P3_dev_run0,4,shoulder,11,0,0.0,0.01,0.01,0.02244779916741324
P3_dev_run0,4,shoulder,11,1,0.01,0.025,0.015000000000000001,0.022125335489920718
P3_dev_run0,4,shoulder,11,2,0.025,0.05,0.025,0.02160990023594489
P3_dev_run0,4,shoulder,11,3,0.05,0.5,0.45,0.0155471309111202
P3_dev_run0,4,shoulder,12,0,0.0,0.01,0.01,0.02172766366746598
P3_dev_run0,4,shoulder,12,1,0.01,0.025,0.015000000000000001,0.02140630781570137
P3_dev_run0,4,shoulder,12,2,0.025,0.05,0.025,0.02089264178192718
P3_dev_run0,4,shoulder,12,3,0.05,0.5,0.45,0.014850507014224789
P3_dev_run0,4,shoulder,13,0,0.0,0.01,0.01,0.020714696455365056
P3_dev_run0,4,shoulder,13,1,0.01,0.025,0.015000000000000001,0.020394897158722742
P3_dev_run0,4,shoulder,13,2,0.025,0.05,0.025,0.01988371700685998
P3_dev_run0,4,shoulder,13,3,0.05,0.5,0.45,0.013870577097708102
P3_dev_run0,4,shoulder,14,0,0.0,0.01,0.01,0.02179040558564216
P3_dev_run0,4,shoulder,14,1,0.01,0.025,0.015000000000000001,0.02146895325579693
P3_dev_run0,4,shoulder,14,2,0.025,0.05,0.025,0.020955133145815763
P3_dev_run0,4,shoulder,14,3,0.05,0.5,0.45,0.014911201305310274
P3_dev_run0,4,shoulder,15,0,0.0,0.01,0.01,0.022430265792636184
P3_dev_run0,4,shoulder,15,1,0.01,0.025,0.015000000000000001,0.02210782909155273
P3_dev_run0,4,shoulder,15,2,0.025,0.05,0.025,0.021592436937081794
P3_dev_run0,4,shoulder,15,3,0.05,0.5,0.45,0.015530170222285606
P3_dev_run0,4,shoulder,16,0,0.0,0.01,0.01,0.023038501809624634
P3_dev_run0,4,shoulder,16,1,0.01,0.025,0.015000000000000001,0.022715128651773494
P3_dev_run0,4,shoulder,16,2,0.025,0.05,0.025,0.022198240942422065
P3_dev_run0,4,shoulder,16,3,0.05,0.5,0.45,0.01611853232500719
P3_dev_run0,4,shoulder,17,0,0.0,0.01,0.01,0.023877068808696167
P3_dev_run0,4,shoulder,17,1,0.01,0.025,0.015000000000000001,0.023552403354994606
P3_dev_run0,4,shoulder,17,2,0.025,0.05,0.025,0.023033451838763153
P3_dev_run0,4,shoulder,17,3,0.05,0.5,0.45,0.016929675126961436
P3_dev_run0,4,shoulder,18,0,0.0,0.01,0.01,0.024122372772203415
P3_dev_run0,4,shoulder,18,1,0.01,0.025,0.015000000000000001,0.02379732902101176
P3_dev_run0,4,shoulder,18,2,0.025,0.05,0.025,0.023277773355948606
P3_dev_run0,4,shoulder,18,3,0.05,0.5,0.45,0.017166951415287388
P3_dev_run0,4,shoulder,19,0,0.0,0.01,0.01,0.02430402369437701
P3_dev_run0,4,shoulder,19,1,0.01,0.025,0.015000000000000001,0.02397869973338277
P3_dev_run0,4,shoulder,19,2,0.025,0.05,0.025,0.02345869656251165
P3_dev_run0,4,shoulder,19,3,0.05,0.5,0.45,0.017342656174182187
P3_dev_run0,4,shoulder,20,0,0.0,0.01,0.01,0.02410813784957666
P3_dev_run0,4,shoulder,20,1,0.01,0.025,0.015000000000000001,0.023783116054950277
P3_dev_run0,4,shoulder,20,2,0.025,0.05,0.025,0.0232635954542304
P3_dev_run0,4,shoulder,20,3,0.05,0.5,0.45,0.017153182403114833
P3_dev_run0,4,shoulder,21,0,0.0,0.01,0.01,0.02336328833434098
P3_dev_run0,4,shoulder,21,1,0.01,0.025,0.015000000000000001,0.023039414829479722
P3_dev_run0,4,shoulder,21,2,0.025,0.05,0.025,0.02252172804625474
P3_dev_run0,4,shoulder,21,3,0.05,0.5,0.45,0.016432700498737556
P3_dev_run0,4,shoulder,22,0,0.0,0.01,0.01,0.02253550676913213
P3_dev_run0,4,shoulder,22,1,0.01,0.025,0.015000000000000001,0.02221290810335563
P3_dev_run0,4,shoulder,22,2,0.025,0.05,0.025,0.02169725725965521
P3_dev_run0,4,shoulder,22,3,0.05,0.5,0.45,0.01563197355312962
P3_dev_run0,4,shoulder,23,0,0.0,0.01,0.01,0.021989318487102005
P3_dev_run0,4,shoulder,23,1,0.01,0.025,0.015000000000000001,0.021667560229760942
P3_dev_run0,4,shoulder,23,2,0.025,0.05,0.025,0.02115325155595038
P3_dev_run0,4,shoulder,23,3,0.05,0.5,0.45,0.015103621489994945
P3_dev_run0,9,summer,0,0,0.0,0.01,0.01,0.023356217892174513
P3_dev_run0,9,summer,0,1,0.01,0.025,0.015000000000000001,0.02303235527462514
P3_dev_run0,9,summer,0,2,0.025,0.05,0.025,0.022514685888782027
P3_dev_run0,9,summer,0,3,0.05,0.075,0.024999999999999994,0.021868427216977796
P3_dev_run0,9,summer,0,4,0.075,0.1,0.02500000000000001,0.02122312119156699
P3_dev_run0,9,summer,0,5,0.1,0.15,0.04999999999999999,0.02025705982782872
P3_dev_run0,9,summer,0,6,0.15,0.2,0.05000000000000002,0.018972125492309193
P3_dev_run0,9,summer,0,7,0.2,0.3,0.09999999999999998,0.017052223774002426
P3_dev_run0,9,summer,0,8,0.3,0.5,0.2,0.013238336052221675
P3_dev_run0,9,summer,1,0,0.0,0.01,0.01,0.02119198252349408
P3_dev_run0,9,summer,1,1,0.01,0.025,0.015000000000000001,0.020871759785640043
P3_dev_run0,9,summer,1,2,0.025,0.05,0.025,0.020359407992835976
P3_dev_run0,9,summer,1,3,0.05,0.075,0.024999999999999994,0.019719780240827215
P3_dev_run0,9,summer,1,4,0.075,0.1,0.02500000000000001,0.019081086713470523
P3_dev_run0,9,summer,1,5,0.1,0.15,0.04999999999999999,0.01812490741773032
P3_dev_run0,9,summer,1,6,0.15,0.2,0.05000000000000002,0.01685308846432642
P3_dev_run0,9,summer,1,7,0.2,0.3,0.09999999999999998,0.014952715537061293
P3_dev_run0,9,summer,1,8,0.3,0.5,0.2,0.01117738924810631
P3_dev_run0,9,summer,2,0,0.0,0.01,0.01,0.02027695523916795
P3_dev_run0,9,summer,2,1,0.01,0.025,0.015000000000000001,0.019957827962237735
P3_dev_run0,9,summer,2,2,0.025,0.05,0.025,0.01944772105168857
P3_dev_run0,9,summer,2,3,0.05,0.075,0.024999999999999994,0.018810892690074302
P3_dev_run0,9,summer,2,4,0.075,0.1,0.02500000000000001,0.018174990814829865
P3_dev_run0,9,summer,2,5,0.1,0.15,0.04999999999999999,0.0172229836080412
P3_dev_run0,9,summer,2,6,0.15,0.2,0.05000000000000002,0.01595670196556819
P3_dev_run0,9,summer,2,7,0.2,0.3,0.09999999999999998,0.014064574466038374
P3_dev_run0,9,summer,2,8,0.3,0.5,0.2,0.01030553081165439
P3_dev_run0,9,summer,3,0,0.0,0.01,0.01,0.019721044975631874
P3_dev_run0,9,summer,3,1,0.01,0.025,0.015000000000000001,0.019402770594993214
P3_dev_run0,9,summer,3,2,0.025,0.05,0.025,0.018894025795723746
P3_dev_run0,9,summer,3,3,0.05,0.075,0.024999999999999994,0.018258895998297667
P3_dev_run0,9,summer,3,4,0.075,0.1,0.02500000000000001,0.01762468800087568
P3_dev_run0,9,summer,3,5,0.1,0.15,0.04999999999999999,0.016675212313037317
P3_dev_run0,9,summer,3,6,0.15,0.2,0.05000000000000002,0.015412290611903629
P3_dev_run0,9,summer,3,7,0.2,0.3,0.09999999999999998,0.013525166397678343
P3_dev_run0,9,summer,3,8,0.3,0.5,0.2,0.00977600334094296
P3_dev_run0,9,summer,4,0,0.0,0.01,0.01,0.01938950200555123
P3_dev_run0,9,summer,4,1,0.01,0.025,0.015000000000000001,0.019071735977131223
P3_dev_run0,9,summer,4,2,0.025,0.05,0.025,0.018563803082740082
P3_dev_run0,9,summer,4,3,0.05,0.075,0.024999999999999994,0.017929685736122195
P3_dev_run0,9,summer,4,4,0.075,0.1,0.02500000000000001,0.01729648740093514
P3_dev_run0,9,summer,4,5,0.1,0.15,0.04999999999999999,0.016348520670431414
P3_dev_run0,9,summer,4,6,0.15,0.2,0.05000000000000002,0.01508760174537826
P3_dev_run0,9,summer,4,7,0.2,0.3,0.09999999999999998,0.01320345989633279
P3_dev_run0,9,summer,4,8,0.3,0.5,0.2,0.009460186614748123
P3_dev_run0,9,summer,5,0,0.0,0.01,0.01,0.019365614217568827
P3_dev_run0,9,summer,5,1,0.01,0.025,0.015000000000000001,0.019047884829280954
P3_dev_run0,9,summer,5,2,0.025,0.05,0.025,0.01854001041302511
P3_dev_run0,9,summer,5,3,0.05,0.075,0.024999999999999994,0.017905965992193188
P3_dev_run0,9,summer,5,4,0.075,0.1,0.02500000000000001,0.017272840394141335
P3_dev_run0,9,summer,5,5,0.1,0.15,0.04999999999999999,0.016324982357826815
P3_dev_run0,9,summer,5,6,0.15,0.2,0.05000000000000002,0.015064207702145943
P3_dev_run0,9,summer,5,7,0.2,0.3,0.09999999999999998,0.013180280688560173
P3_dev_run0,9,summer,5,8,0.3,0.5,0.2,0.009437431680281785
P3_dev_run0,9,summer,6,0,0.0,0.01,0.01,0.019714199103632035
P3_dev_run0,9,summer,6,1,0.01,0.025,0.015000000000000001,0.019395935218303552
P3_dev_run0,9,summer,6,2,0.025,0.05,0.025,0.018887207191787825
P3_dev_run0,9,summer,6,3,0.05,0.075,0.024999999999999994,0.018252098304288315
P3_dev_run0,9,summer,6,4,0.075,0.1,0.02500000000000001,0.017617911157784542
P3_dev_run0,9,summer,6,5,0.1,0.15,0.04999999999999999,0.016668466633417704
P3_dev_run0,9,summer,6,6,0.15,0.2,0.05000000000000002,0.01540558629579219
P3_dev_run0,9,summer,6,7,0.2,0.3,0.09999999999999998,0.013518523674411202
P3_dev_run0,9,summer,6,8,0.3,0.5,0.2,0.009769482255353179
P3_dev_run0,9,summer,7,0,0.0,0.01,0.01,0.020839091472799054
P3_dev_run0,9,summer,7,1,0.01,0.025,0.015000000000000001,0.020519101121236706
P3_dev_run0,9,summer,7,2,0.025,0.05,0.025,0.020007615881674212
P3_dev_run0,9,summer,7,3,0.05,0.075,0.024999999999999994,0.01936906871633726
P3_dev_run0,9,summer,7,4,0.075,0.1,0.02500000000000001,0.018731452780005868
P3_dev_run0,9,summer,7,5,0.1,0.15,0.04999999999999999,0.017776883932562052
P3_dev_run0,9,summer,7,6,0.15,0.2,0.05000000000000002,0.01650720239400188
P3_dev_run0,9,summer,7,7,0.2,0.3,0.09999999999999998,0.014610012200112214
P3_dev_run0,9,summer,7,8,0.3,0.5,0.2,0.010840970910978576
P3_dev_run0,9,summer,8,0,0.0,0.01,0.01,0.02264435852308705
P3_dev_run0,9,summer,8,1,0.01,0.025,0.015000000000000001,0.022321592302237032
P3_dev_run0,9,summer,8,2,0.025,0.05,0.025,0.021805673854619623
P3_dev_run0,9,summer,8,3,0.05,0.075,0.024999999999999994,0.02116159855216904
P3_dev_run0,9,summer,8,4,0.075,0.1,0.02500000000000001,0.020518469814099764
P3_dev_run0,9,summer,8,5,0.1,0.15,0.04999999999999999,0.019555662273030575
P3_dev_run0,9,summer,8,6,0.15,0.2,0.05000000000000002,0.018275046319624337
P3_dev_run0,9,summer,8,7,0.2,0.3,0.09999999999999998,0.0163615745281516
P3_dev_run0,9,summer,8,8,0.3,0.5,0.2,0.012560382836009146
P3_dev_run0,9,summer,9,0,0.0,0.01,0.01,0.02502276406878834
P3_dev_run0,9,summer,9,1,0.01,0.025,0.015000000000000001,0.02469633074036285
P3_dev_run0,9,summer,9,2,0.025,0.05,0.025,0.024174555913278883
P3_dev_run0,9,summer,9,3,0.05,0.075,0.024999999999999994,0.023523177900066645
P3_dev_run0,9,summer,9,4,0.075,0.1,0.02500000000000001,0.022872766892065848
P3_dev_run0,9,summer,9,5,0.1,0.15,0.04999999999999999,0.021899076579958713
P3_dev_run0,9,summer,9,6,0.15,0.2,0.05000000000000002,0.02060401753807172
P3_dev_run0,9,summer,9,7,0.2,0.3,0.09999999999999998,0.018669040982340627
P3_dev_run0,9,summer,9,8,0.3,0.5,0.2,0.014825389469345363
P3_dev_run0,9,summer,10,0,0.0,0.01,0.01,0.026375848709936367
P3_dev_run0,9,summer,10,1,0.01,0.025,0.015000000000000001,0.026047324078219226
P3_dev_run0,9,summer,10,2,0.025,0.05,0.025,0.02552220947045214
P3_dev_run0,9,summer,10,3,0.05,0.075,0.024999999999999994,0.024866666959910695
P3_dev_run0,9,summer,10,4,0.075,0.1,0.02500000000000001,0.024212103178020687
P3_dev_run0,9,summer,10,5,0.1,0.15,0.04999999999999999,0.02323220706310303
P3_dev_run0,9,summer,10,6,0.15,0.2,0.05000000000000002,0.02192891225763937
P3_dev_run0,9,summer,10,7,0.2,0.3,0.09999999999999998,0.019981673889474808
P3_dev_run0,9,summer,10,8,0.3,0.5,0.2,0.016113814473032173
P3_dev_run0,9,summer,11,0,0.0,0.01,0.01,0.02680492715373961
P3_dev_run0,9,summer,11,1,0.01,0.025,0.015000000000000001,0.02647573857449218
P3_dev_run0,9,summer,11,2,0.025,0.05,0.025,0.025949563656129104
P3_dev_run0,9,summer,11,3,0.05,0.075,0.024999999999999994,0.025292699009756843
P3_dev_run0,9,summer,11,4,0.075,0.1,0.02500000000000001,0.02463681684309326
P3_dev_run0,9,summer,11,5,0.1,0.15,0.04999999999999999,0.02365495058236356
P3_dev_run0,9,summer,11,6,0.15,0.2,0.05000000000000002,0.022349041220497405
P3_dev_run0,9,summer,11,7,0.2,0.3,0.09999999999999998,0.020397910277306645
P3_dev_run0,9,summer,11,8,0.3,0.5,0.2,0.016522366284458523
P3_dev_run0,9,summer,12,0,0.0,0.01,0.01,0.026626556941014567
P3_dev_run0,9,summer,12,1,0.01,0.025,0.015000000000000001,0.026297644414372913
P3_dev_run0,9,summer,12,2,0.025,0.05,0.025,0.02577191034633497
P3_dev_run0,9,summer,12,3,0.05,0.075,0.024999999999999994,0.02511559540697706
P3_dev_run0,9,summer,12,4,0.075,0.1,0.02500000000000001,0.02446026138821055
P3_dev_run0,9,summer,12,5,0.1,0.15,0.04999999999999999,0.023479214255920373
P3_dev_run0,9,summer,12,6,0.15,0.2,0.05000000000000002,0.022174391950735554
P3_dev_run0,9,summer,12,7,0.2,0.3,0.09999999999999998,0.020224879419920575
P3_dev_run0,9,summer,12,8,0.3,0.5,0.2,0.016352530413512034
P3_dev_run0,9,summer,13,0,0.0,0.01,0.01,0.025926665613118516
P3_dev_run0,9,summer,13,1,0.01,0.025,0.015000000000000001,0.02559883563791517
P3_dev_run0,9,summer,13,2,0.025,0.05,0.025,0.025074830388922553
P3_dev_run0,9,summer,13,3,0.05,0.075,0.024999999999999994,0.02442067116748215
P3_dev_run0,9,summer,13,4,0.075,0.1,0.02500000000000001,0.02376748678289297
P3_dev_run0,9,summer,13,5,0.1,0.15,0.04999999999999999,0.02278965197759109
P3_dev_run0,9,summer,13,6,0.15,0.2,0.05000000000000002,0.021489092734243147
P3_dev_run0,9,summer,13,7,0.2,0.3,0.09999999999999998,0.019545927152886947
P3_dev_run0,9,summer,13,8,0.3,0.5,0.2,0.01568610825547101
P3_dev_run0,9,summer,14,0,0.0,0.01,0.01,0.027067522411761136
P3_dev_run0,9,summer,14,1,0.01,0.025,0.015000000000000001,0.026737927305908734
P3_dev_run0,9,summer,14,2,0.025,0.05,0.025,0.026211103190095786
P3_dev_run0,9,summer,14,3,0.05,0.075,0.024999999999999994,0.025553429045198646
P3_dev_run0,9,summer,14,4,0.075,0.1,0.02500000000000001,0.024896739670294814
P3_dev_run0,9,summer,14,5,0.1,0.15,0.04999999999999999,0.023913667147226765
P3_dev_run0,9,summer,14,6,0.15,0.2,0.05000000000000002,0.022606156994266484
P3_dev_run0,9,summer,14,7,0.2,0.3,0.09999999999999998,0.02065264279854318
P3_dev_run0,9,summer,14,8,0.3,0.5,0.2,0.016772393958791737
P3_dev_run0,9,summer,15,0,0.0,0.01,0.01,0.027656878068671453
P3_dev_run0,9,summer,15,1,0.01,0.025,0.015000000000000001,0.027326370090900255
P3_dev_run0,9,summer,15,2,0.025,0.05,0.025,0.0267980881359553
P3_dev_run0,9,summer,15,3,0.05,0.075,0.024999999999999994,0.026138596176068514
P3_dev_run0,9,summer,15,4,0.075,0.1,0.02500000000000001,0.025480094145300385
P3_dev_run0,9,summer,15,5,0.1,0.15,0.04999999999999999,0.024494312908444067
P3_dev_run0,9,summer,15,6,0.15,0.2,0.05000000000000002,0.023183208100139845
P3_dev_run0,9,summer,15,7,0.2,0.3,0.09999999999999998,0.021224342268831024
P3_dev_run0,9,summer,15,8,0.3,0.5,0.2,0.017333528842257973
P3_dev_run0,9,summer,16,0,0.0,0.01,0.01,0.027980280423628434
P3_dev_run0,9,summer,16,1,0.01,0.025,0.015000000000000001,0.02764927121004327
P3_dev_run0,9,summer,16,2,0.025,0.05,0.025,0.027120188808453793
P3_dev_run0,9,summer,16,3,0.05,0.075,0.024999999999999994,0.026459698753704693
P3_dev_run0,9,summer,16,4,0.075,0.1,0.02500000000000001,0.025800201470793642
P3_dev_run0,9,summer,16,5,0.1,0.15,0.04999999999999999,0.024812932986536536
P3_dev_run0,9,summer,16,6,0.15,0.2,0.05000000000000002,0.02349985452844649
P3_dev_run0,9,summer,16,7,0.2,0.3,0.09999999999999998,0.021538050408800028
P3_dev_run0,9,summer,16,8,0.3,0.5,0.2,0.017641436682989675
P3_dev_run0,9,summer,17,0,0.0,0.01,0.01,0.028552106512735875
P3_dev_run0,9,summer,17,1,0.01,0.025,0.015000000000000001,0.02822021050818598
P3_dev_run0,9,summer,17,2,0.025,0.05,0.025,0.027689711968105213
P3_dev_run0,9,summer,17,3,0.05,0.075,0.024999999999999994,0.02702745610405178
P3_dev_run0,9,summer,17,4,0.075,0.1,0.02500000000000001,0.026366198034326594
P3_dev_run0,9,summer,17,5,0.1,0.15,0.04999999999999999,0.02537629837874645
P3_dev_run0,9,summer,17,6,0.15,0.2,0.05000000000000002,0.02405972823583457
P3_dev_run0,9,summer,17,7,0.2,0.3,0.09999999999999998,0.022092725915519033
P3_dev_run0,9,summer,17,8,0.3,0.5,0.2,0.01818585096706557
P3_dev_run0,9,summer,18,0,0.0,0.01,0.01,0.028496645583520053
P3_dev_run0,9,summer,18,1,0.01,0.025,0.015000000000000001,0.0281648356119805
P3_dev_run0,9,summer,18,2,0.025,0.05,0.025,0.02763447446876066
P3_dev_run0,9,summer,18,3,0.05,0.075,0.024999999999999994,0.02697238992472873
P3_dev_run0,9,summer,18,4,0.075,0.1,0.02500000000000001,0.026311302686801142
P3_dev_run0,9,summer,18,5,0.1,0.15,0.04999999999999999,0.02532165831350742
P3_dev_run0,9,summer,18,6,0.15,0.2,0.05000000000000002,0.02400542693653695
P3_dev_run0,9,summer,18,7,0.2,0.3,0.09999999999999998,0.02203892894377141
P3_dev_run0,9,summer,18,8,0.3,0.5,0.2,0.018133049523927358
P3_dev_run0,9,summer,19,0,0.0,0.01,0.01,0.028308275706795394
P3_dev_run0,9,summer,19,1,0.01,0.025,0.015000000000000001,0.02797675791627411
P3_dev_run0,9,summer,19,2,0.025,0.05,0.025,0.027446863356710427
P3_dev_run0,9,summer,19,3,0.05,0.075,0.024999999999999994,0.026785360611498728
P3_dev_run0,9,summer,19,4,0.075,0.1,0.02500000000000001,0.026124853505055102
P3_dev_run0,9,summer,19,5,0.1,0.15,0.04999999999999999,0.025136076038284057
P3_dev_run0,9,summer,19,6,0.15,0.2,0.05000000000000002,0.023820995081138545
P3_dev_run0,9,summer,19,7,0.2,0.3,0.09999999999999998,0.021856209756358772
P3_dev_run0,9,summer,19,8,0.3,0.5,0.2,0.01795371111054489
P3_dev_run0,9,summer,20,0,0.0,0.01,0.01,0.028076003664584404
P3_dev_run0,9,summer,20,1,0.01,0.025,0.015000000000000001,0.02774484604561126
P3_dev_run0,9,summer,20,2,0.025,0.05,0.025,0.027215526652083488
P3_dev_run0,9,summer,20,3,0.05,0.075,0.024999999999999994,0.026554741092829078
P3_dev_run0,9,summer,20,4,0.075,0.1,0.02500000000000001,0.025894949150018214
P3_dev_run0,9,summer,20,5,0.1,0.15,0.04999999999999999,0.02490724033870296
P3_dev_run0,9,summer,20,6,0.15,0.2,0.05000000000000002,0.023593577553739913
P3_dev_run0,9,summer,20,7,0.2,0.3,0.09999999999999998,0.021630903510065917
P3_dev_run0,9,summer,20,8,0.3,0.5,0.2,0.017732572544615355
P3_dev_run0,9,summer,21,0,0.0,0.01,0.01,0.027213666556535898
P3_dev_run0,9,summer,21,1,0.01,0.025,0.015000000000000001,0.026883845141164226
P3_dev_run0,9,summer,21,2,0.025,0.05,0.025,0.02635665963226841
P3_dev_run0,9,summer,21,3,0.05,0.075,0.024999999999999994,0.025698534845719496
P3_dev_run0,9,summer,21,4,0.075,0.1,0.02500000000000001,0.025041396106230122
P3_dev_run0,9,summer,21,5,0.1,0.15,0.04999999999999999,0.02405765208751188
P3_dev_run0,9,summer,21,6,0.15,0.2,0.05000000000000002,0.022749250806065595
P3_dev_run0,9,summer,21,7,0.2,0.3,0.09999999999999998,0.020794409908386772
P3_dev_run0,9,summer,21,8,0.3,0.5,0.2,0.01691154201871603
P3_dev_run0,9,summer,22,0,0.0,0.01,0.01,0.025789362607997468
P3_dev_run0,9,summer,22,1,0.01,0.025,0.015000000000000001,0.025461744882826483
P3_dev_run0,9,summer,22,2,0.025,0.05,0.025,0.0249380786034048
P3_dev_run0,9,summer,22,3,0.05,0.075,0.024999999999999994,0.02428434205814401
P3_dev_run0,9,summer,22,4,0.075,0.1,0.02500000000000001,0.023631579153866593
P3_dev_run0,9,summer,22,5,0.1,0.15,0.04999999999999999,0.02265437420830019
P3_dev_run0,9,summer,22,6,0.15,0.2,0.05000000000000002,0.02135465084223464
P3_dev_run0,9,summer,22,7,0.2,0.3,0.09999999999999998,0.019412729756636275
P3_dev_run0,9,summer,22,8,0.3,0.5,0.2,0.015555367788022134
P3_dev_run0,9,summer,23,0,0.0,0.01,0.01,0.02451810091948503
P3_dev_run0,9,summer,23,1,0.01,0.025,0.015000000000000001,0.024192446624732297
P3_dev_run0,9,summer,23,2,0.025,0.05,0.025,0.023671915947859334
P3_dev_run0,9,summer,23,3,0.05,0.075,0.024999999999999994,0.023022089328981202
P3_dev_run0,9,summer,23,4,0.075,0.1,0.02500000000000001,0.02237322535058816
P3_dev_run0,9,summer,23,5,0.1,0.15,0.04999999999999999,0.02140184692497882
P3_dev_run0,9,summer,23,6,0.15,0.2,0.05000000000000002,0.020109856049999035
P3_dev_run0,9,summer,23,7,0.2,0.3,0.09999999999999998,0.018179447659980866
P3_dev_run0,9,summer,23,8,0.3,0.5,0.2,0.014344815280201081
P3_dev_run0,9,winter,0,0,0.0,0.01,0.01,0.024535958788679535
P3_dev_run0,9,winter,0,1,0.01,0.025,0.015000000000000001,0.024210276936407572
P3_dev_run0,9,winter,0,2,0.025,0.05,0.025,0.02368970224872813
P3_dev_run0,9,winter,0,3,0.05,0.075,0.024999999999999994,0.023039820746232346
P3_dev_run0,9,winter,0,4,0.075,0.1,0.02500000000000001,0.022390902045912313
P3_dev_run0,9,winter,0,5,0.1,0.15,0.04999999999999999,0.021419441835410783
P3_dev_run0,9,winter,0,6,0.15,0.2,0.05000000000000002,0.02012734242174629
P3_dev_run0,9,winter,0,7,0.2,0.3,0.09999999999999998,0.018196772434390666
P3_dev_run0,9,winter,0,8,0.3,0.5,0.2,0.01436182099550938
P3_dev_run0,9,winter,1,0,0.0,0.01,0.01,0.02269319341926951
P3_dev_run0,9,winter,1,1,0.01,0.025,0.015000000000000001,0.022370709684472558
P3_dev_run0,9,winter,1,2,0.025,0.05,0.025,0.021854670301725276
P3_dev_run0,9,winter,1,3,0.05,0.075,0.024999999999999994,0.02121044417477236
P3_dev_run0,9,winter,1,4,0.075,0.1,0.02500000000000001,0.020567165043686157
P3_dev_run0,9,winter,1,5,0.1,0.15,0.04999999999999999,0.019604132736013306
P3_dev_run0,9,winter,1,6,0.15,0.2,0.05000000000000002,0.01832321848228096
P3_dev_run0,9,winter,1,7,0.2,0.3,0.09999999999999998,0.016409302527225503
P3_dev_run0,9,winter,1,8,0.3,0.5,0.2,0.012607233809843743
P3_dev_run0,9,winter,2,0,0.0,0.01,0.01,0.02179737906491952
P3_dev_run0,9,winter,2,1,0.01,0.025,0.015000000000000001,0.02147591601088794
P3_dev_run0,9,winter,2,2,0.025,0.05,0.025,0.020962078771505355
P3_dev_run0,9,winter,2,3,0.05,0.075,0.024999999999999994,0.020320598693000517
P3_dev_run0,9,winter,2,4,0.075,0.1,0.02500000000000001,0.019680057969845836
P3_dev_run0,9,winter,2,5,0.1,0.15,0.04999999999999999,0.01872111809576055
P3_dev_run0,9,winter,2,6,0.15,0.2,0.05000000000000002,0.01744563527269232
P3_dev_run0,9,winter,2,7,0.2,0.3,0.09999999999999998,0.015539806728916142
P3_dev_run0,9,winter,2,8,0.3,0.5,0.2,0.011753707381450262
P3_dev_run0,9,winter,3,0,0.0,0.01,0.01,0.021285972902723715
P3_dev_run0,9,winter,3,1,0.01,0.025,0.015000000000000001,0.02096529601599654
P3_dev_run0,9,winter,3,2,0.025,0.05,0.025,0.020452714310340014
P3_dev_run0,9,winter,3,3,0.05,0.075,0.024999999999999994,0.019812799877401147
P3_dev_run0,9,winter,3,4,0.075,0.1,0.02500000000000001,0.019173820456532813
P3_dev_run0,9,winter,3,5,0.1,0.15,0.04999999999999999,0.018217213899117127
P3_dev_run0,9,winter,3,6,0.15,0.2,0.05000000000000002,0.016944827880230877
P3_dev_run0,9,winter,3,7,0.2,0.3,0.09999999999999998,0.015043610567098274
P3_dev_run0,9,winter,3,8,0.3,0.5,0.2,0.011266616869201329
P3_dev_run0,9,winter,4,0,0.0,0.01,0.01,0.021077900420492235
P3_dev_run0,9,winter,4,1,0.01,0.025,0.015000000000000001,0.02075754324007787
P3_dev_run0,9,winter,4,2,0.025,0.05,0.025,0.020245472140600906
P3_dev_run0,9,winter,4,3,0.05,0.075,0.024999999999999994,0.019606194415892623
P3_dev_run0,9,winter,4,4,0.075,0.1,0.02500000000000001,0.01896784994387723
P3_dev_run0,9,winter,4,5,0.1,0.15,0.04999999999999999,0.01801219230712026
P3_dev_run0,9,winter,4,6,0.15,0.2,0.05000000000000002,0.016741065703673445
P3_dev_run0,9,winter,4,7,0.2,0.3,0.09999999999999998,0.01484172372519799
P3_dev_run0,9,winter,4,8,0.3,0.5,0.2,0.011068433255878446
P3_dev_run0,9,winter,5,0,0.0,0.01,0.01,0.02126861885002329
P3_dev_run0,9,winter,5,1,0.01,0.025,0.015000000000000001,0.02094796862493938
P3_dev_run0,9,winter,5,2,0.025,0.05,0.025,0.020435429513611103
P3_dev_run0,9,winter,5,3,0.05,0.075,0.024999999999999994,0.01979556819003026
P3_dev_run0,9,winter,5,4,0.075,0.1,0.02500000000000001,0.019156641727416927
P3_dev_run0,9,winter,5,5,0.1,0.15,0.04999999999999999,0.018200114329979537
P3_dev_run0,9,winter,5,6,0.15,0.2,0.05000000000000002,0.016927833361798365
P3_dev_run0,9,winter,5,7,0.2,0.3,0.09999999999999998,0.015026772476287451
P3_dev_run0,9,winter,5,8,0.3,0.5,0.2,0.011250087676569903
P3_dev_run0,9,winter,6,0,0.0,0.01,0.01,0.021943921560642343
P3_dev_run0,9,winter,6,1,0.01,0.025,0.015000000000000001,0.021622233134011938
P3_dev_run0,9,winter,6,2,0.025,0.05,0.025,0.02110803597680233
P3_dev_run0,9,winter,6,3,0.05,0.075,0.024999999999999994,0.020466107075036714
P3_dev_run0,9,winter,6,4,0.075,0.1,0.02500000000000001,0.019825118778135635
P3_dev_run0,9,winter,6,5,0.1,0.15,0.04999999999999999,0.018865510021149893
P3_dev_run0,9,winter,6,6,0.15,0.2,0.05000000000000002,0.017589139459471263
P3_dev_run0,9,winter,6,7,0.2,0.3,0.09999999999999998,0.015681989051947735
P3_dev_run0,9,winter,6,8,0.3,0.5,0.2,0.011893279513424185
P3_dev_run0,9,winter,7,0,0.0,0.01,0.01,0.023388038357340102
P3_dev_run0,9,winter,7,1,0.01,0.025,0.015000000000000001,0.02306412671498614
P3_dev_run0,9,winter,7,2,0.025,0.05,0.025,0.022546379028093866
P3_dev_run0,9,winter,7,3,0.05,0.075,0.024999999999999994,0.021900022704994252
P3_dev_run0,9,winter,7,4,0.075,0.1,0.02500000000000001,0.021254619306489413
P3_dev_run0,9,winter,7,5,0.1,0.15,0.04999999999999999,0.020288412432082906
P3_dev_run0,9,winter,7,6,0.15,0.2,0.05000000000000002,0.019003284973448657
P3_dev_run0,9,winter,7,7,0.2,0.3,0.09999999999999998,0.017083095704350796
P3_dev_run0,9,winter,7,8,0.3,0.5,0.2,0.013268640220874123
P3_dev_run0,9,winter,8,0,0.0,0.01,0.01,0.025681081094133806
P3_dev_run0,9,winter,8,1,0.01,0.025,0.015000000000000001,0.025353630727198425
P3_dev_run0,9,winter,8,2,0.025,0.05,0.025,0.024830231731463037
P3_dev_run0,9,winter,8,3,0.05,0.075,0.024999999999999994,0.024176828472876062
P3_dev_run0,9,winter,8,4,0.075,0.1,0.02500000000000001,0.023524397904609577
P3_dev_run0,9,winter,8,5,0.1,0.15,0.04999999999999999,0.022547689607502756
P3_dev_run0,9,winter,8,6,0.15,0.2,0.05000000000000002,0.021248625345980925
P3_dev_run0,9,winter,8,7,0.2,0.3,0.09999999999999998,0.0193076855620572
P3_dev_run0,9,winter,8,8,0.3,0.5,0.2,0.015452260926346745
P3_dev_run0,9,winter,9,0,0.0,0.01,0.01,0.028433821755918798
P3_dev_run0,9,winter,9,1,0.01,0.025,0.015000000000000001,0.028102109249261705
P3_dev_run0,9,winter,9,2,0.025,0.05,0.025,0.02757190371904472
P3_dev_run0,9,winter,9,3,0.05,0.075,0.024999999999999994,0.026910013234587866
P3_dev_run0,9,winter,9,4,0.075,0.1,0.02500000000000001,0.0262491194973291
P3_dev_run0,9,winter,9,5,0.1,0.15,0.04999999999999999,0.025259764264541358
P3_dev_run0,9,winter,9,6,0.15,0.2,0.05000000000000002,0.023943916602547903
P3_dev_run0,9,winter,9,7,0.2,0.3,0.09999999999999998,0.021977989848807892
P3_dev_run0,9,winter,9,8,0.3,0.5,0.2,0.018073238044916395
P3_dev_run0,9,winter,10,0,0.0,0.01,0.01,0.028629796193169188
P3_dev_run0,9,winter,10,1,0.01,0.025,0.015000000000000001,0.0282977796666047
P3_dev_run0,9,winter,10,2,0.025,0.05,0.025,0.027767088636709847
P3_dev_run0,9,winter,10,3,0.05,0.075,0.024999999999999994,0.027104592766593612
P3_dev_run0,9,winter,10,4,0.075,0.1,0.02500000000000001,0.02644309537292221
P3_dev_run0,9,winter,10,5,0.1,0.15,0.04999999999999999,0.02545283808668309
P3_dev_run0,9,winter,10,6,0.15,0.2,0.05000000000000002,0.024135793369099982
P3_dev_run0,9,winter,10,7,0.2,0.3,0.09999999999999998,0.022168084524152313
P3_dev_run0,9,winter,10,8,0.3,0.5,0.2,0.018259814929020707
P3_dev_run0,9,winter,11,0,0.0,0.01,0.01,0.027888313146479105
P3_dev_run0,9,winter,11,1,0.01,0.025,0.015000000000000001,0.02755744649149035
P3_dev_run0,9,winter,11,2,0.025,0.05,0.025,0.027028591748469166
P3_dev_run0,9,winter,11,3,0.05,0.075,0.024999999999999994,0.026368385573229965
P3_dev_run0,9,winter,11,4,0.075,0.1,0.02500000000000001,0.025709171355077214
P3_dev_run0,9,winter,11,5,0.1,0.15,0.04999999999999999,0.024722325866558544
P3_dev_run0,9,winter,11,6,0.15,0.2,0.05000000000000002,0.02340980874434794
P3_dev_run0,9,winter,11,7,0.2,0.3,0.09999999999999998,0.02144884031772654
P3_dev_run0,9,winter,11,8,0.3,0.5,0.2,0.017553876270457736
P3_dev_run0,9,winter,12,0,0.0,0.01,0.01,0.026764860893557785
P3_dev_run0,9,winter,12,1,0.01,0.025,0.015000000000000001,0.026435734318188315
P3_dev_run0,9,winter,12,2,0.025,0.05,0.025,0.02590965843995985
P3_dev_run0,9,winter,12,3,0.05,0.075,0.024999999999999994,0.025252917285392147
P3_dev_run0,9,winter,12,4,0.075,0.1,0.02500000000000001,0.02459715825701591
P3_dev_run0,9,winter,12,5,0.1,0.15,0.04999999999999999,0.023615476004368315
P3_dev_run0,9,winter,12,6,0.15,0.2,0.05000000000000002,0.022309810842815463
P3_dev_run0,9,winter,12,7,0.2,0.3,0.09999999999999998,0.020359043466569585
P3_dev_run0,9,winter,12,8,0.3,0.5,0.2,0.01648421720293919
P3_dev_run0,9,winter,13,0,0.0,0.01,0.01,0.025115631875582967
P3_dev_run0,9,winter,13,1,0.01,0.025,0.015000000000000001,0.02478948828483207
P3_dev_run0,9,winter,13,2,0.025,0.05,0.025,0.024267483342640395
P3_dev_run0,9,winter,13,3,0.05,0.075,0.024999999999999994,0.023615818406639295
P3_dev_run0,9,winter,13,4,0.075,0.1,0.02500000000000001,0.02296512126992222
P3_dev_run0,9,winter,13,5,0.1,0.15,0.04999999999999999,0.021991003383657896
P3_dev_run0,9,winter,13,6,0.15,0.2,0.05000000000000002,0.020695376888017473
P3_dev_run0,9,winter,13,7,0.2,0.3,0.09999999999999998,0.018759555470375947
P3_dev_run0,9,winter,13,8,0.3,0.5,0.2,0.014914235929268937
P3_dev_run0,9,winter,14,0,0.0,0.01,0.01,0.026078612298549575
P3_dev_run0,9,winter,14,1,0.01,0.025,0.015000000000000001,0.025750547383646124
P3_dev_run0,9,winter,14,2,0.025,0.05,0.025,0.025226166938704386
P3_dev_run0,9,winter,14,3,0.05,0.075,0.024999999999999994,0.024571539875378752
P3_dev_run0,9,winter,14,4,0.075,0.1,0.02500000000000001,0.023917888965417904
P3_dev_run0,9,winter,14,5,0.1,0.15,0.04999999999999999,0.02293935701056349
P3_dev_run0,9,winter,14,6,0.15,0.2,0.05000000000000002,0.02163787256575233
P3_dev_run0,9,winter,14,7,0.2,0.3,0.09999999999999998,0.019693329520799333
P3_dev_run0,9,winter,14,8,0.3,0.5,0.2,0.015830791200349414
P3_dev_run0,9,winter,15,0,0.0,0.01,0.01,0.02659018867213203
P3_dev_run0,9,winter,15,1,0.01,0.025,0.015000000000000001,0.02626133241980984
P3_dev_run0,9,winter,15,2,0.025,0.05,0.025,0.02573568821988892
P3_dev_run0,9,winter,15,3,0.05,0.075,0.024999999999999994,0.0250794853469083
P3_dev_run0,9,winter,15,4,0.075,0.1,0.02500000000000001,0.024424263080036195
P3_dev_run0,9,winter,15,5,0.1,0.15,0.04999999999999999,0.023443382937625164
P3_dev_run0,9,winter,15,6,0.15,0.2,0.05000000000000002,0.022138782242527293
P3_dev_run0,9,winter,15,7,0.2,0.3,0.09999999999999998,0.020189599649541038
P3_dev_run0,9,winter,15,8,0.3,0.5,0.2,0.016317901995328843
P3_dev_run0,9,winter,16,0,0.0,0.01,0.01,0.027129611125997766
P3_dev_run0,9,winter,16,1,0.01,0.025,0.015000000000000001,0.026799919891910363
P3_dev_run0,9,winter,16,2,0.025,0.05,0.025,0.026272942244123243
P3_dev_run0,9,winter,16,3,0.05,0.075,0.024999999999999994,0.025615076656798637
P3_dev_run0,9,winter,16,4,0.075,0.1,0.02500000000000001,0.02495819637676199
P3_dev_run0,9,winter,16,5,0.1,0.15,0.04999999999999999,0.02397483859079675
P3_dev_run0,9,winter,16,6,0.15,0.2,0.05000000000000002,0.022666949865797197
P3_dev_run0,9,winter,16,7,0.2,0.3,0.09999999999999998,0.020712872054736157
P3_dev_run0,9,winter,16,8,0.3,0.5,0.2,0.016831510577190734
P3_dev_run0,9,winter,17,0,0.0,0.01,0.01,0.027932448359366258
P3_dev_run0,9,winter,17,1,0.01,0.025,0.015000000000000001,0.02760151328893475
P3_dev_run0,9,winter,17,2,0.025,0.05,0.025,0.02707254929235403
P3_dev_run0,9,winter,17,3,0.05,0.075,0.024999999999999994,0.02641220689305835
P3_dev_run0,9,winter,17,4,0.075,0.1,0.02500000000000001,0.025752856831350306
P3_dev_run0,9,winter,17,5,0.1,0.15,0.04999999999999999,0.024765808354305092
P3_dev_run0,9,winter,17,6,0.15,0.2,0.05000000000000002,0.02345302185368158
P3_dev_run0,9,winter,17,7,0.2,0.3,0.09999999999999998,0.021491652389680208
P3_dev_run0,9,winter,17,8,0.3,0.5,0.2,0.017595896681899953
P3_dev_run0,9,winter,18,0,0.0,0.01,0.01,0.02791773476071291
P3_dev_run0,9,winter,18,1,0.01,0.025,0.015000000000000001,0.027586822497908482
P3_dev_run0,9,winter,18,2,0.025,0.05,0.025,0.027057894924868986
P3_dev_run0,9,winter,18,3,0.05,0.075,0.024999999999999994,0.02639759793676922
P3_dev_run0,9,winter,18,4,0.075,0.1,0.02500000000000001,0.025738293166750463
P3_dev_run0,9,winter,18,5,0.1,0.15,0.04999999999999999,0.024751312359340145
P3_dev_run0,9,winter,18,6,0.15,0.2,0.05000000000000002,0.023438615668125988
P3_dev_run0,9,winter,18,7,0.2,0.3,0.09999999999999998,0.021477379899144392
P3_dev_run0,9,winter,18,8,0.3,0.5,0.2,0.0175818881169873
P3_dev_run0,9,winter,19,0,0.0,0.01,0.01,0.027484520236886745
P3_dev_run0,9,winter,19,1,0.01,0.025,0.015000000000000001,0.02715427929947944
P3_dev_run0,9,winter,19,2,0.025,0.05,0.025,0.026626423810628408
P3_dev_run0,9,winter,19,3,0.05,0.075,0.024999999999999994,0.025967463615287352
P3_dev_run0,9,winter,19,4,0.075,0.1,0.02500000000000001,0.025309491845022507
P3_dev_run0,9,winter,19,5,0.1,0.15,0.04999999999999999,0.024324502976245672
P3_dev_run0,9,winter,19,6,0.15,0.2,0.05000000000000002,0.02301444970769228
P3_dev_run0,9,winter,19,7,0.2,0.3,0.09999999999999998,0.02105714936791542
P3_dev_run0,9,winter,19,8,0.3,0.5,0.2,0.01716942632252
P3_dev_run0,9,winter,20,0,0.0,0.01,0.01,0.0267867135015587
P3_dev_run0,9,winter,20,1,0.01,0.025,0.015000000000000001,0.026457553102034643
P3_dev_run0,9,winter,20,2,0.025,0.05,0.025,0.025931423206119186
P3_dev_run0,9,winter,20,3,0.05,0.075,0.024999999999999994,0.025274614701871208
P3_dev_run0,9,winter,20,4,0.075,0.1,0.02500000000000001,0.02461878851291787
P3_dev_run0,9,winter,20,5,0.1,0.15,0.04999999999999999,0.023637005897917403
P3_dev_run0,9,winter,20,6,0.15,0.2,0.05000000000000002,0.02233120755067152
P3_dev_run0,9,winter,20,7,0.2,0.3,0.09999999999999998,0.020380241883350695
P3_dev_run0,9,winter,20,8,0.3,0.5,0.2,0.016505024165225368
P3_dev_run0,9,winter,21,0,0.0,0.01,0.01,0.025836316260963166
P3_dev_run0,9,winter,21,1,0.01,0.025,0.015000000000000001,0.025508625954665888
P3_dev_run0,9,winter,21,2,0.025,0.05,0.025,0.02498484376295851
P3_dev_run0,9,winter,21,3,0.05,0.075,0.024999999999999994,0.024330962684349096
P3_dev_run0,9,winter,21,4,0.075,0.1,0.02500000000000001,0.023678055657658785
P3_dev_run0,9,winter,21,5,0.1,0.15,0.04999999999999999,0.022700635327808086
P3_dev_run0,9,winter,21,6,0.15,0.2,0.05000000000000002,0.0214006261333649
P3_dev_run0,9,winter,21,7,0.2,0.3,0.09999999999999998,0.019458279488007994
P3_dev_run0,9,winter,21,8,0.3,0.5,0.2,0.015600077366555165
P3_dev_run0,9,winter,22,0,0.0,0.01,0.01,0.024861459689756726
P3_dev_run0,9,winter,22,1,0.01,0.025,0.015000000000000001,0.024535275416622444
P3_dev_run0,9,winter,22,2,0.025,0.05,0.025,0.02401389834138623
P3_dev_run0,9,winter,22,3,0.05,0.075,0.024999999999999994,0.023363016306796606
P3_dev_run0,9,winter,22,4,0.075,0.1,0.02500000000000001,0.022713099878769454
P3_dev_run0,9,winter,22,5,0.1,0.15,0.04999999999999999,0.02174014867205865
P3_dev_run0,9,winter,22,6,0.15,0.2,0.05000000000000002,0.02044607050889268
P3_dev_run0,9,winter,22,7,0.2,0.3,0.09999999999999998,0.018512554370411497
P3_dev_run0,9,winter,22,8,0.3,0.5,0.2,0.01467178619785417
P3_dev_run0,9,winter,23,0,0.0,0.01,0.01,0.024543102712432097
P3_dev_run0,9,winter,23,1,0.01,0.025,0.015000000000000001,0.024217409844693817
P3_dev_run0,9,winter,23,2,0.025,0.05,0.025,0.02369681754243791
P3_dev_run0,9,winter,23,3,0.05,0.075,0.024999999999999994,0.023046914090220087
P3_dev_run0,9,winter,23,4,0.075,0.1,0.02500000000000001,0.022397973492840333
P3_dev_run0,9,winter,23,5,0.1,0.15,0.04999999999999999,0.021426480566126286
P3_dev_run0,9,winter,23,6,0.15,0.2,0.05000000000000002,0.02013433773531747
P3_dev_run0,9,winter,23,7,0.2,0.3,0.09999999999999998,0.01820370309764008
P3_dev_run0,9,winter,23,8,0.3,0.5,0.2,0.014368624019585885
P3_dev_run0,9,shoulder,0,0,0.0,0.01,0.01,0.02143495646770993
P3_dev_run0,9,shoulder,0,1,0.01,0.025,0.015000000000000001,0.021114421748373115
P3_dev_run0,9,shoulder,0,2,0.025,0.05,0.025,0.020601473457620978
P3_dev_run0,9,shoulder,0,3,0.05,0.075,0.024999999999999994,0.019961101884163893
P3_dev_run0,9,shoulder,0,4,0.075,0.1,0.02500000000000001,0.019321666590241808
P3_dev_run0,9,shoulder,0,5,0.1,0.15,0.04999999999999999,0.018364378748923497
P3_dev_run0,9,shoulder,0,6,0.15,0.2,0.05000000000000002,0.01709108851425028
P3_dev_run0,9,shoulder,0,7,0.2,0.3,0.09999999999999998,0.015188524789681999
P3_dev_run0,9,shoulder,0,8,0.3,0.5,0.2,0.011408872355365487
P3_dev_run0,9,shoulder,1,0,0.0,0.01,0.01,0.019577073352074204
P3_dev_run0,9,shoulder,1,1,0.01,0.025,0.015000000000000001,0.019259315519953857
P3_dev_run0,9,shoulder,1,2,0.025,0.05,0.025,0.01875092260139155
P3_dev_run0,9,shoulder,1,3,0.05,0.075,0.024999999999999994,0.018116231605107006
P3_dev_run0,9,shoulder,1,4,0.075,0.1,0.02500000000000001,0.01748246120423346
P3_dev_run0,9,shoulder,1,5,0.1,0.15,0.04999999999999999,0.016533639501250256
P3_dev_run0,9,shoulder,1,6,0.15,0.2,0.05000000000000002,0.015271585811407468
P3_dev_run0,9,shoulder,1,7,0.2,0.3,0.09999999999999998,0.013385754160288452
P3_dev_run0,9,shoulder,1,8,0.3,0.5,0.2,0.009639143732448618
P3_dev_run0,9,shoulder,2,0,0.0,0.01,0.01,0.01881420653425392
P3_dev_run0,9,shoulder,2,1,0.01,0.025,0.015000000000000001,0.0184973221312353
P3_dev_run0,9,shoulder,2,2,0.025,0.05,0.025,0.017990797226874466
P3_dev_run0,9,shoulder,2,3,0.05,0.075,0.024999999999999994,0.01735843568600293
P3_dev_run0,9,shoulder,2,4,0.075,0.1,0.02500000000000001,0.01672698833462493
P3_dev_run0,9,shoulder,2,5,0.1,0.15,0.04999999999999999,0.01578163848666381
P3_dev_run0,9,shoulder,2,6,0.15,0.2,0.05000000000000002,0.014524192871565306
P3_dev_run0,9,shoulder,2,7,0.2,0.3,0.09999999999999998,0.01264522325672299
P3_dev_run0,9,shoulder,2,8,0.3,0.5,0.2,0.008912164677137083
P3_dev_run0,9,shoulder,3,0,0.0,0.01,0.01,0.018407508496753877
P3_dev_run0,9,shoulder,3,1,0.01,0.025,0.015000000000000001,0.0180912469575939
P3_dev_run0,9,shoulder,3,2,0.025,0.05,0.025,0.017585716804651153
P3_dev_run0,9,shoulder,3,3,0.05,0.075,0.024999999999999994,0.016954595732092684
P3_dev_run0,9,shoulder,3,4,0.075,0.1,0.02500000000000001,0.01632438545959402
P3_dev_run0,9,shoulder,3,5,0.1,0.15,0.04999999999999999,0.01538088446960573
P3_dev_run0,9,shoulder,3,6,0.15,0.2,0.05000000000000002,0.01412589280038678
P3_dev_run0,9,shoulder,3,7,0.2,0.3,0.09999999999999998,0.012250577502489205
P3_dev_run0,9,shoulder,3,8,0.3,0.5,0.2,0.008524736056057317
P3_dev_run0,9,shoulder,4,0,0.0,0.01,0.01,0.018235111142939076
P3_dev_run0,9,shoulder,4,1,0.01,0.025,0.015000000000000001,0.017919113526329578
P3_dev_run0,9,shoulder,4,2,0.025,0.05,0.025,0.01741400488484035
P3_dev_run0,9,shoulder,4,3,0.05,0.075,0.024999999999999994,0.01678340945430901
P3_dev_run0,9,shoulder,4,4,0.075,0.1,0.02500000000000001,0.01615372338947873
P3_dev_run0,9,shoulder,4,5,0.1,0.15,0.04999999999999999,0.015211005833317418
P3_dev_run0,9,shoulder,4,6,0.15,0.2,0.05000000000000002,0.0139570540153458
P3_dev_run0,9,shoulder,4,7,0.2,0.3,0.09999999999999998,0.012083287236564353
P3_dev_run0,9,shoulder,4,8,0.3,0.5,0.2,0.008360504093300677
P3_dev_run0,9,shoulder,5,0,0.0,0.01,0.01,0.018383830282152347
P3_dev_run0,9,shoulder,5,1,0.01,0.025,0.015000000000000001,0.018067604989750276
P3_dev_run0,9,shoulder,5,2,0.025,0.05,0.025,0.017562132734501024
P3_dev_run0,9,shoulder,5,3,0.05,0.075,0.024999999999999994,0.016931083865575628
P3_dev_run0,9,shoulder,5,4,0.075,0.1,0.02500000000000001,0.01630094559971928
P3_dev_run0,9,shoulder,5,5,0.1,0.15,0.04999999999999999,0.015357552218688567
P3_dev_run0,9,shoulder,5,6,0.15,0.2,0.05000000000000002,0.014102703382728727
P3_dev_run0,9,shoulder,5,7,0.2,0.3,0.09999999999999998,0.012227600788191215
P3_dev_run0,9,shoulder,5,8,0.3,0.5,0.2,0.008502179426099973
P3_dev_run0,9,shoulder,6,0,0.0,0.01,0.01,0.018950103307040223
P3_dev_run0,9,shoulder,6,1,0.01,0.025,0.015000000000000001,0.01863301070482437
P3_dev_run0,9,shoulder,6,2,0.025,0.05,0.025,0.01812615330109124
P3_dev_run0,9,shoulder,6,3,0.05,0.075,0.024999999999999994,0.017493377111595935
P3_dev_run0,9,shoulder,6,4,0.075,0.1,0.02500000000000001,0.01686151625818088
P3_dev_run0,9,shoulder,6,5,0.1,0.15,0.04999999999999999,0.015915548417468898
P3_dev_run0,9,shoulder,6,6,0.15,0.2,0.05000000000000002,0.01465728255267556
P3_dev_run0,9,shoulder,6,7,0.2,0.3,0.09999999999999998,0.012777091465417948
P3_dev_run0,9,shoulder,6,8,0.3,0.5,0.2,0.009041620563509795
P3_dev_run0,9,shoulder,7,0,0.0,0.01,0.01,0.02006044002882401
P3_dev_run0,9,shoulder,7,1,0.01,0.025,0.015000000000000001,0.019741645008830577
P3_dev_run0,9,shoulder,7,2,0.025,0.05,0.025,0.01923206872914862
P3_dev_run0,9,shoulder,7,3,0.05,0.075,0.024999999999999994,0.018595902061436246
P3_dev_run0,9,shoulder,7,4,0.075,0.1,0.02500000000000001,0.017960660056298143
P3_dev_run0,9,shoulder,7,5,0.1,0.15,0.04999999999999999,0.017009639031315974
P3_dev_run0,9,shoulder,7,6,0.15,0.2,0.05000000000000002,0.01574466628441961
P3_dev_run0,9,shoulder,7,7,0.2,0.3,0.09999999999999998,0.013854487851811401
P3_dev_run0,9,shoulder,7,8,0.3,0.5,0.2,0.01009929322518005
P3_dev_run0,9,shoulder,8,0,0.0,0.01,0.01,0.021473567146951256
P3_dev_run0,9,shoulder,8,1,0.01,0.025,0.015000000000000001,0.021152601937289107
P3_dev_run0,9,shoulder,8,2,0.025,0.05,0.025,0.020639559777017036
P3_dev_run0,9,shoulder,8,3,0.05,0.075,0.024999999999999994,0.019999071143573802
P3_dev_run0,9,shoulder,8,4,0.075,0.1,0.02500000000000001,0.019359519125446416
P3_dev_run0,9,shoulder,8,5,0.1,0.15,0.04999999999999999,0.018402056832960704
P3_dev_run0,9,shoulder,8,6,0.15,0.2,0.05000000000000002,0.017128535068242905
P3_dev_run0,9,shoulder,8,7,0.2,0.3,0.09999999999999998,0.015225626589260997
P3_dev_run0,9,shoulder,8,8,0.3,0.5,0.2,0.011445293373125859
P3_dev_run0,9,shoulder,9,0,0.0,0.01,0.01,0.022802555241849265
P3_dev_run0,9,shoulder,9,1,0.01,0.025,0.015000000000000001,0.02247954544927396
P3_dev_run0,9,shoulder,9,2,0.025,0.05,0.025,0.021963238039203747
P3_dev_run0,9,shoulder,9,3,0.05,0.075,0.024999999999999994,0.021318677687957036
P3_dev_run0,9,shoulder,9,4,0.075,0.1,0.02500000000000001,0.02067506526432116
P3_dev_run0,9,shoulder,9,5,0.1,0.15,0.04999999999999999,0.0197115348765628
P3_dev_run0,9,shoulder,9,6,0.15,0.2,0.05000000000000002,0.018429959575299575
P3_dev_run0,9,shoulder,9,7,0.2,0.3,0.09999999999999998,0.016515059334982766
P3_dev_run0,9,shoulder,9,8,0.3,0.5,0.2,0.012711047100765621
P3_dev_run0,9,shoulder,10,0,0.0,0.01,0.01,0.022848297597950762
P3_dev_run0,9,shoulder,10,1,0.01,0.025,0.015000000000000001,0.022525217376837915
P3_dev_run0,9,shoulder,10,2,0.025,0.05,0.025,0.022008797472828356
P3_dev_run0,9,shoulder,10,3,0.05,0.075,0.024999999999999994,0.021364096862979135
P3_dev_run0,9,shoulder,10,4,0.075,0.1,0.02500000000000001,0.020720344559320696
P3_dev_run0,9,shoulder,10,5,0.1,0.15,0.04999999999999999,0.019756605133356978
P3_dev_run0,9,shoulder,10,6,0.15,0.2,0.05000000000000002,0.018474752403369314
P3_dev_run0,9,shoulder,10,7,0.2,0.3,0.09999999999999998,0.01655943907953206
P3_dev_run0,9,shoulder,10,8,0.3,0.5,0.2,0.012754611193552048
P3_dev_run0,9,shoulder,11,0,0.0,0.01,0.01,0.02244779916741324
P3_dev_run0,9,shoulder,11,1,0.01,0.025,0.015000000000000001,0.022125335489920718
P3_dev_run0,9,shoulder,11,2,0.025,0.05,0.025,0.02160990023594489
P3_dev_run0,9,shoulder,11,3,0.05,0.075,0.024999999999999994,0.020966427460173968
P3_dev_run0,9,shoulder,11,4,0.075,0.1,0.02500000000000001,0.020323899572382002
P3_dev_run0,9,shoulder,11,5,0.1,0.15,0.04999999999999999,0.019361989968967323
P3_dev_run0,9,shoulder,11,6,0.15,0.2,0.05000000000000002,0.01808256574030636
P3_dev_run0,9,shoulder,11,7,0.2,0.3,0.09999999999999998,0.016170868419689847
P3_dev_run0,9,shoulder,11,8,0.3,0.5,0.2,0.012373180533787609
P3_dev_run0,9,shoulder,12,0,0.0,0.01,0.01,0.02172766366746598
P3_dev_run0,9,shoulder,12,1,0.01,0.025,0.015000000000000001,0.02140630781570137
P3_dev_run0,9,shoulder,12,2,0.025,0.05,0.025,0.02089264178192718
P3_dev_run0,9,shoulder,12,3,0.05,0.075,0.024999999999999994,0.02025137519190479
P3_dev_run0,9,shoulder,12,4,0.075,0.1,0.02500000000000001,0.019611047366867022
P3_dev_run0,9,shoulder,12,5,0.1,0.15,0.04999999999999999,0.01865242565870368
P3_dev_run0,9,shoulder,12,6,0.15,0.2,0.05000000000000002,0.01737736511147419
P3_dev_run0,9,shoulder,12,7,0.2,0.3,0.09999999999999998,0.015472165340125469
P3_dev_run0,9,shoulder,12,8,0.3,0.5,0.2,0.011687307599552096
P3_dev_run0,9,shoulder,13,0,0.0,0.01,0.01,0.020714696455365056
P3_dev_run0,9,shoulder,13,1,0.01,0.025,0.015000000000000001,0.020394897158722742
P3_dev_run0,9,shoulder,13,2,0.025,0.05,0.025,0.01988371700685998
P3_dev_run0,9,shoulder,13,3,0.05,0.075,0.024999999999999994,0.01924555030162312
P3_dev_run0,9,shoulder,13,4,0.075,0.1,0.02500000000000001,0.01860831377738458
P3_dev_run0,9,shoulder,13,5,0.1,0.15,0.04999999999999999,0.01765431194674372
P3_dev_run0,9,shoulder,13,6,0.15,0.2,0.05000000000000002,0.016385382973206623
P3_dev_run0,9,shoulder,13,7,0.2,0.3,0.09999999999999998,0.014489313393287049
P3_dev_run0,9,shoulder,13,8,0.3,0.5,0.2,0.010722485033336157
P3_dev_run0,9,shoulder,14,0,0.0,0.01,0.01,0.02179040558564216
P3_dev_run0,9,shoulder,14,1,0.01,0.025,0.015000000000000001,0.02146895325579693
P3_dev_run0,9,shoulder,14,2,0.025,0.05,0.025,0.020955133145815763
P3_dev_run0,9,shoulder,14,3,0.05,0.075,0.024999999999999994,0.020313674424202736
P3_dev_run0,9,shoulder,14,4,0.075,0.1,0.02500000000000001,0.01967315499433852
P3_dev_run0,9,shoulder,14,5,0.1,0.15,0.04999999999999999,0.01871424694695673
P3_dev_run0,9,shoulder,14,6,0.15,0.2,0.05000000000000002,0.01743880636749933
P3_dev_run0,9,shoulder,14,7,0.2,0.3,0.09999999999999998,0.015533040718866273
P3_dev_run0,9,shoulder,14,8,0.3,0.5,0.2,0.01174706557158331
P3_dev_run0,9,shoulder,15,0,0.0,0.01,0.01,0.022430265792636184
P3_dev_run0,9,shoulder,15,1,0.01,0.025,0.015000000000000001,0.02210782909155273
P3_dev_run0,9,shoulder,15,2,0.025,0.05,0.025,0.021592436937081794
P3_dev_run0,9,shoulder,15,3,0.05,0.075,0.024999999999999994,0.020949017900400716
P3_dev_run0,9,shoulder,15,4,0.075,0.1,0.02500000000000001,0.020306543599805098
P3_dev_run0,9,shoulder,15,5,0.1,0.15,0.04999999999999999,0.019344714084375828
P3_dev_run0,9,shoulder,15,6,0.15,0.2,0.05000000000000002,0.018065396147010353
P3_dev_run0,9,shoulder,15,7,0.2,0.3,0.09999999999999998,0.016153857090023403
P3_dev_run0,9,shoulder,15,8,0.3,0.5,0.2,0.012356481709758643
P3_dev_run0,9,shoulder,16,0,0.0,0.01,0.01,0.023038501809624634
P3_dev_run0,9,shoulder,16,1,0.01,0.025,0.015000000000000001,0.022715128651773494
P3_dev_run0,9,shoulder,16,2,0.025,0.05,0.025,0.022198240942422065
P3_dev_run0,9,shoulder,16,3,0.05,0.075,0.024999999999999994,0.021552956994202458
P3_dev_run0,9,shoulder,16,4,0.075,0.1,0.02500000000000001,0.020908622970652317
P3_dev_run0,9,shoulder,16,5,0.1,0.15,0.04999999999999999,0.01994401421064385
P3_dev_run0,9,shoulder,16,6,0.15,0.2,0.05000000000000002,0.018661007714845794
P3_dev_run0,9,shoulder,16,7,0.2,0.3,0.09999999999999998,0.016743976475812192
P3_dev_run0,9,shoulder,16,8,0.3,0.5,0.2,0.01293575651638082
P3_dev_run0,9,shoulder,17,0,0.0,0.01,0.01,0.023877068808696167
P3_dev_run0,9,shoulder,17,1,0.01,0.025,0.015000000000000001,0.023552403354994606
P3_dev_run0,9,shoulder,17,2,0.025,0.05,0.025,0.023033451838763153
P3_dev_run0,9,shoulder,17,3,0.05,0.075,0.024999999999999994,0.02238559437143073
P3_dev_run0,9,shoulder,17,4,0.075,0.1,0.02500000000000001,0.02173869403228889
P3_dev_run0,9,shoulder,17,5,0.1,0.15,0.04999999999999999,0.020770250085955514
P3_dev_run0,9,shoulder,17,6,0.15,0.2,0.05000000000000002,0.019482153687047636
P3_dev_run0,9,shoulder,17,7,0.2,0.3,0.09999999999999998,0.017557543844550914
P3_dev_run0,9,shoulder,17,8,0.3,0.5,0.2,0.013734360119672037
P3_dev_run0,9,shoulder,18,0,0.0,0.01,0.01,0.024122372772203415
P3_dev_run0,9,shoulder,18,1,0.01,0.025,0.015000000000000001,0.02379732902101176
P3_dev_run0,9,shoulder,18,2,0.025,0.05,0.025,0.023277773355948606
P3_dev_run0,9,shoulder,18,3,0.05,0.075,0.024999999999999994,0.022629162543831297
P3_dev_run0,9,shoulder,18,4,0.075,0.1,0.02500000000000001,0.021981510968523403
P3_dev_run0,9,shoulder,18,5,0.1,0.15,0.04999999999999999,0.02101194436481463
P3_dev_run0,9,shoulder,18,6,0.15,0.2,0.05000000000000002,0.01972235802833954
P3_dev_run0,9,shoulder,18,7,0.2,0.3,0.09999999999999998,0.017795529786261702
P3_dev_run0,9,shoulder,18,8,0.3,0.5,0.2,0.013967966003932894
P3_dev_run0,9,shoulder,19,0,0.0,0.01,0.01,0.02430402369437701
P3_dev_run0,9,shoulder,19,1,0.01,0.025,0.015000000000000001,0.02397869973338277
P3_dev_run0,9,shoulder,19,2,0.025,0.05,0.025,0.02345869656251165
P3_dev_run0,9,shoulder,19,3,0.05,0.075,0.024999999999999994,0.022809527738714145
P3_dev_run0,9,shoulder,19,4,0.075,0.1,0.02500000000000001,0.02216131970830259
P3_dev_run0,9,shoulder,19,5,0.1,0.15,0.04999999999999999,0.021190921535511057
P3_dev_run0,9,shoulder,19,6,0.15,0.2,0.05000000000000002,0.01990023159115644
P3_dev_run0,9,shoulder,19,7,0.2,0.3,0.09999999999999998,0.017971760170290427
P3_dev_run0,9,shoulder,19,8,0.3,0.5,0.2,0.01414095209422074
P3_dev_run0,9,shoulder,20,0,0.0,0.01,0.01,0.02410813784957666
P3_dev_run0,9,shoulder,20,1,0.01,0.025,0.015000000000000001,0.023783116054950277
P3_dev_run0,9,shoulder,20,2,0.025,0.05,0.025,0.0232635954542304
P3_dev_run0,9,shoulder,20,3,0.05,0.075,0.024999999999999994,0.022615028366079763
P3_dev_run0,9,shoulder,20,4,0.075,0.1,0.02500000000000001,0.021967420391511
P3_dev_run0,9,shoulder,20,5,0.1,0.15,0.04999999999999999,0.02099791894142972
P3_dev_run0,9,shoulder,20,6,0.15,0.2,0.05000000000000002,0.01970841907941056
P3_dev_run0,9,shoulder,20,7,0.2,0.3,0.09999999999999998,0.017781719587406934
P3_dev_run0,9,shoulder,20,8,0.3,0.5,0.2,0.013954410013395993
P3_dev_run0,9,shoulder,21,0,0.0,0.01,0.01,0.02336328833434098
P3_dev_run0,9,shoulder,21,1,0.01,0.025,0.015000000000000001,0.023039414829479722
P3_dev_run0,9,shoulder,21,2,0.025,0.05,0.025,0.02252172804625474
P3_dev_run0,9,shoulder,21,3,0.05,0.075,0.024999999999999994,0.0218754476713684
P3_dev_run0,9,shoulder,21,4,0.075,0.1,0.02500000000000001,0.021230120012447055
P3_dev_run0,9,shoulder,21,5,0.1,0.15,0.04999999999999999,0.020264026317476928
P3_dev_run0,9,shoulder,21,6,0.15,0.2,0.05000000000000002,0.018979049070947933
P3_dev_run0,9,shoulder,21,7,0.2,0.3,0.09999999999999998,0.01705908346005328
P3_dev_run0,9,shoulder,21,8,0.3,0.5,0.2,0.013245069584549712
P3_dev_run0,9,shoulder,22,0,0.0,0.01,0.01,0.02253550676913213
P3_dev_run0,9,shoulder,22,1,0.01,0.025,0.015000000000000001,0.02221290810335563
P3_dev_run0,9,shoulder,22,2,0.025,0.05,0.025,0.02169725725965521
P3_dev_run0,9,shoulder,22,3,0.05,0.075,0.024999999999999994,0.02105351564384517
P3_dev_run0,9,shoulder,22,4,0.075,0.1,0.02500000000000001,0.020410719669098347
P3_dev_run0,9,shoulder,22,5,0.1,0.15,0.04999999999999999,0.019448409419698668
P3_dev_run0,9,shoulder,22,6,0.15,0.2,0.05000000000000002,0.018168453460184468
P3_dev_run0,9,shoulder,22,7,0.2,0.3,0.09999999999999998,0.016255964398011195
P3_dev_run0,9,shoulder,22,8,0.3,0.5,0.2,0.012456713161447322
P3_dev_run0,9,shoulder,23,0,0.0,0.01,0.01,0.021989318487102005
P3_dev_run0,9,shoulder,23,1,0.01,0.025,0.015000000000000001,0.021667560229760942
P3_dev_run0,9,shoulder,23,2,0.025,0.05,0.025,0.02115325155595038
P3_dev_run0,9,shoulder,23,3,0.05,0.075,0.024999999999999994,0.020511183603626474
P3_dev_run0,9,shoulder,23,4,0.075,0.1,0.02500000000000001,0.019870056635409854
P3_dev_run0,9,shoulder,23,5,0.1,0.15,0.04999999999999999,0.018910240644016144
P3_dev_run0,9,shoulder,23,6,0.15,0.2,0.05000000000000002,0.017633595036412868
P3_dev_run0,9,shoulder,23,7,0.2,0.3,0.09999999999999998,0.015726035089811827
P3_dev_run0,9,shoulder,23,8,0.3,0.5,0.2,0.011936516857595919
