bus,S_mva,scenario,t,p_center_fraction,p_center_mw,region,truth_center_mw,truth_sample_count,truth_pf_attempts_actual,truth_baseline_loss_mw,truth_a_P,truth_a_Q,truth_b_PP,truth_b_QQ,truth_b_PQ,full25_fallback_a_P,full25_fallback_a_Q,full25_fallback_b_PP,full25_fallback_b_QQ,full25_fallback_b_PQ,full25_fallback_measurement_center_mw,full25_fallback_sample_count,full25_fallback_pf_attempts_actual,full25_fallback_pf_retries,full25_fallback_pf_failures,full25_fallback_fit_rank,full25_fallback_rank_lt5,full25_fallback_source_min7_rank,full25_fallback_source_q_column_norm,full25_fallback_fallback_used,full25_fallback_q_gate_exempt,full25_fallback_a_Q_identified,full25_fallback_pred_max_abs_mw,full25_fallback_pred_rmse_mw,full25_fallback_pred_max_abs_rel_baseline,full25_fallback_pred_rmse_rel_baseline,full25_fallback_h_min_eig,full25_fallback_a_P_ok,full25_fallback_a_Q_ok,full25_fallback_psd_ok,full25_fallback_gate_all_ok,pull_t0.90_p0.85_a_P,pull_t0.90_p0.85_a_Q,pull_t0.90_p0.85_b_PP,pull_t0.90_p0.85_b_QQ,pull_t0.90_p0.85_b_PQ,pull_t0.90_p0.85_measurement_center_mw,pull_t0.90_p0.85_sample_count,pull_t0.90_p0.85_pf_attempts_actual,pull_t0.90_p0.85_pf_retries,pull_t0.90_p0.85_pf_failures,pull_t0.90_p0.85_fit_rank,pull_t0.90_p0.85_rank_lt5,pull_t0.90_p0.85_source_min7_rank,pull_t0.90_p0.85_source_q_column_norm,pull_t0.90_p0.85_fallback_used,pull_t0.90_p0.85_q_gate_exempt,pull_t0.90_p0.85_a_Q_identified,pull_t0.90_p0.85_pred_max_abs_mw,pull_t0.90_p0.85_pred_rmse_mw,pull_t0.90_p0.85_pred_max_abs_rel_baseline,pull_t0.90_p0.85_pred_rmse_rel_baseline,pull_t0.90_p0.85_h_min_eig,pull_t0.90_p0.85_a_P_ok,pull_t0.90_p0.85_a_Q_ok,pull_t0.90_p0.85_psd_ok,pull_t0.90_p0.85_gate_all_ok,pull_t0.90_p0.90_a_P,pull_t0.90_p0.90_a_Q,pull_t0.90_p0.90_b_PP,pull_t0.90_p0.90_b_QQ,pull_t0.90_p0.90_b_PQ,pull_t0.90_p0.90_measurement_center_mw,pull_t0.90_p0.90_sample_count,pull_t0.90_p0.90_pf_attempts_actual,pull_t0.90_p0.90_pf_retries,pull_t0.90_p0.90_pf_failures,pull_t0.90_p0.90_fit_rank,pull_t0.90_p0.90_rank_lt5,pull_t0.90_p0.90_source_min7_rank,pull_t0.90_p0.90_source_q_column_norm,pull_t0.90_p0.90_fallback_used,pull_t0.90_p0.90_q_gate_exempt,pull_t0.90_p0.90_a_Q_identified,pull_t0.90_p0.90_pred_max_abs_mw,pull_t0.90_p0.90_pred_rmse_mw,pull_t0.90_p0.90_pred_max_abs_rel_baseline,pull_t0.90_p0.90_pred_rmse_rel_baseline,pull_t0.90_p0.90_h_min_eig,pull_t0.90_p0.90_a_P_ok,pull_t0.90_p0.90_a_Q_ok,pull_t0.90_p0.90_psd_ok,pull_t0.90_p0.90_gate_all_ok,pull_t0.95_p0.85_a_P,pull_t0.95_p0.85_a_Q,pull_t0.95_p0.85_b_PP,pull_t0.95_p0.85_b_QQ,pull_t0.95_p0.85_b_PQ,pull_t0.95_p0.85_measurement_center_mw,pull_t0.95_p0.85_sample_count,pull_t0.95_p0.85_pf_attempts_actual,pull_t0.95_p0.85_pf_retries,pull_t0.95_p0.85_pf_failures,pull_t0.95_p0.85_fit_rank,pull_t0.95_p0.85_rank_lt5,pull_t0.95_p0.85_source_min7_rank,pull_t0.95_p0.85_source_q_column_norm,pull_t0.95_p0.85_fallback_used,pull_t0.95_p0.85_q_gate_exempt,pull_t0.95_p0.85_a_Q_identified,pull_t0.95_p0.85_pred_max_abs_mw,pull_t0.95_p0.85_pred_rmse_mw,pull_t0.95_p0.85_pred_max_abs_rel_baseline,pull_t0.95_p0.85_pred_rmse_rel_baseline,pull_t0.95_p0.85_h_min_eig,pull_t0.95_p0.85_a_P_ok,pull_t0.95_p0.85_a_Q_ok,pull_t0.95_p0.85_psd_ok,pull_t0.95_p0.85_gate_all_ok,pull_t0.95_p0.90_a_P,pull_t0.95_p0.90_a_Q,pull_t0.95_p0.90_b_PP,pull_t0.95_p0.90_b_QQ,pull_t0.95_p0.90_b_PQ,pull_t0.95_p0.90_measurement_center_mw,pull_t0.95_p0.90_sample_count,pull_t0.95_p0.90_pf_attempts_actual,pull_t0.95_p0.90_pf_retries,pull_t0.95_p0.90_pf_failures,pull_t0.95_p0.90_fit_rank,pull_t0.95_p0.90_rank_lt5,pull_t0.95_p0.90_source_min7_rank,pull_t0.95_p0.90_source_q_column_norm,pull_t0.95_p0.90_fallback_used,pull_t0.95_p0.90_q_gate_exempt,pull_t0.95_p0.90_a_Q_identified,pull_t0.95_p0.90_pred_max_abs_mw,pull_t0.95_p0.90_pred_rmse_mw,pull_t0.95_p0.90_pred_max_abs_rel_baseline,pull_t0.95_p0.90_pred_rmse_rel_baseline,pull_t0.95_p0.90_h_min_eig,pull_t0.95_p0.90_a_P_ok,pull_t0.95_p0.90_a_Q_ok,pull_t0.95_p0.90_psd_ok,pull_t0.95_p0.90_gate_all_ok,qzero_gate_a_P,qzero_gate_a_Q,qzero_gate_b_PP,qzero_gate_b_QQ,qzero_gate_b_PQ,qzero_gate_measurement_center_mw,qzero_gate_sample_count,qzero_gate_pf_attempts_actual,qzero_gate_pf_retries,qzero_gate_pf_failures,qzero_gate_fit_rank,qzero_gate_rank_lt5,qzero_gate_source_min7_rank,qzero_gate_source_q_column_norm,qzero_gate_fallback_used,qzero_gate_q_gate_exempt,qzero_gate_a_Q_identified,qzero_gate_pred_max_abs_mw,qzero_gate_pred_rmse_mw,qzero_gate_pred_max_abs_rel_baseline,qzero_gate_pred_rmse_rel_baseline,qzero_gate_h_min_eig,qzero_gate_a_P_ok,qzero_gate_a_Q_ok,qzero_gate_psd_ok,qzero_gate_gate_all_ok
16,0.15,summer,10,0.0,0.0,normal,0.0,81,162,0.18840612349021926,-0.07937525140135002,-0.025347034001098206,0.023616014106794862,0.022143346260181603,0.0018516536584873696,-0.07938864371842033,-0.025351762937440313,0.02361838696204878,0.022143419178890754,0.0018521487452868254,0.0,7,14,0,0,5,False,5,0.2627141983220549,False,False,True,1.551238624645894e-06,7.748314892313536e-07,8.23348305197959e-06,4.1125600106706585e-06,0.021697055008425732,True,True,True,True,-0.07938864371881196,-0.025351762937173224,0.023618386960712206,0.022143419175225172,0.0018521487517260853,0.0,7,14,0,0,5,False,5,0.2627141983220549,False,False,True,1.5512386162619754e-06,7.74831478222125e-07,8.233483007480407e-06,4.112559952237162e-06,0.021697055002680644,True,True,True,True,-0.07938864371831657,-0.025351762937682664,0.023618386960858398,0.022143419177597344,0.0018521487496666077,0.0,7,14,0,0,5,False,5,0.2627141983220549,False,False,True,1.5512386417858293e-06,7.748315016591493e-07,8.233483142952934e-06,4.11256007663346e-06,0.021697055005438688,True,True,True,True,-0.07938864371825023,-0.025351762937617053,0.023618386961230912,0.022143419173892905,0.0018521487439341607,0.0,7,14,0,0,5,False,5,0.2627141983220549,False,False,True,1.5512385999113393e-06,7.748314972018506e-07,8.233482920696412e-06,4.112560052975531e-06,0.021697055004744968,True,True,True,True,-0.07938864371832283,-0.025351762937732766,0.023618386959950482,0.022143419177467812,0.0018521487499910214,0.0,7,14,0,0,5,False,5,0.2627141983220549,False,False,True,1.5512386445822035e-06,7.748315045097954e-07,8.233483157795203e-06,4.112560091763786e-06,0.021697055005035524,True,True,True,True,-0.07938864371832922,-0.025351762937548948,0.023618386963337245,0.022143419180837346,0.0018521487445485093,0.0,7,14,0,0,5,False,5,0.2627141983220549,False,False,True,1.5512386391846114e-06,7.748314944214905e-07,8.233483129146495e-06,4.11256003821826e-06,0.02169705501053703,True,True,True,True
16,0.15,summer,10,0.5,0.075,normal,0.075,81,162,0.18840612335518914,-0.07935349113563178,-0.025345440930480783,0.023379948720235678,0.022077016575508725,0.001807911089049456,-0.07935663502944343,-0.025340774332456677,0.023419850690044132,0.022068827788768834,0.001709382214517344,0.075,7,14,0,0,5,False,5,0.22727458486426985,False,False,True,1.4662914479119087e-06,4.6649599854992115e-07,7.782610362125069e-06,2.4760129354738024e-06,0.021654929945903973,True,True,True,True,-0.07935665540308581,-0.025340776000258435,0.02341999666440211,0.022068869679225264,0.0017094012469601762,0.075,7,14,0,0,5,False,5,0.22727458486426985,False,False,True,1.46582798789892e-06,4.6649498402323794e-07,7.7801504632389e-06,2.4760075506876545e-06,0.021654984142122292,True,True,True,True,-0.07935665540216447,-0.02534077599980483,0.023419996658112244,0.02206886968051508,0.001709401239702286,0.075,7,14,0,0,5,False,5,0.22727458486426985,False,False,True,1.4658279613372679e-06,4.6649498620274377e-07,7.780150322258068e-06,2.476007562255781e-06,0.021654984144819336,True,True,True,True,-0.0793566554029775,-0.025340776001059977,0.023419996663187642,0.022068869682371713,0.0017094012516265646,0.075,7,14,0,0,5,False,5,0.22727458486426985,False,False,True,1.465827828175557e-06,4.6649499029811196e-07,7.780149615477903e-06,2.4760075839926974e-06,0.021654984142609926,True,True,True,True,-0.07935665540185079,-0.025340775999219026,0.023419996654857556,0.02206886968441802,0.0017094012306670132,0.075,7,14,0,0,5,False,5,0.22727458486426985,False,False,True,1.4658279076937633e-06,4.664949873520626e-07,7.780150037535344e-06,2.4760075683560008e-06,0.021654984150906872,True,True,True,True,-0.07935665540248234,-0.02534077600040823,0.02341999665894171,0.02206886968289959,0.0017094012434153607,0.075,7,14,0,0,5,False,5,0.22727458486426985,False,False,True,1.4658278543792057e-06,4.6649499156359305e-07,7.780149754558567e-06,2.47600759070947e-06,0.02165498414545196,True,True,True,True
16,0.15,summer,10,0.9,0.135,boundary,0.135,55,110,0.18840612305233323,-0.07934817558614606,-0.025342858245975475,0.023350599780875402,0.02203140666076919,0.0017817348622493066,-0.07934800095668529,-0.025320028440797233,0.023351458535624054,0.022006798001127453,0.0016082035314912996,0.135,7,14,0,0,5,False,5,0.11447566540556446,False,False,True,1.3630694352603778e-06,2.8156511569732725e-07,7.234740639940669e-06,1.4944584132179048e-06,0.021630983412960512,True,True,True,True,-0.07934800431024257,-0.02532005946092432,0.023351474305696254,0.02200683668529437,0.0016084329440084004,0.135,7,14,0,0,5,False,5,0.11447566540556446,False,False,True,1.3617575514808175e-06,2.812646407273076e-07,7.227777576541738e-06,1.4928635872900013e-06,0.021630929987127533,True,True,True,True,-0.07934800430637247,-0.025320059507448433,0.023351474276831877,0.022006836675041934,0.0016084332834434172,0.135,7,14,0,0,5,False,5,0.11447566540556446,False,False,True,1.3617560509606233e-06,2.8126422639786794e-07,7.227769612256024e-06,1.4928613881606263e-06,0.021630929843327686,True,True,True,True,-0.07934800430683768,-0.025320059478966025,0.023351474280883123,0.02200683668884858,0.0016084330733365606,0.135,7,14,0,0,5,False,5,0.11447566540556446,False,False,True,1.361756789984049e-06,2.812644516594209e-07,7.22777353475819e-06,1.4928625837775695e-06,0.021630929935983916,True,True,True,True,-0.07934800430924122,-0.025320059497406743,0.02335147429679241,0.022006836693083395,0.0016084332126077682,0.135,7,14,0,0,5,False,5,0.11447566540556446,False,False,True,1.3617562638701744e-06,2.8126430946867024e-07,7.227770742312456e-06,1.4928618290741218e-06,0.02163092988888641,True,True,True,True,-0.07934800431112138,-0.025320059475391617,0.023351474311170576,0.02200683669109855,0.0016084330451500404,0.135,7,14,0,0,5,False,5,0.11447566540556446,False,False,True,1.3617569846694627e-06,2.812644906162999e-07,7.227774568086675e-06,1.492862790548339e-06,0.021630929954073768,True,True,True,True
16,0.15,summer,10,0.98,0.147,boundary,0.135,55,110,0.18840612305243756,-0.07934817577397181,-0.025342860731400046,0.02335060062336853,0.02203141196891381,0.0017817547773314772,-0.07934373004441801,-0.02531584995453758,0.023320892612414764,0.02199224182717451,0.001595841977197916,0.147,7,14,0,0,5,False,5,0.0522756882742889,False,False,True,1.7656410280317975e-06,4.105696749229959e-07,9.371463089553521e-06,2.179173735286328e-06,0.02161829647893432,True,True,True,True,-0.07935015430218843,-0.02532293307402241,0.023367757168030794,0.022015911258346437,0.0016189743149797443,0.1275,7,14,0,0,5,False,5,0.13832594262969589,True,False,True,1.088633264708684e-06,2.214822532470476e-07,5.7781204085691715e-06,1.1755576180791334e-06,0.021637253111981312,True,True,True,True,-0.079348005216536,-0.025320067836538503,0.023351478574176174,0.02200684711942419,0.001608494883220403,0.135,7,14,0,0,5,False,5,0.11447566540556446,True,False,True,1.3617629475567647e-06,2.812151849964481e-07,7.227806217198982e-06,1.4926010919410497e-06,0.021630915555072863,True,True,True,True,-0.07935015674190139,-0.025322943919698516,0.02336776928020955,0.02201592954787896,0.0016190590274186348,0.1275,7,14,0,0,5,False,5,0.13832594262969589,True,False,True,1.0882235429148651e-06,2.2140784024229634e-07,5.775945735118113e-06,1.1751626574295236e-06,0.021637237779818956,True,True,True,True,-0.07934800521318852,-0.025320067852071467,0.023351478552120494,0.02200684709781456,0.001608495001919682,0.135,7,14,0,0,5,False,5,0.11447566540556446,True,False,True,1.3617626602570668e-06,2.812150832547669e-07,7.2278046923032235e-06,1.4926005519284454e-06,0.021630915487848387,True,True,True,True,-0.07934373307036569,-0.025316227643469778,0.023320905631668037,0.021992425343999453,0.0015984111677219436,0.147,7,14,0,0,5,False,5,0.0522756882742889,False,False,True,1.7489289915600947e-06,4.0566961689863164e-07,9.282760895585805e-06,2.153165779998163e-06,0.021617461689748138,True,True,True,True
16,0.15,summer,10,1.0,0.15,boundary,0.135,55,110,0.18840612303417942,-0.07934817594562775,-0.02534286302487259,0.023350601388409525,0.022031416870787485,0.0017817731492429645,-0.0793467207206608,-0.025345731234357096,0.023340456156991936,0.022022892531926203,0.0018000732511709657,0.15,11,22,0,0,5,False,1,0.0,True,False,True,3.808719400786448e-07,1.4862851643578775e-07,2.0215475693937476e-06,7.888730686784767e-07,0.021566300235059274,True,True,True,True,-0.07935015314008186,-0.02532292790565654,0.023367751390222895,0.022015902564232675,0.0016189339554649148,0.1275,7,14,0,0,5,False,5,0.13832594262969589,True,False,True,1.089160753229429e-06,2.2154742332333677e-07,5.780920151049658e-06,1.175903520307273e-06,0.02163726043114257,True,True,True,True,-0.07934800522033747,-0.025320067831650937,0.023351478603093903,0.022006847106662075,0.001608494838448357,0.135,7,14,0,0,5,False,5,0.11447566540556446,True,False,True,1.3620955826186207e-06,2.8124448517154944e-07,7.229571739404234e-06,1.4927566081306598e-06,0.021630915566959785,True,True,True,True,-0.07935015674836765,-0.025322943926203507,0.023367769328508887,0.02201592954763371,0.0016190590734210843,0.1275,7,14,0,0,5,False,5,0.13832594262969589,True,False,True,1.0885558011384036e-06,2.21437518319412e-07,5.777709257044289e-06,1.1753201793725156e-06,0.021637237770633495,True,True,True,True,-0.07934800520977313,-0.025320067848477658,0.0233514785269272,0.022006847105348674,0.0016084949677578546,0.135,7,14,0,0,5,False,5,0.11447566540556446,True,False,True,1.3620948127917101e-06,2.812443180312603e-07,7.229567653406931e-06,1.4927557210029677e-06,0.021630915502619006,True,True,True,True,-0.07934711094589904,0.0,0.02334382666798325,0.0,0.0,0.15,3,6,0,0,2,True,1,0.0,True,True,False,0.0031556600951118735,0.0014073363067672884,0.016749243837151696,0.007469695167560868,0.0,True,True,True,True
16,0.15,summer,18,0.0,0.0,normal,0.0,81,162,0.21687755643323262,-0.08573142879861867,-0.02742307342182993,0.02402007764630377,0.02241040825502917,0.0020216733777284014,-0.08574523668641865,-0.027427920774658575,0.024022526453186095,0.02241048439578261,0.002022193935937954,0.0,7,14,0,0,5,False,5,0.2627141983220549,False,False,True,1.5911332334819783e-06,7.940917966834394e-07,7.336550907570838e-06,3.661475210911953e-06,0.021923452070076472,True,True,True,True,-0.08574523668675174,-0.027427920774793117,0.02402252645287771,0.022410484403308697,0.0020221939380930393,0.0,7,14,0,0,5,False,5,0.2627141983220549,False,False,True,1.591133300865577e-06,7.940918078109457e-07,7.336551218269648e-06,3.6614752622197346e-06,0.02192345207528454,True,True,True,True,-0.0857452366864337,-0.027427920774530785,0.024022526450514163,0.022410484396717664,0.0020221939396473303,0.0,7,14,0,0,5,False,5,0.2627141983220549,False,False,True,1.5911332360406955e-06,7.940917897490107e-07,7.336550919368818e-06,3.661475178938019e-06,0.021923452068881973,True,True,True,True,-0.08574523668661789,-0.02742792077458712,0.02402252645093296,0.022410484399836773,0.002022193946277866,0.0,7,14,0,0,5,False,5,0.2627141983220549,False,False,True,1.5911332821322982e-06,7.940917948838497e-07,7.336551131892435e-06,3.661475202614231e-06,0.021923452068900184,True,True,True,True,-0.08574523668647972,-0.027427920774637037,0.0240225264503791,0.022410484396478348,0.002022193947071642,0.0,7,14,0,0,5,False,5,0.2627141983220549,False,False,True,1.591133264249034e-06,7.940917961578538e-07,7.336551049434552e-06,3.6614752084885325e-06,0.021923452065759585,True,True,True,True,-0.08574523668620668,-0.027427920774781435,0.024022526447478345,0.022410484399174334,0.0020221939438593724,0.0,7,14,0,0,5,False,5,0.2627141983220549,False,False,True,1.5911332658857455e-06,7.940918014882312e-07,7.336551056981259e-06,3.6614752330663518e-06,0.021923452068657465,True,True,True,True
16,0.15,summer,18,0.5,0.075,normal,0.075,81,162,0.21687755628112784,-0.08570904226987579,-0.027421403288171418,0.023777170064889608,0.022342182166732342,0.0019758144198398385,-0.08571224029259572,-0.027416641193797553,0.02381783619630538,0.022333726953588734,0.001875165587173212,0.075,7,14,0,0,5,False,5,0.22727458486426985,False,False,True,1.5024528274192386e-06,4.770854093569407e-07,6.927654724547348e-06,2.1997915207902752e-06,0.021880078202070274,True,True,True,True,-0.08571226299563957,-0.02741664305188804,0.023817998863040743,0.022333773634320164,0.001875186781057608,0.075,7,14,0,0,5,False,5,0.22727458486426985,False,False,True,1.5019363365396596e-06,4.770841616441762e-07,6.925273238475504e-06,2.199785767715656e-06,0.021880138575316222,True,True,True,True,-0.08571226299568466,-0.027416643052644726,0.02381799885918183,0.022333773633674357,0.0018751867961209572,0.075,7,14,0,0,5,False,5,0.22727458486426985,False,False,True,1.5019363294227397e-06,4.770841415463243e-07,6.925273205660122e-06,2.199785675046538e-06,0.0218801385681553,True,True,True,True,-0.0857122629970404,-0.027416643053688704,0.023817998866865316,0.02233377363882402,0.0018751868071096882,0.075,7,14,0,0,5,False,5,0.22727458486426985,False,False,True,1.5019361690570953e-06,4.770841382888932e-07,6.9252724662307075e-06,2.1997856600268596e-06,0.02188013856947743,True,True,True,True,-0.08571226299598242,-0.027416643053169255,0.023817998867218745,0.02233377363341012,0.0018751867967456183,0.075,7,14,0,0,5,False,5,0.22727458486426985,False,False,True,1.5019362620814249e-06,4.770841582505623e-07,6.9252728951562785e-06,2.199785752068053e-06,0.021880138569220782,True,True,True,True,-0.08571226299570515,-0.027416643054407976,0.02381799886417935,0.022333773634351357,0.0018751868094683103,0.075,7,14,0,0,5,False,5,0.22727458486426985,False,False,True,1.5019361254875636e-06,4.770841571916337e-07,6.925272265336099e-06,2.1997857471854424e-06,0.021880138564418974,True,True,True,True
16,0.15,summer,18,0.9,0.135,boundary,0.135,55,110,0.21687755594401562,-0.08570357090407452,-0.027418695391441945,0.023746943531862658,0.02229527217071257,0.0019483697309820647,-0.08570336950875236,-0.02739534401836689,0.023747666223202485,0.02226995977009658,0.0017708659934813375,0.135,7,14,0,0,5,False,5,0.11447566540556446,False,False,True,1.3953550007834992e-06,2.88019983135348e-07,6.4338377233635625e-06,1.3280303804682166e-06,0.021855601965612776,True,True,True,True,-0.08570337324932625,-0.027395378619732097,0.023747683826379068,0.022270002841300568,0.001771121880097978,0.135,7,14,0,0,5,False,5,0.11447566540556446,False,False,True,1.39389242945296e-06,2.876847665435128e-07,6.427093958089315e-06,1.3264847314019679e-06,0.021855542223133646,True,True,True,True,-0.08570337324677317,-0.02739537862926084,0.023747683802818383,0.022270002865597275,0.0017711219487270024,0.135,7,14,0,0,5,False,5,0.11447566540556446,False,False,True,1.3938917653583127e-06,2.8768463725294e-07,6.427090896017518e-06,1.3264841352564965e-06,0.021855542212482763,True,True,True,True,-0.08570337324770838,-0.027395378673002426,0.02374768380795429,0.02227000285378614,0.0017711222764552972,0.135,7,14,0,0,5,False,5,0.11447566540556446,False,False,True,1.3938906174649004e-06,2.876843028932099e-07,6.427085603199609e-06,1.326482593558331e-06,0.021855542077893843,True,True,True,True,-0.08570337324777058,-0.02739537863439128,0.023747683807887086,0.022270002883880247,0.0017711219890253107,0.135,7,14,0,0,5,False,5,0.11447566540556446,False,False,True,1.3938914399163824e-06,2.8768458035182475e-07,6.427089395438406e-06,1.326483872891334e-06,0.02185554221291983,True,True,True,True,-0.08570337324554167,-0.02739537864972296,0.023747683793902085,0.02227000284576387,0.0017711221033233843,0.135,7,14,0,0,5,False,5,0.11447566540556446,False,False,True,1.393891373468667e-06,2.8768450045558907e-07,6.427089089054857e-06,1.326483504498047e-06,0.02185554213525766,True,True,True,True
16,0.15,summer,18,0.98,0.147,boundary,0.135,55,110,0.21687755594411728,-0.08570357111195492,-0.027418698157816328,0.023746944461452993,0.022295278078055154,0.0019483918963538736,-0.08569898467119874,-0.027391100807598903,0.023716293313017466,0.022254988429302392,0.001758401844026767,0.147,7,14,0,0,5,False,5,0.0522756882742889,False,False,True,1.806163269339918e-06,4.1953987188971157e-07,8.328032199907819e-06,1.9344549972603627e-06,0.02184246667093427,True,True,True,True,-0.08570558222718422,-0.027398322152709122,0.023764405570865094,0.022279331442372877,0.001781949758217034,0.1275,7,14,0,0,5,False,5,0.13832594262969589,True,False,True,1.1143011325910612e-06,2.2649748002639798e-07,5.137927379069979e-06,1.044356475894442e-06,0.021862041999342288,True,True,True,True,-0.0857033742529493,-0.027395387917794462,0.02374768853616938,0.022270014452252965,0.0017711906436482067,0.135,7,14,0,0,5,False,5,0.11447566540556446,True,False,True,1.3938992130084482e-06,2.8762993674559384e-07,6.427125236359697e-06,1.3262319168688312e-06,0.021855526193783625,True,True,True,True,-0.08570558494768776,-0.027398334220147688,0.02376441908720939,0.022279351806679223,0.0017820440049234015,0.1275,7,14,0,0,5,False,5,0.13832594262969589,True,False,True,1.113845175783161e-06,2.264146260355621e-07,5.13582500934382e-06,1.0439744447041916e-06,0.021862024931280387,True,True,True,True,-0.08570337425566606,-0.027395387928364455,0.02374768855653965,0.022270014455229418,0.001771190721036079,0.135,7,14,0,0,5,False,5,0.11447566540556446,True,False,True,1.3938989007894476e-06,2.876298482086917e-07,6.427123796750147e-06,1.326231508634324e-06,0.021855526170173997,True,True,True,True,-0.08569898808170195,-0.027391521727522992,0.023716308083009792,0.022255193018460302,0.0017612650948385794,0.147,7,14,0,0,5,False,5,0.0522756882742889,False,False,True,1.7875385661574386e-06,4.1408208499844623e-07,8.242155618066964e-06,1.909289705870452e-06,0.021841535539673943,True,True,True,True
16,0.15,summer,18,1.0,0.15,boundary,0.135,55,110,0.2168775559237381,-0.08570357130180942,-0.027418700715457302,0.023746945302329958,0.02229528353353169,0.001948412385625145,-0.08570207396985327,-0.027421619843561056,0.023736506139413145,0.02228651710053703,0.0019670228048151994,0.15,11,22,0,0,5,False,1,0.0,True,False,True,3.8913039631088137e-07,1.5187773689135816e-07,1.7942400478162594e-06,7.002925509948285e-07,0.021789663948667007,True,True,True,True,-0.08570558093211796,-0.027398316384979835,0.02376439914166758,0.022279321737422073,0.001781904711796826,0.1275,7,14,0,0,5,False,5,0.13832594262969589,True,False,True,1.1148890170448525e-06,2.265702072091124e-07,5.140638054022e-06,1.044691813517036e-06,0.02186205018582611,True,True,True,True,-0.0857033742611273,-0.02739538793891779,0.023747688598446285,0.022270014446580087,0.0017711907953591609,0.135,7,14,0,0,5,False,5,0.11447566540556446,True,False,True,1.3942688858754188e-06,2.8766239755143463e-07,6.428829760354241e-06,1.3263815904149481e-06,0.021855526142074245,True,True,True,True,-0.08570558494522135,-0.027398334223061947,0.023764419067076308,0.02227935180186946,0.0017820440347310132,0.1275,7,14,0,0,5,False,5,0.13832594262969589,True,False,True,1.114215303830296e-06,2.264477350999469e-07,5.137531632005728e-06,1.0441271072769466e-06,0.02186202491226457,True,True,True,True,-0.08570337425257177,-0.02739538794394695,0.023747688535286197,0.02227001444275574,0.001771190838903994,0.135,7,14,0,0,5,False,5,0.11447566540556446,True,False,True,1.3942686125038156e-06,2.876623516876563e-07,6.428828499866027e-06,1.3263813789418057e-06,0.021855526110869473,True,True,True,True,-0.08570247364711361,0.0,0.02373995921300845,0.0,0.0,0.15,3,6,0,0,2,True,1,0.0,True,True,False,0.0033938697193881037,0.0015219669657283638,0.015648782581179167,0.007017632411274229,0.0,True,True,True,True
16,0.15,winter,10,0.0,0.0,normal,0.0,81,162,0.2187190987780031,-0.08613056902590623,-0.02755365332018442,0.024045621180119624,0.022427229780800167,0.0020324763163343793,-0.08614440238487031,-0.027558507944020306,0.024048051539091536,0.022427304823643034,0.002032982978963597,0.0,7,14,0,0,5,False,5,0.2627141983220549,False,False,True,1.593664196221714e-06,7.953127103273514e-07,7.2863513297449225e-06,3.63622891083043e-06,0.021937693594113187,True,True,True,True,-0.08614440238476165,-0.027558507943660274,0.024048051538751055,0.02242730482424687,0.002032982973525357,0.0,7,14,0,0,5,False,5,0.2627141983220549,False,False,True,1.5936641538979307e-06,7.953126891527202e-07,7.286351136237435e-06,3.6362288140184396e-06,0.021937693596665347,True,True,True,True,-0.08614440238499936,-0.02755850794360054,0.024048051541258286,0.022427304822666663,0.002032982985648399,0.0,7,14,0,0,5,False,5,0.2627141983220549,False,False,True,1.593664186680735e-06,7.953126882451418e-07,7.286351286122856e-06,3.636228809868924e-06,0.021937693591115203,True,True,True,True,-0.08614440238491726,-0.027558507943760923,0.024048051540051865,0.022427304821040182,0.0020329829848545547,0.0,7,14,0,0,5,False,5,0.2627141983220549,False,False,True,1.5936641828123016e-06,7.953126962932107e-07,7.286351268436091e-06,3.6362288466652934e-06,0.02193769358987819,True,True,True,True,-0.0861444023849612,-0.027558507943645276,0.024048051540345436,0.022427304822085638,0.002032982984747868,0.0,7,14,0,0,5,False,5,0.2627141983220549,False,False,True,1.5936641816977418e-06,7.953126903269469e-07,7.286351263340241e-06,3.6362288193870916e-06,0.02193769359082377,True,True,True,True,-0.0861444023850529,-0.027558507943785903,0.02404805154036825,0.022427304821792046,0.00203298298180396,0.0,7,14,0,0,5,False,5,0.2627141983220549,False,False,True,1.5936641858159753e-06,7.953126990807751e-07,7.2863512821691105e-06,3.6362288594102458e-06,0.021937693591740717,True,True,True,True
16,0.15,winter,10,0.5,0.075,normal,0.075,81,162,0.2187190986265173,-0.08610814177863602,-0.027551978027055387,0.02380225576132801,0.022358882011965765,0.0019864666637368065,-0.08611134320759165,-0.02754720989477733,0.023842970084947335,0.02235040986152701,0.0018856836952399736,0.075,7,14,0,0,5,False,5,0.22727458486426985,False,False,True,1.5047449905872777e-06,4.777560084009843e-07,6.879806107635649e-06,2.184336033758058e-06,0.021894240492070664,True,True,True,True,-0.08611136606323896,-0.027547211763789787,0.023843133844470867,0.022350456857485556,0.0018857050116607688,0.075,7,14,0,0,5,False,5,0.22727458486426985,False,False,True,1.504225117390269e-06,4.777547503403821e-07,6.877429208680444e-06,2.1843302818113365e-06,0.021894301278385948,True,True,True,True,-0.08611136606271091,-0.02754721176500673,0.023843133840218543,0.022350456856404702,0.0018857050332732027,0.075,7,14,0,0,5,False,5,0.22727458486426985,False,False,True,1.5042250673326547e-06,4.777547243279121e-07,6.8774289798133056e-06,2.1843301628803873e-06,0.02189430126823062,True,True,True,True,-0.08611136606497509,-0.027547211765423546,0.023843133860496746,0.02235045686194129,0.0018857050351253663,0.075,7,14,0,0,5,False,5,0.22727458486426985,False,False,True,1.504224956485993e-06,4.777547312993789e-07,6.877428473014117e-06,2.1843301947544527e-06,0.021894301275837132,True,True,True,True,-0.08611136606346223,-0.02754721176520002,0.023843133845226454,0.022350456859837026,0.0018857050299675156,0.075,7,14,0,0,5,False,5,0.22727458486426985,False,False,True,1.5042249699862616e-06,4.777547375142197e-07,6.87742853473835e-06,2.1843302231691673e-06,0.021894301273257744,True,True,True,True,-0.08611136606351039,-0.027547211764150693,0.023843133851367146,0.022350456855568208,0.0018857050153012426,0.075,7,14,0,0,5,False,5,0.22727458486426985,False,False,True,1.504225125726049e-06,4.777547552293637e-07,6.877429246792251e-06,2.1843303041641243e-06,0.021894301276713077,True,True,True,True
16,0.15,winter,10,0.9,0.135,boundary,0.135,55,110,0.21871909828730762,-0.08610266050916267,-0.027549262135526848,0.023771973401313196,0.02231188949091055,0.0019589409846393767,-0.08610245739416339,-0.027525877752111634,0.023772687302156228,0.022286532417883302,0.0017811858101356999,0.135,7,14,0,0,5,False,5,0.11447566540556446,False,False,True,1.3973994301705664e-06,2.8842856133411465e-07,6.38901422469726e-06,1.318716854598757e-06,0.021869730638906956,True,True,True,True,-0.08610246116468472,-0.02752591260543992,0.023772705052538406,0.022286575817520065,0.0017814435592491409,0.135,7,14,0,0,5,False,5,0.11447566540556446,False,False,True,1.395926090322873e-06,2.880908819341212e-07,6.3822780052302325e-06,1.3171729592433093e-06,0.021869670472275192,True,True,True,True,-0.08610246116072696,-0.027525912567246246,0.023772705026722015,0.022286575801043065,0.0017814432762221202,0.135,7,14,0,0,5,False,5,0.11447566540556446,False,False,True,1.3959273720848958e-06,2.880912132696319e-07,6.382283865541623e-06,1.3171744741339307e-06,0.021869670562785742,True,True,True,True,-0.08610246116013846,-0.02752591259047706,0.02377270501962748,0.02228657581026272,0.001781443446535972,0.135,7,14,0,0,5,False,5,0.11447566540556446,False,False,True,1.3959265071413623e-06,2.880909959885338e-07,6.3822799109553965e-06,1.3171734807085746e-06,0.021869670503683054,True,True,True,True,-0.0861024611643269,-0.027525912576964975,0.023772705049907274,0.022286575821924136,0.0017814433535208716,0.135,7,14,0,0,5,False,5,0.11447566540556446,False,False,True,1.395926982614322e-06,2.880911358507835e-07,6.382282084853165e-06,1.3171741201691923e-06,0.02186967055440267,True,True,True,True,-0.0861024611639705,-0.027525912604420055,0.023772705048825258,0.022286575799794345,0.0017814435595856746,0.135,7,14,0,0,5,False,5,0.11447566540556446,False,False,True,1.3959264063018867e-06,2.8809094289788754e-07,6.382279449909807e-06,1.3171732379741875e-06,0.021869670456938398,True,True,True,True
16,0.15,winter,10,0.98,0.147,boundary,0.135,55,110,0.21871909828723873,-0.08610266071846269,-0.02754926492022048,0.023771974336010488,0.022311895440795256,0.001958963294173464,-0.08609806531348099,-0.027521630787464127,0.023741263092929957,0.022271534908785424,0.0017687174899990645,0.147,7,14,0,0,5,False,5,0.0522756882742889,False,False,True,1.8087134804212895e-06,4.201032181755782e-07,8.269572682884547e-06,1.9207431882508328e-06,0.02185656613314415,True,True,True,True,-0.08610467388329136,-0.027528860516429037,0.02378945463230786,0.022295920520487525,0.0017922892243256102,0.1275,7,14,0,0,5,False,5,0.13832594262969589,True,False,True,1.1159270667821658e-06,2.2681506780068657e-07,5.102101624964842e-06,1.0370153753231718e-06,0.021876181596258214,True,True,True,True,-0.08610246217733765,-0.02752592197304467,0.0237727098166743,0.022286587489057843,0.0017815128429998393,0.135,7,14,0,0,5,False,5,0.11447566540556446,True,False,True,1.3959330535644882e-06,2.8803568500878727e-07,6.382309841691289e-06,1.3169205947919402e-06,0.02186965430132664,True,True,True,True,-0.08610467662406246,-0.02752887268087007,0.02378946825576403,0.022295941001989728,0.0017923842386633956,0.1275,7,14,0,0,5,False,5,0.13832594262969589,True,False,True,1.1154680191766825e-06,2.267316198743215e-07,5.10000282513859e-06,1.0366338451915165e-06,0.021876164347020357,True,True,True,True,-0.0861024621741877,-0.02752592194581261,0.023772709796530338,0.02228658749155167,0.0017815126399853816,0.135,7,14,0,0,5,False,5,0.11447566540556446,True,False,True,1.3959337534100516e-06,2.8803589167819535e-07,6.382313041437305e-06,1.3169215396998596e-06,0.02186965437769927,True,True,True,True,-0.08609806875854009,-0.02752205427223607,0.02374127804819306,0.022271740613760856,0.0017715981665487812,0.147,7,14,0,0,5,False,5,0.0522756882742889,False,False,True,1.7899771895223127e-06,4.1461246546506553e-07,8.183908966063755e-06,1.8956390580970875e-06,0.021855629196588868,True,True,True,True
16,0.15,winter,10,1.0,0.15,boundary,0.135,55,110,0.21871909826675665,-0.08610266091214636,-0.027549267493575655,0.023771975203260555,0.022311900938351965,0.001958983911104483,-0.08610116090894598,-0.027552189837366535,0.023761517391300026,0.02230311914992379,0.0019776139149022274,0.15,11,22,0,0,5,False,1,0.0,True,False,True,3.896530893247527e-07,1.5208341636927767e-07,1.7815229324396702e-06,6.953367016162072e-07,0.021803713144171333,True,True,True,True,-0.08610467258033055,-0.027528854709761137,0.023789448162480815,0.02229591074254144,0.0017922438753520482,0.1275,7,14,0,0,5,False,5,0.13832594262969589,True,False,True,1.1165190308137785e-06,2.2688829744148324e-07,5.104808129064418e-06,1.0373501867896473e-06,0.02187618983259416,True,True,True,True,-0.08610246217707207,-0.02752592194946009,0.023772709819284844,0.022286587463926283,0.0017815126588178638,0.135,7,14,0,0,5,False,5,0.11447566540556446,True,False,True,1.3963065249112186e-06,2.8806871192986927e-07,6.3840173810896e-06,1.3170715964571676e-06,0.02186965435189712,True,True,True,True,-0.08610467662547444,-0.0275288726831666,0.023789468265874518,0.022295941004816435,0.0017923842511199314,0.1275,7,14,0,0,5,False,5,0.13832594262969589,True,False,True,1.1158404547625261e-06,2.2676492352154015e-07,5.1017056288409355e-06,1.036786112042994e-06,0.02187616434637274,True,True,True,True,-0.08610246217452137,-0.027525921961211043,0.023772709799834948,0.022286587455430888,0.0017815127499375618,0.135,7,14,0,0,5,False,5,0.11447566540556446,True,False,True,1.396306244716948e-06,2.8806863164622613e-07,6.384016100020535e-06,1.3170712293943743e-06,0.021869654306447776,True,True,True,True,-0.08610156117832071,0.0,0.02376497564655292,0.0,0.0,0.15,3,6,0,0,2,True,1,0.0,True,True,False,0.003408851982069541,0.0015291775348828618,0.01558552503683057,0.0069915135303723185,0.0,True,True,True,True
16,0.15,winter,18,0.0,0.0,normal,0.0,81,162,0.20894434318652508,-0.08399616659953406,-0.026855669308019862,0.023909336491745918,0.022337351095070554,0.0019749319095842053,-0.08400985978728673,-0.026860484052194652,0.02391175790915392,0.022337425984339212,0.001975441121653104,0.0,7,14,0,0,5,False,5,0.2627141983220549,False,False,True,1.580165702743351e-06,7.887975345197428e-07,7.562615377113769e-06,3.775156209017736e-06,0.021861570902324812,True,True,True,True,-0.08400985978721441,-0.026860484052341385,0.023911757909665227,0.022337425983255506,0.0019754411247395395,0.0,7,14,0,0,5,False,5,0.2627141983220549,False,False,True,1.5801657140962488e-06,7.88797541941238e-07,7.5626154314483235e-06,3.775156244536741e-06,0.02186157090033473,True,True,True,True,-0.08400985978732761,-0.02686048405207788,0.023911757909593028,0.022337425984880744,0.0019754411234529238,0.0,7,14,0,0,5,False,5,0.2627141983220549,False,False,True,1.5801657041718958e-06,7.887975284509083e-07,7.562615383950732e-06,3.775156179972515e-06,0.021861570902143294,True,True,True,True,-0.08400985978700048,-0.026860484052067618,0.023911757908683922,0.02233742598428925,0.001975441124039473,0.0,7,14,0,0,5,False,5,0.2627141983220549,False,False,True,1.5801656883581566e-06,7.887975245335161e-07,7.562615308266753e-06,3.7751561612240194e-06,0.02186157090126262,True,True,True,True,-0.08400985978664204,-0.026860484052098385,0.023911757909990877,0.02233742598528351,0.0019754411213842244,0.0,7,14,0,0,5,False,5,0.2627141983220549,False,False,True,1.5801656770017894e-06,7.887975226264462e-07,7.562615253915594e-06,3.7751561520968523e-06,0.021861570903354027,True,True,True,True,-0.08400985978728967,-0.026860484052249573,0.023911757910545988,0.022337425986378938,0.001975441121300346,0.0,7,14,0,0,5,False,5,0.2627141983220549,False,False,True,1.5801657185952542e-06,7.887975376742316e-07,7.562615452980398e-06,3.775156224115004e-06,0.02186157090438047,True,True,True,True
16,0.15,winter,18,0.5,0.075,normal,0.075,81,162,0.20894434304042395,-0.08397395207282107,-0.02685402039107113,0.02366830492319887,0.022269646189724282,0.0019296531445112466,-0.08397713529065058,-0.026849284497968876,0.023708761782963852,0.022261264302873496,0.001829586160287365,0.075,7,14,0,0,5,False,5,0.22727458486426985,False,False,True,1.4925175092122059e-06,4.741777522055254e-07,7.143134327036804e-06,2.269397416104189e-06,0.021818540317907177,True,True,True,True,-0.08397715734862057,-0.026849286303184786,0.023708919829277007,0.022261309659913287,0.0018296067530090385,0.075,7,14,0,0,5,False,5,0.22727458486426985,False,False,True,1.4920156523284649e-06,4.741765691972343e-07,7.1407324583073695e-06,2.2693917542696836e-06,0.02181859898461786,True,True,True,True,-0.08397715734714246,-0.026849286303342473,0.023708919812246976,0.02226130965248677,0.0018296067616611082,0.075,7,14,0,0,5,False,5,0.22727458486426985,False,False,True,1.4920158017215496e-06,4.741765545321158e-07,7.1407331732972205e-06,2.269391684082962e-06,0.021818598971976445,True,True,True,True,-0.08397715734827513,-0.026849286302554235,0.023708919822835742,0.02226130965744198,0.001829606745560769,0.075,7,14,0,0,5,False,5,0.22727458486426985,False,False,True,1.4920157515750307e-06,4.741765738192418e-07,7.140732933297812e-06,2.269391776390443e-06,0.021818598984313757,True,True,True,True,-0.08397715734757107,-0.026849286301621485,0.02370891981328309,0.02226130966031859,0.0018296067373195562,0.075,7,14,0,0,5,False,5,0.22727458486426985,False,False,True,1.4920157685122202e-06,4.7417656153695906e-07,7.140733014358583e-06,2.269391717607886e-06,0.021818598988063275,True,True,True,True,-0.08397715734774569,-0.026849286301751648,0.023708919822100424,0.02226130965801424,0.0018296067396142996,0.075,7,14,0,0,5,False,5,0.22727458486426985,False,False,True,1.4920158048622664e-06,4.741765635535243e-07,7.140733188328577e-06,2.269391727259094e-06,0.021818598986969563,True,True,True,True
16,0.15,winter,18,0.9,0.135,boundary,0.135,55,110,0.2089443427129768,-0.08396852359443345,-0.026851347076475823,0.023638320092774178,0.022223093711157365,0.0019025587877328747,-0.08396832961149817,-0.026828138925451536,0.023639080578625644,0.02219797485091018,0.00172614589163465,0.135,7,14,0,0,5,False,5,0.11447566540556446,False,False,True,1.3864878142273024e-06,2.862474573934348e-07,6.635680086978457e-06,1.3699698861272733e-06,0.021794209548315298,True,True,True,True,-0.08396833324501486,-0.026828172581276784,0.02363909767274468,0.022198016698133663,0.0017263947888352439,0.135,7,14,0,0,5,False,5,0.11447566540556446,False,False,True,1.3850656497352287e-06,2.859214867347756e-07,6.628873659613121e-06,1.3684098024493585e-06,0.021794151415454054,True,True,True,True,-0.08396833323791712,-0.02682817255969986,0.023639097622101674,0.022198016711802923,0.0017263946349755652,0.135,7,14,0,0,5,False,5,0.11447566540556446,False,False,True,1.3850660110703225e-06,2.859216416357182e-07,6.628875388949695e-06,1.3684105437996174e-06,0.02179415147663186,True,True,True,True,-0.08396833324415007,-0.026828172579654128,0.02363909766459926,0.02219801670737432,0.001726394773198358,0.135,7,14,0,0,5,False,5,0.11447566540556446,False,False,True,1.3850655339571818e-06,2.8592147204690006e-07,6.628873105503614e-06,1.368409732153722e-06,0.02179415142757449,True,True,True,True,-0.08396833324837981,-0.026828172553539902,0.023639097698303274,0.022198016711273603,0.0017263945778896843,0.135,7,14,0,0,5,False,5,0.11447566540556446,False,False,True,1.385066381386947e-06,2.8592169380457464e-07,6.628877161271548e-06,1.3684107934778606e-06,0.02179415151179488,True,True,True,True,-0.08396833324383113,-0.02682817256680722,0.023639097662385585,0.022198016724753484,0.0017263946759896599,0.135,7,14,0,0,5,False,5,0.11447566540556446,False,False,True,1.3850656821242507e-06,2.8592154504213444e-07,6.628873814625799e-06,1.3684100815062501e-06,0.02179415147874814,True,True,True,True
16,0.15,winter,18,0.98,0.147,boundary,0.135,55,110,0.20894434271286186,-0.08396852379552919,-0.026851349765300028,0.023638320987019946,0.022223099455948525,0.0019025803322572441,-0.083963976101047,-0.026823913408539193,0.023607929554839764,0.022183117814058215,0.0017137094700153557,0.147,7,14,0,0,5,False,5,0.0522756882742889,False,False,True,1.7950360134402418e-06,4.1707762703572514e-07,8.59097686079512e-06,1.9961183041403844e-06,0.02178119780703596,True,True,True,True,-0.08397052600513305,-0.026831096844753825,0.02365569877261373,0.02220727545901125,0.0017371434286483473,0.1275,7,14,0,0,5,False,5,0.13832594262969589,True,False,True,1.107252201784821e-06,2.251205340342531e-07,5.299268634932333e-06,1.077418661406981e-06,0.02180060279512764,True,True,True,True,-0.08396833422372532,-0.02682818160740246,0.023639102281811947,0.022198027972436928,0.001726461543886528,0.135,7,14,0,0,5,False,5,0.11447566540556446,True,False,True,1.3850728510286098e-06,2.8586832445332374e-07,6.62890812474412e-06,1.3681553697109345e-06,0.021794135868827173,True,True,True,True,-0.08397052864427687,-0.026831108572032306,0.023655711871747902,0.022207295238979317,0.0017372350268479422,0.1275,7,14,0,0,5,False,5,0.13832594262969589,True,False,True,1.1068092105447763e-06,2.2504004026429384e-07,5.2971484950219e-06,1.0770334211611137e-06,0.021800586197575248,True,True,True,True,-0.0839683342203762,-0.02682818160390946,0.023639102255517574,0.022198027978301803,0.0017264615097463216,0.135,7,14,0,0,5,False,5,0.11447566540556446,True,False,True,1.3850727169761184e-06,2.8586830415314556e-07,6.628907483173788e-06,1.3681552725550226e-06,0.021794135882021105,True,True,True,True,-0.08396397939830404,-0.026824322100802482,0.023607943796390096,0.022183316372481162,0.0017164895409720316,0.147,7,14,0,0,5,False,5,0.0522756882742889,False,False,True,1.7769530227269154e-06,4.1177759583344867e-07,8.50443232707603e-06,1.9707525482004885e-06,0.021780293852483604,True,True,True,True
16,0.15,winter,18,1.0,0.15,boundary,0.135,55,110,0.2089443426931483,-0.08396852398185209,-0.026851352245223663,0.023638321819390986,0.022223104759072927,0.0019026001986606866,-0.08396703823311363,-0.026854257439356283,0.02362796351885499,0.022214404878838755,0.0019211257694777284,0.15,11,22,0,0,5,False,1,0.0,True,False,True,3.868636842697254e-07,1.509858433249785e-07,1.8515154767213108e-06,7.226127368603296e-07,0.021728616354768814,True,True,True,True,-0.08397052474277783,-0.026831091255857645,0.023655692490926285,0.022207266028929556,0.001737099781352775,0.1275,7,14,0,0,5,False,5,0.13832594262969589,True,False,True,1.1078227585246958e-06,2.2519104370796625e-07,5.3019992991704174e-06,1.077756118234211e-06,0.021800610692610283,True,True,True,True,-0.08396833421715595,-0.02682818157639417,0.02363910223524088,0.022198027959757224,0.0017264613105204697,0.135,7,14,0,0,5,False,5,0.11447566540556446,True,False,True,1.3854331666306174e-06,2.8590021939085577e-07,6.63063258269327e-06,1.368308017847238e-06,0.021794135939638852,True,True,True,True,-0.08397052864170497,-0.026831108581313146,0.02365571185066741,0.022207295242279948,0.0017372350964822755,0.1275,7,14,0,0,5,False,5,0.13832594262969589,True,False,True,1.1071682409274572e-06,2.2507209125990362e-07,5.298866801832598e-06,1.077186816158216e-06,0.02180058616974998,True,True,True,True,-0.0839683342201522,-0.02682818158092532,0.0236391022563842,0.022198027984805822,0.0017264613431149933,0.135,7,14,0,0,5,False,5,0.11447566540556446,True,False,True,1.3854327780464873e-06,2.85900150192631e-07,6.630630722943801e-06,1.3683076866670592e-06,0.021794135951474565,True,True,True,True,-0.08396743531819194,0.0,0.023631393942888955,0.0,0.0,0.15,3,6,0,0,2,True,1,0.0,True,True,False,0.0033287666734874103,0.0014906356556213599,0.015931355836592206,0.007134127856289841,0.0,True,True,True,True
16,0.3,summer,10,0.0,0.0,normal,0.0,81,162,0.18840612333578205,-0.07940645600699747,-0.025386682822134476,0.02361297905372845,0.022146178782662587,0.0018554331422262046,-0.07946005488159136,-0.025405606478033707,0.023622760259547765,0.02214640666043347,0.0018573151165310563,0.0,7,14,0,0,5,False,5,0.5424942396007537,False,False,True,1.248093486572524e-05,6.201271273931039e-06,6.624484727325667e-05,3.2914382845609426e-05,0.021698282550470557,True,True,True,True,-0.07946005488126662,-0.02540560647816374,0.023622760260691905,0.022146406661312852,0.0018573151146823652,0.0,7,14,0,0,5,False,5,0.5424942396007537,False,False,True,1.248093486510421e-05,6.201271282011698e-06,6.624484726996043e-05,3.291438288849901e-05,0.021698282552123537,True,True,True,True,-0.07946005488140812,-0.025405606478045507,0.023622760260204975,0.0221464066614672,0.0018573151146313205,0.0,7,14,0,0,5,False,5,0.5424942396007537,False,False,True,1.2480934858503587e-05,6.201271271724259e-06,6.624484723492642e-05,3.291438283389654e-05,0.021698282552176745,True,True,True,True,-0.07946005488140755,-0.025405606478271597,0.023622760260491607,0.022146406660888802,0.0018573151160295894,0.0,7,14,0,0,5,False,5,0.5424942396007537,False,False,True,1.2480934895940654e-05,6.201271296825645e-06,6.624484743363051e-05,3.2914382967126744e-05,0.02169828255121443,True,True,True,True,-0.07946005488138345,-0.02540560647818783,0.02362276026014173,0.022146406661460116,0.0018573151147133528,0.0,7,14,0,0,5,False,5,0.5424942396007537,False,False,True,1.248093487771218e-05,6.201271287086509e-06,6.624484733687955e-05,3.29143829154345e-05,0.021698282552126948,True,True,True,True,-0.07946005488124756,-0.025405606478209188,0.023622760260444717,0.022146406661827718,0.0018573151152044944,0.0,7,14,0,0,5,False,5,0.5424942396007537,False,False,True,1.24809348854317e-05,6.201271286812776e-06,6.62448473778523e-05,3.291438291398161e-05,0.021698282552290105,True,True,True,True
16,0.3,summer,10,0.5,0.15,normal,0.15,81,162,0.18840612200483453,-0.07932012426430989,-0.025380365183767614,0.02314802743090828,0.022014200885246398,0.0017685353743159052,-0.07933263765468569,-0.025361550563486022,0.02322765542353273,0.021997995320041902,0.0015713059999071688,0.15,7,14,0,0,5,False,5,0.46793139540280826,False,False,True,1.1715609027648875e-05,3.707819670730226e-06,6.218274068264221e-05,1.967993200685423e-05,0.021615194864602744,True,True,True,True,-0.07933262644088435,-0.025361549645441586,0.02322761525078029,0.021997983791665437,0.00157130076188998,0.15,7,14,0,0,5,False,5,0.46793139540280826,False,False,True,1.171611922586805e-05,3.707821880032686e-06,6.218544865313565e-05,1.967994373313168e-05,0.021615179903136772,True,True,True,True,-0.0793326264393319,-0.025361549645986314,0.02322761524581801,0.021997983790097205,0.0015713007664614677,0.15,7,14,0,0,5,False,5,0.46793139540280826,False,False,True,1.1716119211030093e-05,3.707821859708961e-06,6.218544857438048e-05,1.9679943625259788e-05,0.021615179899117282,True,True,True,True,-0.07933262644074113,-0.025361549645093785,0.02322761524997918,0.021997983791924674,0.0015713007609021337,0.15,7,14,0,0,5,False,5,0.46793139540280826,False,False,True,1.1716119277266172e-05,3.7078218671633093e-06,6.218544892594061e-05,1.9679943664825107e-05,0.021615179903581548,True,True,True,True,-0.07933262643993368,-0.02536154964568187,0.02322761524613992,0.021997983791075558,0.0015713007651598314,0.15,7,14,0,0,5,False,5,0.46793139540280826,False,False,True,1.1716119231879735e-05,3.7078218531835138e-06,6.218544868504378e-05,1.967994359062478e-05,0.021615179900482225,True,True,True,True,-0.07933262643981309,-0.02536154964560818,0.02322761524749991,0.021997983790864206,0.0015713007626089437,0.15,7,14,0,0,5,False,5,0.46793139540280826,False,False,True,1.1716119198852334e-05,3.7078218801401565e-06,6.21854485097448e-05,1.96799437337021e-05,0.021615179901576794,True,True,True,True
16,0.3,summer,10,0.9,0.27,boundary,0.27,55,110,0.18840612353573727,-0.07929920116734852,-0.025370239058049113,0.023090543928529907,0.02192383508974511,0.0017171873761247071,-0.07929869249828758,-0.025279386979334337,0.023092903051182903,0.021875372264668617,0.0013720112522874436,0.27,7,14,0,0,5,False,5,0.23616699075177305,False,False,True,1.0834065380715095e-05,2.2384030295457877e-06,5.750378585046397e-05,1.1880733956724092e-05,0.021566968631448982,True,True,True,True,-0.07929869249889583,-0.02527938698709536,0.02309290305440183,0.02187537225754115,0.001372011280266762,0.27,7,14,0,0,5,False,5,0.23616699075177305,False,False,True,1.0834065221866467e-05,2.238402928648042e-06,5.7503785007345784e-05,1.1880733421190831e-05,0.021566968615597332,True,True,True,True,-0.07929869249747364,-0.02527938700764166,0.023092903048122563,0.021875372259729655,0.0013720113572321332,0.27,7,14,0,0,5,False,5,0.23616699075177305,False,False,True,1.0834063806994775e-05,2.238402571773593e-06,5.75037774976552e-05,1.1880731527014343e-05,0.021566968587578658,True,True,True,True,-0.07929869249698332,-0.02527938698114743,0.02309290304737174,0.021875372257980006,0.001372011258617641,0.27,7,14,0,0,5,False,5,0.23616699075177305,False,False,True,1.0834065487011144e-05,2.238403018710097e-06,5.750378641464971e-05,1.188073389921168e-05,0.021566968622876784,True,True,True,True,-0.07929869249791283,-0.025279386989393988,0.02309290305048441,0.021875372257723843,0.0013720112898937145,0.27,7,14,0,0,5,False,5,0.23616699075177305,False,False,True,1.0834065073579702e-05,2.2384028991318983e-06,5.7503784220286625e-05,1.1880733264528493e-05,0.021566968611490392,True,True,True,True,-0.07929869249867165,-0.02527938697993753,0.023092903053227042,0.021875372260496417,0.0013720112543407922,0.27,7,14,0,0,5,False,5,0.23616699075177305,False,False,True,1.0834065548498417e-05,2.2384030417766766e-06,5.7503786741004675e-05,1.1880734021641774e-05,0.02156696862755401,True,True,True,True
16,0.3,summer,10,0.98,0.294,boundary,0.27,55,110,0.18840612353574124,-0.07929920093709611,-0.025370235993594517,0.023090543414611732,0.02192383181497084,0.00171717509987574,-0.07928196048859992,-0.025261264070489748,0.023032981096000115,0.02184684144355244,0.0013423144863084614,0.294,7,14,0,0,5,False,5,0.10792572146068755,False,False,True,1.4143319888164016e-05,3.301825390333817e-06,7.50682601114129e-05,1.7525042861504712e-05,0.021544264093810453,True,True,True,True,-0.07930721285832605,-0.025290515064505945,0.023125203912399594,0.02189341535223456,0.0013918332907998173,0.255,7,14,0,0,5,False,5,0.28525438203523307,True,False,True,8.672846656158743e-06,1.764444384167378e-06,4.603272172580674e-05,9.365111659083932e-06,0.021579994970007784,True,True,True,True,-0.0792986773407371,-0.025279246793105736,0.02309286739184805,0.021875284953398334,0.0013714928869804175,0.27,7,14,0,0,5,False,5,0.23616699075177305,True,False,True,1.0845031802694804e-05,2.241045298617794e-06,5.75619921431984e-05,1.1894758283653453e-05,0.021567083842576336,True,True,True,True,-0.07930721286038099,-0.025290515054511114,0.023125203921039443,0.021893415352204022,0.0013918332509997137,0.255,7,14,0,0,5,False,5,0.28525438203523307,True,False,True,8.6728472391941e-06,1.7644445139131456e-06,4.6032724820373645e-05,9.365112347733351e-06,0.02157999498634148,True,True,True,True,-0.07929867734011212,-0.025279246755711922,0.023092867389712404,0.021875284955406117,0.001371492748651751,0.27,7,14,0,0,5,False,5,0.23616699075177305,True,False,True,1.0845034033166688e-05,2.2410459232138454e-06,5.756200398183635e-05,1.1894761598811367e-05,0.021567083895610382,True,True,True,True,-0.07928196048473757,-0.025261264057320397,0.023032981083181633,0.02184684143419418,0.0013423144434201427,0.294,7,14,0,0,5,False,5,0.10792572146068755,False,False,True,1.4143321204526833e-05,3.3018257860882875e-06,7.50682670982496e-05,1.7525044962044032e-05,0.021544264099936983,True,True,True,True
16,0.3,summer,10,1.0,0.3,boundary,0.27,55,110,0.18840612353573674,-0.07929920093695156,-0.025370235994089434,0.023090543413947773,0.02192383181561106,0.0017171751022375986,-0.07929347531200452,-0.025381552578159352,0.02307059306285056,0.021907027991160136,0.0017532772369879268,0.3,11,22,0,0,5,False,1,0.0,True,False,True,3.017557614439989e-06,1.1761127850308692e-06,1.601623958824046e-05,6.242433966366199e-06,0.021436685921053425,True,True,True,True,-0.07930721285890516,-0.02529051506218655,0.02312520391511277,0.0218934153507518,0.0013918332807766939,0.255,7,14,0,0,5,False,5,0.28525438203523307,True,False,True,8.672846859087563e-06,1.7644444299139908e-06,4.60327228028897e-05,9.36511190189268e-06,0.021579994972985492,True,True,True,True,-0.0792986773405644,-0.025279246779537655,0.023092867390812937,0.021875284957525158,0.001371492836558559,0.27,7,14,0,0,5,False,5,0.23616699075177305,True,False,True,1.0845032478497968e-05,2.2410455133777704e-06,5.756199573014881e-05,1.1894759423531637e-05,0.02156708386468897,True,True,True,True,-0.0793072128608013,-0.025290515066779328,0.023125203921735733,0.021893415351251083,0.001391833298413432,0.255,7,14,0,0,5,False,5,0.28525438203523307,True,False,True,8.672846688043828e-06,1.7644443903589258e-06,4.603272189504376e-05,9.36511169194693e-06,0.021579994967913782,True,True,True,True,-0.0792986773384695,-0.025279246769102193,0.023092867383496137,0.02187528495253247,0.001371492798370545,0.27,7,14,0,0,5,False,5,0.23616699075177305,True,False,True,1.084503328909435e-05,2.24104571206154e-06,5.756200003253754e-05,1.1894760478082125e-05,0.021567083873584622,True,True,True,True,-0.07929509629731345,0.0,0.023077587134223112,0.0,0.0,0.3,3,6,0,0,2,True,1,0.0,True,True,False,0.006849893715262094,0.002819514082148512,0.036357065188291564,0.014965087276548677,0.0,True,True,True,True
16,0.3,summer,18,0.0,0.0,normal,0.0,81,162,0.21687755634685096,-0.08576352842782242,-0.027463588681428966,0.02401698395493606,0.022413323543610166,0.0020255892290018357,-0.08581879291058672,-0.02748298665533476,0.024027075806993176,0.02241356055175778,0.002027572532083918,0.0,7,14,0,0,5,False,5,0.5424942396007537,False,False,True,1.2802557163129127e-05,6.355437669331603e-06,5.903126805179451e-05,2.9304266316830818e-05,0.021924702316963078,True,True,True,True,-0.0858187929106227,-0.027482986655188113,0.024027075806509157,0.022413560552175183,0.002027572532705014,0.0,7,14,0,0,5,False,5,0.5424942396007537,False,False,True,1.280255715737505e-05,6.355437653816466e-06,5.903126802526305e-05,2.930426624529213e-05,0.021924702316967422,True,True,True,True,-0.08581879291062887,-0.027482986655265693,0.02402707580644517,0.022413560552521975,0.002027572530893499,0.0,7,14,0,0,5,False,5,0.5424942396007537,False,False,True,1.2802557156329011e-05,6.355437662618895e-06,5.903126802043988e-05,2.930426628587922e-05,0.02192470231794545,True,True,True,True,-0.08581879291049863,-0.02748298665540747,0.02402707580702109,0.022413560552723824,0.002027572528861201,0.0,7,14,0,0,5,False,5,0.5424942396007537,False,False,True,1.280255715251262e-05,6.355437675771301e-06,5.903126800284289e-05,2.93042663465236e-05,0.021924702319012977,True,True,True,True,-0.08581879291056196,-0.02748298665514838,0.024027075807299566,0.022413560551984908,0.0020275725325582263,0.0,7,14,0,0,5,False,5,0.5424942396007537,False,False,True,1.2802557145884241e-05,6.355437648118396e-06,5.9031267972280126e-05,2.9304266219018915e-05,0.021924702317019592,True,True,True,True,-0.08581879291068932,-0.027482986655217083,0.024027075807032814,0.022413560551526643,0.0020275725326417914,0.0,7,14,0,0,5,False,5,0.5424942396007537,False,False,True,1.2802557155158073e-05,6.3554376582687205e-06,5.90312680150408e-05,2.9304266265821013e-05,0.02192470231656476,True,True,True,True
16,0.3,summer,18,0.5,0.15,normal,0.15,81,162,0.21687755479212842,-0.0856747188991971,-0.027456967321269853,0.023538584482326187,0.02227758239365626,0.00193450994764257,-0.08568745575898605,-0.02743776227005713,0.023619768027030766,0.022260857960936766,0.0017330138705892535,0.15,7,14,0,0,5,False,5,0.46793139540280826,False,False,True,1.2003747433536084e-05,3.791567753743703e-06,5.534803933510486e-05,1.7482527213928723e-05,0.021839180208691005,True,True,True,True,-0.08568744338844818,-0.027437761259102664,0.023619723707577898,0.022260845243709557,0.0017330081052899734,0.15,7,14,0,0,5,False,5,0.46793139540280826,False,False,True,1.2004310011793067e-05,3.791570293102876e-06,5.535063332532908e-05,1.7482538922651534e-05,0.021839163708815,True,True,True,True,-0.08568744338822029,-0.027437761257712683,0.023619723707099582,0.022260845243266,0.001733008097296941,0.15,7,14,0,0,5,False,5,0.46793139540280826,False,False,True,1.2004310264437327e-05,3.791570301863784e-06,5.5350634490245666e-05,1.7482538963047175e-05,0.021839163711509763,True,True,True,True,-0.08568744338967654,-0.027437761259083544,0.0236197237122043,0.02226084524449628,0.0017330081052000115,0.15,7,14,0,0,5,False,5,0.46793139540280826,False,False,True,1.2004310015110292e-05,3.7915702962288116e-06,5.535063334062446e-05,1.74825389370649e-05,0.02183916371037234,True,True,True,True,-0.08568744338745708,-0.027437761258855577,0.02361972370375071,0.02226084524277426,0.0017330081053160713,0.15,7,14,0,0,5,False,5,0.46793139540280826,False,False,True,1.200431011024513e-05,3.7915702763452252e-06,5.535063377928137e-05,1.7482538845383738e-05,0.021839163707315704,True,True,True,True,-0.08568744338863366,-0.027437761259220646,0.02361972370981047,0.022260845241899828,0.0017330081074048707,0.15,7,14,0,0,5,False,5,0.46793139540280826,False,False,True,1.2004310177643907e-05,3.791570288377728e-06,5.535063409005017e-05,1.7482538900864366e-05,0.021839163706947152,True,True,True,True
16,0.3,summer,18,0.9,0.27,boundary,0.27,55,110,0.21687755648238477,-0.0856531853207999,-0.027446349515187977,0.023479388498279918,0.02218464850499385,0.001880662351674352,-0.08565258598726025,-0.02735339749686233,0.02348153273946431,0.02213481844549301,0.0015274981773654127,0.27,7,14,0,0,5,False,5,0.23616699075177305,False,False,True,1.109180465373727e-05,2.290044348348106e-06,5.11431649896801e-05,1.055915782845934e-05,0.021789979875604777,True,True,True,True,-0.08565258598143972,-0.027353397518131504,0.023481532718197543,0.022134818442122523,0.001527498258436879,0.27,7,14,0,0,5,False,5,0.23616699075177305,False,False,True,1.1091803257760185e-05,2.2900439942488246e-06,5.1143158552974035e-05,1.0559156195744149e-05,0.021789979838797897,True,True,True,True,-0.08565258598255672,-0.027353397505137943,0.02348153272204751,0.022134818444012532,0.0015274982103114505,0.27,7,14,0,0,5,False,5,0.23616699075177305,False,False,True,1.1091804053750196e-05,2.2900442149495356e-06,5.114316222320171e-05,1.0559157213372319e-05,0.021789979859069258,True,True,True,True,-0.08565258598392674,-0.027353397512587273,0.02348153272643573,0.02213481844808069,0.001527498236911178,0.27,7,14,0,0,5,False,5,0.23616699075177305,False,False,True,1.1091803426819397e-05,2.2900440615492574e-06,5.1143159332488583e-05,1.0559156506059489e-05,0.02178997985321538,True,True,True,True,-0.08565258598404685,-0.027353397505539955,0.023481532728487863,0.022134818441814627,0.0015274982121234132,0.27,7,14,0,0,5,False,5,0.23616699075177305,False,False,True,1.1091804202566918e-05,2.2900442320485973e-06,5.1143162909380235e-05,1.0559157292214325e-05,0.021789979857654556,True,True,True,True,-0.08565258598194661,-0.027353397510139602,0.023481532720129473,0.02213481844106359,0.001527498228347316,0.27,7,14,0,0,5,False,5,0.23616699075177305,False,False,True,1.1091803822506352e-05,2.2900441339486595e-06,5.114316115696024e-05,1.055915683988565e-05,0.02178997984953053,True,True,True,True
16,0.3,summer,18,0.98,0.294,boundary,0.27,55,110,0.21687755648240423,-0.08565318506750756,-0.02744634613476338,0.02347938793287741,0.022184644896668892,0.001880648809754993,-0.08563541230929154,-0.027334804876285288,0.02342004343182468,0.022105486357956276,0.0014968826986113057,0.294,7,14,0,0,5,False,5,0.10792572146068755,False,False,True,1.4482329401726071e-05,3.378864061812023e-06,6.677652421310389e-05,1.5579593004526303e-05,0.0217666828056705,True,True,True,True,-0.08566137471256928,-0.027364977954996622,0.023514838847023746,0.022153235088264504,0.0015485033293127955,0.255,7,14,0,0,5,False,5,0.28525438203523307,True,False,True,8.874650281936666e-06,1.8031888162561483e-06,4.092009531035401e-05,8.314317283459643e-06,0.021803038985497684,True,True,True,True,-0.08565256913977742,-0.027353241705730957,0.023481493098980018,0.02213472142190168,0.0015269221114643594,0.27,7,14,0,0,5,False,5,0.23616699075177305,True,False,True,1.1103998769485673e-05,2.2929827918672316e-06,5.1199390797205735e-05,1.0572706687855303e-05,0.02179010860073407,True,True,True,True,-0.08566137471568967,-0.027364977959537913,0.023514838859812717,0.022153235086076695,0.0015485033463104312,0.255,7,14,0,0,5,False,5,0.28525438203523307,True,False,True,8.874650238147042e-06,1.8031887968828215e-06,4.092009510844458e-05,8.314317194131235e-06,0.021803038979471053,True,True,True,True,-0.08565256913501627,-0.02735324168487228,0.023481493082247142,0.022134721422155716,0.0015269220343297495,0.27,7,14,0,0,5,False,5,0.23616699075177305,True,False,True,1.1103999790384317e-05,2.292983107961673e-06,5.119939550446387e-05,1.0572708145334108e-05,0.021790108627036946,True,True,True,True,-0.08563541230758634,-0.027334805010420692,0.02342004342553533,0.022105486384856078,0.0014968831553714135,0.294,7,14,0,0,5,False,5,0.10792572146068755,False,False,True,1.4482317635820113e-05,3.3788605896841337e-06,6.677646996172745e-05,1.557957699490343e-05,0.02176668265532448,True,True,True,True
16,0.3,summer,18,1.0,0.3,boundary,0.27,55,110,0.21687755648240428,-0.0856531850667578,-0.02744634613538044,0.023479387930540132,0.022184644894697472,0.0018806488125531196,-0.08564729385371157,-0.027457854311250123,0.023458860137638888,0.022167363998738386,0.0019173300847986254,0.3,11,22,0,0,5,False,1,0.0,True,False,True,3.0821991443743396e-06,1.2015243888973683e-06,1.4211701728686733e-05,5.540104787167548e-06,0.02165724476061514,True,True,True,True,-0.08566137471460246,-0.027364977957074824,0.023514838854919954,0.022153235086171622,0.0015485033372640408,0.255,7,14,0,0,5,False,5,0.28525438203523307,True,False,True,8.874650262816544e-06,1.8031888175399277e-06,4.0920095222193094e-05,8.314317289379016e-06,0.0218030389821157,True,True,True,True,-0.08565256913744622,-0.027353241690028975,0.023481493090689986,0.022134721426077763,0.001526922052025018,0.27,7,14,0,0,5,False,5,0.23616699075177305,True,False,True,1.1103999246571059e-05,2.292982989603868e-06,5.119939299699712e-05,1.0572707599598496e-05,0.021790108625088785,True,True,True,True,-0.08566137471197355,-0.027364977961249114,0.023514838844616966,0.022153235087820328,0.0015485033551330737,0.255,7,14,0,0,5,False,5,0.28525438203523307,True,False,True,8.87464989899299e-06,1.8031887460347374e-06,4.092009354464028e-05,8.314316959675972e-06,0.021803038975025026,True,True,True,True,-0.08565256913764378,-0.027353241680585696,0.023481493091698405,0.022134721424826146,0.001526922015580016,0.27,7,14,0,0,5,False,5,0.23616699075177305,True,False,True,1.1103999844479934e-05,2.292983137107052e-06,5.119939575389316e-05,1.0572708279720433e-05,0.021790108637885903,True,True,True,True,-0.08564896548321357,0.0,0.023466068589970336,0.0,0.0,0.3,3,6,0,0,2,True,1,0.0,True,True,False,0.007329558087239077,0.0030455999554711067,0.03379583487622768,0.01404294665095142,0.0,True,True,True,True
16,0.3,winter,10,0.0,0.0,normal,0.0,81,162,0.21871909869272546,-0.08616272459589208,-0.027594223225972103,0.02404249932435049,0.022430149243415038,0.002036385992606818,-0.08621809492161603,-0.02761365123468259,0.024052612142009964,0.022430386608394047,0.002038375134234521,0.0,7,14,0,0,5,False,5,0.5424942396007537,False,False,True,1.2822960920368456e-05,6.365215223969812e-06,5.862753182968811e-05,2.9102237811029888e-05,0.02193894526214364,True,True,True,True,-0.08621809492158515,-0.02761365123466134,0.024052612141394245,0.022430386608446325,0.0020383751335699344,0.0,7,14,0,0,5,False,5,0.5424942396007537,False,False,True,1.2822960905366568e-05,6.365215220954199e-06,5.862753176109836e-05,2.910223779724228e-05,0.021938945262329913,True,True,True,True,-0.0862180949215376,-0.027613651234591387,0.024052612141998855,0.0224303866088366,0.002038375132559622,0.0,7,14,0,0,5,False,5,0.5424942396007537,False,False,True,1.2822960892269405e-05,6.365215212257667e-06,5.862753170121715e-05,2.9102237757481085e-05,0.021938945263155877,True,True,True,True,-0.0862180949214429,-0.027613651234716312,0.024052612141591462,0.022430386608281172,0.0020383751341120993,0.0,7,14,0,0,5,False,5,0.5424942396007537,False,False,True,1.2822960906213113e-05,6.365215224163578e-06,5.862753176496882e-05,2.9102237811915797e-05,0.021938945262021007,True,True,True,True,-0.08621809492128764,-0.027613651234614733,0.024052612141553378,0.022430386608821636,0.002038375134043331,0.0,7,14,0,0,5,False,5,0.5424942396007537,False,False,True,1.2822960890251922e-05,6.365215209791207e-06,5.862753169199307e-05,2.9102237746204248e-05,0.021938945262479234,True,True,True,True,-0.0862180949213715,-0.027613651234676198,0.024052612141878274,0.02243038660800609,0.00203837513428881,0.0,7,14,0,0,5,False,5,0.5424942396007537,False,False,True,1.2822960892769006e-05,6.365215218185061e-06,5.862753170350136e-05,2.9102237784581572e-05,0.02193894526178279,True,True,True,True
16,0.3,winter,10,0.5,0.15,normal,0.15,81,162,0.21871909712873353,-0.08607375765486372,-0.027587582364434392,0.023563246706234192,0.022294168967552423,0.0019450383144919558,-0.08608650862222271,-0.027568352679173288,0.023644528729387174,0.022277411619627527,0.001743272909209123,0.15,7,14,0,0,5,False,5,0.46793139540280826,False,False,True,1.2022009800769558e-05,3.796865525089804e-06,5.496552408358586e-05,1.7359551931832673e-05,0.021853268767563674,True,True,True,True,-0.0860864961787444,-0.027568351661442128,0.023644484149255615,0.02227739882742687,0.001743267105182777,0.15,7,14,0,0,5,False,5,0.46793139540280826,False,False,True,1.2022575825458917e-05,3.796868094166553e-06,5.496811199061725e-05,1.7359563677842888e-05,0.021853252173012715,True,True,True,True,-0.08608649617769626,-0.027568351661541243,0.023644484145678938,0.022277398825857754,0.0017432671050358745,0.15,7,14,0,0,5,False,5,0.46793139540280826,False,False,True,1.2022575867368969e-05,3.7968681051340606e-06,5.4968112182233134e-05,1.735956372798715e-05,0.021853252171117034,True,True,True,True,-0.08608649617762068,-0.027568351661106084,0.0236444841446164,0.02227739882847088,0.0017432671044601273,0.15,7,14,0,0,5,False,5,0.46793139540280826,False,False,True,1.2022575761053839e-05,3.7968680674042227e-06,5.496811169615244e-05,1.735956355548352e-05,0.021853252173252964,True,True,True,True,-0.0860864961772717,-0.027568351661495474,0.02364448414309418,0.022277398825876833,0.0017432671055407879,0.15,7,14,0,0,5,False,5,0.46793139540280826,False,False,True,1.2022575872750949e-05,3.7968680929109173e-06,5.496811220683994e-05,1.7359563672102027e-05,0.02185325217043894,True,True,True,True,-0.08608649617868995,-0.027568351661380115,0.02364448415020698,0.0222773988259292,0.0017432671039087021,0.15,7,14,0,0,5,False,5,0.46793139540280826,False,False,True,1.2022575932645746e-05,3.796868114824052e-06,5.496811248068342e-05,1.735956377229051e-05,0.021853252172485203,True,True,True,True
16,0.3,winter,10,0.9,0.27,boundary,0.27,55,110,0.2187190988290985,-0.08605218530660515,-0.0275769332279245,0.02350394210139502,0.022201072145761985,0.0018910318069441014,-0.08605158015441564,-0.02748384819342786,0.02350607246552676,0.022151155337968163,0.0015373616410552851,0.27,7,14,0,0,5,False,5,0.23616699075177305,False,False,True,1.1108132225283798e-05,2.2933151478203753e-06,5.078720735752211e-05,1.0485207556621806e-05,0.021804006508896447,True,True,True,True,-0.08605158015779153,-0.027483848196182256,0.023506072478467744,0.022151155334272973,0.0015373616480021605,0.27,7,14,0,0,5,False,5,0.23616699075177305,False,False,True,1.1108132264441711e-05,2.2933150980944675e-06,5.0787207536555006e-05,1.0485207329271254e-05,0.021804006505413677,True,True,True,True,-0.0860515801568595,-0.027483848203300177,0.023506072474638706,0.022151155333607533,0.0015373616784334124,0.27,7,14,0,0,5,False,5,0.23616699075177305,False,False,True,1.1108131992992182e-05,2.293315036475398e-06,5.078720629546755e-05,1.0485207047544283e-05,0.021804006492797238,True,True,True,True,-0.0860515801579022,-0.02748384819164304,0.023506072479250954,0.02215115533189105,0.0015373616331557768,0.27,7,14,0,0,5,False,5,0.23616699075177305,False,False,True,1.1108132754877528e-05,2.293315218614694e-06,5.0787209778864066e-05,1.0485207880298701e-05,0.02180400650913697,True,True,True,True,-0.08605158015410048,-0.027483848192036406,0.02350607246465261,0.022151155335277034,0.0015373616341919773,0.27,7,14,0,0,5,False,5,0.23616699075177305,False,False,True,1.1108132349047645e-05,2.2933151589900446e-06,5.078720792337963e-05,1.0485207607690366e-05,0.021804006509087617,True,True,True,True,-0.0860515801558355,-0.027483848200111214,0.023506072471838748,0.022151155331539503,0.0015373616660100172,0.27,7,14,0,0,5,False,5,0.23616699075177305,False,False,True,1.110813218199204e-05,2.293315081004575e-06,5.078720715958897e-05,1.0485207251134993e-05,0.021804006495265354,True,True,True,True
16,0.3,winter,10,0.98,0.294,boundary,0.27,55,110,0.2187190988290866,-0.08605218505142062,-0.02757692982831069,0.023503941532091892,0.02220106851369514,0.0018910181886971442,-0.08603437844956405,-0.027465225857646734,0.023444483711460455,0.02212177240436472,0.0015066880378467162,0.294,7,14,0,0,5,False,5,0.10792572146068755,False,False,True,1.4503800564537317e-05,3.383742180343517e-06,6.631245575801775e-05,1.5470721114243757e-05,0.021780671818804203,True,True,True,True,-0.08606038432078321,-0.027495446221343825,0.023539436190371972,0.022169603903105715,0.001558402183976757,0.255,7,14,0,0,5,False,5,0.28525438203523307,True,False,True,8.887700748935398e-06,1.8057393484224265e-06,4.063522937190091e-05,8.255974709522204e-06,0.021817088378837213,True,True,True,True,-0.08605156320223835,-0.027483691368072022,0.02350603258448061,0.0221510576916915,0.0015367817456201317,0.27,7,14,0,0,5,False,5,0.23616699075177305,True,False,True,1.1120407141712585e-05,2.296273111301383e-06,5.084332918910932e-05,1.0498731585830815e-05,0.02180413615069868,True,True,True,True,-0.0860603843201358,-0.02749544621747672,0.023539436188103238,0.022169603903890826,0.0015584021656596346,0.255,7,14,0,0,5,False,5,0.28525438203523307,True,False,True,8.88770073546874e-06,1.8057393555011628e-06,4.063522931033035e-05,8.255974741886713e-06,0.021817088385982356,True,True,True,True,-0.08605156320216276,-0.027483691384178877,0.023506032584453627,0.02215105769186592,0.0015367818059473935,0.27,7,14,0,0,5,False,5,0.23616699075177305,True,False,True,1.1120406128805813e-05,2.29627284209824e-06,5.084332455802416e-05,1.0498730355014007e-05,0.021804136128213795,True,True,True,True,-0.08603437847637739,-0.027465225780455554,0.02344448380298429,0.022121772391291712,0.001506687774041362,0.294,7,14,0,0,5,False,5,0.10792572146068755,False,False,True,1.450380886271023e-05,3.3837442430592427e-06,6.631249369788197e-05,1.547073054513359e-05,0.02178067192265112,True,True,True,True
16,0.3,winter,10,1.0,0.3,boundary,0.27,55,110,0.21871909882908966,-0.08605218505111963,-0.02757692982801807,0.02350394153082089,0.02220106851355076,0.0018910181873913374,-0.08604628331932847,-0.02758845007191848,0.02348337705464565,0.02218375734064149,0.0019277358935750094,0.3,11,22,0,0,5,False,1,0.0,True,False,True,3.086289532289871e-06,1.2031325730296013e-06,1.4110745466730106e-05,5.50081167794929e-06,0.0216711153624687,True,True,True,True,-0.08606038432128549,-0.027495446223137016,0.023539436191985105,0.022169603905243272,0.0015584021891846306,0.255,7,14,0,0,5,False,5,0.28525438203523307,True,False,True,8.887700427095621e-06,1.805739303316251e-06,4.0635227900424924e-05,8.255974503293297e-06,0.02181708837892989,True,True,True,True,-0.08605156320335616,-0.027483691383036486,0.023506032588227962,0.02215105768961732,0.0015367818030342902,0.27,7,14,0,0,5,False,5,0.23616699075177305,True,False,True,1.1120406395753735e-05,2.296272906515392e-06,5.084332577852922e-05,1.0498730649533875e-05,0.021804136128077575,True,True,True,True,-0.08606038432163504,-0.0274954462194315,0.023539436193265085,0.0221696039049962,0.0015584021750431147,0.255,7,14,0,0,5,False,5,0.28525438203523307,True,False,True,8.887700675535778e-06,1.8057393552946015e-06,4.063522903631182e-05,8.255974740942185e-06,0.021817088384253013,True,True,True,True,-0.08605156320333206,-0.02748369136928962,0.02350603258923825,0.022151057687317035,0.001536781752109195,0.27,7,14,0,0,5,False,5,0.23616699075177305,True,False,True,1.112040734227264e-05,2.29627314920414e-06,5.084333010608411e-05,1.0498731759124893e-05,0.021804136145436866,True,True,True,True,-0.08604795816801285,0.0,0.02349059912705887,0.0,0.0,0.3,3,6,0,0,2,True,1,0.0,True,True,False,0.007359725271738348,0.00305982638956626,0.033649211756716986,0.013989754008438257,0.0,True,True,True,True
16,0.3,winter,18,0.0,0.0,normal,0.0,81,162,0.2089443431042073,-0.08402801945416086,-0.02689594649447389,0.023906257497774627,0.02234024227606472,0.001978802988849849,-0.08408282561410782,-0.026915214289020013,0.02391625862953638,0.022340477736576866,0.001980761082717724,0.0,7,14,0,0,5,False,5,0.5424942396007537,False,False,True,1.2714137378268958e-05,6.313063064560242e-06,6.084939744900396e-05,3.021408941141667e-05,0.021862814955271898,True,True,True,True,-0.08408282561419418,-0.02691521428897097,0.023916258629458207,0.022340477736641006,0.0019807610790603314,0.0,7,14,0,0,5,False,5,0.5424942396007537,False,False,True,1.2714137338696446e-05,6.313063060768077e-06,6.0849397259611355e-05,3.021408939326751e-05,0.021862814956740258,True,True,True,True,-0.08408282561415178,-0.02691521428890356,0.023916258629279027,0.02234047773632875,0.0019807610820293904,0.0,7,14,0,0,5,False,5,0.5424942396007537,False,False,True,1.2714137350473484e-05,6.313063052396451e-06,6.084939731597583e-05,3.0214089353201215e-05,0.021862814955291368,True,True,True,True,-0.08408282561421612,-0.02691521428903037,0.023916258629246182,0.022340477736203856,0.0019807610834173266,0.0,7,14,0,0,5,False,5,0.5424942396007537,False,False,True,1.2714137386016233e-05,6.313063067848884e-06,6.0849397486082134e-05,3.0214089427155997e-05,0.02186281495464077,True,True,True,True,-0.08408282561411014,-0.026915214288981186,0.023916258628265186,0.022340477736079264,0.0019807610836739056,0.0,7,14,0,0,5,False,5,0.5424942396007537,False,False,True,1.2714137365570782e-05,6.31306306017065e-06,6.084939738823095e-05,3.021408939040825e-05,0.021862814954254167,True,True,True,True,-0.0840828256142266,-0.026915214288992663,0.023916258629058534,0.02234047773701663,0.0019807610826367786,0.0,7,14,0,0,5,False,5,0.5424942396007537,False,False,True,1.2714137388911487e-05,6.313063064014701e-06,6.084939749993871e-05,3.0214089408805733e-05,0.021862814955570162,True,True,True,True
16,0.3,winter,18,0.5,0.15,normal,0.15,81,162,0.2089443415897855,-0.08393989190941861,-0.026889409468599957,0.023431553938830677,0.022205537220710607,0.0018888843876096958,-0.08395256750309278,-0.02687031126359931,0.02351231002760677,0.022188955361145464,0.0016885563401805408,0.15,7,14,0,0,5,False,5,0.46793139540280826,False,False,True,1.1924583967565239e-05,3.768595997490572e-06,5.7070624056316565e-05,1.8036363027668627e-05,0.021777961951882318,True,True,True,True,-0.08395255545273538,-0.026870310277620137,0.0235122668549504,0.022188942973619057,0.001688550717713817,0.15,7,14,0,0,5,False,5,0.46793139540280826,False,False,True,1.1925132147135552e-05,3.7685984273731745e-06,5.707324762375152e-05,1.8036374656998162e-05,0.021777945879316755,True,True,True,True,-0.08395255545251107,-0.02687031027719649,0.02351226685403863,0.022188942974687747,0.0016885507137840213,0.15,7,14,0,0,5,False,5,0.46793139540280826,False,False,True,1.1925132082717897e-05,3.7685984393018493e-06,5.707324731545097e-05,1.8036374714088366e-05,0.021777945881552574,True,True,True,True,-0.08395255545238943,-0.026870310277805957,0.023512266852625138,0.02218894297240945,0.0016885507178242395,0.15,7,14,0,0,5,False,5,0.46793139540280826,False,False,True,1.1925132184760403e-05,3.7685984426614873e-06,5.707324780382269e-05,1.803637473016747e-05,0.021777945877849952,True,True,True,True,-0.08395255545318515,-0.026870310277376006,0.023512266857401373,0.022188942974518254,0.0016885507145392158,0.15,7,14,0,0,5,False,5,0.46793139540280826,False,False,True,1.1925132092965775e-05,3.768598447481944e-06,5.707324736449695e-05,1.8036374753238002e-05,0.021777945881762583,True,True,True,True,-0.08395255545340939,-0.02687031027793153,0.02351226685766717,0.022188942974393364,0.0016885507194717743,0.15,7,14,0,0,5,False,5,0.46793139540280826,False,False,True,1.1925132064919634e-05,3.7685984258372064e-06,5.7073247230269135e-05,1.8036374649647075e-05,0.021777945879771363,True,True,True,True
16,0.3,winter,18,0.9,0.27,boundary,0.27,55,110,0.2089443432359314,-0.08391852625152364,-0.026878927152963843,0.023372828282151,0.022113309324542897,0.001835724014664822,-0.0839179520233422,-0.026786551897461434,0.023375032256289535,0.022063855174582342,0.0014847538326351632,0.27,7,14,0,0,5,False,5,0.23616699075177305,False,False,True,1.102101256955472e-05,2.275862023268198e-06,5.274616387728786e-05,1.0892192571580594e-05,0.021729029751085805,True,True,True,True,-0.08391795202352814,-0.026786551895773874,0.02337503225624445,0.02206385518143981,0.001484753827063539,0.27,7,14,0,0,5,False,5,0.23616699075177305,False,False,True,1.1021012388147747e-05,2.275862024957008e-06,5.274616300908071e-05,1.0892192579663178e-05,0.021729029758864652,True,True,True,True,-0.08391795202241283,-0.026786551895991238,0.0233750322529418,0.02206385518019844,0.0014847538305510879,0.27,7,14,0,0,5,False,5,0.23616699075177305,False,False,True,1.1021012466255406e-05,2.2758620553667345e-06,5.2746163382901114e-05,1.089219272520302e-05,0.02172902975596779,True,True,True,True,-0.08391795201874304,-0.026786551890279425,0.02337503223916423,0.022063855179112444,0.0014847538078561066,0.27,7,14,0,0,5,False,5,0.23616699075177305,False,False,True,1.1021012624231469e-05,2.275862110794397e-06,5.274616413896878e-05,1.0892192990477789e-05,0.02172902976124215,True,True,True,True,-0.08391795201806351,-0.026786551891342096,0.023375032236492448,0.02206385517415662,0.0014847538138359866,0.27,7,14,0,0,5,False,5,0.23616699075177305,False,False,True,1.1021012874472269e-05,2.275862150331218e-06,5.274616533661212e-05,1.0892193179699571e-05,0.021729029754431254,True,True,True,True,-0.08391795202307091,-0.026786551897857492,0.02337503225535163,0.022063855178494643,0.001484753832004641,0.27,7,14,0,0,5,False,5,0.23616699075177305,False,False,True,1.1021012230653937e-05,2.2758619580091937e-06,5.274616225532108e-05,1.0892192259253382e-05,0.021729029754414566,True,True,True,True
16,0.3,winter,18,0.98,0.294,boundary,0.27,55,110,0.20894434323593344,-0.08391852600377522,-0.026878923859590835,0.023372827728281538,0.02211330580732495,0.0018357108210877466,-0.08390089977826128,-0.026768088434671503,0.023313973849009885,0.022034743406027173,0.0014543913651376642,0.294,7,14,0,0,5,False,5,0.10792572146068755,False,False,True,1.4389208363772485e-05,3.3577039355631715e-06,6.886622600509763e-05,1.6069848475255236e-05,0.021705895312616935,True,True,True,True,-0.08392667389889116,-0.026798056156280482,0.0234080889086592,0.0220821334829045,0.0015056054925086783,0.255,7,14,0,0,5,False,5,0.28525438203523307,True,False,True,8.818071452061996e-06,1.7921301124288305e-06,4.220296809904494e-05,8.577069303116825e-06,0.021741990354337434,True,True,True,True,-0.08391793564433063,-0.026786400406483602,0.02337499371891452,0.022063760856548948,0.0014841936667397294,0.27,7,14,0,0,5,False,5,0.23616699075177305,True,False,True,1.1032867190903517e-05,2.278718708542358e-06,5.2802899662354326e-05,1.090586456303007e-05,0.021729154779941473,True,True,True,True,-0.08392667390034475,-0.026798056173914234,0.023408088914366222,0.022082133478412584,0.001505605560333859,0.255,7,14,0,0,5,False,5,0.28525438203523307,True,False,True,8.818070747066906e-06,1.7921299358418699e-06,4.2202964724964174e-05,8.577068457978077e-06,0.021741990326124602,True,True,True,True,-0.08391793564202536,-0.026786400404582095,0.023374993709140753,0.022063760860008327,0.0014841936608913232,0.27,7,14,0,0,5,False,5,0.23616699075177305,True,False,True,1.1032867106727795e-05,2.27871872767617e-06,5.28028992594924e-05,1.0905864654603796e-05,0.021729154783356516,True,True,True,True,-0.083900899794079,-0.026768088372639602,0.023313973902126122,0.022034743437019028,0.0014543911475915052,0.294,7,14,0,0,5,False,5,0.10792572146068755,False,False,True,1.4389212288468123e-05,3.3577052679155907e-06,6.88662447885477e-05,1.606985485184528e-05,0.0217058954290401,True,True,True,True
16,0.3,winter,18,1.0,0.3,boundary,0.27,55,110,0.20894434323593733,-0.08391852600382936,-0.026878923859999185,0.02337282772849606,0.02211330580775387,0.0018357108225151883,-0.08391268035077201,-0.026890379617984954,0.023352458817687032,0.02209615609675354,0.0018722337780819874,0.3,11,22,0,0,5,False,1,0.0,True,False,True,3.0644593700824424e-06,1.19454996719481e-06,1.4666390688653836e-05,5.717072540441734e-06,0.021596970346323987,True,True,True,True,-0.08392667390019817,-0.026798056166407375,0.023408088912810956,0.022082133485652442,0.0015056055314543737,0.255,7,14,0,0,5,False,5,0.28525438203523307,True,False,True,8.818070920358842e-06,1.792129987577957e-06,4.220296555433227e-05,8.577068705584944e-06,0.021741990342709773,True,True,True,True,-0.08391793564204571,-0.026786400414295915,0.023374993709970433,0.022063760853455027,0.0014841936967727198,0.27,7,14,0,0,5,False,5,0.23616699075177305,True,False,True,1.1032866891826781e-05,2.2787186020076934e-06,5.280289823098301e-05,1.090586405315885e-05,0.02172915476460541,True,True,True,True,-0.0839266738992787,-0.026798056155970792,0.02340808891019337,0.022082133481954206,0.0015056054913586913,0.255,7,14,0,0,5,False,5,0.28525438203523307,True,False,True,8.818071629645638e-06,1.7921301278345704e-06,4.220296894895299e-05,8.577069376847975e-06,0.021741990354239873,True,True,True,True,-0.08391793564545201,-0.02678640040630844,0.023374993722525238,0.022063760855422228,0.0014841936674336214,0.27,7,14,0,0,5,False,5,0.23616699075177305,True,False,True,1.1032867493099285e-05,2.278718755926001e-06,5.2802901108651266e-05,1.0905864789806251e-05,0.021729154779355157,True,True,True,True,-0.08391433804704389,0.0,0.023359608301341823,0.0,0.0,0.3,3,6,0,0,2,True,1,0.0,True,True,False,0.007198469389688862,0.002983789826067441,0.03445161174600664,0.014280309195536264,0.0,True,True,True,True
16,0.6,summer,10,0.0,0.0,normal,0.0,81,162,0.18840612353573405,-0.07953144520084753,-0.025545452587972264,0.023601201778713346,0.022157477764607005,0.001870274531026521,-0.07974616450799768,-0.025621307047166354,0.023640203108967688,0.02215840874964815,0.001878018963532738,0.0,7,14,0,0,5,False,5,1.2119405926034492,False,False,True,0.00010111629608596309,4.9701286325669186e-05,0.0005366932570362283,0.00026379867805221625,0.021703200817841984,True,True,True,True,-0.07974616450800437,-0.025621307047064865,0.02364020310914159,0.022158408749673977,0.0018780189636536967,0.0,7,14,0,0,5,False,5,1.2119405926034492,False,False,True,0.00010111629606884831,4.970128630340757e-05,0.0005366932569453884,0.0002637986779340586,0.021703200817848507,True,True,True,True,-0.07974616450808338,-0.025621307047019676,0.023640203109075872,0.0221584087496074,0.0018780189634670925,0.0,7,14,0,0,5,False,5,1.2119405926034492,False,False,True,0.00010111629605234068,4.9701286296365735e-05,0.0005366932568577711,0.0002637986778966828,0.021703200817855338,True,True,True,True,-0.07974616450804735,-0.0256213070470751,0.023640203109018848,0.02215840874981938,0.0018780189633593992,0.0,7,14,0,0,5,False,5,1.2119405926034492,False,False,True,0.0001011162960749476,4.970128630760663e-05,0.0005366932569777615,0.0002637986779563459,0.021703200818058405,True,True,True,True,-0.07974616450807956,-0.025621307047102086,0.023640203109168666,0.022158408749760487,0.0018780189632245368,0.0,7,14,0,0,5,False,5,1.2119405926034492,False,False,True,0.00010111629608014483,4.970128631481863e-05,0.0005366932570053468,0.00026379867799462494,0.021703200818092162,True,True,True,True,-0.07974616450806024,-0.025621307047115932,0.023640203109125596,0.022158408749747262,0.0018780189636842164,0.0,7,14,0,0,5,False,5,1.2119405926034492,False,False,True,0.00010111629609921291,4.970128631718996e-05,0.0005366932571065541,0.0002637986780072112,0.021703200817892822,True,True,True,True
16,0.6,summer,10,0.5,0.3,normal,0.3,81,162,0.18840612353576242,-0.07919157769818212,-0.025520609968703475,0.02269887031638515,0.021896141050978462,0.0016987366817834547,-0.07924035307900237,-0.02544454608445846,0.022855920511551126,0.02186396648633786,0.0013044058733271263,0.3,7,14,0,0,5,False,5,1.0360292722012772,False,False,True,9.361304040075846e-05,2.9342510537364098e-05,0.0004968683535542795,0.00015574074762912064,0.021540576751006322,True,True,True,True,-0.0792403530791752,-0.02544454608456495,0.02285592051175366,0.021863966486609692,0.0013044058738098036,0.3,7,14,0,0,5,False,5,1.0360292722012772,False,False,True,9.36130403105754e-05,2.934251052313165e-05,0.0004968683530756164,0.0001557407475535793,0.021540576751072377,True,True,True,True,-0.07924035307964795,-0.02544454608429411,0.02285592051248034,0.021863966486821294,0.0013044058726574188,0.3,7,14,0,0,5,False,5,1.0360292722012772,False,False,True,9.361304035064577e-05,2.9342510544428766e-05,0.0004968683532882972,0.00015574074766661763,0.021540576751844263,True,True,True,True,-0.07924035308006462,-0.025444546084297224,0.022855920513062483,0.02186396648708858,0.0013044058730454307,0.3,7,14,0,0,5,False,5,1.0360292722012772,False,False,True,9.361304034184205e-05,2.9342510524805087e-05,0.0004968683532415698,0.00015574074756246137,0.02154057675201926,True,True,True,True,-0.07924035307985634,-0.025444546084473024,0.02285592051259623,0.02186396648710656,0.0013044058732098913,0.3,7,14,0,0,5,False,5,1.0360292722012772,False,False,True,9.361304022722193e-05,2.9342510535728908e-05,0.0004968683526332026,0.00015574074762044154,0.021540576751876227,True,True,True,True,-0.07924035307942423,-0.02544454608447269,0.02285592051203218,0.021863966486602947,0.001304405873183119,0.3,7,14,0,0,5,False,5,1.0360292722012772,False,False,True,9.361304034292972e-05,2.9342510544215656e-05,0.0004968683532473429,0.0001557407476654865,0.02154057675137134,True,True,True,True
16,0.6,summer,10,0.9,0.54,boundary,0.54,55,110,0.18840612353575295,-0.07911071849551218,-0.025481701466732957,0.02258901475387139,0.021718865106478122,0.0016000444406470964,-0.07910918739987534,-0.02512507692298159,0.022594487069930575,0.02162426681905174,0.0009227825352550117,0.54,7,14,0,0,5,False,5,0.526115538956957,False,False,True,8.514715006674445e-05,1.7582144496168813e-05,0.00045193409040437303,9.332045140683726e-05,0.02143988927795296,True,True,True,True,-0.07910918739907374,-0.025125076912967656,0.022594487068620047,0.021624266819545976,0.0009227825169813888,0.54,7,14,0,0,5,False,5,0.526115538956957,False,False,True,8.514715116716282e-05,1.758214482653783e-05,0.000451934096245045,9.332045316033132e-05,0.021439889284495497,True,True,True,True,-0.0791091873991305,-0.02512507692182146,0.022594487068598977,0.021624266819718005,0.0009227825331103456,0.54,7,14,0,0,5,False,5,0.526115538956957,False,False,True,8.514714998787698e-05,1.7582144506954128e-05,0.0004519340899857695,9.33204514640823e-05,0.021439889279083135,True,True,True,True,-0.07910918739910457,-0.02512507692083194,0.022594487068580534,0.021624266819117763,0.0009227825312700117,0.54,7,14,0,0,5,False,5,0.526115538956957,False,False,True,8.51471502292811e-05,1.7582144554372367e-05,0.0004519340912670661,9.332045171576329e-05,0.02143988927919716,True,True,True,True,-0.07910918739918787,-0.02512507691903112,0.022594487068740215,0.021624266818961443,0.0009227825285939636,0.54,7,14,0,0,5,False,5,0.526115538956957,False,False,True,8.514715061522064e-05,1.7582144660446798e-05,0.0004519340933155109,9.332045227877275e-05,0.021439889280006483,True,True,True,True,-0.07910918739999126,-0.025125076916201878,0.022594487070172538,0.02162426682060229,0.000922782522460908,0.54,7,14,0,0,5,False,5,0.526115538956957,False,False,True,8.514715056896424e-05,1.7582144676190453e-05,0.00045193409306999656,9.332045236233508e-05,0.021439889283731976,True,True,True,True
16,0.6,summer,10,0.98,0.588,boundary,0.54,55,110,0.1884061235357614,-0.07911071849570239,-0.025481701466529824,0.022589014754235897,0.02171886510652029,0.0016000444402594395,-0.07904489328159131,-0.025056651646660533,0.022479258462748238,0.021569173206223667,0.0008691107792453938,0.588,7,14,0,0,5,False,5,0.24096344462378147,False,False,True,0.00011070774333086716,2.5790090193859504e-05,0.0005876016195930793,0.00013688562616683892,0.021395008253328525,True,True,True,True,-0.07914163077440779,-0.0251691478173901,0.022656065806228493,0.021658959954614553,0.0009623863574927492,0.51,7,14,0,0,5,False,5,0.6346818096690997,True,False,True,6.81691833937046e-05,1.3845411264012666e-05,0.00036182042342570357,7.348705553821698e-05,0.021464619024839926,True,True,True,True,-0.07910918740070808,-0.025125076919848662,0.022594487071472744,0.02162426681944747,0.0009227825293372772,0.54,7,14,0,0,5,False,5,0.526115538956957,True,False,True,8.514715048903686e-05,1.758214459282554e-05,0.00045193409264574706,9.332045191985636e-05,0.02143988928054572,True,True,True,True,-0.07914163077377998,-0.025169147815913503,0.022656065804882185,0.02165895995500389,0.000962386355067101,0.51,7,14,0,0,5,False,5,0.6346818096690997,True,False,True,6.816918351462177e-05,1.3845411295065975e-05,0.0003618204240674936,7.34870557030381e-05,0.021464619025828125,True,True,True,True,-0.07910918739923871,-0.025125076925034257,0.022594487068870076,0.02162426681939005,0.0009227825391995159,0.54,7,14,0,0,5,False,5,0.526115538956957,True,False,True,8.514714971311066e-05,1.758214440696069e-05,0.0004519340885273767,9.332045093334464e-05,0.02143988927673943,True,True,True,True,-0.07904489327850188,-0.025056651657303152,0.022479258457553532,0.02156917320059373,0.0008691107978825752,0.588,7,14,0,0,5,False,5,0.24096344462378147,False,False,True,0.00011070774254810269,2.5790089788420536e-05,0.0005876016154384134,0.00013688562401489735,0.02139500824132304,True,True,True,True
16,0.6,summer,10,1.0,0.6,boundary,0.54,55,110,0.18840612353575487,-0.07911071849554013,-0.025481701466820706,0.022589014753936987,0.021718865106529366,0.0016000444408411066,-0.07908871972449591,-0.025526661766416055,0.022550708780349413,0.021686378488893127,0.0016719889637863852,0.6,11,22,0,0,5,False,1,0.0,True,False,True,2.3764514082823956e-05,9.238663607324238e-06,0.00012613451005117694,4.9035898801723214e-05,0.02117745198821371,True,True,True,True,-0.07914163077491818,-0.02516914781752614,0.022656065807314933,0.0216589599541993,0.0009623863579182735,0.51,7,14,0,0,5,False,5,0.6346818096690997,True,False,True,6.816918356117828e-05,1.3845411293278617e-05,0.0003618204243146133,7.348705569355392e-05,0.021464619024487517,True,True,True,True,-0.07910918739971143,-0.025125076909745008,0.022594487069573285,0.021624266821326125,0.0009227825108223328,0.54,7,14,0,0,5,False,5,0.526115538956957,True,False,True,8.514715134683506e-05,1.758214489888219e-05,0.0004519340971986838,9.332045354431131e-05,0.0214398892882841,True,True,True,True,-0.07914163077348349,-0.025169147820665167,0.02265606580415283,0.021658959955309184,0.000962386364386497,0.51,7,14,0,0,5,False,5,0.6346818096690997,True,False,True,6.816918297080157e-05,1.3845411181085454e-05,0.00036182042118108084,7.348705509806815e-05,0.021464619022752308,True,True,True,True,-0.07910918739932324,-0.025125076919129963,0.022594487068988995,0.021624266819218616,0.0009227825283516729,0.54,7,14,0,0,5,False,5,0.526115538956957,True,False,True,8.514715056043981e-05,1.7582144630056634e-05,0.000451934093024747,9.332045211747045e-05,0.02143988928034599,True,True,True,True,-0.07909433494247746,0.0,0.02256317124157996,0.0,0.0,0.6,3,6,0,0,2,True,1,0.0,True,True,False,0.015871752716062837,0.005764197146710996,0.0842422338414641,0.0305945318471408,0.0,True,True,True,True
16,0.6,summer,18,0.0,0.0,normal,0.0,81,162,0.21687755648238882,-0.0858921125311089,-0.027625834559090255,0.02400490734335807,0.022424968570322525,0.0020409985771169164,-0.08611350595633811,-0.027703590861300812,0.024045215629072022,0.022425922504812495,0.0020491250510903604,0.0,7,14,0,0,5,False,5,1.2119405926034492,False,False,True,0.000103738556288209,5.093889903634755e-05,0.00047832776231335357,0.0002348739992396768,0.02192971458641234,True,True,True,True,-0.08611350595631329,-0.02770359086124012,0.024045215628820876,0.022425922505261993,0.0020491250516648627,0.0,7,14,0,0,5,False,5,1.2119405926034492,False,False,True,0.00010373855632416287,5.093889902268253e-05,0.0004783277624791332,0.00023487399917666878,0.021929714586503345,True,True,True,True,-0.08611350595630266,-0.027703590861182625,0.024045215628934826,0.022425922504993645,0.0020491250514887344,0.0,7,14,0,0,5,False,5,1.2119405926034492,False,False,True,0.00010373855627811637,5.093889900893199e-05,0.00047832776226681755,0.00023487399911326646,0.021929714586376724,True,True,True,True,-0.08611350595643018,-0.027703590861275988,0.02404521562903031,0.022425922505187035,0.0020491250514138477,0.0,7,14,0,0,5,False,5,1.2119405926034492,False,False,True,0.00010373855633956375,5.0938899035288814e-05,0.000478327762550145,0.00023487399923479506,0.021929714586580894,True,True,True,True,-0.08611350595635293,-0.0277035908613332,0.024045215629202626,0.022425922504875417,0.002049125051496518,0.0,7,14,0,0,5,False,5,1.2119405926034492,False,False,True,0.0001037385563257831,5.093889904439183e-05,0.00047832776248660393,0.00023487399927676813,0.021929714586328787,True,True,True,True,-0.08611350595644537,-0.027703590861231135,0.024045215628974728,0.022425922504961917,0.00204912505186065,0.0,7,14,0,0,5,False,5,1.2119405926034492,False,False,True,0.00010373855632803478,5.093889902559445e-05,0.00047832776249698614,0.00023487399919009533,0.021929714586212706,True,True,True,True
16,0.6,summer,18,0.5,0.3,normal,0.3,81,162,0.21687755648242746,-0.08554252254272335,-0.027599791095910146,0.023076635442674805,0.022156195987160437,0.0018611650375056242,-0.08559215964065253,-0.02752215939398399,0.023236752555746257,0.022122996812320377,0.0014583861088623277,0.3,7,14,0,0,5,False,5,1.0360292722012772,False,False,True,9.590739600709268e-05,3.000010577393532e-05,0.0004422190915585292,0.00013832738740011618,0.021762358757940376,True,True,True,True,-0.08559215964025335,-0.027522159394643326,0.0232367525550277,0.02212299681204693,0.0014583861106984596,0.3,7,14,0,0,5,False,5,1.0360292722012772,False,False,True,9.590739583264021e-05,3.0000105770949122e-05,0.0004422190907541469,0.00013832738738634711,0.02176235875684983,True,True,True,True,-0.08559215964078459,-0.02752215939407221,0.02323675255585869,0.022122996812569608,0.0014583861091251326,0.3,7,14,0,0,5,False,5,1.0360292722012772,False,False,True,9.59073959119084e-05,3.0000105767821487e-05,0.00044221909111964437,0.00013832738737192592,0.021762358758058292,True,True,True,True,-0.08559215964054571,-0.027522159394262037,0.023236752555503386,0.022122996812322087,0.0014583861094457971,0.3,7,14,0,0,5,False,5,1.0360292722012772,False,False,True,9.590739588527172e-05,3.0000105779533726e-05,0.00044221909099682535,0.00013832738742592984,0.021762358757662168,True,True,True,True,-0.08559215964096195,-0.027522159394503164,0.023236752556212697,0.022122996812363634,0.0014583861108366852,0.3,7,14,0,0,5,False,5,1.0360292722012772,False,False,True,9.590739589885114e-05,3.0000105747852712e-05,0.0004422190910594387,0.00013832738727985198,0.021762358757282246,True,True,True,True,-0.08559215964062948,-0.027522159393821757,0.02323675255579422,0.022122996812774694,0.0014583861082046552,0.3,7,14,0,0,5,False,5,1.0360292722012772,False,False,True,9.590739588616164e-05,3.0000105773671486e-05,0.0004422190910009287,0.00013832738739889965,0.021762358758576173,True,True,True,True
16,0.6,summer,18,0.9,0.54,boundary,0.54,55,110,0.21687755648242116,-0.08545934762369234,-0.027559007356618873,0.022963591273655982,0.02197393706358883,0.0017577159290257324,-0.08545747637047571,-0.02719426034003814,0.022968667894327523,0.021876698426348967,0.001065012681063226,0.54,7,14,0,0,5,False,5,0.526115538956957,False,False,True,8.714691467884804e-05,1.798234428720093e-05,0.00040182541749501715,8.29147311453524e-05,0.021660015255902956,True,True,True,True,-0.08545747637256622,-0.02719426034752463,0.022968667897812406,0.02187669842813371,0.001065012694905119,0.54,7,14,0,0,5,False,5,0.526115538956957,False,False,True,8.714691364093523e-05,1.7982344025540526e-05,0.00040182541270930843,8.291472993886331e-05,0.021660015253096906,True,True,True,True,-0.08545747637223267,-0.02719426034009722,0.022968667897298928,0.021876698426383203,0.001065012680859118,0.54,7,14,0,0,5,False,5,0.526115538956957,False,False,True,8.714691484176113e-05,1.7982344299210766e-05,0.00040182541824619253,8.291473120072852e-05,0.02166001525642569,True,True,True,True,-0.08545747637237307,-0.027194260343046638,0.022968667897655937,0.0218766984277009,0.0010650126868326718,0.54,7,14,0,0,5,False,5,0.526115538956957,False,False,True,8.714691428569378e-05,1.7982344194993082e-05,0.0004018254156822235,8.291473072019155e-05,0.021660015255521504,True,True,True,True,-0.08545747637226837,-0.02719426033492316,0.022968667897605283,0.02187669842753311,0.0010650126717430624,0.54,7,14,0,0,5,False,5,0.526115538956957,False,False,True,8.714691530813286e-05,1.798234446959114e-05,0.0004018254203965844,8.29147319863348e-05,0.021660015260638252,True,True,True,True,-0.0854574763725482,-0.027194260346570992,0.02296866789783904,0.021876698428120362,0.0010650126931800975,0.54,7,14,0,0,5,False,5,0.526115538956957,False,False,True,8.714691376070227e-05,1.7982344059190397e-05,0.00040182541326154187,8.291473009401939e-05,0.021660015253691454,True,True,True,True
16,0.6,summer,18,0.98,0.588,boundary,0.54,55,110,0.21687755648241258,-0.08545934762367424,-0.027559007356522603,0.022963591273656755,0.021973937063408368,0.0017577159287674143,-0.08539151737326707,-0.02712410738303943,0.02285048281026758,0.02182008310634225,0.001009714946427272,0.588,7,14,0,0,5,False,5,0.24096344462378147,False,False,True,0.00011332286336857532,2.638202778954935e-05,0.0005225200117826166,0.00012164480371987577,0.02161395643326788,True,True,True,True,-0.08549078720525256,-0.027239461067694468,0.023031863771439686,0.021912348879265037,0.0011058114585407528,0.51,7,14,0,0,5,False,5,0.6346818096690997,True,False,True,6.975959715703299e-05,1.4155403023467104e-05,0.00032165429327257316,6.526910046874776e-05,0.021685319731725976,True,True,True,True,-0.08545747637319928,-0.027194260342656672,0.02296866789918502,0.02187669842693571,0.0010650126855888404,0.54,7,14,0,0,5,False,5,0.526115538956957,True,False,True,8.714691449810373e-05,1.7982344207906137e-05,0.0004018254166616397,8.291473077973558e-05,0.02166001525551646,True,True,True,True,-0.08549078720556068,-0.02723946107036192,0.02303186377167533,0.021912348880264467,0.0011058114641465415,0.51,7,14,0,0,5,False,5,0.6346818096690997,True,False,True,6.97595968141701e-05,1.4155402959739465e-05,0.00032165429169166783,6.52691001749062e-05,0.021685319730645507,True,True,True,True,-0.08545747637271621,-0.027194260334969605,0.022968667898305012,0.021876698427342932,0.001065012671361719,0.54,7,14,0,0,5,False,5,0.526115538956957,True,False,True,8.714691533396116e-05,1.7982344453881472e-05,0.0004018254205156919,8.291473191390244e-05,0.02166001526070762,True,True,True,True,-0.08539151737851822,-0.027124107387112042,0.022850482819202815,0.021820083107094712,0.0010097149533059221,0.588,7,14,0,0,5,False,5,0.24096344462378147,False,False,True,0.00011332286326728655,2.6382027608162944e-05,0.0005225200113155846,0.0001216448028835218,0.021613956432782307,True,True,True,True
16,0.6,summer,18,1.0,0.6,boundary,0.54,55,110,0.21687755648241866,-0.08545934762368812,-0.027559007356252403,0.022963591273667587,0.021973937063542323,0.0017577159283068736,-0.08543672622574018,-0.02760474801462472,0.02292420022654454,0.021940544052290692,0.001830858601976551,0.6,11,22,0,0,5,False,1,0.0,True,False,True,2.426857637462948e-05,9.435942597785605e-06,0.00011189989765767594,4.3508156172676805e-05,0.02139318703925749,True,True,True,True,-0.08549078720359225,-0.027239461065122768,0.023031863768312996,0.021912348879739176,0.001105811453732518,0.51,7,14,0,0,5,False,5,0.6346818096690997,True,False,True,6.97595971632485e-05,1.4155403040669702e-05,0.00032165429330122325,6.526910054806533e-05,0.021685319733370068,True,True,True,True,-0.08545747637167851,-0.02719426034357896,0.022968667896348417,0.021876698426903447,0.001065012687198859,0.54,7,14,0,0,5,False,5,0.526115538956957,True,False,True,8.714691416810555e-05,1.798234413945423e-05,0.0004018254151400409,8.291473046410859e-05,0.021660015254523754,True,True,True,True,-0.08549078720462243,-0.027239461063803466,0.023031863770074434,0.02191234887999143,0.0011058114510583655,0.51,7,14,0,0,5,False,5,0.6346818096690997,True,False,True,6.975959737067806e-05,1.41554030855896e-05,0.0003216542942576595,6.526910075518634e-05,0.02168531973477968,True,True,True,True,-0.08545747637324455,-0.02719426033657248,0.022968667899271444,0.021876698427221942,0.0010650126740862774,0.54,7,14,0,0,5,False,5,0.526115538956957,True,False,True,8.714691513099157e-05,1.798234438618695e-05,0.00040182541957980885,8.291473160176768e-05,0.02166001525978994,True,True,True,True,-0.08544249157079295,0.0,0.022936997156674393,0.0,0.0,0.6,3,6,0,0,2,True,1,0.0,True,True,False,0.01684440931684955,0.006200237234047253,0.07766783059553263,0.028588653130412228,0.0,True,True,True,True
16,0.6,winter,10,0.0,0.0,normal,0.0,81,162,0.2187190988290817,-0.08629153680541948,-0.027756689112367474,0.024030404864101847,0.02244181603852749,0.0020518309796677776,-0.08651335470545114,-0.02783456599612944,0.024070796488154796,0.022442771431384727,0.0020599818753298305,0.0,7,14,0,0,5,False,5,1.2119405926034492,False,False,True,0.00010390493273123094,5.101739243232123e-05,0.000475061086514569,0.0002332553156329015,0.021943963435844406,True,True,True,True,-0.08651335470545356,-0.027834565996168025,0.024070796488120102,0.022442771431437004,0.002059981874817272,0.0,7,14,0,0,5,False,5,1.2119405926034492,False,False,True,0.00010390493272409776,5.101739244100191e-05,0.00047506108648195553,0.00023325531567259023,0.02194396343608123,True,True,True,True,-0.08651335470546238,-0.02783456599614778,0.02407079648803846,0.02244277143181267,0.002059981875351315,0.0,7,14,0,0,5,False,5,1.2119405926034492,False,False,True,0.00010390493277266655,5.101739243761392e-05,0.00047506108670401564,0.0002332553156571001,0.02194396343616052,True,True,True,True,-0.08651335470529758,-0.02783456599627653,0.024070796488218436,0.022442771431473434,0.0020599818753709235,0.0,7,14,0,0,5,False,5,1.2119405926034492,False,False,True,0.00010390493276163024,5.101739245903854e-05,0.0004750610866535568,0.00023325531575505503,0.02194396343591223,True,True,True,True,-0.0865133547053882,-0.027834565996172535,0.024070796488013007,0.022442771431634378,0.002059981875195544,0.0,7,14,0,0,5,False,5,1.2119405926034492,False,False,True,0.00010390493274632998,5.101739243975816e-05,0.0004750610865836029,0.00023325531566690372,0.02194396343607237,True,True,True,True,-0.08651335470548802,-0.027834565996204867,0.024070796488095434,0.022442771431393563,0.002059981875217845,0.0,7,14,0,0,5,False,5,1.2119405926034492,False,False,True,0.00010390493275319948,5.101739245062728e-05,0.0004750610866150108,0.00023325531571659816,0.021943963435884214,True,True,True,True
16,0.6,winter,10,0.5,0.3,normal,0.3,81,162,0.21871909882912102,-0.08594132963475805,-0.027730568960986187,0.023100485836901333,0.02217257153213272,0.0018714676259709293,-0.08599102103956142,-0.027652838086642303,0.023260796537255865,0.02213930727568768,0.001468154130635902,0.3,7,14,0,0,5,False,5,1.0360292722012772,False,False,True,9.605280105493344e-05,3.004173899488258e-05,0.0004391605560243129,0.00013735306681358144,0.021776307526906194,True,True,True,True,-0.08599102103853912,-0.027652838086195772,0.023260796535478218,0.022139307275171882,0.0014681541298613287,0.3,7,14,0,0,5,False,5,1.0360292722012772,False,False,True,9.60528013075803e-05,3.0041738975714065e-05,0.0004391605571794332,0.00013735306672594156,0.02177630752645023,True,True,True,True,-0.0859910210391265,-0.027652838086355234,0.02326079653686858,0.022139307275298465,0.0014681541297790583,0.3,7,14,0,0,5,False,5,1.0360292722012772,False,False,True,9.605280122187282e-05,3.0041739004495032e-05,0.0004391605567875722,0.00013735306685753028,0.021776307526857806,True,True,True,True,-0.08599102103890584,-0.02765283808661734,0.023260796536051682,0.022139307275419514,0.0014681541308541478,0.3,7,14,0,0,5,False,5,1.0360292722012772,False,False,True,9.605280110771414e-05,3.004173897970113e-05,0.0004391605562656302,0.0001373530667441707,0.021776307526367396,True,True,True,True,-0.08599102103868093,-0.027652838086432586,0.02326079653566766,0.022139307275382096,0.0014681541300294398,0.3,7,14,0,0,5,False,5,1.0360292722012772,False,False,True,9.605280113072004e-05,3.0041738993846073e-05,0.0004391605563708149,0.00013735306680884245,0.02177630752658957,True,True,True,True,-0.08599102103864123,-0.02765283808611942,0.023260796535747124,0.022139307275179456,0.0014681541296448451,0.3,7,14,0,0,5,False,5,1.0360292722012772,False,False,True,9.605280133978024e-05,3.0041738977705836e-05,0.0004391605573266537,0.00013735306673504807,0.021776307526595165,True,True,True,True
16,0.6,winter,10,0.9,0.54,boundary,0.54,55,110,0.21871909882911048,-0.08585800761660499,-0.027689665508302083,0.022987238953945933,0.021989996441977182,0.0017677148421287626,-0.08585611455620748,-0.02732440407327795,0.022992290052370076,0.02189259031951733,0.001074033641116424,0.54,7,14,0,0,5,False,5,0.526115538956957,False,False,True,8.727357621932802e-05,1.800768733241978e-05,0.0003990212866024863,8.23324868693316e-05,0.021673855811153563,True,True,True,True,-0.08585611455740824,-0.02732440408401956,0.022992290054532828,0.02189259031922445,0.0010740336606188993,0.54,7,14,0,0,5,False,5,0.526115538956957,False,False,True,8.727357498982367e-05,1.8007686968105308e-05,0.0003990212809811009,8.233248520365873e-05,0.021673855804396833,True,True,True,True,-0.08585611455674139,-0.027324404083114217,0.02299229005331164,0.02189259031938175,0.001074033658905573,0.54,7,14,0,0,5,False,5,0.526115538956957,False,False,True,8.727357499092522e-05,1.800768698259828e-05,0.0003990212809861373,8.233248526992167e-05,0.021673855804956534,True,True,True,True,-0.08585611455515525,-0.02732440408665287,0.022992290050407354,0.0218925903182364,0.001074033665607883,0.54,7,14,0,0,5,False,5,0.526115538956957,False,False,True,8.727357463053642e-05,1.8007686874550925e-05,0.00039902127933841286,8.233248477592112e-05,0.021673855801219413,True,True,True,True,-0.08585611455572699,-0.02732440408513873,0.022992290051587285,0.021892590319168053,0.0010740336632566756,0.54,7,14,0,0,5,False,5,0.526115538956957,False,False,True,8.727357475264534e-05,1.8007686935369717e-05,0.00039902127989670396,8.233248505398916e-05,0.0216738558030078,True,True,True,True,-0.08585611455504641,-0.02732440409065164,0.022992290050260628,0.021892590318336683,0.0010740336733319042,0.54,7,14,0,0,5,False,5,0.526115538956957,False,False,True,8.727357413979876e-05,1.8007686750982645e-05,0.00039902127709472374,8.233248421095774e-05,0.02167385579858613,True,True,True,True
16,0.6,winter,10,0.98,0.588,boundary,0.54,55,110,0.2187190988291169,-0.08585800761669408,-0.027689665508633065,0.02298723895414902,0.021989996441900167,0.0017677148429052513,-0.08579004996133964,-0.027254141401872625,0.0228739174683387,0.021835878471777516,0.0010186323131889832,0.588,7,14,0,0,5,False,5,0.24096344462378147,False,False,True,0.00011348853260138847,2.6419525003201922e-05,0.0005188780184672211,0.0001207920348274809,0.021627722484385204,True,True,True,True,-0.08588948043042205,-0.02736967648709296,0.023055588515642052,0.021928301498884493,0.001114908401852503,0.51,7,14,0,0,5,False,5,0.6346818096690997,True,False,True,6.986032124427222e-05,1.4175028542843374e-05,0.00031940658871703475,6.480928560298333e-05,0.021699197133934138,True,True,True,True,-0.08585611455578628,-0.02732440409176227,0.02299229005128591,0.0218925903190881,0.0010740336752225908,0.54,7,14,0,0,5,False,5,0.526115538956957,True,False,True,8.727357386879853e-05,1.8007686703050647e-05,0.0003990212758556788,8.233248399180667e-05,0.021673855798715995,True,True,True,True,-0.08588948043172978,-0.027369676486285643,0.02305558851799601,0.021928301498727522,0.0011149084004336916,0.51,7,14,0,0,5,False,5,0.6346818096690997,True,False,True,6.98603215446899e-05,1.4175028598741221e-05,0.00031940659009056674,6.480928585855246e-05,0.02169919713463884,True,True,True,True,-0.08585611455586674,-0.02732440409173657,0.022992290051629154,0.021892590318687948,0.001074033675158058,0.54,7,14,0,0,5,False,5,0.526115538956957,True,False,True,8.72735739314047e-05,1.8007686709260455e-05,0.0003990212761419189,8.233248402019838e-05,0.02167385579844417,True,True,True,True,-0.08579004996481512,-0.027254141454359216,0.022873917474028838,0.02183587847154507,0.00101863240294134,0.588,7,14,0,0,5,False,5,0.24096344462378147,False,False,True,0.00011348852516805327,2.6419522456736872e-05,0.0005188779844814593,0.00012079202318485314,0.02162772245356901,True,True,True,True
16,0.6,winter,10,1.0,0.6,boundary,0.54,55,110,0.21871909882913462,-0.08585800761666629,-0.027689665508865417,0.022987238954056518,0.02198999644204225,0.0017677148433595147,-0.08583534668932115,-0.027735455359556255,0.022947779014631985,0.02195654593015883,0.0018409329834050364,0.6,11,22,0,0,5,False,1,0.0,True,False,True,2.430046613084713e-05,9.448424582147178e-06,0.00011110353993288387,4.319890047429454e-05,0.021406746612899447,True,True,True,True,-0.08588948043067997,-0.027369676481713897,0.02305558851623205,0.02192830149967346,0.0011149083916850782,0.51,7,14,0,0,5,False,5,0.6346818096690997,True,False,True,6.986032183097998e-05,1.4175028670499664e-05,0.00031940659139948044,6.480928618663214e-05,0.02169919713826918,True,True,True,True,-0.0858561145556974,-0.027324404080055747,0.022992290051502603,0.02189259031753046,0.0010740336539513911,0.54,7,14,0,0,5,False,5,0.526115538956957,True,False,True,8.727357577544351e-05,1.800768716252336e-05,0.00039902128457296925,8.233248609254344e-05,0.021673855804842025,True,True,True,True,-0.08588948043172291,-0.027369676482655706,0.023055588518024053,0.021928301499486078,0.00111490839308871,0.51,7,14,0,0,5,False,5,0.6346818096690997,True,False,True,6.986032182428915e-05,1.417502866126199e-05,0.00031940659136888946,6.48092861443968e-05,0.021699197137874313,True,True,True,True,-0.08585611455657569,-0.0273244040885582,0.02299229005296471,0.021892590318734906,0.0010740336690976597,0.54,7,14,0,0,5,False,5,0.526115538956957,True,False,True,8.727357446177905e-05,1.800768682239633e-05,0.00039902127856679756,8.233248453745733e-05,0.02167385580079172,True,True,True,True,-0.08584112153892115,0.0,0.022960597123021828,0.0,0.0,0.6,3,6,0,0,2,True,1,0.0,True,True,False,0.016905576329750822,0.006227714208591676,0.07729355333051008,0.028473572915810264,0.0,True,True,True,True
16,0.6,winter,18,0.0,0.0,normal,0.0,81,162,0.20894434323591762,-0.08415561526685185,-0.02705723829771981,0.023894258331605252,0.022351793026251243,0.0019940581635559504,-0.08437517064671828,-0.02713447197127767,0.023934205929146534,0.022352740635928146,0.002002079152149727,0.0,7,14,0,0,5,False,5,1.2119405926034492,False,False,True,0.00010301758977687009,5.05987232010022e-05,0.0004930384244025866,0.00024216364232398257,0.021867801557021047,True,True,True,True,-0.0843751706466861,-0.027134471971279352,0.023934205929193212,0.022352740636148997,0.0020020791516296133,0.0,7,14,0,0,5,False,5,1.2119405926034492,False,False,True,0.00010301758976955996,5.059872320035523e-05,0.0004930384243676006,0.0002421636423208862,0.021867801557412858,True,True,True,True,-0.08437517064678815,-0.027134471971271442,0.023934205929133156,0.02235274063614892,0.002002079151946345,0.0,7,14,0,0,5,False,5,1.2119405926034492,False,False,True,0.00010301758979500836,5.059872320280069e-05,0.0004930384244893958,0.00024216364233259008,0.02186780155727711,True,True,True,True,-0.08437517064668028,-0.027134471971403836,0.023934205929028916,0.022352740635960565,0.002002079151871392,0.0,7,14,0,0,5,False,5,1.2119405926034492,False,False,True,0.00010301758979578204,5.059872322757156e-05,0.0004930384244930986,0.00024216364245114254,0.02186780155713415,True,True,True,True,-0.08437517064675858,-0.02713447197135948,0.023934205929129395,0.022352740635988477,0.0020020791523358396,0.0,7,14,0,0,5,False,5,1.2119405926034492,False,False,True,0.00010301758981949224,5.059872322102848e-05,0.0004930384246065747,0.0002421636424198276,0.021867801556993628,True,True,True,True,-0.0843751706466057,-0.027134471971375466,0.02393420592897549,0.022352740635829538,0.0020020791522392598,0.0,7,14,0,0,5,False,5,1.2119405926034492,False,False,True,0.00010301758978012443,5.0598723218050374e-05,0.0004930384244181619,0.0002421636424055745,0.021867801556873536,True,True,True,True
16,0.6,winter,18,0.5,0.3,normal,0.3,81,162,0.20894434323594682,-0.08380869927371497,-0.027031526480847286,0.02297312214946453,0.02208506525971833,0.001816515826337659,-0.0838581005392959,-0.026954324942138303,0.023132399009550077,0.022052148008824973,0.001416055345951301,0.3,7,14,0,0,5,False,5,1.0360292722012772,False,False,True,9.527707625061645e-05,2.9819571708761617e-05,0.0004559926092041958,0.00014271538174684336,0.021701746282292572,True,True,True,True,-0.08385810053920234,-0.02695432494227874,0.023132399009439062,0.022052148008952176,0.0014160553459878404,0.3,7,14,0,0,5,False,5,1.0360292722012772,False,False,True,9.52770761177453e-05,2.9819571720426193e-05,0.00045599260856827933,0.00014271538180266958,0.02170174628235838,True,True,True,True,-0.0838581005393803,-0.026954324942188718,0.02313239900957815,0.02205214800905057,0.0014160553461183925,0.3,7,14,0,0,5,False,5,1.0360292722012772,False,False,True,9.527707617177847e-05,2.9819571702448593e-05,0.0004559926088268801,0.00014271538171662946,0.021701746282412886,True,True,True,True,-0.08385810054032643,-0.026954324942526746,0.023132399011606526,0.022052148009295985,0.0014160553473293717,0.3,7,14,0,0,5,False,5,1.0360292722012772,False,False,True,9.527707609438378e-05,2.9819571693825445e-05,0.00045599260845647195,0.00014271538167535939,0.021701746282527676,True,True,True,True,-0.08385810053982559,-0.026954324942133786,0.02313239901026401,0.022052148009218977,0.0014160553459613163,0.3,7,14,0,0,5,False,5,1.0360292722012772,False,False,True,9.527707618452522e-05,2.981957170425999e-05,0.00045599260888788554,0.00014271538172529871,0.02170174628274554,True,True,True,True,-0.08385810053956068,-0.0269543249421029,0.023132399010100436,0.022052148009129018,0.00141605534596716,0.3,7,14,0,0,5,False,5,1.0360292722012772,False,False,True,9.527707619728237e-05,2.9819571699660398e-05,0.00045599260894894087,0.00014271538170328524,0.02170174628263877,True,True,True,True
16,0.6,winter,18,0.9,0.54,boundary,0.54,55,110,0.20894434323594455,-0.08372616154989912,-0.02699126049462653,0.02286095585425746,0.02190417638658138,0.001714380093894154,-0.08372438449293501,-0.026628743886681565,0.022866142512231562,0.021807663581819358,0.0010259170288353535,0.54,7,14,0,0,5,False,5,0.526115538956957,False,False,True,8.65977487146119e-05,1.787245812734986e-05,0.00041445366442308427,8.553693223064616e-05,0.021599867872121828,True,True,True,True,-0.08372438449280496,-0.026628743881305768,0.022866142512128627,0.0218076635831512,0.0010259170189400911,0.54,7,14,0,0,5,False,5,0.526115538956957,False,False,True,8.659774909419195e-05,1.7872458276011853e-05,0.0004144536662397405,8.553693294213704e-05,0.021599867876694843,True,True,True,True,-0.08372438449237926,-0.02662874388455006,0.022866142511450378,0.021807663581421537,0.0010259170251479383,0.54,7,14,0,0,5,False,5,0.526115538956957,False,False,True,8.65977490155604e-05,1.7872458211237658e-05,0.0004144536658634128,8.55369326321301e-05,0.02159986787295314,True,True,True,True,-0.08372438449280835,-0.026628743885739714,0.022866142511961538,0.021807663583510894,0.0010259170270584654,0.54,7,14,0,0,5,False,5,0.526115538956957,False,False,True,8.659774846808514e-05,1.7872458113963184e-05,0.0004144536632432162,8.553693216657802e-05,0.02159986787415518,True,True,True,True,-0.08372438449211113,-0.02662874387773477,0.022866142510875605,0.02180766358238018,0.0010259170126683307,0.54,7,14,0,0,5,False,5,0.526115538956957,False,False,True,8.659774968743442e-05,1.7872458426975946e-05,0.00041445366907897735,8.553693366464568e-05,0.02159986787803837,True,True,True,True,-0.0837243844903123,-0.026628743880256406,0.022866142507480206,0.021807663581643683,0.0010259170171300195,0.54,7,14,0,0,5,False,5,0.526115538956957,False,False,True,8.65977492990836e-05,1.7872458321411094e-05,0.0004144536672203445,8.553693315941614e-05,0.021599867875374445,True,True,True,True
16,0.6,winter,18,0.98,0.588,boundary,0.54,55,110,0.2089443432359313,-0.08372616155003575,-0.026991260494766273,0.022860955854506797,0.021904176386792217,0.00171438009427194,-0.08365888312915559,-0.026559065796017235,0.02274877003287542,0.021751466581119715,0.0009710668841215588,0.588,7,14,0,0,5,False,5,0.24096344462378147,False,False,True,0.0001126046809415953,2.6219480015703158e-05,0.0005389218927762345,0.00012548547431167928,0.021554132483089964,True,True,True,True,-0.08375745681628359,-0.026673634013040532,0.02292889380924801,0.021843050862854922,0.0010663868443359125,0.51,7,14,0,0,5,False,5,0.6346818096690997,True,False,True,6.932287026054779e-05,1.407029986328304e-05,0.00033177672669640676,6.733994156231087e-05,0.02162501310488262,True,True,True,True,-0.08372438449116264,-0.026628743884809666,0.02286614250910156,0.021807663581205533,0.001025917025393897,0.54,7,14,0,0,5,False,5,0.526115538956957,True,False,True,8.659774893691671e-05,1.787245818033525e-05,0.0004144536654870533,8.553693248423772e-05,0.021599867872350888,True,True,True,True,-0.08375745681692243,-0.026673634011839017,0.022928893810329982,0.021843050863987135,0.0010663868419646852,0.51,7,14,0,0,5,False,5,0.6346818096690997,True,False,True,6.932287023591124e-05,1.4070299877395625e-05,0.00033177672657849717,6.733994162985319e-05,0.021625013106838377,True,True,True,True,-0.08372438449315693,-0.026628743885466228,0.022866142512925073,0.02180766358124513,0.001025917026654929,0.54,7,14,0,0,5,False,5,0.526115538956957,True,False,True,8.659774904977956e-05,1.7872458186116375e-05,0.0004144536660272107,8.553693251190598e-05,0.02159986787248507,True,True,True,True,-0.08365888313613622,-0.02655906574326449,0.022748770044868968,0.021751466583895162,0.0009710667936269345,0.588,7,14,0,0,5,False,5,0.24096344462378147,False,False,True,0.00011260468922380182,2.621948258532845e-05,0.0005389219324145726,0.00012548548660981215,0.021554132518737636,True,True,True,True
16,0.6,winter,18,1.0,0.6,boundary,0.54,55,110,0.20894434323595695,-0.08372616155032152,-0.026991260494626475,0.022860955854975808,0.021904176387031977,0.001714380094098475,-0.0837037114133281,-0.027036787545974005,0.022821863280354973,0.021871032555071578,0.001787194985095718,0.6,11,22,0,0,5,False,1,0.0,True,False,True,2.413026131837734e-05,9.381805935486527e-06,0.00011548654988533231,4.4900980759703215e-05,0.021334254138971498,True,True,True,True,-0.08375745681688261,-0.026673634011935888,0.02292889381063809,0.021843050862589558,0.001066386842208904,0.51,7,14,0,0,5,False,5,0.6346818096690997,True,False,True,6.932287036300923e-05,1.4070299891853418e-05,0.0003317767271867428,6.73399416990394e-05,0.021625013105599604,True,True,True,True,-0.08372438449368338,-0.02662874387676093,0.02286614251377397,0.02180766358239794,0.0010259170101888794,0.54,7,14,0,0,5,False,5,0.526115538956957,True,False,True,8.659774982716986e-05,1.787245843164142e-05,0.0004144536697477215,8.553693368696939e-05,0.02159986787932502,True,True,True,True,-0.08375745681733521,-0.026673634015837788,0.022928893811230526,0.021843050863540506,0.0010663868499025972,0.51,7,14,0,0,5,False,5,0.6346818096690997,True,False,True,6.932286984072562e-05,1.4070299790630426e-05,0.0003317767246871125,6.733994121458986e-05,0.021625013103803763,True,True,True,True,-0.08372438449225648,-0.02662874389214664,0.02286614251105165,0.021807663581259337,0.00102591703869792,0.54,7,14,0,0,5,False,5,0.526115538956957,True,False,True,8.659774797580011e-05,1.7872457914836052e-05,0.0004144536608871334,8.553693121355776e-05,0.02159986786804237,True,True,True,True,-0.08370943554209655,0.0,0.022834568374968306,0.0,0.0,0.6,3,6,0,0,2,True,1,0.0,True,True,False,0.016578606084991784,0.006080907768273254,0.07934460358311722,0.029103002618291504,0.0,True,True,True,True
15,0.15,summer,10,0.0,0.0,normal,0.0,81,162,0.1884061235090004,-0.07755163637072725,-0.024953990978620815,0.020592443401931268,0.019236181611712748,0.0016688374911486559,-0.07756187363878694,-0.02495729430800498,0.02059389113678806,0.019236222481360747,0.0016691475248921388,0.0,7,14,0,0,5,False,5,0.2627141983220549,False,False,True,1.1208173775990524e-06,5.524905405423605e-07,5.94894346703922e-06,2.9324447117344743e-06,0.018839264352582055,True,True,True,True,-0.0775618736392703,-0.024957294307453887,0.020593891139205917,0.019236222478125682,0.0016691475125581467,0.0,7,14,0,0,5,False,5,0.2627141983220549,False,False,True,1.1208173084581788e-06,5.524905155930243e-07,5.948943100061373e-06,2.932444579311304e-06,0.018839264355174135,True,True,True,True,-0.07756187363891218,-0.02495729430760802,0.02059389113600662,0.019236222477169655,0.0016691475229590872,0.0,7,14,0,0,5,False,5,0.2627141983220549,False,False,True,1.1208173250039713e-06,5.524905201201178e-07,5.948943187881196e-06,2.9324446033396816e-06,0.018839264349769836,True,True,True,True,-0.07756187363945467,-0.024957294307335252,0.020593891137626313,0.019236222476155654,0.0016691475265167247,0.0,7,14,0,0,5,False,5,0.2627141983220549,False,False,True,1.1208173321588383e-06,5.524905111074457e-07,5.948943225856963e-06,2.9324445555032744e-06,0.018839264347861776,True,True,True,True,-0.07756187363896251,-0.024957294307656416,0.020593891136990367,0.01923622247887322,0.0016691475265901581,0.0,7,14,0,0,5,False,5,0.2627141983220549,False,False,True,1.1208173506613989e-06,5.524905233632972e-07,5.948943324062691e-06,2.9324446205534506e-06,0.018839264349932147,True,True,True,True,-0.07756187363930771,-0.024957294307308468,0.02059389113644701,0.019236222479081088,0.0016691475262878995,0.0,7,14,0,0,5,False,5,0.2627141983220549,False,False,True,1.120817337847864e-06,5.524905081187298e-07,5.9489432560525085e-06,2.932444539640117e-06,0.01883926435011866,True,True,True,True
15,0.15,summer,10,0.5,0.075,normal,0.075,81,162,0.1884061234243222,-0.07753507653816095,-0.024952819120511185,0.02041227513645274,0.019185799290518904,0.0016366700760441458,-0.07753725124766388,-0.024949623211495468,0.020440271300690906,0.01917939692174695,0.00156813367343201,0.075,7,14,0,0,5,False,5,0.22727458486426985,False,False,True,1.054837524600569e-06,3.301066035271772e-07,5.598743318044382e-06,1.7521012455827763e-06,0.018803746712278274,True,True,True,True,-0.07753726351775429,-0.024949624213550205,0.02044035920671548,0.01917942215529324,0.0015681451053764658,0.075,7,14,0,0,5,False,5,0.22727458486426985,False,False,True,1.0545584924735209e-06,3.301055872724339e-07,5.597262303935198e-06,1.7520958516246351e-06,0.0188037791912621,True,True,True,True,-0.07753726351911651,-0.024949624214306874,0.02044035922373475,0.019179422154366715,0.0015681451140041375,0.075,7,14,0,0,5,False,5,0.22727458486426985,False,False,True,1.0545584762601447e-06,3.3010559249869296e-07,5.597262217879735e-06,1.752095879363962e-06,0.018803779190323888,True,True,True,True,-0.07753726351718888,-0.02494962421492562,0.020440359211600142,0.019179422149943164,0.0015681451203983414,0.075,7,14,0,0,5,False,5,0.22727458486426985,False,False,True,1.0545584593088606e-06,3.301055939328214e-07,5.597262127907691e-06,1.7520958869758612e-06,0.018803779181969304,True,True,True,True,-0.0775372635186157,-0.024949624213914917,0.020440359222479883,0.019179422151606916,0.0015681451070364107,0.075,7,14,0,0,5,False,5,0.22727458486426985,False,False,True,1.0545585364372684e-06,3.301056037899309e-07,5.5972625372808386e-06,1.7520959392942748e-06,0.018803779190560043,True,True,True,True,-0.0775372635160782,-0.02494962421507743,0.02044035920266441,0.019179422145086555,0.0015681451300569396,0.075,7,14,0,0,5,False,5,0.22727458486426985,False,False,True,1.0545585632242178e-06,3.3010557388335247e-07,5.597262679457477e-06,1.7520957805596337e-06,0.018803779172587683,True,True,True,True
15,0.15,summer,10,0.9,0.135,boundary,0.135,55,110,0.18840612324636172,-0.0775310092051678,-0.02495091727312017,0.020389707022845302,0.019151141166941412,0.0016173936963482117,-0.07753071262996301,-0.024934901552872604,0.020389150772040152,0.01913242780739582,0.0014956276397536882,0.135,7,14,0,0,5,False,5,0.11447566540556446,False,False,True,9.720812552379068e-07,1.9881438604000952e-07,5.159499269388415e-06,1.0552437607350895e-06,0.018784027465287432,True,True,True,True,-0.0775307145861923,-0.02493491966673097,0.020389159977030804,0.019132450335456533,0.001495761593782642,0.135,7,14,0,0,5,False,5,0.11447566540556446,False,False,True,9.713157277119883e-07,1.986386718038789e-07,5.155436091861442e-06,1.0543111252500907e-06,0.01878399633811945,True,True,True,True,-0.07753071458680069,-0.02493491967439804,0.020389159980590762,0.019132450353061332,0.00149576165946678,0.135,7,14,0,0,5,False,5,0.11447566540556446,False,False,True,9.713153804801963e-07,1.9863861412376296e-07,5.155434248865122e-06,1.054310819102313e-06,0.01878399632807407,True,True,True,True,-0.07753071457843978,-0.024934919636295804,0.020389159921268454,0.019132450344744558,0.0014957613754619783,0.135,7,14,0,0,5,False,5,0.11447566540556446,False,False,True,9.713164241306055e-07,1.986389083198064e-07,5.155439788230781e-06,1.0543123806016867e-06,0.01878399641938203,True,True,True,True,-0.07753071459178279,-0.024934919649723077,0.020389160016120796,0.01913245035596294,0.001495761472407091,0.135,7,14,0,0,5,False,5,0.11447566540556446,False,False,True,9.713162244908216e-07,1.9863882383274313e-07,5.15543872860607e-06,1.0543119321711272e-06,0.018783996408405283,True,True,True,True,-0.07753071458941993,-0.024934919657910403,0.020389159999477907,0.019132450347906258,0.0014957615337931284,0.135,7,14,0,0,5,False,5,0.11447566540556446,False,False,True,9.713160059807158e-07,1.9863876018467085e-07,5.15543756882367e-06,1.0543115943473283e-06,0.018783996375317434,True,True,True,True
15,0.15,summer,10,0.98,0.147,boundary,0.135,55,110,0.1884061232463102,-0.07753100932313155,-0.024950918832989978,0.02038970755258349,0.019151144501067592,0.0016174061921951388,-0.07752753167586011,-0.024931893796799505,0.020366449591633858,0.019121375132941584,0.0014864156711299756,0.147,7,14,0,0,5,False,5,0.0522756882742889,False,False,True,1.2620550237331038e-06,2.9083600137667246e-07,6.69858814558364e-06,1.543665335104061e-06,0.018774422553797108,True,True,True,True,-0.0775323320383078,-0.024936952571480882,0.020401341369168918,0.01913934051786891,0.0015032805691577533,0.1275,7,14,0,0,5,False,5,0.13832594262969589,True,False,True,7.757494063544146e-07,1.5617965982452103e-07,4.117432029214088e-06,8.289521440889777e-07,0.01878895179818853,True,True,True,True,-0.07753071513572699,-0.024934924680543705,0.020389162566647856,0.01913245666774101,0.0014957986765576422,0.135,7,14,0,0,5,False,5,0.11447566540556446,True,False,True,9.713286906014307e-07,1.9861003735380487e-07,5.155504894772327e-06,1.0541591426630796e-06,0.018783987806788506,True,True,True,True,-0.0775323334872529,-0.02493695899363932,0.020401348577037647,0.019139351337307875,0.001503330722837591,0.1275,7,14,0,0,5,False,5,0.13832594262969589,True,False,True,7.755069208236279e-07,1.5613545713643795e-07,4.1161449928555634e-06,8.287175302275944e-07,0.0187889427665387,True,True,True,True,-0.07753071513493048,-0.02493492473702794,0.020389162559147127,0.01913245665865793,0.00149579909476427,0.135,7,14,0,0,5,False,5,0.11447566540556446,True,False,True,9.713270115894665e-07,1.986095727389564e-07,5.155495983108868e-06,1.0541566766346913e-06,0.01878398763788862,True,True,True,True,-0.07752753343648149,-0.024932113871341484,0.020366457160722846,0.01912148208994555,0.0014879126795692345,0.147,7,14,0,0,5,False,5,0.0522756882742889,False,False,True,1.2523164405536455e-06,2.879914449984695e-07,6.646898832032367e-06,1.5285673312324767e-06,0.018773937787083538,True,True,True,True
15,0.15,summer,10,1.0,0.15,boundary,0.135,55,110,0.18840612323842207,-0.07753100942542565,-0.024950920189350707,0.02038970801108532,0.01915114740093281,0.0016174170608354381,-0.07752989761732176,-0.024952898279026945,0.020381954884455347,0.019144660826219434,0.0016300155628401075,0.15,11,22,0,0,5,False,1,0.0,True,False,True,2.6738181096216257e-07,1.0425318352831584e-07,1.4191779246144736e-06,5.533428624099796e-07,0.018740096327640544,True,True,True,True,-0.07753233138244618,-0.024936949669666437,0.02040133810643176,0.019139335613258354,0.0015032579149032747,0.1275,7,14,0,0,5,False,5,0.13832594262969589,True,False,True,7.760555501270736e-07,1.562174038165807e-07,4.119056943520882e-06,8.291524772732171e-07,0.018788955862029322,True,True,True,True,-0.07753071513301786,-0.02493492470645701,0.020389162546778385,0.01913245666796011,0.0014957988696158561,0.135,7,14,0,0,5,False,5,0.11447566540556446,True,False,True,9.715241509281741e-07,1.9862726679624653e-07,5.156542336465045e-06,1.0542505911280278e-06,0.018783987729517344,True,True,True,True,-0.07753233348353322,-0.024936959006092878,0.020401348549588687,0.01913935133918721,0.0015033308278883655,0.1275,7,14,0,0,5,False,5,0.13832594262969589,True,False,True,7.757028892612858e-07,1.561531076593636e-07,4.117185131396488e-06,8.28811213644881e-07,0.018788942722952746,True,True,True,True,-0.07753071513458101,-0.024934924748823133,0.02038916255751953,0.019132456653051858,0.0014957991794453602,0.135,7,14,0,0,5,False,5,0.11447566540556446,True,False,True,9.715230090785384e-07,1.986269252449922e-07,5.156536275889008e-06,1.0542487782822006e-06,0.01878398760057433,True,True,True,True,-0.07753019700851634,0.0,0.020384533912590614,0.0,0.0,0.15,3,6,0,0,2,True,1,0.0,True,True,False,0.003075278339184767,0.0013856055480953135,0.016322602929911667,0.007354355178477256,0.0,True,True,True,True
15,0.15,summer,18,0.0,0.0,normal,0.0,81,162,0.2168775564520512,-0.08375057265676332,-0.026996173605372906,0.020939003455951958,0.019457219132616128,0.0018217007069569122,-0.0837611195751962,-0.02699955786511625,0.020940343485843664,0.019457253179971313,0.0018219245483421852,0.0,7,14,0,0,5,False,5,0.2627141983220549,False,False,True,1.1494453282428e-06,5.662010726189771e-07,5.299973621276609e-06,2.6106946328683704e-06,0.0190241743595415,True,True,True,True,-0.08376111957493303,-0.02699955786548488,0.020940343485320007,0.01945725317823813,0.0018219245476853137,0.0,7,14,0,0,5,False,5,0.2627141983220549,False,False,True,1.1494453334781954e-06,5.662010898256641e-07,5.299973645416476e-06,2.610694712206626e-06,0.019024174358286006,True,True,True,True,-0.08376111957510256,-0.026999557865733242,0.020940343484532963,0.01945725317667395,0.0018219245576477365,0.0,7,14,0,0,5,False,5,0.2627141983220549,False,False,True,1.1494453756458536e-06,5.66201105216958e-07,5.29997383984719e-06,2.610694783174292e-06,0.019024174353001976,True,True,True,True,-0.08376111957471537,-0.02699955786513863,0.020940343485035685,0.01945725317944396,0.0018219245537273777,0.0,7,14,0,0,5,False,5,0.2627141983220549,False,False,True,1.1494453225858667e-06,5.662010685908849e-07,5.299973595193074e-06,2.6106946142952537e-06,0.01902417435687421,True,True,True,True,-0.08376111957470452,-0.02699955786523631,0.020940343483684877,0.019457253177643546,0.0018219245394135526,0.0,7,14,0,0,5,False,5,0.2627141983220549,False,False,True,1.1494452788985907e-06,5.662010737330302e-07,5.299973393755559e-06,2.6106946380051543e-06,0.01902417436070712,True,True,True,True,-0.08376111957463807,-0.026999557865464548,0.020940343485728312,0.019457253173522156,0.0018219245486314859,0.0,7,14,0,0,5,False,5,0.2627141983220549,False,False,True,1.149445299222611e-06,5.662010853992156e-07,5.299973487467516e-06,2.6106946917967295e-06,0.019024174354147782,True,True,True,True
15,0.15,summer,18,0.5,0.075,normal,0.075,81,162,0.21687755635860947,-0.08373353958839125,-0.02699494045301206,0.020753545610200277,0.01940542211415799,0.0017877910452185832,-0.08373574912740171,-0.026991680540645293,0.020782047865626523,0.019398819273211694,0.0017178085279811084,0.075,7,14,0,0,5,False,5,0.22727458486426985,False,False,True,1.080483204274861e-06,3.3748009204013866e-07,4.981996396567056e-06,1.5560858288264349e-06,0.018987688417799915,True,True,True,True,-0.08373576280762313,-0.026991681660285812,0.020782145889367217,0.01939884739943135,0.0017178212927691596,0.075,7,14,0,0,5,False,5,0.22727458486426985,False,False,True,1.0801719880783843e-06,3.374789047029595e-07,4.980561410846532e-06,1.5560803541374024e-06,0.018987724602435266,True,True,True,True,-0.08373576280996624,-0.026991681658717473,0.020782145902298932,0.019398847410450882,0.0017178212794566855,0.075,7,14,0,0,5,False,5,0.22727458486426985,False,False,True,1.080171980592402e-06,3.374788836007166e-07,4.9805613763294415e-06,1.5560802568371413e-06,0.01898772461899555,True,True,True,True,-0.08373576280888684,-0.026991681660537198,0.020782145894399428,0.019398847405918112,0.0017178213039966668,0.075,7,14,0,0,5,False,5,0.22727458486426985,False,False,True,1.080171916200117e-06,3.3747887234617454e-07,4.98056107942327e-06,1.5560802049436108e-06,0.018987724604278538,True,True,True,True,-0.0837357628105724,-0.026991681660050282,0.020782145905075943,0.019398847411303082,0.0017178212983586939,0.075,7,14,0,0,5,False,5,0.22727458486426985,False,False,True,1.0801718908169926e-06,3.374788704151074e-07,4.980560962384306e-06,1.5560801960396597e-06,0.018987724612845484,True,True,True,True,-0.08373576281094133,-0.026991681659618495,0.020782145907059093,0.019398847408614753,0.0017178212947816908,0.075,7,14,0,0,5,False,5,0.22727458486426985,False,False,True,1.0801720017998302e-06,3.3747887301339293e-07,4.980561474114701e-06,1.556080208020086e-06,0.018987724612420938,True,True,True,True
15,0.15,summer,18,0.9,0.135,boundary,0.135,55,110,0.21687755615996537,-0.08372935377999123,-0.026992941523186514,0.020730299050878472,0.01936979963799929,0.00176753102185198,-0.08372903340256795,-0.02697656093954248,0.02072961276411081,0.019350565113477425,0.0016429856297176186,0.135,7,14,0,0,5,False,5,0.11447566540556446,False,False,True,9.948634584677415e-07,2.0334055336890295e-07,4.5872126008923965e-06,9.375822790022691e-07,0.018967571549404084,True,True,True,True,-0.08372903558641483,-0.026976581119727658,0.02072962304870733,0.019350590219026437,0.0016431348737302644,0.135,7,14,0,0,5,False,5,0.11447566540556446,False,False,True,9.940107620082933e-07,2.0314475898288102e-07,4.583280905632886e-06,9.366794913211063e-07,0.018967536850751785,True,True,True,True,-0.08372903558894,-0.02697658109006267,0.02072962306636315,0.01935059022672411,0.001643134649698421,0.135,7,14,0,0,5,False,5,0.11447566540556446,False,False,True,9.940116319669123e-07,2.031449930232649e-07,4.58328491692218e-06,9.366805704571314e-07,0.018967536946029668,True,True,True,True,-0.08372903559053561,-0.026976581067875424,0.02072962307846723,0.019350590233476034,0.0016431344931753878,0.135,7,14,0,0,5,False,5,0.11447566540556446,False,False,True,9.94012374265496e-07,2.0314520413749122e-07,4.583288339584243e-06,9.366815438830129e-07,0.018967537013684095,True,True,True,True,-0.08372903558520912,-0.02697658110587419,0.020729623038943004,0.01935059021478569,0.0016431347643600918,0.135,7,14,0,0,5,False,5,0.11447566540556446,False,False,True,9.940111559917503e-07,2.0314485539692246e-07,4.583282722249894e-06,9.366799358762882e-07,0.018967536887412408,True,True,True,True,-0.08372903558786478,-0.026976581126477644,0.020729623057013438,0.019350590234624876,0.0016431349243501985,0.135,7,14,0,0,5,False,5,0.11447566540556446,False,False,True,9.940104148961973e-07,2.0314468756430062e-07,4.583279305134881e-06,9.366791620174122e-07,0.01896753684566111,True,True,True,True
15,0.15,summer,18,0.98,0.147,boundary,0.135,55,110,0.21687755615999746,-0.08372935391003102,-0.026992943259766027,0.020730299633081276,0.019369803343009247,0.0017675449356867035,-0.08372576834394961,-0.02697349791339784,0.020706317272147567,0.01933920451132129,0.0016336293688069075,0.147,7,14,0,0,5,False,5,0.0522756882742889,False,False,True,1.2910099303911973e-06,2.9725155468031353e-07,5.952713380073216e-06,1.3705962015775464e-06,0.018957662044743865,True,True,True,True,-0.08373069697379225,-0.026978665229583868,0.020742129728217498,0.019357669433304383,0.0016508737716835738,0.1275,7,14,0,0,5,False,5,0.13832594262969589,True,False,True,7.938124949582667e-07,1.5967617675822126e-07,3.660187384132298e-06,7.362503505914788e-07,0.01897262123717655,True,True,True,True,-0.08372903619514824,-0.026976586723439996,0.02072962591122706,0.019350597250824785,0.001643176313234883,0.135,7,14,0,0,5,False,5,0.11447566540556446,True,False,True,9.940245024033997e-07,2.0311267457787127e-07,4.583344261174154e-06,9.365315534449706e-07,0.01896752726702223,True,True,True,True,-0.0837306985826095,-0.026978672365963737,0.020742137728552833,0.019357681473923537,0.0016509295080739041,0.1275,7,14,0,0,5,False,5,0.13832594262969589,True,False,True,7.935428281268669e-07,1.596269945785166e-07,3.6589439782392477e-06,7.360235766431945e-07,0.018972611202277695,True,True,True,True,-0.0837290361984357,-0.026976586789667193,0.020729625929697973,0.019350597256911378,0.0016431767972903937,0.135,7,14,0,0,5,False,5,0.11447566540556446,True,False,True,9.940223988187322e-07,2.0311210155432281e-07,4.5833345617626305e-06,9.365289112926031e-07,0.01896752708992964,True,True,True,True,-0.08372577029997318,-0.026973743185331987,0.02070632566284882,0.019339323730199986,0.001635297794305603,0.147,7,14,0,0,5,False,5,0.0522756882742889,False,False,True,1.2801561423770105e-06,2.9408299006242897e-07,5.902667685136579e-06,1.3559862775541172e-06,0.018957121506146517,True,True,True,True
15,0.15,summer,18,1.0,0.15,boundary,0.135,55,110,0.2168775561511564,-0.08372935402306961,-0.02699294477199628,0.020730300133836588,0.01936980657577682,0.0017675570528444097,-0.08372821042628409,-0.026994955601275843,0.020722324898920896,0.019363140063377794,0.001780352095928966,0.15,11,22,0,0,5,False,1,0.0,True,False,True,2.730588405334272e-07,1.0648955585052365e-07,1.2590460966975963e-06,4.91012337746484e-07,0.018922795317437808,True,True,True,True,-0.08373069623703291,-0.02697866196108875,0.02074212605799614,0.019357663966768187,0.0016508482474327092,0.1275,7,14,0,0,5,False,5,0.13832594262969589,True,False,True,7.941543010130808e-07,1.5971842928154358e-07,3.661763416679142e-06,7.364451726402948e-07,0.018972625870280372,True,True,True,True,-0.08372903619140917,-0.026976586753881558,0.020729625882671292,0.019350597237159026,0.0016431765417206866,0.135,7,14,0,0,5,False,5,0.11447566540556446,True,False,True,9.942424767789282e-07,2.0313190824376468e-07,4.584349318681803e-06,9.366202379290393e-07,0.018967527163188665,True,True,True,True,-0.08373069858300322,-0.026978672360189977,0.020742137721614276,0.019357681505445878,0.0016509294648422768,0.1275,7,14,0,0,5,False,5,0.13832594262969589,True,False,True,7.937615210994522e-07,1.5964677423856035e-07,3.659952349085984e-06,7.361147786416954e-07,0.018972611243489104,True,True,True,True,-0.08372903619573946,-0.026976586747383687,0.020729625910901557,0.019350597249681047,0.0016431764899389753,0.135,7,14,0,0,5,False,5,0.11447566540556446,True,False,True,9.942426330991974e-07,2.0313195175741586e-07,4.58435003945841e-06,9.366204385659883e-07,0.01896752719834788,True,True,True,True,-0.08372851688896069,0.0,0.02072496542259414,0.0,0.0,0.15,3,6,0,0,2,True,1,0.0,True,True,False,0.0033092270727634356,0.001498496600619683,0.015258504067876046,0.006909412975749695,0.0,True,True,True,True
15,0.15,winter,10,0.0,0.0,normal,0.0,81,162,0.2187190987983787,-0.08413977709350053,-0.027124612981821675,0.02096074038503675,0.019471128922047318,0.0018312981254441996,-0.08415034980427892,-0.0271280038897627,0.020962222264285686,0.019471170882640665,0.0018316156171464236,0.0,7,14,0,0,5,False,5,0.2627141983220549,False,False,True,1.1512616016643926e-06,5.670750783654702e-07,5.263653736638963e-06,2.5927094683588453e-06,0.01903580178648169,True,True,True,True,-0.08415034980430765,-0.02712800389041278,0.02096222226478652,0.01947117088238901,0.0018316156127067698,0.0,7,14,0,0,5,False,5,0.2627141983220549,False,False,True,1.1512616372366322e-06,5.67075114155018e-07,5.26365389927789e-06,2.592709631991322e-06,0.019035801788090265,True,True,True,True,-0.08415034980403051,-0.02712800388996484,0.020962222264362177,0.019471170883206882,0.001831615617343799,0.0,7,14,0,0,5,False,5,0.2627141983220549,False,False,True,1.1512616106580664e-06,5.670750867031203e-07,5.263653777758709e-06,2.5927095064792023e-06,0.019035801786881097,True,True,True,True,-0.08415034980397937,-0.02712800389003224,0.02096222226719943,0.019471170884057438,0.0018316156131823113,0.0,7,14,0,0,5,False,5,0.2627141983220549,False,False,True,1.1512616107786297e-06,5.670750898387979e-07,5.2636537783099335e-06,2.5927095208157533e-06,0.019035801789711537,True,True,True,True,-0.08415034980417542,-0.027128003890363617,0.02096222226699402,0.019471170883149525,0.00183161561357397,0.0,7,14,0,0,5,False,5,0.2627141983220549,False,False,True,1.1512616381846585e-06,5.670751100518981e-07,5.263653903612337e-06,2.5927096132315523e-06,0.01903580178878125,True,True,True,True,-0.08415034980379785,-0.02712800389018832,0.020962222266685628,0.019471170884506457,0.0018316156042653756,0.0,7,14,0,0,5,False,5,0.2627141983220549,False,False,True,1.1512615926681166e-06,5.670750963615321e-07,5.26365369550732e-06,2.59270955063818e-06,0.0190358017934407,True,True,True,True
15,0.15,winter,10,0.5,0.075,normal,0.075,81,162,0.21871909870448938,-0.08412272008733288,-0.02712337743196994,0.020775095339326703,0.019419250476225676,0.0017973763293864975,-0.08412493181628265,-0.027120113469874547,0.02080362949156934,0.019412634905071714,0.001727302286121508,0.075,7,14,0,0,5,False,5,0.22727458486426985,False,False,True,1.0821086476209708e-06,3.379469790191026e-07,4.947481285495804e-06,1.5451187437257208e-06,0.018999254485573727,True,True,True,True,-0.08412494558972354,-0.027120114598909242,0.02080372817919544,0.019412663223045162,0.0017273151657817543,0.075,7,14,0,0,5,False,5,0.22727458486426985,False,False,True,1.0817952100152396e-06,3.3794575072121046e-07,4.946048225431147e-06,1.5451131278563278e-06,0.018999290904240847,True,True,True,True,-0.0841249455871133,-0.02712011459846888,0.020803728158797333,0.019412663216942388,0.0017273151681315047,0.075,7,14,0,0,5,False,5,0.22727458486426985,False,False,True,1.0817953463027052e-06,3.3794573029906574e-07,4.946048848547585e-06,1.545113034484762e-06,0.018999290894558568,True,True,True,True,-0.08412494559082977,-0.027120114599618588,0.020803728189741372,0.019412663225233277,0.0017273151747034643,0.075,7,14,0,0,5,False,5,0.22727458486426985,False,False,True,1.0817951360824092e-06,3.3794574716501256e-07,4.946047887404743e-06,1.545113111597126e-06,0.01899929090451247,True,True,True,True,-0.08412494558773542,-0.027120114598306076,0.020803728162505707,0.019412663217832058,0.0017273151610857028,0.075,7,14,0,0,5,False,5,0.22727458486426985,False,False,True,1.0817953309213459e-06,3.379457469475063e-07,4.946048778222865e-06,1.5451131106026713e-06,0.018999290898717377,True,True,True,True,-0.08412494558977428,-0.02712011459855099,0.020803728176579436,0.01941266322369022,0.0017273151678489803,0.075,7,14,0,0,5,False,5,0.22727458486426985,False,False,True,1.0817952652809274e-06,3.3794573182290347e-07,4.946048478109985e-06,1.5451130414518614e-06,0.01899929090347307,True,True,True,True
15,0.15,winter,10,0.9,0.135,boundary,0.135,55,110,0.21871909850455232,-0.0841185267499441,-0.027121372301106027,0.020751805624896542,0.019383566810848452,0.0017770534781815313,-0.08411820485659233,-0.027104968573643938,0.020751111048478404,0.019364299197178282,0.0016523317997810115,0.135,7,14,0,0,5,False,5,0.11447566540556446,False,False,True,9.963081412101005e-07,2.0362759006557745e-07,4.555194987644683e-06,9.310004999921816e-07,0.01897911258073077,True,True,True,True,-0.08411820704549323,-0.027104988885475287,0.020751121327003814,0.01936432451245173,0.001652482007693578,0.135,7,14,0,0,5,False,5,0.11447566540556446,False,False,True,9.954489765783003e-07,2.0343037441214328e-07,4.551266822991141e-06,9.300988153437784e-07,0.018979077682566497,True,True,True,True,-0.0841182070463128,-0.027104988875823886,0.020751121330441876,0.01936432451987107,0.0016524819424543209,0.135,7,14,0,0,5,False,5,0.11447566540556446,False,False,True,9.954493024912081e-07,2.0343047426186472e-07,4.551268313089217e-06,9.300992718641377e-07,0.018979077714261463,True,True,True,True,-0.08411820704735648,-0.027104988900612546,0.02075112134069129,0.0193643244934618,0.0016524821186660067,0.135,7,14,0,0,5,False,5,0.11447566540556446,False,False,True,9.954487827316255e-07,2.0343028084220091e-07,4.551265936709714e-06,9.300983875350365e-07,0.01897907762690969,True,True,True,True,-0.08411820704489532,-0.027104988913585745,0.02075112132099866,0.019364324508413345,0.001652482217287324,0.135,7,14,0,0,5,False,5,0.11447566540556446,False,False,True,9.954481529593495e-07,2.0343014832865982e-07,4.551263057343988e-06,9.300977816732621e-07,0.018979077597902603,True,True,True,True,-0.08411820705063765,-0.02710498890523639,0.020751121366550742,0.019364324485395705,0.0016524821489769426,0.135,7,14,0,0,5,False,5,0.11447566540556446,False,False,True,9.954487714342389e-07,2.0343025051678231e-07,4.551265885057221e-06,9.300982488849652e-07,0.018979077613292917,True,True,True,True
15,0.15,winter,10,0.98,0.147,boundary,0.135,55,110,0.21871909850451857,-0.0841185268806397,-0.027121374048295642,0.02075180620752808,0.019383570538301097,0.001777067478246098,-0.08411493443626882,-0.02710190238986338,0.02072777766876,0.019352919140589342,0.0016429687133893722,0.147,7,14,0,0,5,False,5,0.0522756882742889,False,False,True,1.292830448509398e-06,2.9765386771526386e-07,5.910917049992729e-06,1.360895640803469e-06,0.01896918289859497,True,True,True,True,-0.08411987121829505,-0.02710707627237475,0.020763648628292823,0.01937141570720866,0.0016602350898987804,0.1275,7,14,0,0,5,False,5,0.13832594262969589,True,False,True,7.949562394367338e-07,1.5989752950920448e-07,3.634599103929237e-06,7.310634078253625e-07,0.018984170148354435,True,True,True,True,-0.08411820765857948,-0.027104994583612544,0.020751124207636203,0.019364331599611873,0.001652524150809288,0.135,7,14,0,0,5,False,5,0.11447566540556446,True,False,True,9.95460870728028e-07,2.0339758188291553e-07,4.551321203929809e-06,9.299488854591886e-07,0.018979067877633586,True,True,True,True,-0.0841198728467562,-0.02710708346021022,0.02076365673941132,0.019371427849527795,0.00166029123367881,0.1275,7,14,0,0,5,False,5,0.13832594262969589,True,False,True,7.946847756044179e-07,1.5984802588284135e-07,3.633357951079888e-06,7.308370735605378e-07,0.018984160060161532,True,True,True,True,-0.08411820766064526,-0.027104994581965795,0.02075112422221896,0.01936433158293088,0.0016525241311743605,0.135,7,14,0,0,5,False,5,0.11447566540556446,True,False,True,9.954611197519198e-07,2.033976053408547e-07,4.55132234248558e-06,9.299489927106327e-07,0.018979067874056066,True,True,True,True,-0.08411493642865567,-0.027102148684941207,0.020727786276794703,0.019353039146343204,0.001644644102734368,0.147,7,14,0,0,5,False,5,0.0522756882742889,False,False,True,1.2819286835967156e-06,2.944718959479032e-07,5.861073369275212e-06,1.3463474290143878e-06,0.01896864035965093,True,True,True,True
15,0.15,winter,10,1.0,0.15,boundary,0.135,55,110,0.2187190984957151,-0.08411852699493001,-0.027121375568391025,0.02075180671652739,0.019383573791131488,0.0017770796570843073,-0.08411738138383996,-0.02712338845702704,0.020743817406319743,0.019376895878244888,0.0017898870425481236,0.15,11,22,0,0,5,False,1,0.0,True,False,True,2.734179361798747e-07,1.0663107336567084e-07,1.2500871577304492e-06,4.875252051560548e-07,0.018934282700549785,True,True,True,True,-0.08411987048623001,-0.02710707297750834,0.020763645009254438,0.019371410184350644,0.0016602093646116342,0.1275,7,14,0,0,5,False,5,0.13832594262969589,True,False,True,7.953009769539124e-07,1.599401688512755e-07,3.6361752696666907e-06,7.312583581008536e-07,0.018984174821615823,True,True,True,True,-0.08411820766734049,-0.02710499458079552,0.02075112427374918,0.019364331593067358,0.0016525241247897582,0.135,7,14,0,0,5,False,5,0.11447566540556446,True,False,True,9.956814907051761e-07,2.034172195932102e-07,4.552329895071702e-06,9.300386705699381e-07,0.018979067894030147,True,True,True,True,-0.08411987283837058,-0.0271070834645418,0.020763656676008775,0.019371427835983068,0.0016602912729772941,0.1275,7,14,0,0,5,False,5,0.13832594262969589,True,False,True,7.949049570295935e-07,1.5986789396821816e-07,3.634364637092569e-06,7.309279119552978e-07,0.018984160022649365,True,True,True,True,-0.08411820766490967,-0.02710499457438642,0.020751124257248486,0.019364331557747732,0.0016525240766444252,0.135,7,14,0,0,5,False,5,0.11447566540556446,True,False,True,9.956820649793113e-07,2.0341731865076503e-07,4.5523325206957984e-06,9.300391234684526e-07,0.018979067880511142,True,True,True,True,-0.08411768829173784,0.0,0.02074646180758499,0.0,0.0,0.15,3,6,0,0,2,True,1,0.0,True,True,False,0.0033239403201416693,0.0015055970748869864,0.015197302581268586,0.006883701904598341,0.0,True,True,True,True
15,0.15,winter,18,0.0,0.0,normal,0.0,81,162,0.20894434320632108,-0.08205839600805806,-0.026438049196663694,0.020843917074227825,0.019396755976824692,0.0017796070512003138,-0.08206886208658706,-0.026441412314977323,0.02084539453997069,0.01939679794799216,0.0017799264437777503,0.0,7,14,0,0,5,False,5,0.2627141983220549,False,False,True,1.1415754045725895e-06,5.624353912826808e-07,5.463538218143319e-06,2.6917952534723884e-06,0.018973645784097524,True,True,True,True,-0.08206886208654288,-0.026441412314869017,0.0208453945408311,0.019396797948481887,0.0017799264444654749,0.0,7,14,0,0,5,False,5,0.2627141983220549,False,False,True,1.141575400715432e-06,5.624353849034253e-07,5.463538199683103e-06,2.6917952229415043e-06,0.0189736457843889,True,True,True,True,-0.08206886208671943,-0.02644141231463183,0.020845394539569125,0.01939679794855097,0.0017799264445777653,0.0,7,14,0,0,5,False,5,0.2627141983220549,False,False,True,1.1415753890077832e-06,5.624353738779178e-07,5.463538143650724e-06,2.691795170173828e-06,0.018973645784169005,True,True,True,True,-0.08206886208644334,-0.0264414123145899,0.020845394543051534,0.019396797945637874,0.0017799264514605168,0.0,7,14,0,0,5,False,5,0.2627141983220549,False,False,True,1.1415753838886142e-06,5.624353685335802e-07,5.463538119150568e-06,2.6917951445960236e-06,0.01897364577976603,True,True,True,True,-0.08206886208676911,-0.026441412314487392,0.02084539454347962,0.01939679794570758,0.0017799264428630236,0.0,7,14,0,0,5,False,5,0.2627141983220549,False,False,True,1.1415753662178535e-06,5.624353664657915e-07,5.463538034578952e-06,2.6917951346996625e-06,0.018973645783235925,True,True,True,True,-0.08206886208680628,-0.026441412314361645,0.02084539454073918,0.019396797949708076,0.0017799264473267978,0.0,7,14,0,0,5,False,5,0.2627141983220549,False,False,True,1.1415753878776108e-06,5.624353601123822e-07,5.4635381382417605e-06,2.691795104292477e-06,0.018973645784262423,True,True,True,True
15,0.15,winter,18,0.5,0.075,normal,0.075,81,162,0.20894434311553878,-0.08204149751949392,-0.026436834072677544,0.020660022194319817,0.019345354010350476,0.0017462503740283577,-0.08204369754286363,-0.02643359171765955,0.02068838595313338,0.019338806335912638,0.0016766647076892503,0.075,7,14,0,0,5,False,5,0.22727458486426985,False,False,True,1.073437571926265e-06,3.3545559369009983e-07,5.137433040399147e-06,1.605478227781476e-06,0.01893742588786884,True,True,True,True,-0.08204371082877825,-0.026433592805757744,0.02068848114453878,0.01933883365483124,0.001676677126473715,0.075,7,14,0,0,5,False,5,0.22727458486426985,False,False,True,1.0731352778426198e-06,3.354544154479815e-07,5.135986271948096e-06,1.6054725887577017e-06,0.018937461026698882,True,True,True,True,-0.0820437108273861,-0.02643359280495615,0.020688481137437598,0.01933883364836756,0.0016766771129661147,0.075,7,14,0,0,5,False,5,0.22727458486426985,False,False,True,1.0731354148207223e-06,3.3545443629444236e-07,5.135986927520295e-06,1.6054726885281025e-06,0.018937461025377415,True,True,True,True,-0.08204371083038257,-0.026433592805037022,0.020688481159510313,0.019338833656557995,0.0016766771053062365,0.075,7,14,0,0,5,False,5,0.22727458486426985,False,False,True,1.073135269917102e-06,3.3545445889402785e-07,5.135986234016856e-06,1.6054727966888937e-06,0.01893746103914004,True,True,True,True,-0.08204371083009883,-0.026433592805921644,0.02068848115424994,0.019338833659251882,0.001676677125261786,0.075,7,14,0,0,5,False,5,0.22727458486426985,False,False,True,1.0731351900556373e-06,3.354544216725483e-07,5.135985851802802e-06,1.605472618548251e-06,0.018937461032578123,True,True,True,True,-0.08204371082921308,-0.026433592804120873,0.020688481143227293,0.019338833660505105,0.0016766770994228514,0.075,7,14,0,0,5,False,5,0.22727458486426985,False,False,True,1.073135266715453e-06,3.35454435783926e-07,5.135986218693881e-06,1.6054726860847898e-06,0.018937461041606214,True,True,True,True
15,0.15,winter,18,0.9,0.135,boundary,0.135,55,110,0.20894434292268677,-0.08203734431951896,-0.02643486195632701,0.020636962490803108,0.019309996693356864,0.00172626202449564,-0.08203703052477342,-0.026418581558616802,0.020636312241518153,0.01929090543197019,0.0016024798213596174,0.135,7,14,0,0,5,False,5,0.11447566540556446,False,False,True,9.886074610965592e-07,2.0209783330342585e-07,4.731439230505332e-06,9.672328548191696e-07,0.018917418000777477,True,True,True,True,-0.08203703264470533,-0.026418601158015184,0.020636322217028866,0.01929092986867456,0.0016026247607492385,0.135,7,14,0,0,5,False,5,0.11447566540556446,False,False,True,9.877785241930656e-07,2.019075754874008e-07,4.727471968736487e-06,9.663222878549542e-07,0.018917384352947215,True,True,True,True,-0.08203703263995661,-0.026418601175457843,0.020636322181123535,0.019290929863941885,0.0016026249004502794,0.135,7,14,0,0,5,False,5,0.11447566540556446,False,False,True,9.877780283648607e-07,2.0190745737097655e-07,4.727469595720793e-06,9.663217225540584e-07,0.018917384289151427,True,True,True,True,-0.08203703264586718,-0.026418601164829452,0.02063632222561121,0.01929092986659514,0.0016026248047413618,0.135,7,14,0,0,5,False,5,0.11447566540556446,False,False,True,9.877782950785952e-07,2.0190750180590415e-07,4.7274708722029926e-06,9.663219352180003e-07,0.018917384335924416,True,True,True,True,-0.08203703264423787,-0.026418601162040287,0.020636322213061952,0.01929092986679159,0.001602624791789596,0.135,7,14,0,0,5,False,5,0.11447566540556446,False,False,True,9.877784269548759e-07,2.0190754808192184e-07,4.727471503358059e-06,9.663221566933321e-07,0.018917384338805382,True,True,True,True,-0.08203703264575368,-0.026418601150545284,0.020636322225462363,0.01929092985799079,0.0016026247076130888,0.135,7,14,0,0,5,False,5,0.11447566540556446,False,False,True,9.87778945996283e-07,2.0190766755322845e-07,4.7274739874712915e-06,9.663227284786454e-07,0.018917384366024602,True,True,True,True
15,0.15,winter,18,0.98,0.147,boundary,0.135,55,110,0.20894434292264644,-0.08203734444638684,-0.026434863640428276,0.020636963059525337,0.019310000293008094,0.0017262755161727213,-0.08203378857460264,-0.026415533625573258,0.0206131800292966,0.019279629523011852,0.0015931626764178247,0.147,7,14,0,0,5,False,5,0.0522756882742889,False,False,True,1.2830613678998376e-06,2.954910566450542e-07,6.140684882647632e-06,1.4142094134343152e-06,0.01890759244152117,True,True,True,True,-0.08203868194559205,-0.0264206712061038,0.020648739427749214,0.01929795709546456,0.0016103032211895552,0.1275,7,14,0,0,5,False,5,0.13832594262969589,True,False,True,7.888517970788822e-07,1.5871615415035296e-07,3.775415912413212e-06,7.59609721566434e-07,0.018922433258694447,True,True,True,True,-0.08203703323846333,-0.026418606684866876,0.02063632501055647,0.019290936687602744,0.0016026656292050644,0.135,7,14,0,0,5,False,5,0.11447566540556446,True,False,True,9.877893907628624e-07,2.018757084474352e-07,4.727523975743882e-06,9.661697733648231e-07,0.018917374802672283,True,True,True,True,-0.08203868351502133,-0.026420678164542567,0.02064874723221539,0.019297968830123614,0.0016103575766694116,0.1275,7,14,0,0,5,False,5,0.13832594262969589,True,False,True,7.885890635096066e-07,1.5866824143492998e-07,3.7741584791388736e-06,7.593804130589492e-07,0.01892242346894712,True,True,True,True,-0.08203703324224805,-0.02641860664748784,0.02063632504084854,0.019290936675370532,0.0016026653617095849,0.135,7,14,0,0,5,False,5,0.11447566540556446,True,False,True,9.877909186387784e-07,2.0187609070793291e-07,4.727531288102257e-06,9.66171602849615e-07,0.01891737490046971,True,True,True,True,-0.0820337905434456,-0.026415772298368573,0.020613188648505608,0.019279745323674914,0.0015947862096834474,0.147,7,14,0,0,5,False,5,0.0522756882742889,False,False,True,1.2725043756905974e-06,2.9240768099576633e-07,6.090159503201735e-06,1.3994524901017252e-06,0.01890706641904067,True,True,True,True
15,0.15,winter,18,1.0,0.15,boundary,0.135,55,110,0.20894434291405795,-0.08203734455627813,-0.02643486510961785,0.02063696354868275,0.01931000343092728,0.0017262872872979037,-0.08203620970851233,-0.026436866985555005,0.020629049444714432,0.019303386404691206,0.0017390286469173386,0.15,11,22,0,0,5,False,1,0.0,True,False,True,2.715008599208507e-07,1.0587572353340291e-07,1.2993932074654122e-06,5.067173490164854e-07,0.01887287407091267,True,True,True,True,-0.08203868123462718,-0.02642066804287313,0.02064873589496031,0.019297951772228237,0.0016102785234067022,0.1275,7,14,0,0,5,False,5,0.13832594262969589,True,False,True,7.891839606853981e-07,1.5875719532336612e-07,3.7770056354672486e-06,7.59806143153947e-07,0.018922437716335228,True,True,True,True,-0.08203703323918217,-0.026418606635972328,0.02063632501842896,0.019290936697420442,0.0016026652700230574,0.135,7,14,0,0,5,False,5,0.11447566540556446,True,False,True,9.880034852966305e-07,2.0189504357031471e-07,4.728548624563679e-06,9.662623105970249e-07,0.018917374949692378,True,True,True,True,-0.08203868351085897,-0.026420678148612108,0.020648747205540864,0.01929796880867539,0.0016103574477520973,0.1275,7,14,0,0,5,False,5,0.13832594262969589,True,False,True,7.888022183870358e-07,1.5868756374561367e-07,3.7751786307585384e-06,7.594728889639492e-07,0.018922423495950424,True,True,True,True,-0.08203703323972679,-0.026418606649443312,0.020636325025784028,0.019290936677198466,0.001602665375274247,0.135,7,14,0,0,5,False,5,0.11447566540556446,True,False,True,9.880033654428508e-07,2.0189497985561715e-07,4.728548050947864e-06,9.662620056608073e-07,0.01891737489408733,True,True,True,True,-0.08203651422932139,0.0,0.020631673083782782,0.0,0.0,0.15,3,6,0,0,2,True,1,0.0,True,True,False,0.0032452915841000504,0.0014676427726420809,0.015531847088269287,0.007024084749907515,0.0,True,True,True,True
15,0.3,summer,10,0.0,0.0,normal,0.0,81,162,0.1884061233404478,-0.07757532045654388,-0.02498156171745574,0.020590779321381016,0.019237826733383583,0.0016711657180931122,-0.0776162875934687,-0.0249947772222432,0.02059675215473007,0.019237952286592523,0.0016723230814789725,0.0,7,14,0,0,5,False,5,0.5424942396007537,False,False,True,9.009099435892606e-06,4.4211201964611805e-06,4.781744497557153e-05,2.346590502513692e-05,0.018839970954523593,True,True,True,True,-0.07761628759350712,-0.024994777222032794,0.020596752155015007,0.019237952285934556,0.0016723230833270196,0.0,7,14,0,0,5,False,5,0.5424942396007537,False,False,True,9.009099416068186e-06,4.421120174251231e-06,4.78174448703498e-05,2.346590490725355e-05,0.018839970953322637,True,True,True,True,-0.07761628759343685,-0.02499477722248979,0.02059675215452775,0.019237952286155994,0.0016723230840039397,0.0,7,14,0,0,5,False,5,0.5424942396007537,False,False,True,9.009099486475408e-06,4.421120222664519e-06,4.781744524404902e-05,2.346590516421594e-05,0.0188399709531505,True,True,True,True,-0.07761628759356375,-0.02499477722201488,0.020596752154732695,0.01923795228615106,0.001672323083429549,0.0,7,14,0,0,5,False,5,0.5424942396007537,False,False,True,9.009099421810121e-06,4.421120173562187e-06,4.781744490082617e-05,2.346590490359632e-05,0.018839970953407222,True,True,True,True,-0.07761628759342273,-0.024994777222455866,0.020596752155085028,0.019237952286721895,0.0016723230831879362,0.0,7,14,0,0,5,False,5,0.5424942396007537,False,False,True,9.009099486673167e-06,4.421120218747079e-06,4.781744524509866e-05,2.346590514342341e-05,0.018839970954031462,True,True,True,True,-0.07761628759339291,-0.02499477722225057,0.020596752154518037,0.01923795228625806,0.00167232308424403,0.0,7,14,0,0,5,False,5,0.5424942396007537,False,False,True,9.00909945315137e-06,4.421120195617328e-06,4.7817445067175585e-05,2.346590502065802e-05,0.018839970953138756,True,True,True,True
15,0.3,summer,10,0.5,0.15,normal,0.15,81,162,0.18840612237253712,-0.07750953084946856,-0.024976908464440645,0.020234850457507395,0.019137508678859244,0.0016071907184905163,-0.07751806497438919,-0.024964059179836608,0.020290204281429382,0.019124745348943352,0.0014700774991820934,0.15,7,14,0,0,5,False,5,0.46793139540280826,False,False,True,8.420917192641583e-06,2.6259795429502274e-06,4.4695560242945966e-05,1.393786735739858e-05,0.01876946863491449,True,True,True,True,-0.07751816020574981,-0.024964066972723006,0.02029054544804177,0.019124843253107024,0.0014701219454257702,0.15,7,14,0,0,5,False,5,0.46793139540280826,False,False,True,8.416584474774374e-06,2.6259530735109073e-06,4.467256354935317e-05,1.393772686600166e-05,0.018769595189811243,True,True,True,True,-0.07751816020565741,-0.024964066973001624,0.020290545448049747,0.019124843251621764,0.001470121946430568,0.15,7,14,0,0,5,False,5,0.46793139540280826,False,False,True,8.416584534077197e-06,2.625953088679876e-06,4.467256386411376e-05,1.3937726946513741e-05,0.018769595188215058,True,True,True,True,-0.07751816020398197,-0.02496406697365286,0.020290545440125353,0.019124843251214302,0.0014701219543287818,0.15,7,14,0,0,5,False,5,0.46793139540280826,False,False,True,8.416584470273634e-06,2.6259530261514516e-06,4.467256352546466e-05,1.3937726614632677e-05,0.018769595183289925,True,True,True,True,-0.07751816020509741,-0.024964066972380707,0.020290545446200958,0.019124843251298526,0.0014701219450381714,0.15,7,14,0,0,5,False,5,0.46793139540280826,False,False,True,8.416584679777489e-06,2.6259530637120274e-06,4.4672564637444746e-05,1.3937726813992311e-05,0.01876959518814848,True,True,True,True,-0.07751816020491825,-0.024964066972678348,0.020290545443696496,0.019124843252168316,0.0014701219465916816,0.15,7,14,0,0,5,False,5,0.46793139540280826,False,False,True,8.416584554425937e-06,2.625953056683625e-06,4.4672563972118425e-05,1.3937726776687779e-05,0.018769595187770733,True,True,True,True
15,0.3,summer,10,0.9,0.27,boundary,0.27,55,110,0.18840612045386848,-0.07749352788759613,-0.024969411386632313,0.02019069968771527,0.019068821999936814,0.0015691795040676114,-0.07749245576896588,-0.02490526885486934,0.020189966189531634,0.01903182183385824,0.0013255850021914482,0.27,7,14,0,0,5,False,5,0.23616699075177305,False,False,True,7.762159200456337e-06,1.5901624883441594e-06,4.119908197120864e-05,8.440078722036597e-06,0.018730769880305927,True,True,True,True,-0.07749244201935053,-0.024905141708825573,0.020189933837246373,0.019031742657781413,0.00132511485482236,0.27,7,14,0,0,5,False,5,0.23616699075177305,False,False,True,7.772909243610598e-06,1.592639062268278e-06,4.1256139794640097e-05,8.453223591843122e-06,0.01873087572179741,True,True,True,True,-0.07749244202042574,-0.02490514171371008,0.020189933840746778,0.019031742663859347,0.001325114872798123,0.27,7,14,0,0,5,False,5,0.23616699075177305,False,False,True,7.772908689834823e-06,1.5926389483926244e-06,4.125613685537372e-05,8.45322298742723e-06,0.018730875720667384,True,True,True,True,-0.07749244202331934,-0.02490514170347598,0.020189933851521954,0.01903174266565336,0.0013251148375271605,0.27,7,14,0,0,5,False,5,0.23616699075177305,False,False,True,7.772909516277036e-06,1.5926391717358767e-06,4.1256141241867167e-05,8.453224172862456e-06,0.018730875737275197,True,True,True,True,-0.0774924420214208,-0.024905141699276906,0.02018993384442954,0.019031742662793654,0.0013251148200406713,0.27,7,14,0,0,5,False,5,0.23616699075177305,False,False,True,7.772909744308172e-06,1.5926392195321426e-06,4.1256142452184196e-05,8.453224426549893e-06,0.018730875740275016,True,True,True,True,-0.07749244202097663,-0.02490514170603798,0.020189933843040755,0.019031742662599205,0.0013251148470162036,0.27,7,14,0,0,5,False,5,0.23616699075177305,False,False,True,7.77290937844545e-06,1.5926391292045682e-06,4.125614051030077e-05,8.453223947119745e-06,0.018730875729720934,True,True,True,True
15,0.3,summer,10,0.98,0.294,boundary,0.27,55,110,0.18840612038221136,-0.07749352880207719,-0.024969423555482408,0.020190701730414116,0.01906883500013497,0.001569228252298142,-0.0774799514511924,-0.024892957307698096,0.0201453113944733,0.019010094544432737,0.001306101527845895,0.294,7,14,0,0,5,False,5,0.10792572146068755,False,False,True,1.0095243725586484e-05,2.3325480680918052e-06,5.358235552596008e-05,1.2380426195071932e-05,0.01871245466727938,True,True,True,True,-0.07749886754320753,-0.024914258261651213,0.020214133355484044,0.019045301587124377,0.0013439171819849389,0.255,7,14,0,0,5,False,5,0.28525438203523307,True,False,True,6.161981923870526e-06,1.2386174982124475e-06,3.2705847938325884e-05,6.574189286949478e-06,0.01873917254055098,True,True,True,True,-0.07749244630071142,-0.02490518128498433,0.02018994391403828,0.019031767303684534,0.0013252611946203959,0.27,7,14,0,0,5,False,5,0.23616699075177305,True,False,True,7.773085657213075e-06,1.59218063992562e-06,4.125707615784536e-05,8.450790434491362e-06,0.01873084278299789,True,True,True,True,-0.07749885277969822,-0.02491419270862679,0.020214096678105403,0.01904524634249585,0.0013436611902658754,0.255,7,14,0,0,5,False,5,0.28525438203523307,True,False,True,6.166933425592186e-06,1.2395195397177266e-06,3.273212894083056e-05,6.578977037493086e-06,0.018739217061538468,True,True,True,True,-0.07749244629955063,-0.0249051812652018,0.02018994391063162,0.019031767300529582,0.0013252611225300123,0.27,7,14,0,0,5,False,5,0.23616699075177305,True,False,True,7.77308702954154e-06,1.5921810009661125e-06,4.12570834417301e-05,8.45079235077992e-06,0.018730842806941147,True,True,True,True,-0.07747993893204078,-0.024891412060384862,0.02014528429727477,0.019009719018138926,0.0013008458640884556,0.294,7,14,0,0,5,False,5,0.10792572146068755,False,False,True,1.02319901465215e-05,2.3727092087201674e-06,5.430816220706792e-05,1.2593588806492883e-05,0.018714120446234345,True,True,True,True
15,0.3,summer,10,1.0,0.3,boundary,0.27,55,110,0.18840612045382932,-0.07749352775948198,-0.024969409688816384,0.020190699400720654,0.019068820186226954,0.001569172701880389,-0.07748917084343744,-0.024977342727486314,0.02017552275613936,0.019055987845495913,0.0015945506845161223,0.3,11,22,0,0,5,False,1,0.0,True,False,True,2.1207985616365083e-06,8.26207659713661e-07,1.1256526892693116e-05,4.385248513814236e-06,0.018641595367639277,True,True,True,True,-0.0774988675410303,-0.02491425827327145,0.02021413334602468,0.01904530158856,0.0013439172282338446,0.255,7,14,0,0,5,False,5,0.28525438203523307,True,False,True,6.157967325345383e-06,1.2382543380738973e-06,3.268453970875352e-05,6.572261745484766e-06,0.018739172522665496,True,True,True,True,-0.07749244629752076,-0.024905181254044572,0.02018994390252044,0.019031767307091472,0.001325261080609632,0.27,7,14,0,0,5,False,5,0.23616699075177305,True,False,True,7.769073415194415e-06,1.5918248866701166e-06,4.123578043261232e-05,8.448902205702007e-06,0.018730842826776846,True,True,True,True,-0.07749885278153171,-0.024914192711813336,0.02021409668417088,0.01904524634334991,0.0013436612026736584,0.255,7,14,0,0,5,False,5,0.28525438203523307,True,False,True,6.1629194673205184e-06,1.2391564866965942e-06,3.2710824109510814e-05,6.577050064571873e-06,0.018739217058607337,True,True,True,True,-0.07749244629667361,-0.024905181282152918,0.020189943899498044,0.019031767302758247,0.0013252611853846223,0.27,7,14,0,0,5,False,5,0.23616699075177305,True,False,True,7.769071839889424e-06,1.5918244387560678e-06,4.123577207139249e-05,8.448899828316137e-06,0.018730842783221097,True,True,True,True,-0.07749036733477112,0.0,0.02018070563953495,0.0,0.0,0.3,3,6,0,0,2,True,1,0.0,True,True,False,0.006615864814518176,0.00277150557373488,0.0351149145186048,0.014710273567859295,0.0,True,True,True,True
15,0.3,summer,18,0.0,0.0,normal,0.0,81,162,0.21687755626872451,-0.08377491481161688,-0.027024333785307542,0.020937171111290436,0.01945890176944717,0.0018240179927308273,-0.08381714710800647,-0.027037879543781534,0.02094331881928207,0.019459033224901445,0.0018252316160927197,0.0,7,14,0,0,5,False,5,0.5424942396007537,False,False,True,9.239598594130288e-06,4.530871077354026e-06,4.260283430472567e-05,2.0891378321046742e-05,0.019024892236384594,True,True,True,True,-0.08381714710803291,-0.0270378795436293,0.020943318820854425,0.01945903322501585,0.0018252316145271478,0.0,7,14,0,0,5,False,5,0.5424942396007537,False,False,True,9.239598568208315e-06,4.530871061318873e-06,4.260283418520213e-05,2.089137824711031e-05,0.019024892237375367,True,True,True,True,-0.08381714710793617,-0.027037879543465385,0.020943318819779812,0.01945903322439459,0.0018252316151288284,0.0,7,14,0,0,5,False,5,0.5424942396007537,False,False,True,9.239598524548795e-06,4.530871041190564e-06,4.2602833983892596e-05,2.0891378154300754e-05,0.019024892236437045,True,True,True,True,-0.08381714710801833,-0.0270378795435096,0.020943318820319193,0.01945903322571175,0.001825231614957677,0.0,7,14,0,0,5,False,5,0.5424942396007537,False,False,True,9.239598566086749e-06,4.530871048058034e-06,4.26028341754198e-05,2.089137818596595e-05,0.019024892237677067,True,True,True,True,-0.08381714710788368,-0.027037879543698407,0.0209433188201354,0.019459033224508697,0.0018252316158270305,0.0,7,14,0,0,5,False,5,0.5424942396007537,False,False,True,9.239598566468388e-06,4.530871065530325e-06,4.2602834177179504e-05,2.089137826652888e-05,0.019024892236324864,True,True,True,True,-0.0838171471078571,-0.027037879543599753,0.020943318819802013,0.01945903322511532,0.0018252316161644234,0.0,7,14,0,0,5,False,5,0.5424942396007537,False,False,True,9.239598564744073e-06,4.530871054290448e-06,4.2602834169228866e-05,2.0891378214702965e-05,0.019024892236627136,True,True,True,True
15,0.3,summer,18,0.5,0.15,normal,0.15,81,162,0.21687755519537616,-0.08370727366610338,-0.027019443717922496,0.020571097088651725,0.01935579143431719,0.001756779973816717,-0.08371593647087021,-0.02700633587689297,0.020627418833870727,0.019342628708673575,0.0016167664889981453,0.15,7,14,0,0,5,False,5,0.46793139540280826,False,False,True,8.624629384088728e-06,2.6843554041630734e-06,3.976727502446784e-05,1.2377285430688515e-05,0.018952476006547498,True,True,True,True,-0.08371604258455241,-0.027006344560331175,0.020627798984739446,0.019342737799915535,0.0016168160166642144,0.15,7,14,0,0,5,False,5,0.46793139540280826,False,False,True,8.619801663729398e-06,2.6843242418898437e-06,3.9745014904673605e-05,1.2377141744666225e-05,0.018952616916697525,True,True,True,True,-0.08371604258734527,-0.027006344561093718,0.02062779899522279,0.019342737802364843,0.001616816019749678,0.15,7,14,0,0,5,False,5,0.46793139540280826,False,False,True,8.61980145328619e-06,2.6843242571167017e-06,3.974501393434172e-05,1.2377141814875695e-05,0.018952616919456683,True,True,True,True,-0.08371604258551205,-0.027006344561348088,0.020627798987719676,0.01934273780186242,0.0016168160227190175,0.15,7,14,0,0,5,False,5,0.46793139540280826,False,False,True,8.619801391190028e-06,2.6843242281565165e-06,3.974501364802273e-05,1.2377141681343273e-05,0.01895261691646961,True,True,True,True,-0.08371604258567483,-0.027006344560971483,0.020627798990307537,0.01934273780152294,0.0016168160178700003,0.15,7,14,0,0,5,False,5,0.46793139540280826,False,False,True,8.619801421243679e-06,2.684324266195792e-06,3.9745013786597006e-05,1.2377141856738443e-05,0.018952616918581106,True,True,True,True,-0.08371604258586043,-0.027006344561122702,0.0206277989904558,0.019342737801263474,0.0016168160208490745,0.15,7,14,0,0,5,False,5,0.46793139540280826,False,False,True,8.61980147719545e-06,2.684324242935866e-06,3.9745014044584844e-05,1.2377141749489325e-05,0.018952616917232577,True,True,True,True
15,0.3,summer,18,0.9,0.27,boundary,0.27,55,110,0.21687755337326975,-0.08369080420484198,-0.02701154643185422,0.020525615199937865,0.019285185744509274,0.0017167549361948795,-0.08368965180335239,-0.02694591152733004,0.02052467725257149,0.019247181040925584,0.001467507918381766,0.27,7,14,0,0,5,False,5,0.23616699075177305,False,False,True,7.94747262627786e-06,1.626976539606753e-06,3.664497548346739e-05,7.501820793812397e-06,0.018913101302101446,True,True,True,True,-0.0836896365261389,-0.02694577021843137,0.020524641311922876,0.01924709304169903,0.0014669854017265273,0.27,7,14,0,0,5,False,5,0.23616699075177305,False,False,True,7.9594205329922e-06,1.629731231021851e-06,3.670006604737548e-05,7.514522391429357e-06,0.018913219276536823,True,True,True,True,-0.08368963652764184,-0.02694577020909879,0.020524641317870698,0.019247093039334983,0.0014669853659659852,0.27,7,14,0,0,5,False,5,0.23616699075177305,False,False,True,7.959421260641045e-06,1.6297313970026016e-06,3.670006940248915e-05,7.514523156749456e-06,0.01891321928908321,True,True,True,True,-0.08368963652396985,-0.026945770222966386,0.020524641303378825,0.019247093045547295,0.0014669854163192643,0.27,7,14,0,0,5,False,5,0.23616699075177305,False,False,True,7.959419849745339e-06,1.6297310823593778e-06,3.6700062896994766e-05,7.5145217059620465e-06,0.018913219272755848,True,True,True,True,-0.08368963652455731,-0.02694577022057713,0.02052464130668616,0.019247093037396003,0.0014669854088566353,0.27,7,14,0,0,5,False,5,0.23616699075177305,False,False,True,7.959420475146112e-06,1.6297311947194026e-06,3.670006578065314e-05,7.514522224042517e-06,0.018913219269385075,True,True,True,True,-0.0836896365259813,-0.026945770196304054,0.020524641311682017,0.019247093040924212,0.0014669853176568755,0.27,7,14,0,0,5,False,5,0.23616699075177305,False,False,True,7.959421858867374e-06,1.629731578806e-06,3.670007216084897e-05,7.514523995026149e-06,0.018913219307552933,True,True,True,True
15,0.3,summer,18,0.98,0.294,boundary,0.27,55,110,0.21687755329784347,-0.08369080522215504,-0.027011559970345166,0.020525617471918285,0.019285200209133692,0.0017168091716445845,-0.0836768178673718,-0.026933309751064886,0.020478855488200304,0.019224856121232987,0.0014475031732163618,0.294,7,14,0,0,5,False,5,0.10792572146068755,False,False,True,1.0335107011393008e-05,2.3864230391715546e-06,4.765411106053719e-05,1.1003550173282428e-05,0.018894283372883697,True,True,True,True,-0.08369620913013419,-0.026954997959006577,0.02054937948289711,0.019261178929276975,0.001485914008658987,0.255,7,14,0,0,5,False,5,0.28525438203523307,True,False,True,6.309964974389806e-06,1.2675079887778106e-06,2.9094596828673047e-05,5.844348433040046e-06,0.018921993755737523,True,True,True,True,-0.08368964128491807,-0.026945814248471228,0.02052465250628147,0.019247120453749364,0.0014671482093273373,0.27,7,14,0,0,5,False,5,0.23616699075177305,True,False,True,7.959617233847457e-06,1.629220769791117e-06,3.6700973027468234e-05,7.512168710026282e-06,0.018913182515108918,True,True,True,True,-0.08369619272409742,-0.026954925087696098,0.02054933872910565,0.01926111752822239,0.0014856294382352,0.255,7,14,0,0,5,False,5,0.28525438203523307,True,False,True,6.315469094655274e-06,1.268514964059314e-06,2.9119975758773335e-05,5.848991492066632e-06,0.018922043419395698,True,True,True,True,-0.0836896412868375,-0.026945814234348053,0.020524652513555165,0.019247120458071705,0.0014671481561814314,0.27,7,14,0,0,5,False,5,0.23616699075177305,True,False,True,7.959617964042875e-06,1.6292209830970511e-06,3.67009763943239e-05,7.512169693557915e-06,0.01891318253997812,True,True,True,True,-0.08367680394830415,-0.026931592061625306,0.020478825354254097,0.01922443877052961,0.001441661001307396,0.294,7,14,0,0,5,False,5,0.10792572146068755,False,False,True,1.0487109250880908e-05,2.4310678287215324e-06,4.83549776886255e-05,1.1209402687159998e-05,0.018896138453815818,True,True,True,True
15,0.3,summer,18,1.0,0.3,boundary,0.27,55,110,0.21687755337322095,-0.08369080406407733,-0.027011544559931253,0.020525614885229658,0.019285183745290868,0.0017167474369370937,-0.08368633026454989,-0.02701963282353884,0.020510035360034946,0.019272013160169323,0.0017426248687878582,0.3,11,22,0,0,5,False,1,0.0,True,False,True,2.165395970329595e-06,8.436145853114852e-07,9.984417182183909e-06,3.889819726339881e-06,0.01882221178816447,True,True,True,True,-0.08369620912780608,-0.026954997948867493,0.02054937947454757,0.01926117892818835,0.0014859139692398491,0.255,7,14,0,0,5,False,5,0.28525438203523307,True,False,True,6.305504486806349e-06,1.2671043986704418e-06,2.9074029970982344e-05,5.8424875187055575e-06,0.018921993768288844,True,True,True,True,-0.08368964128487139,-0.026945814231031373,0.020524652506192308,0.01924712046193001,0.0014671481457184013,0.27,7,14,0,0,5,False,5,0.23616699075177305,True,False,True,7.955156984318368e-06,1.628824840357827e-06,3.668040726477798e-05,7.51034311768913e-06,0.018913182545855663,True,True,True,True,-0.0836961927211348,-0.026954925097002955,0.02054933871685548,0.01926111752509547,0.0014856294753110358,0.255,7,14,0,0,5,False,5,0.28525438203523307,True,False,True,6.3110077049861185e-06,1.2681111317473065e-06,2.9099404741649823e-05,5.847129460949955e-06,0.01892204340068984,True,True,True,True,-0.08368964128681848,-0.0269458142139321,0.020524652513859588,0.019247120457926387,0.0014671480802955054,0.27,7,14,0,0,5,False,5,0.23616699075177305,True,False,True,7.955158270388576e-06,1.6288251391996078e-06,3.668041319471489e-05,7.5103444956177175e-06,0.018913182568525054,True,True,True,True,-0.08368755846351882,0.0,0.020515356270342414,0.0,0.0,0.3,3,6,0,0,2,True,1,0.0,True,True,False,0.007086161618846783,0.002994540004429016,0.032673559382387196,0.013807514691369477,0.0,True,True,True,True
15,0.3,winter,10,0.0,0.0,normal,0.0,81,162,0.21871909861416283,-0.08416416711734138,-0.02715281201306335,0.020959044500588435,0.01947282247436838,0.0018337138729352877,-0.08420647986070959,-0.027166378684455653,0.020965204905483894,0.019472954121531175,0.00183493108518668,0.0,7,14,0,0,5,False,5,0.5424942396007537,False,False,True,9.254221193036316e-06,4.537832444814959e-06,4.2310988165516664e-05,2.074730772743372e-05,0.01903652037232348,True,True,True,True,-0.08420647986033546,-0.027166378684719668,0.020965204904781543,0.01947295412013476,0.0018349310867954195,0.0,7,14,0,0,5,False,5,0.5424942396007537,False,False,True,9.254221187436629e-06,4.537832465237919e-06,4.231098813991448e-05,2.0747307820809017e-05,0.019036520370431083,True,True,True,True,-0.08420647986056379,-0.027166378684718596,0.02096520490549608,0.019472954120088346,0.001834931085207645,0.0,7,14,0,0,5,False,5,0.5424942396007537,False,False,True,9.254221190153206e-06,4.537832470077926e-06,4.2310988152334867e-05,2.0747307842937888e-05,0.01903652037114101,True,True,True,True,-0.08420647986043485,-0.027166378684594043,0.020965204904782157,0.019472954120117493,0.0018349310874529138,0.0,7,14,0,0,5,False,5,0.5424942396007537,False,False,True,9.254221183446765e-06,4.537832453704348e-06,4.2310988121672525e-05,2.0747307768076672e-05,0.019036520370162065,True,True,True,True,-0.08420647986044226,-0.02716637868478604,0.020965204904507366,0.019472954119989196,0.0018349310892740022,0.0,7,14,0,0,5,False,5,0.5424942396007537,False,False,True,9.254221227472312e-06,4.53783247484409e-06,4.23109883229606e-05,2.0747307864729146e-05,0.01903652036930031,True,True,True,True,-0.0842064798605152,-0.027166378684592027,0.020965204904982278,0.019472954121403027,0.001834931085897233,0.0,7,14,0,0,5,False,5,0.5424942396007537,False,False,True,9.25422120047828e-06,4.537832455442784e-06,4.2310988199541876e-05,2.0747307776024928e-05,0.01903652037185078,True,True,True,True
15,0.3,winter,10,0.5,0.15,normal,0.15,81,162,0.21871909753418475,-0.0840964084425588,-0.0271479067921163,0.020592327846808176,0.01936953477090262,0.0017662674197490979,-0.08410507932558385,-0.02713478259801298,0.020648710546041157,0.01935634667510516,0.0016260704074150486,0.15,7,14,0,0,5,False,5,0.46793139540280826,False,False,True,8.637538917661506e-06,2.6880515161058457e-06,3.949147109255743e-05,1.2289971687020682e-05,0.01896398283103674,True,True,True,True,-0.08410518614290824,-0.0271347913394003,0.02064909321726629,0.019356456489086748,0.0016261202648693207,0.15,7,14,0,0,5,False,5,0.46793139540280826,False,False,True,8.632679164219826e-06,2.688020054996717e-06,3.9469251937959275e-05,1.2289827844487115e-05,0.018964124668218008,True,True,True,True,-0.08410518614220548,-0.027134791339570186,0.020649093215378972,0.019356456489012505,0.00162612026526956,0.15,7,14,0,0,5,False,5,0.46793139540280826,False,False,True,8.632679087764491e-06,2.688020056939239e-06,3.9469251588399796e-05,1.2289827853368472e-05,0.018964124667644685,True,True,True,True,-0.08410518614167764,-0.027134791338773803,0.02064909321357619,0.019356456488569374,0.001626120262203091,0.15,7,14,0,0,5,False,5,0.46793139540280826,False,False,True,8.632679260230265e-06,2.688020041780216e-06,3.946925237692616e-05,1.2289827784060289e-05,0.018964124668144983,True,True,True,True,-0.08410518614324282,-0.027134791338822954,0.020649093218069264,0.01935645649048548,0.0016261202613770088,0.15,7,14,0,0,5,False,5,0.46793139540280826,False,False,True,8.632679158398528e-06,2.6880200526932908e-06,3.946925191134387e-05,1.228982783395568e-05,0.01896412467087112,True,True,True,True,-0.08410518614356437,-0.027134791339004503,0.020649093221500717,0.01935645648954405,0.0016261202608523263,0.15,7,14,0,0,5,False,5,0.46793139540280826,False,False,True,8.632679178482289e-06,2.688020079848507e-06,3.946925200316832e-05,1.228982795811135e-05,0.018964124670960942,True,True,True,True
15,0.3,winter,10,0.9,0.27,boundary,0.27,55,110,0.21871909569987472,-0.08407990964412518,-0.027139984900152753,0.020546762600159935,0.019298808419227237,0.001726117731413553,-0.08407875180793202,-0.027074254459178555,0.020545810246452488,0.019260738894510677,0.0014765085225702402,0.27,7,14,0,0,5,False,5,0.23616699075177305,False,False,True,7.959216077423406e-06,1.6293298301870435e-06,3.639012886348526e-05,7.449417367849774e-06,0.018924565497671367,True,True,True,True,-0.08407873642992111,-0.027074112222510067,0.02054577406445889,0.019260650328327706,0.001475982577744351,0.27,7,14,0,0,5,False,5,0.23616699075177305,False,False,True,7.971242083279484e-06,1.6321027206838734e-06,3.64451126581905e-05,7.462095229780197e-06,0.01892468427305991,True,True,True,True,-0.08407873642892434,-0.027074112213975977,0.020545774061957792,0.01926065032272406,0.0014759825434114636,0.27,7,14,0,0,5,False,5,0.23616699075177305,False,False,True,7.971242694557873e-06,1.6321028475611446e-06,3.644511545300084e-05,7.4620958098725325e-06,0.018924684280935553,True,True,True,True,-0.08407873642984222,-0.027074112222437524,0.020545774064296026,0.01926065032567269,0.0014759825744883046,0.27,7,14,0,0,5,False,5,0.23616699075177305,False,False,True,7.971242083867555e-06,1.63210269363564e-06,3.644511266087921e-05,7.462095106113658e-06,0.01892468427206055,True,True,True,True,-0.08407873643015587,-0.027074112222599454,0.02054577406531567,0.0192606503310324,0.0014759825758989017,0.27,7,14,0,0,5,False,5,0.23616699075177305,False,False,True,7.9712418534824e-06,1.6321026707661004e-06,3.6445111607541115e-05,7.46209500155242e-06,0.018924684276143276,True,True,True,True,-0.0840787364307503,-0.02707411222448337,0.02054577406732469,0.019260650329088073,0.0014759825819128046,0.27,7,14,0,0,5,False,5,0.23616699075177305,False,False,True,7.971241831916318e-06,1.6321026429082843e-06,3.644511150893938e-05,7.462094874184409e-06,0.018924684272609824,True,True,True,True
15,0.3,winter,10,0.98,0.294,boundary,0.27,55,110,0.2187190956239014,-0.08407991066881379,-0.027139998527670746,0.0205467648896531,0.019298822977526244,0.0017261723228341568,-0.08406589694672556,-0.027061633998657433,0.020499914405756884,0.019238376058652758,0.0014564697001074422,0.294,7,14,0,0,5,False,5,0.10792572146068755,False,False,True,1.0350327632325032e-05,2.3898618372873806e-06,4.7322469045514646e-05,1.0926626367351434e-05,0.018905716071790667,True,True,True,True,-0.0840853201647259,-0.027083359476017636,0.02057055338007253,0.019274760513648563,0.0014949637571007263,0.255,7,14,0,0,5,False,5,0.28525438203523307,True,False,True,6.319043684425291e-06,1.2692564100488174e-06,2.8891138500733413e-05,5.803134867708891e-06,0.018933465890021685,True,True,True,True,-0.08407874122299336,-0.02707415654227919,0.020545785343907486,0.019260677922837883,0.0014761464553978833,0.27,7,14,0,0,5,False,5,0.23616699075177305,True,False,True,7.971439718071696e-06,1.6315888276373419e-06,3.6446016271843915e-05,7.459745675077872e-06,0.018924647267889578,True,True,True,True,-0.08408530365152207,-0.027083286137476237,0.020570512357007513,0.019274698722106423,0.0014946773610094771,0.255,7,14,0,0,5,False,5,0.28525438203523307,True,False,True,6.324582799109579e-06,1.2702698493995687e-06,2.8916463745739972e-05,5.807768387922846e-06,0.01893351588362205,True,True,True,True,-0.08407874122105827,-0.02707415652251432,0.02054578533651503,0.019260677925631808,0.0014761463845354259,0.27,7,14,0,0,5,False,5,0.23616699075177305,True,False,True,7.971440832338361e-06,1.631589167931316e-06,3.6446021366354124e-05,7.459747230927274e-06,0.018924647295657713,True,True,True,True,-0.08406588294531722,-0.027059905580639858,0.02049988410190626,0.01923795600052307,0.0014505910405598983,0.294,7,14,0,0,5,False,5,0.10792572146068755,False,False,True,1.0503284798528759e-05,2.4347861217453275e-06,4.802180060487124e-05,1.1132023542800606e-05,0.018907582844505538,True,True,True,True
15,0.3,winter,10,1.0,0.3,boundary,0.27,55,110,0.2187190956998794,-0.08407990950307387,-0.027139983018058415,0.0205467622853804,0.01929880640928456,0.0017261101910622009,-0.0840754279832736,-0.02714808013172558,0.020531155899117484,0.01928561327182838,0.0017520152013085976,0.3,11,22,0,0,5,False,1,0.0,True,False,True,2.168217710917311e-06,8.447247352883799e-07,9.913252905418384e-06,3.862144421296844e-06,0.01883356672857686,True,True,True,True,-0.08408532016458689,-0.02708335947805763,0.02057055337762219,0.0192747605252083,0.0014949637653357403,0.255,7,14,0,0,5,False,5,0.28525438203523307,True,False,True,6.314553559304617e-06,1.2688500173171436e-06,2.8870609304133562e-05,5.801276807847753e-06,0.01893346589605312,True,True,True,True,-0.08407874121967222,-0.027074156534186097,0.0205457853317021,0.019260677925103466,0.0014761464282286362,0.27,7,14,0,0,5,False,5,0.23616699075177305,True,False,True,7.966950562642364e-06,1.6311902268446414e-06,3.642549150612073e-05,7.457923239966746e-06,0.018924647277916477,True,True,True,True,-0.08408530365214731,-0.027083286136260914,0.020570512359294905,0.019274698722483243,0.0014946773546899734,0.255,7,14,0,0,5,False,5,0.28525438203523307,True,False,True,6.320093319208894e-06,1.2698635217745668e-06,2.889593749912518e-05,5.805910625732653e-06,0.018933515886715848,True,True,True,True,-0.08407874121970645,-0.02707415653981315,0.02054578533114152,0.019260677925032606,0.0014761464479504539,0.27,7,14,0,0,5,False,5,0.23616699075177305,True,False,True,7.966950188210975e-06,1.631190119433287e-06,3.642548979419252e-05,7.457922748874031e-06,0.01892464727032419,True,True,True,True,-0.0840766581903308,0.0,0.020536485550423242,0.0,0.0,0.3,3,6,0,0,2,True,1,0.0,True,True,False,0.0071157376387611555,0.0030085719817970363,0.03253368260321076,0.013755415237841509,0.0,True,True,True,True
15,0.3,winter,18,0.0,0.0,normal,0.0,81,162,0.2089443430262144,-0.0820825636279046,-0.02646604906784226,0.020842270060023364,0.019398434920597094,0.0017820154320527576,-0.08212444554933597,-0.02647950368360418,0.020848338301530024,0.019398564171351246,0.001783197175420697,0.0,7,14,0,0,5,False,5,0.5424942396007537,False,False,True,9.176231020235556e-06,4.500699199816334e-06,4.391710676313594e-05,2.1540182110848876e-05,0.018974360596525318,True,True,True,True,-0.082124445549206,-0.02647950368371886,0.02084833830112988,0.019398564170238563,0.0017831971783234702,0.0,7,14,0,0,5,False,5,0.5424942396007537,False,False,True,9.17623103304302e-06,4.500699209359496e-06,4.391710682443199e-05,2.15401821565221e-05,0.018974360594418,True,True,True,True,-0.08212444554926533,-0.026479503683838376,0.020848338300636603,0.01939856417091085,0.0017831971777176254,0.0,7,14,0,0,5,False,5,0.5424942396007537,False,False,True,9.176231059655413e-06,4.500699223803352e-06,4.3917106951797936e-05,2.1540182225649863e-05,0.01897436059511019,True,True,True,True,-0.08212444554948013,-0.026479503683801316,0.02084833830040654,0.019398564171710375,0.0017831971777800795,0.0,7,14,0,0,5,False,5,0.5424942396007537,False,False,True,9.176231086635567e-06,4.500699224583941e-06,4.391710708092397e-05,2.1540182229385736e-05,0.018974360595695444,True,True,True,True,-0.08212444554935495,-0.02647950368367759,0.0208483383002656,0.019398564170762057,0.001783197177192282,0.0,7,14,0,0,5,False,5,0.5424942396007537,False,False,True,9.176231032080248e-06,4.500699208158422e-06,4.3917106819824206e-05,2.15401821507738e-05,0.01897436059512419,True,True,True,True,-0.08212444554930323,-0.026479503683630445,0.020848338300443088,0.019398564170734,0.0017831971774628808,0.0,7,14,0,0,5,False,5,0.5424942396007537,False,False,True,9.176231024705939e-06,4.500699201886243e-06,4.3917106784531026e-05,2.1540182120755384e-05,0.018974360595029095,True,True,True,True
15,0.3,winter,18,0.5,0.15,normal,0.15,81,162,0.20894434198322576,-0.0820154296925189,-0.026461224027098006,0.020478955578307926,0.019296091776379223,0.0017156623605013876,-0.08202405737468002,-0.02644818712134545,0.020535012567828685,0.01928303895054853,0.00157644484100133,0.15,7,14,0,0,5,False,5,0.46793139540280826,False,False,True,8.568666729304175e-06,2.6683282747336303e-06,4.1009326445374984e-05,1.2770521802154595e-05,0.0189024702123998,True,True,True,True,-0.08202416046235415,-0.026448195557386856,0.020535381877305442,0.01928314493109424,0.0015764929539142409,0.15,7,14,0,0,5,False,5,0.46793139540280826,False,False,True,8.56397654729231e-06,2.668298478537816e-06,4.098687940532907e-05,1.2770379198648172e-05,0.018902607131781393,True,True,True,True,-0.08202416046130803,-0.02644819555763482,0.020535381874154535,0.019283144930044085,0.001576492956554164,0.15,7,14,0,0,5,False,5,0.46793139540280826,False,False,True,8.563976560647946e-06,2.6682984626405454e-06,4.098687946924866e-05,1.2770379122564414e-05,0.018902607129300603,True,True,True,True,-0.08202416046230114,-0.026448195557617113,0.020535381876703965,0.019283144930767604,0.001576492956973217,0.15,7,14,0,0,5,False,5,0.46793139540280826,False,False,True,8.563976574017026e-06,2.6682984582390277e-06,4.0986879533232585e-05,1.2770379101498911e-05,0.018902607130205168,True,True,True,True,-0.08202416046287349,-0.026448195557841427,0.020535381878412383,0.019283144932482114,0.0015764929576112556,0.15,7,14,0,0,5,False,5,0.46793139540280826,False,False,True,8.563976411415757e-06,2.6682984575010646e-06,4.0986878755028844e-05,1.2770379097967046e-05,0.018902607131668726,True,True,True,True,-0.08202416046184215,-0.02644819555800357,0.020535381874890415,0.019283144930315483,0.0015764929574139572,0.15,7,14,0,0,5,False,5,0.46793139540280826,False,False,True,8.563976485288522e-06,2.6682984776609557e-06,4.09868791085812e-05,1.277037919445155e-05,0.01890260712932317,True,True,True,True
15,0.3,winter,18,0.9,0.27,boundary,0.27,55,110,0.208944340213145,-0.0819990873042362,-0.0264534331424779,0.020433834647792103,0.019226008961948374,0.0016761763477266193,-0.08199795840512285,-0.02638821236732364,0.020432958957051873,0.019188285153605752,0.0014284993556050037,0.27,7,14,0,0,5,False,5,0.23616699075177305,False,False,True,7.89656483762835e-06,1.61677486362619e-06,3.779267162524254e-05,7.737825594973815e-06,0.01886328060606818,True,True,True,True,-0.08199794355127418,-0.02638807498788214,0.020432924009401433,0.019188199608215974,0.0014279913677197797,0.27,7,14,0,0,5,False,5,0.23616699075177305,False,False,True,7.908180058078737e-06,1.619452346283864e-06,3.784826164715239e-05,7.750639929427396e-06,0.01886339522087542,True,True,True,True,-0.08199794355389325,-0.02638807498534234,0.02043292401947243,0.0191881996009288,0.0014279913612393498,0.27,7,14,0,0,5,False,5,0.23616699075177305,False,False,True,7.908180855529384e-06,1.6194524986781725e-06,3.784826546372213e-05,7.750640658781004e-06,0.018863395219007047,True,True,True,True,-0.08199794355282018,-0.02638807499526533,0.020432924015237146,0.019188199602570566,0.00142799139471649,0.27,7,14,0,0,5,False,5,0.23616699075177305,False,False,True,7.908179948014002e-06,1.6194522634394497e-06,3.784826112038658e-05,7.750639532937047e-06,0.01886339520702321,True,True,True,True,-0.08199794355395705,-0.026388074996277083,0.02043292401885311,0.01918819960523304,0.0014279913996654843,0.27,7,14,0,0,5,False,5,0.23616699075177305,False,False,True,7.908179883176977e-06,1.6194522589132757e-06,3.784826081007894e-05,7.750639511274943e-06,0.018863395207983844,True,True,True,True,-0.08199794355371866,-0.02638807496810225,0.020432924018532556,0.019188199609994096,0.0014279912965936116,0.27,7,14,0,0,5,False,5,0.23616699075177305,False,False,True,7.908181442554604e-06,1.6194527216737324e-06,3.784826827320345e-05,7.750641726029629e-06,0.018863395250722555,True,True,True,True
15,0.3,winter,18,0.98,0.294,boundary,0.27,55,110,0.20894434014076513,-0.08199908829294729,-0.026453446301628544,0.020433836856218267,0.019226023018835532,0.0016762290635465226,-0.08198521510300484,-0.02637569018068333,0.02038745805027013,0.01916612455077556,0.0014086374996180513,0.294,7,14,0,0,5,False,5,0.10792572146068755,False,False,True,1.0269229041045061e-05,2.371550204474354e-06,4.914815607891898e-05,1.1350152882230016e-05,0.018844600987024864,True,True,True,True,-0.08200449877708775,-0.026397430824409606,0.020457603542066077,0.019202022985711963,0.0014474515040777877,0.255,7,14,0,0,5,False,5,0.28525438203523307,True,False,True,6.265525595452667e-06,1.2581949335464248e-06,2.9986577244598266e-05,6.021675115481869e-06,0.018871742495345335,True,True,True,True,-0.0819979481824368,-0.02638811777253338,0.020432934912134836,0.019188226249709704,0.0014281495726728372,0.27,7,14,0,0,5,False,5,0.23616699075177305,True,False,True,7.908372074948156e-06,1.6189565820091392e-06,3.784918064600511e-05,7.748267222354304e-06,0.018863359532771184,True,True,True,True,-0.08200448282731301,-0.026397359989971437,0.020457563921560704,0.019201963294166388,0.0014471748877259568,0.255,7,14,0,0,5,False,5,0.28525438203523307,True,False,True,6.270875982620702e-06,1.2591701376015191e-06,3.0012184002668045e-05,6.026342406562533e-06,0.01887179073622552,True,True,True,True,-0.08199794817533468,-0.0263881177827076,0.020432934886214,0.01918822624351355,0.0014281496124522908,0.27,7,14,0,0,5,False,5,0.23616699075177305,True,False,True,7.908371446639986e-06,1.618956424374869e-06,3.78491776389451e-05,7.74826646792243e-06,0.01886335950819843,True,True,True,True,-0.08198520157566813,-0.02637402049356725,0.020387428768989396,0.019165718815820694,0.0014029585899338274,0.294,7,14,0,0,5,False,5,0.10792572146068755,False,False,True,1.0416985944766005e-05,2.4149472370598743e-06,4.985531523729293e-05,1.1557849499215592e-05,0.01884640337593011,True,True,True,True
15,0.3,winter,18,1.0,0.3,boundary,0.27,55,110,0.20894434021317101,-0.0819990871674539,-0.026453431319127134,0.020433834342390197,0.019226007015542185,0.001676169042669293,-0.08199464681818625,-0.026461481163015374,0.020418371202852302,0.01921293415253812,0.0017019267340795058,0.3,11,22,0,0,5,False,1,0.0,True,False,True,2.153157791746213e-06,8.387998495836445e-07,1.0304934747452357e-05,4.014465520951066e-06,0.018772863977808616,True,True,True,True,-0.0820044987765656,-0.02639743081942232,0.020457603540552777,0.019202022990215003,0.001447451483886411,0.255,7,14,0,0,5,False,5,0.28525438203523307,True,False,True,6.261188775398552e-06,1.2578023621949147e-06,2.996582137142699e-05,6.0197962812089985e-06,0.018871742506437625,True,True,True,True,-0.08199794817583683,-0.026388117787857594,0.020432934887439348,0.019188226251959102,0.0014281496312044371,0.27,7,14,0,0,5,False,5,0.23616699075177305,True,False,True,7.904033937458296e-06,1.6185711718999526e-06,3.7828418464909715e-05,7.746422660927977e-06,0.01886335950833756,True,True,True,True,-0.08200448282525724,-0.02639735998003036,0.0204575639125412,0.01920196330095112,0.0014471748497395126,0.255,7,14,0,0,5,False,5,0.28525438203523307,True,False,True,6.2665393686153065e-06,1.2587775824489642e-06,2.9991429115629564e-05,6.024463649815655e-06,0.01887179075463291,True,True,True,True,-0.08199794817994685,-0.0263881177792506,0.020432934902632455,0.019188226249814515,0.0014281495981078118,0.27,7,14,0,0,5,False,5,0.23616699075177305,True,False,True,7.904034763537085e-06,1.6185713460671042e-06,3.7828422418492706e-05,7.74642349448562e-06,0.01886335952164127,True,True,True,True,-0.08199586631026141,0.0,0.020423654205721436,0.0,0.0,0.3,3,6,0,0,2,True,1,0.0,True,True,False,0.006957639006622671,0.002933571494036345,0.033299006804990684,0.014039966294580802,0.0,True,True,True,True
15,0.6,summer,10,0.0,0.0,normal,0.0,81,162,0.1884061235357257,-0.07767014888446526,-0.025091923347500298,0.02058440808790402,0.019244389247416088,0.0016802035986066227,-0.07783420106740586,-0.025144867626106217,0.020608162622067255,0.019244899881696715,0.00168503682978206,0.0,7,14,0,0,5,False,5,1.2119405926034492,False,False,True,7.282654828784374e-05,3.5415543014359036e-05,0.0003865402404186418,0.00018797447954308936,0.018842806838458008,True,True,True,True,-0.07783420106732591,-0.02514486762617091,0.02060816262211729,0.019244899881504705,0.0016850368300520221,0.0,7,14,0,0,5,False,5,1.2119405926034492,False,False,True,7.282654829133053e-05,3.541554302479428e-05,0.0003865402404371486,0.00018797447959847632,0.018842806838205963,True,True,True,True,-0.07783420106736746,-0.025144867626010658,0.02060816262222724,0.01924489988161264,0.0016850368293222155,0.0,7,14,0,0,5,False,5,1.2119405926034492,False,False,True,7.282654823079562e-05,3.5415542991635066e-05,0.0003865402401158485,0.00018797447942247772,0.01884280683859796,True,True,True,True,-0.07783420106739615,-0.025144867626202935,0.02060816262229921,0.01924489988151754,0.001685036829997361,0.0,7,14,0,0,5,False,5,1.2119405926034492,False,False,True,7.282654831396174e-05,3.5415543034869844e-05,0.00038654024055726784,0.00018797447965195424,0.018842806838271414,True,True,True,True,-0.07783420106748733,-0.02514486762607032,0.02060816262208911,0.019244899881713486,0.0016850368297626989,0.0,7,14,0,0,5,False,5,1.2119405926034492,False,False,True,7.28265482906991e-05,3.541554301008002e-05,0.0003865402404337971,0.0001879744795203777,0.01884280683848325,True,True,True,True,-0.07783420106736605,-0.02514486762614494,0.020608162622180633,0.019244899881540205,0.0016850368297945187,0.0,7,14,0,0,5,False,5,1.2119405926034492,False,False,True,7.282654828300733e-05,3.541554302087716e-05,0.0003865402403929717,0.0001879744795776855,0.018842806838346722,True,True,True,True
15,0.6,summer,10,0.5,0.3,normal,0.3,81,162,0.18840612353575328,-0.07741046223368406,-0.02507359503722873,0.019889484785586293,0.019045461346565224,0.0015537854507069813,-0.07744442178296591,-0.02502173932961758,0.020000119084115673,0.019020243576487187,0.0012799897676146926,0.3,7,14,0,0,5,False,5,1.0360292722012772,False,False,True,6.728211938065824e-05,2.0795991701955313e-05,0.00035711216874482484,0.00011037853394403563,0.018704183530110805,True,True,True,True,-0.07744442178365682,-0.02502173932965908,0.02000011908537642,0.019020243576989736,0.0012799897680232076,0.3,7,14,0,0,5,False,5,1.0360292722012772,False,False,True,6.728211929780958e-05,2.0795991683807334e-05,0.00035711216830509044,0.0001103785338477119,0.018704183530599824,True,True,True,True,-0.07744442178270754,-0.02502173932981114,0.020000119083421922,0.019020243576621267,0.0012799897683438408,0.3,7,14,0,0,5,False,5,1.0360292722012772,False,False,True,6.72821192633493e-05,2.079599168439895e-05,0.0003571121681221862,0.00011037853385085201,0.018704183529793087,True,True,True,True,-0.07744442178287685,-0.025021739330209392,0.02000011908354224,0.019020243576390466,0.0012799897698450892,0.3,7,14,0,0,5,False,5,1.0360292722012772,False,False,True,6.728211926339267e-05,2.079599167132782e-05,0.00035711216812241636,0.00011037853378147461,0.018704183529035107,True,True,True,True,-0.07744442178309242,-0.025021739329886293,0.02000011908397702,0.019020243576376567,0.0012799897686779085,0.3,7,14,0,0,5,False,5,1.0360292722012772,False,False,True,6.728211937663195e-05,2.079599168931891e-05,0.00035711216872345457,0.0001103785338769656,0.018704183529572573,True,True,True,True,-0.07744442178286745,-0.02502173932989572,0.02000011908393226,0.01902024357633457,0.0012799897688859964,0.3,7,14,0,0,5,False,5,1.0360292722012772,False,False,True,6.728211937072348e-05,2.0795991679255643e-05,0.0003571121686920943,0.00011037853382355297,0.018704183529447423,True,True,True,True
15,0.6,summer,10,0.9,0.54,boundary,0.54,55,110,0.18840612353576192,-0.07734831957010144,-0.025044725833659548,0.019804570035389536,0.018910292653087996,0.0014805675328141222,-0.0773445047295567,-0.024794158732046497,0.019803860072948716,0.018837996305342674,0.0010045499359629612,0.54,7,14,0,0,5,False,5,0.526115538956957,False,False,True,6.0845463776720496e-05,1.2437877409858732e-05,0.00032294844050103944,6.60163118716142e-05,0.018624147486302735,True,True,True,True,-0.07734450472967544,-0.024794158736672345,0.019803860073171527,0.018837996304722587,0.001004549944436448,0.54,7,14,0,0,5,False,5,0.526115538956957,False,False,True,6.0845463315644874e-05,1.2437877265303081e-05,0.0003229484380537962,6.601631110435862e-05,0.01862414748275793,True,True,True,True,-0.07734450472899651,-0.024794158730040244,0.019803860071767647,0.018837996305411428,0.0010045499321388665,0.54,7,14,0,0,5,False,5,0.526115538956957,False,False,True,6.0845463958346044e-05,1.2437877465021353e-05,0.0003229484414650503,6.601631216439992e-05,0.018624147487557998,True,True,True,True,-0.07734450473054526,-0.024794158734229608,0.019803860074567217,0.018837996304688156,0.001004549939807661,0.54,7,14,0,0,5,False,5,0.526115538956957,False,False,True,6.0845463740424877e-05,1.2437877361952449e-05,0.0003229484403083938,6.601631161734284e-05,0.018624147484611293,True,True,True,True,-0.07734450473004251,-0.0247941587339757,0.019803860073915477,0.018837996303698937,0.001004549939824102,0.54,7,14,0,0,5,False,5,0.526115538956957,False,False,True,6.084546396783498e-05,1.243787741054768e-05,0.0003229484415154146,6.601631187527092e-05,0.018624147483667936,True,True,True,True,-0.07734450472830671,-0.024794158736067967,0.01980386007070201,0.018837996303802833,0.001004549943791204,0.54,7,14,0,0,5,False,5,0.526115538956957,False,False,True,6.084546350950369e-05,1.2437877315634594e-05,0.00032294843908273733,6.601631137150234e-05,0.01862414748183292,True,True,True,True
15,0.6,summer,10,0.98,0.588,boundary,0.54,55,110,0.18840612353576172,-0.07734831956973279,-0.025044725833719715,0.019804570034599074,0.018910292653311237,0.0014805675329129565,-0.07729628733710604,-0.02474568884271445,0.019717715505317434,0.01879584962764153,0.0009661069671206341,0.588,7,14,0,0,5,False,5,0.24096344462378147,False,False,True,7.91698141852145e-05,1.8258075474288197e-05,0.00042020828569400045,9.690807884395857e-05,0.018589100125430184,True,True,True,True,-0.07736908051565787,-0.024825438782266097,0.019850221525998905,0.01886448235492993,0.0010329473266091668,0.51,7,14,0,0,5,False,5,0.6346818096690997,True,False,True,4.865928029331758e-05,9.781743460486427e-06,0.00025826804023215027,5.1918394566563734e-05,0.018643443351615545,True,True,True,True,-0.0773445047291547,-0.024794158721884476,0.019803860072342576,0.018837996304670358,0.001004549917420972,0.54,7,14,0,0,5,False,5,0.526115538956957,True,False,True,6.084546518805509e-05,1.2437877794756044e-05,0.00032294844799195656,6.601631391452724e-05,0.018624147492323575,True,True,True,True,-0.07736908051515293,-0.02482543877968888,0.019850221525062155,0.01886448235512076,0.0010329473217470602,0.51,7,14,0,0,5,False,5,0.6346818096690997,True,False,True,4.8659280509700045e-05,9.781743511548316e-06,0.00025826804138063983,5.1918394837584055e-05,0.018643443353390545,True,True,True,True,-0.07734450472932322,-0.024794158735359444,0.01980386007242445,0.018837996305313014,0.0010045499419531582,0.54,7,14,0,0,5,False,5,0.526115538956957,True,False,True,6.0845463326089644e-05,1.2437877303435942e-05,0.00032294843810923404,6.601631130675583e-05,0.018624147484038154,True,True,True,True,-0.07729628734090067,-0.02474568880496817,0.019717715511853272,0.01879584962851326,0.0009661069023689568,0.588,7,14,0,0,5,False,5,0.24096344462378147,False,False,True,7.916982018615903e-05,1.825807731069941e-05,0.00042020831754511237,9.690808859104737e-05,0.01858910015060207,True,True,True,True
15,0.6,summer,10,1.0,0.6,boundary,0.54,55,110,0.18840612353576813,-0.07734831957042913,-0.025044725834026584,0.019804570035884872,0.01891029265357171,0.0014805675335731478,-0.0773314036318506,-0.025075808980493004,0.01977510549435877,0.01888539709855712,0.0015302024699621031,0.6,11,22,0,0,5,False,1,0.0,True,False,True,1.6718566755728054e-05,6.500336693873008e-06,8.87368544183974e-05,3.450172728934124e-05,0.01844522295953335,True,True,True,True,-0.07736908051621978,-0.024825438780091292,0.019850221527082445,0.018864482354856375,0.001032947322127912,0.51,7,14,0,0,5,False,5,0.6346818096690997,True,False,True,4.8659280666746296e-05,9.781743506974192e-06,0.00025826804221418275,5.191839481330429e-05,0.018643443353342087,True,True,True,True,-0.0773445047305184,-0.024794158730105237,0.019803860074871033,0.01883799630448364,0.0010045499320696693,0.54,7,14,0,0,5,False,5,0.526115538956957,True,False,True,6.084546433975102e-05,1.2437877502316654e-05,0.0003229484434894164,6.601631236234938e-05,0.01862414748727375,True,True,True,True,-0.0773690805150687,-0.024825438780237515,0.01985022152499672,0.018864482354909597,0.001032947322876138,0.51,7,14,0,0,5,False,5,0.6346818096690997,True,False,True,4.865928059038377e-05,9.781743492850473e-06,0.00025826804180887464,5.191839473834007e-05,0.01864344335279353,True,True,True,True,-0.07734450472923905,-0.024794158740989305,0.01980386007230503,0.018837996303722106,0.001004549952795755,0.54,7,14,0,0,5,False,5,0.526115538956957,True,False,True,6.08454631123162e-05,1.2437877171931214e-05,0.00032294843697458134,6.601631060876816e-05,0.018624147478765105,True,True,True,True,-0.07733582798329487,0.0,0.01978482772937093,0.0,0.0,0.6,3,6,0,0,2,True,1,0.0,True,True,False,0.015103299711678262,0.005625371768257718,0.08016352880808018,0.029857690730470152,0.0,True,True,True,True
15,0.6,summer,18,0.0,0.0,normal,0.0,81,162,0.2168775564823804,-0.08387240513260646,-0.02713706443418921,0.020930632466959587,0.019465662246420136,0.0018333912507044064,-0.08404152769284612,-0.027191332004015134,0.020955181999335805,0.019466184795060546,0.0018384704690977394,0.0,7,14,0,0,5,False,5,1.2119405926034492,False,False,True,7.469974738803092e-05,3.629580219349358e-05,0.00034443281545409556,0.00016735619296984438,0.019027775292136326,True,True,True,True,-0.08404152769276424,-0.027191332004055654,0.02095518199920774,0.019466184794634425,0.0018384704692592034,0.0,7,14,0,0,5,False,5,1.2119405926034492,False,False,True,7.469974735571996e-05,3.629580219816378e-05,0.00034443281530511307,0.0001673561929913782,0.019027775291702707,True,True,True,True,-0.0840415276928163,-0.027191332004065483,0.02095518199912424,0.019466184794853778,0.00183847046923121,0.0,7,14,0,0,5,False,5,1.2119405926034492,False,False,True,7.469974738179286e-05,3.629580220288692e-05,0.0003444328154253325,0.0001673561930131561,0.019027775291876815,True,True,True,True,-0.08404152769283654,-0.027191332003968866,0.020955181999303994,0.019466184794864557,0.0018384704690795183,0.0,7,14,0,0,5,False,5,1.2119405926034492,False,False,True,7.469974735510934e-05,3.629580218267685e-05,0.00034443281530229756,0.00016735619291996954,0.01902777529197785,True,True,True,True,-0.08404152769274756,-0.027191332004062863,0.020955181999048375,0.01946618479479136,0.001838470469461779,0.0,7,14,0,0,5,False,5,1.2119405926034492,False,False,True,7.469974737379231e-05,3.629580219925531e-05,0.00034443281538844284,0.00016735619299641113,0.01902777529172232,True,True,True,True,-0.08404152769286953,-0.02719133200398292,0.02095518199943132,0.019466184794773238,0.0018384704690722743,0.0,7,14,0,0,5,False,5,1.2119405926034492,False,False,True,7.469974735898471e-05,3.6295802187069806e-05,0.0003444328153201665,0.000167356192940225,0.019027775291929862,True,True,True,True
15,0.6,summer,18,0.5,0.3,normal,0.3,81,162,0.2168775564824113,-0.08360543738841615,-0.027117802761664058,0.02021604398282539,0.01926120841884674,0.0017005334625293522,-0.08363995600716632,-0.027064904034574577,0.020328718366243826,0.01923521590010622,0.0014209920170758438,0.3,7,14,0,0,5,False,5,1.0360292722012772,False,False,True,6.890750646343369e-05,2.1254928178998508e-05,0.00031772539114263796,9.800427726933688e-05,0.018885450826011244,True,True,True,True,-0.08363995600784775,-0.027064904034873133,0.020328718367380143,0.0192352159002996,0.001420992018481371,0.3,7,14,0,0,5,False,5,1.0360292722012772,False,False,True,6.89075064238525e-05,2.1254928153713002e-05,0.0003177253909601332,9.800427715274802e-05,0.018885450825831616,True,True,True,True,-0.08363995600774789,-0.027064904034606655,0.020328718367223924,0.01923521590069824,0.0014209920178177382,0.3,7,14,0,0,5,False,5,1.0360292722012772,False,False,True,6.890750637482228e-05,2.1254928139711778e-05,0.0003177253907340599,9.800427708818983e-05,0.01888545082638499,True,True,True,True,-0.08363995600659202,-0.027064904034380725,0.020328718364978345,0.01923521589982865,0.0014209920170059657,0.3,7,14,0,0,5,False,5,1.0360292722012772,False,False,True,6.890750660597245e-05,2.1254928156888708e-05,0.00031772539179986944,9.800427716739088e-05,0.018885450825568657,True,True,True,True,-0.08363995600774757,-0.02706490403458503,0.020328718367067903,0.019235215900573,0.0014209920174865622,0.3,7,14,0,0,5,False,5,1.0360292722012772,False,False,True,6.890750640425707e-05,2.12549281558355e-05,0.00031772539086978065,9.800427716253466e-05,0.018885450826384976,True,True,True,True,-0.0836399560074562,-0.02706490403426026,0.02032871836665554,0.019235215900573307,0.001420992016506494,0.3,7,14,0,0,5,False,5,1.0360292722012772,False,False,True,6.890750647299722e-05,2.125492815760071e-05,0.0003177253911867344,9.800427717067386e-05,0.018885450826693143,True,True,True,True
15,0.6,summer,18,0.9,0.54,boundary,0.54,55,110,0.2168775564824171,-0.08354152191366626,-0.0270874668599009,0.02012864047709694,0.0191223279456562,0.0016235955546057789,-0.0835373858232111,-0.026831220214774142,0.020127510901709143,0.019048061797500716,0.0011367758054073068,0.54,7,14,0,0,5,False,5,0.526115538956957,False,False,True,6.22583794705478e-05,1.2718672714717072e-05,0.00028706695372416403,5.864448549220081e-05,0.018803970427283913,True,True,True,True,-0.08353738582515219,-0.02683122021011297,0.020127510905237733,0.01904806179880603,0.001136775796710553,0.54,7,14,0,0,5,False,5,0.526115538956957,False,False,True,6.225837999830966e-05,1.2718672865988348e-05,0.00028706695615761944,5.864448618969703e-05,0.018803970432088653,True,True,True,True,-0.08353738582353393,-0.026831220209608632,0.020127510902236058,0.019048061798257063,0.0011367757959114151,0.54,7,14,0,0,5,False,5,0.526115538956957,False,False,True,6.225838002572696e-05,1.2718672881120552e-05,0.0002870669562840378,5.8644486259470064e-05,0.018803970431447527,True,True,True,True,-0.08353738582347615,-0.026831220209549176,0.0201275109022903,0.01904806179806175,0.0011367757957992226,0.54,7,14,0,0,5,False,5,0.526115538956957,False,False,True,6.225838004270817e-05,1.2718672883083263e-05,0.0002870669563623364,5.864448626851992e-05,0.01880397043133175,True,True,True,True,-0.08353738582315554,-0.026831220205863454,0.020127510901900635,0.019048061797641406,0.001136775788925437,0.54,7,14,0,0,5,False,5,0.526115538956957,False,False,True,6.22583805225431e-05,1.2718673006400488e-05,0.0002870669585748056,5.86444868371229e-05,0.018803970433408465,True,True,True,True,-0.0835373858238342,-0.026831220220567147,0.020127510902898594,0.01904806179823943,0.0011367758162346615,0.54,7,14,0,0,5,False,5,0.526115538956957,False,False,True,6.225837866304963e-05,1.2718672512661771e-05,0.0002870669500008734,5.86444845605447e-05,0.018803970424167052,True,True,True,True
15,0.6,summer,18,0.98,0.588,boundary,0.54,55,110,0.21687755648242418,-0.0835415219137118,-0.027087466860292453,0.020128640477251197,0.019122327945589546,0.0016235955552758874,-0.08348792702564406,-0.026781496945138244,0.02003916837776929,0.01900477375481909,0.0010971019482829125,0.588,7,14,0,0,5,False,5,0.24096344462378147,False,False,True,8.10227905697243e-05,1.8675368158515423e-05,0.00037358771411780643,8.611019259629514e-05,0.01876804717741109,True,True,True,True,-0.08356261390087028,-0.026863318380852215,0.020175081757058053,0.019075264380386665,0.0011660696602295384,0.51,7,14,0,0,5,False,5,0.6346818096690997,True,False,True,4.978005721722849e-05,9.998228177425283e-06,0.0002295306993707423,4.610079687169263e-05,0.01882371865415217,True,True,True,True,-0.08353738582276095,-0.026831220217170174,0.02012751090100185,0.019048061796685806,0.001136775809892454,0.54,7,14,0,0,5,False,5,0.526115538956957,True,False,True,6.225837931022812e-05,1.2718672664126788e-05,0.0002870669529849372,5.8644485258932324e-05,0.018803970424859543,True,True,True,True,-0.08356261389954706,-0.026863318379075136,0.02017508175501527,0.01907526437985584,0.0011660696567151764,0.51,7,14,0,0,5,False,5,0.6346818096690997,True,False,True,4.978005730757462e-05,9.998228197664515e-06,0.00022953069978731897,4.610079696501364e-05,0.018823718654662376,True,True,True,True,-0.08353738582347912,-0.026831220218608783,0.020127510902183194,0.019048061798273962,0.0011367758126227014,0.54,7,14,0,0,5,False,5,0.526115538956957,True,False,True,6.225837891001527e-05,1.271867259183219e-05,0.0002870669511395971,5.8644484925589405e-05,0.01880397042539443,True,True,True,True,-0.08348792702868878,-0.026781496852795624,0.0200391683831352,0.019004773759182494,0.0010971017908717716,0.588,7,14,0,0,5,False,5,0.24096344462378147,False,False,True,8.102280414687413e-05,1.8675372635626325e-05,0.0003735877767206412,8.611021323979083e-05,0.018768047239197633,True,True,True,True
15,0.6,summer,18,1.0,0.6,boundary,0.54,55,110,0.21687755648242266,-0.08354152191411636,-0.027087466860148027,0.020128640477926864,0.01912232794594175,0.0016235955549789795,-0.08352413207951609,-0.027119054005470235,0.020098349153182902,0.019096753429329146,0.0016739925309655803,0.6,11,22,0,0,5,False,1,0.0,True,False,True,1.7066301373411946e-05,6.636783847928198e-06,7.869095193718269e-05,3.0601524452651657e-05,0.018622173801797367,True,True,True,True,-0.08356261390068481,-0.02686331837700715,0.020175081757000304,0.01907526438107505,0.00116606965271381,0.51,7,14,0,0,5,False,5,0.6346818096690997,True,False,True,4.978005745612246e-05,9.998228238404931e-06,0.00022953070047225933,4.6100797152863815e-05,0.018823718657457206,True,True,True,True,-0.08353738582314893,-0.026831220216466365,0.020127510901793735,0.019048061797332528,0.0011367758084854442,0.54,7,14,0,0,5,False,5,0.526115538956957,True,False,True,6.225837930618448e-05,1.2718672667065518e-05,0.0002870669529662944,5.864448527248292e-05,0.018803970426039016,True,True,True,True,-0.08356261390030796,-0.026863318375414336,0.020175081756339655,0.019075264380366462,0.001166069649325405,0.51,7,14,0,0,5,False,5,0.6346818096690997,True,False,True,4.978005768066854e-05,9.998228276927385e-06,0.0002295307015076181,4.610079733048687e-05,0.018823718657988618,True,True,True,True,-0.08353738582411654,-0.02683122022161947,0.02012751090339136,0.01904806179821998,0.0011367758185678767,0.54,7,14,0,0,5,False,5,0.526115538956957,True,False,True,6.225837869935219e-05,1.2718672520127338e-05,0.0002870669501682534,5.8644484594966154e-05,0.018803970423381385,True,True,True,True,-0.08352866932142837,0.0,0.020108320525245117,0.0,0.0,0.6,3,6,0,0,2,True,1,0.0,True,True,False,0.016053700384663708,0.006057580999601322,0.07402195342405021,0.02793087997601205,0.0,True,True,True,True
15,0.6,winter,10,0.0,0.0,normal,0.0,81,162,0.21871909882909027,-0.08426182639512896,-0.027265692587849947,0.020952497019723623,0.019479595360091796,0.0018431086036397905,-0.0844312713609556,-0.027320044057536227,0.020977097001409192,0.01948011865055254,0.0018482034948986874,0.0,7,14,0,0,5,False,5,1.2119405926034492,False,False,True,7.48185931644281e-05,3.635163737461707e-05,0.00034207617700040107,0.00016620239187718435,0.019039406377372472,True,True,True,True,-0.08443127136085275,-0.02732004405759646,0.02097709700125846,0.01948011865057409,0.0018482034955485897,0.0,7,14,0,0,5,False,5,1.2119405926034492,False,False,True,7.481859319323839e-05,3.63516373834143e-05,0.0003420761771321239,0.00016620239191740592,0.01903940637710958,True,True,True,True,-0.0844312713609805,-0.02732004405761637,0.02097709700147071,0.019480118650511254,0.0018482034954202123,0.0,7,14,0,0,5,False,5,1.2119405926034492,False,False,True,7.481859321206707e-05,3.635163739325708e-05,0.00034207617721821,0.00016620239196240785,0.019039406377147603,True,True,True,True,-0.08443127136094322,-0.0273200440575338,0.020977097001293844,0.019480118650458785,0.0018482034963072074,0.0,7,14,0,0,5,False,5,1.2119405926034492,False,False,True,7.481859321272974e-05,3.635163737366023e-05,0.00034207617722123977,0.0001662023918728096,0.019039406376727446,True,True,True,True,-0.08443127136106446,-0.0273200440575843,0.020977097001333475,0.019480118650631567,0.001848203496044311,0.0,7,14,0,0,5,False,5,1.2119405926034492,False,False,True,7.481859324960302e-05,3.635163739019567e-05,0.0003420761773898272,0.00016620239194841085,0.019039406376977704,True,True,True,True,-0.08443127136103099,-0.02732004405754918,0.020977097001486016,0.019480118650492675,0.0018482034953993078,0.0,7,14,0,0,5,False,5,1.2119405926034492,False,False,True,7.481859319798806e-05,3.635163738075696e-05,0.0003420761771538397,0.00016620239190525635,0.019039406377143422,True,True,True,True
15,0.6,winter,10,0.5,0.3,normal,0.3,81,162,0.21871909882910295,-0.08399439649958489,-0.027246371295348036,0.02023665979287946,0.01927479089358534,0.0017098394276674957,-0.08402895031362367,-0.027193406600138744,0.02034946284530035,0.019248749181556443,0.0014299344519589547,0.3,7,14,0,0,5,False,5,1.0360292722012772,False,False,True,6.901050607855362e-05,2.1283981897084086e-05,0.00031552117052418573,9.731194948692804e-05,0.01889684730517842,True,True,True,True,-0.08402895031342984,-0.02719340660002461,0.020349462844918616,0.019248749181506243,0.0014299344515910453,0.3,7,14,0,0,5,False,5,1.0360292722012772,False,False,True,6.901050610925129e-05,2.1283981898810373e-05,0.0003155211706645377,9.731194949482074e-05,0.018896847305209335,True,True,True,True,-0.0840289503138216,-0.027193406599863985,0.02034946284559597,0.019248749181842884,0.0014299344512572238,0.3,7,14,0,0,5,False,5,1.0360292722012772,False,False,True,6.901050610338272e-05,2.1283981890653338e-05,0.0003155211706377062,9.731194945752617e-05,0.01889684730574468,True,True,True,True,-0.08402895031338234,-0.02719340660032075,0.020349462844622905,0.019248749181292157,0.0014299344527146309,0.3,7,14,0,0,5,False,5,1.0360292722012772,False,False,True,6.901050610690594e-05,2.1283981887468748e-05,0.0003155211706538146,9.731194944296598e-05,0.018896847304534153,True,True,True,True,-0.08402895031366159,-0.027193406600186168,0.020349462845146608,0.019248749181364343,0.0014299344519953365,0.3,7,14,0,0,5,False,5,1.0360292722012772,False,False,True,6.901050612815283e-05,2.12839819065944e-05,0.000315521170750957,9.731194953040988e-05,0.01889684730497938,True,True,True,True,-0.08402895031352263,-0.02719340660023782,0.020349462845144373,0.019248749181388112,0.0014299344521145473,0.3,7,14,0,0,5,False,5,1.0360292722012772,False,False,True,6.901050607971242e-05,2.128398190538347e-05,0.0003155211705294838,9.731194952487343e-05,0.018896847304950847,True,True,True,True
15,0.6,winter,10,0.9,0.54,boundary,0.54,55,110,0.21871909882913831,-0.08393036841522274,-0.027215941744597662,0.02014909805497016,0.019135674961941455,0.0016326639963525108,-0.08392621177866205,-0.02695933536460983,0.020147941551664737,0.019061283889250987,0.001145160045652554,0.54,7,14,0,0,5,False,5,0.526115538956957,False,False,True,6.234786846138173e-05,1.2736454887504912e-05,0.0002850590954111758,5.8232019771874304e-05,0.018815274959191896,True,True,True,True,-0.08392621178237815,-0.026959335375101943,0.020147941558428827,0.019061283889261336,0.0011451600646897565,0.54,7,14,0,0,5,False,5,0.526115538956957,False,False,True,6.234786748098367e-05,1.2736454567185882e-05,0.00028505909092872293,5.823201830735186e-05,0.018815274953349972,True,True,True,True,-0.08392621178226092,-0.0269593353727826,0.02014794155814626,0.019061283890128185,0.0011451600603986222,0.54,7,14,0,0,5,False,5,0.526115538956957,False,False,True,6.234786759247782e-05,1.2736454623161053e-05,0.00028505909143848243,5.823201856327451e-05,0.018815274955594083,True,True,True,True,-0.08392621178180368,-0.026959335377312123,0.020147941557386972,0.01906128388986892,0.0011451600686708588,0.54,7,14,0,0,5,False,5,0.526115538956957,False,False,True,6.234786698927283e-05,1.2736454459976134e-05,0.00028505908868058436,5.823201781718091e-05,0.018815274952256586,True,True,True,True,-0.08392621178076126,-0.026959335377386325,0.02014794155543573,0.019061283889395143,0.001145160068697406,0.54,7,14,0,0,5,False,5,0.526115538956957,False,False,True,6.234786694889888e-05,1.273645444812836e-05,0.0002850590884959916,5.8232017763011996e-05,0.018815274951542945,True,True,True,True,-0.08392621178138882,-0.026959335375662863,0.02014794155653606,0.01906128389032425,0.0011451600658077571,0.54,7,14,0,0,5,False,5,0.526115538956957,False,False,True,6.234786710510899e-05,1.2736454511080609e-05,0.0002850590892101959,5.823201805083437e-05,0.018815274953546797,True,True,True,True
15,0.6,winter,10,0.98,0.588,boundary,0.54,55,110,0.21871909882912222,-0.08393036841510058,-0.027215941744641717,0.020149098054777603,0.019135674962044005,0.0016326639963338484,-0.08387667424769978,-0.02690953252908151,0.020059459640554382,0.01901792345629479,0.0011054078302110606,0.588,7,14,0,0,5,False,5,0.24096344462378147,False,False,True,8.114016923553916e-05,1.8701801488316487e-05,0.0003709788933381223,8.550602845583031e-05,0.018779296378862984,True,True,True,True,-0.08395148124592867,-0.02699148545294477,0.020195589132896947,0.019088531918855435,0.0011745109228709807,0.51,7,14,0,0,5,False,5,0.6346818096690997,True,False,True,4.985103536402774e-05,1.0011933689807217e-05,0.0002279226442999139,4.5775306058796445e-05,0.018835051916395378,True,True,True,True,-0.08392621178255519,-0.02695933537661997,0.02014794155885185,0.01906128388909216,0.001145160067334365,0.54,7,14,0,0,5,False,5,0.526115538956957,True,False,True,6.234786743525289e-05,1.2736454524408989e-05,0.0002850590907196594,5.8232018111777e-05,0.018815274952313887,True,True,True,True,-0.08395148124511818,-0.02699148544638989,0.020195589131645868,0.019088531918905437,0.0011745109100209825,0.51,7,14,0,0,5,False,5,0.6346818096690997,True,False,True,4.9851035931552934e-05,1.0011933820679113e-05,0.00022792264689468135,4.57753066571525e-05,0.018835051920916487,True,True,True,True,-0.08392621178143753,-0.026959335370542174,0.020147941556740635,0.01906128388899843,0.0011451600560840893,0.54,7,14,0,0,5,False,5,0.526115538956957,True,False,True,6.234786811062237e-05,1.2736454717803656e-05,0.00028505909380749893,5.823201899599182e-05,0.018815274955986203,True,True,True,True,-0.0838766742426102,-0.026909532571359546,0.020059459631955778,0.019017923456191507,0.0011054079028692614,0.588,7,14,0,0,5,False,5,0.24096344462378147,False,False,True,8.114016222321961e-05,1.8701799416362696e-05,0.00037097886127727535,8.550601898270335e-05,0.018779296350983857,True,True,True,True
15,0.6,winter,10,1.0,0.6,boundary,0.54,55,110,0.2187190988291171,-0.08393036841547066,-0.027215941744473643,0.020149098055441392,0.01913567496219532,0.001632663995955338,-0.08391294849545922,-0.0272475606309755,0.020118754238841526,0.019110057382598564,0.001683108910191063,0.6,11,22,0,0,5,False,1,0.0,True,False,True,1.708829886373428e-05,6.6454164278543584e-06,7.8128974356671e-05,3.038333855355883e-05,0.01863329356543934,True,True,True,True,-0.0839514812457219,-0.026991485449691436,0.020195589132564418,0.01908853191923879,0.0011745109167033408,0.51,7,14,0,0,5,False,5,0.6346818096690997,True,False,True,4.9851035551329304e-05,1.001193374423198e-05,0.00022792264515627593,4.5775306307631584e-05,0.018835051918910387,True,True,True,True,-0.0839262117809609,-0.026959335381976448,0.020147941555822068,0.019061283889178802,0.001145160077699596,0.54,7,14,0,0,5,False,5,0.526115538956957,True,False,True,6.234786656757543e-05,1.2736454334686517e-05,0.0002850590867525801,5.82320172443531e-05,0.018815274948155457,True,True,True,True,-0.0839514812445463,-0.026991485449031884,0.020195589130295982,0.01908853191928672,0.001174510915469883,0.51,7,14,0,0,5,False,5,0.6346818096690997,True,False,True,4.985103550930216e-05,1.0011933737475006e-05,0.00022792264496412467,4.577530627673819e-05,0.01883505191904332,True,True,True,True,-0.0839262117818977,-0.026959335374816196,0.020147941557570905,0.01906128388988171,0.0011451600642909522,0.54,7,14,0,0,5,False,5,0.526115538956957,True,False,True,6.2347867401202e-05,1.2736454564503144e-05,0.00028505909056398285,5.823201829509182e-05,0.01881527495388462,True,True,True,True,-0.08391749288178837,0.0,0.02012874138031354,0.0,0.0,0.6,3,6,0,0,2,True,1,0.0,True,True,False,0.01611346382895374,0.00608480426614249,0.07367195601671264,0.027820178021565837,0.0,True,True,True,True
15,0.6,winter,18,0.0,0.0,normal,0.0,81,162,0.20894434323591624,-0.08217931985929505,-0.026578129034728854,0.020835745250396224,0.019405140276189895,0.0017912794280783787,-0.08234704630571622,-0.026632032969612734,0.020860076438143485,0.019405659604603425,0.0017962909542341943,0.0,7,14,0,0,5,False,5,1.2119405926034492,False,False,True,7.418474155627616e-05,3.605383083412515e-05,0.00035504546525346787,0.00017255231836268119,0.0189772308034339,True,True,True,True,-0.08234704630559882,-0.02663203296957823,0.020860076438135276,0.019405659604539893,0.0017962909540197446,0.0,7,14,0,0,5,False,5,1.2119405926034492,False,False,True,7.418474151375809e-05,3.60538308213353e-05,0.0003550454650499779,0.00017255231830146943,0.018977230803463963,True,True,True,True,-0.08234704630564649,-0.026632032969520124,0.020860076438157137,0.019405659604484385,0.001796290954219865,0.0,7,14,0,0,5,False,5,1.2119405926034492,False,False,True,7.418474150855739e-05,3.6053830810682277e-05,0.00035504546502508757,0.00017255231825048445,0.018977230803345024,True,True,True,True,-0.08234704630561865,-0.026632032969620967,0.02086007643806331,0.019405659604522122,0.0017962909545568143,0.0,7,14,0,0,5,False,5,1.2119405926034492,False,False,True,7.418474154942747e-05,3.6053830831600324e-05,0.0003550454652206903,0.00017255231835059745,0.01897723080322744,True,True,True,True,-0.08234704630566153,-0.02663203296947565,0.02086007643804388,0.01940565960456334,0.0017962909545116642,0.0,7,14,0,0,5,False,5,1.2119405926034492,False,False,True,7.41847415147226e-05,3.60538308017787e-05,0.000355045465054594,0.00017255231820787227,0.018977230803274958,True,True,True,True,-0.0823470463056806,-0.026632032969545687,0.020860076438099156,0.01940565960455597,0.0017962909542371599,0.0,7,14,0,0,5,False,5,1.2119405926034492,False,False,True,7.41847415265881e-05,3.60538308178533e-05,0.00035504546511138193,0.0001725523182848047,0.018977230803385876,True,True,True,True
15,0.6,winter,18,0.5,0.3,normal,0.3,81,162,0.20894434323594838,-0.08191435454713454,-0.026559125182385887,0.020126566845550434,0.019202205860857413,0.0016602006153722897,-0.08194872027673349,-0.02650651260298147,0.020238682612751368,0.0191764264646771,0.0013822358742379749,0.3,7,14,0,0,5,False,5,1.0360292722012772,False,False,True,6.84609988749578e-05,2.1128939631229346e-05,0.00032765184170431875,0.00010112233384260466,0.01883592328982626,True,True,True,True,-0.08194872027686159,-0.026506512603119443,0.020238682613077638,0.01917642646461945,0.0013822358745773792,0.3,7,14,0,0,5,False,5,1.0360292722012772,False,False,True,6.84609988557093e-05,2.112893963595591e-05,0.00032765184161219615,0.00010112233386522583,0.018835923289709053,True,True,True,True,-0.08194872027700086,-0.026506512602773192,0.020238682613207017,0.0191764264648264,0.0013822358733190767,0.3,7,14,0,0,5,False,5,1.0360292722012772,False,False,True,6.846099889534427e-05,2.1128939648253495e-05,0.0003276518418018876,0.00010112233392408161,0.0188359232903997,True,True,True,True,-0.08194872027736505,-0.02650651260374813,0.020238682613623903,0.019176426465063127,0.0013822358763912288,0.3,7,14,0,0,5,False,5,1.0360292722012772,False,False,True,6.846099856201888e-05,2.1128939623789435e-05,0.0003276518402066045,0.00010112233380699752,0.01883592328945366,True,True,True,True,-0.08194872027707249,-0.02650651260355435,0.02023868261333492,0.01917642646465896,0.0013822358756605735,0.3,7,14,0,0,5,False,5,1.0360292722012772,False,False,True,6.846099870995784e-05,2.1128939641136782e-05,0.00032765184091463495,0.00010112233389002129,0.01883592328936166,True,True,True,True,-0.08194872027638052,-0.026506512603202324,0.020238682612059033,0.01917642646460948,0.0013822358747842777,0.3,7,14,0,0,5,False,5,1.0360292722012772,False,False,True,6.846099877971107e-05,2.1128939630194495e-05,0.00032765184124847137,0.0001011223338376519,0.018835923289420037,True,True,True,True
15,0.6,winter,18,0.9,0.54,boundary,0.54,55,110,0.2089443432359549,-0.08185092687410057,-0.026529194286300954,0.020039848570705242,0.019064345774356114,0.0015842899276410248,-0.0818468795879205,-0.026274507323663012,0.02003883525700277,0.01899062104388628,0.001100436626070544,0.54,7,14,0,0,5,False,5,0.526115538956957,False,False,True,6.187037937464661e-05,1.2641571058090438e-05,0.00029610937734159256,6.0502097651022174e-05,0.018754841019915102,True,True,True,True,-0.08184687958741163,-0.026274507322567878,0.02003883525635707,0.018990621043598013,0.00110043662353515,0.54,7,14,0,0,5,False,5,0.526115538956957,False,False,True,6.187037938281542e-05,1.2641571057400961e-05,0.00029610937738068824,6.0502097647722364e-05,0.0187548410204893,True,True,True,True,-0.08184687958779173,-0.02627450732480079,0.020038835257035387,0.018990621043189614,0.0011004366280958178,0.54,7,14,0,0,5,False,5,0.526115538956957,False,False,True,6.187037930566013e-05,1.2641571023983279e-05,0.0002961093770114258,6.050209748778656e-05,0.018754841018598353,True,True,True,True,-0.08184687958800665,-0.02627450732316787,0.020038835257331803,0.018990621043410403,0.0011004366246415251,0.54,7,14,0,0,5,False,5,0.526115538956957,False,False,True,6.187037942878386e-05,1.2641571054129925e-05,0.0002961093776006915,6.0502097632067305e-05,0.01875484102008147,True,True,True,True,-0.08184687958731669,-0.026274507332867743,0.02003883525580522,0.01899062104400369,0.001100436642998436,0.54,7,14,0,0,5,False,5,0.526115538956957,False,False,True,6.187037811010432e-05,1.2641570728021878e-05,0.00029610937128953934,6.05020960713261e-05,0.018754841013699945,True,True,True,True,-0.08184687958777792,-0.02627450733060067,0.020038835256852735,0.01899062104389057,0.0011004366389612183,0.54,7,14,0,0,5,False,5,0.526115538956957,False,False,True,6.187037846994668e-05,1.2641570819553524e-05,0.00029610937301173177,6.050209650939321e-05,0.018754841015228518,True,True,True,True
15,0.6,winter,18,0.98,0.588,boundary,0.54,55,110,0.20894434323594313,-0.08185092687371968,-0.026529194286638455,0.020039848569944403,0.01906434577452531,0.0015842899283145995,-0.08179776203190384,-0.02622512854778454,0.01995109687431523,0.01894764673199901,0.0010611015625073602,0.588,7,14,0,0,5,False,5,0.24096344462378147,False,False,True,8.051393039755668e-05,1.8560777109507337e-05,0.0003853367320245618,8.883120175475737e-05,0.018719158013560198,True,True,True,True,-0.08187192831716221,-0.026306380528316464,0.020086073626694116,0.01901762667041448,0.0011294836059136456,0.51,7,14,0,0,5,False,5,0.6346818096690997,True,False,True,4.947230257645527e-05,9.938796435665628e-06,0.0002367726343306188,4.756671696272049e-05,0.018774464768834095,True,True,True,True,-0.08184687958672335,-0.026274507325876408,0.02003883525492421,0.01899062104353783,0.0011004366300757368,0.54,7,14,0,0,5,False,5,0.526115538956957,True,False,True,6.187037899152079e-05,1.264157097483234e-05,0.00029610937550798307,6.0502097252555365e-05,0.018754841017848207,True,True,True,True,-0.0818719283179679,-0.026306380527797463,0.02008607362835351,0.019017626669185713,0.0011294836050001944,0.51,7,14,0,0,5,False,5,0.6346818096690997,True,False,True,4.947230296794593e-05,9.938796497354583e-06,0.00023677263620427882,4.756671725796157e-05,0.018774464768388822,True,True,True,True,-0.0818468795868234,-0.0262745073223974,0.02003883525526623,0.018990621043106556,0.0011004366236603766,0.54,7,14,0,0,5,False,5,0.526115538956957,True,False,True,6.187037951367082e-05,1.2641571103541345e-05,0.00029610937800697405,6.0502097868551965e-05,0.01875484101985951,True,True,True,True,-0.08179776203319558,-0.026225128689902653,0.01995109687632626,0.018947646732092933,0.0010611018037998128,0.588,7,14,0,0,5,False,5,0.24096344462378147,False,False,True,8.051390868341404e-05,1.8560770048301222e-05,0.0003853366281014677,8.883116796008264e-05,0.018719157926296234,True,True,True,True
15,0.6,winter,18,1.0,0.6,boundary,0.54,55,110,0.2089443432359449,-0.08185092687410883,-0.026529194286667824,0.020039848570674354,0.01906434577454543,0.001584289928518174,-0.0818336673845303,-0.026560643564608452,0.020009784661120227,0.019038957888261928,0.0016344786122816197,0.6,11,22,0,0,5,False,1,0.0,True,False,True,1.6970889188609728e-05,6.5993420634526115e-06,8.122205619821828e-05,3.1584210231527914e-05,0.018573841822634947,True,True,True,True,-0.08187192831788102,-0.026306380525772395,0.020086073628014563,0.019017626671113393,0.0011294836012600887,0.51,7,14,0,0,5,False,5,0.6346818096690997,True,False,True,4.9472302744815386e-05,9.93879649684351e-06,0.00023677263513638218,4.75667172555152e-05,0.018774464771320533,True,True,True,True,-0.08184687958651447,-0.026274507327069808,0.020038835254556575,0.01899062104341862,0.0011004366325236908,0.54,7,14,0,0,5,False,5,0.526115538956957,True,False,True,6.187037878361418e-05,1.2641570939114963e-05,0.0002961093745129471,6.050209708161279e-05,0.018754841016804198,True,True,True,True,-0.08187192831749467,-0.026306380527652048,0.020086073627051827,0.019017626671377918,0.001129483604827962,0.51,7,14,0,0,5,False,5,0.6346818096690997,True,False,True,4.947230246297486e-05,9.938796438196183e-06,0.0002367726337875037,4.756671697483123e-05,0.01877446477009715,True,True,True,True,-0.08184687958695552,-0.026274507322395065,0.020038835255395543,0.01899062104348606,0.001100436623968709,0.54,7,14,0,0,5,False,5,0.526115538956957,True,False,True,6.187037942421633e-05,1.2641571108387153e-05,0.00029610937757884565,6.050209789174331e-05,0.018754841020088578,True,True,True,True,-0.08183817364374456,0.0,0.020019687651160318,0.0,0.0,0.6,3,6,0,0,2,True,1,0.0,True,True,False,0.01579399096208868,0.005939337226224899,0.075589464244331,0.028425451171549827,0.0,True,True,True,True
6,0.15,summer,10,0.0,0.0,normal,0.0,81,162,0.18840612353554628,-0.04634964343145008,-0.017289250626525015,0.004960436275551686,0.00468322903713385,0.0004258011402146001,-0.046350259236083276,-0.01728948051067419,0.004960461204583934,0.004683229770760212,0.00042580660553256233,0.0,7,14,0,0,5,False,5,0.2627141983220549,False,False,True,7.292734255023858e-08,3.6920022011765714e-08,3.87075224423263e-07,1.9595977730946772e-07,0.004567794049369159,True,True,True,True,-0.04635025923594108,-0.017289480510771612,0.0049604612045222604,0.004683229771655791,0.0004258065994411326,0.0,7,14,0,0,5,False,5,0.2627141983220549,False,False,True,7.292733234095725e-08,3.692002616190177e-08,3.870751702356328e-07,1.9595979933707478e-07,0.004567794052599666,True,True,True,True,-0.046350259236149036,-0.017289480510289466,0.004960461207690124,0.004683229769801103,0.00042580659436060303,0.0,7,14,0,0,5,False,5,0.2627141983220549,False,False,True,7.29272859657272e-08,3.6920000768229815e-08,3.8707492409060754e-07,1.95959664555511e-07,0.004567794054014873,True,True,True,True,-0.04635025923610983,-0.017289480510511816,0.004960461206109886,0.004683229771312858,0.0004258065949459586,0.0,7,14,0,0,5,False,5,0.2627141983220549,False,False,True,7.292730798587332e-08,3.692001303592479e-08,3.8707504096656523e-07,1.9595972966854843e-07,0.004567794054578887,True,True,True,True,-0.046350259236239554,-0.01728948051048852,0.004960461206537332,0.004683229772156008,0.000425806601232275,0.0,7,14,0,0,5,False,5,0.2627141983220549,False,False,True,7.292733332497914e-08,3.692001298973762e-08,3.870751754585092e-07,1.9595972942340155e-07,0.004567794052693525,True,True,True,True,-0.046350259236344435,-0.017289480510198064,0.004960461205517769,0.004683229770711486,0.0004258065981551185,0.0,7,14,0,0,5,False,5,0.2627141983220549,False,False,True,7.292729873415935e-08,3.691999748901761e-08,3.870749918613992e-07,1.9595964715049174e-07,0.004567794052634928,True,True,True,True
6,0.15,summer,10,0.5,0.075,normal,0.075,81,162,0.18840612353459124,-0.046348628561489455,-0.017289167777312348,0.004949421210985446,0.004680129164434963,0.000423530134238748,-0.046348780923921445,-0.01728894521489681,0.004951339784478439,0.004679748820005099,0.00041882614888445486,0.075,7,14,0,0,5,False,5,0.22727458486426985,False,False,True,6.955586136713713e-08,2.227684760031088e-08,3.691804706887179e-07,1.1823844778707983e-07,0.004565956143982537,True,True,True,True,-0.04634878107376885,-0.01728894522759565,0.004951340857415451,0.004679749131794431,0.00041882629615027424,0.075,7,14,0,0,5,False,5,0.22727458486426985,False,False,True,6.955235274763542e-08,2.2276832585131267e-08,3.691618480482438e-07,1.1823836809126459e-07,0.004565956567503061,True,True,True,True,-0.04634878107590359,-0.017288945228001302,0.004951340870121699,0.0046797491368034,0.00041882629684722667,0.075,7,14,0,0,5,False,5,0.22727458486426985,False,False,True,6.955225415408457e-08,2.227684270138615e-08,3.69161324744919e-07,1.1823842178513978e-07,0.0045659565739743216,True,True,True,True,-0.04634878107433469,-0.017288945230004564,0.004951340858833414,0.0046797491287338365,0.000418826329392971,0.075,7,14,0,0,5,False,5,0.22727458486426985,False,False,True,6.955226772059793e-08,2.2276816319115265e-08,3.6916139675167285e-07,1.1823828175640616e-07,0.0045659565515175264,True,True,True,True,-0.04634878107264609,-0.017288945228269886,0.00495134084532325,0.004679749132860696,0.0004188263042531347,0.075,7,14,0,0,5,False,5,0.22727458486426985,False,False,True,6.955225136443238e-08,2.2276824133207424e-08,3.691613099383292e-07,1.1823832323113115e-07,0.0045659565621704295,True,True,True,True,-0.04634878107258953,-0.01728894522912775,0.00495134085074514,0.004679749125166194,0.0004188263071843923,0.075,7,14,0,0,5,False,5,0.22727458486426985,False,False,True,6.95522952957623e-08,2.2276854856302887e-08,3.691615431119071e-07,1.1823848629958607e-07,0.0045659565562362345,True,True,True,True
6,0.15,summer,10,0.9,0.135,boundary,0.135,55,110,0.18840612353232333,-0.04634838277336092,-0.017289032530645187,0.00494807849503626,0.004677989669635167,0.0004221591803698232,-0.04634837954743648,-0.017287925934715807,0.004948155347409015,0.004676832281899485,0.0004137484100343029,0.135,7,14,0,0,5,False,5,0.11447566540556446,False,False,True,6.556459943799636e-08,1.3587698443810205e-08,3.4799611715777364e-07,7.21191975561191e-08,0.004565105479903295,True,True,True,True,-0.04634837957467305,-0.017287926158512112,0.004948155483625888,0.004676832567130035,0.00041375006798154384,0.135,7,14,0,0,5,False,5,0.11447566540556446,False,False,True,6.555516979559958e-08,1.3585539622906408e-08,3.4794606760407554e-07,7.210773921886698e-08,0.004565105038269325,True,True,True,True,-0.04634837957719241,-0.017287926177106668,0.004948155500676536,0.00467683257106192,0.00041375021027286347,0.135,7,14,0,0,5,False,5,0.11447566540556446,False,False,True,6.555466409118027e-08,1.358540293729469e-08,3.479433834852697e-07,7.210701373495406e-08,0.004565104985669195,True,True,True,True,-0.04634837957101367,-0.017287926162060503,0.004948155452778864,0.004676832576328489,0.00041375009681677427,0.135,7,14,0,0,5,False,5,0.11447566540556446,False,False,True,6.555490271757322e-08,1.3585496589278343e-08,3.479446500385455e-07,7.210751081000606e-08,0.004565105026368472,True,True,True,True,-0.046348379568753484,-0.01728792614300469,0.004948155441746515,0.004676832557057575,0.0004137499479233184,0.135,7,14,0,0,5,False,5,0.11447566540556446,False,False,True,6.555555499398319e-08,1.3585643752405358e-08,3.4794811211503086e-07,7.210829190524998e-08,0.004565105071212809,True,True,True,True,-0.04634837957636565,-0.01728792618512507,0.0049481554968546695,0.0046768325627377354,0.000413750263550983,0.135,7,14,0,0,5,False,5,0.11447566540556446,False,False,True,6.555440609269658e-08,1.358531755273307e-08,3.47942014111075e-07,7.210656054075836e-08,0.0045651049560852105,True,True,True,True
6,0.15,summer,10,0.98,0.147,boundary,0.135,55,110,0.18840612353225983,-0.04634838277572504,-0.017289032547545213,0.0049480785088659215,0.004677989708952845,0.00042215931372404075,-0.04634817821056993,-0.01728769793213297,0.0049467128899545396,0.0046761469376173466,0.00041296979256089366,0.147,7,14,0,0,5,False,5,0.0522756882742889,False,False,True,8.58907699971892e-08,2.0121755609668644e-08,4.5588098935904574e-07,1.0679990242580038e-07,0.0045645747010944135,True,True,True,True,-0.046348480376101085,-0.017288070972432387,0.004948919973274292,0.004677261094668573,0.00041430692016563604,0.1275,7,14,0,0,5,False,5,0.13832594262969589,True,False,True,5.223171936066459e-08,1.0652737817239773e-08,2.7722941474203844e-07,5.654135660519419e-08,0.004565376600964803,True,True,True,True,-0.046348379583152674,-0.017287926203569063,0.004948155528213535,0.004676832654086015,0.00041375039707156384,0.135,7,14,0,0,5,False,5,0.11447566540556446,True,False,True,6.5555465589371e-08,1.358528355867502e-08,3.479476375837979e-07,7.210638011109486e-08,0.004565104978059842,True,True,True,True,-0.046348480398333954,-0.01728807103856844,0.004948920095362737,0.004677261236073067,0.0004143074326145465,0.1275,7,14,0,0,5,False,5,0.13832594262969589,True,False,True,5.222904560708494e-08,1.065227252210922e-08,2.772152233053191e-07,5.653888696608784e-08,0.004565376523736554,True,True,True,True,-0.04634837957606786,-0.01728792621519086,0.00494815547786705,0.0046768326297099835,0.0004137504865885541,0.135,7,14,0,0,5,False,5,0.11447566540556446,True,False,True,6.555524028782275e-08,1.3585204827745821e-08,3.479464417545752e-07,7.210596223227158e-08,0.0045651049103907475,True,True,True,True,-0.04634817824624078,-0.017287700758102546,0.004946713075609646,0.004676148439520516,0.000412989024282176,0.147,7,14,0,0,5,False,5,0.0522756882742889,False,False,True,8.576457710034527e-08,2.00847679767113e-08,4.552111974516594e-07,1.0660358379101349e-07,0.004564567862175966,True,True,True,True
6,0.15,summer,10,1.0,0.15,boundary,0.135,55,110,0.18840612353219302,-0.046348382776712466,-0.017289032563266055,0.004948078512560641,0.004677989745381142,0.00042215943992458333,-0.046348314852887984,-0.01728916831050619,0.004947605277748188,0.004677587557639578,0.00042302286819517304,0.15,11,22,0,0,5,False,1,0.0,True,False,True,1.8159969013796518e-08,7.1242492376388866e-09,9.638736084230043e-08,3.781325736167786e-08,0.004561669179142185,True,True,True,True,-0.04634848036935115,-0.01728807093362706,0.004948919943556389,0.00467726104718415,0.0004143066125844938,0.1275,7,14,0,0,5,False,5,0.13832594262969589,True,False,True,5.223536409188281e-08,1.0653186963841867e-08,2.772487598204702e-07,5.654374053304883e-08,0.004565376686101679,True,True,True,True,-0.04634837958502424,-0.01728792622158374,0.004948155540352721,0.004676832639881433,0.0004137505289732522,0.135,7,14,0,0,5,False,5,0.11447566540556446,True,False,True,6.555752809144985e-08,1.3585359944437664e-08,3.479585846913729e-07,7.210678554254277e-08,0.0045651049146536995,True,True,True,True,-0.04634848039930087,-0.017288071043803994,0.004948920100776977,0.004677261241899039,0.0004143074693690208,0.1275,7,14,0,0,5,False,5,0.13832594262969589,True,False,True,5.2231222787395976e-08,1.0652439276972499e-08,2.7722677908858526e-07,5.653977204807949e-08,0.004565376514101373,True,True,True,True,-0.046348379580788954,-0.01728792622114103,0.004948155510605367,0.004676832640935558,0.00041375052777783077,0.135,7,14,0,0,5,False,5,0.11447566540556446,True,False,True,6.555742141809914e-08,1.3585351362843963e-08,3.479580185030309e-07,7.210673999416283e-08,0.004565104909252255,True,True,True,True,-0.04634833469109463,0.0,0.004947774996424903,0.0,0.0,0.15,3,6,0,0,2,True,1,0.0,True,True,False,0.0020268889303572306,0.000962741941019365,0.010758084144812287,0.005109929141208942,0.0,True,True,True,True
6,0.15,summer,18,0.0,0.0,normal,0.0,81,162,0.2168775564821238,-0.04995909910024277,-0.0186832567588319,0.005016426237866856,0.004715423287121527,0.00046281805827892095,-0.04995972733592507,-0.018683490574154964,0.0050164167587457295,0.004715422080947549,0.0004628004491573807,0.0,7,14,0,0,5,False,5,0.2627141983220549,False,False,True,7.422731292941118e-08,3.755936719683011e-08,3.4225446898895405e-07,1.7318236061888659e-07,0.004589884072561593,True,True,True,True,-0.04995972733638479,-0.018683490573774896,0.0050164167590578184,0.004715422085174417,0.0004628004384295545,0.0,7,14,0,0,5,False,5,0.2627141983220549,False,False,True,7.422729608437886e-08,3.755935009946977e-08,3.422543913182509e-07,1.7318228178472497e-07,0.004589884080394825,True,True,True,True,-0.04995972733654578,-0.018683490573979174,0.005016416756164461,0.004715422082493227,0.00046280045484233803,0.0,7,14,0,0,5,False,5,0.2627141983220549,False,False,True,7.422734344319712e-08,3.755936326560156e-08,3.422546096848676e-07,1.73182342492398e-07,0.004589884070785978,True,True,True,True,-0.04995972733657611,-0.018683490574172984,0.005016416758553903,0.004715422082604866,0.0004628004492918464,0.0,7,14,0,0,5,False,5,0.2627141983220549,False,False,True,7.422734748813858e-08,3.7559374591470493e-08,3.422546283356747e-07,1.731823947148092e-07,0.0045898840737420635,True,True,True,True,-0.04995972733602982,-0.01868349057421938,0.0050164167568046885,0.0047154220801969154,0.0004628004586954304,0.0,7,14,0,0,5,False,5,0.2627141983220549,False,False,True,7.422734082116259e-08,3.7559371866782653e-08,3.4225459759493734e-07,1.7318238215155516e-07,0.004589884067542398,True,True,True,True,-0.04995972733647789,-0.01868349057373375,0.005016416755750583,0.004715422081764182,0.0004628004550452771,0.0,7,14,0,0,5,False,5,0.2627141983220549,False,False,True,7.422731920043654e-08,3.7559348653846474e-08,3.4225449790400395e-07,1.7318227511910534e-07,0.004589884070043537,True,True,True,True
6,0.15,summer,18,0.5,0.075,normal,0.075,81,162,0.2168775564810667,-0.04995806138369685,-0.018683169867813616,0.005005145984671442,0.004712255486432784,0.000460422731318571,-0.04995821527988714,-0.01868294453912836,0.0050070876644584,0.004711865297170864,0.00045565452247396817,0.075,7,14,0,0,5,False,5,0.22727458486426985,False,False,True,7.074820422721655e-08,2.2610275411021183e-08,3.262126583088501e-07,1.0425364329017164e-07,0.004588009498477075,True,True,True,True,-0.04995821545043206,-0.01868294455582766,0.005007088891682632,0.004711865642569414,0.00045565471746791727,0.075,7,14,0,0,5,False,5,0.22727458486426985,False,False,True,7.074422478403099e-08,2.2610261791688363e-08,3.2619430950757195e-07,1.0425358049283548e-07,0.004588009963216449,True,True,True,True,-0.04995821545289766,-0.01868294455381781,0.005007088908756386,0.0047118656564525295,0.0004556546922730244,0.075,7,14,0,0,5,False,5,0.22727458486426985,False,False,True,7.074415507059024e-08,2.2610259763215505e-08,3.2619398806610107e-07,1.0425357113975676e-07,0.004588009988399754,True,True,True,True,-0.04995821545392089,-0.018682944554254084,0.005007088915699756,0.004711865654232534,0.0004556547022277331,0.075,7,14,0,0,5,False,5,0.22727458486426985,False,False,True,7.074422135990369e-08,2.261025072490098e-08,3.261942937192748e-07,1.0425352946502254e-07,0.004588009984092914,True,True,True,True,-0.04995821544926525,-0.01868294455302967,0.005007088879285586,0.004711865647472568,0.00045565468574065713,0.075,7,14,0,0,5,False,5,0.22727458486426985,False,False,True,7.074432860874891e-08,2.2610255652601005e-08,3.261947882326166e-07,1.0425355218613812e-07,0.004588009977486495,True,True,True,True,-0.049958215449151154,-0.018682944554778487,0.005007088875576881,0.004711865641900489,0.0004556547056407823,0.075,7,14,0,0,5,False,5,0.22727458486426985,False,False,True,7.074430147290325e-08,2.2610259975965264e-08,3.2619466311203664e-07,1.0425357212072392e-07,0.004588009963988961,True,True,True,True
6,0.15,summer,18,0.9,0.135,boundary,0.135,55,110,0.21687755647861817,-0.04995781059419942,-0.018683028602568996,0.005003776866201132,0.00471007047730692,0.00045899077686420756,-0.04995780642483682,-0.018681904477757767,0.005003848902069698,0.00470888824157132,0.0004504464779401752,0.135,7,14,0,0,5,False,5,0.11447566540556446,False,False,True,6.665273231606927e-08,1.3802003690147532e-08,3.0732886057133593e-07,6.363961266553768e-08,0.004587154985271488,True,True,True,True,-0.049957806443703685,-0.01868190476413452,0.00500384896399185,0.004708888566957986,0.00045044860190744586,0.135,7,14,0,0,5,False,5,0.11447566540556446,False,False,True,6.664071692478318e-08,1.3799241279995486e-08,3.072734588438304e-07,6.36268754778042e-08,0.004587154362638282,True,True,True,True,-0.04995780645095308,-0.018681904743629674,0.005003849016830288,0.004708888565920876,0.0004504484413435874,0.135,7,14,0,0,5,False,5,0.11447566540556446,False,False,True,6.664148775783335e-08,1.3799415078904151e-08,3.07277013075364e-07,6.362767684661104e-08,0.004587154440945692,True,True,True,True,-0.04995780644899482,-0.0186819047693893,0.005003849003172541,0.0047088885656667865,0.0004504486385979842,0.135,7,14,0,0,5,False,5,0.11447566540556446,False,False,True,6.664068591269792e-08,1.3799209769777643e-08,3.0727331585031015e-07,6.36267301874461e-08,0.004587154355149814,True,True,True,True,-0.04995780645115711,-0.018681904761773744,0.005003849020727825,0.004708888547691502,0.0004504485737616754,0.135,7,14,0,0,5,False,5,0.11447566540556446,False,False,True,6.664111092255162e-08,1.3799277589994034e-08,3.0727527552682347e-07,6.36270428994551e-08,0.004587154372328659,True,True,True,True,-0.0499578064476004,-0.01868190473138859,0.005003848991173766,0.004708888557173528,0.0004504483658143976,0.135,7,14,0,0,5,False,5,0.11447566540556446,False,False,True,6.66420743580462e-08,1.3799579084764992e-08,3.07279717828324e-07,6.36284330606864e-08,0.0045871544599691135,True,True,True,True
6,0.15,summer,18,0.98,0.147,boundary,0.135,55,110,0.21687755647856155,-0.049957810596009886,-0.018683028622449072,0.005003776874480678,0.004710070518731594,0.0004589909339574411,-0.04995760141051622,-0.01868167276082217,0.005002380432107235,0.0047081886546259675,0.0004496529760627101,0.147,7,14,0,0,5,False,5,0.0522756882742889,False,False,True,8.731105170583717e-08,2.0436213767381155e-08,4.0258223637109224e-07,9.422926972806098e-08,0.004586613461549242,True,True,True,True,-0.049957909171838094,-0.018682052424650507,0.005004627694519193,0.0047093260336243305,0.00045101935840224466,0.1275,7,14,0,0,5,False,5,0.13832594262969589,True,False,True,5.3084019291816525e-08,1.081502565680478e-08,2.447649270571891e-07,4.986696563908332e-08,0.004587430238893094,True,True,True,True,-0.04995780646150214,-0.01868190478442052,0.005003849078738625,0.004708888651047636,0.0004504487482965993,0.135,7,14,0,0,5,False,5,0.11447566540556446,True,False,True,6.664246456067335e-08,1.3799271754981731e-08,3.072815170123931e-07,6.362701599483299e-08,0.004587154392424793,True,True,True,True,-0.04995790919061064,-0.01868205249629678,0.005004627785373475,0.004709326188582338,0.00045101991620368886,0.1275,7,14,0,0,5,False,5,0.13832594262969589,True,False,True,5.3081004904899365e-08,1.0814498830794082e-08,2.447510280306319e-07,4.986453649879212e-08,0.00458743014602082,True,True,True,True,-0.0499578064589899,-0.01868190482702983,0.0050038490591621295,0.004708888643214956,0.0004504490604373445,0.135,7,14,0,0,5,False,5,0.11447566540556446,True,False,True,6.664111959573532e-08,1.3798897642920657e-08,3.0727531551805746e-07,6.36252910027815e-08,0.004587154251368707,True,True,True,True,-0.04995760143898075,-0.018681675018208423,0.005002380565541534,0.004708190085484077,0.0004496683248687642,0.147,7,14,0,0,5,False,5,0.0522756882742889,False,False,True,8.720723378066036e-08,2.0406344033333904e-08,4.0210354264702736e-07,9.409154347121704e-08,0.004586608176807005,True,True,True,True
6,0.15,summer,18,1.0,0.15,boundary,0.135,55,110,0.2168775564785384,-0.049957810596883576,-0.018683028641720632,0.005003776877972251,0.004710070553766149,0.00045899109133058026,-0.049957741272398014,-0.018683165575005354,0.005003293905861603,0.004709659812419355,0.0004598611785075591,0.15,11,22,0,0,5,False,1,0.0,True,False,True,1.8404419446348824e-08,7.2239555042685495e-09,8.486087608687197e-08,3.3308912280111436e-08,0.004583670478931908,True,True,True,True,-0.04995790916610178,-0.018682052368382055,0.00500462767592723,0.004709325968577242,0.00045101891789055536,0.1275,7,14,0,0,5,False,5,0.13832594262969589,True,False,True,5.308856799437697e-08,1.081563744197466e-08,2.447859006546418e-07,4.9869786517282836e-08,0.004587430368621798,True,True,True,True,-0.04995780645613023,-0.018681904790477658,0.005003849036950131,0.004708888661733949,0.0004504487933904382,0.135,7,14,0,0,5,False,5,0.11447566540556446,True,False,True,6.664457777869406e-08,1.3799410709885684e-08,3.0729126084233166e-07,6.362765670154179e-08,0.004587154372384274,True,True,True,True,-0.04995790919589666,-0.01868205249075286,0.005004627830367583,0.004709326176818215,0.00045101987765505615,0.1275,7,14,0,0,5,False,5,0.13832594262969589,True,False,True,5.308401681029459e-08,1.0814812577020384e-08,2.4476491561517405e-07,4.9865983150223235e-08,0.0045874301632158635,True,True,True,True,-0.04995780645735918,-0.018681904811922573,0.005003849046237439,0.004708888647717719,0.00045044895439175757,0.135,7,14,0,0,5,False,5,0.11447566540556446,True,False,True,6.664413630414617e-08,1.3799261091068022e-08,3.0728922524881496e-07,6.362696682463572e-08,0.004587154296290056,True,True,True,True,-0.049957761539403366,0.0,0.0050034672950519735,0.0,0.0,0.15,3,6,0,0,2,True,1,0.0,True,True,False,0.0021857984884998656,0.0010403134962382013,0.010078490942036071,0.00479677802134011,0.0,True,True,True,True
6,0.15,winter,10,0.0,0.0,normal,0.0,81,162,0.21871909882882043,-0.05018527434186761,-0.01877082880059078,0.005019914941640294,0.004717444905048434,0.0004651323210639144,-0.050185904880123554,-0.01877106324146608,0.005019940209826628,0.0047174456523475005,0.0004651378696898197,0.0,7,14,0,0,5,False,5,0.2627141983220549,False,False,True,7.43095874399663e-08,3.7600426246340073e-08,3.3974896494121153e-07,1.7191194755135622e-07,0.004591268979739998,True,True,True,True,-0.050185904880193345,-0.018771063240674807,0.005019940212163033,0.004717445646377584,0.0004651378664004731,0.0,7,14,0,0,5,False,5,0.2627141983220549,False,False,True,7.43094954423762e-08,3.760038184404713e-08,3.3974854432138184e-07,1.719117445407678e-07,0.004591268977037759,True,True,True,True,-0.05018590487997319,-0.01877106324130942,0.005019940207369938,0.0047174456484216296,0.00046513787025851143,0.0,7,14,0,0,5,False,5,0.2627141983220549,False,False,True,7.430954781584634e-08,3.760041582387143e-08,3.3974878377678574e-07,1.7191189989905378e-07,0.004591268975909859,True,True,True,True,-0.05018590488023817,-0.01877106324125438,0.00501994020963789,0.004717445646581125,0.0004651378640924473,0.0,7,14,0,0,5,False,5,0.2627141983220549,False,False,True,7.430953044822858e-08,3.76004152784972e-08,3.397487043707446e-07,1.7191189740556222e-07,0.004591268977588204,True,True,True,True,-0.0501859048798477,-0.018771063241348713,0.005019940207986732,0.004717445645714535,0.0004651378694807387,0.0,7,14,0,0,5,False,5,0.2627141983220549,False,False,True,7.430953043738656e-08,3.760041681009243e-08,3.3974870432117405e-07,1.719119044081296e-07,0.004591268974284651,True,True,True,True,-0.05018590487993346,-0.018771063241487577,0.00501994020849064,0.004717445646019846,0.000465137871704892,0.0,7,14,0,0,5,False,5,0.2627141983220549,False,False,True,7.430955211275639e-08,3.760042556249326e-08,3.397488034225783e-07,1.7191194442475766e-07,0.0045912689737028535,True,True,True,True
6,0.15,winter,10,0.5,0.075,normal,0.075,81,162,0.2187190988277603,-0.05018423669433204,-0.01877074202945283,0.005008654831217954,0.004714274878008465,0.00046275371014651526,-0.05018439068574612,-0.018770516527397082,0.005010597962610685,0.004713884064528849,0.0004579814647724301,0.075,7,14,0,0,5,False,5,0.22727458486426985,False,False,True,7.08235557998543e-08,2.2631317544071147e-08,3.238105688046353e-07,1.0347206835326779e-07,0.004589392081287625,True,True,True,True,-0.05018439086164563,-0.018770516541754566,0.005010599222610087,0.00471388442604722,0.0004579816278281428,0.075,7,14,0,0,5,False,5,0.22727458486426985,False,False,True,7.08195572066226e-08,2.2631317329373967e-08,3.2379228693874824e-07,1.034720673716563e-07,0.004589392579356517,True,True,True,True,-0.05018439085806628,-0.018770516543713124,0.005010599190687281,0.004713884414757661,0.00045798166173561226,0.075,7,14,0,0,5,False,5,0.22727458486426985,False,False,True,7.081960622969119e-08,2.2631283337535827e-08,3.237925110758668e-07,1.0347191195844217e-07,0.004589392549131281,True,True,True,True,-0.05018439086143329,-0.01877051654227304,0.005010599220893343,0.004713884422103291,0.0004579816351806622,0.075,7,14,0,0,5,False,5,0.22727458486426985,False,False,True,7.081959959339811e-08,2.2631317263190912e-08,3.237924807342409e-07,1.0347206706906245e-07,0.004589392572835354,True,True,True,True,-0.05018439085980371,-0.018770516540410193,0.005010599207713014,0.004713884419125038,0.00045798161127153295,0.075,7,14,0,0,5,False,5,0.22727458486426985,False,False,True,7.08197601774008e-08,2.2631328449198325e-08,3.2379321493625413e-07,1.0347211821232096e-07,0.00458939257756263,True,True,True,True,-0.05018439085737652,-0.018770516540691437,0.005010599188759219,0.0047138844152426205,0.0004579816156739296,0.075,7,14,0,0,5,False,5,0.22727458486426985,False,False,True,7.081976083616204e-08,2.263132199758716e-08,3.2379321794815956e-07,1.034720887150745e-07,0.004589392568394561,True,True,True,True
6,0.15,winter,10,0.9,0.135,boundary,0.135,55,110,0.21871909882525406,-0.05018398559004427,-0.01877060038275398,0.005007284055126056,0.004712086990736355,0.000461317888302315,-0.0501839813586317,-0.018769475159491202,0.0050073557636887,0.004710903196010938,0.00045276521785180034,0.135,7,14,0,0,5,False,5,0.11447566540556446,False,False,True,6.672113639534516e-08,1.381544243274555e-08,3.0505400193081494e-07,6.316523114327303e-08,0.004588537320235425,True,True,True,True,-0.050183981384210936,-0.018769475421130253,0.005007355879280697,0.004710903518309121,0.00045276715721476163,0.135,7,14,0,0,5,False,5,0.11447566540556446,False,False,True,6.671007354462286e-08,1.381291078029058e-08,3.0500342175385865e-07,6.31536562398075e-08,0.004588536784540877,True,True,True,True,-0.05018398138760845,-0.018769475420915407,0.005007355905442283,0.00471090349372064,0.0004527671501990586,0.135,7,14,0,0,5,False,5,0.11447566540556446,False,False,True,6.671042211778971e-08,1.3812942212482861e-08,3.050050154563233e-07,6.315379995013023e-08,0.004588536774362159,True,True,True,True,-0.050183981383879986,-0.018769475396043938,0.005007355878019016,0.004710903513496904,0.0004527669737795051,0.135,7,14,0,0,5,False,5,0.11447566540556446,False,False,True,6.671093668577863e-08,1.381313933175408e-08,3.0500736809947003e-07,6.315470119411066e-08,0.004588536857264308,True,True,True,True,-0.05018398138878037,-0.01876947540108671,0.005007355911083679,0.004710903527145914,0.00045276701313311425,0.135,7,14,0,0,5,False,5,0.11447566540556446,False,False,True,6.671078535240571e-08,1.3813105668639427e-08,3.0500667619202466e-07,6.315454728384479e-08,0.004588536858841348,True,True,True,True,-0.05018398138660352,-0.01876947540309579,0.0050073558994555055,0.004710903501097435,0.00045276702025156233,0.135,7,14,0,0,5,False,5,0.11447566540556446,False,False,True,6.671087221608168e-08,1.3813085017227762e-08,3.0500707333921687e-07,6.315445286405347e-08,0.004588536833075701,True,True,True,True
6,0.15,winter,10,0.98,0.147,boundary,0.135,55,110,0.21871909882524354,-0.050183985590163224,-0.018770600401040095,0.0050072840509952105,0.004712087029365038,0.00046131803367217345,-0.05018377614040534,-0.018769242832417214,0.005005885850369985,0.004710202617183389,0.000451968215252419,0.147,7,14,0,0,5,False,5,0.0522756882742889,False,False,True,8.741677531495795e-08,2.0460779676824498e-08,3.996760035336645e-07,9.354820766325784e-08,0.004587996163062353,True,True,True,True,-0.05018408423103855,-0.01876962328288891,0.005008135480286598,0.004711341569792531,0.00045333895190419627,0.1275,7,14,0,0,5,False,5,0.13832594262969589,True,False,True,5.313762197227054e-08,1.0825228195580755e-08,2.4294916291113414e-07,4.949374907689295e-08,0.004588812875358718,True,True,True,True,-0.05018398139678298,-0.018769475498207424,0.005007355951192792,0.004710903596967979,0.00045276772529670125,0.135,7,14,0,0,5,False,5,0.11447566540556446,True,False,True,6.670995101503222e-08,1.3812438296151521e-08,3.0500286153946453e-07,6.31514960071578e-08,0.004588536624039691,True,True,True,True,-0.05018408424835841,-0.018769623357422553,0.005008135566419026,0.0047113417007945,0.0004533395355832712,0.1275,7,14,0,0,5,False,5,0.13832594262969589,True,False,True,5.313478058628987e-08,1.082471501124461e-08,2.4293617188293434e-07,4.949140275990965e-08,0.004588812752047246,True,True,True,True,-0.05018398139621838,-0.01876947547857742,0.0050073559483109365,0.0047109036114892635,0.0004527675803790961,0.135,7,14,0,0,5,False,5,0.11447566540556446,True,False,True,6.671036168349326e-08,1.3812581480858071e-08,3.050047391462362e-07,6.315215065829398e-08,0.004588536695246514,True,True,True,True,-0.05018377613730062,-0.018769245491676273,0.005005885768617488,0.004710204088405371,0.00045198630253068337,0.147,7,14,0,0,5,False,5,0.0522756882742889,False,False,True,8.729602647954832e-08,2.0425797931944892e-08,3.991239308703343e-07,9.338826852183172e-08,0.004587989714856694,True,True,True,True
6,0.15,winter,10,1.0,0.15,boundary,0.135,55,110,0.21871909882518034,-0.05018398559317565,-0.01877060041874601,0.005007284068694816,0.004712087072667273,0.0004613181733542008,-0.05018391617817621,-0.018770737440358953,0.005006800467708877,0.004711675782791596,0.00046218879441104594,0.15,11,22,0,0,5,False,1,0.0,True,False,True,1.8420000707456557e-08,7.230274123888754e-09,8.421761431167678e-08,3.305735147376329e-08,0.0045850497496183265,True,True,True,True,-0.05018408422123954,-0.018769623222101555,0.005008135439325812,0.004711341482748128,0.00045333847524416793,0.1275,7,14,0,0,5,False,5,0.13832594262969589,True,False,True,5.3142380948469764e-08,1.0825874989301759e-08,2.429709213046176e-07,4.949670626594323e-08,0.004588812998133544,True,True,True,True,-0.050183981390304354,-0.018769475512505514,0.0050073559052138325,0.004710903577523326,0.0004527678296672337,0.135,7,14,0,0,5,False,5,0.11447566540556446,True,False,True,6.671210165450775e-08,1.3812549625739544e-08,3.050126944233158e-07,6.315200501433922e-08,0.004588536554936115,True,True,True,True,-0.05018408424917775,-0.01876962335274884,0.005008135573538296,0.004711341701693086,0.0004533394980014047,0.1275,7,14,0,0,5,False,5,0.13832594262969589,True,False,True,5.3137458612927124e-08,1.0824977821140803e-08,2.4294841602012673e-07,4.949260434633138e-08,0.004588812770073924,True,True,True,True,-0.050183981395349776,-0.01876947549632573,0.005007355942897552,0.004710903589338789,0.0004527677049923134,0.135,7,14,0,0,5,False,5,0.11447566540556446,True,False,True,6.671254051873049e-08,1.381267029910675e-08,3.0501470094320867e-07,6.31525567419563e-08,0.004588536624753438,True,True,True,True,-0.05018393647035462,0.0,0.005006974077656234,0.0,0.0,0.15,3,6,0,0,2,True,1,0.0,True,True,False,0.0021957811620680508,0.0010451865877956557,0.01003927491409021,0.004778670876982085,0.0,True,True,True,True
6,0.15,winter,18,0.0,0.0,normal,0.0,81,162,0.20894434323563124,-0.04897513348442372,-0.018302581910501905,0.005001086551846856,0.00470662665291569,0.00045265264282721046,-0.04897575934670437,-0.018302814905324333,0.005001111832078951,0.004706627408821192,0.00045265824637238396,0.0,7,14,0,0,5,False,5,0.2627141983220549,False,False,True,7.38707246991134e-08,3.738437747918377e-08,3.53542592037573e-07,1.789202660395767e-07,0.004583860100455694,True,True,True,True,-0.048975759346772896,-0.018302814905616197,0.005001111830432131,0.004706627399487916,0.0004526582654410678,0.0,7,14,0,0,5,False,5,0.2627141983220549,False,False,True,7.387074885687253e-08,3.738439471392383e-08,3.5354270765572643e-07,1.7892034852441354e-07,0.00458386008487791,True,True,True,True,-0.048975759346407285,-0.018302814905512603,0.005001111835860499,0.0047066274026391,0.00045265825427963325,0.0,7,14,0,0,5,False,5,0.2627141983220549,False,False,True,7.3870721480334e-08,3.738438524677339e-08,3.535425766326123e-07,1.7892030321497707e-07,0.0045838600932246905,True,True,True,True,-0.048975759346406376,-0.018302814905130332,0.005001111833371748,0.0047066274033959014,0.0004526582598282813,0.0,7,14,0,0,5,False,5,0.2627141983220549,False,False,True,7.387070928739636e-08,3.738436349188679e-08,3.5354251827765783e-07,1.789201990968839e-07,0.004583860090918141,True,True,True,True,-0.04897575934676585,-0.018302814905487016,0.00500111183261434,0.004706627404594944,0.0004526582560658483,0.0,7,14,0,0,5,False,5,0.2627141983220549,False,False,True,7.387074368175872e-08,3.7384387320439823e-08,3.535426828878206e-07,1.7892031313946896e-07,0.004583860093249292,True,True,True,True,-0.048975759346575325,-0.01830281490566824,0.005001111835299212,0.004706627401403052,0.0004526582589882261,0.0,7,14,0,0,5,False,5,0.2627141983220549,False,False,True,7.387074459856008e-08,3.738439574729156e-08,3.5354268727559846e-07,1.7892035347007377e-07,0.004583860090168609,True,True,True,True
6,0.15,winter,18,0.5,0.075,normal,0.075,81,162,0.20894434323462785,-0.048974103075852156,-0.018302496390545063,0.004989904381865458,0.004703478913741548,0.0004503084170424174,-0.04897425655185502,-0.01830227181901688,0.004991839736926051,0.004703091428157382,0.0004455578002764035,0.075,7,14,0,0,5,False,5,0.22727458486426985,False,False,True,7.042130378094244e-08,2.251887905951545e-08,3.370337894329349e-07,1.0777453321255288e-07,0.004581995556359892,True,True,True,True,-0.04897425671781588,-0.01830227183455688,0.00499184092431403,0.004703091767465197,0.000445557982251058,0.075,7,14,0,0,5,False,5,0.22727458486426985,False,False,True,7.041743439728781e-08,2.2518861315782472e-08,3.3701527070400104e-07,1.0777444829169453e-07,0.00458199601274081,True,True,True,True,-0.04897425671941937,-0.01830227183384383,0.004991840937569961,0.004703091772938861,0.00044555796719086566,0.075,7,14,0,0,5,False,5,0.22727458486426985,False,False,True,7.04173819650539e-08,2.2518880707257075e-08,3.370150197652434e-07,1.0777454109858417e-07,0.004581996026308588,True,True,True,True,-0.04897425672133378,-0.018302271832817775,0.004991840954030788,0.004703091777050161,0.0004455579554479183,0.075,7,14,0,0,5,False,5,0.22727458486426985,False,False,True,7.041742894841295e-08,2.2518883366877098e-08,3.370152446258848e-07,1.0777455382742852e-07,0.004581996038163798,True,True,True,True,-0.04897425672307822,-0.01830227183360578,0.004991840962346393,0.004703091777215375,0.00044555796130675335,0.075,7,14,0,0,5,False,5,0.22727458486426985,False,False,True,7.041739664883761e-08,2.251889632065906e-08,3.370150900412962e-07,1.0777461582375615e-07,0.004581996037729609,True,True,True,True,-0.048974256720105726,-0.018302271833094207,0.004991840936396153,0.004703091771838538,0.0004455579623507829,0.075,7,14,0,0,5,False,5,0.22727458486426985,False,False,True,7.041751507537355e-08,2.2518874862139235e-08,3.370156568263745e-07,1.0777451312406353e-07,0.004581996027222369,True,True,True,True
6,0.15,winter,18,0.9,0.135,boundary,0.135,55,110,0.2089443432321977,-0.04897385365908566,-0.01830235678468224,0.004988542512462831,0.004701306392335547,0.0004488932764614826,-0.04897384974555693,-0.01830123747834431,0.004988615844350061,0.004700130984063942,0.00044038568620001115,0.135,7,14,0,0,5,False,5,0.11447566540556446,False,False,True,6.635387189788539e-08,1.3743137741049655e-08,3.1756720891049444e-07,6.577415558829964e-08,0.004581142020171186,True,True,True,True,-0.048973849775062556,-0.01830123774034594,0.004988615989832971,0.0047001312994346236,0.00044038761875252755,0.135,7,14,0,0,5,False,5,0.11447566540556446,False,False,True,6.634288071336036e-08,1.3740592310863624e-08,3.175146055025486e-07,6.576197325234043e-08,0.004581141488854554,True,True,True,True,-0.04897384977060554,-0.01830123772431358,0.004988615955901743,0.004700131299776753,0.00044038749951940586,0.135,7,14,0,0,5,False,5,0.11447566540556446,False,False,True,6.634326663685838e-08,1.3740712321175445e-08,3.1751645251832344e-07,6.57625476173123e-08,0.004581141531319603,True,True,True,True,-0.04897384977465445,-0.0183012377122061,0.00498861598656668,0.0047001313028704386,0.00044038742537203787,0.135,7,14,0,0,5,False,5,0.11447566540556446,False,False,True,6.634388575533015e-08,1.3740883386634693e-08,3.175194155967308e-07,6.576336633035617e-08,0.004581141571657006,True,True,True,True,-0.04897384977695764,-0.01830123771162574,0.004988616001597671,0.004700131310828254,0.00044038740530811355,0.135,7,14,0,0,5,False,5,0.11447566540556446,False,False,True,6.634370719070179e-08,1.3740828993290907e-08,3.175185609929373e-07,6.576310600579822e-08,0.004581141589605217,True,True,True,True,-0.04897384977592933,-0.018301237689712663,0.004988616000178421,0.004700131279725286,0.00044038724333227196,0.135,7,14,0,0,5,False,5,0.11447566540556446,False,False,True,6.634472223421978e-08,1.3741053287105871e-08,3.175234189541641e-07,6.576417946780966e-08,0.004581141632957681,True,True,True,True
6,0.15,winter,18,0.98,0.147,boundary,0.135,55,110,0.20894434323216357,-0.04897385366056057,-0.018302356801499796,0.004988542518501678,0.0047013064318764475,0.0004488934113718746,-0.04897364572163986,-0.018301005969746906,0.00498715439122528,0.004699435295806771,0.00043959073423024275,0.147,7,14,0,0,5,False,5,0.0522756882742889,False,False,True,8.695139849150893e-08,2.0359869971107858e-08,4.161462193541892e-07,9.744159452302314e-08,0.004580605725217641,True,True,True,True,-0.04897395197151919,-0.018301384598125452,0.004989390788948775,0.004700566321676863,0.0004409543935121815,0.1275,7,14,0,0,5,False,5,0.13832594262969589,True,False,True,5.2850600728692604e-08,1.0770600358950333e-08,2.529410459797368e-07,5.154770017862046e-08,0.004581416252406751,True,True,True,True,-0.048973849782437906,-0.01830123777061934,0.004988616026172528,0.004700131370448988,0.00044038784890258525,0.135,7,14,0,0,5,False,5,0.11447566540556446,True,False,True,6.634418994082639e-08,1.3740526371404884e-08,3.1752087141746457e-07,6.576165766850851e-08,0.004581141455771505,True,True,True,True,-0.04897395198932453,-0.018301384688866888,0.0049893908754698995,0.004700566457115163,0.0004409551038521943,0.1275,7,14,0,0,5,False,5,0.13832594262969589,True,False,True,5.284730552300443e-08,1.0769989993172339e-08,2.5292527524559206e-07,5.1544778990286036e-08,0.004581416079678245,True,True,True,True,-0.048973849782656315,-0.018301237792542908,0.004988616030892638,0.004700131358198073,0.0004403880081244059,0.135,7,14,0,0,5,False,5,0.11447566540556446,True,False,True,6.634359607776003e-08,1.3740341486510768e-08,3.1751802921050563e-07,6.576077281615379e-08,0.004581141380761755,True,True,True,True,-0.048973645764658694,-0.018301009468298775,0.004987154621446486,0.004699436726061195,0.0004396145429869314,0.147,7,14,0,0,5,False,5,0.0522756882742889,False,False,True,8.680063095459906e-08,2.0314577660781094e-08,4.154246514257272e-07,9.722482717902074e-08,0.004580596923409197,True,True,True,True
6,0.15,winter,18,1.0,0.15,boundary,0.135,55,110,0.20894434323210584,-0.04897385366288399,-0.018302356817720484,0.004988542531879315,0.004701306473971596,0.00044889354014146716,-0.048973784724564734,-0.018302493442980426,0.0049880622441320814,0.004700898088796907,0.0004497619435259709,0.15,11,22,0,0,5,False,1,0.0,True,False,True,1.8337648500371673e-08,7.196660373030976e-09,8.776331637751635e-08,3.4442953858944945e-08,0.004577670750422995,True,True,True,True,-0.04897395196377816,-0.018301384556691516,0.00498939075857653,0.004700566247968503,0.0004409540686861709,0.1275,7,14,0,0,5,False,5,0.13832594262969589,True,False,True,5.2854668413249845e-08,1.0771116415261744e-08,2.529605137696225e-07,5.155017000530447e-08,0.0045814163243569645,True,True,True,True,-0.04897384978116146,-0.01830123780630318,0.004988616015434322,0.004700131367676904,0.0004403881037039091,0.135,7,14,0,0,5,False,5,0.11447566540556446,True,False,True,6.634543088393854e-08,1.3740409085958132e-08,3.175268105259912e-07,6.576109634465958e-08,0.004581141344628205,True,True,True,True,-0.048973951989646804,-0.018301384691011332,0.004989390878281658,0.004700566462045656,0.0004409551204956008,0.1275,7,14,0,0,5,False,5,0.13832594262969589,True,False,True,5.2849649709914986e-08,1.0770194683222217e-08,2.5293649443865033e-07,5.154575862940757e-08,0.004581416077168484,True,True,True,True,-0.048973849782469304,-0.01830123780710135,0.004988616026894125,0.00470013137074372,0.0004403881206851078,0.135,7,14,0,0,5,False,5,0.11447566540556446,True,False,True,6.634550735531985e-08,1.3740440738082293e-08,3.1752717651523086e-07,6.576124783057048e-08,0.0045811413424895866,True,True,True,True,-0.048973804870097504,0.0,0.004988234601963236,0.0,0.0,0.15,3,6,0,0,2,True,1,0.0,True,True,False,0.0021424039321274796,0.0010191303031416364,0.010253467018954373,0.00487752043140759,0.0,True,True,True,True
6,0.3,summer,10,0.0,0.0,normal,0.0,81,162,0.18840612353159147,-0.04635109291423058,-0.017291143977182545,0.0049604055983858844,0.004683258896221866,0.0004258403682268374,-0.04635355608299313,-0.017292063575018488,0.004960505063219341,0.004683261821192429,0.0004258619816094196,0.0,7,14,0,0,5,False,5,0.5424942396007537,False,False,True,5.841433915482891e-07,2.953686445077576e-07,3.100448014102585e-06,1.5677231661646651e-06,0.004567805578830357,True,True,True,True,-0.04635355608302205,-0.0172920635750147,0.0049605050626589835,0.004683261820942473,0.0004258619809937158,0.0,7,14,0,0,5,False,5,0.5424942396007537,False,False,True,5.841433780347932e-07,2.9536864462322665e-07,3.1004479423772313e-06,1.5677231667775383e-06,0.004567805578767872,True,True,True,True,-0.04635355608284063,-0.017292063575064846,0.004960505063557031,0.004683261820795371,0.0004258619795054022,0.0,7,14,0,0,5,False,5,0.5424942396007537,False,False,True,5.841433574479624e-07,2.953686467665776e-07,3.1004478331088566e-06,1.567723178153766e-06,0.0045678055794818795,True,True,True,True,-0.04635355608298228,-0.01729206357503894,0.004960505063048186,0.004683261820254752,0.00042586198301863414,0.0,7,14,0,0,5,False,5,0.5424942396007537,False,False,True,5.841433883130298e-07,2.9536864658088587e-07,3.100447996930854e-06,1.567723177168173e-06,0.00456780557747634,True,True,True,True,-0.04635355608300436,-0.017292063574839454,0.004960505062424147,0.004683261821175777,0.0004258619812357997,0.0,7,14,0,0,5,False,5,0.5424942396007537,False,False,True,5.841433574939325e-07,2.953686243626168e-07,3.1004478333528517e-06,1.5677230592406414e-06,0.004567805578793372,True,True,True,True,-0.04635355608284335,-0.017292063574967514,0.004960505062725899,0.0046832618211403105,0.0004258619817056532,0.0,7,14,0,0,5,False,5,0.5424942396007537,False,False,True,5.841433700836882e-07,2.953686357798721e-07,3.100447900175285e-06,1.5677231198398145e-06,0.0045678055786376424,True,True,True,True
6,0.3,summer,10,0.5,0.15,normal,0.15,81,162,0.18840612351596747,-0.046347041225697966,-0.01729081331299968,0.004938450229715849,0.004677067270707933,0.00042130617917049835,-0.04634764801646849,-0.017289922299063853,0.004942277153951887,0.004676306708358678,0.0004119013766478466,0.15,7,14,0,0,5,False,5,0.46793139540280826,False,False,True,5.562577530303717e-07,1.779589035119684e-07,2.9524398817283065e-06,9.445494668164877e-07,0.004564137376836256,True,True,True,True,-0.04634764924047427,-0.017289922400448635,0.004942281538983923,0.004676307966263412,0.00041190195607898405,0.15,7,14,0,0,5,False,5,0.46793139540280826,False,False,True,5.562019255445083e-07,1.7795883610423437e-07,2.952143567124399e-06,9.445491090375962e-07,0.004564139106753842,True,True,True,True,-0.046347649240541404,-0.01728992239911454,0.004942281539109869,0.004676307968085321,0.00041190194708281804,0.15,7,14,0,0,5,False,5,0.46793139540280826,False,False,True,5.562019676805079e-07,1.77958847970595e-07,2.952143790768932e-06,9.445491720204781e-07,0.0045641391119665255,True,True,True,True,-0.04634764924027216,-0.017289922400666097,0.004942281537632206,0.004676307966740029,0.0004119019577629683,0.15,7,14,0,0,5,False,5,0.46793139540280826,False,False,True,5.562018512940067e-07,1.779588253241557e-07,2.9521431730262655e-06,9.445490518203547e-07,0.004564139106104846,True,True,True,True,-0.04634764923967124,-0.017289922399511642,0.004942281535349826,0.00467630796725899,0.000411901950462635,0.15,7,14,0,0,5,False,5,0.46793139540280826,False,False,True,5.562019515736004e-07,1.7795883190118187e-07,2.9521437052785715e-06,9.445490867291253e-07,0.004564139109049384,True,True,True,True,-0.04634764924063932,-0.017289922399431317,0.004942281537801541,0.00467630796846637,0.00041190194970952006,0.15,7,14,0,0,5,False,5,0.46793139540280826,False,False,True,5.562019154410451e-07,1.77958834523709e-07,2.9521435134984177e-06,9.445491006486684e-07,0.00456413911085777,True,True,True,True
6,0.3,summer,10,0.9,0.27,boundary,0.27,55,110,0.1884061234798228,-0.046346061883923505,-0.017290274648190662,0.004935778189090697,0.004672798263243625,0.0004185760347535479,-0.046346049018972546,-0.017285862380119664,0.004935931533281558,0.004670490071820381,0.0004018081154553278,0.27,7,14,0,0,5,False,5,0.23616699075177305,False,False,True,5.230707781642488e-07,1.0838424021271475e-07,2.776293936222655e-06,5.752692015040693e-07,0.00456242618348841,True,True,True,True,-0.046346049219412946,-0.017285864226385513,0.004935932005998708,0.004670491224335143,0.00040181494295544453,0.27,7,14,0,0,5,False,5,0.23616699075177305,False,False,True,5.229145992229414e-07,1.0834842565104737e-07,2.7754649878932548e-06,5.75079109159904e-07,0.00456242433510813,True,True,True,True,-0.04634604922203839,-0.017285864211484623,0.004935932015735102,0.004670491223947525,0.0004018148865855091,0.27,7,14,0,0,5,False,5,0.23616699075177305,False,False,True,5.229156522217754e-07,1.0834868569694233e-07,2.7754705768773838e-06,5.750804894011093e-07,0.004562424360509273,True,True,True,True,-0.04634604922054471,-0.017285864195246133,0.004935932011099429,0.004670491223561773,0.0004018148262521285,0.27,7,14,0,0,5,False,5,0.23616699075177305,False,False,True,5.229165771425057e-07,1.0834894685920988e-07,2.7754754860635247e-06,5.750818755676666e-07,0.004562424384340229,True,True,True,True,-0.04634604922205263,-0.017285864199100373,0.004935932015654643,0.004670491228302262,0.00040181483934294363,0.27,7,14,0,0,5,False,5,0.23616699075177305,False,False,True,5.229161548631067e-07,1.0834885131445009e-07,2.77547324473829e-06,5.750813684463585e-07,0.004562424383577801,True,True,True,True,-0.046346049222400605,-0.01728586418987731,0.0049359320171376755,0.004670491227334572,0.00040181480741908,0.27,7,14,0,0,5,False,5,0.23616699075177305,False,False,True,5.229169000864342e-07,1.0834905030020892e-07,2.775477200147561e-06,5.750824245997104e-07,0.004562424396478336,True,True,True,True
6,0.3,summer,10,0.98,0.294,boundary,0.27,55,110,0.18840612347975735,-0.04634606189470326,-0.017290274785848443,0.004935778213607698,0.0046727984106610335,0.00041857658576587687,-0.04634524747551163,-0.017284973616870633,0.004933060095988278,0.004669124691992904,0.0004003253022870627,0.294,7,14,0,0,5,False,5,0.10792572146068755,False,False,True,6.836620823026315e-07,1.5997865967830042e-07,3.6286616893112036e-06,8.491160304324651e-07,0.004561341353777295,True,True,True,True,-0.0463464506446375,-0.017286438256648592,0.004937454516593266,0.004671344677232297,0.0004029119224309564,0.255,7,14,0,0,5,False,5,0.28525438203523307,True,False,True,4.168807008469305e-07,8.501322707891091e-08,2.2126706560666584e-06,4.5122326975770966e-07,0.004562970278145502,True,True,True,True,-0.046346049271315595,-0.017285864663397137,0.004935932130590169,0.00467049151414053,0.00040181655784005745,0.27,7,14,0,0,5,False,5,0.23616699075177305,True,False,True,5.229170286450563e-07,1.0834339263875245e-07,2.7754778824969525e-06,5.75052395525738e-07,0.004562423914126795,True,True,True,True,-0.04634645078468948,-0.017286438876008635,0.004937454863795256,0.00467134519910749,0.0004029143410177478,0.255,7,14,0,0,5,False,5,0.28525438203523307,True,False,True,4.1683400335990745e-07,8.500473658790543e-08,2.2124228006033614e-06,4.511782049219779e-07,0.004562969751744166,True,True,True,True,-0.04634604927136655,-0.017285864667173793,0.004935932130996958,0.004670491511906212,0.00040181657323887015,0.27,7,14,0,0,5,False,5,0.23616699075177305,True,False,True,5.229169628105657e-07,1.0834336187734561e-07,2.7754775330683383e-06,5.750522322539383e-07,0.004562423906060931,True,True,True,True,-0.04634524764218735,-0.017284996053260723,0.004933060437442569,0.004669130172569381,0.0004004016160811586,0.294,7,14,0,0,5,False,5,0.10792572146068755,False,False,True,6.81674310773657e-07,1.5939309233826898e-07,3.6181112279341447e-06,8.460080245501915e-07,0.0045613138217360846,True,True,True,True
6,0.3,summer,10,1.0,0.3,boundary,0.27,55,110,0.18840612347911956,-0.04634606190414738,-0.017290274917892947,0.004935778234233301,0.00467279855076683,0.0004185771146651724,-0.04634579145670202,-0.017290817261988597,0.004934836174335131,0.004671997363702379,0.0004203022749090146,0.3,11,22,0,0,5,False,1,0.0,True,False,True,1.4500841605605275e-07,5.687015166752854e-08,7.696587211621259e-07,3.0184874364675985e-07,0.004555556807211421,True,True,True,True,-0.046346450571447206,-0.01728643792347827,0.0049374543348174975,0.004671344404623011,0.0004029106206523422,0.255,7,14,0,0,5,False,5,0.28525438203523307,True,False,True,4.169438686512511e-07,8.50211769166835e-08,2.213005930762434e-06,4.512654649789348e-07,0.004562970569044688,True,True,True,True,-0.046346049268695066,-0.017285864672894224,0.00493593212080466,0.00467049151383722,0.000401816594479591,0.27,7,14,0,0,5,False,5,0.23616699075177305,True,False,True,5.229546440324237e-07,1.083465861217499e-07,2.7756775330626716e-06,5.750693455234622e-07,0.004562423896410017,True,True,True,True,-0.04634645078460915,-0.01728643887490894,0.0049374548632763315,0.0046713452012880794,0.0004029143356952459,0.255,7,14,0,0,5,False,5,0.28525438203523307,True,False,True,4.168721830111882e-07,8.500813259700221e-08,2.2126254461012187e-06,4.511962298636402e-07,0.004562969755539497,True,True,True,True,-0.046346049269808176,-0.0172858646680078,0.004935932125542132,0.004670491506452785,0.0004018165754555665,0.27,7,14,0,0,5,False,5,0.23616699075177305,True,False,True,5.229553330272918e-07,1.0834670680901533e-07,2.7756811900290982e-06,5.750699860932229e-07,0.004562423899682408,True,True,True,True,-0.046345869531770736,0.0,0.004935170950036553,0.0,0.0,0.3,3,6,0,0,2,True,1,0.0,True,True,False,0.004166238388905761,0.001921899934493727,0.022113073142060014,0.01020083582743384,0.0,True,True,True,True
6,0.3,summer,18,0.0,0.0,normal,0.0,81,162,0.2168775564778089,-0.0499605794658393,-0.01868517668528385,0.005016378838027102,0.004715452804956257,0.0004628474348141782,-0.0499630965690529,-0.018686113061584277,0.005016461857898828,0.0047154547687466245,0.0004628576309034672,0.0,7,14,0,0,5,False,5,0.5424942396007537,False,False,True,5.945628640683168e-07,3.004864807464982e-07,2.741467921920049e-06,1.3855121093511776e-06,0.0045898956147353166,True,True,True,True,-0.04996309656895514,-0.018686113061904607,0.005016461858296346,0.004715454768918706,0.00046285763097933454,0.0,7,14,0,0,5,False,5,0.5424942396007537,False,False,True,5.945629099526201e-07,3.004865152934066e-07,2.7414681334878294e-06,1.3855122686434024e-06,0.004589895614926865,True,True,True,True,-0.04996309656899736,-0.01868611306161321,0.005016461857698673,0.004715454769371123,0.00046285762874501623,0.0,7,14,0,0,5,False,5,0.5424942396007537,False,False,True,5.945628526408259e-07,3.004864829662862e-07,2.741467869229069e-06,1.3855121195863909e-06,0.004589895616077017,True,True,True,True,-0.049963096569048515,-0.018686113061728803,0.005016461857936609,0.004715454769663174,0.00046285762895486785,0.0,7,14,0,0,5,False,5,0.5424942396007537,False,False,True,5.945628830513958e-07,3.004864971395925e-07,2.741468009449064e-06,1.3855121849380416e-06,0.004589895616268799,True,True,True,True,-0.049963096568887845,-0.018686113061742678,0.005016461857784246,0.004715454769948593,0.0004628576298817655,0.0,7,14,0,0,5,False,5,0.5424942396007537,False,False,True,5.945628882755155e-07,3.0048649557737133e-07,2.7414680335369404e-06,1.385512177734801e-06,0.0045898956160661435,True,True,True,True,-0.04996309656881823,-0.018686113061776904,0.00501646185678706,0.004715454769147382,0.0004628576306442623,0.0,7,14,0,0,5,False,5,0.5424942396007537,False,False,True,5.945628738209321e-07,3.004864980740303e-07,2.7414679668883503e-06,1.3855121892466378e-06,0.004589895614900758,True,True,True,True
6,0.3,summer,18,0.5,0.15,normal,0.15,81,162,0.21687755646070828,-0.04995644081553845,-0.018684830936816988,0.004993946168785798,0.004709128458851802,0.0004580992139595579,-0.04995705364185605,-0.01868392888377521,0.004997818891754341,0.004708348175598665,0.00044856635155682067,0.15,7,14,0,0,5,False,5,0.46793139540280826,False,False,True,5.657843339993383e-07,1.8061855889066155e-07,2.6087730940561455e-06,8.328135093286346e-07,0.0045861542044240405,True,True,True,True,-0.0499570549967245,-0.018683928994268482,0.004997823745870049,0.0047083495682690366,0.0004485669801579251,0.15,7,14,0,0,5,False,5,0.46793139540280826,False,False,True,5.657227371835827e-07,1.8061850432453923e-07,2.608489077504314e-06,8.328132577298836e-07,0.004586156125289371,True,True,True,True,-0.049957054995348256,-0.01868392899483132,0.004997823740365973,0.00470834956562386,0.00044856698549857284,0.15,7,14,0,0,5,False,5,0.46793139540280826,False,False,True,5.657228409725219e-07,1.806184832732015e-07,2.6084895560643867e-06,8.328131606643408e-07,0.00458615611974614,True,True,True,True,-0.049957054996297615,-0.018683928994450087,0.0049978237444514885,0.004708349567219215,0.0004485669825181413,0.15,7,14,0,0,5,False,5,0.46793139540280826,False,False,True,5.657228003934367e-07,1.806184913115726e-07,2.6084893689584183e-06,8.328131977284392e-07,0.0045861561231635845,True,True,True,True,-0.0499570549968498,-0.018683928994478845,0.0049978237454006815,0.004708349568025869,0.00044856698297053403,0.15,7,14,0,0,5,False,5,0.46793139540280826,False,False,True,5.657227699082737e-07,1.8061848612333027e-07,2.6084892283944823e-06,8.328131738059901e-07,0.004586156123812807,True,True,True,True,-0.049957054996833665,-0.01868392899514824,0.004997823745852097,0.00470834956684221,0.00044856698542843423,0.15,7,14,0,0,5,False,5,0.46793139540280826,False,False,True,5.657227251354945e-07,1.8061850679764832e-07,2.608489021951824e-06,8.32813269133134e-07,0.004586156121970792,True,True,True,True
6,0.3,summer,18,0.9,0.27,boundary,0.27,55,110,0.21687755642078396,-0.04995544159391154,-0.018684268296620274,0.0049912217569251585,0.004704768765298068,0.0004552475695940227,-0.04995542490993895,-0.018679786743689725,0.004991365275080699,0.00470241109405955,0.00043821569058796056,0.27,7,14,0,0,5,False,5,0.23616699075177305,False,False,True,5.31701240718066e-07,1.1008161748516495e-07,2.451619473646521e-06,5.075749621209561e-07,0.0045844346123868306,True,True,True,True,-0.04995542513511135,-0.01867978881012679,0.004991365809537833,0.004702412370066855,0.000438223332120178,0.27,7,14,0,0,5,False,5,0.23616699075177305,False,False,True,5.315271123700407e-07,1.1004158934150782e-07,2.450816585828625e-06,5.073903964871592e-07,0.004584432531970091,True,True,True,True,-0.04995542513174556,-0.01867978881155871,0.00499136579760532,0.004702412369745879,0.00043822333827182506,0.27,7,14,0,0,5,False,5,0.23616699075177305,False,False,True,5.315268734873424e-07,1.1004155073527895e-07,2.4508154843651895e-06,5.073902184778276e-07,0.004584432526471448,True,True,True,True,-0.04995542513016472,-0.018679788801572433,0.0049913657919619546,0.0047024123638914755,0.0004382233006546108,0.27,7,14,0,0,5,False,5,0.23616699075177305,False,False,True,5.315276884517578e-07,1.1004173621885442e-07,2.4508192420818886e-06,5.073910737234258e-07,0.00458443253636683,True,True,True,True,-0.04995542513310625,-0.018679788783296288,0.004991365802539668,0.00470241237281181,0.0004382232330541648,0.27,7,14,0,0,5,False,5,0.23616699075177305,False,False,True,5.315285575421477e-07,1.1004201905011398e-07,2.450823249367863e-06,5.073923778291351e-07,0.0045844325738777685,True,True,True,True,-0.049955425133498016,-0.018679788797583054,0.004991365804986151,0.00470241236610215,0.0004382232864944927,0.27,7,14,0,0,5,False,5,0.23616699075177305,False,False,True,5.315280082948681e-07,1.1004182054892285e-07,2.450820716845417e-06,5.073914625606564e-07,0.004584432546918741,True,True,True,True
6,0.3,summer,18,0.98,0.294,boundary,0.27,55,110,0.21687755642079504,-0.04995544160550122,-0.018684268448134003,0.004991221783340287,0.004704768926383058,0.000455248177341676,-0.04995460868943998,-0.01867888333824513,0.004988441963645693,0.004701017017451848,0.00043670361259300197,0.294,7,14,0,0,5,False,5,0.10792572146068755,False,False,True,6.949356676638763e-07,1.6246811328039065e-07,3.204276547249235e-06,7.49123680484315e-07,0.0045833279101469325,True,True,True,True,-0.04995583417282114,-0.01868037391047093,0.004992916455332622,0.004703283555731724,0.0004393470812963519,0.255,7,14,0,0,5,False,5,0.28525438203523307,True,False,True,4.2365645071089364e-07,8.630280594284247e-08,1.953436112535764e-06,3.9793331945973284e-07,0.0045849873517245085,True,True,True,True,-0.04995542518709797,-0.01867978930720981,0.004991365928766562,0.004702412685232289,0.00043822516909909886,0.27,7,14,0,0,5,False,5,0.23616699075177305,True,False,True,5.315286081743892e-07,1.100357231036819e-07,2.4508234828277703e-06,5.073633478707494e-07,0.004584432036295739,True,True,True,True,-0.049955834330413444,-0.018680374596803065,0.004992916850518514,0.004703284136436288,0.0004393497598231615,0.255,7,14,0,0,5,False,5,0.28525438203523307,True,False,True,4.236045789609427e-07,8.629337968758415e-08,1.9531969372572935e-06,3.97889855970869e-07,0.004584986772567932,True,True,True,True,-0.049955425187362595,-0.018679789301138262,0.0049913659302369,0.004702412686706023,0.00043822514817581123,0.27,7,14,0,0,5,False,5,0.23616699075177305,True,False,True,5.315289812908575e-07,1.1003584010602946e-07,2.450825203229247e-06,5.073638873564827e-07,0.004584432046502619,True,True,True,True,-0.049954608887613904,-0.01867890827463126,0.004988442389493258,0.004701023028397601,0.00043678842511600476,0.294,7,14,0,0,5,False,5,0.10792572146068755,False,False,True,6.92731134312001e-07,1.6181775989419497e-07,3.194111671785598e-06,7.461249682296737e-07,0.004583297240116142,True,True,True,True
6,0.3,summer,18,1.0,0.3,boundary,0.27,55,110,0.21687755641970496,-0.04995544161635432,-0.01868426859501498,0.004991221807348366,0.00470476908226031,0.00045524876510253797,-0.04995516559688465,-0.01868481568775909,0.004990260376438113,0.004703950892999482,0.0004569872696084855,0.3,11,22,0,0,5,False,1,0.0,True,False,True,1.469579049492853e-07,5.766461002111186e-08,6.776077127357981e-07,2.658855576070692e-07,0.004577471398719771,True,True,True,True,-0.0499558340910485,-0.018680373546120326,0.0049929162526646635,0.004703283246907111,0.0004393456586581713,0.255,7,14,0,0,5,False,5,0.28525438203523307,True,False,True,4.2372630944167294e-07,8.631161059482085e-08,1.953758223933835e-06,3.9797391680211127e-07,0.004584987660646136,True,True,True,True,-0.04995542518557508,-0.018679789306811266,0.004991365924215296,0.004702412678564708,0.0004382251697608302,0.27,7,14,0,0,5,False,5,0.23616699075177305,True,False,True,5.315711781514465e-07,1.1003951455022601e-07,2.4510197686050158e-06,5.073808298414971e-07,0.0045844320298276025,True,True,True,True,-0.04995583432813184,-0.018680374605534025,0.004992916841590438,0.004703284134454182,0.0004393497953070996,0.255,7,14,0,0,5,False,5,0.28525438203523307,True,False,True,4.2364639060536724e-07,8.629706197060174e-08,1.9533897264386356e-06,3.9790683459932695e-07,0.004584986754211499,True,True,True,True,-0.04995542518673093,-0.018679789322320155,0.004991365926816981,0.004702412684683022,0.0004382252250394394,0.27,7,14,0,0,5,False,5,0.23616699075177305,True,False,True,5.315699083694239e-07,1.1003919735280891e-07,2.451013913771332e-06,5.073793672769868e-07,0.0045844320120808245,True,True,True,True,-0.049955245336797,0.0,0.0049906023032092696,0.0,0.0,0.3,3,6,0,0,2,True,1,0.0,True,True,False,0.00448407489788138,0.002076490088713107,0.020675605958985103,0.009574481209547795,0.0,True,True,True,True
6,0.3,winter,10,0.0,0.0,normal,0.0,81,162,0.2187190988245615,-0.050186756591699716,-0.018772750386878336,0.005019884105541186,0.0047174753901212,0.00046517282048482816,-0.05018927869416316,-0.018773688218856794,0.005019985388893581,0.004717478377629247,0.000465195155764486,0.0,7,14,0,0,5,False,5,0.5424942396007537,False,False,True,5.952216732543411e-07,3.0081232348468513e-07,2.721397794948758e-06,1.3753363336869456e-06,0.004591280524997112,True,True,True,True,-0.05018927869432668,-0.01877368821841886,0.005019985388091132,0.004717478376326275,0.0004651951597727037,0.0,7,14,0,0,5,False,5,0.5424942396007537,False,False,True,5.952216335768784e-07,3.0081227678573164e-07,2.7213976135404447e-06,1.3753361201758541e-06,0.004591280522127853,True,True,True,True,-0.05018927869414041,-0.018773688218917447,0.0050199853875266135,0.004717478376998576,0.0004651951588100479,0.0,7,14,0,0,5,False,5,0.5424942396007537,False,False,True,5.95221692539262e-07,3.0081232992477155e-07,2.7213978831208516e-06,1.3753363631315e-06,0.004591280522922387,True,True,True,True,-0.05018927869388517,-0.01877368821894383,0.0050199853885036175,0.004717478377179605,0.0004651951561282339,0.0,7,14,0,0,5,False,5,0.5424942396007537,False,False,True,5.95221657330447e-07,3.0081232790986164e-07,2.7213977221435284e-06,1.375336353919182e-06,0.004591280524408571,True,True,True,True,-0.0501892786941753,-0.01877368821893342,0.005019985387400945,0.004717478377088628,0.0004651951589850636,0.0,7,14,0,0,5,False,5,0.5424942396007537,False,False,True,5.952217005745011e-07,3.008123324343667e-07,2.721397919858563e-06,1.3753363746055557e-06,0.004591280522890018,True,True,True,True,-0.050189278694296485,-0.018773688218787735,0.00501998538799768,0.0047174783779007886,0.0004651951553507832,0.0,7,14,0,0,5,False,5,0.5424942396007537,False,False,True,5.952216694058571e-07,3.0081231824871735e-07,2.7213977773532023e-06,1.375336309747711e-06,0.004591280525176562,True,True,True,True
6,0.3,winter,10,0.5,0.15,normal,0.15,81,162,0.21871909880728413,-0.05018261402506539,-0.018772404073437214,0.00499744054640178,0.004711143731536403,0.00046042386120306937,-0.05018322722831382,-0.018771501324909463,0.005001316143537028,0.004710362195702636,0.00045088292097414867,0.15,7,14,0,0,5,False,5,0.46793139540280826,False,False,True,5.663864723606457e-07,1.8078652346513888e-07,2.5895611103431588e-06,8.265694420423336e-07,0.004587534488246864,True,True,True,True,-0.050183228591433,-0.01877150143567975,0.005001321026514593,0.004710363597375034,0.0004508835518284338,0.15,7,14,0,0,5,False,5,0.46793139540280826,False,False,True,5.663245410767598e-07,1.8078645738315636e-07,2.589277955903406e-06,8.265691399105908e-07,0.004587536421736956,True,True,True,True,-0.05018322859214593,-0.018771501435789092,0.005001321028830127,0.004710363598766064,0.0004508835532574904,0.15,7,14,0,0,5,False,5,0.46793139540280826,False,False,True,5.663244635242121e-07,1.807864433041175e-07,2.5892776013273853e-06,8.265690755401772e-07,0.004587536422739221,True,True,True,True,-0.05018322859166477,-0.0187715014350405,0.005001321027941182,0.004710363598703627,0.00045088354882480744,0.15,7,14,0,0,5,False,5,0.46793139540280826,False,False,True,5.663245585840228e-07,1.807864460338895e-07,2.589278035947916e-06,8.265690880208978e-07,0.004587536424349865,True,True,True,True,-0.05018322859186236,-0.018771501435310645,0.005001321028195133,0.004710363598226672,0.0004508835495397602,0.15,7,14,0,0,5,False,5,0.46793139540280826,False,False,True,5.663245493232015e-07,1.807864588764795e-07,2.5892779936067518e-06,8.265691467381753e-07,0.004587536423739842,True,True,True,True,-0.05018322859200586,-0.01877150143545302,0.005001321028238597,0.004710363599108934,0.0004508835516722738,0.15,7,14,0,0,5,False,5,0.46793139540280826,False,False,True,5.663244905017642e-07,1.8078643774904885e-07,2.589277724670762e-06,8.265690501419897e-07,0.004587536423534196,True,True,True,True
6,0.3,winter,10,0.9,0.27,boundary,0.27,55,110,0.21871909876709952,-0.0501816135457196,-0.018771839906949167,0.004994712820851274,0.0047067782998193725,0.00045756448194629893,-0.050181596618149374,-0.01876735398634787,0.00499485571012725,0.004704417494363361,0.00044051596305801197,0.27,7,14,0,0,5,False,5,0.23616699075177305,False,False,True,5.322462206065401e-07,1.1018872261394399e-07,2.4334693385569233e-06,5.037910417291778e-07,0.004585814374748721,True,True,True,True,-0.050181596841856996,-0.01876735604545824,0.004994856237354181,0.004704418782536031,0.00044052357766626016,0.27,7,14,0,0,5,False,5,0.23616699075177305,False,False,True,5.320719226667436e-07,1.1014874624337702e-07,2.4326724354022425e-06,5.036082667872897e-07,0.004585812313251762,True,True,True,True,-0.05018159684257487,-0.018767356056496654,0.004994856240510361,0.004704418776768328,0.00044052361839517644,0.27,7,14,0,0,5,False,5,0.23616699075177305,False,False,True,5.320715365268389e-07,1.1014859306813615e-07,2.4326706699418556e-06,5.036075664586867e-07,0.004585812292488156,True,True,True,True,-0.050181596843286505,-0.01876735604549464,0.0049948562428028,0.004704418789416605,0.0004405235774614924,0.27,7,14,0,0,5,False,5,0.23616699075177305,False,False,True,5.320716192176375e-07,1.1014870699681977e-07,2.432671048010342e-06,5.036080873491086e-07,0.004585812319895937,True,True,True,True,-0.050181596843530844,-0.01876735604356425,0.004994856244803414,0.0047044187769848785,0.0004405235697963245,0.27,7,14,0,0,5,False,5,0.23616699075177305,False,False,True,5.320723362560453e-07,1.1014880539467573e-07,2.4326743263633156e-06,5.036085372314303e-07,0.0045858123139080826,True,True,True,True,-0.05018159684191226,-0.01876735606481635,0.004994856238398582,0.004704418775511075,0.0004405236502506777,0.27,7,14,0,0,5,False,5,0.23616699075177305,False,False,True,5.320710724093791e-07,1.1014846661658708e-07,2.4326685479622827e-06,5.03606988312792e-07,0.004585812277741096,True,True,True,True
6,0.3,winter,10,0.98,0.294,boundary,0.27,55,110,0.21871909876711626,-0.050181613556554705,-0.018771840060350396,0.004994712844036626,0.004706778462739995,0.0004575650972314396,-0.050180779478836195,-0.018766449693612457,0.0049919291504779304,0.004703021587800397,0.0004390021584432398,0.294,7,14,0,0,5,False,5,0.10792572146068755,False,False,True,6.956458709532834e-07,1.6262431983937752e-07,3.1805447026552563e-06,7.435304953068304e-07,0.004584706233351636,True,True,True,True,-0.05018200636563652,-0.018767941862872124,0.004996408680037758,0.004705291085198688,0.00044164908531122354,0.255,7,14,0,0,5,False,5,0.28525438203523307,True,False,True,4.2408459993009684e-07,8.638425467091558e-08,1.9389463577739316e-06,3.949552423992668e-07,0.004586367667440565,True,True,True,True,-0.05018159689625164,-0.018767356558177947,0.004994856364327515,0.0047044190969799515,0.0004405254736688333,0.27,7,14,0,0,5,False,5,0.23616699075177305,True,False,True,5.320729311282871e-07,1.1014269648625649e-07,2.432677046163298e-06,5.035806068473802e-07,0.004585811794089741,True,True,True,True,-0.05018200652245374,-0.01876794255791089,0.004996409069921,0.004705291673496482,0.0004416517998733505,0.255,7,14,0,0,5,False,5,0.28525438203523307,True,False,True,4.2403200106646416e-07,8.637469597741989e-08,1.938705871854187e-06,3.9491153934109964e-07,0.004586367077892119,True,True,True,True,-0.050181596897696676,-0.01876735657704399,0.004994856369477332,0.0047044190987998325,0.0004405255428532902,0.27,7,14,0,0,5,False,5,0.23616699075177305,True,False,True,5.320716970902417e-07,1.101423633112895e-07,2.432671404049499e-06,5.035790835466311e-07,0.0045858117677778105,True,True,True,True,-0.05018077966607097,-0.018766474868768878,0.004991929537261566,0.0047030276493464146,0.00043908778349063826,0.294,7,14,0,0,5,False,5,0.10792572146068755,False,False,True,6.934197467169459e-07,1.619677412540482e-07,3.170366696944343e-06,7.405285691420358e-07,0.004584675253117997,True,True,True,True
6,0.3,winter,10,1.0,0.3,boundary,0.27,55,110,0.21871909876610016,-0.05018161356773919,-0.018771840207398617,0.004994712869694247,0.0047067786188681226,0.0004575656865119289,-0.05018133719528745,-0.018772387601294255,0.0049937502101827045,0.004705959355462663,0.0004593050412668707,0.3,11,22,0,0,5,False,1,0.0,True,False,True,1.4708088233970906e-07,5.771475413386034e-08,6.724647420799702e-07,2.6387615192023504e-07,0.004578845236407038,True,True,True,True,-0.050182006282852354,-0.018767941497710577,0.004996408473676646,0.004705290779045597,0.0004416476570857767,0.255,7,14,0,0,5,False,5,0.28525438203523307,True,False,True,4.241545199182989e-07,8.639303592646344e-08,1.9392660371735204e-06,3.9499539095510263e-07,0.004586367979957891,True,True,True,True,-0.050181596894653936,-0.01876735656558835,0.004994856359152803,0.004704419095462583,0.0004405255017915119,0.27,7,14,0,0,5,False,5,0.23616699075177305,True,False,True,5.321150035042521e-07,1.1014630794043515e-07,2.432869404209186e-06,5.035971186870445e-07,0.004585811780010746,True,True,True,True,-0.050182006521172454,-0.01876794256334667,0.004996409064645006,0.004705291671334319,0.0004416518206301148,0.255,7,14,0,0,5,False,5,0.28525438203523307,True,False,True,4.2407429522075407e-07,8.6378427443994e-08,1.938899243884789e-06,3.9492859988586433e-07,0.0045863670663646335,True,True,True,True,-0.0501815968948536,-0.018767356551198804,0.004994856360129557,0.004704419097339498,0.0004405254486838856,0.27,7,14,0,0,5,False,5,0.23616699075177305,True,False,True,5.32115827317492e-07,1.1014654569356202e-07,2.4328731707446393e-06,5.035982057120378e-07,0.004585811803854541,True,True,True,True,-0.0501814170407708,0.0,0.004994092591117496,0.0,0.0,0.3,3,6,0,0,2,True,1,0.0,True,True,False,0.0045040410725370565,0.00208620183341977,0.020592811043692677,0.009538270069642021,0.0,True,True,True,True
6,0.3,winter,18,0.0,0.0,normal,0.0,81,162,0.2089443432315163,-0.04897660529229859,-0.018304494536528174,0.005001055387639718,0.004706656920199726,0.000452692500893501,-0.048979108710408704,-0.018305426587592166,0.005001156591589095,0.004706659916121593,0.0004527149397887021,0.0,7,14,0,0,5,False,5,0.5424942396007537,False,False,True,5.917051632310655e-07,2.9908405904845453e-07,2.8318793133128243e-06,1.4314053896977764e-06,0.004583871632001336,True,True,True,True,-0.04897910871057817,-0.018305426587483343,0.0050011565915935585,0.004706659916011343,0.0004527149391123983,0.0,7,14,0,0,5,False,5,0.5424942396007537,False,False,True,5.917051504687049e-07,2.990840499768625e-07,2.831879252232632e-06,1.4314053462814679e-06,0.0045838716322006215,True,True,True,True,-0.04897910871036349,-0.01830542658730161,0.00500115659203179,0.004706659915863621,0.00045271493926381956,0.0,7,14,0,0,5,False,5,0.5424942396007537,False,False,True,5.917051089715172e-07,2.9908402507556973e-07,2.831879053628607e-06,1.4314052271047896e-06,0.004583871632122654,True,True,True,True,-0.048979108710302366,-0.018305426587495358,0.005001156591325257,0.004706659915001039,0.00045271494171926453,0.0,7,14,0,0,5,False,5,0.5424942396007537,False,False,True,5.917051371043952e-07,2.99084045896485e-07,2.831879188271534e-06,1.4314053267529304e-06,0.004583871630266416,True,True,True,True,-0.04897910871035373,-0.018305426587577382,0.00500115659142626,0.004706659916838459,0.00045271493811180395,0.0,7,14,0,0,5,False,5,0.5424942396007537,False,False,True,5.917051529007872e-07,2.990840563133847e-07,2.8318792638724895e-06,1.431405376607832e-06,0.004583871633221024,True,True,True,True,-0.048979108710357676,-0.018305426587450848,0.005001156590928511,0.0047066599158869064,0.00045271493872905863,0.0,7,14,0,0,5,False,5,0.5424942396007537,False,False,True,5.917051186712236e-07,2.9908404194100887e-07,2.8318791000510472e-06,1.4314053078221658e-06,0.004583871632113941,True,True,True,True
6,0.3,winter,18,0.5,0.15,normal,0.15,81,162,0.20894434321475705,-0.048972491626939216,-0.01830415321997954,0.0049787673606436255,0.00470036976109983,0.0004480123136380941,-0.04897310280386749,-0.018303254188978622,0.004982627554055515,0.0046995948911468695,0.0004385145243201677,0.15,7,14,0,0,5,False,5,0.46793139540280826,False,False,True,5.631722092805554e-07,1.7988969973385566e-07,2.6953216374071254e-06,8.609455368167662e-07,0.004580150269433432,True,True,True,True,-0.04897310412431131,-0.018303254296259314,0.004982632284574501,0.004699596248525027,0.00043851513724250425,0.15,7,14,0,0,5,False,5,0.46793139540280826,False,False,True,5.631122952302718e-07,1.7988962209810506e-07,2.6950348909493763e-06,8.609451652548977e-07,0.004580152141283754,True,True,True,True,-0.04897310412401988,-0.01830325429649384,0.004982632283472779,0.004699596248942832,0.00043851513915966724,0.15,7,14,0,0,5,False,5,0.46793139540280826,False,False,True,5.63112217960484e-07,1.7988960953296988e-07,2.6950345211389924e-06,8.609451051186193e-07,0.00458015214054842,True,True,True,True,-0.04897310412453285,-0.018303254296103445,0.00498263228560625,0.004699596248860468,0.0004385151354607126,0.15,7,14,0,0,5,False,5,0.46793139540280826,False,False,True,5.631122841987315e-07,1.7988963297941347e-07,2.695034838152827e-06,8.609452173324425e-07,0.004580152142527068,True,True,True,True,-0.04897310412286466,-0.01830325429597697,0.004982632278912648,0.004699596247790464,0.0004385151349718394,0.15,7,14,0,0,5,False,5,0.46793139540280826,False,False,True,5.631123131035615e-07,1.7988962602075413e-07,2.6950349764902884e-06,8.609451840285529e-07,0.0045801521403754574,True,True,True,True,-0.048973104124594054,-0.01830325429794518,0.004982632285597891,0.004699596248176459,0.00043851514670911946,0.15,7,14,0,0,5,False,5,0.46793139540280826,False,False,True,5.631120566259966e-07,1.7988962031767182e-07,2.6950337489980242e-06,8.609451567338092e-07,0.0045801521372722896,True,True,True,True
6,0.3,winter,18,0.9,0.27,boundary,0.27,55,110,0.20894434317591826,-0.04897149785994133,-0.018303597180560974,0.00497605731746747,0.004696034951400753,0.00044519412138735584,-0.048971482226126274,-0.018299134603888042,0.004976203540068875,0.004693690862002326,0.0004282345394655881,0.27,7,14,0,0,5,False,5,0.23616699075177305,False,False,True,5.293359469152326e-07,1.0961656135809206e-07,2.5333825212466477e-06,5.246208616703333e-07,0.0045784329548134665,True,True,True,True,-0.04897148244396861,-0.018299136608200164,0.0049762040565596065,0.004693692098319485,0.00042824195176270873,0.27,7,14,0,0,5,False,5,0.23616699075177305,False,False,True,5.291671076219917e-07,1.0957775201339077e-07,2.532574462551808e-06,5.244351215631287e-07,0.004578430935810471,True,True,True,True,-0.048971482442698,-0.018299136613522317,0.004976204051918897,0.004693692097213595,0.0004282419719034305,0.27,7,14,0,0,5,False,5,0.23616699075177305,False,False,True,5.291667758283713e-07,1.095776641101508e-07,2.5325728745996512e-06,5.244347008614307e-07,0.004578430925504458,True,True,True,True,-0.04897148244406659,-0.01829913661805299,0.0049762040560818125,0.00469369209926238,0.0004282419891623179,0.27,7,14,0,0,5,False,5,0.23616699075177305,False,False,True,5.291665122813746e-07,1.0957759677495179e-07,2.5325716132733447e-06,5.244343785976259e-07,0.004578430920825013,True,True,True,True,-0.04897148244236751,-0.018299136602621262,0.004976204050731661,0.004693692098318176,0.0004282419314417153,0.27,7,14,0,0,5,False,5,0.23616699075177305,False,False,True,5.291673855680606e-07,1.0957784014039464e-07,2.532575792791549e-06,5.244355433357526e-07,0.004578430942981326,True,True,True,True,-0.04897148244426901,-0.0182991366100147,0.004976204058132758,0.004693692095785336,0.00042824195823497075,0.27,7,14,0,0,5,False,5,0.23616699075177305,False,False,True,5.291671121478853e-07,1.0957773239113373e-07,2.532574484212569e-06,5.244350276517227e-07,0.004578430931497815,True,True,True,True
6,0.3,winter,18,0.98,0.294,boundary,0.27,55,110,0.20894434317589802,-0.048971497870976786,-0.01830359732935525,0.004976057342471538,0.004696035108374421,0.0004451947168606564,-0.048970670036856484,-0.018298235355425567,0.004973294474915637,0.004692304661828675,0.000426730983407749,0.294,7,14,0,0,5,False,5,0.10792572146068755,False,False,True,6.918353921588072e-07,1.6178261659267215e-07,3.311098934975193e-06,7.742856979692283e-07,0.0045773320522087555,True,True,True,True,-0.04897188939721106,-0.018299718690221154,0.004977746998529543,0.00469455842030508,0.0004293584200595768,0.255,7,14,0,0,5,False,5,0.28525438203523307,True,False,True,4.217990192166912e-07,8.594938129831659e-08,2.0187147103647756e-06,4.113506017531225e-07,0.004578983298467619,True,True,True,True,-0.048971482498919465,-0.018299137096523612,0.004976204187168889,0.004693692411191354,0.00042824375785128517,0.27,7,14,0,0,5,False,5,0.23616699075177305,True,False,True,5.291683701372576e-07,1.0957203244683343e-07,2.5325805049040346e-06,5.244077479263995e-07,0.004578430453940959,True,True,True,True,-0.048971889547804646,-0.018299719358260986,0.004977747371496493,0.004694558988199475,0.000429361030624707,0.255,7,14,0,0,5,False,5,0.28525438203523307,True,False,True,4.217484423684262e-07,8.594019705574832e-08,2.018472651415027e-06,4.1130664630341435e-07,0.004578982732938989,True,True,True,True,-0.0489714824972272,-0.018299137101126548,0.00497620418112258,0.004693692408925074,0.00042824377565412,0.27,7,14,0,0,5,False,5,0.23616699075177305,True,False,True,5.291681299153528e-07,1.095719648618625e-07,2.532579355210766e-06,5.244074244671954e-07,0.004578430443395197,True,True,True,True,-0.048970670222381045,-0.018298259507918004,0.004973294864584485,0.004692310522314898,0.0004268131313659689,0.294,7,14,0,0,5,False,5,0.10792572146068755,False,False,True,6.896978440038351e-07,1.6115250177990048e-07,3.300868707525711e-06,7.712699914744072e-07,0.004577302375589274,True,True,True,True
6,0.3,winter,18,1.0,0.3,boundary,0.27,55,110,0.20894434317498004,-0.04897149788260974,-0.018303597470918302,0.0049760573697395,0.004696035261607262,0.0004451952832206091,-0.04897122338907078,-0.018304143272160633,0.004975101242694342,0.004695221735781751,0.00044693017024628593,0.3,11,22,0,0,5,False,1,0.0,True,False,True,1.4642433497028678e-07,5.744698606410898e-08,7.00781522702742e-07,2.749391784969269e-07,0.0045714954526187975,True,True,True,True,-0.04897188931661933,-0.018299718343492897,0.0049777467966706694,0.004694558119161283,0.0004293570669168825,0.255,7,14,0,0,5,False,5,0.28525438203523307,True,False,True,4.2186671616716714e-07,8.59578461904257e-08,2.0190387055076944e-06,4.1139111441959677e-07,0.004578983584419891,True,True,True,True,-0.048971482498751086,-0.01829913711084131,0.004976204187313585,0.004693692404281742,0.00042824381178005927,0.27,7,14,0,0,5,False,5,0.23616699075177305,True,False,True,5.292090172635475e-07,1.0957545534964486e-07,2.5327750405779706e-06,5.244241298166235e-07,0.0045784304261083635,True,True,True,True,-0.04897188954809236,-0.01829971936089444,0.004977747373595214,0.004694558984034495,0.0004293610409285478,0.255,7,14,0,0,5,False,5,0.28525438203523307,True,False,True,4.217896858596873e-07,8.594386072046227e-08,2.01867004126769e-06,4.113241804708192e-07,0.0045789827258807935,True,True,True,True,-0.04897148250006536,-0.018299137117739745,0.0049762041915876595,0.004693692407623967,0.0004282438352678038,0.27,7,14,0,0,5,False,5,0.23616699075177305,True,False,True,5.292084087815327e-07,1.095752989715014e-07,2.5327721284052572e-06,5.244233813965367e-07,0.004578430419857039,True,True,True,True,-0.048971302674439526,0.0,0.004975441215317019,0.0,0.0,0.3,3,6,0,0,2,True,1,0.0,True,True,False,0.004397281824832431,0.0020342737801108423,0.021045230313557404,0.0097359600609395,0.0,True,True,True,True
6,0.6,summer,10,0.0,0.0,normal,0.0,81,162,0.18840612347097047,-0.04635689104719458,-0.01729871785385721,0.004960281516879404,0.004683378248427268,0.0004259963208308154,-0.04636674386211251,-0.017302396961447482,0.004960680529240984,0.004683389999810496,0.0004260834496402668,0.0,7,14,0,0,5,False,5,1.2119405926034492,False,False,True,4.68488528106159e-06,2.3631676829857473e-06,2.486588649430726e-05,1.2542945205015393e-05,0.0045678516971137265,True,True,True,True,-0.046366743862128794,-0.017302396961355607,0.004960680529238019,0.004683389999795811,0.00042608344951205107,0.0,7,14,0,0,5,False,5,1.2119405926034492,False,False,True,4.684885249923304e-06,2.3631676627131703e-06,2.4865886329035102e-05,1.2542945097414979e-05,0.004567851697155436,True,True,True,True,-0.04636674386210644,-0.017302396961434287,0.00496068052926627,0.004683389999791374,0.00042608344954697935,0.0,7,14,0,0,5,False,5,1.2119405926034492,False,False,True,4.684885271208361e-06,2.3631676797357314e-06,2.486588644200944e-05,1.254294518776534e-05,0.004567851697143792,True,True,True,True,-0.04636674386210603,-0.017302396961453654,0.004960680529263881,0.004683389999983158,0.00042608344930569807,0.0,7,14,0,0,5,False,5,1.2119405926034492,False,False,True,4.684885282388654e-06,2.363167684192142e-06,2.486588650135089e-05,1.2542945211418554e-05,0.004567851697392559,True,True,True,True,-0.04636674386206947,-0.017302396961532785,0.00496068052932448,0.00468339000000228,0.00042608344953923137,0.0,7,14,0,0,5,False,5,1.2119405926034492,False,False,True,4.684885313041218e-06,2.3631677007827514e-06,2.4865886664044988e-05,1.2542945299476252e-05,0.004567851697323241,True,True,True,True,-0.04636674386207599,-0.017302396961428105,0.004960680529151933,0.0046833899998369784,0.00042608344962720527,0.0,7,14,0,0,5,False,5,1.2119405926034492,False,False,True,4.684885269615885e-06,2.363167677158549e-06,2.486588643355708e-05,1.2542945174086471e-05,0.004567851697119425,True,True,True,True
6,0.6,summer,10,0.5,0.3,normal,0.3,81,162,0.18840612322249708,-0.046340746324454805,-0.01729740103083453,0.004916670106744902,0.004671027072026207,0.0004169597274844181,-0.046343152591432284,-0.017293830687644098,0.004924283865103204,0.00466950646368584,0.0003981619191732656,0.3,7,14,0,0,5,False,5,1.0360292722012772,False,False,True,4.447232087504034e-06,1.4196407417765094e-06,2.3604498683156397e-05,7.535003202098656e-06,0.004560545614917099,True,True,True,True,-0.04634316223184372,-0.01729383147653319,0.0049243011333342445,0.00466951141939972,0.00039816416892135906,0.3,7,14,0,0,5,False,5,1.0360292722012772,False,False,True,4.446354805268463e-06,1.4196388984972649e-06,2.3599842347042865e-05,7.534993418556523e-06,0.004560552461219187,True,True,True,True,-0.046343162231097246,-0.017293831476824676,0.004924301131728075,0.004669511418790085,0.00039816416968946013,0.3,7,14,0,0,5,False,5,1.0360292722012772,False,False,True,4.446354832785514e-06,1.4196389035859527e-06,2.3599842493094652e-05,7.534993445565666e-06,0.0045605524600563635,True,True,True,True,-0.046343162230799366,-0.017293831476567472,0.004924301131538628,0.0046695114185519165,0.00039816416895461707,0.3,7,14,0,0,5,False,5,1.0360292722012772,False,False,True,4.44635495813403e-06,1.4196389083882922e-06,2.3599843158404856e-05,7.534993471054962e-06,0.004560552460138906,True,True,True,True,-0.04634316223172649,-0.01729383147649857,0.00492430113312999,0.0046695114191674094,0.0003981641687305836,0.3,7,14,0,0,5,False,5,1.0360292722012772,False,False,True,4.446354874176016e-06,1.4196389073883474e-06,2.359984271278232e-05,7.534993465747572e-06,0.0045605524610736895,True,True,True,True,-0.046343162230874674,-0.01729383147664618,0.004924301131532075,0.004669511418598242,0.00039816416909282926,0.3,7,14,0,0,5,False,5,1.0360292722012772,False,False,True,4.446354920261547e-06,1.419638911462598e-06,2.3599842957389718e-05,7.534993487372404e-06,0.004560552460114835,True,True,True,True
6,0.6,summer,10,0.9,0.54,boundary,0.54,55,110,0.18840612264948153,-0.046336859132982744,-0.017295264689789508,0.004911379100562566,0.004662528457219323,0.0004115458301347124,-0.046336808118212086,-0.01727772684882621,0.004911684607412567,0.0046579381604924365,0.00037822125914998623,0.54,7,14,0,0,5,False,5,0.526115538956957,False,False,True,4.161760054813279e-06,8.620686239142337e-07,2.2089303661091675e-05,4.575587097655321e-06,0.004557084255464484,True,True,True,True,-0.046336809687014174,-0.017277741371962405,0.004911686452208509,0.004657942680932501,0.00037824811016771385,0.54,7,14,0,0,5,False,5,0.526115538956957,False,False,True,4.159304289487811e-06,8.615055246684552e-07,2.2076269236886485e-05,4.572598345284326e-06,0.0045570770343613745,True,True,True,True,-0.046336809688154984,-0.01727774137726322,0.004911686454276989,0.004657942681255936,0.00037824812014798106,0.54,7,14,0,0,5,False,5,0.526115538956957,False,False,True,4.159303710319154e-06,8.615053628321506e-07,2.207626616284277e-05,4.572597486308502e-06,0.00455707703092721,True,True,True,True,-0.046336809688287794,-0.017277741371663914,0.004911686454522941,0.004657942682107754,0.0003782481093250589,0.54,7,14,0,0,5,False,5,0.526115538956957,False,False,True,4.159304176090672e-06,8.61505508394732e-07,2.2076268635010402e-05,4.572598258908561e-06,0.00455707703613879,True,True,True,True,-0.04633680968979073,-0.017277741372595027,0.004911686457179528,0.00465794268217203,0.0003782481107530381,0.54,7,14,0,0,5,False,5,0.526115538956957,False,False,True,4.159304174187681e-06,8.615054830118051e-07,2.2076268624909927e-05,4.572598124184028e-06,0.004557077036184207,True,True,True,True,-0.04633680968965705,-0.01727774137343911,0.004911686456955627,0.004657942681652644,0.00037824811267696756,0.54,7,14,0,0,5,False,5,0.526115538956957,False,False,True,4.159304221340934e-06,8.615054859874396e-07,2.2076268875184456e-05,4.572598139977752e-06,0.004557077034931397,True,True,True,True
6,0.6,summer,10,0.98,0.588,boundary,0.54,55,110,0.1884061226494997,-0.046336859215102603,-0.017295265780992927,0.004911379192436488,0.00466252903971169,0.0004115480159372051,-0.04633363144261078,-0.01727435541481984,0.004905994029154842,0.004655227868665238,0.00037554966819385043,0.588,7,14,0,0,5,False,5,0.24096344462378147,False,False,True,5.414660844076102e-06,1.2641412485183598e-06,2.87393040519667e-05,6.7096611869142805e-06,0.004554822762479036,True,True,True,True,-0.04633840113590804,-0.017279996449874744,0.004914705575365936,0.004659635306459935,0.0003803764600286465,0.51,7,14,0,0,5,False,5,0.6346818096690997,True,False,True,3.319741780319352e-06,6.7682046442372e-07,1.7620137464933744e-05,3.5923485654595164e-06,0.004558179669579404,True,True,True,True,-0.04633681008189554,-0.01727774501262291,0.004911686917527411,0.004657943815074512,0.00037825484133635634,0.54,7,14,0,0,5,False,5,0.526115538956957,True,False,True,4.159320137113107e-06,8.614198448868161e-07,2.207635335105789e-05,4.57214358415174e-06,0.004557075225440367,True,True,True,True,-0.046338402243786395,-0.017280001371161535,0.004914706951412855,0.004659637379883812,0.00038038606933374835,0.51,7,14,0,0,5,False,5,0.6346818096690997,True,False,True,3.3189983496897946e-06,6.766853475277562e-07,1.7616191570718085e-05,3.591631407789353e-06,0.004558177597992686,True,True,True,True,-0.04633681008284819,-0.01727774501421347,0.00491168691924904,0.004657943815671482,0.00037825484380904197,0.54,7,14,0,0,5,False,5,0.526115538956957,True,False,True,4.159319837148193e-06,8.614197625957366e-07,2.2076351758939173e-05,4.572143147376766e-06,0.004557075225259674,True,True,True,True,-0.046333632878829425,-0.017274531950775225,0.0049059955874695554,0.004655249311755643,0.0003758498827937019,0.588,7,14,0,0,5,False,5,0.24096344462378147,False,False,True,5.383418046870855e-06,1.2549447267795277e-06,2.857347718410334e-05,6.660848963566631e-06,0.004554714930270925,True,True,True,True
6,0.6,summer,10,1.0,0.6,boundary,0.54,55,110,0.18840612264065218,-0.046336859293018805,-0.017295266821241093,0.004911379279283912,0.004662529595367396,0.00041155009946942494,-0.046335787290547076,-0.017297430977835905,0.004909512442978891,0.004660939791116351,0.0004149934668908686,0.6,11,22,0,0,5,False,1,0.0,True,False,True,1.1557818286947463e-06,4.530006798336781e-07,6.134523721923698e-06,2.4043840692889174e-06,0.004543354280729253,True,True,True,True,-0.04633840055678973,-0.017279993882692243,0.004914704855644806,0.004659634223457531,0.0003803714478915936,0.51,7,14,0,0,5,False,5,0.6346818096690997,True,False,True,3.3207321682889035e-06,6.769447162537566e-07,1.7625394131286013e-05,3.5930080549712083e-06,0.004558180748463283,True,True,True,True,-0.046336810080665945,-0.01727774501772161,0.004911686915192136,0.004657943815511403,0.00037825485086895067,0.54,7,14,0,0,5,False,5,0.526115538956957,True,False,True,4.159921658001761e-06,8.614725333695898e-07,2.2079546034371706e-05,4.5724232381379675e-06,0.0045570752213051615,True,True,True,True,-0.04633840224338727,-0.017280001367228976,0.0049147069509205225,0.004659637379184365,0.00038038606178939324,0.51,7,14,0,0,5,False,5,0.6346818096690997,True,False,True,3.3196012315852425e-06,6.767391724193661e-07,1.761939147761526e-05,3.5919170934275512e-06,0.0045581776004721295,True,True,True,True,-0.04633681008045355,-0.017277745008614797,0.004911686915026136,0.004657943814443258,0.00037825483375161144,0.54,7,14,0,0,5,False,5,0.526115538956957,True,False,True,4.159922930948787e-06,8.614728482486232e-07,2.207955279077117e-05,4.572424909416103e-06,0.004557075227544371,True,True,True,True,-0.0463360896475667,0.0,0.004910163877480399,0.0,0.0,0.6,3,6,0,0,2,True,1,0.0,True,True,False,0.008783203789045887,0.0038365483302197864,0.04661846263774628,0.020363182875629004,0.0,True,True,True,True
6,0.6,summer,18,0.0,0.0,normal,0.0,81,162,0.21687755641115505,-0.04996649925419919,-0.018692856423251424,0.0050162347958539215,0.004715573430477762,0.00046299531689108223,-0.04997657387691141,-0.018696604213330286,0.005016642297768999,0.004715585509470195,0.00046308626396869557,0.0,7,14,0,0,5,False,5,1.2119405926034492,False,False,True,4.768551981160912e-06,2.4041381994171533e-06,2.1987300392303952e-05,1.1085232788492894e-05,0.004589941820645378,True,True,True,True,-0.04997657387696997,-0.01869660421333011,0.0050166422978204644,0.004715585509376366,0.00046308626452238287,0.0,7,14,0,0,5,False,5,1.2119405926034492,False,False,True,4.768552007259827e-06,2.4041382016684407e-06,2.1987300512643353e-05,1.1085232798873347e-05,0.004589941820352494,True,True,True,True,-0.0499765738768975,-0.01869660421336705,0.00501664229787023,0.004715585509509552,0.00046308626368161997,0.0,7,14,0,0,5,False,5,1.2119405926034492,False,False,True,4.768551982841859e-06,2.404138207248509e-06,2.1987300400054625e-05,1.1085232824602466e-05,0.004589941820819152,True,True,True,True,-0.04997657387688796,-0.018696604213348587,0.005016642297867682,0.004715585509516723,0.00046308626383667026,0.0,7,14,0,0,5,False,5,1.2119405926034492,False,False,True,4.768551983353603e-06,2.4041382026800737e-06,2.1987300402414222e-05,1.1085232803537883e-05,0.0045899418207591145,True,True,True,True,-0.049976573876961985,-0.018696604213435154,0.005016642297745909,0.004715585509564256,0.0004630862639508529,0.0,7,14,0,0,5,False,5,1.2119405926034492,False,False,True,4.768552025849124e-06,2.4041382253248834e-06,2.198730059835668e-05,1.108523290795076e-05,0.00458994182072027,True,True,True,True,-0.04997657387698101,-0.01869660421335079,0.005016642297690165,0.0047155855094722764,0.00046308626427574417,0.0,7,14,0,0,5,False,5,1.2119405926034492,False,False,True,4.768552009338026e-06,2.404138206835431e-06,2.198730052222571e-05,1.1085232822697807e-05,0.004589941820500339,True,True,True,True
6,0.6,summer,18,0.5,0.3,normal,0.3,81,162,0.21687755613730814,-0.049950014460430056,-0.01869148104877937,0.004971712942641921,0.004702959905164875,0.0004535568587273142,-0.04995244395034292,-0.018687866723667325,0.004979416409049455,0.00470139969378827,0.0004345043475280481,0.3,7,14,0,0,5,False,5,1.0360292722012772,False,False,True,4.523254127427635e-06,1.440795117852991e-06,2.0856257364703525e-05,6.643357401818029e-06,0.004582489788210635,True,True,True,True,-0.04995245462103636,-0.01868786759696905,0.004979435522721795,0.004701405179190323,0.0004345068377436543,0.3,7,14,0,0,5,False,5,1.0360292722012772,False,False,True,4.522283010846388e-06,1.4407927437439985e-06,2.08517796464991e-05,6.643346455046796e-06,0.004582497366341359,True,True,True,True,-0.04995245462137501,-0.018687867596786825,0.004979435523660833,0.004701405179114381,0.0004345068373631326,0.3,7,14,0,0,5,False,5,1.0360292722012772,False,False,True,4.5222831388490314e-06,1.4407927455399787e-06,2.0851780236706062e-05,6.6433464633278755e-06,0.004582497366659641,True,True,True,True,-0.04995245462172499,-0.018687867596954642,0.00497943552410767,0.004701405179062302,0.00043450683782471274,0.3,7,14,0,0,5,False,5,1.0360292722012772,False,False,True,4.5222831415994355e-06,1.44079275051482e-06,2.085178024938789e-05,6.6433464862663544e-06,0.004582497366528168,True,True,True,True,-0.049952454622317066,-0.018687867597044584,0.004979435525022682,0.004701405179710044,0.00043450683805696663,0.3,7,14,0,0,5,False,5,1.0360292722012772,False,False,True,4.522282959198466e-06,1.440792742506544e-06,2.085177940835587e-05,6.643346449341021e-06,0.004582497367139703,True,True,True,True,-0.04995245462200717,-0.0186878675969271,0.004979435525002492,0.004701405179527963,0.00043450683763456287,0.3,7,14,0,0,5,False,5,1.0360292722012772,False,False,True,4.522283006063756e-06,1.4407927488380146e-06,2.0851779624446877e-05,6.6433464785347775e-06,0.0045824973671728395,True,True,True,True
6,0.6,summer,18,0.9,0.54,boundary,0.54,55,110,0.216877555506952,-0.049946048741007706,-0.018689249554507063,0.004966318910300685,0.004694281272998272,0.0004479018891872786,-0.0499459821145462,-0.01867144081196672,0.0049666040782036045,0.00468959276702459,0.000414061043150195,0.54,7,14,0,0,5,False,5,0.526115538956957,False,False,True,4.229671933151172e-06,8.753913541987888e-07,1.950258026131058e-05,4.036339086138068e-06,0.004579009174564455,True,True,True,True,-0.04994598385171028,-0.01867145687295941,0.00496660612249007,0.0046895977658206675,0.00041409073749320516,0.54,7,14,0,0,5,False,5,0.526115538956957,False,False,True,4.226956447620292e-06,8.747684089232219e-07,1.949005943809984e-05,4.0334667498370125e-06,0.004579001177124058,True,True,True,True,-0.049945983850691565,-0.01867145687282064,0.004966606120469627,0.004689597765778247,0.000414090736744333,0.54,7,14,0,0,5,False,5,0.526115538956957,False,False,True,4.226956296558837e-06,8.747683736044051e-07,1.949005874157108e-05,4.0334665869855975e-06,0.004579001176953754,True,True,True,True,-0.04994598384957129,-0.018671456871497943,0.0049666061184886305,0.004689597765772212,0.0004140907344292681,0.54,7,14,0,0,5,False,5,0.526115538956957,False,False,True,4.226956353634709e-06,8.747684078622353e-07,1.949005900474203e-05,4.033466744944913e-06,0.004579001177471401,True,True,True,True,-0.049945983849966825,-0.018671456877672046,0.004966606119178552,0.004689597765479075,0.0004140907459958217,0.54,7,14,0,0,5,False,5,0.526115538956957,False,False,True,4.226955705573243e-06,8.747682185572113e-07,1.9490056016597568e-05,4.0334658720790064e-06,0.004579001172589602,True,True,True,True,-0.04994598384874707,-0.018671456873486283,0.004966606117062317,0.004689597765639126,0.00041409073856927414,0.54,7,14,0,0,5,False,5,0.526115538956957,False,False,True,4.226956106393245e-06,8.747683553720945e-07,1.9490057864737183e-05,4.033466502918297e-06,0.004579001175330703,True,True,True,True
6,0.6,summer,18,0.98,0.588,boundary,0.54,55,110,0.21687755550689447,-0.04994604883126904,-0.018689250755485484,0.004966319011156727,0.004694281914468865,0.00044790429483057825,-0.049942747626602106,-0.018668028484525447,0.004960811380838874,0.004686825528883301,0.00041136004963195034,0.588,7,14,0,0,5,False,5,0.24096344462378147,False,False,True,5.500878664424502e-06,1.2828409139478901e-06,2.5363983154308613e-05,5.915046907226456e-06,0.004576692304127793,True,True,True,True,-0.04994760535489661,-0.018673753557040797,0.004969680798938585,0.004691325286227961,0.0004162681643651888,0.51,7,14,0,0,5,False,5,0.6346818096690997,True,False,True,3.373231148608158e-06,6.869904599354575e-07,1.5553620293829456e-05,3.1676420288387947e-06,0.0045801228436255885,True,True,True,True,-0.0499459842848211,-0.018671460889415584,0.004966606631482203,0.004689599014684653,0.0004140981630890637,0.54,7,14,0,0,5,False,5,0.526115538956957,True,False,True,4.2269728573653825e-06,8.746737418527154e-07,1.9490135101744118e-05,4.033030249757264e-06,0.004578999175760875,True,True,True,True,-0.049947606577461674,-0.01867375898934844,0.004969682317598039,0.0046913275732311825,0.0004162787711589796,0.51,7,14,0,0,5,False,5,0.6346818096690997,True,False,True,3.3724107239771484e-06,6.868412188755718e-07,1.5549837400624615e-05,3.1669538937316974e-06,0.004580120551417517,True,True,True,True,-0.04994598428414041,-0.018671460888567634,0.004966606630278073,0.004689599014726352,0.00041409816174097506,0.54,7,14,0,0,5,False,5,0.526115538956957,True,False,True,4.226972913284194e-06,8.74673771423461e-07,1.949013535957998e-05,4.033030386104916e-06,0.004578999176086255,True,True,True,True,-0.04994274920451624,-0.01866822367958769,0.004960813086559409,0.004686849240862532,0.0004116919969686284,0.588,7,14,0,0,5,False,5,0.24096344462378147,False,False,True,5.46633205127621e-06,1.2726761938331e-06,2.5204692290541965e-05,5.868178433026658e-06,0.004576572953980211,True,True,True,True
6,0.6,summer,18,1.0,0.6,boundary,0.54,55,110,0.2168775554924861,-0.04994604891793163,-0.01868925190445002,0.0049663191082493065,0.00469428252827214,0.00044790659628587807,-0.04994495496452959,-0.018691435043869224,0.004964414125220911,0.004692659133402252,0.00045137666432325946,0.6,11,22,0,0,5,False,1,0.0,True,False,True,1.17126544392325e-06,4.593059624130441e-07,5.40058394361527e-06,2.1178123359517354e-06,0.004565101785055003,True,True,True,True,-0.04994760471502622,-0.018673750714310496,0.004969680005104836,0.004691324086380359,0.000416262613322056,0.51,7,14,0,0,5,False,5,0.6346818096690997,True,False,True,3.374325940646433e-06,6.871280017998033e-07,1.555866826783438e-05,3.1682762203745397e-06,0.0045801240411482156,True,True,True,True,-0.04994598428313406,-0.018671460877829844,0.00496660662823059,0.004689599016226426,0.0004140981418538274,0.54,7,14,0,0,5,False,5,0.526115538956957,True,False,True,4.227638970266331e-06,8.747325322243131e-07,1.9493206480800642e-05,4.033301326354256e-06,0.00457899918506365,True,True,True,True,-0.049947606578409035,-0.018673758990061833,0.0049696823192212055,0.0046913275741729335,0.00041627877277325827,0.51,7,14,0,0,5,False,5,0.6346818096690997,True,False,True,3.3730757028685443e-06,6.869005833945298e-07,1.5552903550618483e-05,3.167227617605308e-06,0.004580120551839634,True,True,True,True,-0.04994598428471573,-0.01867146088239384,0.004966606631121418,0.004689599016016799,0.0004140981503209346,0.54,7,14,0,0,5,False,5,0.526115538956957,True,False,True,4.227638615659363e-06,8.747324067158565e-07,1.949320484574455e-05,4.0333007476477314e-06,0.004578999182023482,True,True,True,True,-0.04994526346522543,0.0,0.004965078863292403,0.0,0.0,0.6,3,6,0,0,2,True,1,0.0,True,True,False,0.009418958787203665,0.0041431722068325,0.0434298457754887,0.019103738961941796,0.0,True,True,True,True
6,0.6,winter,10,0.0,0.0,normal,0.0,81,162,0.2187190987553672,-0.05019268607343387,-0.018780437301600207,0.005019760612627735,0.004717597320372429,0.000465334728854229,-0.05020277432768662,-0.01878418933528707,0.0050201661439530235,0.004717609279407552,0.0004654242483977877,0.0,7,14,0,0,5,False,5,1.2119405926034492,False,False,True,4.7738418946109e-06,2.4067280304681534e-06,2.182636048601473e-05,1.1003739701579648e-05,0.004591326733118714,True,True,True,True,-0.050202774327679014,-0.0187841893353066,0.005020166144132393,0.004717609279438778,0.0004654242486881809,0.0,7,14,0,0,5,False,5,1.2119405926034492,False,False,True,4.773841918468552e-06,2.406728034651277e-06,2.1826360595093692e-05,1.10037397207052e-05,0.004591326733061905,True,True,True,True,-0.0502027743276395,-0.018784189335401043,0.005020166144165121,0.004717609279313414,0.00046542424872106494,0.0,7,14,0,0,5,False,5,1.2119405926034492,False,False,True,4.773841931565714e-06,2.4067280545589923e-06,2.1826360654974893e-05,1.1003739811724756e-05,0.00459132673295872,True,True,True,True,-0.05020277432759162,-0.018784189335362054,0.005020166144164384,0.004717609279445328,0.0004654242485974362,0.0,7,14,0,0,5,False,5,1.2119405926034492,False,False,True,4.7738419187860065e-06,2.406728043845925e-06,2.1826360596545117e-05,1.1003739762743814e-05,0.004591326733112284,True,True,True,True,-0.050202774327624766,-0.018784189335287815,0.005020166144138638,0.004717609279516221,0.0004654242482228471,0.0,7,14,0,0,5,False,5,1.2119405926034492,False,False,True,4.773841891273292e-06,2.406728028249686e-06,2.1826360470754937e-05,1.1003739691436648e-05,0.0045913267333182245,True,True,True,True,-0.050202774327522744,-0.018784189335397324,0.0050201661440216405,0.0047176092793963335,0.0004654242487143961,0.0,7,14,0,0,5,False,5,1.2119405926034492,False,False,True,4.773841916449334e-06,2.4067280491529443e-06,2.1826360585861677e-05,1.1003739787007901e-05,0.004591326732992932,True,True,True,True
6,0.6,winter,10,0.5,0.3,normal,0.3,81,162,0.21871909848205426,-0.0501761793533533,-0.01877905810202126,0.004975178653478064,0.0047049670565822935,0.00045586904777727174,-0.05017861030060701,-0.01877544100456492,0.004982887764660579,0.004703404337029339,0.0004368004690281585,0.3,7,14,0,0,5,False,5,1.0360292722012772,False,False,True,4.528058395208111e-06,1.442130882350533e-06,2.0702620057569572e-05,6.593529748243997e-06,0.004583865490416817,True,True,True,True,-0.050178621037922935,-0.018775441883431814,0.004982906997618057,0.004703409856406136,0.00043680297542148205,0.3,7,14,0,0,5,False,5,1.0360292722012772,False,False,True,4.527081298298652e-06,1.442128462624655e-06,2.0698152697763133e-05,6.593518685077155e-06,0.004583873115394423,True,True,True,True,-0.05017862103867399,-0.018775441883362696,0.0049829069996104895,0.0047034098566108426,0.00043680297471556414,0.3,7,14,0,0,5,False,5,1.0360292722012772,False,False,True,4.527081275677858e-06,1.4421284933457689e-06,2.069815259433918e-05,6.593518825536374e-06,0.004583873116308527,True,True,True,True,-0.05017862103717377,-0.01877544188332898,0.00498290699637753,0.004703409855967318,0.00043680297495141547,0.3,7,14,0,0,5,False,5,1.0360292722012772,False,False,True,4.527081380717966e-06,1.4421284730784198e-06,2.0698153074590374e-05,6.593518732872545e-06,0.004583873114968776,True,True,True,True,-0.05017862103727849,-0.01877544188362587,0.004982906996579181,0.004703409855888877,0.00043680297583950704,0.3,7,14,0,0,5,False,5,1.0360292722012772,False,False,True,4.527081323274333e-06,1.4421284717201548e-06,2.069815281195381e-05,6.593518726662456e-06,0.004583873114580869,True,True,True,True,-0.050178621037627824,-0.018775441883243028,0.004982906997454685,0.0047034098559584,0.00043680297471115914,0.3,7,14,0,0,5,False,5,1.0360292722012772,False,False,True,4.527081456597373e-06,1.442128480210022e-06,2.0698153421516672e-05,6.593518765478761e-06,0.004583873115311396,True,True,True,True
6,0.6,winter,10,0.9,0.54,boundary,0.54,55,110,0.21871909784803292,-0.05017220866698394,-0.018776820557524564,0.004969778105738409,0.0046962770363001265,0.0004501987499490273,-0.05017214104682928,-0.018758994711456946,0.004970061975736292,0.004691582315329446,0.00041632530718297,0.54,7,14,0,0,5,False,5,0.526115538956957,False,False,True,4.233961591592131e-06,8.762326251019105e-07,1.935798763459562e-05,4.006200801498922e-06,0.00458038368869102,True,True,True,True,-0.05017214279209598,-0.018759010876121685,0.004970064027720531,0.004691587347331863,0.0004163551930755461,0.54,7,14,0,0,5,False,5,0.526115538956957,False,False,True,4.231227983514385e-06,8.756055576708458e-07,1.9345489374934522e-05,4.0033338025160505e-06,0.0045803756384538985,True,True,True,True,-0.050172142795000214,-0.018759010865426952,0.004970064033114544,0.0046915873469718875,0.00041635517300268524,0.54,7,14,0,0,5,False,5,0.526115538956957,False,False,True,4.231229677506554e-06,8.756059605955668e-07,1.9345497119992844e-05,4.003335644717874e-06,0.004580375647713867,True,True,True,True,-0.05017214279346373,-0.0187590108673273,0.0049700640302878145,0.004691587347137288,0.00041635517657763764,0.54,7,14,0,0,5,False,5,0.526115538956957,False,False,True,4.231229243064141e-06,8.756058710565845e-07,1.9345495133689788e-05,4.003335235338981e-06,0.004580375645729169,True,True,True,True,-0.05017214279503929,-0.01875901086599586,0.004970064032996692,0.0046915873468571226,0.0004163551744317953,0.54,7,14,0,0,5,False,5,0.526115538956957,False,False,True,4.231229729258559e-06,8.756059718691535e-07,1.9345497356606866e-05,4.003335696261553e-06,0.004580375647004468,True,True,True,True,-0.05017214279417667,-0.01875901087433673,0.004970064031572604,0.004691587345693302,0.00041635518969470236,0.54,7,14,0,0,5,False,5,0.526115538956957,False,False,True,4.2312287624138994e-06,8.75605686891661e-07,1.9345492936121096e-05,4.003334393323239e-06,0.0045803756394394895,True,True,True,True
6,0.6,winter,10,0.98,0.588,boundary,0.54,55,110,0.2187190978479475,-0.05017220875784665,-0.018776821765911368,0.004969778207297495,0.004696277681772326,0.0004502011702250538,-0.05016890291054712,-0.018755579660693383,0.0049642628344774625,0.004688811474960827,0.00041362221162099324,0.588,7,14,0,0,5,False,5,0.24096344462378147,False,False,True,5.506346631260761e-06,1.284028575539514e-06,2.517542677086547e-05,5.870674249178573e-06,0.0045780634209937245,True,True,True,True,-0.050173766198568774,-0.018761310187287005,0.0049731422221738365,0.004693317072468836,0.00041853572110263273,0.51,7,14,0,0,5,False,5,0.6346818096690997,True,False,True,3.376609338027331e-06,6.876325019588575e-07,1.543810929750055e-05,3.1439069963469604e-06,0.004581498508878787,True,True,True,True,-0.050172143230983575,-0.018759014902216355,0.004970064545670357,0.004691588603280908,0.00041636263628844704,0.54,7,14,0,0,5,False,5,0.526115538956957,True,False,True,4.231246757248688e-06,8.755108891743492e-07,1.9345575209853105e-05,4.0029009711031284e-06,0.00458037363708681,True,True,True,True,-0.050173767428471745,-0.018761315645551852,0.004973143749104278,0.0046933193760668734,0.00041854637876512625,0.51,7,14,0,0,5,False,5,0.6346818096690997,True,False,True,3.375784277347832e-06,6.874824642162797e-07,1.5434337058644333e-05,3.143221012616897e-06,0.0045814962100210336,True,True,True,True,-0.050172143232100196,-0.01875901490230826,0.004970064547881855,0.0046915886026806,0.00041636263637778677,0.54,7,14,0,0,5,False,5,0.526115538956957,True,False,True,4.231246955144208e-06,8.755109093726812e-07,1.9345576114646154e-05,4.002901063451406e-06,0.004580373637073671,True,True,True,True,-0.05016890449215876,-0.01875577613881759,0.004964264540410475,0.004688835332889928,0.000413956340301195,0.588,7,14,0,0,5,False,5,0.24096344462378147,False,False,True,5.4715739557804205e-06,1.2737973630511602e-06,2.5016443509584305e-05,5.823896383921162e-06,0.004577943269386955,True,True,True,True
6,0.6,winter,10,1.0,0.6,boundary,0.54,55,110,0.21871909783313873,-0.05017220884502251,-0.018776822921762096,0.0049697783049138375,0.004696278299275336,0.0004502034854939437,-0.050171113504023146,-0.018779007249978337,0.004967870910700074,0.004694652779897748,0.0004536752209261666,0.6,11,22,0,0,5,False,1,0.0,True,False,True,1.1722416681462372e-06,4.5970384760736995e-07,5.359576185891837e-06,2.1018002184613938e-06,0.0045664650585540935,True,True,True,True,-0.05017376555298954,-0.018761307315581885,0.004973141419847597,0.004693315865663185,0.000418530114366691,0.51,7,14,0,0,5,False,5,0.6346818096690997,True,False,True,3.3777119676243333e-06,6.877711425560775e-07,1.5443150603159478e-05,3.1445408716927847e-06,0.004581499722383492,True,True,True,True,-0.050172143230015495,-0.018759014906457594,0.004970064543884353,0.004691588602939421,0.00041636264445714095,0.54,7,14,0,0,5,False,5,0.526115538956957,True,False,True,4.231915349315815e-06,8.755695443537146e-07,1.9348632063873786e-05,4.0031691472213755e-06,0.004580373633029612,True,True,True,True,-0.0501737674287703,-0.01876131564732505,0.004973143749966465,0.004693319375458272,0.00041854638245370467,0.51,7,14,0,0,5,False,5,0.6346818096690997,True,False,True,3.3764533448020495e-06,6.875421752027317e-07,1.543739608590537e-05,3.143494015905548e-06,0.004581496208205903,True,True,True,True,-0.05017214322944487,-0.018759014902830017,0.004970064543037292,0.00469158860210798,0.0004163626377516489,0.54,7,14,0,0,5,False,5,0.526115538956957,True,False,True,4.231915890093307e-06,8.755696763594191e-07,1.9348634536348743e-05,4.003169750761285e-06,0.00458037363498157,True,True,True,True,-0.05017142239120225,0.0,0.004968536486114307,0.0,0.0,0.6,3,6,0,0,2,True,1,0.0,True,True,False,0.009458895231591803,0.004162438125251358,0.04324677325986419,0.019030977022531845,0.0,True,True,True,True
6,0.6,winter,18,0.0,0.0,normal,0.0,81,162,0.20894434316460378,-0.048982492968598745,-0.018312145591582254,0.005000931397199092,0.004706778014650176,0.0004528523106575772,-0.048992506547353744,-0.018315874496377216,0.005001335662952648,0.004706789952639912,0.0004529416001591211,0.0,7,14,0,0,5,False,5,1.2119405926034492,False,False,True,4.745603686148389e-06,2.3928981254844286e-06,2.2712286029250675e-05,1.1452323088734367e-05,0.0045839178149598685,True,True,True,True,-0.04899250654749388,-0.018315874496272925,0.0050013356628976794,0.004706789952375002,0.00045294160068794215,0.0,7,14,0,0,5,False,5,1.2119405926034492,False,False,True,4.7456036763281195e-06,2.3928981071535798e-06,2.2712285982251222e-05,1.1452323001003593e-05,0.00458391781452104,True,True,True,True,-0.04899250654739033,-0.018315874496309302,0.005001335662883647,0.004706789952576154,0.00045294159988434153,0.0,7,14,0,0,5,False,5,1.2119405926034492,False,False,True,4.745603653006497e-06,2.392898111415918e-06,2.271228587063479e-05,1.145232302140299e-05,0.004583917815010096,True,True,True,True,-0.04899250654741003,-0.01831587449631541,0.005001335663059972,0.0047067899525694455,0.00045294160020676753,0.0,7,14,0,0,5,False,5,1.2119405926034492,False,False,True,4.745603675184937e-06,2.392898113598853e-06,2.2712285976779992e-05,1.1452323031850436e-05,0.004583917814909863,True,True,True,True,-0.04899250654746479,-0.018315874496278268,0.005001335663077201,0.004706789952561195,0.00045294160059507844,0.0,7,14,0,0,5,False,5,1.2119405926034492,False,False,True,4.74560368921885e-06,2.3928981073074742e-06,2.2712286043945788e-05,1.1452323001740126e-05,0.0045839178147446405,True,True,True,True,-0.048992506547435304,-0.01831587449627995,0.005001335663021308,0.0047067899523924655,0.0004529416003706007,0.0,7,14,0,0,5,False,5,1.2119405926034492,False,False,True,4.745603660009576e-06,2.3928981064503785e-06,2.2712285904151267e-05,1.1452322997638098e-05,0.004583917814695666,True,True,True,True
6,0.6,winter,18,0.5,0.3,normal,0.3,81,162,0.20894434289968272,-0.04896610134032129,-0.018310786301886872,0.004956658457611483,0.004694236426836007,0.0004435239001444376,-0.04896852449392775,-0.01830718401488003,0.004964337400509165,0.004692687092225944,0.0004245411399212709,0.3,7,14,0,0,5,False,5,1.0360292722012772,False,False,True,4.5024093084586325e-06,1.4349980330348116e-06,2.154836664144722e-05,6.867848217952354e-06,0.00457650576357593,True,True,True,True,-0.04896853487916722,-0.01830718486421284,0.004964356003174618,0.004692692430662506,0.00042454356226355043,0.3,7,14,0,0,5,False,5,1.0360292722012772,False,False,True,4.501464482346319e-06,1.4349958025014935e-06,2.1543844738153735e-05,6.867837542701294e-06,0.0045765131393398824,True,True,True,True,-0.04896853487911965,-0.018307184864252167,0.0049643560030270175,0.004692692430755382,0.0004245435618602944,0.3,7,14,0,0,5,False,5,1.0360292722012772,False,False,True,4.5014643891986075e-06,1.434995823818212e-06,2.1543844292352184e-05,6.8678376447223305e-06,0.004576513139547161,True,True,True,True,-0.04896853487943919,-0.01830718486483682,0.004964356003490992,0.004692692430694862,0.0004245435643110141,0.3,7,14,0,0,5,False,5,1.0360292722012772,False,False,True,4.501464321023975e-06,1.4349957865205642e-06,2.154384396607088e-05,6.8678374662171495e-06,0.0045765131385754046,True,True,True,True,-0.04896853487914047,-0.01830718486428178,0.004964356002805354,0.004692692430820342,0.0004245435623431128,0.3,7,14,0,0,5,False,5,1.0360292722012772,False,False,True,4.501464400255735e-06,1.4349958028128702e-06,2.1543844345271194e-05,6.8678375441915315e-06,0.004576513139342711,True,True,True,True,-0.04896853487947235,-0.0183071848646441,0.004964356003910418,0.004692692430625822,0.0004245435634337717,0.3,7,14,0,0,5,False,5,1.0360292722012772,False,False,True,4.501464375377198e-06,1.4349958065829023e-06,2.1543844226203424e-05,6.867837562234767e-06,0.0045765131389884145,True,True,True,True
6,0.6,winter,18,0.9,0.54,boundary,0.54,55,110,0.20894434228515402,-0.04896215716642081,-0.018308581006912985,0.004951292690506194,0.004685607189654565,0.0004379353070721217,-0.048962094839995605,-0.018290846517109893,0.00495158346914131,0.0046809456324598455,0.0004042359721885095,0.54,7,14,0,0,5,False,5,0.526115538956957,False,False,True,4.2110552457390316e-06,8.717396861868848e-07,2.0153956789086204e-05,4.172114337497541e-06,0.0045730303221983865,True,True,True,True,-0.04896209653036558,-0.018290862140143905,0.004951585457924778,0.004680950500253604,0.00040426485663243777,0.54,7,14,0,0,5,False,5,0.526115538956957,False,False,True,4.208412859779687e-06,8.711336835160776e-07,2.014131042627759e-05,4.169214030821708e-06,0.004573022550241224,True,True,True,True,-0.04896209652866021,-0.018290862142141845,0.004951585454902514,0.004680950498738654,0.0004042648606153063,0.54,7,14,0,0,5,False,5,0.526115538956957,False,False,True,4.208412766595546e-06,8.711336408641171e-07,2.0141309980301694e-05,4.169213826690981e-06,0.004573022546737033,True,True,True,True,-0.04896209652955994,-0.018290862142960693,0.004951585456655578,0.004680950499199526,0.000404264862146269,0.54,7,14,0,0,5,False,5,0.526115538956957,False,False,True,4.2084126539148475e-06,8.711336133328496e-07,2.0141309441015982e-05,4.169213694927339e-06,0.004573022546848477,True,True,True,True,-0.048962096530105755,-0.018290862131736807,0.004951585457601396,0.004680950500551915,0.0004042648410270054,0.54,7,14,0,0,5,False,5,0.526115538956957,False,False,True,4.208413803890795e-06,8.711339540606743e-07,2.0141314944758918e-05,4.1692153256382785e-06,0.004573022556885525,True,True,True,True,-0.04896209652922587,-0.018290862146784572,0.004951585456154691,0.004680950498105159,0.00040426486880306377,0.54,7,14,0,0,5,False,5,0.526115538956957,False,False,True,4.208412267536418e-06,8.711334764037468e-07,2.0141307591822915e-05,4.169213039589648e-06,0.004573022543119937,True,True,True,True
6,0.6,winter,18,0.98,0.588,boundary,0.54,55,110,0.20894434228515407,-0.04896215725440072,-0.018308582177289024,0.004951292788769101,0.004685607815073702,0.0004379376510609564,-0.048958876210409806,-0.018287445280726632,0.0049458187819566846,0.004678194021965603,0.0004015428504611153,0.588,7,14,0,0,5,False,5,0.24096344462378147,False,False,True,5.477262478218239e-06,1.277721714197299e-06,2.6213978413175777e-05,6.115129513550288e-06,0.004570728723281204,True,True,True,True,-0.04896370979109084,-0.018293147413447886,0.0049546449010042445,0.004682668445052268,0.0004064288109353348,0.51,7,14,0,0,5,False,5,0.6346818096690997,True,False,True,3.3585702394114264e-06,6.842036358926431e-07,1.607399464699485e-05,3.274573642003118e-06,0.0045741389993569515,True,True,True,True,-0.0489620969523989,-0.01829086605324303,0.004951585953807274,0.004680951718517897,0.0004042720913039651,0.54,7,14,0,0,5,False,5,0.526115538956957,True,False,True,4.208428844859266e-06,8.710414734411594e-07,2.0141386930285327e-05,4.168772716766922e-06,0.004573020602295438,True,True,True,True,-0.04896371098251924,-0.018293152703841003,0.004954646380740154,0.004682670675465074,0.0004064391409792282,0.51,7,14,0,0,5,False,5,0.6346818096690997,True,False,True,3.357770851383432e-06,6.840582842996337e-07,1.6070168805054113e-05,3.2738779945813226e-06,0.004574136770594305,True,True,True,True,-0.04896209695326318,-0.018290866064757983,0.00495158595554904,0.00468095171618809,0.0004042721127294878,0.54,7,14,0,0,5,False,5,0.526115538956957,True,False,True,4.208427960993369e-06,8.710411526776524e-07,2.0141382700135385e-05,4.1687711816044785e-06,0.004573020591966762,True,True,True,True,-0.04895887774885679,-0.018287635298193782,0.004945820446475745,0.00467821710946042,0.0004018659939744609,0.588,7,14,0,0,5,False,5,0.24096344462378147,False,False,True,5.443631812502431e-06,1.2678256036569664e-06,2.6053023273888438e-05,6.067767089509023e-06,0.004570612573048439,True,True,True,True
6,0.6,winter,18,1.0,0.6,boundary,0.54,55,110,0.2089443422723184,-0.048962157338289576,-0.01830858329707217,0.00495129288227394,0.004685608412587204,0.00043793989428525054,-0.048961069406974665,-0.01831076125910805,0.004949398364611187,0.004683994233533718,0.0004414026911767147,0.6,11,22,0,0,5,False,1,0.0,True,False,True,1.1670258121907612e-06,4.575787660431758e-07,5.585342965016825e-06,2.189955282190942e-06,0.004559171694145548,True,True,True,True,-0.0489637091677218,-0.01829314464577872,0.004954644126406919,0.004682667279842455,0.00040642340699457096,0.51,7,14,0,0,5,False,5,0.6346818096690997,True,False,True,3.3596359463750752e-06,6.84337490968361e-07,1.6079095082634216e-05,3.275214267713743e-06,0.004574140166389174,True,True,True,True,-0.048962096953370636,-0.018290866048775507,0.0049515859558326705,0.004680951716808446,0.0004042720828686119,0.54,7,14,0,0,5,False,5,0.526115538956957,True,False,True,4.2090775714282574e-06,8.710985727777529e-07,2.0144491713216824e-05,4.169045992365015e-06,0.004573020604919409,True,True,True,True,-0.04896371098235123,-0.018293152706420644,0.004954646380342393,0.004682670675507631,0.0004064391464418851,0.51,7,14,0,0,5,False,5,0.6346818096690997,True,False,True,3.3584183959517455e-06,6.84116051735067e-07,1.6073267930723384e-05,3.2741544676211166e-06,0.004574136768269161,True,True,True,True,-0.04896209695291033,-0.018290866046551394,0.0049515859548862964,0.004680951717440972,0.00040427207911859157,0.54,7,14,0,0,5,False,5,0.526115538956957,True,False,True,4.209077751613985e-06,8.710986505992518e-07,2.014449257557914e-05,4.169046364815869e-06,0.004573020606759759,True,True,True,True,-0.048961376224117954,0.0,0.004950059456525029,0.0,0.0,0.6,3,6,0,0,2,True,1,0.0,True,True,False,0.009245353391464664,0.004059428425238106,0.04424792406877014,0.019428276358626782,0.0,True,True,True,True
