method,M,point_id,scenario,t,q_lp,q_star,abs_err,rel_err,inaccurate,free_zone_width_mvar,max_uncounted_loss_mva,n_free_zone_hours,n_vertex_stuck_hours,n_nonzero_q_hours,frac_in_free_zone,max_pad_mw,max_pad_scenario,max_pad_t,max_pad_unit,max_pad_annual_won_implied,qp_v2_correction
pwl,1,P1_old_full_opt,summer,0,0.045552151932354054,0.0,0.045552151932354054,,False,0.04555215193804365,0.005997054573123977,30,14,30,1.0,5.995824852435814e-09,summer,8,0,0.12471315693066493,True
pwl,1,P1_old_full_opt,summer,1,0.002376042489847667,0.0,0.002376042489847667,,False,0.04555215193804365,0.005997054573123977,30,14,30,1.0,5.995824852435814e-09,summer,8,0,0.12471315693066493,True
pwl,1,P1_old_full_opt,summer,2,1.8733909336539745e-10,0.0,1.8733909336539745e-10,,False,0.04555215193804365,0.005997054573123977,30,14,30,1.0,5.995824852435814e-09,summer,8,0,0.12471315693066493,True
pwl,1,P1_old_full_opt,summer,3,0.015405795075516268,0.02,0.004594204924483732,0.2297102462241866,False,0.04555215193804365,0.005997054573123977,30,14,30,1.0,5.995824852435814e-09,summer,8,0,0.12471315693066493,True
pwl,1,P1_old_full_opt,summer,4,0.04555215192877832,0.0,0.04555215192877832,,False,0.04555215193804365,0.005997054573123977,30,14,30,1.0,5.995824852435814e-09,summer,8,0,0.12471315693066493,True
pwl,1,P1_old_full_opt,summer,5,0.0455521519287183,0.0,0.0455521519287183,,False,0.04555215193804365,0.005997054573123977,30,14,30,1.0,5.995824852435814e-09,summer,8,0,0.12471315693066493,True
pwl,1,P1_old_full_opt,summer,6,3.139579343418977e-06,0.0,3.139579343418977e-06,,False,0.04555215193804365,0.005997054573123977,30,14,30,1.0,5.995824852435814e-09,summer,8,0,0.12471315693066493,True
pwl,1,P1_old_full_opt,summer,7,3.145072325892434e-06,0.0,3.145072325892434e-06,,False,0.04555215193804365,0.005997054573123977,30,14,30,1.0,5.995824852435814e-09,summer,8,0,0.12471315693066493,True
pwl,1,P1_old_full_opt,summer,8,3.2798074514132334e-06,0.0,3.2798074514132334e-06,,False,0.04555215193804365,0.005997054573123977,30,14,30,1.0,5.995824852435814e-09,summer,8,0,0.12471315693066493,True
pwl,1,P1_old_full_opt,summer,9,5.074712096872006e-11,0.0,5.074712096872006e-11,,False,0.04555215193804365,0.005997054573123977,30,14,30,1.0,5.995824852435814e-09,summer,8,0,0.12471315693066493,True
pwl,1,P1_old_full_opt,summer,10,4.67899350531912e-11,0.0,4.67899350531912e-11,,False,0.04555215193804365,0.005997054573123977,30,14,30,1.0,5.995824852435814e-09,summer,8,0,0.12471315693066493,True
pwl,1,P1_old_full_opt,summer,11,4.911577224053721e-11,0.0,4.911577224053721e-11,,False,0.04555215193804365,0.005997054573123977,30,14,30,1.0,5.995824852435814e-09,summer,8,0,0.12471315693066493,True
pwl,1,P1_old_full_opt,summer,12,4.7671047040165136e-11,0.0,4.7671047040165136e-11,,False,0.04555215193804365,0.005997054573123977,30,14,30,1.0,5.995824852435814e-09,summer,8,0,0.12471315693066493,True
pwl,1,P1_old_full_opt,summer,13,4.534617229726436e-11,0.0,4.534617229726436e-11,,False,0.04555215193804365,0.005997054573123977,30,14,30,1.0,5.995824852435814e-09,summer,8,0,0.12471315693066493,True
pwl,1,P1_old_full_opt,summer,14,5.509425199501608e-11,0.0,5.509425199501608e-11,,False,0.04555215193804365,0.005997054573123977,30,14,30,1.0,5.995824852435814e-09,summer,8,0,0.12471315693066493,True
pwl,1,P1_old_full_opt,summer,15,0.0023449475534916098,0.0,0.0023449475534916098,,False,0.04555215193804365,0.005997054573123977,30,14,30,1.0,5.995824852435814e-09,summer,8,0,0.12471315693066493,True
pwl,1,P1_old_full_opt,summer,16,0.045552151989596446,0.0,0.045552151989596446,,False,0.04555215193804365,0.005997054573123977,30,14,30,1.0,5.995824852435814e-09,summer,8,0,0.12471315693066493,True
pwl,1,P1_old_full_opt,summer,17,7.72175196346472e-11,0.0,7.72175196346472e-11,,False,0.04555215193804365,0.005997054573123977,30,14,30,1.0,5.995824852435814e-09,summer,8,0,0.12471315693066493,True
pwl,1,P1_old_full_opt,summer,18,5.606808552730898e-11,0.0,5.606808552730898e-11,,False,0.04555215193804365,0.005997054573123977,30,14,30,1.0,5.995824852435814e-09,summer,8,0,0.12471315693066493,True
pwl,1,P1_old_full_opt,summer,19,5.3481842248844637e-11,0.0,5.3481842248844637e-11,,False,0.04555215193804365,0.005997054573123977,30,14,30,1.0,5.995824852435814e-09,summer,8,0,0.12471315693066493,True
pwl,1,P1_old_full_opt,summer,20,5.252610611105631e-11,0.0,5.252610611105631e-11,,False,0.04555215193804365,0.005997054573123977,30,14,30,1.0,5.995824852435814e-09,summer,8,0,0.12471315693066493,True
pwl,1,P1_old_full_opt,summer,21,4.9929292730724594e-11,0.0,4.9929292730724594e-11,,False,0.04555215193804365,0.005997054573123977,30,14,30,1.0,5.995824852435814e-09,summer,8,0,0.12471315693066493,True
pwl,1,P1_old_full_opt,summer,22,4.648605484736072e-11,0.0,4.648605484736072e-11,,False,0.04555215193804365,0.005997054573123977,30,14,30,1.0,5.995824852435814e-09,summer,8,0,0.12471315693066493,True
pwl,1,P1_old_full_opt,summer,23,5.466788220963321e-11,0.0,5.466788220963321e-11,,False,0.04555215193804365,0.005997054573123977,30,14,30,1.0,5.995824852435814e-09,summer,8,0,0.12471315693066493,True
pwl,1,P1_old_full_opt,winter,0,0.04555215193605898,0.0,0.04555215193605898,,False,0.04555215193804365,0.005997054573123977,30,14,30,1.0,5.995824852435814e-09,summer,8,0,0.12471315693066493,True
pwl,1,P1_old_full_opt,winter,1,4.433255371040562e-11,0.0,4.433255371040562e-11,,False,0.04555215193804365,0.005997054573123977,30,14,30,1.0,5.995824852435814e-09,summer,8,0,0.12471315693066493,True
pwl,1,P1_old_full_opt,winter,2,1.944940216454712e-11,0.0,1.944940216454712e-11,,False,0.04555215193804365,0.005997054573123977,30,14,30,1.0,5.995824852435814e-09,summer,8,0,0.12471315693066493,True
pwl,1,P1_old_full_opt,winter,3,0.04555215193890096,0.0,0.04555215193890096,,False,0.04555215193804365,0.005997054573123977,30,14,30,1.0,5.995824852435814e-09,summer,8,0,0.12471315693066493,True
pwl,1,P1_old_full_opt,winter,4,0.04555215193701849,0.0,0.04555215193701849,,False,0.04555215193804365,0.005997054573123977,30,14,30,1.0,5.995824852435814e-09,summer,8,0,0.12471315693066493,True
pwl,1,P1_old_full_opt,winter,5,0.012767816634298601,0.02,0.007232183365701399,0.36160916828506995,False,0.04555215193804365,0.005997054573123977,30,14,30,1.0,5.995824852435814e-09,summer,8,0,0.12471315693066493,True
pwl,1,P1_old_full_opt,winter,6,3.144604432257171e-06,0.0,3.144604432257171e-06,,False,0.04555215193804365,0.005997054573123977,30,14,30,1.0,5.995824852435814e-09,summer,8,0,0.12471315693066493,True
pwl,1,P1_old_full_opt,winter,7,3.2600682418435807e-06,0.0,3.2600682418435807e-06,,False,0.04555215193804365,0.005997054573123977,30,14,30,1.0,5.995824852435814e-09,summer,8,0,0.12471315693066493,True
pwl,1,P1_old_full_opt,winter,8,0.0,0.0,0.0,,False,0.04555215193804365,0.005997054573123977,30,14,30,1.0,5.995824852435814e-09,summer,8,0,0.12471315693066493,True
pwl,1,P1_old_full_opt,winter,9,0.004744541606558189,0.0,0.004744541606558189,,False,0.04555215193804365,0.005997054573123977,30,14,30,1.0,5.995824852435814e-09,summer,8,0,0.12471315693066493,True
pwl,1,P1_old_full_opt,winter,10,0.045552151937874555,0.0,0.045552151937874555,,False,0.04555215193804365,0.005997054573123977,30,14,30,1.0,5.995824852435814e-09,summer,8,0,0.12471315693066493,True
pwl,1,P1_old_full_opt,winter,11,0.04555215194563144,0.0,0.04555215194563144,,False,0.04555215193804365,0.005997054573123977,30,14,30,1.0,5.995824852435814e-09,summer,8,0,0.12471315693066493,True
pwl,1,P1_old_full_opt,winter,12,2.6316542405946004e-11,0.0,2.6316542405946004e-11,,False,0.04555215193804365,0.005997054573123977,30,14,30,1.0,5.995824852435814e-09,summer,8,0,0.12471315693066493,True
pwl,1,P1_old_full_opt,winter,13,1.9408265097633754e-11,0.0,1.9408265097633754e-11,,False,0.04555215193804365,0.005997054573123977,30,14,30,1.0,5.995824852435814e-09,summer,8,0,0.12471315693066493,True
pwl,1,P1_old_full_opt,winter,14,2.008891536947057e-11,0.0,2.008891536947057e-11,,False,0.04555215193804365,0.005997054573123977,30,14,30,1.0,5.995824852435814e-09,summer,8,0,0.12471315693066493,True
pwl,1,P1_old_full_opt,winter,15,2.074885648988935e-11,0.0,2.074885648988935e-11,,False,0.04555215193804365,0.005997054573123977,30,14,30,1.0,5.995824852435814e-09,summer,8,0,0.12471315693066493,True
pwl,1,P1_old_full_opt,winter,16,2.4126378165273418e-11,0.0,2.4126378165273418e-11,,False,0.04555215193804365,0.005997054573123977,30,14,30,1.0,5.995824852435814e-09,summer,8,0,0.12471315693066493,True
pwl,1,P1_old_full_opt,winter,17,2.7562187356859716e-11,0.0,2.7562187356859716e-11,,False,0.04555215193804365,0.005997054573123977,30,14,30,1.0,5.995824852435814e-09,summer,8,0,0.12471315693066493,True
pwl,1,P1_old_full_opt,winter,18,2.3155073696416127e-11,0.0,2.3155073696416127e-11,,False,0.04555215193804365,0.005997054573123977,30,14,30,1.0,5.995824852435814e-09,summer,8,0,0.12471315693066493,True
pwl,1,P1_old_full_opt,winter,19,2.1590733658673104e-11,0.0,2.1590733658673104e-11,,False,0.04555215193804365,0.005997054573123977,30,14,30,1.0,5.995824852435814e-09,summer,8,0,0.12471315693066493,True
pwl,1,P1_old_full_opt,winter,20,2.0971756756779195e-11,0.0,2.0971756756779195e-11,,False,0.04555215193804365,0.005997054573123977,30,14,30,1.0,5.995824852435814e-09,summer,8,0,0.12471315693066493,True
pwl,1,P1_old_full_opt,winter,21,3.811423486526262e-11,0.0,3.811423486526262e-11,,False,0.04555215193804365,0.005997054573123977,30,14,30,1.0,5.995824852435814e-09,summer,8,0,0.12471315693066493,True
pwl,1,P1_old_full_opt,winter,22,0.007702127360263271,0.02,0.01229787263973673,0.6148936319868366,False,0.04555215193804365,0.005997054573123977,30,14,30,1.0,5.995824852435814e-09,summer,8,0,0.12471315693066493,True
pwl,1,P1_old_full_opt,winter,23,0.04555215193944718,0.0,0.04555215193944718,,False,0.04555215193804365,0.005997054573123977,30,14,30,1.0,5.995824852435814e-09,summer,8,0,0.12471315693066493,True
pwl,1,P1_old_full_opt,shoulder,0,0.045552151924383714,0.0,0.045552151924383714,,False,0.04555215193804365,0.005997054573123977,30,14,30,1.0,5.995824852435814e-09,summer,8,0,0.12471315693066493,True
pwl,1,P1_old_full_opt,shoulder,1,0.0023760470492720973,0.0,0.0023760470492720973,,False,0.04555215193804365,0.005997054573123977,30,14,30,1.0,5.995824852435814e-09,summer,8,0,0.12471315693066493,True
pwl,1,P1_old_full_opt,shoulder,2,1.119942560338486e-10,0.0,1.119942560338486e-10,,False,0.04555215193804365,0.005997054573123977,30,14,30,1.0,5.995824852435814e-09,summer,8,0,0.12471315693066493,True
pwl,1,P1_old_full_opt,shoulder,3,0.04555215189199423,0.0,0.04555215189199423,,False,0.04555215193804365,0.005997054573123977,30,14,30,1.0,5.995824852435814e-09,summer,8,0,0.12471315693066493,True
pwl,1,P1_old_full_opt,shoulder,4,0.04555215191837271,0.0,0.04555215191837271,,False,0.04555215193804365,0.005997054573123977,30,14,30,1.0,5.995824852435814e-09,summer,8,0,0.12471315693066493,True
pwl,1,P1_old_full_opt,shoulder,5,0.015407481873288309,0.02,0.004592518126711692,0.22962590633558458,False,0.04555215193804365,0.005997054573123977,30,14,30,1.0,5.995824852435814e-09,summer,8,0,0.12471315693066493,True
pwl,1,P1_old_full_opt,shoulder,6,3.1590656786316297e-06,0.0,3.1590656786316297e-06,,False,0.04555215193804365,0.005997054573123977,30,14,30,1.0,5.995824852435814e-09,summer,8,0,0.12471315693066493,True
pwl,1,P1_old_full_opt,shoulder,7,3.1411623110631013e-06,0.0,3.1411623110631013e-06,,False,0.04555215193804365,0.005997054573123977,30,14,30,1.0,5.995824852435814e-09,summer,8,0,0.12471315693066493,True
pwl,1,P1_old_full_opt,shoulder,8,8.06628322045514e-11,0.0,8.06628322045514e-11,,False,0.04555215193804365,0.005997054573123977,30,14,30,1.0,5.995824852435814e-09,summer,8,0,0.12471315693066493,True
pwl,1,P1_old_full_opt,shoulder,9,9.228068437867342e-11,0.0,9.228068437867342e-11,,False,0.04555215193804365,0.005997054573123977,30,14,30,1.0,5.995824852435814e-09,summer,8,0,0.12471315693066493,True
pwl,1,P1_old_full_opt,shoulder,10,0.04555215194794096,0.0,0.04555215194794096,,False,0.04555215193804365,0.005997054573123977,30,14,30,1.0,5.995824852435814e-09,summer,8,0,0.12471315693066493,True
pwl,1,P1_old_full_opt,shoulder,11,0.0023500189634292016,0.0,0.0023500189634292016,,False,0.04555215193804365,0.005997054573123977,30,14,30,1.0,5.995824852435814e-09,summer,8,0,0.12471315693066493,True
pwl,1,P1_old_full_opt,shoulder,12,7.150120044945915e-11,0.0,7.150120044945915e-11,,False,0.04555215193804365,0.005997054573123977,30,14,30,1.0,5.995824852435814e-09,summer,8,0,0.12471315693066493,True
pwl,1,P1_old_full_opt,shoulder,13,6.423729125347181e-11,0.0,6.423729125347181e-11,,False,0.04555215193804365,0.005997054573123977,30,14,30,1.0,5.995824852435814e-09,summer,8,0,0.12471315693066493,True
pwl,1,P1_old_full_opt,shoulder,14,6.555377553342528e-11,0.0,6.555377553342528e-11,,False,0.04555215193804365,0.005997054573123977,30,14,30,1.0,5.995824852435814e-09,summer,8,0,0.12471315693066493,True
pwl,1,P1_old_full_opt,shoulder,15,7.403250853174996e-11,0.0,7.403250853174996e-11,,False,0.04555215193804365,0.005997054573123977,30,14,30,1.0,5.995824852435814e-09,summer,8,0,0.12471315693066493,True
pwl,1,P1_old_full_opt,shoulder,16,1.255227994163947e-10,0.0,1.255227994163947e-10,,False,0.04555215193804365,0.005997054573123977,30,14,30,1.0,5.995824852435814e-09,summer,8,0,0.12471315693066493,True
pwl,1,P1_old_full_opt,shoulder,17,1.449574239513793e-10,0.0,1.449574239513793e-10,,False,0.04555215193804365,0.005997054573123977,30,14,30,1.0,5.995824852435814e-09,summer,8,0,0.12471315693066493,True
pwl,1,P1_old_full_opt,shoulder,18,1.2556072479345918e-10,0.0,1.2556072479345918e-10,,False,0.04555215193804365,0.005997054573123977,30,14,30,1.0,5.995824852435814e-09,summer,8,0,0.12471315693066493,True
pwl,1,P1_old_full_opt,shoulder,19,1.5920532003330097e-10,0.0,1.5920532003330097e-10,,False,0.04555215193804365,0.005997054573123977,30,14,30,1.0,5.995824852435814e-09,summer,8,0,0.12471315693066493,True
pwl,1,P1_old_full_opt,shoulder,20,1.1170769122671185e-10,0.0,1.1170769122671185e-10,,False,0.04555215193804365,0.005997054573123977,30,14,30,1.0,5.995824852435814e-09,summer,8,0,0.12471315693066493,True
pwl,1,P1_old_full_opt,shoulder,21,7.270766394908897e-11,0.0,7.270766394908897e-11,,False,0.04555215193804365,0.005997054573123977,30,14,30,1.0,5.995824852435814e-09,summer,8,0,0.12471315693066493,True
pwl,1,P1_old_full_opt,shoulder,22,7.015587899581322e-11,0.0,7.015587899581322e-11,,False,0.04555215193804365,0.005997054573123977,30,14,30,1.0,5.995824852435814e-09,summer,8,0,0.12471315693066493,True
pwl,1,P1_old_full_opt,shoulder,23,7.32513863134499e-11,0.0,7.32513863134499e-11,,False,0.04555215193804365,0.005997054573123977,30,14,30,1.0,5.995824852435814e-09,summer,8,0,0.12471315693066493,True
pwl,1,P2_dev_run1,summer,0,0.04621259988348964,0.1,0.05378740011651036,0.5378740011651036,False,0.07842217066606379,0.0103244746344123,24,4,24,1.0,7.443695978044966e-09,winter,2,0,0.15482887634333528,True
pwl,1,P2_dev_run1,summer,1,6.131551367335451e-12,0.0,6.131551367335451e-12,,False,0.07842217066606379,0.0103244746344123,24,4,24,1.0,7.443695978044966e-09,winter,2,0,0.15482887634333528,True
pwl,1,P2_dev_run1,summer,2,0.0,0.0,0.0,,False,0.07842217066606379,0.0103244746344123,24,4,24,1.0,7.443695978044966e-09,winter,2,0,0.15482887634333528,True
pwl,1,P2_dev_run1,summer,3,2.0018745223331397e-07,0.0,2.0018745223331397e-07,,False,0.07842217066606379,0.0103244746344123,24,4,24,1.0,7.443695978044966e-09,winter,2,0,0.15482887634333528,True
pwl,1,P2_dev_run1,summer,4,0.02427338212780445,0.05,0.025726617872195552,0.514532357443911,False,0.07842217066606379,0.0103244746344123,24,4,24,1.0,7.443695978044966e-09,winter,2,0,0.15482887634333528,True
pwl,1,P2_dev_run1,summer,5,0.07842217062592556,0.0,0.07842217062592556,,False,0.07842217066606379,0.0103244746344123,24,4,24,1.0,7.443695978044966e-09,winter,2,0,0.15482887634333528,True
pwl,1,P2_dev_run1,summer,6,3.0271248516937816e-06,0.0,3.0271248516937816e-06,,False,0.07842217066606379,0.0103244746344123,24,4,24,1.0,7.443695978044966e-09,winter,2,0,0.15482887634333528,True
pwl,1,P2_dev_run1,summer,7,3.0271265127130046e-06,0.0,3.0271265127130046e-06,,False,0.07842217066606379,0.0103244746344123,24,4,24,1.0,7.443695978044966e-09,winter,2,0,0.15482887634333528,True
pwl,1,P2_dev_run1,summer,8,3.027127978805058e-06,0.0,3.027127978805058e-06,,False,0.07842217066606379,0.0103244746344123,24,4,24,1.0,7.443695978044966e-09,winter,2,0,0.15482887634333528,True
pwl,1,P2_dev_run1,summer,9,8.202569170585305e-12,0.0,8.202569170585305e-12,,False,0.07842217066606379,0.0103244746344123,24,4,24,1.0,7.443695978044966e-09,winter,2,0,0.15482887634333528,True
pwl,1,P2_dev_run1,summer,10,7.225612078196955e-12,0.0,7.225612078196955e-12,,False,0.07842217066606379,0.0103244746344123,24,4,24,1.0,7.443695978044966e-09,winter,2,0,0.15482887634333528,True
pwl,1,P2_dev_run1,summer,11,7.427326808688355e-12,0.0,7.427326808688355e-12,,False,0.07842217066606379,0.0103244746344123,24,4,24,1.0,7.443695978044966e-09,winter,2,0,0.15482887634333528,True
pwl,1,P2_dev_run1,summer,12,7.234131684128802e-12,0.0,7.234131684128802e-12,,False,0.07842217066606379,0.0103244746344123,24,4,24,1.0,7.443695978044966e-09,winter,2,0,0.15482887634333528,True
pwl,1,P2_dev_run1,summer,13,6.973217065209788e-12,0.0,6.973217065209788e-12,,False,0.07842217066606379,0.0103244746344123,24,4,24,1.0,7.443695978044966e-09,winter,2,0,0.15482887634333528,True
pwl,1,P2_dev_run1,summer,14,7.743311469999365e-12,0.0,7.743311469999365e-12,,False,0.07842217066606379,0.0103244746344123,24,4,24,1.0,7.443695978044966e-09,winter,2,0,0.15482887634333528,True
pwl,1,P2_dev_run1,summer,15,0.0,0.0,0.0,,False,0.07842217066606379,0.0103244746344123,24,4,24,1.0,7.443695978044966e-09,winter,2,0,0.15482887634333528,True
pwl,1,P2_dev_run1,summer,16,0.046182345045860114,0.1,0.05381765495413989,0.5381765495413989,False,0.07842217066606379,0.0103244746344123,24,4,24,1.0,7.443695978044966e-09,winter,2,0,0.15482887634333528,True
pwl,1,P2_dev_run1,summer,17,9.62711092920188e-12,0.0,9.62711092920188e-12,,False,0.07842217066606379,0.0103244746344123,24,4,24,1.0,7.443695978044966e-09,winter,2,0,0.15482887634333528,True
pwl,1,P2_dev_run1,summer,18,8.217545393895018e-12,0.0,8.217545393895018e-12,,False,0.07842217066606379,0.0103244746344123,24,4,24,1.0,7.443695978044966e-09,winter,2,0,0.15482887634333528,True
pwl,1,P2_dev_run1,summer,19,8.005017713031681e-12,0.0,8.005017713031681e-12,,False,0.07842217066606379,0.0103244746344123,24,4,24,1.0,7.443695978044966e-09,winter,2,0,0.15482887634333528,True
pwl,1,P2_dev_run1,summer,20,7.885407149704137e-12,0.0,7.885407149704137e-12,,False,0.07842217066606379,0.0103244746344123,24,4,24,1.0,7.443695978044966e-09,winter,2,0,0.15482887634333528,True
pwl,1,P2_dev_run1,summer,21,7.598007540257764e-12,0.0,7.598007540257764e-12,,False,0.07842217066606379,0.0103244746344123,24,4,24,1.0,7.443695978044966e-09,winter,2,0,0.15482887634333528,True
pwl,1,P2_dev_run1,summer,22,7.33236563586873e-12,0.0,7.33236563586873e-12,,False,0.07842217066606379,0.0103244746344123,24,4,24,1.0,7.443695978044966e-09,winter,2,0,0.15482887634333528,True
pwl,1,P2_dev_run1,summer,23,8.766740890263023e-12,0.0,8.766740890263023e-12,,False,0.07842217066606379,0.0103244746344123,24,4,24,1.0,7.443695978044966e-09,winter,2,0,0.15482887634333528,True
pwl,1,P2_dev_run1,winter,0,0.046212598609270523,0.1,0.05378740139072948,0.5378740139072948,False,0.07842217066606379,0.0103244746344123,24,4,24,1.0,7.443695978044966e-09,winter,2,0,0.15482887634333528,True
pwl,1,P2_dev_run1,winter,1,2.180037906538054e-13,0.0,2.180037906538054e-13,,False,0.07842217066606379,0.0103244746344123,24,4,24,1.0,7.443695978044966e-09,winter,2,0,0.15482887634333528,True
pwl,1,P2_dev_run1,winter,2,3.1821366999354996e-07,0.0,3.1821366999354996e-07,,False,0.07842217066606379,0.0103244746344123,24,4,24,1.0,7.443695978044966e-09,winter,2,0,0.15482887634333528,True
pwl,1,P2_dev_run1,winter,3,0.024273384997124496,0.05,0.025726615002875507,0.51453230005751,False,0.07842217066606379,0.0103244746344123,24,4,24,1.0,7.443695978044966e-09,winter,2,0,0.15482887634333528,True
pwl,1,P2_dev_run1,winter,4,0.07842217066603434,0.0,0.07842217066603434,,False,0.07842217066606379,0.0103244746344123,24,4,24,1.0,7.443695978044966e-09,winter,2,0,0.15482887634333528,True
pwl,1,P2_dev_run1,winter,5,3.0270330866768762e-06,0.0,3.0270330866768762e-06,,False,0.07842217066606379,0.0103244746344123,24,4,24,1.0,7.443695978044966e-09,winter,2,0,0.15482887634333528,True
pwl,1,P2_dev_run1,winter,6,3.0270395611172597e-06,0.0,3.0270395611172597e-06,,False,0.07842217066606379,0.0103244746344123,24,4,24,1.0,7.443695978044966e-09,winter,2,0,0.15482887634333528,True
pwl,1,P2_dev_run1,winter,7,3.0270398226254163e-06,0.0,3.0270398226254163e-06,,False,0.07842217066606379,0.0103244746344123,24,4,24,1.0,7.443695978044966e-09,winter,2,0,0.15482887634333528,True
pwl,1,P2_dev_run1,winter,8,3.027043107966729e-06,0.0,3.027043107966729e-06,,False,0.07842217066606379,0.0103244746344123,24,4,24,1.0,7.443695978044966e-09,winter,2,0,0.15482887634333528,True
pwl,1,P2_dev_run1,winter,9,3.7355234113456017e-13,0.0,3.7355234113456017e-13,,False,0.07842217066606379,0.0103244746344123,24,4,24,1.0,7.443695978044966e-09,winter,2,0,0.15482887634333528,True
pwl,1,P2_dev_run1,winter,10,0.07842217066604956,0.0,0.07842217066604956,,False,0.07842217066606379,0.0103244746344123,24,4,24,1.0,7.443695978044966e-09,winter,2,0,0.15482887634333528,True
pwl,1,P2_dev_run1,winter,11,0.013998767361364954,0.05,0.03600123263863505,0.7200246527727009,False,0.07842217066606379,0.0103244746344123,24,4,24,1.0,7.443695978044966e-09,winter,2,0,0.15482887634333528,True
pwl,1,P2_dev_run1,winter,12,1.6250223016738397e-13,0.0,1.6250223016738397e-13,,False,0.07842217066606379,0.0103244746344123,24,4,24,1.0,7.443695978044966e-09,winter,2,0,0.15482887634333528,True
pwl,1,P2_dev_run1,winter,13,1.5599110233556052e-13,0.0,1.5599110233556052e-13,,False,0.07842217066606379,0.0103244746344123,24,4,24,1.0,7.443695978044966e-09,winter,2,0,0.15482887634333528,True
pwl,1,P2_dev_run1,winter,14,1.536770984253547e-13,0.0,1.536770984253547e-13,,False,0.07842217066606379,0.0103244746344123,24,4,24,1.0,7.443695978044966e-09,winter,2,0,0.15482887634333528,True
pwl,1,P2_dev_run1,winter,15,1.5657754352598846e-13,0.0,1.5657754352598846e-13,,False,0.07842217066606379,0.0103244746344123,24,4,24,1.0,7.443695978044966e-09,winter,2,0,0.15482887634333528,True
pwl,1,P2_dev_run1,winter,16,1.6447607496900835e-13,0.0,1.6447607496900835e-13,,False,0.07842217066606379,0.0103244746344123,24,4,24,1.0,7.443695978044966e-09,winter,2,0,0.15482887634333528,True
pwl,1,P2_dev_run1,winter,17,1.7754324107616265e-13,0.0,1.7754324107616265e-13,,False,0.07842217066606379,0.0103244746344123,24,4,24,1.0,7.443695978044966e-09,winter,2,0,0.15482887634333528,True
pwl,1,P2_dev_run1,winter,18,1.7333184911757074e-13,0.0,1.7333184911757074e-13,,False,0.07842217066606379,0.0103244746344123,24,4,24,1.0,7.443695978044966e-09,winter,2,0,0.15482887634333528,True
pwl,1,P2_dev_run1,winter,19,1.823539475751353e-13,0.0,1.823539475751353e-13,,False,0.07842217066606379,0.0103244746344123,24,4,24,1.0,7.443695978044966e-09,winter,2,0,0.15482887634333528,True
pwl,1,P2_dev_run1,winter,20,2.3486889634567717e-13,0.0,2.3486889634567717e-13,,False,0.07842217066606379,0.0103244746344123,24,4,24,1.0,7.443695978044966e-09,winter,2,0,0.15482887634333528,True
pwl,1,P2_dev_run1,winter,21,7.997693446637972e-10,0.0,7.997693446637972e-10,,False,0.07842217066606379,0.0103244746344123,24,4,24,1.0,7.443695978044966e-09,winter,2,0,0.15482887634333528,True
pwl,1,P2_dev_run1,winter,22,1.7358490889982776e-07,0.0,1.7358490889982776e-07,,False,0.07842217066606379,0.0103244746344123,24,4,24,1.0,7.443695978044966e-09,winter,2,0,0.15482887634333528,True
pwl,1,P2_dev_run1,winter,23,0.0513474369477741,0.1,0.04865256305222591,0.48652563052225906,False,0.07842217066606379,0.0103244746344123,24,4,24,1.0,7.443695978044966e-09,winter,2,0,0.15482887634333528,True
pwl,1,P2_dev_run1,shoulder,0,0.046212600590565436,0.1,0.05378739940943457,0.5378739940943457,False,0.07842217066606379,0.0103244746344123,24,4,24,1.0,7.443695978044966e-09,winter,2,0,0.15482887634333528,True
pwl,1,P2_dev_run1,shoulder,1,8.573875723726352e-13,0.0,8.573875723726352e-13,,False,0.07842217066606379,0.0103244746344123,24,4,24,1.0,7.443695978044966e-09,winter,2,0,0.15482887634333528,True
pwl,1,P2_dev_run1,shoulder,2,0.0,0.0,0.0,,False,0.07842217066606379,0.0103244746344123,24,4,24,1.0,7.443695978044966e-09,winter,2,0,0.15482887634333528,True
pwl,1,P2_dev_run1,shoulder,3,0.024273382862658774,0.05,0.02572661713734123,0.5145323427468246,False,0.07842217066606379,0.0103244746344123,24,4,24,1.0,7.443695978044966e-09,winter,2,0,0.15482887634333528,True
pwl,1,P2_dev_run1,shoulder,4,0.07842217066557955,0.0,0.07842217066557955,,False,0.07842217066606379,0.0103244746344123,24,4,24,1.0,7.443695978044966e-09,winter,2,0,0.15482887634333528,True
pwl,1,P2_dev_run1,shoulder,5,3.0271516688839915e-06,0.0,3.0271516688839915e-06,,False,0.07842217066606379,0.0103244746344123,24,4,24,1.0,7.443695978044966e-09,winter,2,0,0.15482887634333528,True
pwl,1,P2_dev_run1,shoulder,6,3.027079808349541e-06,0.0,3.027079808349541e-06,,False,0.07842217066606379,0.0103244746344123,24,4,24,1.0,7.443695978044966e-09,winter,2,0,0.15482887634333528,True
pwl,1,P2_dev_run1,shoulder,7,3.027152412593955e-06,0.0,3.027152412593955e-06,,False,0.07842217066606379,0.0103244746344123,24,4,24,1.0,7.443695978044966e-09,winter,2,0,0.15482887634333528,True
pwl,1,P2_dev_run1,shoulder,8,0.0,0.0,0.0,,False,0.07842217066606379,0.0103244746344123,24,4,24,1.0,7.443695978044966e-09,winter,2,0,0.15482887634333528,True
pwl,1,P2_dev_run1,shoulder,9,9.729298395594777e-13,0.0,9.729298395594777e-13,,False,0.07842217066606379,0.0103244746344123,24,4,24,1.0,7.443695978044966e-09,winter,2,0,0.15482887634333528,True
pwl,1,P2_dev_run1,shoulder,10,0.04618735954167017,0.1,0.053812640458329834,0.5381264045832983,False,0.07842217066606379,0.0103244746344123,24,4,24,1.0,7.443695978044966e-09,winter,2,0,0.15482887634333528,True
pwl,1,P2_dev_run1,shoulder,11,1.6869154415661045e-12,0.0,1.6869154415661045e-12,,False,0.07842217066606379,0.0103244746344123,24,4,24,1.0,7.443695978044966e-09,winter,2,0,0.15482887634333528,True
pwl,1,P2_dev_run1,shoulder,12,8.591653239258466e-13,0.0,8.591653239258466e-13,,False,0.07842217066606379,0.0103244746344123,24,4,24,1.0,7.443695978044966e-09,winter,2,0,0.15482887634333528,True
pwl,1,P2_dev_run1,shoulder,13,8.595263495691152e-13,0.0,8.595263495691152e-13,,False,0.07842217066606379,0.0103244746344123,24,4,24,1.0,7.443695978044966e-09,winter,2,0,0.15482887634333528,True
pwl,1,P2_dev_run1,shoulder,14,8.583068078462432e-13,0.0,8.583068078462432e-13,,False,0.07842217066606379,0.0103244746344123,24,4,24,1.0,7.443695978044966e-09,winter,2,0,0.15482887634333528,True
pwl,1,P2_dev_run1,shoulder,15,8.976470020612075e-13,0.0,8.976470020612075e-13,,False,0.07842217066606379,0.0103244746344123,24,4,24,1.0,7.443695978044966e-09,winter,2,0,0.15482887634333528,True
pwl,1,P2_dev_run1,shoulder,16,1.087394372661377e-12,0.0,1.087394372661377e-12,,False,0.07842217066606379,0.0103244746344123,24,4,24,1.0,7.443695978044966e-09,winter,2,0,0.15482887634333528,True
pwl,1,P2_dev_run1,shoulder,17,1.2078613783548532e-12,0.0,1.2078613783548532e-12,,False,0.07842217066606379,0.0103244746344123,24,4,24,1.0,7.443695978044966e-09,winter,2,0,0.15482887634333528,True
pwl,1,P2_dev_run1,shoulder,18,1.1289128230314506e-12,0.0,1.1289128230314506e-12,,False,0.07842217066606379,0.0103244746344123,24,4,24,1.0,7.443695978044966e-09,winter,2,0,0.15482887634333528,True
pwl,1,P2_dev_run1,shoulder,19,1.2987450910574565e-12,0.0,1.2987450910574565e-12,,False,0.07842217066606379,0.0103244746344123,24,4,24,1.0,7.443695978044966e-09,winter,2,0,0.15482887634333528,True
pwl,1,P2_dev_run1,shoulder,20,1.0786238210470667e-12,0.0,1.0786238210470667e-12,,False,0.07842217066606379,0.0103244746344123,24,4,24,1.0,7.443695978044966e-09,winter,2,0,0.15482887634333528,True
pwl,1,P2_dev_run1,shoulder,21,9.47495451702243e-13,0.0,9.47495451702243e-13,,False,0.07842217066606379,0.0103244746344123,24,4,24,1.0,7.443695978044966e-09,winter,2,0,0.15482887634333528,True
pwl,1,P2_dev_run1,shoulder,22,9.24420894268667e-13,0.0,9.24420894268667e-13,,False,0.07842217066606379,0.0103244746344123,24,4,24,1.0,7.443695978044966e-09,winter,2,0,0.15482887634333528,True
pwl,1,P2_dev_run1,shoulder,23,9.785283112005971e-13,0.0,9.785283112005971e-13,,False,0.07842217066606379,0.0103244746344123,24,4,24,1.0,7.443695978044966e-09,winter,2,0,0.15482887634333528,True
pwl,1,P3_dev_run0,summer,0,0.17289466643216045,0.15,0.022894666432160454,0.15263110954773637,False,0.2704659021321342,0.03560751152792361,20,0,21,0.9523809523809523,4.5334404190992626e-08,summer,3,0,0.9429556071726466,True
pwl,1,P3_dev_run0,summer,1,1.3967829330022519e-11,0.0,1.3967829330022519e-11,,False,0.2704659021321342,0.03560751152792361,20,0,21,0.9523809523809523,4.5334404190992626e-08,summer,3,0,0.9429556071726466,True
pwl,1,P3_dev_run0,summer,2,3.19807776114224e-07,0.0,3.19807776114224e-07,,False,0.2704659021321342,0.03560751152792361,20,0,21,0.9523809523809523,4.5334404190992626e-08,summer,3,0,0.9429556071726466,True
pwl,1,P3_dev_run0,summer,3,4.699880708712362e-07,0.0,4.699880708712362e-07,,False,0.2704659021321342,0.03560751152792361,20,0,21,0.9523809523809523,4.5334404190992626e-08,summer,3,0,0.9429556071726466,True
pwl,1,P3_dev_run0,summer,4,2.1403571885088648e-07,0.0,2.1403571885088648e-07,,False,0.2704659021321342,0.03560751152792361,20,0,21,0.9523809523809523,4.5334404190992626e-08,summer,3,0,0.9429556071726466,True
pwl,1,P3_dev_run0,summer,5,0.10294893540642722,0.2,0.0970510645935728,0.48525532296786394,False,0.2704659021321342,0.03560751152792361,20,0,21,0.9523809523809523,4.5334404190992626e-08,summer,3,0,0.9429556071726466,True
pwl,1,P3_dev_run0,summer,6,3.0989012733031327e-06,0.0,3.0989012733031327e-06,,False,0.2704659021321342,0.03560751152792361,20,0,21,0.9523809523809523,4.5334404190992626e-08,summer,3,0,0.9429556071726466,True
pwl,1,P3_dev_run0,summer,7,3.094499053907878e-06,0.0,3.094499053907878e-06,,False,0.2704659021321342,0.03560751152792361,20,0,21,0.9523809523809523,4.5334404190992626e-08,summer,3,0,0.9429556071726466,True
pwl,1,P3_dev_run0,summer,8,1.1325367640413249e-05,0.0,1.1325367640413249e-05,,False,0.2704659021321342,0.03560751152792361,20,0,21,0.9523809523809523,4.5334404190992626e-08,summer,3,0,0.9429556071726466,True
pwl,1,P3_dev_run0,summer,9,9.82301817198554e-10,0.0,9.82301817198554e-10,,False,0.2704659021321342,0.03560751152792361,20,0,21,0.9523809523809523,4.5334404190992626e-08,summer,3,0,0.9429556071726466,True
pwl,1,P3_dev_run0,summer,10,1.8102397761539674e-11,0.0,1.8102397761539674e-11,,False,0.2704659021321342,0.03560751152792361,20,0,21,0.9523809523809523,4.5334404190992626e-08,summer,3,0,0.9429556071726466,True
pwl,1,P3_dev_run0,summer,11,1.8393554777752704e-11,0.0,1.8393554777752704e-11,,False,0.2704659021321342,0.03560751152792361,20,0,21,0.9523809523809523,4.5334404190992626e-08,summer,3,0,0.9429556071726466,True
pwl,1,P3_dev_run0,summer,12,1.7492365228710542e-11,0.0,1.7492365228710542e-11,,False,0.2704659021321342,0.03560751152792361,20,0,21,0.9523809523809523,4.5334404190992626e-08,summer,3,0,0.9429556071726466,True
pwl,1,P3_dev_run0,summer,13,1.8395296638201493e-11,0.0,1.8395296638201493e-11,,False,0.2704659021321342,0.03560751152792361,20,0,21,0.9523809523809523,4.5334404190992626e-08,summer,3,0,0.9429556071726466,True
pwl,1,P3_dev_run0,summer,14,2.9585993135582404e-11,0.0,2.9585993135582404e-11,,False,0.2704659021321342,0.03560751152792361,20,0,21,0.9523809523809523,4.5334404190992626e-08,summer,3,0,0.9429556071726466,True
pwl,1,P3_dev_run0,summer,15,7.3709538160597865e-09,0.0,7.3709538160597865e-09,,False,0.2704659021321342,0.03560751152792361,20,0,21,0.9523809523809523,4.5334404190992626e-08,summer,3,0,0.9429556071726466,True
pwl,1,P3_dev_run0,summer,16,0.1727814842696034,0.2,0.027218515730396603,0.13609257865198301,False,0.2704659021321342,0.03560751152792361,20,0,21,0.9523809523809523,4.5334404190992626e-08,summer,3,0,0.9429556071726466,True
pwl,1,P3_dev_run0,summer,17,7.316237643846702e-10,0.0,7.316237643846702e-10,,False,0.2704659021321342,0.03560751152792361,20,0,21,0.9523809523809523,4.5334404190992626e-08,summer,3,0,0.9429556071726466,True
pwl,1,P3_dev_run0,summer,18,2.612955313488054e-11,0.0,2.612955313488054e-11,,False,0.2704659021321342,0.03560751152792361,20,0,21,0.9523809523809523,4.5334404190992626e-08,summer,3,0,0.9429556071726466,True
pwl,1,P3_dev_run0,summer,19,1.9178713259829343e-11,0.0,1.9178713259829343e-11,,False,0.2704659021321342,0.03560751152792361,20,0,21,0.9523809523809523,4.5334404190992626e-08,summer,3,0,0.9429556071726466,True
pwl,1,P3_dev_run0,summer,20,1.8431734966969985e-11,0.0,1.8431734966969985e-11,,False,0.2704659021321342,0.03560751152792361,20,0,21,0.9523809523809523,4.5334404190992626e-08,summer,3,0,0.9429556071726466,True
pwl,1,P3_dev_run0,summer,21,2.2068736100418885e-11,0.0,2.2068736100418885e-11,,False,0.2704659021321342,0.03560751152792361,20,0,21,0.9523809523809523,4.5334404190992626e-08,summer,3,0,0.9429556071726466,True
pwl,1,P3_dev_run0,summer,22,8.953463526815119e-10,0.0,8.953463526815119e-10,,False,0.2704659021321342,0.03560751152792361,20,0,21,0.9523809523809523,4.5334404190992626e-08,summer,3,0,0.9429556071726466,True
pwl,1,P3_dev_run0,summer,23,3.2768508380315506e-08,0.0,3.2768508380315506e-08,,False,0.2704659021321342,0.03560751152792361,20,0,21,0.9523809523809523,4.5334404190992626e-08,summer,3,0,0.9429556071726466,True
pwl,1,P3_dev_run0,winter,0,0.17289466469133666,0.15,0.022894664691336664,0.15263109794224444,False,0.2704659021321342,0.03560751152792361,20,0,21,0.9523809523809523,4.5334404190992626e-08,summer,3,0,0.9429556071726466,True
pwl,1,P3_dev_run0,winter,1,0.0,0.0,0.0,,False,0.2704659021321342,0.03560751152792361,20,0,21,0.9523809523809523,4.5334404190992626e-08,summer,3,0,0.9429556071726466,True
pwl,1,P3_dev_run0,winter,2,3.1114902140832565e-07,0.0,3.1114902140832565e-07,,False,0.2704659021321342,0.03560751152792361,20,0,21,0.9523809523809523,4.5334404190992626e-08,summer,3,0,0.9429556071726466,True
pwl,1,P3_dev_run0,winter,3,6.061799777444765e-07,0.0,6.061799777444765e-07,,False,0.2704659021321342,0.03560751152792361,20,0,21,0.9523809523809523,4.5334404190992626e-08,summer,3,0,0.9429556071726466,True
pwl,1,P3_dev_run0,winter,4,0.1029490074380015,0.2,0.0970509925619985,0.48525496280999253,False,0.2704659021321342,0.03560751152792361,20,0,21,0.9523809523809523,4.5334404190992626e-08,summer,3,0,0.9429556071726466,True
pwl,1,P3_dev_run0,winter,5,1.1325251787806156e-05,0.0,1.1325251787806156e-05,,False,0.2704659021321342,0.03560751152792361,20,0,21,0.9523809523809523,4.5334404190992626e-08,summer,3,0,0.9429556071726466,True
pwl,1,P3_dev_run0,winter,6,1.1325281125553233e-05,0.0,1.1325281125553233e-05,,False,0.2704659021321342,0.03560751152792361,20,0,21,0.9523809523809523,4.5334404190992626e-08,summer,3,0,0.9429556071726466,True
pwl,1,P3_dev_run0,winter,7,1.1325281902874902e-05,0.0,1.1325281902874902e-05,,False,0.2704659021321342,0.03560751152792361,20,0,21,0.9523809523809523,4.5334404190992626e-08,summer,3,0,0.9429556071726466,True
pwl,1,P3_dev_run0,winter,8,1.132527216285858e-05,0.0,1.132527216285858e-05,,False,0.2704659021321342,0.03560751152792361,20,0,21,0.9523809523809523,4.5334404190992626e-08,summer,3,0,0.9429556071726466,True
pwl,1,P3_dev_run0,winter,9,8.602505161700523e-13,0.0,8.602505161700523e-13,,False,0.2704659021321342,0.03560751152792361,20,0,21,0.9523809523809523,4.5334404190992626e-08,summer,3,0,0.9429556071726466,True
pwl,1,P3_dev_run0,winter,10,0.3457796908929119,0.3,0.045779690892911895,0.15259896964303965,False,0.2704659021321342,0.03560751152792361,20,0,21,0.9523809523809523,4.5334404190992626e-08,summer,3,0,0.9429556071726466,True
pwl,1,P3_dev_run0,winter,11,8.037457644913107e-13,0.0,8.037457644913107e-13,,False,0.2704659021321342,0.03560751152792361,20,0,21,0.9523809523809523,4.5334404190992626e-08,summer,3,0,0.9429556071726466,True
pwl,1,P3_dev_run0,winter,12,4.3011142444707115e-13,0.0,4.3011142444707115e-13,,False,0.2704659021321342,0.03560751152792361,20,0,21,0.9523809523809523,4.5334404190992626e-08,summer,3,0,0.9429556071726466,True
pwl,1,P3_dev_run0,winter,13,4.736720427112521e-06,0.0,4.736720427112521e-06,,False,0.2704659021321342,0.03560751152792361,20,0,21,0.9523809523809523,4.5334404190992626e-08,summer,3,0,0.9429556071726466,True
pwl,1,P3_dev_run0,winter,14,5.563567573549371e-13,0.0,5.563567573549371e-13,,False,0.2704659021321342,0.03560751152792361,20,0,21,0.9523809523809523,4.5334404190992626e-08,summer,3,0,0.9429556071726466,True
pwl,1,P3_dev_run0,winter,15,0.0,0.0,0.0,,False,0.2704659021321342,0.03560751152792361,20,0,21,0.9523809523809523,4.5334404190992626e-08,summer,3,0,0.9429556071726466,True
pwl,1,P3_dev_run0,winter,16,0.0,0.0,0.0,,False,0.2704659021321342,0.03560751152792361,20,0,21,0.9523809523809523,4.5334404190992626e-08,summer,3,0,0.9429556071726466,True
pwl,1,P3_dev_run0,winter,17,1.5705464565595561e-09,0.0,1.5705464565595561e-09,,False,0.2704659021321342,0.03560751152792361,20,0,21,0.9523809523809523,4.5334404190992626e-08,summer,3,0,0.9429556071726466,True
pwl,1,P3_dev_run0,winter,18,1.5726762926846128e-09,0.0,1.5726762926846128e-09,,False,0.2704659021321342,0.03560751152792361,20,0,21,0.9523809523809523,4.5334404190992626e-08,summer,3,0,0.9429556071726466,True
pwl,1,P3_dev_run0,winter,19,4.907501061449254e-10,0.0,4.907501061449254e-10,,False,0.2704659021321342,0.03560751152792361,20,0,21,0.9523809523809523,4.5334404190992626e-08,summer,3,0,0.9429556071726466,True
pwl,1,P3_dev_run0,winter,20,3.5224807352566333e-09,0.0,3.5224807352566333e-09,,False,0.2704659021321342,0.03560751152792361,20,0,21,0.9523809523809523,4.5334404190992626e-08,summer,3,0,0.9429556071726466,True
pwl,1,P3_dev_run0,winter,21,5.843992481924013e-07,0.0,5.843992481924013e-07,,False,0.2704659021321342,0.03560751152792361,20,0,21,0.9523809523809523,4.5334404190992626e-08,summer,3,0,0.9429556071726466,True
pwl,1,P3_dev_run0,winter,22,8.692596756463823e-07,0.0,8.692596756463823e-07,,False,0.2704659021321342,0.03560751152792361,20,0,21,0.9523809523809523,4.5334404190992626e-08,summer,3,0,0.9429556071726466,True
pwl,1,P3_dev_run0,winter,23,0.19210557206955997,0.15,0.04210557206955998,0.28070381379706655,False,0.2704659021321342,0.03560751152792361,20,0,21,0.9523809523809523,4.5334404190992626e-08,summer,3,0,0.9429556071726466,True
pwl,1,P3_dev_run0,shoulder,0,0.1728946799387727,0.1,0.07289467993877269,0.7289467993877269,False,0.2704659021321342,0.03560751152792361,20,0,21,0.9523809523809523,4.5334404190992626e-08,summer,3,0,0.9429556071726466,True
pwl,1,P3_dev_run0,shoulder,1,3.479631461128902e-11,0.0,3.479631461128902e-11,,False,0.2704659021321342,0.03560751152792361,20,0,21,0.9523809523809523,4.5334404190992626e-08,summer,3,0,0.9429556071726466,True
pwl,1,P3_dev_run0,shoulder,2,4.2153757476593615e-07,0.0,4.2153757476593615e-07,,False,0.2704659021321342,0.03560751152792361,20,0,21,0.9523809523809523,4.5334404190992626e-08,summer,3,0,0.9429556071726466,True
pwl,1,P3_dev_run0,shoulder,3,3.1246550730853e-07,0.0,3.1246550730853e-07,,False,0.2704659021321342,0.03560751152792361,20,0,21,0.9523809523809523,4.5334404190992626e-08,summer,3,0,0.9429556071726466,True
pwl,1,P3_dev_run0,shoulder,4,0.10294891369417761,0.2,0.0970510863058224,0.485255431529112,False,0.2704659021321342,0.03560751152792361,20,0,21,0.9523809523809523,4.5334404190992626e-08,summer,3,0,0.9429556071726466,True
pwl,1,P3_dev_run0,shoulder,5,3.034686839256826e-06,0.0,3.034686839256826e-06,,False,0.2704659021321342,0.03560751152792361,20,0,21,0.9523809523809523,4.5334404190992626e-08,summer,3,0,0.9429556071726466,True
pwl,1,P3_dev_run0,shoulder,6,3.035086898979306e-06,0.0,3.035086898979306e-06,,False,0.2704659021321342,0.03560751152792361,20,0,21,0.9523809523809523,4.5334404190992626e-08,summer,3,0,0.9429556071726466,True
pwl,1,P3_dev_run0,shoulder,7,3.0348583244451687e-06,0.0,3.0348583244451687e-06,,False,0.2704659021321342,0.03560751152792361,20,0,21,0.9523809523809523,4.5334404190992626e-08,summer,3,0,0.9429556071726466,True
pwl,1,P3_dev_run0,shoulder,8,2.165915171111782e-09,0.0,2.165915171111782e-09,,False,0.2704659021321342,0.03560751152792361,20,0,21,0.9523809523809523,4.5334404190992626e-08,summer,3,0,0.9429556071726466,True
pwl,1,P3_dev_run0,shoulder,9,4.179943441946957e-11,0.0,4.179943441946957e-11,,False,0.2704659021321342,0.03560751152792361,20,0,21,0.9523809523809523,4.5334404190992626e-08,summer,3,0,0.9429556071726466,True
pwl,1,P3_dev_run0,shoulder,10,0.17280023922849214,0.15,0.022800239228492142,0.1520015948566143,False,0.2704659021321342,0.03560751152792361,20,0,21,0.9523809523809523,4.5334404190992626e-08,summer,3,0,0.9429556071726466,True
pwl,1,P3_dev_run0,shoulder,11,9.779854284078961e-11,0.0,9.779854284078961e-11,,False,0.2704659021321342,0.03560751152792361,20,0,21,0.9523809523809523,4.5334404190992626e-08,summer,3,0,0.9429556071726466,True
pwl,1,P3_dev_run0,shoulder,12,3.646365154679445e-11,0.0,3.646365154679445e-11,,False,0.2704659021321342,0.03560751152792361,20,0,21,0.9523809523809523,4.5334404190992626e-08,summer,3,0,0.9429556071726466,True
pwl,1,P3_dev_run0,shoulder,13,3.967726240668512e-11,0.0,3.967726240668512e-11,,False,0.2704659021321342,0.03560751152792361,20,0,21,0.9523809523809523,4.5334404190992626e-08,summer,3,0,0.9429556071726466,True
pwl,1,P3_dev_run0,shoulder,14,3.683453167749907e-11,0.0,3.683453167749907e-11,,False,0.2704659021321342,0.03560751152792361,20,0,21,0.9523809523809523,4.5334404190992626e-08,summer,3,0,0.9429556071726466,True
pwl,1,P3_dev_run0,shoulder,15,3.87109720389261e-11,0.0,3.87109720389261e-11,,False,0.2704659021321342,0.03560751152792361,20,0,21,0.9523809523809523,4.5334404190992626e-08,summer,3,0,0.9429556071726466,True
pwl,1,P3_dev_run0,shoulder,16,4.744005947559218e-11,0.0,4.744005947559218e-11,,False,0.2704659021321342,0.03560751152792361,20,0,21,0.9523809523809523,4.5334404190992626e-08,summer,3,0,0.9429556071726466,True
pwl,1,P3_dev_run0,shoulder,17,5.374379642540204e-11,0.0,5.374379642540204e-11,,False,0.2704659021321342,0.03560751152792361,20,0,21,0.9523809523809523,4.5334404190992626e-08,summer,3,0,0.9429556071726466,True
pwl,1,P3_dev_run0,shoulder,18,5.113924300851197e-11,0.0,5.113924300851197e-11,,False,0.2704659021321342,0.03560751152792361,20,0,21,0.9523809523809523,4.5334404190992626e-08,summer,3,0,0.9429556071726466,True
pwl,1,P3_dev_run0,shoulder,19,5.776254664273209e-11,0.0,5.776254664273209e-11,,False,0.2704659021321342,0.03560751152792361,20,0,21,0.9523809523809523,4.5334404190992626e-08,summer,3,0,0.9429556071726466,True
pwl,1,P3_dev_run0,shoulder,20,4.868463690152743e-11,0.0,4.868463690152743e-11,,False,0.2704659021321342,0.03560751152792361,20,0,21,0.9523809523809523,4.5334404190992626e-08,summer,3,0,0.9429556071726466,True
pwl,1,P3_dev_run0,shoulder,21,4.209569607461831e-11,0.0,4.209569607461831e-11,,False,0.2704659021321342,0.03560751152792361,20,0,21,0.9523809523809523,4.5334404190992626e-08,summer,3,0,0.9429556071726466,True
pwl,1,P3_dev_run0,shoulder,22,4.061560176100249e-11,0.0,4.061560176100249e-11,,False,0.2704659021321342,0.03560751152792361,20,0,21,0.9523809523809523,4.5334404190992626e-08,summer,3,0,0.9429556071726466,True
pwl,1,P3_dev_run0,shoulder,23,5.223048307053952e-11,0.0,5.223048307053952e-11,,False,0.2704659021321342,0.03560751152792361,20,0,21,0.9523809523809523,4.5334404190992626e-08,summer,3,0,0.9429556071726466,True
pwl,2,P1_old_full_opt,summer,0,0.045552151937995486,0.0,0.045552151937995486,,False,0.04555215193804365,0.005997054573123977,32,11,32,1.0,1.4874938022249808e-08,shoulder,7,0,0.309398710862796,True
pwl,2,P1_old_full_opt,summer,1,0.00886753099536528,0.0,0.00886753099536528,,False,0.04555215193804365,0.005997054573123977,32,11,32,1.0,1.4874938022249808e-08,shoulder,7,0,0.309398710862796,True
pwl,2,P1_old_full_opt,summer,2,8.369844599116282e-11,0.0,8.369844599116282e-11,,False,0.04555215193804365,0.005997054573123977,32,11,32,1.0,1.4874938022249808e-08,shoulder,7,0,0.309398710862796,True
pwl,2,P1_old_full_opt,summer,3,0.024999999999301574,0.02,0.0049999999993015735,0.24999999996507868,False,0.04555215193804365,0.005997054573123977,32,11,32,1.0,1.4874938022249808e-08,shoulder,7,0,0.309398710862796,True
pwl,2,P1_old_full_opt,summer,4,0.04555215193796146,0.0,0.04555215193796146,,False,0.04555215193804365,0.005997054573123977,32,11,32,1.0,1.4874938022249808e-08,shoulder,7,0,0.309398710862796,True
pwl,2,P1_old_full_opt,summer,5,0.04555215193796091,0.0,0.04555215193796091,,False,0.04555215193804365,0.005997054573123977,32,11,32,1.0,1.4874938022249808e-08,shoulder,7,0,0.309398710862796,True
pwl,2,P1_old_full_opt,summer,6,1.1717277155712283e-05,0.0,1.1717277155712283e-05,,False,0.04555215193804365,0.005997054573123977,32,11,32,1.0,1.4874938022249808e-08,shoulder,7,0,0.309398710862796,True
pwl,2,P1_old_full_opt,summer,7,1.1706076947148666e-05,0.0,1.1706076947148666e-05,,False,0.04555215193804365,0.005997054573123977,32,11,32,1.0,1.4874938022249808e-08,shoulder,7,0,0.309398710862796,True
pwl,2,P1_old_full_opt,summer,8,1.1717264663610765e-05,0.0,1.1717264663610765e-05,,False,0.04555215193804365,0.005997054573123977,32,11,32,1.0,1.4874938022249808e-08,shoulder,7,0,0.309398710862796,True
pwl,2,P1_old_full_opt,summer,9,1.1526346894597672e-12,0.0,1.1526346894597672e-12,,False,0.04555215193804365,0.005997054573123977,32,11,32,1.0,1.4874938022249808e-08,shoulder,7,0,0.309398710862796,True
pwl,2,P1_old_full_opt,summer,10,1.0367147722041918e-12,0.0,1.0367147722041918e-12,,False,0.04555215193804365,0.005997054573123977,32,11,32,1.0,1.4874938022249808e-08,shoulder,7,0,0.309398710862796,True
pwl,2,P1_old_full_opt,summer,11,1.052582804449775e-12,0.0,1.052582804449775e-12,,False,0.04555215193804365,0.005997054573123977,32,11,32,1.0,1.4874938022249808e-08,shoulder,7,0,0.309398710862796,True
pwl,2,P1_old_full_opt,summer,12,1.0290660861604952e-12,0.0,1.0290660861604952e-12,,False,0.04555215193804365,0.005997054573123977,32,11,32,1.0,1.4874938022249808e-08,shoulder,7,0,0.309398710862796,True
pwl,2,P1_old_full_opt,summer,13,9.943111182703779e-13,0.0,9.943111182703779e-13,,False,0.04555215193804365,0.005997054573123977,32,11,32,1.0,1.4874938022249808e-08,shoulder,7,0,0.309398710862796,True
pwl,2,P1_old_full_opt,summer,14,1.3158002674339852e-12,0.0,1.3158002674339852e-12,,False,0.04555215193804365,0.005997054573123977,32,11,32,1.0,1.4874938022249808e-08,shoulder,7,0,0.309398710862796,True
pwl,2,P1_old_full_opt,summer,15,0.02500000000005667,0.0,0.02500000000005667,,False,0.04555215193804365,0.005997054573123977,32,11,32,1.0,1.4874938022249808e-08,shoulder,7,0,0.309398710862796,True
pwl,2,P1_old_full_opt,summer,16,0.04119849339684886,0.0,0.04119849339684886,,False,0.04555215193804365,0.005997054573123977,32,11,32,1.0,1.4874938022249808e-08,shoulder,7,0,0.309398710862796,True
pwl,2,P1_old_full_opt,summer,17,2.5925206826975787e-12,0.0,2.5925206826975787e-12,,False,0.04555215193804365,0.005997054573123977,32,11,32,1.0,1.4874938022249808e-08,shoulder,7,0,0.309398710862796,True
pwl,2,P1_old_full_opt,summer,18,1.2768590552967779e-12,0.0,1.2768590552967779e-12,,False,0.04555215193804365,0.005997054573123977,32,11,32,1.0,1.4874938022249808e-08,shoulder,7,0,0.309398710862796,True
pwl,2,P1_old_full_opt,summer,19,1.2037519188028674e-12,0.0,1.2037519188028674e-12,,False,0.04555215193804365,0.005997054573123977,32,11,32,1.0,1.4874938022249808e-08,shoulder,7,0,0.309398710862796,True
pwl,2,P1_old_full_opt,summer,20,1.1748153789271573e-12,0.0,1.1748153789271573e-12,,False,0.04555215193804365,0.005997054573123977,32,11,32,1.0,1.4874938022249808e-08,shoulder,7,0,0.309398710862796,True
pwl,2,P1_old_full_opt,summer,21,1.1018656536419982e-12,0.0,1.1018656536419982e-12,,False,0.04555215193804365,0.005997054573123977,32,11,32,1.0,1.4874938022249808e-08,shoulder,7,0,0.309398710862796,True
pwl,2,P1_old_full_opt,summer,22,1.0791118861534775e-12,0.0,1.0791118861534775e-12,,False,0.04555215193804365,0.005997054573123977,32,11,32,1.0,1.4874938022249808e-08,shoulder,7,0,0.309398710862796,True
pwl,2,P1_old_full_opt,summer,23,1.4605759580687514e-12,0.0,1.4605759580687514e-12,,False,0.04555215193804365,0.005997054573123977,32,11,32,1.0,1.4874938022249808e-08,shoulder,7,0,0.309398710862796,True
pwl,2,P1_old_full_opt,winter,0,0.04555215193801073,0.0,0.04555215193801073,,False,0.04555215193804365,0.005997054573123977,32,11,32,1.0,1.4874938022249808e-08,shoulder,7,0,0.309398710862796,True
pwl,2,P1_old_full_opt,winter,1,0.00886753141391804,0.0,0.00886753141391804,,False,0.04555215193804365,0.005997054573123977,32,11,32,1.0,1.4874938022249808e-08,shoulder,7,0,0.309398710862796,True
pwl,2,P1_old_full_opt,winter,2,1.0150236375529678e-12,0.0,1.0150236375529678e-12,,False,0.04555215193804365,0.005997054573123977,32,11,32,1.0,1.4874938022249808e-08,shoulder,7,0,0.309398710862796,True
pwl,2,P1_old_full_opt,winter,3,0.04555215193805123,0.0,0.04555215193805123,,False,0.04555215193804365,0.005997054573123977,32,11,32,1.0,1.4874938022249808e-08,shoulder,7,0,0.309398710862796,True
pwl,2,P1_old_full_opt,winter,4,0.04555215193802659,0.0,0.04555215193802659,,False,0.04555215193804365,0.005997054573123977,32,11,32,1.0,1.4874938022249808e-08,shoulder,7,0,0.309398710862796,True
pwl,2,P1_old_full_opt,winter,5,0.02499999999980907,0.02,0.00499999999980907,0.24999999999045353,False,0.04555215193804365,0.005997054573123977,32,11,32,1.0,1.4874938022249808e-08,shoulder,7,0,0.309398710862796,True
pwl,2,P1_old_full_opt,winter,6,1.171689478099336e-05,0.0,1.171689478099336e-05,,False,0.04555215193804365,0.005997054573123977,32,11,32,1.0,1.4874938022249808e-08,shoulder,7,0,0.309398710862796,True
pwl,2,P1_old_full_opt,winter,7,1.1716847228742482e-05,0.0,1.1716847228742482e-05,,False,0.04555215193804365,0.005997054573123977,32,11,32,1.0,1.4874938022249808e-08,shoulder,7,0,0.309398710862796,True
pwl,2,P1_old_full_opt,winter,8,1.171690583724586e-05,0.0,1.171690583724586e-05,,False,0.04555215193804365,0.005997054573123977,32,11,32,1.0,1.4874938022249808e-08,shoulder,7,0,0.309398710862796,True
pwl,2,P1_old_full_opt,winter,9,0.02499999999895564,0.0,0.02499999999895564,,False,0.04555215193804365,0.005997054573123977,32,11,32,1.0,1.4874938022249808e-08,shoulder,7,0,0.309398710862796,True
pwl,2,P1_old_full_opt,winter,10,0.045552151938049915,0.0,0.045552151938049915,,False,0.04555215193804365,0.005997054573123977,32,11,32,1.0,1.4874938022249808e-08,shoulder,7,0,0.309398710862796,True
pwl,2,P1_old_full_opt,winter,11,0.04360090919354291,0.0,0.04360090919354291,,False,0.04555215193804365,0.005997054573123977,32,11,32,1.0,1.4874938022249808e-08,shoulder,7,0,0.309398710862796,True
pwl,2,P1_old_full_opt,winter,12,1.3403939668575224e-12,0.0,1.3403939668575224e-12,,False,0.04555215193804365,0.005997054573123977,32,11,32,1.0,1.4874938022249808e-08,shoulder,7,0,0.309398710862796,True
pwl,2,P1_old_full_opt,winter,13,1.4749588617597672e-12,0.0,1.4749588617597672e-12,,False,0.04555215193804365,0.005997054573123977,32,11,32,1.0,1.4874938022249808e-08,shoulder,7,0,0.309398710862796,True
pwl,2,P1_old_full_opt,winter,14,9.997795579797837e-13,0.0,9.997795579797837e-13,,False,0.04555215193804365,0.005997054573123977,32,11,32,1.0,1.4874938022249808e-08,shoulder,7,0,0.309398710862796,True
pwl,2,P1_old_full_opt,winter,15,9.775285736756184e-13,0.0,9.775285736756184e-13,,False,0.04555215193804365,0.005997054573123977,32,11,32,1.0,1.4874938022249808e-08,shoulder,7,0,0.309398710862796,True
pwl,2,P1_old_full_opt,winter,16,1.0618584516330851e-12,0.0,1.0618584516330851e-12,,False,0.04555215193804365,0.005997054573123977,32,11,32,1.0,1.4874938022249808e-08,shoulder,7,0,0.309398710862796,True
pwl,2,P1_old_full_opt,winter,17,1.2557523212468042e-12,0.0,1.2557523212468042e-12,,False,0.04555215193804365,0.005997054573123977,32,11,32,1.0,1.4874938022249808e-08,shoulder,7,0,0.309398710862796,True
pwl,2,P1_old_full_opt,winter,18,1.0111906909305473e-12,0.0,1.0111906909305473e-12,,False,0.04555215193804365,0.005997054573123977,32,11,32,1.0,1.4874938022249808e-08,shoulder,7,0,0.309398710862796,True
pwl,2,P1_old_full_opt,winter,19,8.737684016735077e-13,0.0,8.737684016735077e-13,,False,0.04555215193804365,0.005997054573123977,32,11,32,1.0,1.4874938022249808e-08,shoulder,7,0,0.309398710862796,True
pwl,2,P1_old_full_opt,winter,20,0.0,0.0,0.0,,False,0.04555215193804365,0.005997054573123977,32,11,32,1.0,1.4874938022249808e-08,shoulder,7,0,0.309398710862796,True
pwl,2,P1_old_full_opt,winter,21,3.330459388982121e-08,0.0,3.330459388982121e-08,,False,0.04555215193804365,0.005997054573123977,32,11,32,1.0,1.4874938022249808e-08,shoulder,7,0,0.309398710862796,True
pwl,2,P1_old_full_opt,winter,22,0.025000000000031903,0.02,0.0050000000000319025,0.2500000000015951,False,0.04555215193804365,0.005997054573123977,32,11,32,1.0,1.4874938022249808e-08,shoulder,7,0,0.309398710862796,True
pwl,2,P1_old_full_opt,winter,23,0.04555215193806568,0.0,0.04555215193806568,,False,0.04555215193804365,0.005997054573123977,32,11,32,1.0,1.4874938022249808e-08,shoulder,7,0,0.309398710862796,True
pwl,2,P1_old_full_opt,shoulder,0,0.04555215193497925,0.0,0.04555215193497925,,False,0.04555215193804365,0.005997054573123977,32,11,32,1.0,1.4874938022249808e-08,shoulder,7,0,0.309398710862796,True
pwl,2,P1_old_full_opt,shoulder,1,0.008867530663345866,0.0,0.008867530663345866,,False,0.04555215193804365,0.005997054573123977,32,11,32,1.0,1.4874938022249808e-08,shoulder,7,0,0.309398710862796,True
pwl,2,P1_old_full_opt,shoulder,2,2.4487229584663407e-09,0.0,2.4487229584663407e-09,,False,0.04555215193804365,0.005997054573123977,32,11,32,1.0,1.4874938022249808e-08,shoulder,7,0,0.309398710862796,True
pwl,2,P1_old_full_opt,shoulder,3,0.0359590980036953,0.0,0.0359590980036953,,False,0.04555215193804365,0.005997054573123977,32,11,32,1.0,1.4874938022249808e-08,shoulder,7,0,0.309398710862796,True
pwl,2,P1_old_full_opt,shoulder,4,0.045552151933323515,0.0,0.045552151933323515,,False,0.04555215193804365,0.005997054573123977,32,11,32,1.0,1.4874938022249808e-08,shoulder,7,0,0.309398710862796,True
pwl,2,P1_old_full_opt,shoulder,5,0.025000000004813262,0.02,0.005000000004813262,0.2500000002406631,False,0.04555215193804365,0.005997054573123977,32,11,32,1.0,1.4874938022249808e-08,shoulder,7,0,0.309398710862796,True
pwl,2,P1_old_full_opt,shoulder,6,1.1697467695851128e-05,0.0,1.1697467695851128e-05,,False,0.04555215193804365,0.005997054573123977,32,11,32,1.0,1.4874938022249808e-08,shoulder,7,0,0.309398710862796,True
pwl,2,P1_old_full_opt,shoulder,7,1.162659477701492e-05,0.0,1.162659477701492e-05,,False,0.04555215193804365,0.005997054573123977,32,11,32,1.0,1.4874938022249808e-08,shoulder,7,0,0.309398710862796,True
pwl,2,P1_old_full_opt,shoulder,8,1.2103948728445765e-09,0.0,1.2103948728445765e-09,,False,0.04555215193804365,0.005997054573123977,32,11,32,1.0,1.4874938022249808e-08,shoulder,7,0,0.309398710862796,True
pwl,2,P1_old_full_opt,shoulder,9,7.912339648658955e-11,0.0,7.912339648658955e-11,,False,0.04555215193804365,0.005997054573123977,32,11,32,1.0,1.4874938022249808e-08,shoulder,7,0,0.309398710862796,True
pwl,2,P1_old_full_opt,shoulder,10,0.045552151938576216,0.0,0.045552151938576216,,False,0.04555215193804365,0.005997054573123977,32,11,32,1.0,1.4874938022249808e-08,shoulder,7,0,0.309398710862796,True
pwl,2,P1_old_full_opt,shoulder,11,0.008770375214208355,0.0,0.008770375214208355,,False,0.04555215193804365,0.005997054573123977,32,11,32,1.0,1.4874938022249808e-08,shoulder,7,0,0.309398710862796,True
pwl,2,P1_old_full_opt,shoulder,12,4.23438857832515e-11,0.0,4.23438857832515e-11,,False,0.04555215193804365,0.005997054573123977,32,11,32,1.0,1.4874938022249808e-08,shoulder,7,0,0.309398710862796,True
pwl,2,P1_old_full_opt,shoulder,13,4.5558618923792955e-11,0.0,4.5558618923792955e-11,,False,0.04555215193804365,0.005997054573123977,32,11,32,1.0,1.4874938022249808e-08,shoulder,7,0,0.309398710862796,True
pwl,2,P1_old_full_opt,shoulder,14,3.493139837012822e-11,0.0,3.493139837012822e-11,,False,0.04555215193804365,0.005997054573123977,32,11,32,1.0,1.4874938022249808e-08,shoulder,7,0,0.309398710862796,True
pwl,2,P1_old_full_opt,shoulder,15,4.4565586672328685e-11,0.0,4.4565586672328685e-11,,False,0.04555215193804365,0.005997054573123977,32,11,32,1.0,1.4874938022249808e-08,shoulder,7,0,0.309398710862796,True
pwl,2,P1_old_full_opt,shoulder,16,2.1058464301523836e-10,0.0,2.1058464301523836e-10,,False,0.04555215193804365,0.005997054573123977,32,11,32,1.0,1.4874938022249808e-08,shoulder,7,0,0.309398710862796,True
pwl,2,P1_old_full_opt,shoulder,17,5.148634512548627e-10,0.0,5.148634512548627e-10,,False,0.04555215193804365,0.005997054573123977,32,11,32,1.0,1.4874938022249808e-08,shoulder,7,0,0.309398710862796,True
pwl,2,P1_old_full_opt,shoulder,18,2.472855303058394e-10,0.0,2.472855303058394e-10,,False,0.04555215193804365,0.005997054573123977,32,11,32,1.0,1.4874938022249808e-08,shoulder,7,0,0.309398710862796,True
pwl,2,P1_old_full_opt,shoulder,19,4.5356424112838665e-10,0.0,4.5356424112838665e-10,,False,0.04555215193804365,0.005997054573123977,32,11,32,1.0,1.4874938022249808e-08,shoulder,7,0,0.309398710862796,True
pwl,2,P1_old_full_opt,shoulder,20,1.7854536181331668e-10,0.0,1.7854536181331668e-10,,False,0.04555215193804365,0.005997054573123977,32,11,32,1.0,1.4874938022249808e-08,shoulder,7,0,0.309398710862796,True
pwl,2,P1_old_full_opt,shoulder,21,3.9686064833256173e-11,0.0,3.9686064833256173e-11,,False,0.04555215193804365,0.005997054573123977,32,11,32,1.0,1.4874938022249808e-08,shoulder,7,0,0.309398710862796,True
pwl,2,P1_old_full_opt,shoulder,22,3.924460983380404e-11,0.0,3.924460983380404e-11,,False,0.04555215193804365,0.005997054573123977,32,11,32,1.0,1.4874938022249808e-08,shoulder,7,0,0.309398710862796,True
pwl,2,P1_old_full_opt,shoulder,23,7.21954632913806e-11,0.0,7.21954632913806e-11,,False,0.04555215193804365,0.005997054573123977,32,11,32,1.0,1.4874938022249808e-08,shoulder,7,0,0.309398710862796,True
pwl,2,P2_dev_run1,summer,0,0.04621259993971848,0.1,0.05378740006028153,0.5378740006028152,True,0.07842217066606379,0.0103244746344123,27,3,27,1.0,1.0731361866965347e-07,winter,22,0,2.232123268328792,True
pwl,2,P2_dev_run1,summer,1,8.698287106492049e-12,0.0,8.698287106492049e-12,,True,0.07842217066606379,0.0103244746344123,27,3,27,1.0,1.0731361866965347e-07,winter,22,0,2.232123268328792,True
pwl,2,P2_dev_run1,summer,2,3.4023172575664324e-07,0.0,3.4023172575664324e-07,,True,0.07842217066606379,0.0103244746344123,27,3,27,1.0,1.0731361866965347e-07,winter,22,0,2.232123268328792,True
pwl,2,P2_dev_run1,summer,3,3.3962328265439925e-07,0.0,3.3962328265439925e-07,,True,0.07842217066606379,0.0103244746344123,27,3,27,1.0,1.0731361866965347e-07,winter,22,0,2.232123268328792,True
pwl,2,P2_dev_run1,summer,4,0.025000000020739342,0.05,0.02499999997926066,0.4999999995852132,True,0.07842217066606379,0.0103244746344123,27,3,27,1.0,1.0731361866965347e-07,winter,22,0,2.232123268328792,True
pwl,2,P2_dev_run1,summer,5,0.07769557406534931,0.0,0.07769557406534931,,True,0.07842217066606379,0.0103244746344123,27,3,27,1.0,1.0731361866965347e-07,winter,22,0,2.232123268328792,True
pwl,2,P2_dev_run1,summer,6,1.1297475226322157e-05,0.0,1.1297475226322157e-05,,True,0.07842217066606379,0.0103244746344123,27,3,27,1.0,1.0731361866965347e-07,winter,22,0,2.232123268328792,True
pwl,2,P2_dev_run1,summer,7,1.1297486621467384e-05,0.0,1.1297486621467384e-05,,True,0.07842217066606379,0.0103244746344123,27,3,27,1.0,1.0731361866965347e-07,winter,22,0,2.232123268328792,True
pwl,2,P2_dev_run1,summer,8,1.1297577462910841e-05,0.0,1.1297577462910841e-05,,True,0.07842217066606379,0.0103244746344123,27,3,27,1.0,1.0731361866965347e-07,winter,22,0,2.232123268328792,True
pwl,2,P2_dev_run1,summer,9,1.640773879808431e-11,0.0,1.640773879808431e-11,,True,0.07842217066606379,0.0103244746344123,27,3,27,1.0,1.0731361866965347e-07,winter,22,0,2.232123268328792,True
pwl,2,P2_dev_run1,summer,10,1.1636561605670737e-11,0.0,1.1636561605670737e-11,,True,0.07842217066606379,0.0103244746344123,27,3,27,1.0,1.0731361866965347e-07,winter,22,0,2.232123268328792,True
pwl,2,P2_dev_run1,summer,11,1.2613357909768776e-11,0.0,1.2613357909768776e-11,,True,0.07842217066606379,0.0103244746344123,27,3,27,1.0,1.0731361866965347e-07,winter,22,0,2.232123268328792,True
pwl,2,P2_dev_run1,summer,12,1.2234508760144874e-11,0.0,1.2234508760144874e-11,,True,0.07842217066606379,0.0103244746344123,27,3,27,1.0,1.0731361866965347e-07,winter,22,0,2.232123268328792,True
pwl,2,P2_dev_run1,summer,13,1.1593068751373044e-11,0.0,1.1593068751373044e-11,,True,0.07842217066606379,0.0103244746344123,27,3,27,1.0,1.0731361866965347e-07,winter,22,0,2.232123268328792,True
pwl,2,P2_dev_run1,summer,14,1.965999712830733e-11,0.0,1.965999712830733e-11,,True,0.07842217066606379,0.0103244746344123,27,3,27,1.0,1.0731361866965347e-07,winter,22,0,2.232123268328792,True
pwl,2,P2_dev_run1,summer,15,0.02500000000032636,0.0,0.02500000000032636,,True,0.07842217066606379,0.0103244746344123,27,3,27,1.0,1.0731361866965347e-07,winter,22,0,2.232123268328792,True
pwl,2,P2_dev_run1,summer,16,0.03948380121323807,0.1,0.060516198786761934,0.6051619878676193,True,0.07842217066606379,0.0103244746344123,27,3,27,1.0,1.0731361866965347e-07,winter,22,0,2.232123268328792,True
pwl,2,P2_dev_run1,summer,17,6.96983634412957e-11,0.0,6.96983634412957e-11,,True,0.07842217066606379,0.0103244746344123,27,3,27,1.0,1.0731361866965347e-07,winter,22,0,2.232123268328792,True
pwl,2,P2_dev_run1,summer,18,1.7132587088793222e-11,0.0,1.7132587088793222e-11,,True,0.07842217066606379,0.0103244746344123,27,3,27,1.0,1.0731361866965347e-07,winter,22,0,2.232123268328792,True
pwl,2,P2_dev_run1,summer,19,1.3949848726249783e-11,0.0,1.3949848726249783e-11,,True,0.07842217066606379,0.0103244746344123,27,3,27,1.0,1.0731361866965347e-07,winter,22,0,2.232123268328792,True
pwl,2,P2_dev_run1,summer,20,1.361696413782503e-11,0.0,1.361696413782503e-11,,True,0.07842217066606379,0.0103244746344123,27,3,27,1.0,1.0731361866965347e-07,winter,22,0,2.232123268328792,True
pwl,2,P2_dev_run1,summer,21,1.2235139783455811e-11,0.0,1.2235139783455811e-11,,True,0.07842217066606379,0.0103244746344123,27,3,27,1.0,1.0731361866965347e-07,winter,22,0,2.232123268328792,True
pwl,2,P2_dev_run1,summer,22,1.5588770286287244e-11,0.0,1.5588770286287244e-11,,True,0.07842217066606379,0.0103244746344123,27,3,27,1.0,1.0731361866965347e-07,winter,22,0,2.232123268328792,True
pwl,2,P2_dev_run1,summer,23,3.052741920347216e-09,0.0,3.052741920347216e-09,,True,0.07842217066606379,0.0103244746344123,27,3,27,1.0,1.0731361866965347e-07,winter,22,0,2.232123268328792,True
pwl,2,P2_dev_run1,winter,0,0.0462125782336121,0.1,0.053787421766387906,0.537874217663879,True,0.07842217066606379,0.0103244746344123,27,3,27,1.0,1.0731361866965347e-07,winter,22,0,2.232123268328792,True
pwl,2,P2_dev_run1,winter,1,3.530296799702195e-10,0.0,3.530296799702195e-10,,True,0.07842217066606379,0.0103244746344123,27,3,27,1.0,1.0731361866965347e-07,winter,22,0,2.232123268328792,True
pwl,2,P2_dev_run1,winter,2,1.7744437739375076e-07,0.0,1.7744437739375076e-07,,True,0.07842217066606379,0.0103244746344123,27,3,27,1.0,1.0731361866965347e-07,winter,22,0,2.232123268328792,True
pwl,2,P2_dev_run1,winter,3,0.024999999969876535,0.05,0.025000000030123468,0.5000000006024693,True,0.07842217066606379,0.0103244746344123,27,3,27,1.0,1.0731361866965347e-07,winter,22,0,2.232123268328792,True
pwl,2,P2_dev_run1,winter,4,0.07842217065819998,0.0,0.07842217065819998,,True,0.07842217066606379,0.0103244746344123,27,3,27,1.0,1.0731361866965347e-07,winter,22,0,2.232123268328792,True
pwl,2,P2_dev_run1,winter,5,1.1298259797771228e-05,0.0,1.1298259797771228e-05,,True,0.07842217066606379,0.0103244746344123,27,3,27,1.0,1.0731361866965347e-07,winter,22,0,2.232123268328792,True
pwl,2,P2_dev_run1,winter,6,1.1272628821999735e-05,0.0,1.1272628821999735e-05,,True,0.07842217066606379,0.0103244746344123,27,3,27,1.0,1.0731361866965347e-07,winter,22,0,2.232123268328792,True
pwl,2,P2_dev_run1,winter,7,1.130368077565559e-05,0.0,1.130368077565559e-05,,True,0.07842217066606379,0.0103244746344123,27,3,27,1.0,1.0731361866965347e-07,winter,22,0,2.232123268328792,True
pwl,2,P2_dev_run1,winter,8,1.1343868821064996e-05,0.0,1.1343868821064996e-05,,True,0.07842217066606379,0.0103244746344123,27,3,27,1.0,1.0731361866965347e-07,winter,22,0,2.232123268328792,True
pwl,2,P2_dev_run1,winter,9,0.024999999801538598,0.0,0.024999999801538598,,True,0.07842217066606379,0.0103244746344123,27,3,27,1.0,1.0731361866965347e-07,winter,22,0,2.232123268328792,True
pwl,2,P2_dev_run1,winter,10,0.07842217066538705,0.0,0.07842217066538705,,True,0.07842217066606379,0.0103244746344123,27,3,27,1.0,1.0731361866965347e-07,winter,22,0,2.232123268328792,True
pwl,2,P2_dev_run1,winter,11,0.025000000013911478,0.05,0.024999999986088525,0.4999999997217705,True,0.07842217066606379,0.0103244746344123,27,3,27,1.0,1.0731361866965347e-07,winter,22,0,2.232123268328792,True
pwl,2,P2_dev_run1,winter,12,1.847829111315451e-10,0.0,1.847829111315451e-10,,True,0.07842217066606379,0.0103244746344123,27,3,27,1.0,1.0731361866965347e-07,winter,22,0,2.232123268328792,True
pwl,2,P2_dev_run1,winter,13,1.6285869812470705e-10,0.0,1.6285869812470705e-10,,True,0.07842217066606379,0.0103244746344123,27,3,27,1.0,1.0731361866965347e-07,winter,22,0,2.232123268328792,True
pwl,2,P2_dev_run1,winter,14,1.6240131040098565e-10,0.0,1.6240131040098565e-10,,True,0.07842217066606379,0.0103244746344123,27,3,27,1.0,1.0731361866965347e-07,winter,22,0,2.232123268328792,True
pwl,2,P2_dev_run1,winter,15,1.6768500320438773e-10,0.0,1.6768500320438773e-10,,True,0.07842217066606379,0.0103244746344123,27,3,27,1.0,1.0731361866965347e-07,winter,22,0,2.232123268328792,True
pwl,2,P2_dev_run1,winter,16,1.7938801139027452e-10,0.0,1.7938801139027452e-10,,True,0.07842217066606379,0.0103244746344123,27,3,27,1.0,1.0731361866965347e-07,winter,22,0,2.232123268328792,True
pwl,2,P2_dev_run1,winter,17,2.2741100287668984e-10,0.0,2.2741100287668984e-10,,True,0.07842217066606379,0.0103244746344123,27,3,27,1.0,1.0731361866965347e-07,winter,22,0,2.232123268328792,True
pwl,2,P2_dev_run1,winter,18,1.912074236490236e-10,0.0,1.912074236490236e-10,,True,0.07842217066606379,0.0103244746344123,27,3,27,1.0,1.0731361866965347e-07,winter,22,0,2.232123268328792,True
pwl,2,P2_dev_run1,winter,19,1.8851768392994209e-10,0.0,1.8851768392994209e-10,,True,0.07842217066606379,0.0103244746344123,27,3,27,1.0,1.0731361866965347e-07,winter,22,0,2.232123268328792,True
pwl,2,P2_dev_run1,winter,20,8.4417229306068e-10,0.0,8.4417229306068e-10,,True,0.07842217066606379,0.0103244746344123,27,3,27,1.0,1.0731361866965347e-07,winter,22,0,2.232123268328792,True
pwl,2,P2_dev_run1,winter,21,3.55846556991488e-07,0.0,3.55846556991488e-07,,True,0.07842217066606379,0.0103244746344123,27,3,27,1.0,1.0731361866965347e-07,winter,22,0,2.232123268328792,True
pwl,2,P2_dev_run1,winter,22,1.0693291938378998e-06,0.0,1.0693291938378998e-06,,True,0.07842217066606379,0.0103244746344123,27,3,27,1.0,1.0731361866965347e-07,winter,22,0,2.232123268328792,True
pwl,2,P2_dev_run1,winter,23,0.05134740810217406,0.1,0.04865259189782595,0.4865259189782595,True,0.07842217066606379,0.0103244746344123,27,3,27,1.0,1.0731361866965347e-07,winter,22,0,2.232123268328792,True
pwl,2,P2_dev_run1,shoulder,0,0.04621259947517714,0.1,0.053787400524822865,0.5378740052482286,False,0.07842217066606379,0.0103244746344123,27,3,27,1.0,1.0731361866965347e-07,winter,22,0,2.232123268328792,True
pwl,2,P2_dev_run1,shoulder,1,2.0189209971873083e-11,0.0,2.0189209971873083e-11,,False,0.07842217066606379,0.0103244746344123,27,3,27,1.0,1.0731361866965347e-07,winter,22,0,2.232123268328792,True
pwl,2,P2_dev_run1,shoulder,2,4.7458246208211385e-07,0.0,4.7458246208211385e-07,,False,0.07842217066606379,0.0103244746344123,27,3,27,1.0,1.0731361866965347e-07,winter,22,0,2.232123268328792,True
pwl,2,P2_dev_run1,shoulder,3,0.024999999961437307,0.05,0.025000000038562696,0.5000000007712538,False,0.07842217066606379,0.0103244746344123,27,3,27,1.0,1.0731361866965347e-07,winter,22,0,2.232123268328792,True
pwl,2,P2_dev_run1,shoulder,4,0.0784221706652485,0.0,0.0784221706652485,,False,0.07842217066606379,0.0103244746344123,27,3,27,1.0,1.0731361866965347e-07,winter,22,0,2.232123268328792,True
pwl,2,P2_dev_run1,shoulder,5,1.12973339843276e-05,0.0,1.12973339843276e-05,,False,0.07842217066606379,0.0103244746344123,27,3,27,1.0,1.0731361866965347e-07,winter,22,0,2.232123268328792,True
pwl,2,P2_dev_run1,shoulder,6,1.1297374575632171e-05,0.0,1.1297374575632171e-05,,False,0.07842217066606379,0.0103244746344123,27,3,27,1.0,1.0731361866965347e-07,winter,22,0,2.232123268328792,True
pwl,2,P2_dev_run1,shoulder,7,1.1297375516177366e-05,0.0,1.1297375516177366e-05,,False,0.07842217066606379,0.0103244746344123,27,3,27,1.0,1.0731361866965347e-07,winter,22,0,2.232123268328792,True
pwl,2,P2_dev_run1,shoulder,8,5.531688763298597e-09,0.0,5.531688763298597e-09,,False,0.07842217066606379,0.0103244746344123,27,3,27,1.0,1.0731361866965347e-07,winter,22,0,2.232123268328792,True
pwl,2,P2_dev_run1,shoulder,9,3.613408826632693e-10,0.0,3.613408826632693e-10,,False,0.07842217066606379,0.0103244746344123,27,3,27,1.0,1.0731361866965347e-07,winter,22,0,2.232123268328792,True
pwl,2,P2_dev_run1,shoulder,10,0.04618736090173711,0.1,0.05381263909826289,0.5381263909826289,False,0.07842217066606379,0.0103244746344123,27,3,27,1.0,1.0731361866965347e-07,winter,22,0,2.232123268328792,True
pwl,2,P2_dev_run1,shoulder,11,1.5228528545749014e-08,0.0,1.5228528545749014e-08,,False,0.07842217066606379,0.0103244746344123,27,3,27,1.0,1.0731361866965347e-07,winter,22,0,2.232123268328792,True
pwl,2,P2_dev_run1,shoulder,12,2.7889356157574887e-10,0.0,2.7889356157574887e-10,,False,0.07842217066606379,0.0103244746344123,27,3,27,1.0,1.0731361866965347e-07,winter,22,0,2.232123268328792,True
pwl,2,P2_dev_run1,shoulder,13,1.1688829161739003e-10,0.0,1.1688829161739003e-10,,False,0.07842217066606379,0.0103244746344123,27,3,27,1.0,1.0731361866965347e-07,winter,22,0,2.232123268328792,True
pwl,2,P2_dev_run1,shoulder,14,5.055516858937391e-12,0.0,5.055516858937391e-12,,False,0.07842217066606379,0.0103244746344123,27,3,27,1.0,1.0731361866965347e-07,winter,22,0,2.232123268328792,True
pwl,2,P2_dev_run1,shoulder,15,3.701902950793848e-10,0.0,3.701902950793848e-10,,False,0.07842217066606379,0.0103244746344123,27,3,27,1.0,1.0731361866965347e-07,winter,22,0,2.232123268328792,True
pwl,2,P2_dev_run1,shoulder,16,3.8695477567557047e-10,0.0,3.8695477567557047e-10,,False,0.07842217066606379,0.0103244746344123,27,3,27,1.0,1.0731361866965347e-07,winter,22,0,2.232123268328792,True
pwl,2,P2_dev_run1,shoulder,17,5.374748384199429e-10,0.0,5.374748384199429e-10,,False,0.07842217066606379,0.0103244746344123,27,3,27,1.0,1.0731361866965347e-07,winter,22,0,2.232123268328792,True
pwl,2,P2_dev_run1,shoulder,18,1.133142231189195e-09,0.0,1.133142231189195e-09,,False,0.07842217066606379,0.0103244746344123,27,3,27,1.0,1.0731361866965347e-07,winter,22,0,2.232123268328792,True
pwl,2,P2_dev_run1,shoulder,19,1.3818464267782839e-09,0.0,1.3818464267782839e-09,,False,0.07842217066606379,0.0103244746344123,27,3,27,1.0,1.0731361866965347e-07,winter,22,0,2.232123268328792,True
pwl,2,P2_dev_run1,shoulder,20,2.865050473823047e-10,0.0,2.865050473823047e-10,,False,0.07842217066606379,0.0103244746344123,27,3,27,1.0,1.0731361866965347e-07,winter,22,0,2.232123268328792,True
pwl,2,P2_dev_run1,shoulder,21,4.544767427251768e-12,0.0,4.544767427251768e-12,,False,0.07842217066606379,0.0103244746344123,27,3,27,1.0,1.0731361866965347e-07,winter,22,0,2.232123268328792,True
pwl,2,P2_dev_run1,shoulder,22,7.985259150437024e-12,0.0,7.985259150437024e-12,,False,0.07842217066606379,0.0103244746344123,27,3,27,1.0,1.0731361866965347e-07,winter,22,0,2.232123268328792,True
pwl,2,P2_dev_run1,shoulder,23,4.631934244661577e-10,0.0,4.631934244661577e-10,,False,0.07842217066606379,0.0103244746344123,27,3,27,1.0,1.0731361866965347e-07,winter,22,0,2.232123268328792,True
pwl,2,P3_dev_run0,summer,0,0.17289467085963708,0.15,0.02289467085963709,0.15263113906424727,False,0.2704659021321342,0.03560751152792361,23,0,24,0.9583333333333334,4.4431829506320144e-08,summer,3,0,0.924182053731459,True
pwl,2,P3_dev_run0,summer,1,6.342225207483002e-11,0.0,6.342225207483002e-11,,False,0.2704659021321342,0.03560751152792361,23,0,24,0.9583333333333334,4.4431829506320144e-08,summer,3,0,0.924182053731459,True
pwl,2,P3_dev_run0,summer,2,3.127056806022679e-07,0.0,3.127056806022679e-07,,False,0.2704659021321342,0.03560751152792361,23,0,24,0.9583333333333334,4.4431829506320144e-08,summer,3,0,0.924182053731459,True
pwl,2,P3_dev_run0,summer,3,4.799870648411322e-07,0.0,4.799870648411322e-07,,False,0.2704659021321342,0.03560751152792361,23,0,24,0.9583333333333334,4.4431829506320144e-08,summer,3,0,0.924182053731459,True
pwl,2,P3_dev_run0,summer,4,0.025000000103791567,0.0,0.025000000103791567,,False,0.2704659021321342,0.03560751152792361,23,0,24,0.9583333333333334,4.4431829506320144e-08,summer,3,0,0.924182053731459,True
pwl,2,P3_dev_run0,summer,5,0.07794976941957477,0.2,0.12205023058042525,0.6102511529021262,False,0.2704659021321342,0.03560751152792361,23,0,24,0.9583333333333334,4.4431829506320144e-08,summer,3,0,0.924182053731459,True
pwl,2,P3_dev_run0,summer,6,1.1323029315814307e-05,0.0,1.1323029315814307e-05,,False,0.2704659021321342,0.03560751152792361,23,0,24,0.9583333333333334,4.4431829506320144e-08,summer,3,0,0.924182053731459,True
pwl,2,P3_dev_run0,summer,7,1.1325441232947527e-05,0.0,1.1325441232947527e-05,,False,0.2704659021321342,0.03560751152792361,23,0,24,0.9583333333333334,4.4431829506320144e-08,summer,3,0,0.924182053731459,True
pwl,2,P3_dev_run0,summer,8,1.1325392149482895e-05,0.0,1.1325392149482895e-05,,False,0.2704659021321342,0.03560751152792361,23,0,24,0.9583333333333334,4.4431829506320144e-08,summer,3,0,0.924182053731459,True
pwl,2,P3_dev_run0,summer,9,6.030540211757445e-08,0.0,6.030540211757445e-08,,False,0.2704659021321342,0.03560751152792361,23,0,24,0.9583333333333334,4.4431829506320144e-08,summer,3,0,0.924182053731459,True
pwl,2,P3_dev_run0,summer,10,1.405446545434764e-10,0.0,1.405446545434764e-10,,False,0.2704659021321342,0.03560751152792361,23,0,24,0.9583333333333334,4.4431829506320144e-08,summer,3,0,0.924182053731459,True
pwl,2,P3_dev_run0,summer,11,1.6691053406738547e-10,0.0,1.6691053406738547e-10,,False,0.2704659021321342,0.03560751152792361,23,0,24,0.9583333333333334,4.4431829506320144e-08,summer,3,0,0.924182053731459,True
pwl,2,P3_dev_run0,summer,12,1.5099734989333186e-10,0.0,1.5099734989333186e-10,,False,0.2704659021321342,0.03560751152792361,23,0,24,0.9583333333333334,4.4431829506320144e-08,summer,3,0,0.924182053731459,True
pwl,2,P3_dev_run0,summer,13,1.1834054889348832e-10,0.0,1.1834054889348832e-10,,False,0.2704659021321342,0.03560751152792361,23,0,24,0.9583333333333334,4.4431829506320144e-08,summer,3,0,0.924182053731459,True
pwl,2,P3_dev_run0,summer,14,2.2554003201458704e-10,0.0,2.2554003201458704e-10,,False,0.2704659021321342,0.03560751152792361,23,0,24,0.9583333333333334,4.4431829506320144e-08,summer,3,0,0.924182053731459,True
pwl,2,P3_dev_run0,summer,15,0.02500000000475298,0.0,0.02500000000475298,,False,0.2704659021321342,0.03560751152792361,23,0,24,0.9583333333333334,4.4431829506320144e-08,summer,3,0,0.924182053731459,True
pwl,2,P3_dev_run0,summer,16,0.17028740369086914,0.2,0.029712596309130868,0.14856298154565434,False,0.2704659021321342,0.03560751152792361,23,0,24,0.9583333333333334,4.4431829506320144e-08,summer,3,0,0.924182053731459,True
pwl,2,P3_dev_run0,summer,17,3.1677938634995826e-08,0.0,3.1677938634995826e-08,,False,0.2704659021321342,0.03560751152792361,23,0,24,0.9583333333333334,4.4431829506320144e-08,summer,3,0,0.924182053731459,True
pwl,2,P3_dev_run0,summer,18,2.767412878913463e-09,0.0,2.767412878913463e-09,,False,0.2704659021321342,0.03560751152792361,23,0,24,0.9583333333333334,4.4431829506320144e-08,summer,3,0,0.924182053731459,True
pwl,2,P3_dev_run0,summer,19,1.5985890658295158e-09,0.0,1.5985890658295158e-09,,False,0.2704659021321342,0.03560751152792361,23,0,24,0.9583333333333334,4.4431829506320144e-08,summer,3,0,0.924182053731459,True
pwl,2,P3_dev_run0,summer,20,8.707333482862962e-10,0.0,8.707333482862962e-10,,False,0.2704659021321342,0.03560751152792361,23,0,24,0.9583333333333334,4.4431829506320144e-08,summer,3,0,0.924182053731459,True
pwl,2,P3_dev_run0,summer,21,2.4552683194837836e-10,0.0,2.4552683194837836e-10,,False,0.2704659021321342,0.03560751152792361,23,0,24,0.9583333333333334,4.4431829506320144e-08,summer,3,0,0.924182053731459,True
pwl,2,P3_dev_run0,summer,22,1.2907179478057072e-09,0.0,1.2907179478057072e-09,,False,0.2704659021321342,0.03560751152792361,23,0,24,0.9583333333333334,4.4431829506320144e-08,summer,3,0,0.924182053731459,True
pwl,2,P3_dev_run0,summer,23,0.02500000001425291,0.0,0.02500000001425291,,False,0.2704659021321342,0.03560751152792361,23,0,24,0.9583333333333334,4.4431829506320144e-08,summer,3,0,0.924182053731459,True
pwl,2,P3_dev_run0,winter,0,0.17289467870080247,0.15,0.022894678700802473,0.15263119133868316,False,0.2704659021321342,0.03560751152792361,23,0,24,0.9583333333333334,4.4431829506320144e-08,summer,3,0,0.924182053731459,True
pwl,2,P3_dev_run0,winter,1,0.0,0.0,0.0,,False,0.2704659021321342,0.03560751152792361,23,0,24,0.9583333333333334,4.4431829506320144e-08,summer,3,0,0.924182053731459,True
pwl,2,P3_dev_run0,winter,2,6.065560824051534e-07,0.0,6.065560824051534e-07,,False,0.2704659021321342,0.03560751152792361,23,0,24,0.9583333333333334,4.4431829506320144e-08,summer,3,0,0.924182053731459,True
pwl,2,P3_dev_run0,winter,3,6.065498323911813e-07,0.0,6.065498323911813e-07,,False,0.2704659021321342,0.03560751152792361,23,0,24,0.9583333333333334,4.4431829506320144e-08,summer,3,0,0.924182053731459,True
pwl,2,P3_dev_run0,winter,4,0.10294902827967417,0.2,0.09705097172032584,0.4852548586016292,False,0.2704659021321342,0.03560751152792361,23,0,24,0.9583333333333334,4.4431829506320144e-08,summer,3,0,0.924182053731459,True
pwl,2,P3_dev_run0,winter,5,1.1325359993769884e-05,0.0,1.1325359993769884e-05,,False,0.2704659021321342,0.03560751152792361,23,0,24,0.9583333333333334,4.4431829506320144e-08,summer,3,0,0.924182053731459,True
pwl,2,P3_dev_run0,winter,6,1.1325361978981553e-05,0.0,1.1325361978981553e-05,,False,0.2704659021321342,0.03560751152792361,23,0,24,0.9583333333333334,4.4431829506320144e-08,summer,3,0,0.924182053731459,True
pwl,2,P3_dev_run0,winter,7,1.1325363878437233e-05,0.0,1.1325363878437233e-05,,False,0.2704659021321342,0.03560751152792361,23,0,24,0.9583333333333334,4.4431829506320144e-08,summer,3,0,0.924182053731459,True
pwl,2,P3_dev_run0,winter,8,1.1325385851252405e-05,0.0,1.1325385851252405e-05,,False,0.2704659021321342,0.03560751152792361,23,0,24,0.9583333333333334,4.4431829506320144e-08,summer,3,0,0.924182053731459,True
pwl,2,P3_dev_run0,winter,9,3.5149872264900193e-10,0.0,3.5149872264900193e-10,,False,0.2704659021321342,0.03560751152792361,23,0,24,0.9583333333333334,4.4431829506320144e-08,summer,3,0,0.924182053731459,True
pwl,2,P3_dev_run0,winter,10,0.34577972807085705,0.3,0.04577972807085706,0.15259909356952356,False,0.2704659021321342,0.03560751152792361,23,0,24,0.9583333333333334,4.4431829506320144e-08,summer,3,0,0.924182053731459,True
pwl,2,P3_dev_run0,winter,11,2.6559220307693985e-09,0.0,2.6559220307693985e-09,,False,0.2704659021321342,0.03560751152792361,23,0,24,0.9583333333333334,4.4431829506320144e-08,summer,3,0,0.924182053731459,True
pwl,2,P3_dev_run0,winter,12,0.0,0.0,0.0,,False,0.2704659021321342,0.03560751152792361,23,0,24,0.9583333333333334,4.4431829506320144e-08,summer,3,0,0.924182053731459,True
pwl,2,P3_dev_run0,winter,13,4.7490203110480686e-06,0.0,4.7490203110480686e-06,,False,0.2704659021321342,0.03560751152792361,23,0,24,0.9583333333333334,4.4431829506320144e-08,summer,3,0,0.924182053731459,True
pwl,2,P3_dev_run0,winter,14,4.681391390629317e-09,0.0,4.681391390629317e-09,,False,0.2704659021321342,0.03560751152792361,23,0,24,0.9583333333333334,4.4431829506320144e-08,summer,3,0,0.924182053731459,True
pwl,2,P3_dev_run0,winter,15,0.0,0.0,0.0,,False,0.2704659021321342,0.03560751152792361,23,0,24,0.9583333333333334,4.4431829506320144e-08,summer,3,0,0.924182053731459,True
pwl,2,P3_dev_run0,winter,16,2.8946228858769244e-09,0.0,2.8946228858769244e-09,,False,0.2704659021321342,0.03560751152792361,23,0,24,0.9583333333333334,4.4431829506320144e-08,summer,3,0,0.924182053731459,True
pwl,2,P3_dev_run0,winter,17,6.796314413416444e-09,0.0,6.796314413416444e-09,,False,0.2704659021321342,0.03560751152792361,23,0,24,0.9583333333333334,4.4431829506320144e-08,summer,3,0,0.924182053731459,True
pwl,2,P3_dev_run0,winter,18,1.1790413725091016e-09,0.0,1.1790413725091016e-09,,False,0.2704659021321342,0.03560751152792361,23,0,24,0.9583333333333334,4.4431829506320144e-08,summer,3,0,0.924182053731459,True
pwl,2,P3_dev_run0,winter,19,8.496741030533457e-09,0.0,8.496741030533457e-09,,False,0.2704659021321342,0.03560751152792361,23,0,24,0.9583333333333334,4.4431829506320144e-08,summer,3,0,0.924182053731459,True
pwl,2,P3_dev_run0,winter,20,1.2684085514396118e-08,0.0,1.2684085514396118e-08,,False,0.2704659021321342,0.03560751152792361,23,0,24,0.9583333333333334,4.4431829506320144e-08,summer,3,0,0.924182053731459,True
pwl,2,P3_dev_run0,winter,21,6.505850144083437e-07,0.0,6.505850144083437e-07,,False,0.2704659021321342,0.03560751152792361,23,0,24,0.9583333333333334,4.4431829506320144e-08,summer,3,0,0.924182053731459,True
pwl,2,P3_dev_run0,winter,22,6.12384410233353e-07,0.0,6.12384410233353e-07,,False,0.2704659021321342,0.03560751152792361,23,0,24,0.9583333333333334,4.4431829506320144e-08,summer,3,0,0.924182053731459,True
pwl,2,P3_dev_run0,winter,23,0.1921055812660106,0.15,0.042105581266010605,0.2807038751067374,False,0.2704659021321342,0.03560751152792361,23,0,24,0.9583333333333334,4.4431829506320144e-08,summer,3,0,0.924182053731459,True
pwl,2,P3_dev_run0,shoulder,0,0.0463270462367069,0.1,0.053672953763293105,0.536729537632931,False,0.2704659021321342,0.03560751152792361,23,0,24,0.9583333333333334,4.4431829506320144e-08,summer,3,0,0.924182053731459,True
pwl,2,P3_dev_run0,shoulder,1,5.7600812998028755e-12,0.0,5.7600812998028755e-12,,False,0.2704659021321342,0.03560751152792361,23,0,24,0.9583333333333334,4.4431829506320144e-08,summer,3,0,0.924182053731459,True
pwl,2,P3_dev_run0,shoulder,2,3.026667264933467e-07,0.0,3.026667264933467e-07,,False,0.2704659021321342,0.03560751152792361,23,0,24,0.9583333333333334,4.4431829506320144e-08,summer,3,0,0.924182053731459,True
pwl,2,P3_dev_run0,shoulder,3,3.0811159781507497e-07,0.0,3.0811159781507497e-07,,False,0.2704659021321342,0.03560751152792361,23,0,24,0.9583333333333334,4.4431829506320144e-08,summer,3,0,0.924182053731459,True
pwl,2,P3_dev_run0,shoulder,4,0.10294891397281047,0.2,0.09705108602718954,0.4852554301359477,False,0.2704659021321342,0.03560751152792361,23,0,24,0.9583333333333334,4.4431829506320144e-08,summer,3,0,0.924182053731459,True
pwl,2,P3_dev_run0,shoulder,5,1.1324167832785112e-05,0.0,1.1324167832785112e-05,,False,0.2704659021321342,0.03560751152792361,23,0,24,0.9583333333333334,4.4431829506320144e-08,summer,3,0,0.924182053731459,True
pwl,2,P3_dev_run0,shoulder,6,1.1324190405689847e-05,0.0,1.1324190405689847e-05,,False,0.2704659021321342,0.03560751152792361,23,0,24,0.9583333333333334,4.4431829506320144e-08,summer,3,0,0.924182053731459,True
pwl,2,P3_dev_run0,shoulder,7,1.132533001296585e-05,0.0,1.132533001296585e-05,,False,0.2704659021321342,0.03560751152792361,23,0,24,0.9583333333333334,4.4431829506320144e-08,summer,3,0,0.924182053731459,True
pwl,2,P3_dev_run0,shoulder,8,6.689909151721786e-09,0.0,6.689909151721786e-09,,False,0.2704659021321342,0.03560751152792361,23,0,24,0.9583333333333334,4.4431829506320144e-08,summer,3,0,0.924182053731459,True
pwl,2,P3_dev_run0,shoulder,9,8.067375278060467e-12,0.0,8.067375278060467e-12,,False,0.2704659021321342,0.03560751152792361,23,0,24,0.9583333333333334,4.4431829506320144e-08,summer,3,0,0.924182053731459,True
pwl,2,P3_dev_run0,shoulder,10,0.17280024057155008,0.15,0.022800240571550084,0.1520016038103339,False,0.2704659021321342,0.03560751152792361,23,0,24,0.9583333333333334,4.4431829506320144e-08,summer,3,0,0.924182053731459,True
pwl,2,P3_dev_run0,shoulder,11,1.0649073178923686e-08,0.0,1.0649073178923686e-08,,False,0.2704659021321342,0.03560751152792361,23,0,24,0.9583333333333334,4.4431829506320144e-08,summer,3,0,0.924182053731459,True
pwl,2,P3_dev_run0,shoulder,12,6.2426741614488236e-12,0.0,6.2426741614488236e-12,,False,0.2704659021321342,0.03560751152792361,23,0,24,0.9583333333333334,4.4431829506320144e-08,summer,3,0,0.924182053731459,True
pwl,2,P3_dev_run0,shoulder,13,7.2524712451770936e-12,0.0,7.2524712451770936e-12,,False,0.2704659021321342,0.03560751152792361,23,0,24,0.9583333333333334,4.4431829506320144e-08,summer,3,0,0.924182053731459,True
pwl,2,P3_dev_run0,shoulder,14,6.257869834179878e-12,0.0,6.257869834179878e-12,,False,0.2704659021321342,0.03560751152792361,23,0,24,0.9583333333333334,4.4431829506320144e-08,summer,3,0,0.924182053731459,True
pwl,2,P3_dev_run0,shoulder,15,6.82839324880476e-12,0.0,6.82839324880476e-12,,False,0.2704659021321342,0.03560751152792361,23,0,24,0.9583333333333334,4.4431829506320144e-08,summer,3,0,0.924182053731459,True
pwl,2,P3_dev_run0,shoulder,16,1.1968274718483353e-11,0.0,1.1968274718483353e-11,,False,0.2704659021321342,0.03560751152792361,23,0,24,0.9583333333333334,4.4431829506320144e-08,summer,3,0,0.924182053731459,True
pwl,2,P3_dev_run0,shoulder,17,2.1287976920064135e-11,0.0,2.1287976920064135e-11,,False,0.2704659021321342,0.03560751152792361,23,0,24,0.9583333333333334,4.4431829506320144e-08,summer,3,0,0.924182053731459,True
pwl,2,P3_dev_run0,shoulder,18,1.4912792843741866e-11,0.0,1.4912792843741866e-11,,False,0.2704659021321342,0.03560751152792361,23,0,24,0.9583333333333334,4.4431829506320144e-08,summer,3,0,0.924182053731459,True
pwl,2,P3_dev_run0,shoulder,19,7.581581207133835e-11,0.0,7.581581207133835e-11,,False,0.2704659021321342,0.03560751152792361,23,0,24,0.9583333333333334,4.4431829506320144e-08,summer,3,0,0.924182053731459,True
pwl,2,P3_dev_run0,shoulder,20,1.1847130942282993e-11,0.0,1.1847130942282993e-11,,False,0.2704659021321342,0.03560751152792361,23,0,24,0.9583333333333334,4.4431829506320144e-08,summer,3,0,0.924182053731459,True
pwl,2,P3_dev_run0,shoulder,21,7.6895699515779e-12,0.0,7.6895699515779e-12,,False,0.2704659021321342,0.03560751152792361,23,0,24,0.9583333333333334,4.4431829506320144e-08,summer,3,0,0.924182053731459,True
pwl,2,P3_dev_run0,shoulder,22,7.238268199808427e-12,0.0,7.238268199808427e-12,,False,0.2704659021321342,0.03560751152792361,23,0,24,0.9583333333333334,4.4431829506320144e-08,summer,3,0,0.924182053731459,True
pwl,2,P3_dev_run0,shoulder,23,1.1542333083338006e-11,0.0,1.1542333083338006e-11,,False,0.2704659021321342,0.03560751152792361,23,0,24,0.9583333333333334,4.4431829506320144e-08,summer,3,0,0.924182053731459,True
pwl,4,P1_old_full_opt,summer,0,0.045552151938005346,0.0,0.045552151938005346,,False,0.04555215193804365,0.005997054573123977,26,11,32,0.8125,2.0716212370533e-08,winter,21,0,0.4308972173070864,True
pwl,4,P1_old_full_opt,summer,1,0.008867559662078818,0.0,0.008867559662078818,,False,0.04555215193804365,0.005997054573123977,26,11,32,0.8125,2.0716212370533e-08,winter,21,0,0.4308972173070864,True
pwl,4,P1_old_full_opt,summer,2,2.679167749930056e-08,0.0,2.679167749930056e-08,,False,0.04555215193804365,0.005997054573123977,26,11,32,0.8125,2.0716212370533e-08,winter,21,0,0.4308972173070864,True
pwl,4,P1_old_full_opt,summer,3,0.04750610184677845,0.02,0.027506101846778448,1.3753050923389223,False,0.04555215193804365,0.005997054573123977,26,11,32,0.8125,2.0716212370533e-08,winter,21,0,0.4308972173070864,True
pwl,4,P1_old_full_opt,summer,4,0.04555215193810855,0.0,0.04555215193810855,,False,0.04555215193804365,0.005997054573123977,26,11,32,0.8125,2.0716212370533e-08,winter,21,0,0.4308972173070864,True
pwl,4,P1_old_full_opt,summer,5,0.04555215193810628,0.0,0.04555215193810628,,False,0.04555215193804365,0.005997054573123977,26,11,32,0.8125,2.0716212370533e-08,winter,21,0,0.4308972173070864,True
pwl,4,P1_old_full_opt,summer,6,0.009999999994210874,0.0,0.009999999994210874,,False,0.04555215193804365,0.005997054573123977,26,11,32,0.8125,2.0716212370533e-08,winter,21,0,0.4308972173070864,True
pwl,4,P1_old_full_opt,summer,7,1.1716725899000003e-05,0.0,1.1716725899000003e-05,,False,0.04555215193804365,0.005997054573123977,26,11,32,0.8125,2.0716212370533e-08,winter,21,0,0.4308972173070864,True
pwl,4,P1_old_full_opt,summer,8,1.1716790052803414e-05,0.0,1.1716790052803414e-05,,False,0.04555215193804365,0.005997054573123977,26,11,32,0.8125,2.0716212370533e-08,winter,21,0,0.4308972173070864,True
pwl,4,P1_old_full_opt,summer,9,1.743136929266984e-11,0.0,1.743136929266984e-11,,False,0.04555215193804365,0.005997054573123977,26,11,32,0.8125,2.0716212370533e-08,winter,21,0,0.4308972173070864,True
pwl,4,P1_old_full_opt,summer,10,5.100874945118482e-12,0.0,5.100874945118482e-12,,False,0.04555215193804365,0.005997054573123977,26,11,32,0.8125,2.0716212370533e-08,winter,21,0,0.4308972173070864,True
pwl,4,P1_old_full_opt,summer,11,6.035179963907621e-12,0.0,6.035179963907621e-12,,False,0.04555215193804365,0.005997054573123977,26,11,32,0.8125,2.0716212370533e-08,winter,21,0,0.4308972173070864,True
pwl,4,P1_old_full_opt,summer,12,5.66009676121186e-12,0.0,5.66009676121186e-12,,False,0.04555215193804365,0.005997054573123977,26,11,32,0.8125,2.0716212370533e-08,winter,21,0,0.4308972173070864,True
pwl,4,P1_old_full_opt,summer,13,4.863525848110442e-12,0.0,4.863525848110442e-12,,False,0.04555215193804365,0.005997054573123977,26,11,32,0.8125,2.0716212370533e-08,winter,21,0,0.4308972173070864,True
pwl,4,P1_old_full_opt,summer,14,1.3631350707709081e-11,0.0,1.3631350707709081e-11,,False,0.04555215193804365,0.005997054573123977,26,11,32,0.8125,2.0716212370533e-08,winter,21,0,0.4308972173070864,True
pwl,4,P1_old_full_opt,summer,15,0.0499999999991772,0.0,0.0499999999991772,,False,0.04555215193804365,0.005997054573123977,26,11,32,0.8125,2.0716212370533e-08,winter,21,0,0.4308972173070864,True
pwl,4,P1_old_full_opt,summer,16,0.05000000000017241,0.0,0.05000000000017241,,False,0.04555215193804365,0.005997054573123977,26,11,32,0.8125,2.0716212370533e-08,winter,21,0,0.4308972173070864,True
pwl,4,P1_old_full_opt,summer,17,5.527738892013039e-10,0.0,5.527738892013039e-10,,False,0.04555215193804365,0.005997054573123977,26,11,32,0.8125,2.0716212370533e-08,winter,21,0,0.4308972173070864,True
pwl,4,P1_old_full_opt,summer,18,1.0237493094967429e-11,0.0,1.0237493094967429e-11,,False,0.04555215193804365,0.005997054573123977,26,11,32,0.8125,2.0716212370533e-08,winter,21,0,0.4308972173070864,True
pwl,4,P1_old_full_opt,summer,19,7.12275334671369e-12,0.0,7.12275334671369e-12,,False,0.04555215193804365,0.005997054573123977,26,11,32,0.8125,2.0716212370533e-08,winter,21,0,0.4308972173070864,True
pwl,4,P1_old_full_opt,summer,20,6.615825554781097e-12,0.0,6.615825554781097e-12,,False,0.04555215193804365,0.005997054573123977,26,11,32,0.8125,2.0716212370533e-08,winter,21,0,0.4308972173070864,True
pwl,4,P1_old_full_opt,summer,21,5.77489939962121e-12,0.0,5.77489939962121e-12,,False,0.04555215193804365,0.005997054573123977,26,11,32,0.8125,2.0716212370533e-08,winter,21,0,0.4308972173070864,True
pwl,4,P1_old_full_opt,summer,22,8.089186923117537e-12,0.0,8.089186923117537e-12,,False,0.04555215193804365,0.005997054573123977,26,11,32,0.8125,2.0716212370533e-08,winter,21,0,0.4308972173070864,True
pwl,4,P1_old_full_opt,summer,23,1.7436887985059274e-10,0.0,1.7436887985059274e-10,,False,0.04555215193804365,0.005997054573123977,26,11,32,0.8125,2.0716212370533e-08,winter,21,0,0.4308972173070864,True
pwl,4,P1_old_full_opt,winter,0,0.045552151937903476,0.0,0.045552151937903476,,False,0.04555215193804365,0.005997054573123977,26,11,32,0.8125,2.0716212370533e-08,winter,21,0,0.4308972173070864,True
pwl,4,P1_old_full_opt,winter,1,0.008867531442650588,0.0,0.008867531442650588,,False,0.04555215193804365,0.005997054573123977,26,11,32,0.8125,2.0716212370533e-08,winter,21,0,0.4308972173070864,True
pwl,4,P1_old_full_opt,winter,2,1.9206303745572727e-10,0.0,1.9206303745572727e-10,,False,0.04555215193804365,0.005997054573123977,26,11,32,0.8125,2.0716212370533e-08,winter,21,0,0.4308972173070864,True
pwl,4,P1_old_full_opt,winter,3,0.04555215204340928,0.0,0.04555215204340928,,False,0.04555215193804365,0.005997054573123977,26,11,32,0.8125,2.0716212370533e-08,winter,21,0,0.4308972173070864,True
pwl,4,P1_old_full_opt,winter,4,0.0455521519651725,0.0,0.0455521519651725,,False,0.04555215193804365,0.005997054573123977,26,11,32,0.8125,2.0716212370533e-08,winter,21,0,0.4308972173070864,True
pwl,4,P1_old_full_opt,winter,5,0.04999999983155575,0.02,0.02999999983155575,1.4999999915777875,False,0.04555215193804365,0.005997054573123977,26,11,32,0.8125,2.0716212370533e-08,winter,21,0,0.4308972173070864,True
pwl,4,P1_old_full_opt,winter,6,1.1692262724663684e-05,0.0,1.1692262724663684e-05,,False,0.04555215193804365,0.005997054573123977,26,11,32,0.8125,2.0716212370533e-08,winter,21,0,0.4308972173070864,True
pwl,4,P1_old_full_opt,winter,7,1.1717545961336651e-05,0.0,1.1717545961336651e-05,,False,0.04555215193804365,0.005997054573123977,26,11,32,0.8125,2.0716212370533e-08,winter,21,0,0.4308972173070864,True
pwl,4,P1_old_full_opt,winter,8,1.1715855926413356e-05,0.0,1.1715855926413356e-05,,False,0.04555215193804365,0.005997054573123977,26,11,32,0.8125,2.0716212370533e-08,winter,21,0,0.4308972173070864,True
pwl,4,P1_old_full_opt,winter,9,0.020285696935296506,0.0,0.020285696935296506,,False,0.04555215193804365,0.005997054573123977,26,11,32,0.8125,2.0716212370533e-08,winter,21,0,0.4308972173070864,True
pwl,4,P1_old_full_opt,winter,10,0.04555215195124287,0.0,0.04555215195124287,,False,0.04555215193804365,0.005997054573123977,26,11,32,0.8125,2.0716212370533e-08,winter,21,0,0.4308972173070864,True
pwl,4,P1_old_full_opt,winter,11,0.050000000003694506,0.0,0.050000000003694506,,False,0.04555215193804365,0.005997054573123977,26,11,32,0.8125,2.0716212370533e-08,winter,21,0,0.4308972173070864,True
pwl,4,P1_old_full_opt,winter,12,2.624244081951865e-10,0.0,2.624244081951865e-10,,False,0.04555215193804365,0.005997054573123977,26,11,32,0.8125,2.0716212370533e-08,winter,21,0,0.4308972173070864,True
pwl,4,P1_old_full_opt,winter,13,1.0800476231980907e-09,0.0,1.0800476231980907e-09,,False,0.04555215193804365,0.005997054573123977,26,11,32,0.8125,2.0716212370533e-08,winter,21,0,0.4308972173070864,True
pwl,4,P1_old_full_opt,winter,14,2.0274633742605224e-10,0.0,2.0274633742605224e-10,,False,0.04555215193804365,0.005997054573123977,26,11,32,0.8125,2.0716212370533e-08,winter,21,0,0.4308972173070864,True
pwl,4,P1_old_full_opt,winter,15,2.1620370516673904e-10,0.0,2.1620370516673904e-10,,False,0.04555215193804365,0.005997054573123977,26,11,32,0.8125,2.0716212370533e-08,winter,21,0,0.4308972173070864,True
pwl,4,P1_old_full_opt,winter,16,2.5812642431676465e-10,0.0,2.5812642431676465e-10,,False,0.04555215193804365,0.005997054573123977,26,11,32,0.8125,2.0716212370533e-08,winter,21,0,0.4308972173070864,True
pwl,4,P1_old_full_opt,winter,17,4.2045053366344956e-10,0.0,4.2045053366344956e-10,,False,0.04555215193804365,0.005997054573123977,26,11,32,0.8125,2.0716212370533e-08,winter,21,0,0.4308972173070864,True
pwl,4,P1_old_full_opt,winter,18,2.839347703731291e-10,0.0,2.839347703731291e-10,,False,0.04555215193804365,0.005997054573123977,26,11,32,0.8125,2.0716212370533e-08,winter,21,0,0.4308972173070864,True
pwl,4,P1_old_full_opt,winter,19,2.5432482466323404e-10,0.0,2.5432482466323404e-10,,False,0.04555215193804365,0.005997054573123977,26,11,32,0.8125,2.0716212370533e-08,winter,21,0,0.4308972173070864,True
pwl,4,P1_old_full_opt,winter,20,2.8087404468329555e-09,0.0,2.8087404468329555e-09,,False,0.04555215193804365,0.005997054573123977,26,11,32,0.8125,2.0716212370533e-08,winter,21,0,0.4308972173070864,True
pwl,4,P1_old_full_opt,winter,21,2.403068273618417e-07,0.0,2.403068273618417e-07,,False,0.04555215193804365,0.005997054573123977,26,11,32,0.8125,2.0716212370533e-08,winter,21,0,0.4308972173070864,True
pwl,4,P1_old_full_opt,winter,22,0.02874474487563579,0.02,0.008744744875635788,0.4372372437817894,False,0.04555215193804365,0.005997054573123977,26,11,32,0.8125,2.0716212370533e-08,winter,21,0,0.4308972173070864,True
pwl,4,P1_old_full_opt,winter,23,0.04555215204743625,0.0,0.04555215204743625,,False,0.04555215193804365,0.005997054573123977,26,11,32,0.8125,2.0716212370533e-08,winter,21,0,0.4308972173070864,True
pwl,4,P1_old_full_opt,shoulder,0,0.0455521519379162,0.0,0.0455521519379162,,False,0.04555215193804365,0.005997054573123977,26,11,32,0.8125,2.0716212370533e-08,winter,21,0,0.4308972173070864,True
pwl,4,P1_old_full_opt,shoulder,1,0.008867531507741562,0.0,0.008867531507741562,,False,0.04555215193804365,0.005997054573123977,26,11,32,0.8125,2.0716212370533e-08,winter,21,0,0.4308972173070864,True
pwl,4,P1_old_full_opt,shoulder,2,3.358318832148208e-10,0.0,3.358318832148208e-10,,False,0.04555215193804365,0.005997054573123977,26,11,32,0.8125,2.0716212370533e-08,winter,21,0,0.4308972173070864,True
pwl,4,P1_old_full_opt,shoulder,3,0.045552151945873545,0.0,0.045552151945873545,,False,0.04555215193804365,0.005997054573123977,26,11,32,0.8125,2.0716212370533e-08,winter,21,0,0.4308972173070864,True
pwl,4,P1_old_full_opt,shoulder,4,0.04555215193838234,0.0,0.04555215193838234,,False,0.04555215193804365,0.005997054573123977,26,11,32,0.8125,2.0716212370533e-08,winter,21,0,0.4308972173070864,True
pwl,4,P1_old_full_opt,shoulder,5,0.015407481974410754,0.02,0.004592518025589246,0.2296259012794623,False,0.04555215193804365,0.005997054573123977,26,11,32,0.8125,2.0716212370533e-08,winter,21,0,0.4308972173070864,True
pwl,4,P1_old_full_opt,shoulder,6,1.1712292889892107e-05,0.0,1.1712292889892107e-05,,False,0.04555215193804365,0.005997054573123977,26,11,32,0.8125,2.0716212370533e-08,winter,21,0,0.4308972173070864,True
pwl,4,P1_old_full_opt,shoulder,7,1.171749139798565e-05,0.0,1.171749139798565e-05,,False,0.04555215193804365,0.005997054573123977,26,11,32,0.8125,2.0716212370533e-08,winter,21,0,0.4308972173070864,True
pwl,4,P1_old_full_opt,shoulder,8,6.252431491445781e-11,0.0,6.252431491445781e-11,,False,0.04555215193804365,0.005997054573123977,26,11,32,0.8125,2.0716212370533e-08,winter,21,0,0.4308972173070864,True
pwl,4,P1_old_full_opt,shoulder,9,9.897296393597642e-12,0.0,9.897296393597642e-12,,False,0.04555215193804365,0.005997054573123977,26,11,32,0.8125,2.0716212370533e-08,winter,21,0,0.4308972173070864,True
pwl,4,P1_old_full_opt,shoulder,10,0.04999999998976224,0.0,0.04999999998976224,,False,0.04555215193804365,0.005997054573123977,26,11,32,0.8125,2.0716212370533e-08,winter,21,0,0.4308972173070864,True
pwl,4,P1_old_full_opt,shoulder,11,0.01133828528630093,0.0,0.01133828528630093,,False,0.04555215193804365,0.005997054573123977,26,11,32,0.8125,2.0716212370533e-08,winter,21,0,0.4308972173070864,True
pwl,4,P1_old_full_opt,shoulder,12,7.2608949600409005e-12,0.0,7.2608949600409005e-12,,False,0.04555215193804365,0.005997054573123977,26,11,32,0.8125,2.0716212370533e-08,winter,21,0,0.4308972173070864,True
pwl,4,P1_old_full_opt,shoulder,13,7.618302027239738e-12,0.0,7.618302027239738e-12,,False,0.04555215193804365,0.005997054573123977,26,11,32,0.8125,2.0716212370533e-08,winter,21,0,0.4308972173070864,True
pwl,4,P1_old_full_opt,shoulder,14,6.982073760171182e-12,0.0,6.982073760171182e-12,,False,0.04555215193804365,0.005997054573123977,26,11,32,0.8125,2.0716212370533e-08,winter,21,0,0.4308972173070864,True
pwl,4,P1_old_full_opt,shoulder,15,7.521416058086536e-12,0.0,7.521416058086536e-12,,False,0.04555215193804365,0.005997054573123977,26,11,32,0.8125,2.0716212370533e-08,winter,21,0,0.4308972173070864,True
pwl,4,P1_old_full_opt,shoulder,16,1.785115045441977e-11,0.0,1.785115045441977e-11,,False,0.04555215193804365,0.005997054573123977,26,11,32,0.8125,2.0716212370533e-08,winter,21,0,0.4308972173070864,True
pwl,4,P1_old_full_opt,shoulder,17,2.8496001317668814e-11,0.0,2.8496001317668814e-11,,False,0.04555215193804365,0.005997054573123977,26,11,32,0.8125,2.0716212370533e-08,winter,21,0,0.4308972173070864,True
pwl,4,P1_old_full_opt,shoulder,18,2.962696975473301e-11,0.0,2.962696975473301e-11,,False,0.04555215193804365,0.005997054573123977,26,11,32,0.8125,2.0716212370533e-08,winter,21,0,0.4308972173070864,True
pwl,4,P1_old_full_opt,shoulder,19,3.189090430008675e-11,0.0,3.189090430008675e-11,,False,0.04555215193804365,0.005997054573123977,26,11,32,0.8125,2.0716212370533e-08,winter,21,0,0.4308972173070864,True
pwl,4,P1_old_full_opt,shoulder,20,1.4701423972870004e-11,0.0,1.4701423972870004e-11,,False,0.04555215193804365,0.005997054573123977,26,11,32,0.8125,2.0716212370533e-08,winter,21,0,0.4308972173070864,True
pwl,4,P1_old_full_opt,shoulder,21,7.620235158395176e-12,0.0,7.620235158395176e-12,,False,0.04555215193804365,0.005997054573123977,26,11,32,0.8125,2.0716212370533e-08,winter,21,0,0.4308972173070864,True
pwl,4,P1_old_full_opt,shoulder,22,7.413453543291693e-12,0.0,7.413453543291693e-12,,False,0.04555215193804365,0.005997054573123977,26,11,32,0.8125,2.0716212370533e-08,winter,21,0,0.4308972173070864,True
pwl,4,P1_old_full_opt,shoulder,23,9.983731944529707e-12,0.0,9.983731944529707e-12,,False,0.04555215193804365,0.005997054573123977,26,11,32,0.8125,2.0716212370533e-08,winter,21,0,0.4308972173070864,True
pwl,4,P2_dev_run1,summer,0,0.04999999999807744,0.1,0.05000000000192256,0.5000000000192256,False,0.07842217066606379,0.0103244746344123,26,3,26,1.0,4.809947182209922e-08,winter,2,0,1.000469013899664,True
pwl,4,P2_dev_run1,summer,1,6.295393604415719e-12,0.0,6.295393604415719e-12,,False,0.07842217066606379,0.0103244746344123,26,3,26,1.0,4.809947182209922e-08,winter,2,0,1.000469013899664,True
pwl,4,P2_dev_run1,summer,2,7.117751263045305e-07,0.0,7.117751263045305e-07,,False,0.07842217066606379,0.0103244746344123,26,3,26,1.0,4.809947182209922e-08,winter,2,0,1.000469013899664,True
pwl,4,P2_dev_run1,summer,3,4.166134103371489e-07,0.0,4.166134103371489e-07,,False,0.07842217066606379,0.0103244746344123,26,3,26,1.0,4.809947182209922e-08,winter,2,0,1.000469013899664,True
pwl,4,P2_dev_run1,summer,4,0.05000000000737174,0.05,7.371735166739057e-12,1.4743470333478115e-10,False,0.07842217066606379,0.0103244746344123,26,3,26,1.0,4.809947182209922e-08,winter,2,0,1.000469013899664,True
pwl,4,P2_dev_run1,summer,5,0.052696273605256874,0.0,0.052696273605256874,,False,0.07842217066606379,0.0103244746344123,26,3,26,1.0,4.809947182209922e-08,winter,2,0,1.000469013899664,True
pwl,4,P2_dev_run1,summer,6,1.1297437673672336e-05,0.0,1.1297437673672336e-05,,False,0.07842217066606379,0.0103244746344123,26,3,26,1.0,4.809947182209922e-08,winter,2,0,1.000469013899664,True
pwl,4,P2_dev_run1,summer,7,1.1297437142575043e-05,0.0,1.1297437142575043e-05,,False,0.07842217066606379,0.0103244746344123,26,3,26,1.0,4.809947182209922e-08,winter,2,0,1.000469013899664,True
pwl,4,P2_dev_run1,summer,8,1.1297445062823049e-05,0.0,1.1297445062823049e-05,,False,0.07842217066606379,0.0103244746344123,26,3,26,1.0,4.809947182209922e-08,winter,2,0,1.000469013899664,True
pwl,4,P2_dev_run1,summer,9,2.7634302544115828e-11,0.0,2.7634302544115828e-11,,False,0.07842217066606379,0.0103244746344123,26,3,26,1.0,4.809947182209922e-08,winter,2,0,1.000469013899664,True
pwl,4,P2_dev_run1,summer,10,5.821580976128741e-12,0.0,5.821580976128741e-12,,False,0.07842217066606379,0.0103244746344123,26,3,26,1.0,4.809947182209922e-08,winter,2,0,1.000469013899664,True
pwl,4,P2_dev_run1,summer,11,2.3441887671954454e-11,0.0,2.3441887671954454e-11,,False,0.07842217066606379,0.0103244746344123,26,3,26,1.0,4.809947182209922e-08,winter,2,0,1.000469013899664,True
pwl,4,P2_dev_run1,summer,12,6.919727286970286e-12,0.0,6.919727286970286e-12,,False,0.07842217066606379,0.0103244746344123,26,3,26,1.0,4.809947182209922e-08,winter,2,0,1.000469013899664,True
pwl,4,P2_dev_run1,summer,13,5.75745005799501e-12,0.0,5.75745005799501e-12,,False,0.07842217066606379,0.0103244746344123,26,3,26,1.0,4.809947182209922e-08,winter,2,0,1.000469013899664,True
pwl,4,P2_dev_run1,summer,14,1.868555535242565e-11,0.0,1.868555535242565e-11,,False,0.07842217066606379,0.0103244746344123,26,3,26,1.0,4.809947182209922e-08,winter,2,0,1.000469013899664,True
pwl,4,P2_dev_run1,summer,15,0.04999999999889079,0.0,0.04999999999889079,,False,0.07842217066606379,0.0103244746344123,26,3,26,1.0,4.809947182209922e-08,winter,2,0,1.000469013899664,True
pwl,4,P2_dev_run1,summer,16,0.04999999999965937,0.1,0.05000000000034063,0.5000000000034063,False,0.07842217066606379,0.0103244746344123,26,3,26,1.0,4.809947182209922e-08,winter,2,0,1.000469013899664,True
pwl,4,P2_dev_run1,summer,17,8.842886467631156e-09,0.0,8.842886467631156e-09,,False,0.07842217066606379,0.0103244746344123,26,3,26,1.0,4.809947182209922e-08,winter,2,0,1.000469013899664,True
pwl,4,P2_dev_run1,summer,18,1.7280772541490236e-11,0.0,1.7280772541490236e-11,,False,0.07842217066606379,0.0103244746344123,26,3,26,1.0,4.809947182209922e-08,winter,2,0,1.000469013899664,True
pwl,4,P2_dev_run1,summer,19,1.4374531379674408e-11,0.0,1.4374531379674408e-11,,False,0.07842217066606379,0.0103244746344123,26,3,26,1.0,4.809947182209922e-08,winter,2,0,1.000469013899664,True
pwl,4,P2_dev_run1,summer,20,6.7728286509979336e-12,0.0,6.7728286509979336e-12,,False,0.07842217066606379,0.0103244746344123,26,3,26,1.0,4.809947182209922e-08,winter,2,0,1.000469013899664,True
pwl,4,P2_dev_run1,summer,21,6.403505090336273e-12,0.0,6.403505090336273e-12,,False,0.07842217066606379,0.0103244746344123,26,3,26,1.0,4.809947182209922e-08,winter,2,0,1.000469013899664,True
pwl,4,P2_dev_run1,summer,22,9.511939536277753e-12,0.0,9.511939536277753e-12,,False,0.07842217066606379,0.0103244746344123,26,3,26,1.0,4.809947182209922e-08,winter,2,0,1.000469013899664,True
pwl,4,P2_dev_run1,summer,23,6.281229838728343e-10,0.0,6.281229838728343e-10,,False,0.07842217066606379,0.0103244746344123,26,3,26,1.0,4.809947182209922e-08,winter,2,0,1.000469013899664,True
pwl,4,P2_dev_run1,winter,0,0.04999999999811105,0.1,0.05000000000188896,0.5000000000188896,False,0.07842217066606379,0.0103244746344123,26,3,26,1.0,4.809947182209922e-08,winter,2,0,1.000469013899664,True
pwl,4,P2_dev_run1,winter,1,0.0,0.0,0.0,,False,0.07842217066606379,0.0103244746344123,26,3,26,1.0,4.809947182209922e-08,winter,2,0,1.000469013899664,True
pwl,4,P2_dev_run1,winter,2,4.960585977640627e-07,0.0,4.960585977640627e-07,,False,0.07842217066606379,0.0103244746344123,26,3,26,1.0,4.809947182209922e-08,winter,2,0,1.000469013899664,True
pwl,4,P2_dev_run1,winter,3,0.049999999993445246,0.05,6.554756737386924e-12,1.3109513474773848e-10,False,0.07842217066606379,0.0103244746344123,26,3,26,1.0,4.809947182209922e-08,winter,2,0,1.000469013899664,True
pwl,4,P2_dev_run1,winter,4,0.07842217066565235,0.0,0.07842217066565235,,False,0.07842217066606379,0.0103244746344123,26,3,26,1.0,4.809947182209922e-08,winter,2,0,1.000469013899664,True
pwl,4,P2_dev_run1,winter,5,1.129742137188e-05,0.0,1.129742137188e-05,,False,0.07842217066606379,0.0103244746344123,26,3,26,1.0,4.809947182209922e-08,winter,2,0,1.000469013899664,True
pwl,4,P2_dev_run1,winter,6,1.1297419440123103e-05,0.0,1.1297419440123103e-05,,False,0.07842217066606379,0.0103244746344123,26,3,26,1.0,4.809947182209922e-08,winter,2,0,1.000469013899664,True
pwl,4,P2_dev_run1,winter,7,1.1297420080094183e-05,0.0,1.1297420080094183e-05,,False,0.07842217066606379,0.0103244746344123,26,3,26,1.0,4.809947182209922e-08,winter,2,0,1.000469013899664,True
pwl,4,P2_dev_run1,winter,8,1.1297432660588036e-05,0.0,1.1297432660588036e-05,,False,0.07842217066606379,0.0103244746344123,26,3,26,1.0,4.809947182209922e-08,winter,2,0,1.000469013899664,True
pwl,4,P2_dev_run1,winter,9,0.0022443516720187483,0.0,0.0022443516720187483,,False,0.07842217066606379,0.0103244746344123,26,3,26,1.0,4.809947182209922e-08,winter,2,0,1.000469013899664,True
pwl,4,P2_dev_run1,winter,10,0.07842217066599921,0.0,0.07842217066599921,,False,0.07842217066606379,0.0103244746344123,26,3,26,1.0,4.809947182209922e-08,winter,2,0,1.000469013899664,True
pwl,4,P2_dev_run1,winter,11,0.04999999999930495,0.05,6.950551245665793e-13,1.3901102491331585e-11,False,0.07842217066606379,0.0103244746344123,26,3,26,1.0,4.809947182209922e-08,winter,2,0,1.000469013899664,True
pwl,4,P2_dev_run1,winter,12,4.0149855747161777e-10,0.0,4.0149855747161777e-10,,False,0.07842217066606379,0.0103244746344123,26,3,26,1.0,4.809947182209922e-08,winter,2,0,1.000469013899664,True
pwl,4,P2_dev_run1,winter,13,7.21546259679313e-11,0.0,7.21546259679313e-11,,False,0.07842217066606379,0.0103244746344123,26,3,26,1.0,4.809947182209922e-08,winter,2,0,1.000469013899664,True
pwl,4,P2_dev_run1,winter,14,7.88034195437664e-12,0.0,7.88034195437664e-12,,False,0.07842217066606379,0.0103244746344123,26,3,26,1.0,4.809947182209922e-08,winter,2,0,1.000469013899664,True
pwl,4,P2_dev_run1,winter,15,6.970645284553727e-12,0.0,6.970645284553727e-12,,False,0.07842217066606379,0.0103244746344123,26,3,26,1.0,4.809947182209922e-08,winter,2,0,1.000469013899664,True
pwl,4,P2_dev_run1,winter,16,8.720189834509836e-12,0.0,8.720189834509836e-12,,False,0.07842217066606379,0.0103244746344123,26,3,26,1.0,4.809947182209922e-08,winter,2,0,1.000469013899664,True
pwl,4,P2_dev_run1,winter,17,1.360005283634508e-11,0.0,1.360005283634508e-11,,False,0.07842217066606379,0.0103244746344123,26,3,26,1.0,4.809947182209922e-08,winter,2,0,1.000469013899664,True
pwl,4,P2_dev_run1,winter,18,5.8857792023597184e-12,0.0,5.8857792023597184e-12,,False,0.07842217066606379,0.0103244746344123,26,3,26,1.0,4.809947182209922e-08,winter,2,0,1.000469013899664,True
pwl,4,P2_dev_run1,winter,19,0.0,0.0,0.0,,False,0.07842217066606379,0.0103244746344123,26,3,26,1.0,4.809947182209922e-08,winter,2,0,1.000469013899664,True
pwl,4,P2_dev_run1,winter,20,0.0,0.0,0.0,,False,0.07842217066606379,0.0103244746344123,26,3,26,1.0,4.809947182209922e-08,winter,2,0,1.000469013899664,True
pwl,4,P2_dev_run1,winter,21,2.0541752751264234e-07,0.0,2.0541752751264234e-07,,False,0.07842217066606379,0.0103244746344123,26,3,26,1.0,4.809947182209922e-08,winter,2,0,1.000469013899664,True
pwl,4,P2_dev_run1,winter,22,6.170662005925538e-07,0.0,6.170662005925538e-07,,False,0.07842217066606379,0.0103244746344123,26,3,26,1.0,4.809947182209922e-08,winter,2,0,1.000469013899664,True
pwl,4,P2_dev_run1,winter,23,0.05134743742476361,0.1,0.0486525625752364,0.48652562575236397,False,0.07842217066606379,0.0103244746344123,26,3,26,1.0,4.809947182209922e-08,winter,2,0,1.000469013899664,True
pwl,4,P2_dev_run1,shoulder,0,0.04999999999791773,0.1,0.050000000002082275,0.5000000000208227,False,0.07842217066606379,0.0103244746344123,26,3,26,1.0,4.809947182209922e-08,winter,2,0,1.000469013899664,True
pwl,4,P2_dev_run1,shoulder,1,2.0263346253140515e-10,0.0,2.0263346253140515e-10,,False,0.07842217066606379,0.0103244746344123,26,3,26,1.0,4.809947182209922e-08,winter,2,0,1.000469013899664,True
pwl,4,P2_dev_run1,shoulder,2,4.802898094202e-07,0.0,4.802898094202e-07,,False,0.07842217066606379,0.0103244746344123,26,3,26,1.0,4.809947182209922e-08,winter,2,0,1.000469013899664,True
pwl,4,P2_dev_run1,shoulder,3,0.02427340742805865,0.05,0.02572659257194135,0.514531851438827,False,0.07842217066606379,0.0103244746344123,26,3,26,1.0,4.809947182209922e-08,winter,2,0,1.000469013899664,True
pwl,4,P2_dev_run1,shoulder,4,0.07842217066557129,0.0,0.07842217066557129,,False,0.07842217066606379,0.0103244746344123,26,3,26,1.0,4.809947182209922e-08,winter,2,0,1.000469013899664,True
pwl,4,P2_dev_run1,shoulder,5,1.1297415343682027e-05,0.0,1.1297415343682027e-05,,False,0.07842217066606379,0.0103244746344123,26,3,26,1.0,4.809947182209922e-08,winter,2,0,1.000469013899664,True
pwl,4,P2_dev_run1,shoulder,6,1.1297413458133272e-05,0.0,1.1297413458133272e-05,,False,0.07842217066606379,0.0103244746344123,26,3,26,1.0,4.809947182209922e-08,winter,2,0,1.000469013899664,True
pwl,4,P2_dev_run1,shoulder,7,1.1297414587217157e-05,0.0,1.1297414587217157e-05,,False,0.07842217066606379,0.0103244746344123,26,3,26,1.0,4.809947182209922e-08,winter,2,0,1.000469013899664,True
pwl,4,P2_dev_run1,shoulder,8,2.8323586596525554e-09,0.0,2.8323586596525554e-09,,False,0.07842217066606379,0.0103244746344123,26,3,26,1.0,4.809947182209922e-08,winter,2,0,1.000469013899664,True
pwl,4,P2_dev_run1,shoulder,9,8.132144777643117e-10,0.0,8.132144777643117e-10,,False,0.07842217066606379,0.0103244746344123,26,3,26,1.0,4.809947182209922e-08,winter,2,0,1.000469013899664,True
pwl,4,P2_dev_run1,shoulder,10,0.04999999999889047,0.1,0.05000000000110954,0.5000000000110953,False,0.07842217066606379,0.0103244746344123,26,3,26,1.0,4.809947182209922e-08,winter,2,0,1.000469013899664,True
pwl,4,P2_dev_run1,shoulder,11,8.178029775729709e-09,0.0,8.178029775729709e-09,,False,0.07842217066606379,0.0103244746344123,26,3,26,1.0,4.809947182209922e-08,winter,2,0,1.000469013899664,True
pwl,4,P2_dev_run1,shoulder,12,2.9433566539311393e-10,0.0,2.9433566539311393e-10,,False,0.07842217066606379,0.0103244746344123,26,3,26,1.0,4.809947182209922e-08,winter,2,0,1.000469013899664,True
pwl,4,P2_dev_run1,shoulder,13,9.535380148095834e-10,0.0,9.535380148095834e-10,,False,0.07842217066606379,0.0103244746344123,26,3,26,1.0,4.809947182209922e-08,winter,2,0,1.000469013899664,True
pwl,4,P2_dev_run1,shoulder,14,2.5641735147347564e-12,0.0,2.5641735147347564e-12,,False,0.07842217066606379,0.0103244746344123,26,3,26,1.0,4.809947182209922e-08,winter,2,0,1.000469013899664,True
pwl,4,P2_dev_run1,shoulder,15,3.076943384859705e-10,0.0,3.076943384859705e-10,,False,0.07842217066606379,0.0103244746344123,26,3,26,1.0,4.809947182209922e-08,winter,2,0,1.000469013899664,True
pwl,4,P2_dev_run1,shoulder,16,9.26742398996343e-10,0.0,9.26742398996343e-10,,False,0.07842217066606379,0.0103244746344123,26,3,26,1.0,4.809947182209922e-08,winter,2,0,1.000469013899664,True
pwl,4,P2_dev_run1,shoulder,17,2.036909439295453e-09,0.0,2.036909439295453e-09,,False,0.07842217066606379,0.0103244746344123,26,3,26,1.0,4.809947182209922e-08,winter,2,0,1.000469013899664,True
pwl,4,P2_dev_run1,shoulder,18,9.460202738246825e-10,0.0,9.460202738246825e-10,,False,0.07842217066606379,0.0103244746344123,26,3,26,1.0,4.809947182209922e-08,winter,2,0,1.000469013899664,True
pwl,4,P2_dev_run1,shoulder,19,2.639634326517934e-09,0.0,2.639634326517934e-09,,False,0.07842217066606379,0.0103244746344123,26,3,26,1.0,4.809947182209922e-08,winter,2,0,1.000469013899664,True
pwl,4,P2_dev_run1,shoulder,20,9.294886657105506e-10,0.0,9.294886657105506e-10,,False,0.07842217066606379,0.0103244746344123,26,3,26,1.0,4.809947182209922e-08,winter,2,0,1.000469013899664,True
pwl,4,P2_dev_run1,shoulder,21,2.8260315107881985e-12,0.0,2.8260315107881985e-12,,False,0.07842217066606379,0.0103244746344123,26,3,26,1.0,4.809947182209922e-08,winter,2,0,1.000469013899664,True
pwl,4,P2_dev_run1,shoulder,22,2.730888904038189e-10,0.0,2.730888904038189e-10,,False,0.07842217066606379,0.0103244746344123,26,3,26,1.0,4.809947182209922e-08,winter,2,0,1.000469013899664,True
pwl,4,P2_dev_run1,shoulder,23,8.87979538678693e-10,0.0,8.87979538678693e-10,,False,0.07842217066606379,0.0103244746344123,26,3,26,1.0,4.809947182209922e-08,winter,2,0,1.000469013899664,True
pwl,4,P3_dev_run0,summer,0,0.1728946735429281,0.15,0.022894673542928096,0.15263115695285398,False,0.2704659021321342,0.03560751152792361,24,0,25,0.96,6.116243564031007e-08,summer,2,0,1.2721786613184496,True
pwl,4,P3_dev_run0,summer,1,9.0597598510689e-11,0.0,9.0597598510689e-11,,False,0.2704659021321342,0.03560751152792361,24,0,25,0.96,6.116243564031007e-08,summer,2,0,1.2721786613184496,True
pwl,4,P3_dev_run0,summer,2,5.564269588210137e-07,0.0,5.564269588210137e-07,,False,0.2704659021321342,0.03560751152792361,24,0,25,0.96,6.116243564031007e-08,summer,2,0,1.2721786613184496,True
pwl,4,P3_dev_run0,summer,3,4.1752877282952335e-07,0.0,4.1752877282952335e-07,,False,0.2704659021321342,0.03560751152792361,24,0,25,0.96,6.116243564031007e-08,summer,2,0,1.2721786613184496,True
pwl,4,P3_dev_run0,summer,4,0.05000000011100089,0.0,0.05000000011100089,,False,0.2704659021321342,0.03560751152792361,24,0,25,0.96,6.116243564031007e-08,summer,2,0,1.2721786613184496,True
pwl,4,P3_dev_run0,summer,5,0.05295046899381477,0.2,0.14704953100618523,0.7352476550309262,False,0.2704659021321342,0.03560751152792361,24,0,25,0.96,6.116243564031007e-08,summer,2,0,1.2721786613184496,True
pwl,4,P3_dev_run0,summer,6,1.1325112037490104e-05,0.0,1.1325112037490104e-05,,False,0.2704659021321342,0.03560751152792361,24,0,25,0.96,6.116243564031007e-08,summer,2,0,1.2721786613184496,True
pwl,4,P3_dev_run0,summer,7,1.1325141818027601e-05,0.0,1.1325141818027601e-05,,False,0.2704659021321342,0.03560751152792361,24,0,25,0.96,6.116243564031007e-08,summer,2,0,1.2721786613184496,True
pwl,4,P3_dev_run0,summer,8,1.132512672949186e-05,0.0,1.132512672949186e-05,,False,0.2704659021321342,0.03560751152792361,24,0,25,0.96,6.116243564031007e-08,summer,2,0,1.2721786613184496,True
pwl,4,P3_dev_run0,summer,9,1.6821041143614375e-07,0.0,1.6821041143614375e-07,,False,0.2704659021321342,0.03560751152792361,24,0,25,0.96,6.116243564031007e-08,summer,2,0,1.2721786613184496,True
pwl,4,P3_dev_run0,summer,10,1.6481266605685848e-10,0.0,1.6481266605685848e-10,,False,0.2704659021321342,0.03560751152792361,24,0,25,0.96,6.116243564031007e-08,summer,2,0,1.2721786613184496,True
pwl,4,P3_dev_run0,summer,11,1.7747931090096186e-10,0.0,1.7747931090096186e-10,,False,0.2704659021321342,0.03560751152792361,24,0,25,0.96,6.116243564031007e-08,summer,2,0,1.2721786613184496,True
pwl,4,P3_dev_run0,summer,12,1.694938997074172e-10,0.0,1.694938997074172e-10,,False,0.2704659021321342,0.03560751152792361,24,0,25,0.96,6.116243564031007e-08,summer,2,0,1.2721786613184496,True
pwl,4,P3_dev_run0,summer,13,1.5432415068167584e-10,0.0,1.5432415068167584e-10,,False,0.2704659021321342,0.03560751152792361,24,0,25,0.96,6.116243564031007e-08,summer,2,0,1.2721786613184496,True
pwl,4,P3_dev_run0,summer,14,0.0,0.0,0.0,,False,0.2704659021321342,0.03560751152792361,24,0,25,0.96,6.116243564031007e-08,summer,2,0,1.2721786613184496,True
pwl,4,P3_dev_run0,summer,15,0.049999999984260746,0.0,0.049999999984260746,,False,0.2704659021321342,0.03560751152792361,24,0,25,0.96,6.116243564031007e-08,summer,2,0,1.2721786613184496,True
pwl,4,P3_dev_run0,summer,16,0.16779335723370584,0.2,0.032206642766294175,0.16103321383147087,False,0.2704659021321342,0.03560751152792361,24,0,25,0.96,6.116243564031007e-08,summer,2,0,1.2721786613184496,True
pwl,4,P3_dev_run0,summer,17,4.312348350263649e-08,0.0,4.312348350263649e-08,,False,0.2704659021321342,0.03560751152792361,24,0,25,0.96,6.116243564031007e-08,summer,2,0,1.2721786613184496,True
pwl,4,P3_dev_run0,summer,18,1.566059661738329e-09,0.0,1.566059661738329e-09,,False,0.2704659021321342,0.03560751152792361,24,0,25,0.96,6.116243564031007e-08,summer,2,0,1.2721786613184496,True
pwl,4,P3_dev_run0,summer,19,1.8626759792026888e-10,0.0,1.8626759792026888e-10,,False,0.2704659021321342,0.03560751152792361,24,0,25,0.96,6.116243564031007e-08,summer,2,0,1.2721786613184496,True
pwl,4,P3_dev_run0,summer,20,2.7606234623926476e-10,0.0,2.7606234623926476e-10,,False,0.2704659021321342,0.03560751152792361,24,0,25,0.96,6.116243564031007e-08,summer,2,0,1.2721786613184496,True
pwl,4,P3_dev_run0,summer,21,3.5291800516819163e-10,0.0,3.5291800516819163e-10,,False,0.2704659021321342,0.03560751152792361,24,0,25,0.96,6.116243564031007e-08,summer,2,0,1.2721786613184496,True
pwl,4,P3_dev_run0,summer,22,2.8805047470363934e-09,0.0,2.8805047470363934e-09,,False,0.2704659021321342,0.03560751152792361,24,0,25,0.96,6.116243564031007e-08,summer,2,0,1.2721786613184496,True
pwl,4,P3_dev_run0,summer,23,0.04999999998574209,0.0,0.04999999998574209,,False,0.2704659021321342,0.03560751152792361,24,0,25,0.96,6.116243564031007e-08,summer,2,0,1.2721786613184496,True
pwl,4,P3_dev_run0,winter,0,0.172894680666413,0.15,0.02289468066641301,0.1526312044427534,False,0.2704659021321342,0.03560751152792361,24,0,25,0.96,6.116243564031007e-08,summer,2,0,1.2721786613184496,True
pwl,4,P3_dev_run0,winter,1,1.7778950467611366e-09,0.0,1.7778950467611366e-09,,False,0.2704659021321342,0.03560751152792361,24,0,25,0.96,6.116243564031007e-08,summer,2,0,1.2721786613184496,True
pwl,4,P3_dev_run0,winter,2,6.286803025449769e-07,0.0,6.286803025449769e-07,,False,0.2704659021321342,0.03560751152792361,24,0,25,0.96,6.116243564031007e-08,summer,2,0,1.2721786613184496,True
pwl,4,P3_dev_run0,winter,3,6.286454579306329e-07,0.0,6.286454579306329e-07,,False,0.2704659021321342,0.03560751152792361,24,0,25,0.96,6.116243564031007e-08,summer,2,0,1.2721786613184496,True
pwl,4,P3_dev_run0,winter,4,0.102948948150923,0.2,0.09705105184907702,0.48525525924538504,False,0.2704659021321342,0.03560751152792361,24,0,25,0.96,6.116243564031007e-08,summer,2,0,1.2721786613184496,True
pwl,4,P3_dev_run0,winter,5,1.1325437639771754e-05,0.0,1.1325437639771754e-05,,False,0.2704659021321342,0.03560751152792361,24,0,25,0.96,6.116243564031007e-08,summer,2,0,1.2721786613184496,True
pwl,4,P3_dev_run0,winter,6,1.1325429768467083e-05,0.0,1.1325429768467083e-05,,False,0.2704659021321342,0.03560751152792361,24,0,25,0.96,6.116243564031007e-08,summer,2,0,1.2721786613184496,True
pwl,4,P3_dev_run0,winter,7,1.1325430824983808e-05,0.0,1.1325430824983808e-05,,False,0.2704659021321342,0.03560751152792361,24,0,25,0.96,6.116243564031007e-08,summer,2,0,1.2721786613184496,True
pwl,4,P3_dev_run0,winter,8,1.1325468967759706e-05,0.0,1.1325468967759706e-05,,False,0.2704659021321342,0.03560751152792361,24,0,25,0.96,6.116243564031007e-08,summer,2,0,1.2721786613184496,True
pwl,4,P3_dev_run0,winter,9,0.0,0.0,0.0,,False,0.2704659021321342,0.03560751152792361,24,0,25,0.96,6.116243564031007e-08,summer,2,0,1.2721786613184496,True
pwl,4,P3_dev_run0,winter,10,0.34577970747338904,0.3,0.04577970747338905,0.15259902491129684,False,0.2704659021321342,0.03560751152792361,24,0,25,0.96,6.116243564031007e-08,summer,2,0,1.2721786613184496,True
pwl,4,P3_dev_run0,winter,11,0.0,0.0,0.0,,False,0.2704659021321342,0.03560751152792361,24,0,25,0.96,6.116243564031007e-08,summer,2,0,1.2721786613184496,True
pwl,4,P3_dev_run0,winter,12,0.0,0.0,0.0,,False,0.2704659021321342,0.03560751152792361,24,0,25,0.96,6.116243564031007e-08,summer,2,0,1.2721786613184496,True
pwl,4,P3_dev_run0,winter,13,4.747178323746246e-06,0.0,4.747178323746246e-06,,False,0.2704659021321342,0.03560751152792361,24,0,25,0.96,6.116243564031007e-08,summer,2,0,1.2721786613184496,True
pwl,4,P3_dev_run0,winter,14,4.459820652175692e-10,0.0,4.459820652175692e-10,,False,0.2704659021321342,0.03560751152792361,24,0,25,0.96,6.116243564031007e-08,summer,2,0,1.2721786613184496,True
pwl,4,P3_dev_run0,winter,15,0.0,0.0,0.0,,False,0.2704659021321342,0.03560751152792361,24,0,25,0.96,6.116243564031007e-08,summer,2,0,1.2721786613184496,True
pwl,4,P3_dev_run0,winter,16,1.5849985111204893e-09,0.0,1.5849985111204893e-09,,False,0.2704659021321342,0.03560751152792361,24,0,25,0.96,6.116243564031007e-08,summer,2,0,1.2721786613184496,True
pwl,4,P3_dev_run0,winter,17,5.223906913366511e-09,0.0,5.223906913366511e-09,,False,0.2704659021321342,0.03560751152792361,24,0,25,0.96,6.116243564031007e-08,summer,2,0,1.2721786613184496,True
pwl,4,P3_dev_run0,winter,18,1.0081314694076999e-09,0.0,1.0081314694076999e-09,,False,0.2704659021321342,0.03560751152792361,24,0,25,0.96,6.116243564031007e-08,summer,2,0,1.2721786613184496,True
pwl,4,P3_dev_run0,winter,19,0.0,0.0,0.0,,False,0.2704659021321342,0.03560751152792361,24,0,25,0.96,6.116243564031007e-08,summer,2,0,1.2721786613184496,True
pwl,4,P3_dev_run0,winter,20,4.4635591738852906e-08,0.0,4.4635591738852906e-08,,False,0.2704659021321342,0.03560751152792361,24,0,25,0.96,6.116243564031007e-08,summer,2,0,1.2721786613184496,True
pwl,4,P3_dev_run0,winter,21,8.302550664616785e-07,0.0,8.302550664616785e-07,,False,0.2704659021321342,0.03560751152792361,24,0,25,0.96,6.116243564031007e-08,summer,2,0,1.2721786613184496,True
pwl,4,P3_dev_run0,winter,22,6.550220227037109e-07,0.0,6.550220227037109e-07,,False,0.2704659021321342,0.03560751152792361,24,0,25,0.96,6.116243564031007e-08,summer,2,0,1.2721786613184496,True
pwl,4,P3_dev_run0,winter,23,0.1921055779766654,0.15,0.04210557797666539,0.2807038531777693,False,0.2704659021321342,0.03560751152792361,24,0,25,0.96,6.116243564031007e-08,summer,2,0,1.2721786613184496,True
pwl,4,P3_dev_run0,shoulder,0,0.05000000003350596,0.1,0.04999999996649405,0.49999999966494046,False,0.2704659021321342,0.03560751152792361,24,0,25,0.96,6.116243564031007e-08,summer,2,0,1.2721786613184496,True
pwl,4,P3_dev_run0,shoulder,1,3.719846754407832e-11,0.0,3.719846754407832e-11,,False,0.2704659021321342,0.03560751152792361,24,0,25,0.96,6.116243564031007e-08,summer,2,0,1.2721786613184496,True
pwl,4,P3_dev_run0,shoulder,2,3.0743496557514745e-07,0.0,3.0743496557514745e-07,,False,0.2704659021321342,0.03560751152792361,24,0,25,0.96,6.116243564031007e-08,summer,2,0,1.2721786613184496,True
pwl,4,P3_dev_run0,shoulder,3,3.128999385826147e-07,0.0,3.128999385826147e-07,,False,0.2704659021321342,0.03560751152792361,24,0,25,0.96,6.116243564031007e-08,summer,2,0,1.2721786613184496,True
pwl,4,P3_dev_run0,shoulder,4,0.10294891377271662,0.2,0.0970510862272834,0.48525543113641695,False,0.2704659021321342,0.03560751152792361,24,0,25,0.96,6.116243564031007e-08,summer,2,0,1.2721786613184496,True
pwl,4,P3_dev_run0,shoulder,5,1.1325163353237816e-05,0.0,1.1325163353237816e-05,,False,0.2704659021321342,0.03560751152792361,24,0,25,0.96,6.116243564031007e-08,summer,2,0,1.2721786613184496,True
pwl,4,P3_dev_run0,shoulder,6,1.1325195559871816e-05,0.0,1.1325195559871816e-05,,False,0.2704659021321342,0.03560751152792361,24,0,25,0.96,6.116243564031007e-08,summer,2,0,1.2721786613184496,True
pwl,4,P3_dev_run0,shoulder,7,1.132517941739807e-05,0.0,1.132517941739807e-05,,False,0.2704659021321342,0.03560751152792361,24,0,25,0.96,6.116243564031007e-08,summer,2,0,1.2721786613184496,True
pwl,4,P3_dev_run0,shoulder,8,7.693848816256442e-09,0.0,7.693848816256442e-09,,False,0.2704659021321342,0.03560751152792361,24,0,25,0.96,6.116243564031007e-08,summer,2,0,1.2721786613184496,True
pwl,4,P3_dev_run0,shoulder,9,4.53350886936143e-11,0.0,4.53350886936143e-11,,False,0.2704659021321342,0.03560751152792361,24,0,25,0.96,6.116243564031007e-08,summer,2,0,1.2721786613184496,True
pwl,4,P3_dev_run0,shoulder,10,0.1627999623633778,0.15,0.012799962363377798,0.08533308242251866,False,0.2704659021321342,0.03560751152792361,24,0,25,0.96,6.116243564031007e-08,summer,2,0,1.2721786613184496,True
pwl,4,P3_dev_run0,shoulder,11,0.010000000039961886,0.0,0.010000000039961886,,False,0.2704659021321342,0.03560751152792361,24,0,25,0.96,6.116243564031007e-08,summer,2,0,1.2721786613184496,True
pwl,4,P3_dev_run0,shoulder,12,3.27704970176959e-11,0.0,3.27704970176959e-11,,False,0.2704659021321342,0.03560751152792361,24,0,25,0.96,6.116243564031007e-08,summer,2,0,1.2721786613184496,True
pwl,4,P3_dev_run0,shoulder,13,4.8800516194627116e-11,0.0,4.8800516194627116e-11,,False,0.2704659021321342,0.03560751152792361,24,0,25,0.96,6.116243564031007e-08,summer,2,0,1.2721786613184496,True
pwl,4,P3_dev_run0,shoulder,14,3.085786044531237e-11,0.0,3.085786044531237e-11,,False,0.2704659021321342,0.03560751152792361,24,0,25,0.96,6.116243564031007e-08,summer,2,0,1.2721786613184496,True
pwl,4,P3_dev_run0,shoulder,15,3.4920598531841594e-11,0.0,3.4920598531841594e-11,,False,0.2704659021321342,0.03560751152792361,24,0,25,0.96,6.116243564031007e-08,summer,2,0,1.2721786613184496,True
pwl,4,P3_dev_run0,shoulder,16,1.5220279615430652e-10,0.0,1.5220279615430652e-10,,False,0.2704659021321342,0.03560751152792361,24,0,25,0.96,6.116243564031007e-08,summer,2,0,1.2721786613184496,True
pwl,4,P3_dev_run0,shoulder,17,3.228001752514151e-10,0.0,3.228001752514151e-10,,False,0.2704659021321342,0.03560751152792361,24,0,25,0.96,6.116243564031007e-08,summer,2,0,1.2721786613184496,True
pwl,4,P3_dev_run0,shoulder,18,2.0295710811730434e-10,0.0,2.0295710811730434e-10,,False,0.2704659021321342,0.03560751152792361,24,0,25,0.96,6.116243564031007e-08,summer,2,0,1.2721786613184496,True
pwl,4,P3_dev_run0,shoulder,19,1.0992293395059297e-09,0.0,1.0992293395059297e-09,,False,0.2704659021321342,0.03560751152792361,24,0,25,0.96,6.116243564031007e-08,summer,2,0,1.2721786613184496,True
pwl,4,P3_dev_run0,shoulder,20,1.1774350990785213e-10,0.0,1.1774350990785213e-10,,False,0.2704659021321342,0.03560751152792361,24,0,25,0.96,6.116243564031007e-08,summer,2,0,1.2721786613184496,True
pwl,4,P3_dev_run0,shoulder,21,3.6235082255707913e-11,0.0,3.6235082255707913e-11,,False,0.2704659021321342,0.03560751152792361,24,0,25,0.96,6.116243564031007e-08,summer,2,0,1.2721786613184496,True
pwl,4,P3_dev_run0,shoulder,22,3.689142715042369e-11,0.0,3.689142715042369e-11,,False,0.2704659021321342,0.03560751152792361,24,0,25,0.96,6.116243564031007e-08,summer,2,0,1.2721786613184496,True
pwl,4,P3_dev_run0,shoulder,23,1.3988777873139723e-10,0.0,1.3988777873139723e-10,,False,0.2704659021321342,0.03560751152792361,24,0,25,0.96,6.116243564031007e-08,summer,2,0,1.2721786613184496,True
pwl,9,P1_old_full_opt,summer,0,0.04555215193783824,0.0,0.04555215193783824,,False,0.04555215193804365,0.005997054573123977,25,11,32,0.78125,1.4025647781621037e-08,summer,23,0,0.2917334738577176,True
pwl,9,P1_old_full_opt,summer,1,0.008867631657061932,0.0,0.008867631657061932,,False,0.04555215193804365,0.005997054573123977,25,11,32,0.78125,1.4025647781621037e-08,summer,23,0,0.2917334738577176,True
pwl,9,P1_old_full_opt,summer,2,4.853685272720451e-08,0.0,4.853685272720451e-08,,False,0.04555215193804365,0.005997054573123977,25,11,32,0.78125,1.4025647781621037e-08,summer,23,0,0.2917334738577176,True
pwl,9,P1_old_full_opt,summer,3,0.04750610427746086,0.02,0.02750610427746086,1.375305213873043,False,0.04555215193804365,0.005997054573123977,25,11,32,0.78125,1.4025647781621037e-08,summer,23,0,0.2917334738577176,True
pwl,9,P1_old_full_opt,summer,4,0.04555215193835926,0.0,0.04555215193835926,,False,0.04555215193804365,0.005997054573123977,25,11,32,0.78125,1.4025647781621037e-08,summer,23,0,0.2917334738577176,True
pwl,9,P1_old_full_opt,summer,5,0.04555215193834801,0.0,0.04555215193834801,,False,0.04555215193804365,0.005997054573123977,25,11,32,0.78125,1.4025647781621037e-08,summer,23,0,0.2917334738577176,True
pwl,9,P1_old_full_opt,summer,6,0.009999999989926641,0.0,0.009999999989926641,,False,0.04555215193804365,0.005997054573123977,25,11,32,0.78125,1.4025647781621037e-08,summer,23,0,0.2917334738577176,True
pwl,9,P1_old_full_opt,summer,7,1.1716881559969364e-05,0.0,1.1716881559969364e-05,,False,0.04555215193804365,0.005997054573123977,25,11,32,0.78125,1.4025647781621037e-08,summer,23,0,0.2917334738577176,True
pwl,9,P1_old_full_opt,summer,8,1.1716894227871604e-05,0.0,1.1716894227871604e-05,,False,0.04555215193804365,0.005997054573123977,25,11,32,0.78125,1.4025647781621037e-08,summer,23,0,0.2917334738577176,True
pwl,9,P1_old_full_opt,summer,9,8.296812671169829e-09,0.0,8.296812671169829e-09,,False,0.04555215193804365,0.005997054573123977,25,11,32,0.78125,1.4025647781621037e-08,summer,23,0,0.2917334738577176,True
pwl,9,P1_old_full_opt,summer,10,3.8682548595032884e-11,0.0,3.8682548595032884e-11,,False,0.04555215193804365,0.005997054573123977,25,11,32,0.78125,1.4025647781621037e-08,summer,23,0,0.2917334738577176,True
pwl,9,P1_old_full_opt,summer,11,4.541755091091632e-11,0.0,4.541755091091632e-11,,False,0.04555215193804365,0.005997054573123977,25,11,32,0.78125,1.4025647781621037e-08,summer,23,0,0.2917334738577176,True
pwl,9,P1_old_full_opt,summer,12,4.138803805134301e-11,0.0,4.138803805134301e-11,,False,0.04555215193804365,0.005997054573123977,25,11,32,0.78125,1.4025647781621037e-08,summer,23,0,0.2917334738577176,True
pwl,9,P1_old_full_opt,summer,13,3.81820569667521e-11,0.0,3.81820569667521e-11,,False,0.04555215193804365,0.005997054573123977,25,11,32,0.78125,1.4025647781621037e-08,summer,23,0,0.2917334738577176,True
pwl,9,P1_old_full_opt,summer,14,1.1245872193019393e-10,0.0,1.1245872193019393e-10,,False,0.04555215193804365,0.005997054573123977,25,11,32,0.78125,1.4025647781621037e-08,summer,23,0,0.2917334738577176,True
pwl,9,P1_old_full_opt,summer,15,0.05430489435354407,0.0,0.05430489435354407,,False,0.04555215193804365,0.005997054573123977,25,11,32,0.78125,1.4025647781621037e-08,summer,23,0,0.2917334738577176,True
pwl,9,P1_old_full_opt,summer,16,0.12445079342330752,0.0,0.12445079342330752,,False,0.04555215193804365,0.005997054573123977,25,11,32,0.78125,1.4025647781621037e-08,summer,23,0,0.2917334738577176,True
pwl,9,P1_old_full_opt,summer,17,1.4004988879242627e-09,0.0,1.4004988879242627e-09,,False,0.04555215193804365,0.005997054573123977,25,11,32,0.78125,1.4025647781621037e-08,summer,23,0,0.2917334738577176,True
pwl,9,P1_old_full_opt,summer,18,9.423949069703917e-11,0.0,9.423949069703917e-11,,False,0.04555215193804365,0.005997054573123977,25,11,32,0.78125,1.4025647781621037e-08,summer,23,0,0.2917334738577176,True
pwl,9,P1_old_full_opt,summer,19,4.899062178020756e-11,0.0,4.899062178020756e-11,,False,0.04555215193804365,0.005997054573123977,25,11,32,0.78125,1.4025647781621037e-08,summer,23,0,0.2917334738577176,True
pwl,9,P1_old_full_opt,summer,20,4.506359840936441e-11,0.0,4.506359840936441e-11,,False,0.04555215193804365,0.005997054573123977,25,11,32,0.78125,1.4025647781621037e-08,summer,23,0,0.2917334738577176,True
pwl,9,P1_old_full_opt,summer,21,4.5906313974799126e-11,0.0,4.5906313974799126e-11,,False,0.04555215193804365,0.005997054573123977,25,11,32,0.78125,1.4025647781621037e-08,summer,23,0,0.2917334738577176,True
pwl,9,P1_old_full_opt,summer,22,2.4837374782204177e-10,0.0,2.4837374782204177e-10,,False,0.04555215193804365,0.005997054573123977,25,11,32,0.78125,1.4025647781621037e-08,summer,23,0,0.2917334738577176,True
pwl,9,P1_old_full_opt,summer,23,1.732066563113265e-08,0.0,1.732066563113265e-08,,False,0.04555215193804365,0.005997054573123977,25,11,32,0.78125,1.4025647781621037e-08,summer,23,0,0.2917334738577176,True
pwl,9,P1_old_full_opt,winter,0,0.045552151938042844,0.0,0.045552151938042844,,False,0.04555215193804365,0.005997054573123977,25,11,32,0.78125,1.4025647781621037e-08,summer,23,0,0.2917334738577176,True
pwl,9,P1_old_full_opt,winter,1,0.008867531534150052,0.0,0.008867531534150052,,False,0.04555215193804365,0.005997054573123977,25,11,32,0.78125,1.4025647781621037e-08,summer,23,0,0.2917334738577176,True
pwl,9,P1_old_full_opt,winter,2,2.271146805357463e-12,0.0,2.271146805357463e-12,,False,0.04555215193804365,0.005997054573123977,25,11,32,0.78125,1.4025647781621037e-08,summer,23,0,0.2917334738577176,True
pwl,9,P1_old_full_opt,winter,3,0.045552151938985645,0.0,0.045552151938985645,,False,0.04555215193804365,0.005997054573123977,25,11,32,0.78125,1.4025647781621037e-08,summer,23,0,0.2917334738577176,True
pwl,9,P1_old_full_opt,winter,4,0.04555215193818381,0.0,0.04555215193818381,,False,0.04555215193804365,0.005997054573123977,25,11,32,0.78125,1.4025647781621037e-08,summer,23,0,0.2917334738577176,True
pwl,9,P1_old_full_opt,winter,5,0.05750150578407957,0.02,0.03750150578407957,1.8750752892039784,False,0.04555215193804365,0.005997054573123977,25,11,32,0.78125,1.4025647781621037e-08,summer,23,0,0.2917334738577176,True
pwl,9,P1_old_full_opt,winter,6,1.1700808169161692e-05,0.0,1.1700808169161692e-05,,False,0.04555215193804365,0.005997054573123977,25,11,32,0.78125,1.4025647781621037e-08,summer,23,0,0.2917334738577176,True
pwl,9,P1_old_full_opt,winter,7,1.1717447376843074e-05,0.0,1.1717447376843074e-05,,False,0.04555215193804365,0.005997054573123977,25,11,32,0.78125,1.4025647781621037e-08,summer,23,0,0.2917334738577176,True
pwl,9,P1_old_full_opt,winter,8,1.171680605536956e-05,0.0,1.171680605536956e-05,,False,0.04555215193804365,0.005997054573123977,25,11,32,0.78125,1.4025647781621037e-08,summer,23,0,0.2917334738577176,True
pwl,9,P1_old_full_opt,winter,9,0.06327212743886965,0.0,0.06327212743886965,,False,0.04555215193804365,0.005997054573123977,25,11,32,0.78125,1.4025647781621037e-08,summer,23,0,0.2917334738577176,True
pwl,9,P1_old_full_opt,winter,10,0.04555215193809937,0.0,0.04555215193809937,,False,0.04555215193804365,0.005997054573123977,25,11,32,0.78125,1.4025647781621037e-08,summer,23,0,0.2917334738577176,True
pwl,9,P1_old_full_opt,winter,11,0.12445079348860154,0.0,0.12445079348860154,,False,0.04555215193804365,0.005997054573123977,25,11,32,0.78125,1.4025647781621037e-08,summer,23,0,0.2917334738577176,True
pwl,9,P1_old_full_opt,winter,12,2.380890617953468e-12,0.0,2.380890617953468e-12,,False,0.04555215193804365,0.005997054573123977,25,11,32,0.78125,1.4025647781621037e-08,summer,23,0,0.2917334738577176,True
pwl,9,P1_old_full_opt,winter,13,2.5017086223444593e-12,0.0,2.5017086223444593e-12,,False,0.04555215193804365,0.005997054573123977,25,11,32,0.78125,1.4025647781621037e-08,summer,23,0,0.2917334738577176,True
pwl,9,P1_old_full_opt,winter,14,1.2217220140111088e-12,0.0,1.2217220140111088e-12,,False,0.04555215193804365,0.005997054573123977,25,11,32,0.78125,1.4025647781621037e-08,summer,23,0,0.2917334738577176,True
pwl,9,P1_old_full_opt,winter,15,1.238112104120263e-12,0.0,1.238112104120263e-12,,False,0.04555215193804365,0.005997054573123977,25,11,32,0.78125,1.4025647781621037e-08,summer,23,0,0.2917334738577176,True
pwl,9,P1_old_full_opt,winter,16,1.5409163945976206e-12,0.0,1.5409163945976206e-12,,False,0.04555215193804365,0.005997054573123977,25,11,32,0.78125,1.4025647781621037e-08,summer,23,0,0.2917334738577176,True
pwl,9,P1_old_full_opt,winter,17,2.573103092886755e-12,0.0,2.573103092886755e-12,,False,0.04555215193804365,0.005997054573123977,25,11,32,0.78125,1.4025647781621037e-08,summer,23,0,0.2917334738577176,True
pwl,9,P1_old_full_opt,winter,18,1.407707763182852e-12,0.0,1.407707763182852e-12,,False,0.04555215193804365,0.005997054573123977,25,11,32,0.78125,1.4025647781621037e-08,summer,23,0,0.2917334738577176,True
pwl,9,P1_old_full_opt,winter,19,1.3105704290229586e-12,0.0,1.3105704290229586e-12,,False,0.04555215193804365,0.005997054573123977,25,11,32,0.78125,1.4025647781621037e-08,summer,23,0,0.2917334738577176,True
pwl,9,P1_old_full_opt,winter,20,0.0,0.0,0.0,,False,0.04555215193804365,0.005997054573123977,25,11,32,0.78125,1.4025647781621037e-08,summer,23,0,0.2917334738577176,True
pwl,9,P1_old_full_opt,winter,21,3.20174776637257e-09,0.0,3.20174776637257e-09,,False,0.04555215193804365,0.005997054573123977,25,11,32,0.78125,1.4025647781621037e-08,summer,23,0,0.2917334738577176,True
pwl,9,P1_old_full_opt,winter,22,0.028744742180626583,0.02,0.008744742180626583,0.4372371090313291,False,0.04555215193804365,0.005997054573123977,25,11,32,0.78125,1.4025647781621037e-08,summer,23,0,0.2917334738577176,True
pwl,9,P1_old_full_opt,winter,23,0.045552151939138,0.0,0.045552151939138,,False,0.04555215193804365,0.005997054573123977,25,11,32,0.78125,1.4025647781621037e-08,summer,23,0,0.2917334738577176,True
pwl,9,P1_old_full_opt,shoulder,0,0.045552151938030916,0.0,0.045552151938030916,,False,0.04555215193804365,0.005997054573123977,25,11,32,0.78125,1.4025647781621037e-08,summer,23,0,0.2917334738577176,True
pwl,9,P1_old_full_opt,shoulder,1,0.008867532030119368,0.0,0.008867532030119368,,False,0.04555215193804365,0.005997054573123977,25,11,32,0.78125,1.4025647781621037e-08,summer,23,0,0.2917334738577176,True
pwl,9,P1_old_full_opt,shoulder,2,6.010381821942938e-10,0.0,6.010381821942938e-10,,False,0.04555215193804365,0.005997054573123977,25,11,32,0.78125,1.4025647781621037e-08,summer,23,0,0.2917334738577176,True
pwl,9,P1_old_full_opt,shoulder,3,0.04555215194069006,0.0,0.04555215194069006,,False,0.04555215193804365,0.005997054573123977,25,11,32,0.78125,1.4025647781621037e-08,summer,23,0,0.2917334738577176,True
pwl,9,P1_old_full_opt,shoulder,4,0.04555215193807786,0.0,0.04555215193807786,,False,0.04555215193804365,0.005997054573123977,25,11,32,0.78125,1.4025647781621037e-08,summer,23,0,0.2917334738577176,True
pwl,9,P1_old_full_opt,shoulder,5,0.015407484066663977,0.02,0.004592515933336023,0.22962579666680116,False,0.04555215193804365,0.005997054573123977,25,11,32,0.78125,1.4025647781621037e-08,summer,23,0,0.2917334738577176,True
pwl,9,P1_old_full_opt,shoulder,6,1.1715845851586495e-05,0.0,1.1715845851586495e-05,,False,0.04555215193804365,0.005997054573123977,25,11,32,0.78125,1.4025647781621037e-08,summer,23,0,0.2917334738577176,True
pwl,9,P1_old_full_opt,shoulder,7,1.1714585139687051e-05,0.0,1.1714585139687051e-05,,False,0.04555215193804365,0.005997054573123977,25,11,32,0.78125,1.4025647781621037e-08,summer,23,0,0.2917334738577176,True
pwl,9,P1_old_full_opt,shoulder,8,2.8836149607562614e-10,0.0,2.8836149607562614e-10,,False,0.04555215193804365,0.005997054573123977,25,11,32,0.78125,1.4025647781621037e-08,summer,23,0,0.2917334738577176,True
pwl,9,P1_old_full_opt,shoulder,9,2.219502888825306e-12,0.0,2.219502888825306e-12,,False,0.04555215193804365,0.005997054573123977,25,11,32,0.78125,1.4025647781621037e-08,summer,23,0,0.2917334738577176,True
pwl,9,P1_old_full_opt,shoulder,10,0.050000000002213885,0.0,0.050000000002213885,,False,0.04555215193804365,0.005997054573123977,25,11,32,0.78125,1.4025647781621037e-08,summer,23,0,0.2917334738577176,True
pwl,9,P1_old_full_opt,shoulder,11,0.011338285060357238,0.0,0.011338285060357238,,False,0.04555215193804365,0.005997054573123977,25,11,32,0.78125,1.4025647781621037e-08,summer,23,0,0.2917334738577176,True
pwl,9,P1_old_full_opt,shoulder,12,1.1392339376725985e-12,0.0,1.1392339376725985e-12,,False,0.04555215193804365,0.005997054573123977,25,11,32,0.78125,1.4025647781621037e-08,summer,23,0,0.2917334738577176,True
pwl,9,P1_old_full_opt,shoulder,13,1.6750682185919471e-12,0.0,1.6750682185919471e-12,,False,0.04555215193804365,0.005997054573123977,25,11,32,0.78125,1.4025647781621037e-08,summer,23,0,0.2917334738577176,True
pwl,9,P1_old_full_opt,shoulder,14,9.007533560822464e-13,0.0,9.007533560822464e-13,,False,0.04555215193804365,0.005997054573123977,25,11,32,0.78125,1.4025647781621037e-08,summer,23,0,0.2917334738577176,True
pwl,9,P1_old_full_opt,shoulder,15,1.1662721238293898e-12,0.0,1.1662721238293898e-12,,False,0.04555215193804365,0.005997054573123977,25,11,32,0.78125,1.4025647781621037e-08,summer,23,0,0.2917334738577176,True
pwl,9,P1_old_full_opt,shoulder,16,3.982537784469787e-12,0.0,3.982537784469787e-12,,False,0.04555215193804365,0.005997054573123977,25,11,32,0.78125,1.4025647781621037e-08,summer,23,0,0.2917334738577176,True
pwl,9,P1_old_full_opt,shoulder,17,5.396944519900193e-12,0.0,5.396944519900193e-12,,False,0.04555215193804365,0.005997054573123977,25,11,32,0.78125,1.4025647781621037e-08,summer,23,0,0.2917334738577176,True
pwl,9,P1_old_full_opt,shoulder,18,5.344547563919631e-12,0.0,5.344547563919631e-12,,False,0.04555215193804365,0.005997054573123977,25,11,32,0.78125,1.4025647781621037e-08,summer,23,0,0.2917334738577176,True
pwl,9,P1_old_full_opt,shoulder,19,7.827911226777255e-12,0.0,7.827911226777255e-12,,False,0.04555215193804365,0.005997054573123977,25,11,32,0.78125,1.4025647781621037e-08,summer,23,0,0.2917334738577176,True
pwl,9,P1_old_full_opt,shoulder,20,3.7484926131231435e-12,0.0,3.7484926131231435e-12,,False,0.04555215193804365,0.005997054573123977,25,11,32,0.78125,1.4025647781621037e-08,summer,23,0,0.2917334738577176,True
pwl,9,P1_old_full_opt,shoulder,21,1.0268697010225748e-12,0.0,1.0268697010225748e-12,,False,0.04555215193804365,0.005997054573123977,25,11,32,0.78125,1.4025647781621037e-08,summer,23,0,0.2917334738577176,True
pwl,9,P1_old_full_opt,shoulder,22,1.0205485964963466e-12,0.0,1.0205485964963466e-12,,False,0.04555215193804365,0.005997054573123977,25,11,32,0.78125,1.4025647781621037e-08,summer,23,0,0.2917334738577176,True
pwl,9,P1_old_full_opt,shoulder,23,3.1443203897294197e-12,0.0,3.1443203897294197e-12,,False,0.04555215193804365,0.005997054573123977,25,11,32,0.78125,1.4025647781621037e-08,summer,23,0,0.2917334738577176,True
pwl,9,P2_dev_run1,summer,0,0.09999999999710256,0.1,2.8974461718789257e-12,2.8974461718789257e-11,False,0.07842217066606379,0.0103244746344123,20,3,25,0.8,3.340682164776844e-08,winter,2,0,0.6948618902735836,True
pwl,9,P2_dev_run1,summer,1,7.160007001208644e-09,0.0,7.160007001208644e-09,,False,0.07842217066606379,0.0103244746344123,20,3,25,0.8,3.340682164776844e-08,winter,2,0,0.6948618902735836,True
pwl,9,P2_dev_run1,summer,2,4.126938256341134e-07,0.0,4.126938256341134e-07,,False,0.07842217066606379,0.0103244746344123,20,3,25,0.8,3.340682164776844e-08,winter,2,0,0.6948618902735836,True
pwl,9,P2_dev_run1,summer,3,6.742317399180448e-07,0.0,6.742317399180448e-07,,False,0.07842217066606379,0.0103244746344123,20,3,25,0.8,3.340682164776844e-08,winter,2,0,0.6948618902735836,True
pwl,9,P2_dev_run1,summer,4,0.05000000000531883,0.05,5.318828710798584e-12,1.0637657421597169e-10,False,0.07842217066606379,0.0103244746344123,20,3,25,0.8,3.340682164776844e-08,winter,2,0,0.6948618902735836,True
pwl,9,P2_dev_run1,summer,5,0.05269631999088668,0.0,0.05269631999088668,,False,0.07842217066606379,0.0103244746344123,20,3,25,0.8,3.340682164776844e-08,winter,2,0,0.6948618902735836,True
pwl,9,P2_dev_run1,summer,6,1.1297412723144288e-05,0.0,1.1297412723144288e-05,,False,0.07842217066606379,0.0103244746344123,20,3,25,0.8,3.340682164776844e-08,winter,2,0,0.6948618902735836,True
pwl,9,P2_dev_run1,summer,7,1.1297414053460531e-05,0.0,1.1297414053460531e-05,,False,0.07842217066606379,0.0103244746344123,20,3,25,0.8,3.340682164776844e-08,winter,2,0,0.6948618902735836,True
pwl,9,P2_dev_run1,summer,8,1.1297414867315481e-05,0.0,1.1297414867315481e-05,,False,0.07842217066606379,0.0103244746344123,20,3,25,0.8,3.340682164776844e-08,winter,2,0,0.6948618902735836,True
pwl,9,P2_dev_run1,summer,9,1.8501588941277377e-08,0.0,1.8501588941277377e-08,,False,0.07842217066606379,0.0103244746344123,20,3,25,0.8,3.340682164776844e-08,winter,2,0,0.6948618902735836,True
pwl,9,P2_dev_run1,summer,10,1.3362191949823025e-09,0.0,1.3362191949823025e-09,,False,0.07842217066606379,0.0103244746344123,20,3,25,0.8,3.340682164776844e-08,winter,2,0,0.6948618902735836,True
pwl,9,P2_dev_run1,summer,11,4.656499768929489e-09,0.0,4.656499768929489e-09,,False,0.07842217066606379,0.0103244746344123,20,3,25,0.8,3.340682164776844e-08,winter,2,0,0.6948618902735836,True
pwl,9,P2_dev_run1,summer,12,4.335854787008465e-09,0.0,4.335854787008465e-09,,False,0.07842217066606379,0.0103244746344123,20,3,25,0.8,3.340682164776844e-08,winter,2,0,0.6948618902735836,True
pwl,9,P2_dev_run1,summer,13,1.5092065267716967e-09,0.0,1.5092065267716967e-09,,False,0.07842217066606379,0.0103244746344123,20,3,25,0.8,3.340682164776844e-08,winter,2,0,0.6948618902735836,True
pwl,9,P2_dev_run1,summer,14,4.042753585827059e-09,0.0,4.042753585827059e-09,,False,0.07842217066606379,0.0103244746344123,20,3,25,0.8,3.340682164776844e-08,winter,2,0,0.6948618902735836,True
pwl,9,P2_dev_run1,summer,15,0.07235690651410348,0.0,0.07235690651410348,,False,0.07842217066606379,0.0103244746344123,20,3,25,0.8,3.340682164776844e-08,winter,2,0,0.6948618902735836,True
pwl,9,P2_dev_run1,summer,16,0.10000000000550614,0.1,5.506137212840656e-12,5.506137212840656e-11,False,0.07842217066606379,0.0103244746344123,20,3,25,0.8,3.340682164776844e-08,winter,2,0,0.6948618902735836,True
pwl,9,P2_dev_run1,summer,17,1.024339031739594e-08,0.0,1.024339031739594e-08,,False,0.07842217066606379,0.0103244746344123,20,3,25,0.8,3.340682164776844e-08,winter,2,0,0.6948618902735836,True
pwl,9,P2_dev_run1,summer,18,1.6750236188755043e-09,0.0,1.6750236188755043e-09,,False,0.07842217066606379,0.0103244746344123,20,3,25,0.8,3.340682164776844e-08,winter,2,0,0.6948618902735836,True
pwl,9,P2_dev_run1,summer,19,5.017185100902386e-10,0.0,5.017185100902386e-10,,False,0.07842217066606379,0.0103244746344123,20,3,25,0.8,3.340682164776844e-08,winter,2,0,0.6948618902735836,True
pwl,9,P2_dev_run1,summer,20,4.319999017813974e-10,0.0,4.319999017813974e-10,,False,0.07842217066606379,0.0103244746344123,20,3,25,0.8,3.340682164776844e-08,winter,2,0,0.6948618902735836,True
pwl,9,P2_dev_run1,summer,21,2.4746647440288368e-09,0.0,2.4746647440288368e-09,,False,0.07842217066606379,0.0103244746344123,20,3,25,0.8,3.340682164776844e-08,winter,2,0,0.6948618902735836,True
pwl,9,P2_dev_run1,summer,22,8.430053202518008e-09,0.0,8.430053202518008e-09,,False,0.07842217066606379,0.0103244746344123,20,3,25,0.8,3.340682164776844e-08,winter,2,0,0.6948618902735836,True
pwl,9,P2_dev_run1,summer,23,1.412819954816814e-08,0.0,1.412819954816814e-08,,False,0.07842217066606379,0.0103244746344123,20,3,25,0.8,3.340682164776844e-08,winter,2,0,0.6948618902735836,True
pwl,9,P2_dev_run1,winter,0,0.14999999996297567,0.1,0.04999999996297566,0.4999999996297566,False,0.07842217066606379,0.0103244746344123,20,3,25,0.8,3.340682164776844e-08,winter,2,0,0.6948618902735836,True
pwl,9,P2_dev_run1,winter,1,2.3176244247317272e-08,0.0,2.3176244247317272e-08,,False,0.07842217066606379,0.0103244746344123,20,3,25,0.8,3.340682164776844e-08,winter,2,0,0.6948618902735836,True
pwl,9,P2_dev_run1,winter,2,4.226021243235354e-07,0.0,4.226021243235354e-07,,False,0.07842217066606379,0.0103244746344123,20,3,25,0.8,3.340682164776844e-08,winter,2,0,0.6948618902735836,True
pwl,9,P2_dev_run1,winter,3,0.07499999998373123,0.05,0.02499999998373123,0.4999999996746246,False,0.07842217066606379,0.0103244746344123,20,3,25,0.8,3.340682164776844e-08,winter,2,0,0.6948618902735836,True
pwl,9,P2_dev_run1,winter,4,0.07842217066845998,0.0,0.07842217066845998,,False,0.07842217066606379,0.0103244746344123,20,3,25,0.8,3.340682164776844e-08,winter,2,0,0.6948618902735836,True
pwl,9,P2_dev_run1,winter,5,1.129739509376654e-05,0.0,1.129739509376654e-05,,False,0.07842217066606379,0.0103244746344123,20,3,25,0.8,3.340682164776844e-08,winter,2,0,0.6948618902735836,True
pwl,9,P2_dev_run1,winter,6,1.1297396191163073e-05,0.0,1.1297396191163073e-05,,False,0.07842217066606379,0.0103244746344123,20,3,25,0.8,3.340682164776844e-08,winter,2,0,0.6948618902735836,True
pwl,9,P2_dev_run1,winter,7,1.1297396597041864e-05,0.0,1.1297396597041864e-05,,False,0.07842217066606379,0.0103244746344123,20,3,25,0.8,3.340682164776844e-08,winter,2,0,0.6948618902735836,True
pwl,9,P2_dev_run1,winter,8,1.1297395057671638e-05,0.0,1.1297395057671638e-05,,False,0.07842217066606379,0.0103244746344123,20,3,25,0.8,3.340682164776844e-08,winter,2,0,0.6948618902735836,True
pwl,9,P2_dev_run1,winter,9,2.339092348672631e-08,0.0,2.339092348672631e-08,,False,0.07842217066606379,0.0103244746344123,20,3,25,0.8,3.340682164776844e-08,winter,2,0,0.6948618902735836,True
pwl,9,P2_dev_run1,winter,10,0.07842217066695964,0.0,0.07842217066695964,,False,0.07842217066606379,0.0103244746344123,20,3,25,0.8,3.340682164776844e-08,winter,2,0,0.6948618902735836,True
pwl,9,P2_dev_run1,winter,11,0.05224468026179582,0.05,0.00224468026179582,0.0448936052359164,False,0.07842217066606379,0.0103244746344123,20,3,25,0.8,3.340682164776844e-08,winter,2,0,0.6948618902735836,True
pwl,9,P2_dev_run1,winter,12,6.040228703246925e-09,0.0,6.040228703246925e-09,,False,0.07842217066606379,0.0103244746344123,20,3,25,0.8,3.340682164776844e-08,winter,2,0,0.6948618902735836,True
pwl,9,P2_dev_run1,winter,13,2.614989904668316e-08,0.0,2.614989904668316e-08,,False,0.07842217066606379,0.0103244746344123,20,3,25,0.8,3.340682164776844e-08,winter,2,0,0.6948618902735836,True
pwl,9,P2_dev_run1,winter,14,5.6676412502953825e-09,0.0,5.6676412502953825e-09,,False,0.07842217066606379,0.0103244746344123,20,3,25,0.8,3.340682164776844e-08,winter,2,0,0.6948618902735836,True
pwl,9,P2_dev_run1,winter,15,1.723387880643616e-09,0.0,1.723387880643616e-09,,False,0.07842217066606379,0.0103244746344123,20,3,25,0.8,3.340682164776844e-08,winter,2,0,0.6948618902735836,True
pwl,9,P2_dev_run1,winter,16,5.885753798476519e-09,0.0,5.885753798476519e-09,,False,0.07842217066606379,0.0103244746344123,20,3,25,0.8,3.340682164776844e-08,winter,2,0,0.6948618902735836,True
pwl,9,P2_dev_run1,winter,17,6.098424371794273e-09,0.0,6.098424371794273e-09,,False,0.07842217066606379,0.0103244746344123,20,3,25,0.8,3.340682164776844e-08,winter,2,0,0.6948618902735836,True
pwl,9,P2_dev_run1,winter,18,3.622112318447884e-09,0.0,3.622112318447884e-09,,False,0.07842217066606379,0.0103244746344123,20,3,25,0.8,3.340682164776844e-08,winter,2,0,0.6948618902735836,True
pwl,9,P2_dev_run1,winter,19,1.0616846071752808e-09,0.0,1.0616846071752808e-09,,False,0.07842217066606379,0.0103244746344123,20,3,25,0.8,3.340682164776844e-08,winter,2,0,0.6948618902735836,True
pwl,9,P2_dev_run1,winter,20,1.3458678570824753e-08,0.0,1.3458678570824753e-08,,False,0.07842217066606379,0.0103244746344123,20,3,25,0.8,3.340682164776844e-08,winter,2,0,0.6948618902735836,True
pwl,9,P2_dev_run1,winter,21,5.739085818989863e-07,0.0,5.739085818989863e-07,,False,0.07842217066606379,0.0103244746344123,20,3,25,0.8,3.340682164776844e-08,winter,2,0,0.6948618902735836,True
pwl,9,P2_dev_run1,winter,22,5.964102119766342e-07,0.0,5.964102119766342e-07,,False,0.07842217066606379,0.0103244746344123,20,3,25,0.8,3.340682164776844e-08,winter,2,0,0.6948618902735836,True
pwl,9,P2_dev_run1,winter,23,0.14999999996419497,0.1,0.04999999996419496,0.49999999964194963,False,0.07842217066606379,0.0103244746344123,20,3,25,0.8,3.340682164776844e-08,winter,2,0,0.6948618902735836,True
pwl,9,P2_dev_run1,shoulder,0,0.07499999999862475,0.1,0.025000000001375255,0.25000000001375255,False,0.07842217066606379,0.0103244746344123,20,3,25,0.8,3.340682164776844e-08,winter,2,0,0.6948618902735836,True
pwl,9,P2_dev_run1,shoulder,1,3.4249425545532702e-09,0.0,3.4249425545532702e-09,,False,0.07842217066606379,0.0103244746344123,20,3,25,0.8,3.340682164776844e-08,winter,2,0,0.6948618902735836,True
pwl,9,P2_dev_run1,shoulder,2,4.357600657186049e-07,0.0,4.357600657186049e-07,,False,0.07842217066606379,0.0103244746344123,20,3,25,0.8,3.340682164776844e-08,winter,2,0,0.6948618902735836,True
pwl,9,P2_dev_run1,shoulder,3,0.024273407093011633,0.05,0.02572659290698837,0.5145318581397673,False,0.07842217066606379,0.0103244746344123,20,3,25,0.8,3.340682164776844e-08,winter,2,0,0.6948618902735836,True
pwl,9,P2_dev_run1,shoulder,4,0.07842217066608985,0.0,0.07842217066608985,,False,0.07842217066606379,0.0103244746344123,20,3,25,0.8,3.340682164776844e-08,winter,2,0,0.6948618902735836,True
pwl,9,P2_dev_run1,shoulder,5,1.1297404746903116e-05,0.0,1.1297404746903116e-05,,False,0.07842217066606379,0.0103244746344123,20,3,25,0.8,3.340682164776844e-08,winter,2,0,0.6948618902735836,True
pwl,9,P2_dev_run1,shoulder,6,1.1297404214638876e-05,0.0,1.1297404214638876e-05,,False,0.07842217066606379,0.0103244746344123,20,3,25,0.8,3.340682164776844e-08,winter,2,0,0.6948618902735836,True
pwl,9,P2_dev_run1,shoulder,7,1.1297404515119674e-05,0.0,1.1297404515119674e-05,,False,0.07842217066606379,0.0103244746344123,20,3,25,0.8,3.340682164776844e-08,winter,2,0,0.6948618902735836,True
pwl,9,P2_dev_run1,shoulder,8,3.6150506917853146e-08,0.0,3.6150506917853146e-08,,False,0.07842217066606379,0.0103244746344123,20,3,25,0.8,3.340682164776844e-08,winter,2,0,0.6948618902735836,True
pwl,9,P2_dev_run1,shoulder,9,5.653750357186013e-09,0.0,5.653750357186013e-09,,False,0.07842217066606379,0.0103244746344123,20,3,25,0.8,3.340682164776844e-08,winter,2,0,0.6948618902735836,True
pwl,9,P2_dev_run1,shoulder,10,0.09999999999819882,0.1,1.8011842017884305e-12,1.8011842017884305e-11,False,0.07842217066606379,0.0103244746344123,20,3,25,0.8,3.340682164776844e-08,winter,2,0,0.6948618902735836,True
pwl,9,P2_dev_run1,shoulder,11,1.2378206789005327e-08,0.0,1.2378206789005327e-08,,False,0.07842217066606379,0.0103244746344123,20,3,25,0.8,3.340682164776844e-08,winter,2,0,0.6948618902735836,True
pwl,9,P2_dev_run1,shoulder,12,1.9055874530595064e-09,0.0,1.9055874530595064e-09,,False,0.07842217066606379,0.0103244746344123,20,3,25,0.8,3.340682164776844e-08,winter,2,0,0.6948618902735836,True
pwl,9,P2_dev_run1,shoulder,13,2.03985353104761e-09,0.0,2.03985353104761e-09,,False,0.07842217066606379,0.0103244746344123,20,3,25,0.8,3.340682164776844e-08,winter,2,0,0.6948618902735836,True
pwl,9,P2_dev_run1,shoulder,14,2.2401026267029634e-12,0.0,2.2401026267029634e-12,,False,0.07842217066606379,0.0103244746344123,20,3,25,0.8,3.340682164776844e-08,winter,2,0,0.6948618902735836,True
pwl,9,P2_dev_run1,shoulder,15,1.7910877466816218e-09,0.0,1.7910877466816218e-09,,False,0.07842217066606379,0.0103244746344123,20,3,25,0.8,3.340682164776844e-08,winter,2,0,0.6948618902735836,True
pwl,9,P2_dev_run1,shoulder,16,1.1375807500022194e-08,0.0,1.1375807500022194e-08,,False,0.07842217066606379,0.0103244746344123,20,3,25,0.8,3.340682164776844e-08,winter,2,0,0.6948618902735836,True
pwl,9,P2_dev_run1,shoulder,17,1.0060566531618741e-08,0.0,1.0060566531618741e-08,,False,0.07842217066606379,0.0103244746344123,20,3,25,0.8,3.340682164776844e-08,winter,2,0,0.6948618902735836,True
pwl,9,P2_dev_run1,shoulder,18,1.576538191924583e-08,0.0,1.576538191924583e-08,,False,0.07842217066606379,0.0103244746344123,20,3,25,0.8,3.340682164776844e-08,winter,2,0,0.6948618902735836,True
pwl,9,P2_dev_run1,shoulder,19,1.5847572463244456e-08,0.0,1.5847572463244456e-08,,False,0.07842217066606379,0.0103244746344123,20,3,25,0.8,3.340682164776844e-08,winter,2,0,0.6948618902735836,True
pwl,9,P2_dev_run1,shoulder,20,1.0565949991421507e-08,0.0,1.0565949991421507e-08,,False,0.07842217066606379,0.0103244746344123,20,3,25,0.8,3.340682164776844e-08,winter,2,0,0.6948618902735836,True
pwl,9,P2_dev_run1,shoulder,21,0.0,0.0,0.0,,False,0.07842217066606379,0.0103244746344123,20,3,25,0.8,3.340682164776844e-08,winter,2,0,0.6948618902735836,True
pwl,9,P2_dev_run1,shoulder,22,1.6662794121596695e-09,0.0,1.6662794121596695e-09,,False,0.07842217066606379,0.0103244746344123,20,3,25,0.8,3.340682164776844e-08,winter,2,0,0.6948618902735836,True
pwl,9,P2_dev_run1,shoulder,23,5.102613436608296e-09,0.0,5.102613436608296e-09,,False,0.07842217066606379,0.0103244746344123,20,3,25,0.8,3.340682164776844e-08,winter,2,0,0.6948618902735836,True
pwl,9,P3_dev_run0,summer,0,0.17289468261795626,0.15,0.02289468261795627,0.1526312174530418,False,0.2704659021321342,0.03560751152792361,24,0,25,0.96,3.856688183700412e-08,shoulder,3,0,0.8021911422096857,True
pwl,9,P3_dev_run0,summer,1,2.1586781452278975e-10,0.0,2.1586781452278975e-10,,False,0.2704659021321342,0.03560751152792361,24,0,25,0.96,3.856688183700412e-08,shoulder,3,0,0.8021911422096857,True
pwl,9,P3_dev_run0,summer,2,3.461658765980646e-07,0.0,3.461658765980646e-07,,False,0.2704659021321342,0.03560751152792361,24,0,25,0.96,3.856688183700412e-08,shoulder,3,0,0.8021911422096857,True
pwl,9,P3_dev_run0,summer,3,2.8708960443761693e-07,0.0,2.8708960443761693e-07,,False,0.2704659021321342,0.03560751152792361,24,0,25,0.96,3.856688183700412e-08,shoulder,3,0,0.8021911422096857,True
pwl,9,P3_dev_run0,summer,4,0.15000000076239042,0.0,0.15000000076239042,,False,0.2704659021321342,0.03560751152792361,24,0,25,0.96,3.856688183700412e-08,shoulder,3,0,0.8021911422096857,True
pwl,9,P3_dev_run0,summer,5,0.19999999950377764,0.2,4.962223687510203e-10,2.4811118437551016e-09,False,0.2704659021321342,0.03560751152792361,24,0,25,0.96,3.856688183700412e-08,shoulder,3,0,0.8021911422096857,True
pwl,9,P3_dev_run0,summer,6,1.1325375598386409e-05,0.0,1.1325375598386409e-05,,False,0.2704659021321342,0.03560751152792361,24,0,25,0.96,3.856688183700412e-08,shoulder,3,0,0.8021911422096857,True
pwl,9,P3_dev_run0,summer,7,1.1325381018521297e-05,0.0,1.1325381018521297e-05,,False,0.2704659021321342,0.03560751152792361,24,0,25,0.96,3.856688183700412e-08,shoulder,3,0,0.8021911422096857,True
pwl,9,P3_dev_run0,summer,8,1.1325384321572904e-05,0.0,1.1325384321572904e-05,,False,0.2704659021321342,0.03560751152792361,24,0,25,0.96,3.856688183700412e-08,shoulder,3,0,0.8021911422096857,True
pwl,9,P3_dev_run0,summer,9,2.5080272285215e-08,0.0,2.5080272285215e-08,,False,0.2704659021321342,0.03560751152792361,24,0,25,0.96,3.856688183700412e-08,shoulder,3,0,0.8021911422096857,True
pwl,9,P3_dev_run0,summer,10,1.1777246908184566e-10,0.0,1.1777246908184566e-10,,False,0.2704659021321342,0.03560751152792361,24,0,25,0.96,3.856688183700412e-08,shoulder,3,0,0.8021911422096857,True
pwl,9,P3_dev_run0,summer,11,1.0518054754402457e-10,0.0,1.0518054754402457e-10,,False,0.2704659021321342,0.03560751152792361,24,0,25,0.96,3.856688183700412e-08,shoulder,3,0,0.8021911422096857,True
pwl,9,P3_dev_run0,summer,12,1.0316155525510369e-10,0.0,1.0316155525510369e-10,,False,0.2704659021321342,0.03560751152792361,24,0,25,0.96,3.856688183700412e-08,shoulder,3,0,0.8021911422096857,True
pwl,9,P3_dev_run0,summer,13,1.8281822755168934e-10,0.0,1.8281822755168934e-10,,False,0.2704659021321342,0.03560751152792361,24,0,25,0.96,3.856688183700412e-08,shoulder,3,0,0.8021911422096857,True
pwl,9,P3_dev_run0,summer,14,7.548825032756882e-10,0.0,7.548825032756882e-10,,False,0.2704659021321342,0.03560751152792361,24,0,25,0.96,3.856688183700412e-08,shoulder,3,0,0.8021911422096857,True
pwl,9,P3_dev_run0,summer,15,0.14572048031758877,0.0,0.14572048031758877,,False,0.2704659021321342,0.03560751152792361,24,0,25,0.96,3.856688183700412e-08,shoulder,3,0,0.8021911422096857,True
pwl,9,P3_dev_run0,summer,16,0.19999999998824006,0.2,1.1759954121615124e-11,5.879977060807562e-11,False,0.2704659021321342,0.03560751152792361,24,0,25,0.96,3.856688183700412e-08,shoulder,3,0,0.8021911422096857,True
pwl,9,P3_dev_run0,summer,17,1.3593010403879227e-08,0.0,1.3593010403879227e-08,,False,0.2704659021321342,0.03560751152792361,24,0,25,0.96,3.856688183700412e-08,shoulder,3,0,0.8021911422096857,True
pwl,9,P3_dev_run0,summer,18,6.277123629932702e-10,0.0,6.277123629932702e-10,,False,0.2704659021321342,0.03560751152792361,24,0,25,0.96,3.856688183700412e-08,shoulder,3,0,0.8021911422096857,True
pwl,9,P3_dev_run0,summer,19,0.0,0.0,0.0,,False,0.2704659021321342,0.03560751152792361,24,0,25,0.96,3.856688183700412e-08,shoulder,3,0,0.8021911422096857,True
pwl,9,P3_dev_run0,summer,20,1.1286217966653534e-11,0.0,1.1286217966653534e-11,,False,0.2704659021321342,0.03560751152792361,24,0,25,0.96,3.856688183700412e-08,shoulder,3,0,0.8021911422096857,True
pwl,9,P3_dev_run0,summer,21,9.433326089357334e-10,0.0,9.433326089357334e-10,,False,0.2704659021321342,0.03560751152792361,24,0,25,0.96,3.856688183700412e-08,shoulder,3,0,0.8021911422096857,True
pwl,9,P3_dev_run0,summer,22,4.26680813788643e-09,0.0,4.26680813788643e-09,,False,0.2704659021321342,0.03560751152792361,24,0,25,0.96,3.856688183700412e-08,shoulder,3,0,0.8021911422096857,True
pwl,9,P3_dev_run0,summer,23,0.1921055817664196,0.0,0.1921055817664196,,False,0.2704659021321342,0.03560751152792361,24,0,25,0.96,3.856688183700412e-08,shoulder,3,0,0.8021911422096857,True
pwl,9,P3_dev_run0,winter,0,0.17289468570004243,0.15,0.02289468570004244,0.15263123800028294,False,0.2704659021321342,0.03560751152792361,24,0,25,0.96,3.856688183700412e-08,shoulder,3,0,0.8021911422096857,True
pwl,9,P3_dev_run0,winter,1,1.1225606586553166e-08,0.0,1.1225606586553166e-08,,False,0.2704659021321342,0.03560751152792361,24,0,25,0.96,3.856688183700412e-08,shoulder,3,0,0.8021911422096857,True
pwl,9,P3_dev_run0,winter,2,5.946954311258215e-07,0.0,5.946954311258215e-07,,False,0.2704659021321342,0.03560751152792361,24,0,25,0.96,3.856688183700412e-08,shoulder,3,0,0.8021911422096857,True
pwl,9,P3_dev_run0,winter,3,5.965472156546632e-07,0.0,5.965472156546632e-07,,False,0.2704659021321342,0.03560751152792361,24,0,25,0.96,3.856688183700412e-08,shoulder,3,0,0.8021911422096857,True
pwl,9,P3_dev_run0,winter,4,0.20000000010179664,0.2,1.0179662668363676e-10,5.089831334181838e-10,False,0.2704659021321342,0.03560751152792361,24,0,25,0.96,3.856688183700412e-08,shoulder,3,0,0.8021911422096857,True
pwl,9,P3_dev_run0,winter,5,1.1325319901497173e-05,0.0,1.1325319901497173e-05,,False,0.2704659021321342,0.03560751152792361,24,0,25,0.96,3.856688183700412e-08,shoulder,3,0,0.8021911422096857,True
pwl,9,P3_dev_run0,winter,6,1.1325325932946533e-05,0.0,1.1325325932946533e-05,,False,0.2704659021321342,0.03560751152792361,24,0,25,0.96,3.856688183700412e-08,shoulder,3,0,0.8021911422096857,True
pwl,9,P3_dev_run0,winter,7,1.132532853909183e-05,0.0,1.132532853909183e-05,,False,0.2704659021321342,0.03560751152792361,24,0,25,0.96,3.856688183700412e-08,shoulder,3,0,0.8021911422096857,True
pwl,9,P3_dev_run0,winter,8,1.1325375418894979e-05,0.0,1.1325375418894979e-05,,False,0.2704659021321342,0.03560751152792361,24,0,25,0.96,3.856688183700412e-08,shoulder,3,0,0.8021911422096857,True
pwl,9,P3_dev_run0,winter,9,0.0,0.0,0.0,,False,0.2704659021321342,0.03560751152792361,24,0,25,0.96,3.856688183700412e-08,shoulder,3,0,0.8021911422096857,True
pwl,9,P3_dev_run0,winter,10,0.34577973628098474,0.3,0.04577973628098475,0.15259912093661585,False,0.2704659021321342,0.03560751152792361,24,0,25,0.96,3.856688183700412e-08,shoulder,3,0,0.8021911422096857,True
pwl,9,P3_dev_run0,winter,11,4.458580460737843e-09,0.0,4.458580460737843e-09,,False,0.2704659021321342,0.03560751152792361,24,0,25,0.96,3.856688183700412e-08,shoulder,3,0,0.8021911422096857,True
pwl,9,P3_dev_run0,winter,12,0.0,0.0,0.0,,False,0.2704659021321342,0.03560751152792361,24,0,25,0.96,3.856688183700412e-08,shoulder,3,0,0.8021911422096857,True
pwl,9,P3_dev_run0,winter,13,4.648703928797466e-06,0.0,4.648703928797466e-06,,False,0.2704659021321342,0.03560751152792361,24,0,25,0.96,3.856688183700412e-08,shoulder,3,0,0.8021911422096857,True
pwl,9,P3_dev_run0,winter,14,1.684189132878966e-08,0.0,1.684189132878966e-08,,False,0.2704659021321342,0.03560751152792361,24,0,25,0.96,3.856688183700412e-08,shoulder,3,0,0.8021911422096857,True
pwl,9,P3_dev_run0,winter,15,0.0,0.0,0.0,,False,0.2704659021321342,0.03560751152792361,24,0,25,0.96,3.856688183700412e-08,shoulder,3,0,0.8021911422096857,True
pwl,9,P3_dev_run0,winter,16,4.3333742423975385e-09,0.0,4.3333742423975385e-09,,False,0.2704659021321342,0.03560751152792361,24,0,25,0.96,3.856688183700412e-08,shoulder,3,0,0.8021911422096857,True
pwl,9,P3_dev_run0,winter,17,1.980015007250955e-08,0.0,1.980015007250955e-08,,False,0.2704659021321342,0.03560751152792361,24,0,25,0.96,3.856688183700412e-08,shoulder,3,0,0.8021911422096857,True
pwl,9,P3_dev_run0,winter,18,5.163548145422822e-09,0.0,5.163548145422822e-09,,False,0.2704659021321342,0.03560751152792361,24,0,25,0.96,3.856688183700412e-08,shoulder,3,0,0.8021911422096857,True
pwl,9,P3_dev_run0,winter,19,1.5112470802678925e-08,0.0,1.5112470802678925e-08,,False,0.2704659021321342,0.03560751152792361,24,0,25,0.96,3.856688183700412e-08,shoulder,3,0,0.8021911422096857,True
pwl,9,P3_dev_run0,winter,20,1.290392676105771e-07,0.0,1.290392676105771e-07,,False,0.2704659021321342,0.03560751152792361,24,0,25,0.96,3.856688183700412e-08,shoulder,3,0,0.8021911422096857,True
pwl,9,P3_dev_run0,winter,21,6.593261284551905e-07,0.0,6.593261284551905e-07,,False,0.2704659021321342,0.03560751152792361,24,0,25,0.96,3.856688183700412e-08,shoulder,3,0,0.8021911422096857,True
pwl,9,P3_dev_run0,winter,22,6.048179678959162e-07,0.0,6.048179678959162e-07,,False,0.2704659021321342,0.03560751152792361,24,0,25,0.96,3.856688183700412e-08,shoulder,3,0,0.8021911422096857,True
pwl,9,P3_dev_run0,winter,23,0.1921055818129258,0.15,0.04210558181292581,0.28070387875283875,False,0.2704659021321342,0.03560751152792361,24,0,25,0.96,3.856688183700412e-08,shoulder,3,0,0.8021911422096857,True
pwl,9,P3_dev_run0,shoulder,0,0.17289466565936057,0.1,0.07289466565936056,0.7289466565936056,False,0.2704659021321342,0.03560751152792361,24,0,25,0.96,3.856688183700412e-08,shoulder,3,0,0.8021911422096857,True
pwl,9,P3_dev_run0,shoulder,1,1.4725784790892635e-09,0.0,1.4725784790892635e-09,,False,0.2704659021321342,0.03560751152792361,24,0,25,0.96,3.856688183700412e-08,shoulder,3,0,0.8021911422096857,True
pwl,9,P3_dev_run0,shoulder,2,3.1559518113842126e-07,0.0,3.1559518113842126e-07,,False,0.2704659021321342,0.03560751152792361,24,0,25,0.96,3.856688183700412e-08,shoulder,3,0,0.8021911422096857,True
pwl,9,P3_dev_run0,shoulder,3,4.675957764112131e-07,0.0,4.675957764112131e-07,,False,0.2704659021321342,0.03560751152792361,24,0,25,0.96,3.856688183700412e-08,shoulder,3,0,0.8021911422096857,True
pwl,9,P3_dev_run0,shoulder,4,0.149999999948712,0.2,0.05000000005128802,0.2500000002564401,False,0.2704659021321342,0.03560751152792361,24,0,25,0.96,3.856688183700412e-08,shoulder,3,0,0.8021911422096857,True
pwl,9,P3_dev_run0,shoulder,5,1.1325583753571748e-05,0.0,1.1325583753571748e-05,,False,0.2704659021321342,0.03560751152792361,24,0,25,0.96,3.856688183700412e-08,shoulder,3,0,0.8021911422096857,True
pwl,9,P3_dev_run0,shoulder,6,1.1325586827314824e-05,0.0,1.1325586827314824e-05,,False,0.2704659021321342,0.03560751152792361,24,0,25,0.96,3.856688183700412e-08,shoulder,3,0,0.8021911422096857,True
pwl,9,P3_dev_run0,shoulder,7,1.1325586833549667e-05,0.0,1.1325586833549667e-05,,False,0.2704659021321342,0.03560751152792361,24,0,25,0.96,3.856688183700412e-08,shoulder,3,0,0.8021911422096857,True
pwl,9,P3_dev_run0,shoulder,8,1.1325656174472496e-05,0.0,1.1325656174472496e-05,,False,0.2704659021321342,0.03560751152792361,24,0,25,0.96,3.856688183700412e-08,shoulder,3,0,0.8021911422096857,True
pwl,9,P3_dev_run0,shoulder,9,4.1660276866937956e-10,0.0,4.1660276866937956e-10,,False,0.2704659021321342,0.03560751152792361,24,0,25,0.96,3.856688183700412e-08,shoulder,3,0,0.8021911422096857,True
pwl,9,P3_dev_run0,shoulder,10,0.17281044120936992,0.15,0.022810441209369925,0.15206960806246617,False,0.2704659021321342,0.03560751152792361,24,0,25,0.96,3.856688183700412e-08,shoulder,3,0,0.8021911422096857,True
pwl,9,P3_dev_run0,shoulder,11,2.3851238638496646e-09,0.0,2.3851238638496646e-09,,False,0.2704659021321342,0.03560751152792361,24,0,25,0.96,3.856688183700412e-08,shoulder,3,0,0.8021911422096857,True
pwl,9,P3_dev_run0,shoulder,12,6.45992151961732e-10,0.0,6.45992151961732e-10,,False,0.2704659021321342,0.03560751152792361,24,0,25,0.96,3.856688183700412e-08,shoulder,3,0,0.8021911422096857,True
pwl,9,P3_dev_run0,shoulder,13,4.098433131981361e-09,0.0,4.098433131981361e-09,,False,0.2704659021321342,0.03560751152792361,24,0,25,0.96,3.856688183700412e-08,shoulder,3,0,0.8021911422096857,True
pwl,9,P3_dev_run0,shoulder,14,2.0855678123938267e-11,0.0,2.0855678123938267e-11,,False,0.2704659021321342,0.03560751152792361,24,0,25,0.96,3.856688183700412e-08,shoulder,3,0,0.8021911422096857,True
pwl,9,P3_dev_run0,shoulder,15,1.9962797324101474e-10,0.0,1.9962797324101474e-10,,False,0.2704659021321342,0.03560751152792361,24,0,25,0.96,3.856688183700412e-08,shoulder,3,0,0.8021911422096857,True
pwl,9,P3_dev_run0,shoulder,16,1.4527467858972416e-09,0.0,1.4527467858972416e-09,,False,0.2704659021321342,0.03560751152792361,24,0,25,0.96,3.856688183700412e-08,shoulder,3,0,0.8021911422096857,True
pwl,9,P3_dev_run0,shoulder,17,2.524754374144737e-09,0.0,2.524754374144737e-09,,False,0.2704659021321342,0.03560751152792361,24,0,25,0.96,3.856688183700412e-08,shoulder,3,0,0.8021911422096857,True
pwl,9,P3_dev_run0,shoulder,18,9.331704124867797e-10,0.0,9.331704124867797e-10,,False,0.2704659021321342,0.03560751152792361,24,0,25,0.96,3.856688183700412e-08,shoulder,3,0,0.8021911422096857,True
pwl,9,P3_dev_run0,shoulder,19,3.856941838681704e-09,0.0,3.856941838681704e-09,,False,0.2704659021321342,0.03560751152792361,24,0,25,0.96,3.856688183700412e-08,shoulder,3,0,0.8021911422096857,True
pwl,9,P3_dev_run0,shoulder,20,3.7942112733381763e-10,0.0,3.7942112733381763e-10,,False,0.2704659021321342,0.03560751152792361,24,0,25,0.96,3.856688183700412e-08,shoulder,3,0,0.8021911422096857,True
pwl,9,P3_dev_run0,shoulder,21,1.8388940582504316e-11,0.0,1.8388940582504316e-11,,False,0.2704659021321342,0.03560751152792361,24,0,25,0.96,3.856688183700412e-08,shoulder,3,0,0.8021911422096857,True
pwl,9,P3_dev_run0,shoulder,22,6.540807368498417e-10,0.0,6.540807368498417e-10,,False,0.2704659021321342,0.03560751152792361,24,0,25,0.96,3.856688183700412e-08,shoulder,3,0,0.8021911422096857,True
pwl,9,P3_dev_run0,shoulder,23,4.858708808053845e-09,0.0,4.858708808053845e-09,,False,0.2704659021321342,0.03560751152792361,24,0,25,0.96,3.856688183700412e-08,shoulder,3,0,0.8021911422096857,True
qp,,P1_old_full_opt,summer,0,0.04555215193804334,0.0,0.04555215193804334,,False,0.04555215193804365,0.005997054573123977,27,10,32,0.84375,4.557132783169382e-14,shoulder,19,0,9.478836188992315e-07,True
qp,,P1_old_full_opt,summer,1,0.00886753153600866,0.0,0.00886753153600866,,False,0.04555215193804365,0.005997054573123977,27,10,32,0.84375,4.557132783169382e-14,shoulder,19,0,9.478836188992315e-07,True
qp,,P1_old_full_opt,summer,2,1.8069281627061648e-14,0.0,1.8069281627061648e-14,,False,0.04555215193804365,0.005997054573123977,27,10,32,0.84375,4.557132783169382e-14,shoulder,19,0,9.478836188992315e-07,True
qp,,P1_old_full_opt,summer,3,0.01169445992616571,0.02,0.008305540073834291,0.41527700369171455,False,0.04555215193804365,0.005997054573123977,27,10,32,0.84375,4.557132783169382e-14,shoulder,19,0,9.478836188992315e-07,True
qp,,P1_old_full_opt,summer,4,0.045552151938043774,0.0,0.045552151938043774,,False,0.04555215193804365,0.005997054573123977,27,10,32,0.84375,4.557132783169382e-14,shoulder,19,0,9.478836188992315e-07,True
qp,,P1_old_full_opt,summer,5,0.04555215193804384,0.0,0.04555215193804384,,False,0.04555215193804365,0.005997054573123977,27,10,32,0.84375,4.557132783169382e-14,shoulder,19,0,9.478836188992315e-07,True
qp,,P1_old_full_opt,summer,6,0.0077564829630471215,0.0,0.0077564829630471215,,False,0.04555215193804365,0.005997054573123977,27,10,32,0.84375,4.557132783169382e-14,shoulder,19,0,9.478836188992315e-07,True
qp,,P1_old_full_opt,summer,7,1.1716873832286116e-05,0.0,1.1716873832286116e-05,,False,0.04555215193804365,0.005997054573123977,27,10,32,0.84375,4.557132783169382e-14,shoulder,19,0,9.478836188992315e-07,True
qp,,P1_old_full_opt,summer,8,1.171687384006709e-05,0.0,1.171687384006709e-05,,False,0.04555215193804365,0.005997054573123977,27,10,32,0.84375,4.557132783169382e-14,shoulder,19,0,9.478836188992315e-07,True
qp,,P1_old_full_opt,summer,9,1.721129273357872e-14,0.0,1.721129273357872e-14,,False,0.04555215193804365,0.005997054573123977,27,10,32,0.84375,4.557132783169382e-14,shoulder,19,0,9.478836188992315e-07,True
qp,,P1_old_full_opt,summer,10,1.5007847501232412e-14,0.0,1.5007847501232412e-14,,False,0.04555215193804365,0.005997054573123977,27,10,32,0.84375,4.557132783169382e-14,shoulder,19,0,9.478836188992315e-07,True
qp,,P1_old_full_opt,summer,11,1.5315610283825713e-14,0.0,1.5315610283825713e-14,,False,0.04555215193804365,0.005997054573123977,27,10,32,0.84375,4.557132783169382e-14,shoulder,19,0,9.478836188992315e-07,True
qp,,P1_old_full_opt,summer,12,1.5088296291506643e-14,0.0,1.5088296291506643e-14,,False,0.04555215193804365,0.005997054573123977,27,10,32,0.84375,4.557132783169382e-14,shoulder,19,0,9.478836188992315e-07,True
qp,,P1_old_full_opt,summer,13,1.454367094857285e-14,0.0,1.454367094857285e-14,,False,0.04555215193804365,0.005997054573123977,27,10,32,0.84375,4.557132783169382e-14,shoulder,19,0,9.478836188992315e-07,True
qp,,P1_old_full_opt,summer,14,1.6923837153964005e-14,0.0,1.6923837153964005e-14,,False,0.04555215193804365,0.005997054573123977,27,10,32,0.84375,4.557132783169382e-14,shoulder,19,0,9.478836188992315e-07,True
qp,,P1_old_full_opt,summer,15,0.0656563133878978,0.0,0.0656563133878978,,False,0.04555215193804365,0.005997054573123977,27,10,32,0.84375,4.557132783169382e-14,shoulder,19,0,9.478836188992315e-07,True
qp,,P1_old_full_opt,summer,16,0.11309969249422026,0.0,0.11309969249422026,,False,0.04555215193804365,0.005997054573123977,27,10,32,0.84375,4.557132783169382e-14,shoulder,19,0,9.478836188992315e-07,True
qp,,P1_old_full_opt,summer,17,2.734158260415017e-14,0.0,2.734158260415017e-14,,False,0.04555215193804365,0.005997054573123977,27,10,32,0.84375,4.557132783169382e-14,shoulder,19,0,9.478836188992315e-07,True
qp,,P1_old_full_opt,summer,18,1.8306652141741805e-14,0.0,1.8306652141741805e-14,,False,0.04555215193804365,0.005997054573123977,27,10,32,0.84375,4.557132783169382e-14,shoulder,19,0,9.478836188992315e-07,True
qp,,P1_old_full_opt,summer,19,1.742408769248838e-14,0.0,1.742408769248838e-14,,False,0.04555215193804365,0.005997054573123977,27,10,32,0.84375,4.557132783169382e-14,shoulder,19,0,9.478836188992315e-07,True
qp,,P1_old_full_opt,summer,20,1.7081747030047493e-14,0.0,1.7081747030047493e-14,,False,0.04555215193804365,0.005997054573123977,27,10,32,0.84375,4.557132783169382e-14,shoulder,19,0,9.478836188992315e-07,True
qp,,P1_old_full_opt,summer,21,1.6174448299483147e-14,0.0,1.6174448299483147e-14,,False,0.04555215193804365,0.005997054573123977,27,10,32,0.84375,4.557132783169382e-14,shoulder,19,0,9.478836188992315e-07,True
qp,,P1_old_full_opt,summer,22,1.605104584823857e-14,0.0,1.605104584823857e-14,,False,0.04555215193804365,0.005997054573123977,27,10,32,0.84375,4.557132783169382e-14,shoulder,19,0,9.478836188992315e-07,True
qp,,P1_old_full_opt,summer,23,6.104540461605205e-14,0.0,6.104540461605205e-14,,False,0.04555215193804365,0.005997054573123977,27,10,32,0.84375,4.557132783169382e-14,shoulder,19,0,9.478836188992315e-07,True
qp,,P1_old_full_opt,winter,0,0.04555215193804353,0.0,0.04555215193804353,,False,0.04555215193804365,0.005997054573123977,27,10,32,0.84375,4.557132783169382e-14,shoulder,19,0,9.478836188992315e-07,True
qp,,P1_old_full_opt,winter,1,0.008867531535986158,0.0,0.008867531535986158,,False,0.04555215193804365,0.005997054573123977,27,10,32,0.84375,4.557132783169382e-14,shoulder,19,0,9.478836188992315e-07,True
qp,,P1_old_full_opt,winter,2,1.0205520504519318e-14,0.0,1.0205520504519318e-14,,False,0.04555215193804365,0.005997054573123977,27,10,32,0.84375,4.557132783169382e-14,shoulder,19,0,9.478836188992315e-07,True
qp,,P1_old_full_opt,winter,3,0.045552151938061065,0.0,0.045552151938061065,,False,0.04555215193804365,0.005997054573123977,27,10,32,0.84375,4.557132783169382e-14,shoulder,19,0,9.478836188992315e-07,True
qp,,P1_old_full_opt,winter,4,0.045552151938046265,0.0,0.045552151938046265,,False,0.04555215193804365,0.005997054573123977,27,10,32,0.84375,4.557132783169382e-14,shoulder,19,0,9.478836188992315e-07,True
qp,,P1_old_full_opt,winter,5,0.03982815207145991,0.02,0.019828152071459913,0.9914076035729956,False,0.04555215193804365,0.005997054573123977,27,10,32,0.84375,4.557132783169382e-14,shoulder,19,0,9.478836188992315e-07,True
qp,,P1_old_full_opt,winter,6,1.1716873840289375e-05,0.0,1.1716873840289375e-05,,False,0.04555215193804365,0.005997054573123977,27,10,32,0.84375,4.557132783169382e-14,shoulder,19,0,9.478836188992315e-07,True
qp,,P1_old_full_opt,winter,7,1.1716873842260256e-05,0.0,1.1716873842260256e-05,,False,0.04555215193804365,0.005997054573123977,27,10,32,0.84375,4.557132783169382e-14,shoulder,19,0,9.478836188992315e-07,True
qp,,P1_old_full_opt,winter,8,1.171687384298127e-05,0.0,1.171687384298127e-05,,False,0.04555215193804365,0.005997054573123977,27,10,32,0.84375,4.557132783169382e-14,shoulder,19,0,9.478836188992315e-07,True
qp,,P1_old_full_opt,winter,9,0.06327212536714233,0.0,0.06327212536714233,,False,0.04555215193804365,0.005997054573123977,27,10,32,0.84375,4.557132783169382e-14,shoulder,19,0,9.478836188992315e-07,True
qp,,P1_old_full_opt,winter,10,0.04555215193804416,0.0,0.04555215193804416,,False,0.04555215193804365,0.005997054573123977,27,10,32,0.84375,4.557132783169382e-14,shoulder,19,0,9.478836188992315e-07,True
qp,,P1_old_full_opt,winter,11,0.12445079348881907,0.0,0.12445079348881907,,False,0.04555215193804365,0.005997054573123977,27,10,32,0.84375,4.557132783169382e-14,shoulder,19,0,9.478836188992315e-07,True
qp,,P1_old_full_opt,winter,12,1.1129530467115934e-14,0.0,1.1129530467115934e-14,,False,0.04555215193804365,0.005997054573123977,27,10,32,0.84375,4.557132783169382e-14,shoulder,19,0,9.478836188992315e-07,True
qp,,P1_old_full_opt,winter,13,1.0086393677343535e-14,0.0,1.0086393677343535e-14,,False,0.04555215193804365,0.005997054573123977,27,10,32,0.84375,4.557132783169382e-14,shoulder,19,0,9.478836188992315e-07,True
qp,,P1_old_full_opt,winter,14,1.0174594654622107e-14,0.0,1.0174594654622107e-14,,False,0.04555215193804365,0.005997054573123977,27,10,32,0.84375,4.557132783169382e-14,shoulder,19,0,9.478836188992315e-07,True
qp,,P1_old_full_opt,winter,15,1.0427943741138748e-14,0.0,1.0427943741138748e-14,,False,0.04555215193804365,0.005997054573123977,27,10,32,0.84375,4.557132783169382e-14,shoulder,19,0,9.478836188992315e-07,True
qp,,P1_old_full_opt,winter,16,1.1003021446003038e-14,0.0,1.1003021446003038e-14,,False,0.04555215193804365,0.005997054573123977,27,10,32,0.84375,4.557132783169382e-14,shoulder,19,0,9.478836188992315e-07,True
qp,,P1_old_full_opt,winter,17,1.269198957186751e-14,0.0,1.269198957186751e-14,,False,0.04555215193804365,0.005997054573123977,27,10,32,0.84375,4.557132783169382e-14,shoulder,19,0,9.478836188992315e-07,True
qp,,P1_old_full_opt,winter,18,1.1438992412523719e-14,0.0,1.1438992412523719e-14,,False,0.04555215193804365,0.005997054573123977,27,10,32,0.84375,4.557132783169382e-14,shoulder,19,0,9.478836188992315e-07,True
qp,,P1_old_full_opt,winter,19,1.1156763321414225e-14,0.0,1.1156763321414225e-14,,False,0.04555215193804365,0.005997054573123977,27,10,32,0.84375,4.557132783169382e-14,shoulder,19,0,9.478836188992315e-07,True
qp,,P1_old_full_opt,winter,20,1.0854489119369458e-14,0.0,1.0854489119369458e-14,,False,0.04555215193804365,0.005997054573123977,27,10,32,0.84375,4.557132783169382e-14,shoulder,19,0,9.478836188992315e-07,True
qp,,P1_old_full_opt,winter,21,1.0042937720460627e-14,0.0,1.0042937720460627e-14,,False,0.04555215193804365,0.005997054573123977,27,10,32,0.84375,4.557132783169382e-14,shoulder,19,0,9.478836188992315e-07,True
qp,,P1_old_full_opt,winter,22,0.028744742570946905,0.02,0.008744742570946904,0.4372371285473452,False,0.04555215193804365,0.005997054573123977,27,10,32,0.84375,4.557132783169382e-14,shoulder,19,0,9.478836188992315e-07,True
qp,,P1_old_full_opt,winter,23,0.045552151938052204,0.0,0.045552151938052204,,False,0.04555215193804365,0.005997054573123977,27,10,32,0.84375,4.557132783169382e-14,shoulder,19,0,9.478836188992315e-07,True
qp,,P1_old_full_opt,shoulder,0,0.04555215193804328,0.0,0.04555215193804328,,False,0.04555215193804365,0.005997054573123977,27,10,32,0.84375,4.557132783169382e-14,shoulder,19,0,9.478836188992315e-07,True
qp,,P1_old_full_opt,shoulder,1,0.004908149289944324,0.0,0.004908149289944324,,False,0.04555215193804365,0.005997054573123977,27,10,32,0.84375,4.557132783169382e-14,shoulder,19,0,9.478836188992315e-07,True
qp,,P1_old_full_opt,shoulder,2,1.2085292156108798e-14,0.0,1.2085292156108798e-14,,False,0.04555215193804365,0.005997054573123977,27,10,32,0.84375,4.557132783169382e-14,shoulder,19,0,9.478836188992315e-07,True
qp,,P1_old_full_opt,shoulder,3,0.03365894925302152,0.0,0.03365894925302152,,False,0.04555215193804365,0.005997054573123977,27,10,32,0.84375,4.557132783169382e-14,shoulder,19,0,9.478836188992315e-07,True
qp,,P1_old_full_opt,shoulder,4,0.04555215193804415,0.0,0.04555215193804415,,False,0.04555215193804365,0.005997054573123977,27,10,32,0.84375,4.557132783169382e-14,shoulder,19,0,9.478836188992315e-07,True
qp,,P1_old_full_opt,shoulder,5,0.02730002032685187,0.02,0.007300020326851869,0.36500101634259347,False,0.04555215193804365,0.005997054573123977,27,10,32,0.84375,4.557132783169382e-14,shoulder,19,0,9.478836188992315e-07,True
qp,,P1_old_full_opt,shoulder,6,3.139526913486653e-06,0.0,3.139526913486653e-06,,False,0.04555215193804365,0.005997054573123977,27,10,32,0.84375,4.557132783169382e-14,shoulder,19,0,9.478836188992315e-07,True
qp,,P1_old_full_opt,shoulder,7,1.171687382311637e-05,0.0,1.171687382311637e-05,,False,0.04555215193804365,0.005997054573123977,27,10,32,0.84375,4.557132783169382e-14,shoulder,19,0,9.478836188992315e-07,True
qp,,P1_old_full_opt,shoulder,8,1.517465226834881e-14,0.0,1.517465226834881e-14,,False,0.04555215193804365,0.005997054573123977,27,10,32,0.84375,4.557132783169382e-14,shoulder,19,0,9.478836188992315e-07,True
qp,,P1_old_full_opt,shoulder,9,1.3098694413548057e-14,0.0,1.3098694413548057e-14,,False,0.04555215193804365,0.005997054573123977,27,10,32,0.84375,4.557132783169382e-14,shoulder,19,0,9.478836188992315e-07,True
qp,,P1_old_full_opt,shoulder,10,0.05838147483841067,0.0,0.05838147483841067,,False,0.04555215193804365,0.005997054573123977,27,10,32,0.84375,4.557132783169382e-14,shoulder,19,0,9.478836188992315e-07,True
qp,,P1_old_full_opt,shoulder,11,0.016177197119267118,0.0,0.016177197119267118,,False,0.04555215193804365,0.005997054573123977,27,10,32,0.84375,4.557132783169382e-14,shoulder,19,0,9.478836188992315e-07,True
qp,,P1_old_full_opt,shoulder,12,1.057098088569156e-14,0.0,1.057098088569156e-14,,False,0.04555215193804365,0.005997054573123977,27,10,32,0.84375,4.557132783169382e-14,shoulder,19,0,9.478836188992315e-07,True
qp,,P1_old_full_opt,shoulder,13,1.0611320991259822e-14,0.0,1.0611320991259822e-14,,False,0.04555215193804365,0.005997054573123977,27,10,32,0.84375,4.557132783169382e-14,shoulder,19,0,9.478836188992315e-07,True
qp,,P1_old_full_opt,shoulder,14,1.050956943927538e-14,0.0,1.050956943927538e-14,,False,0.04555215193804365,0.005997054573123977,27,10,32,0.84375,4.557132783169382e-14,shoulder,19,0,9.478836188992315e-07,True
qp,,P1_old_full_opt,shoulder,15,1.1224180193020372e-14,0.0,1.1224180193020372e-14,,False,0.04555215193804365,0.005997054573123977,27,10,32,0.84375,4.557132783169382e-14,shoulder,19,0,9.478836188992315e-07,True
qp,,P1_old_full_opt,shoulder,16,1.954519418350827e-14,0.0,1.954519418350827e-14,,False,0.04555215193804365,0.005997054573123977,27,10,32,0.84375,4.557132783169382e-14,shoulder,19,0,9.478836188992315e-07,True
qp,,P1_old_full_opt,shoulder,17,3.5836883545996483e-14,0.0,3.5836883545996483e-14,,False,0.04555215193804365,0.005997054573123977,27,10,32,0.84375,4.557132783169382e-14,shoulder,19,0,9.478836188992315e-07,True
qp,,P1_old_full_opt,shoulder,18,2.423722489460413e-14,0.0,2.423722489460413e-14,,False,0.04555215193804365,0.005997054573123977,27,10,32,0.84375,4.557132783169382e-14,shoulder,19,0,9.478836188992315e-07,True
qp,,P1_old_full_opt,shoulder,19,8.082190062529625e-14,0.0,8.082190062529625e-14,,False,0.04555215193804365,0.005997054573123977,27,10,32,0.84375,4.557132783169382e-14,shoulder,19,0,9.478836188992315e-07,True
qp,,P1_old_full_opt,shoulder,20,1.8578653748170372e-14,0.0,1.8578653748170372e-14,,False,0.04555215193804365,0.005997054573123977,27,10,32,0.84375,4.557132783169382e-14,shoulder,19,0,9.478836188992315e-07,True
qp,,P1_old_full_opt,shoulder,21,1.1783872356715229e-14,0.0,1.1783872356715229e-14,,False,0.04555215193804365,0.005997054573123977,27,10,32,0.84375,4.557132783169382e-14,shoulder,19,0,9.478836188992315e-07,True
qp,,P1_old_full_opt,shoulder,22,1.1309202241024815e-14,0.0,1.1309202241024815e-14,,False,0.04555215193804365,0.005997054573123977,27,10,32,0.84375,4.557132783169382e-14,shoulder,19,0,9.478836188992315e-07,True
qp,,P1_old_full_opt,shoulder,23,1.1908525307944467e-14,0.0,1.1908525307944467e-14,,False,0.04555215193804365,0.005997054573123977,27,10,32,0.84375,4.557132783169382e-14,shoulder,19,0,9.478836188992315e-07,True
qp,,P2_dev_run1,summer,0,0.07564244830257837,0.1,0.02435755169742164,0.2435755169742164,False,0.07842217066606379,0.0103244746344123,23,2,26,0.8846153846153846,5.394582591038496e-14,winter,9,0,1.1220731789360071e-06,True
qp,,P2_dev_run1,summer,1,1.4295124413505308e-14,0.0,1.4295124413505308e-14,,False,0.07842217066606379,0.0103244746344123,23,2,26,0.8846153846153846,5.394582591038496e-14,winter,9,0,1.1220731789360071e-06,True
qp,,P2_dev_run1,summer,2,5.946007955127813e-07,0.0,5.946007955127813e-07,,False,0.07842217066606379,0.0103244746344123,23,2,26,0.8846153846153846,5.394582591038496e-14,winter,9,0,1.1220731789360071e-06,True
qp,,P2_dev_run1,summer,3,5.94600746947187e-07,0.0,5.94600746947187e-07,,False,0.07842217066606379,0.0103244746344123,23,2,26,0.8846153846153846,5.394582591038496e-14,winter,9,0,1.1220731789360071e-06,True
qp,,P2_dev_run1,summer,4,0.05080822165871848,0.05,0.0008082216587184804,0.016164433174369608,False,0.07842217066606379,0.0103244746344123,23,2,26,0.8846153846153846,5.394582591038496e-14,winter,9,0,1.1220731789360071e-06,True
qp,,P2_dev_run1,summer,5,0.05188807298397729,0.0,0.05188807298397729,,False,0.07842217066606379,0.0103244746344123,23,2,26,0.8846153846153846,5.394582591038496e-14,winter,9,0,1.1220731789360071e-06,True
qp,,P2_dev_run1,summer,6,1.129741532898694e-05,0.0,1.129741532898694e-05,,False,0.07842217066606379,0.0103244746344123,23,2,26,0.8846153846153846,5.394582591038496e-14,winter,9,0,1.1220731789360071e-06,True
qp,,P2_dev_run1,summer,7,1.1297415342946417e-05,0.0,1.1297415342946417e-05,,False,0.07842217066606379,0.0103244746344123,23,2,26,0.8846153846153846,5.394582591038496e-14,winter,9,0,1.1220731789360071e-06,True
qp,,P2_dev_run1,summer,8,1.129741534887292e-05,0.0,1.129741534887292e-05,,False,0.07842217066606379,0.0103244746344123,23,2,26,0.8846153846153846,5.394582591038496e-14,winter,9,0,1.1220731789360071e-06,True
qp,,P2_dev_run1,summer,9,2.1452487031869365e-14,0.0,2.1452487031869365e-14,,False,0.07842217066606379,0.0103244746344123,23,2,26,0.8846153846153846,5.394582591038496e-14,winter,9,0,1.1220731789360071e-06,True
qp,,P2_dev_run1,summer,10,1.9076668968796108e-14,0.0,1.9076668968796108e-14,,False,0.07842217066606379,0.0103244746344123,23,2,26,0.8846153846153846,5.394582591038496e-14,winter,9,0,1.1220731789360071e-06,True
qp,,P2_dev_run1,summer,11,1.9567069212113924e-14,0.0,1.9567069212113924e-14,,False,0.07842217066606379,0.0103244746344123,23,2,26,0.8846153846153846,5.394582591038496e-14,winter,9,0,1.1220731789360071e-06,True
qp,,P2_dev_run1,summer,12,1.923579703947097e-14,0.0,1.923579703947097e-14,,False,0.07842217066606379,0.0103244746344123,23,2,26,0.8846153846153846,5.394582591038496e-14,winter,9,0,1.1220731789360071e-06,True
qp,,P2_dev_run1,summer,13,1.8434702623642094e-14,0.0,1.8434702623642094e-14,,False,0.07842217066606379,0.0103244746344123,23,2,26,0.8846153846153846,5.394582591038496e-14,winter,9,0,1.1220731789360071e-06,True
qp,,P2_dev_run1,summer,14,2.2380603893758e-14,0.0,2.2380603893758e-14,,False,0.07842217066606379,0.0103244746344123,23,2,26,0.8846153846153846,5.394582591038496e-14,winter,9,0,1.1220731789360071e-06,True
qp,,P2_dev_run1,summer,15,0.06671637311039406,0.0,0.06671637311039406,,False,0.07842217066606379,0.0103244746344123,23,2,26,0.8846153846153846,5.394582591038496e-14,winter,9,0,1.1220731789360071e-06,True
qp,,P2_dev_run1,summer,16,0.1056403483272397,0.1,0.005640348327239697,0.05640348327239697,False,0.07842217066606379,0.0103244746344123,23,2,26,0.8846153846153846,5.394582591038496e-14,winter,9,0,1.1220731789360071e-06,True
qp,,P2_dev_run1,summer,17,3.953161271669013e-14,0.0,3.953161271669013e-14,,False,0.07842217066606379,0.0103244746344123,23,2,26,0.8846153846153846,5.394582591038496e-14,winter,9,0,1.1220731789360071e-06,True
qp,,P2_dev_run1,summer,18,2.414989047767755e-14,0.0,2.414989047767755e-14,,False,0.07842217066606379,0.0103244746344123,23,2,26,0.8846153846153846,5.394582591038496e-14,winter,9,0,1.1220731789360071e-06,True
qp,,P2_dev_run1,summer,19,2.246829438131659e-14,0.0,2.246829438131659e-14,,False,0.07842217066606379,0.0103244746344123,23,2,26,0.8846153846153846,5.394582591038496e-14,winter,9,0,1.1220731789360071e-06,True
qp,,P2_dev_run1,summer,20,2.1973880562949247e-14,0.0,2.1973880562949247e-14,,False,0.07842217066606379,0.0103244746344123,23,2,26,0.8846153846153846,5.394582591038496e-14,winter,9,0,1.1220731789360071e-06,True
qp,,P2_dev_run1,summer,21,2.0658619251052935e-14,0.0,2.0658619251052935e-14,,False,0.07842217066606379,0.0103244746344123,23,2,26,0.8846153846153846,5.394582591038496e-14,winter,9,0,1.1220731789360071e-06,True
qp,,P2_dev_run1,summer,22,2.0215066989814594e-14,0.0,2.0215066989814594e-14,,False,0.07842217066606379,0.0103244746344123,23,2,26,0.8846153846153846,5.394582591038496e-14,winter,9,0,1.1220731789360071e-06,True
qp,,P2_dev_run1,summer,23,6.881953220946861e-14,0.0,6.881953220946861e-14,,False,0.07842217066606379,0.0103244746344123,23,2,26,0.8846153846153846,5.394582591038496e-14,winter,9,0,1.1220731789360071e-06,True
qp,,P2_dev_run1,winter,0,0.09513841865291321,0.1,0.004861581347086794,0.048615813470867936,False,0.07842217066606379,0.0103244746344123,23,2,26,0.8846153846153846,5.394582591038496e-14,winter,9,0,1.1220731789360071e-06,True
qp,,P2_dev_run1,winter,1,1.4512381895441387e-14,0.0,1.4512381895441387e-14,,False,0.07842217066606379,0.0103244746344123,23,2,26,0.8846153846153846,5.394582591038496e-14,winter,9,0,1.1220731789360071e-06,True
qp,,P2_dev_run1,winter,2,5.946008041906804e-07,0.0,5.946008041906804e-07,,False,0.07842217066606379,0.0103244746344123,23,2,26,0.8846153846153846,5.394582591038496e-14,winter,9,0,1.1220731789360071e-06,True
qp,,P2_dev_run1,winter,3,0.040831784532428486,0.05,0.009168215467571517,0.18336430935143033,False,0.07842217066606379,0.0103244746344123,23,2,26,0.8846153846153846,5.394582591038496e-14,winter,9,0,1.1220731789360071e-06,True
qp,,P2_dev_run1,winter,4,0.07765589587070308,0.0,0.07765589587070308,,False,0.07842217066606379,0.0103244746344123,23,2,26,0.8846153846153846,5.394582591038496e-14,winter,9,0,1.1220731789360071e-06,True
qp,,P2_dev_run1,winter,5,1.1297415486480255e-05,0.0,1.1297415486480255e-05,,False,0.07842217066606379,0.0103244746344123,23,2,26,0.8846153846153846,5.394582591038496e-14,winter,9,0,1.1220731789360071e-06,True
qp,,P2_dev_run1,winter,6,1.1297415348619827e-05,0.0,1.1297415348619827e-05,,False,0.07842217066606379,0.0103244746344123,23,2,26,0.8846153846153846,5.394582591038496e-14,winter,9,0,1.1220731789360071e-06,True
qp,,P2_dev_run1,winter,7,1.1297415351103169e-05,0.0,1.1297415351103169e-05,,False,0.07842217066606379,0.0103244746344123,23,2,26,0.8846153846153846,5.394582591038496e-14,winter,9,0,1.1220731789360071e-06,True
qp,,P2_dev_run1,winter,8,1.129741535257249e-05,0.0,1.129741535257249e-05,,False,0.07842217066606379,0.0103244746344123,23,2,26,0.8846153846153846,5.394582591038496e-14,winter,9,0,1.1220731789360071e-06,True
qp,,P2_dev_run1,winter,9,3.731818623963363e-14,0.0,3.731818623963363e-14,,False,0.07842217066606379,0.0103244746344123,23,2,26,0.8846153846153846,5.394582591038496e-14,winter,9,0,1.1220731789360071e-06,True
qp,,P2_dev_run1,winter,10,0.07842217066606644,0.0,0.07842217066606644,,False,0.07842217066606379,0.0103244746344123,23,2,26,0.8846153846153846,5.394582591038496e-14,winter,9,0,1.1220731789360071e-06,True
qp,,P2_dev_run1,winter,11,0.05224464743133019,0.05,0.0022446474313301892,0.044892948626603785,False,0.07842217066606379,0.0103244746344123,23,2,26,0.8846153846153846,5.394582591038496e-14,winter,9,0,1.1220731789360071e-06,True
qp,,P2_dev_run1,winter,12,1.6961908283851867e-14,0.0,1.6961908283851867e-14,,False,0.07842217066606379,0.0103244746344123,23,2,26,0.8846153846153846,5.394582591038496e-14,winter,9,0,1.1220731789360071e-06,True
qp,,P2_dev_run1,winter,13,1.8006441520800385e-14,0.0,1.8006441520800385e-14,,False,0.07842217066606379,0.0103244746344123,23,2,26,0.8846153846153846,5.394582591038496e-14,winter,9,0,1.1220731789360071e-06,True
qp,,P2_dev_run1,winter,14,1.6330331448454126e-14,0.0,1.6330331448454126e-14,,False,0.07842217066606379,0.0103244746344123,23,2,26,0.8846153846153846,5.394582591038496e-14,winter,9,0,1.1220731789360071e-06,True
qp,,P2_dev_run1,winter,15,1.6758039427585834e-14,0.0,1.6758039427585834e-14,,False,0.07842217066606379,0.0103244746344123,23,2,26,0.8846153846153846,5.394582591038496e-14,winter,9,0,1.1220731789360071e-06,True
qp,,P2_dev_run1,winter,16,1.7366162484664436e-14,0.0,1.7366162484664436e-14,,False,0.07842217066606379,0.0103244746344123,23,2,26,0.8846153846153846,5.394582591038496e-14,winter,9,0,1.1220731789360071e-06,True
qp,,P2_dev_run1,winter,17,1.8780268017492037e-14,0.0,1.8780268017492037e-14,,False,0.07842217066606379,0.0103244746344123,23,2,26,0.8846153846153846,5.394582591038496e-14,winter,9,0,1.1220731789360071e-06,True
qp,,P2_dev_run1,winter,18,1.8507932872422e-14,0.0,1.8507932872422e-14,,False,0.07842217066606379,0.0103244746344123,23,2,26,0.8846153846153846,5.394582591038496e-14,winter,9,0,1.1220731789360071e-06,True
qp,,P2_dev_run1,winter,19,1.805275561292609e-14,0.0,1.805275561292609e-14,,False,0.07842217066606379,0.0103244746344123,23,2,26,0.8846153846153846,5.394582591038496e-14,winter,9,0,1.1220731789360071e-06,True
qp,,P2_dev_run1,winter,20,1.761758107013702e-14,0.0,1.761758107013702e-14,,False,0.07842217066606379,0.0103244746344123,23,2,26,0.8846153846153846,5.394582591038496e-14,winter,9,0,1.1220731789360071e-06,True
qp,,P2_dev_run1,winter,21,5.946008038990567e-07,0.0,5.946008038990567e-07,,False,0.07842217066606379,0.0103244746344123,23,2,26,0.8846153846153846,5.394582591038496e-14,winter,9,0,1.1220731789360071e-06,True
qp,,P2_dev_run1,winter,22,5.946008183095508e-07,0.0,5.946008183095508e-07,,False,0.07842217066606379,0.0103244746344123,23,2,26,0.8846153846153846,5.394582591038496e-14,winter,9,0,1.1220731789360071e-06,True
qp,,P2_dev_run1,winter,23,0.09525573441154526,0.1,0.004744265588454741,0.04744265588454741,False,0.07842217066606379,0.0103244746344123,23,2,26,0.8846153846153846,5.394582591038496e-14,winter,9,0,1.1220731789360071e-06,True
qp,,P2_dev_run1,shoulder,0,0.04621260055763356,0.1,0.05378739944236645,0.5378739944236645,False,0.07842217066606379,0.0103244746344123,23,2,26,0.8846153846153846,5.394582591038496e-14,winter,9,0,1.1220731789360071e-06,True
qp,,P2_dev_run1,shoulder,1,1.117803327237349e-14,0.0,1.117803327237349e-14,,False,0.07842217066606379,0.0103244746344123,23,2,26,0.8846153846153846,5.394582591038496e-14,winter,9,0,1.1220731789360071e-06,True
qp,,P2_dev_run1,shoulder,2,1.5932286933317422e-07,0.0,1.5932286933317422e-07,,False,0.07842217066606379,0.0103244746344123,23,2,26,0.8846153846153846,5.394582591038496e-14,winter,9,0,1.1220731789360071e-06,True
qp,,P2_dev_run1,shoulder,3,0.014721086489211837,0.05,0.035278913510788164,0.7055782702157632,False,0.07842217066606379,0.0103244746344123,23,2,26,0.8846153846153846,5.394582591038496e-14,winter,9,0,1.1220731789360071e-06,True
qp,,P2_dev_run1,shoulder,4,0.07842217066606476,0.0,0.07842217066606476,,False,0.07842217066606379,0.0103244746344123,23,2,26,0.8846153846153846,5.394582591038496e-14,winter,9,0,1.1220731789360071e-06,True
qp,,P2_dev_run1,shoulder,5,0.009554790118208941,0.0,0.009554790118208941,,False,0.07842217066606379,0.0103244746344123,23,2,26,0.8846153846153846,5.394582591038496e-14,winter,9,0,1.1220731789360071e-06,True
qp,,P2_dev_run1,shoulder,6,1.1297414480456328e-05,0.0,1.1297414480456328e-05,,False,0.07842217066606379,0.0103244746344123,23,2,26,0.8846153846153846,5.394582591038496e-14,winter,9,0,1.1220731789360071e-06,True
qp,,P2_dev_run1,shoulder,7,1.1297415328701986e-05,0.0,1.1297415328701986e-05,,False,0.07842217066606379,0.0103244746344123,23,2,26,0.8846153846153846,5.394582591038496e-14,winter,9,0,1.1220731789360071e-06,True
qp,,P2_dev_run1,shoulder,8,1.6502498499766674e-14,0.0,1.6502498499766674e-14,,False,0.07842217066606379,0.0103244746344123,23,2,26,0.8846153846153846,5.394582591038496e-14,winter,9,0,1.1220731789360071e-06,True
qp,,P2_dev_run1,shoulder,9,1.4910283521217606e-14,0.0,1.4910283521217606e-14,,False,0.07842217066606379,0.0103244746344123,23,2,26,0.8846153846153846,5.394582591038496e-14,winter,9,0,1.1220731789360071e-06,True
qp,,P2_dev_run1,shoulder,10,0.06717307686139586,0.1,0.03282692313860415,0.32826923138604147,False,0.07842217066606379,0.0103244746344123,23,2,26,0.8846153846153846,5.394582591038496e-14,winter,9,0,1.1220731789360071e-06,True
qp,,P2_dev_run1,shoulder,11,0.01831492539075405,0.0,0.01831492539075405,,False,0.07842217066606379,0.0103244746344123,23,2,26,0.8846153846153846,5.394582591038496e-14,winter,9,0,1.1220731789360071e-06,True
qp,,P2_dev_run1,shoulder,12,1.1854774603074207e-14,0.0,1.1854774603074207e-14,,False,0.07842217066606379,0.0103244746344123,23,2,26,0.8846153846153846,5.394582591038496e-14,winter,9,0,1.1220731789360071e-06,True
qp,,P2_dev_run1,shoulder,13,1.190634136992839e-14,0.0,1.190634136992839e-14,,False,0.07842217066606379,0.0103244746344123,23,2,26,0.8846153846153846,5.394582591038496e-14,winter,9,0,1.1220731789360071e-06,True
qp,,P2_dev_run1,shoulder,14,1.1746003750782743e-14,0.0,1.1746003750782743e-14,,False,0.07842217066606379,0.0103244746344123,23,2,26,0.8846153846153846,5.394582591038496e-14,winter,9,0,1.1220731789360071e-06,True
qp,,P2_dev_run1,shoulder,15,1.2629438517427822e-14,0.0,1.2629438517427822e-14,,False,0.07842217066606379,0.0103244746344123,23,2,26,0.8846153846153846,5.394582591038496e-14,winter,9,0,1.1220731789360071e-06,True
qp,,P2_dev_run1,shoulder,16,2.3909002925745866e-14,0.0,2.3909002925745866e-14,,False,0.07842217066606379,0.0103244746344123,23,2,26,0.8846153846153846,5.394582591038496e-14,winter,9,0,1.1220731789360071e-06,True
qp,,P2_dev_run1,shoulder,17,5.295006883094785e-14,0.0,5.295006883094785e-14,,False,0.07842217066606379,0.0103244746344123,23,2,26,0.8846153846153846,5.394582591038496e-14,winter,9,0,1.1220731789360071e-06,True
qp,,P2_dev_run1,shoulder,18,3.1442951973332704e-14,0.0,3.1442951973332704e-14,,False,0.07842217066606379,0.0103244746344123,23,2,26,0.8846153846153846,5.394582591038496e-14,winter,9,0,1.1220731789360071e-06,True
qp,,P2_dev_run1,shoulder,19,1.9480697232329912e-13,0.0,1.9480697232329912e-13,,False,0.07842217066606379,0.0103244746344123,23,2,26,0.8846153846153846,5.394582591038496e-14,winter,9,0,1.1220731789360071e-06,True
qp,,P2_dev_run1,shoulder,20,2.2536248670436842e-14,0.0,2.2536248670436842e-14,,False,0.07842217066606379,0.0103244746344123,23,2,26,0.8846153846153846,5.394582591038496e-14,winter,9,0,1.1220731789360071e-06,True
qp,,P2_dev_run1,shoulder,21,1.3233933926459727e-14,0.0,1.3233933926459727e-14,,False,0.07842217066606379,0.0103244746344123,23,2,26,0.8846153846153846,5.394582591038496e-14,winter,9,0,1.1220731789360071e-06,True
qp,,P2_dev_run1,shoulder,22,1.2661078467167016e-14,0.0,1.2661078467167016e-14,,False,0.07842217066606379,0.0103244746344123,23,2,26,0.8846153846153846,5.394582591038496e-14,winter,9,0,1.1220731789360071e-06,True
qp,,P2_dev_run1,shoulder,23,1.3389845495618245e-14,0.0,1.3389845495618245e-14,,False,0.07842217066606379,0.0103244746344123,23,2,26,0.8846153846153846,5.394582591038496e-14,winter,9,0,1.1220731789360071e-06,True
qp,,P3_dev_run0,summer,0,0.17289467365854838,0.15,0.022894673658548387,0.15263115772365593,False,0.2704659021321342,0.03560751152792361,25,0,26,0.9615384615384616,5.4946796875302155e-14,summer,17,0,1.1428933750062849e-06,True
qp,,P3_dev_run0,summer,1,1.4010887868239165e-13,0.0,1.4010887868239165e-13,,False,0.2704659021321342,0.03560751152792361,25,0,26,0.9615384615384616,5.4946796875302155e-14,summer,17,0,1.1428933750062849e-06,True
qp,,P3_dev_run0,summer,2,5.96072633153391e-07,0.0,5.96072633153391e-07,,False,0.2704659021321342,0.03560751152792361,25,0,26,0.9615384615384616,5.4946796875302155e-14,summer,17,0,1.1428933750062849e-06,True
qp,,P3_dev_run0,summer,3,5.960726301503004e-07,0.0,5.960726301503004e-07,,False,0.2704659021321342,0.03560751152792361,25,0,26,0.9615384615384616,5.4946796875302155e-14,summer,17,0,1.1428933750062849e-06,True
qp,,P3_dev_run0,summer,4,0.13708307367548364,0.0,0.13708307367548364,,False,0.2704659021321342,0.03560751152792361,25,0,26,0.9615384615384616,5.4946796875302155e-14,summer,17,0,1.1428933750062849e-06,True
qp,,P3_dev_run0,summer,5,0.13621058254218596,0.2,0.06378941745781405,0.31894708728907023,False,0.2704659021321342,0.03560751152792361,25,0,26,0.9615384615384616,5.4946796875302155e-14,summer,17,0,1.1428933750062849e-06,True
qp,,P3_dev_run0,summer,6,1.1325379236450683e-05,0.0,1.1325379236450683e-05,,False,0.2704659021321342,0.03560751152792361,25,0,26,0.9615384615384616,5.4946796875302155e-14,summer,17,0,1.1428933750062849e-06,True
qp,,P3_dev_run0,summer,7,1.1325379240601153e-05,0.0,1.1325379240601153e-05,,False,0.2704659021321342,0.03560751152792361,25,0,26,0.9615384615384616,5.4946796875302155e-14,summer,17,0,1.1428933750062849e-06,True
qp,,P3_dev_run0,summer,8,1.1325379254106206e-05,0.0,1.1325379254106206e-05,,False,0.2704659021321342,0.03560751152792361,25,0,26,0.9615384615384616,5.4946796875302155e-14,summer,17,0,1.1428933750062849e-06,True
qp,,P3_dev_run0,summer,9,3.52249072755136e-13,0.0,3.52249072755136e-13,,False,0.2704659021321342,0.03560751152792361,25,0,26,0.9615384615384616,5.4946796875302155e-14,summer,17,0,1.1428933750062849e-06,True
qp,,P3_dev_run0,summer,10,2.3062033891592523e-13,0.0,2.3062033891592523e-13,,False,0.2704659021321342,0.03560751152792361,25,0,26,0.9615384615384616,5.4946796875302155e-14,summer,17,0,1.1428933750062849e-06,True
qp,,P3_dev_run0,summer,11,2.420910255448529e-13,0.0,2.420910255448529e-13,,False,0.2704659021321342,0.03560751152792361,25,0,26,0.9615384615384616,5.4946796875302155e-14,summer,17,0,1.1428933750062849e-06,True
qp,,P3_dev_run0,summer,12,2.356834406140071e-13,0.0,2.356834406140071e-13,,False,0.2704659021321342,0.03560751152792361,25,0,26,0.9615384615384616,5.4946796875302155e-14,summer,17,0,1.1428933750062849e-06,True
qp,,P3_dev_run0,summer,13,2.1662449027926552e-13,0.0,2.1662449027926552e-13,,False,0.2704659021321342,0.03560751152792361,25,0,26,0.9615384615384616,5.4946796875302155e-14,summer,17,0,1.1428933750062849e-06,True
qp,,P3_dev_run0,summer,14,2.6052414774645927e-13,0.0,2.6052414774645927e-13,,False,0.2704659021321342,0.03560751152792361,25,0,26,0.9615384615384616,5.4946796875302155e-14,summer,17,0,1.1428933750062849e-06,True
qp,,P3_dev_run0,summer,15,0.10007324327779792,0.0,0.10007324327779792,,False,0.2704659021321342,0.03560751152792361,25,0,26,0.9615384615384616,5.4946796875302155e-14,summer,17,0,1.1428933750062849e-06,True
qp,,P3_dev_run0,summer,16,0.16791632068088735,0.2,0.03208367931911266,0.16041839659556328,False,0.2704659021321342,0.03560751152792361,25,0,26,0.9615384615384616,5.4946796875302155e-14,summer,17,0,1.1428933750062849e-06,True
qp,,P3_dev_run0,summer,17,8.294595532807334e-13,0.0,8.294595532807334e-13,,False,0.2704659021321342,0.03560751152792361,25,0,26,0.9615384615384616,5.4946796875302155e-14,summer,17,0,1.1428933750062849e-06,True
qp,,P3_dev_run0,summer,18,3.3460608586047374e-13,0.0,3.3460608586047374e-13,,False,0.2704659021321342,0.03560751152792361,25,0,26,0.9615384615384616,5.4946796875302155e-14,summer,17,0,1.1428933750062849e-06,True
qp,,P3_dev_run0,summer,19,3.216596272514678e-13,0.0,3.216596272514678e-13,,False,0.2704659021321342,0.03560751152792361,25,0,26,0.9615384615384616,5.4946796875302155e-14,summer,17,0,1.1428933750062849e-06,True
qp,,P3_dev_run0,summer,20,3.070696780293094e-13,0.0,3.070696780293094e-13,,False,0.2704659021321342,0.03560751152792361,25,0,26,0.9615384615384616,5.4946796875302155e-14,summer,17,0,1.1428933750062849e-06,True
qp,,P3_dev_run0,summer,21,2.6651462054611934e-13,0.0,2.6651462054611934e-13,,False,0.2704659021321342,0.03560751152792361,25,0,26,0.9615384615384616,5.4946796875302155e-14,summer,17,0,1.1428933750062849e-06,True
qp,,P3_dev_run0,summer,22,3.0761487460522974e-13,0.0,3.0761487460522974e-13,,False,0.2704659021321342,0.03560751152792361,25,0,26,0.9615384615384616,5.4946796875302155e-14,summer,17,0,1.1428933750062849e-06,True
qp,,P3_dev_run0,summer,23,0.10575925493907352,0.0,0.10575925493907352,,False,0.2704659021321342,0.03560751152792361,25,0,26,0.9615384615384616,5.4946796875302155e-14,summer,17,0,1.1428933750062849e-06,True
qp,,P3_dev_run0,winter,0,0.17289467365856526,0.15,0.022894673658565262,0.15263115772376842,False,0.2704659021321342,0.03560751152792361,25,0,26,0.9615384615384616,5.4946796875302155e-14,summer,17,0,1.1428933750062849e-06,True
qp,,P3_dev_run0,winter,1,1.647562194485217e-14,0.0,1.647562194485217e-14,,False,0.2704659021321342,0.03560751152792361,25,0,26,0.9615384615384616,5.4946796875302155e-14,summer,17,0,1.1428933750062849e-06,True
qp,,P3_dev_run0,winter,2,5.960725913127504e-07,0.0,5.960725913127504e-07,,False,0.2704659021321342,0.03560751152792361,25,0,26,0.9615384615384616,5.4946796875302155e-14,summer,17,0,1.1428933750062849e-06,True
qp,,P3_dev_run0,winter,3,0.0764521244348873,0.0,0.0764521244348873,,False,0.2704659021321342,0.03560751152792361,25,0,26,0.9615384615384616,5.4946796875302155e-14,summer,17,0,1.1428933750062849e-06,True
qp,,P3_dev_run0,winter,4,0.19823936762644345,0.2,0.0017606323735565588,0.008803161867782794,False,0.2704659021321342,0.03560751152792361,25,0,26,0.9615384615384616,5.4946796875302155e-14,summer,17,0,1.1428933750062849e-06,True
qp,,P3_dev_run0,winter,5,1.1325379262978747e-05,0.0,1.1325379262978747e-05,,False,0.2704659021321342,0.03560751152792361,25,0,26,0.9615384615384616,5.4946796875302155e-14,summer,17,0,1.1428933750062849e-06,True
qp,,P3_dev_run0,winter,6,1.1325379253627203e-05,0.0,1.1325379253627203e-05,,False,0.2704659021321342,0.03560751152792361,25,0,26,0.9615384615384616,5.4946796875302155e-14,summer,17,0,1.1428933750062849e-06,True
qp,,P3_dev_run0,winter,7,1.1325379254656892e-05,0.0,1.1325379254656892e-05,,False,0.2704659021321342,0.03560751152792361,25,0,26,0.9615384615384616,5.4946796875302155e-14,summer,17,0,1.1428933750062849e-06,True
qp,,P3_dev_run0,winter,8,1.1325379259017797e-05,0.0,1.1325379259017797e-05,,False,0.2704659021321342,0.03560751152792361,25,0,26,0.9615384615384616,5.4946796875302155e-14,summer,17,0,1.1428933750062849e-06,True
qp,,P3_dev_run0,winter,9,2.4345129408015664e-14,0.0,2.4345129408015664e-14,,False,0.2704659021321342,0.03560751152792361,25,0,26,0.9615384615384616,5.4946796875302155e-14,summer,17,0,1.1428933750062849e-06,True
qp,,P3_dev_run0,winter,10,0.3457796908708162,0.3,0.045779690870816236,0.15259896956938745,False,0.2704659021321342,0.03560751152792361,25,0,26,0.9615384615384616,5.4946796875302155e-14,summer,17,0,1.1428933750062849e-06,True
qp,,P3_dev_run0,winter,11,2.2796803070452962e-14,0.0,2.2796803070452962e-14,,False,0.2704659021321342,0.03560751152792361,25,0,26,0.9615384615384616,5.4946796875302155e-14,summer,17,0,1.1428933750062849e-06,True
qp,,P3_dev_run0,winter,12,2.0983083519401163e-14,0.0,2.0983083519401163e-14,,False,0.2704659021321342,0.03560751152792361,25,0,26,0.9615384615384616,5.4946796875302155e-14,summer,17,0,1.1428933750062849e-06,True
qp,,P3_dev_run0,winter,13,4.769046886643616e-06,0.0,4.769046886643616e-06,,False,0.2704659021321342,0.03560751152792361,25,0,26,0.9615384615384616,5.4946796875302155e-14,summer,17,0,1.1428933750062849e-06,True
qp,,P3_dev_run0,winter,14,2.0193316380835747e-14,0.0,2.0193316380835747e-14,,False,0.2704659021321342,0.03560751152792361,25,0,26,0.9615384615384616,5.4946796875302155e-14,summer,17,0,1.1428933750062849e-06,True
qp,,P3_dev_run0,winter,15,2.1024398536313522e-14,0.0,2.1024398536313522e-14,,False,0.2704659021321342,0.03560751152792361,25,0,26,0.9615384615384616,5.4946796875302155e-14,summer,17,0,1.1428933750062849e-06,True
qp,,P3_dev_run0,winter,16,2.1834026841237348e-14,0.0,2.1834026841237348e-14,,False,0.2704659021321342,0.03560751152792361,25,0,26,0.9615384615384616,5.4946796875302155e-14,summer,17,0,1.1428933750062849e-06,True
qp,,P3_dev_run0,winter,17,2.3634021814508276e-14,0.0,2.3634021814508276e-14,,False,0.2704659021321342,0.03560751152792361,25,0,26,0.9615384615384616,5.4946796875302155e-14,summer,17,0,1.1428933750062849e-06,True
qp,,P3_dev_run0,winter,18,2.4024408254071962e-14,0.0,2.4024408254071962e-14,,False,0.2704659021321342,0.03560751152792361,25,0,26,0.9615384615384616,5.4946796875302155e-14,summer,17,0,1.1428933750062849e-06,True
qp,,P3_dev_run0,winter,19,2.334041761903809e-14,0.0,2.334041761903809e-14,,False,0.2704659021321342,0.03560751152792361,25,0,26,0.9615384615384616,5.4946796875302155e-14,summer,17,0,1.1428933750062849e-06,True
qp,,P3_dev_run0,winter,20,2.3619167696718064e-14,0.0,2.3619167696718064e-14,,False,0.2704659021321342,0.03560751152792361,25,0,26,0.9615384615384616,5.4946796875302155e-14,summer,17,0,1.1428933750062849e-06,True
qp,,P3_dev_run0,winter,21,5.960725923771046e-07,0.0,5.960725923771046e-07,,False,0.2704659021321342,0.03560751152792361,25,0,26,0.9615384615384616,5.4946796875302155e-14,summer,17,0,1.1428933750062849e-06,True
qp,,P3_dev_run0,winter,22,5.960725896812925e-07,0.0,5.960725896812925e-07,,False,0.2704659021321342,0.03560751152792361,25,0,26,0.9615384615384616,5.4946796875302155e-14,summer,17,0,1.1428933750062849e-06,True
qp,,P3_dev_run0,winter,23,0.1921055818425854,0.15,0.04210558184258539,0.2807038789505693,False,0.2704659021321342,0.03560751152792361,25,0,26,0.9615384615384616,5.4946796875302155e-14,summer,17,0,1.1428933750062849e-06,True
qp,,P3_dev_run0,shoulder,0,0.17289467365855596,0.1,0.07289467365855595,0.7289467365855595,False,0.2704659021321342,0.03560751152792361,25,0,26,0.9615384615384616,5.4946796875302155e-14,summer,17,0,1.1428933750062849e-06,True
qp,,P3_dev_run0,shoulder,1,1.2900272594361133e-14,0.0,1.2900272594361133e-14,,False,0.2704659021321342,0.03560751152792361,25,0,26,0.9615384615384616,5.4946796875302155e-14,summer,17,0,1.1428933750062849e-06,True
qp,,P3_dev_run0,shoulder,2,5.960725734528577e-07,0.0,5.960725734528577e-07,,False,0.2704659021321342,0.03560751152792361,25,0,26,0.9615384615384616,5.4946796875302155e-14,summer,17,0,1.1428933750062849e-06,True
qp,,P3_dev_run0,shoulder,3,5.960725576627148e-07,0.0,5.960725576627148e-07,,False,0.2704659021321342,0.03560751152792361,25,0,26,0.9615384615384616,5.4946796875302155e-14,summer,17,0,1.1428933750062849e-06,True
qp,,P3_dev_run0,shoulder,4,0.10294891131545486,0.2,0.09705108868454515,0.48525544342272575,False,0.2704659021321342,0.03560751152792361,25,0,26,0.9615384615384616,5.4946796875302155e-14,summer,17,0,1.1428933750062849e-06,True
qp,,P3_dev_run0,shoulder,5,1.1325379251483936e-05,0.0,1.1325379251483936e-05,,False,0.2704659021321342,0.03560751152792361,25,0,26,0.9615384615384616,5.4946796875302155e-14,summer,17,0,1.1428933750062849e-06,True
qp,,P3_dev_run0,shoulder,6,1.1325379249954897e-05,0.0,1.1325379249954897e-05,,False,0.2704659021321342,0.03560751152792361,25,0,26,0.9615384615384616,5.4946796875302155e-14,summer,17,0,1.1428933750062849e-06,True
qp,,P3_dev_run0,shoulder,7,1.1325379252556666e-05,0.0,1.1325379252556666e-05,,False,0.2704659021321342,0.03560751152792361,25,0,26,0.9615384615384616,5.4946796875302155e-14,summer,17,0,1.1428933750062849e-06,True
qp,,P3_dev_run0,shoulder,8,4.568647952089059e-14,0.0,4.568647952089059e-14,,False,0.2704659021321342,0.03560751152792361,25,0,26,0.9615384615384616,5.4946796875302155e-14,summer,17,0,1.1428933750062849e-06,True
qp,,P3_dev_run0,shoulder,9,1.8009458124302498e-14,0.0,1.8009458124302498e-14,,False,0.2704659021321342,0.03560751152792361,25,0,26,0.9615384615384616,5.4946796875302155e-14,summer,17,0,1.1428933750062849e-06,True
qp,,P3_dev_run0,shoulder,10,0.16738099212331925,0.15,0.017380992123319255,0.11587328082212837,False,0.2704659021321342,0.03560751152792361,25,0,26,0.9615384615384616,5.4946796875302155e-14,summer,17,0,1.1428933750062849e-06,True
qp,,P3_dev_run0,shoulder,11,0.005419096209792533,0.0,0.005419096209792533,,False,0.2704659021321342,0.03560751152792361,25,0,26,0.9615384615384616,5.4946796875302155e-14,summer,17,0,1.1428933750062849e-06,True
qp,,P3_dev_run0,shoulder,12,1.4167432860920654e-14,0.0,1.4167432860920654e-14,,False,0.2704659021321342,0.03560751152792361,25,0,26,0.9615384615384616,5.4946796875302155e-14,summer,17,0,1.1428933750062849e-06,True
qp,,P3_dev_run0,shoulder,13,1.5557164632892368e-14,0.0,1.5557164632892368e-14,,False,0.2704659021321342,0.03560751152792361,25,0,26,0.9615384615384616,5.4946796875302155e-14,summer,17,0,1.1428933750062849e-06,True
qp,,P3_dev_run0,shoulder,14,1.4315927827964857e-14,0.0,1.4315927827964857e-14,,False,0.2704659021321342,0.03560751152792361,25,0,26,0.9615384615384616,5.4946796875302155e-14,summer,17,0,1.1428933750062849e-06,True
qp,,P3_dev_run0,shoulder,15,1.533616227461582e-14,0.0,1.533616227461582e-14,,False,0.2704659021321342,0.03560751152792361,25,0,26,0.9615384615384616,5.4946796875302155e-14,summer,17,0,1.1428933750062849e-06,True
qp,,P3_dev_run0,shoulder,16,2.3835000217834214e-14,0.0,2.3835000217834214e-14,,False,0.2704659021321342,0.03560751152792361,25,0,26,0.9615384615384616,5.4946796875302155e-14,summer,17,0,1.1428933750062849e-06,True
qp,,P3_dev_run0,shoulder,17,3.5496746799773034e-14,0.0,3.5496746799773034e-14,,False,0.2704659021321342,0.03560751152792361,25,0,26,0.9615384615384616,5.4946796875302155e-14,summer,17,0,1.1428933750062849e-06,True
qp,,P3_dev_run0,shoulder,18,2.996427328715771e-14,0.0,2.996427328715771e-14,,False,0.2704659021321342,0.03560751152792361,25,0,26,0.9615384615384616,5.4946796875302155e-14,summer,17,0,1.1428933750062849e-06,True
qp,,P3_dev_run0,shoulder,19,6.068772298843763e-14,0.0,6.068772298843763e-14,,False,0.2704659021321342,0.03560751152792361,25,0,26,0.9615384615384616,5.4946796875302155e-14,summer,17,0,1.1428933750062849e-06,True
qp,,P3_dev_run0,shoulder,20,2.6548423453979358e-14,0.0,2.6548423453979358e-14,,False,0.2704659021321342,0.03560751152792361,25,0,26,0.9615384615384616,5.4946796875302155e-14,summer,17,0,1.1428933750062849e-06,True
qp,,P3_dev_run0,shoulder,21,1.700172764044875e-14,0.0,1.700172764044875e-14,,False,0.2704659021321342,0.03560751152792361,25,0,26,0.9615384615384616,5.4946796875302155e-14,summer,17,0,1.1428933750062849e-06,True
qp,,P3_dev_run0,shoulder,22,1.5859577852133358e-14,0.0,1.5859577852133358e-14,,False,0.2704659021321342,0.03560751152792361,25,0,26,0.9615384615384616,5.4946796875302155e-14,summer,17,0,1.1428933750062849e-06,True
qp,,P3_dev_run0,shoulder,23,1.9052777799353977e-14,0.0,1.9052777799353977e-14,,False,0.2704659021321342,0.03560751152792361,25,0,26,0.9615384615384616,5.4946796875302155e-14,summer,17,0,1.1428933750062849e-06,True
