method,M,point_id,scenario,t,q_lp,q_star,abs_err,rel_err,inaccurate,free_zone_width_mvar,max_uncounted_loss_mva,n_free_zone_hours,n_vertex_stuck_hours,n_nonzero_q_hours,frac_in_free_zone,max_pad_mw,max_pad_scenario,max_pad_t,max_pad_unit,max_pad_annual_won_implied,qp_v2_correction,p_ch,p_dis,p_net,s_app,q_penalty,pcs_true,pcs_charged
pwl,1,P1_old_full_opt,summer,0,0.01725101669800584,0.0,0.01725101669800584,,False,0.017251016698002664,0.0008474881056933404,22,6,30,0.7333333333333333,4.066583282603517e-08,shoulder,6,0,0.8458493227815315,True,6.356930276488797e-16,0.17515251189430553,0.1751525118943049,0.1751525118943061,2.0352370085611513e-15,2.5424643170810524e-05,6.105711025683459e-17
pwl,1,P1_old_full_opt,summer,1,0.0011278760375835668,0.0,0.0011278760375835668,,False,0.017251016698002664,0.0008474881056933404,22,6,30,0.7333333333333333,4.066583282603517e-08,shoulder,6,0,0.8458493227815315,True,7.990216359437676e-16,0.0037181090103635852,0.0037181090103627864,0.0038667042876670537,0.0001485952773037721,5.019138175671508e-06,4.457858319113167e-06
pwl,1,P1_old_full_opt,summer,2,7.133621414259868e-12,0.0,7.133621414259868e-12,,False,0.017251016698002664,0.0008474881056933404,22,6,30,0.7333333333333333,4.066583282603517e-08,shoulder,6,0,0.8458493227815315,True,9.078967474234833e-11,0.0,-9.078967474234833e-11,7.2094646844597e-11,1.7375184357669547e-11,8.394718866932264e-15,5.212555307300869e-13
pwl,1,P1_old_full_opt,summer,3,0.014316646100815756,0.02,0.005683353899184245,0.28416769495921224,False,0.017251016698002664,0.0008474881056933404,22,6,30,0.7333333333333333,4.066583282603517e-08,shoulder,6,0,0.8458493227815315,True,0.047195657228159445,7.328239293509349e-16,-0.04719565722815871,0.0490818450063352,0.001886187778176275,6.371021512798202e-05,5.6585633345288305e-05
pwl,1,P1_old_full_opt,summer,4,0.017251016698012437,0.0,0.017251016698012437,,False,0.017251016698002664,0.0008474881056933404,22,6,30,0.7333333333333333,4.066583282603517e-08,shoulder,6,0,0.8458493227815315,True,0.17515251189430292,6.210331306153144e-16,-0.1751525118943023,0.17515251189430533,3.730864169300793e-15,2.5424643170829674e-05,1.119259250790239e-16
pwl,1,P1_old_full_opt,summer,5,0.0172510166980123,0.0,0.0172510166980123,,False,0.017251016698002664,0.0008474881056933404,22,6,30,0.7333333333333333,4.066583282603517e-08,shoulder,6,0,0.8458493227815315,True,0.17515251189430295,6.142763019376209e-16,-0.17515251189430234,0.17515251189430533,3.708457987408706e-15,2.5424643170829674e-05,1.1125373962226128e-16
pwl,1,P1_old_full_opt,summer,6,3.554220422883529e-06,0.0,3.554220422883529e-06,,False,0.017251016698002664,0.0008474881056933404,22,6,30,0.7333333333333333,4.066583282603517e-08,shoulder,6,0,0.8458493227815315,True,1.1716704726159514e-05,1.7847565230356315e-14,-1.171670470831195e-05,1.2184965098646745e-05,4.682603417053191e-07,1.5816550718506832e-08,1.4047810251159586e-08
pwl,1,P1_old_full_opt,summer,7,3.6166791515272288e-06,0.0,3.6166791515272288e-06,,False,0.017251016698002664,0.0008474881056933404,22,6,30,0.7333333333333333,4.066583282603517e-08,shoulder,6,0,0.8458493227815315,True,1.1709381918609527e-05,0.0,-1.1709381918609527e-05,1.2204802013720198e-05,5.064342352125946e-07,1.637462317594646e-08,1.5193027056377852e-08
pwl,1,P1_old_full_opt,summer,8,3.554224636479508e-06,0.0,3.554224636479508e-06,,False,0.017251016698002664,0.0008474881056933404,22,6,30,0.7333333333333333,4.066583282603517e-08,shoulder,6,0,0.8458493227815315,True,1.1716704525171456e-05,0.0,-1.1716704525171456e-05,1.218496614808796e-05,4.6826172017351457e-07,1.5816587649347196e-08,1.404785160520545e-08
pwl,1,P1_old_full_opt,summer,9,4.189413106257167e-14,0.0,4.189413106257167e-14,,False,0.017251016698002664,0.0008474881056933404,22,6,30,0.7333333333333333,4.066583282603517e-08,shoulder,6,0,0.8458493227815315,True,8.780845978999507e-15,0.0,-8.780845978999507e-15,6.213311445999391e-14,9.3445065021773e-14,1.0207083076873096e-15,2.8033519506531923e-15
pwl,1,P1_old_full_opt,summer,10,3.7756624842384206e-14,0.0,3.7756624842384206e-14,,False,0.017251016698002664,0.0008474881056933404,22,6,30,0.7333333333333333,4.066583282603517e-08,shoulder,6,0,0.8458493227815315,True,0.0,0.0,0.0,5.0141021456338787e-14,7.193081105173955e-14,1.1326987452715272e-15,2.157924331552188e-15
pwl,1,P1_old_full_opt,summer,11,4.026488005402473e-14,0.0,4.026488005402473e-14,,False,0.017251016698002664,0.0008474881056933404,22,6,30,0.7333333333333333,4.066583282603517e-08,shoulder,6,0,0.8458493227815315,True,0.0,4.1968555560563e-15,4.1968555560563e-15,5.11973347652025e-14,5.747115120435434e-14,1.0885846569072071e-15,1.7241345361306316e-15
pwl,1,P1_old_full_opt,summer,12,3.908103471380814e-14,0.0,3.908103471380814e-14,,False,0.017251016698002664,0.0008474881056933404,22,6,30,0.7333333333333333,4.066583282603517e-08,shoulder,6,0,0.8458493227815315,True,0.0,1.116257777305032e-15,1.116257777305032e-15,5.0295052348094226e-14,6.072283546374731e-14,1.1394214597365376e-15,1.821685063912421e-15
pwl,1,P1_old_full_opt,summer,13,3.657687327397051e-14,0.0,3.657687327397051e-14,,False,0.017251016698002664,0.0008474881056933404,22,6,30,0.7333333333333333,4.066583282603517e-08,shoulder,6,0,0.8458493227815315,True,0.0,0.0,0.0,4.915943638625397e-14,7.14055126851474e-14,1.0973061982191163e-15,2.142165380554424e-15
pwl,1,P1_old_full_opt,summer,14,6.779683233402586e-14,0.0,6.779683233402586e-14,,False,0.017251016698002664,0.0008474881056933404,22,6,30,0.7333333333333333,4.066583282603517e-08,shoulder,6,0,0.8458493227815315,True,0.0,5.5456559746180027e-14,5.5456559746180027e-14,8.571798498418411e-14,3.5222697539804985e-14,9.63974504422609e-16,1.0566809261941505e-15
pwl,1,P1_old_full_opt,summer,15,0.012580620833563799,0.0,0.012580620833563799,,False,0.017251016698002664,0.0008474881056933404,22,6,30,0.7333333333333333,4.066583282603517e-08,shoulder,6,0,0.8458493227815315,True,6.861788658940146e-16,0.023536686118221194,0.023536686118220507,0.026559457729640003,0.0030227716114190496,9.45384440975411e-05,9.068314834257157e-05
pwl,1,P1_old_full_opt,summer,16,0.08296582568136067,0.0,0.08296582568136067,,False,0.017251016698002664,0.0008474881056933404,22,6,30,0.7333333333333333,4.066583282603517e-08,shoulder,6,0,0.8458493227815315,True,6.892739845784075e-16,0.15521814252530186,0.15521814252530117,0.17515251189429357,0.019934369368991903,0.0006234557242405081,0.0005980310810697576
pwl,1,P1_old_full_opt,summer,17,3.4511021938553897e-10,0.0,3.4511021938553897e-10,,False,0.017251016698002664,0.0008474881056933404,22,6,30,0.7333333333333333,4.066583282603517e-08,shoulder,6,0,0.8458493227815315,True,0.0,6.663318657372847e-10,6.663318657372847e-10,5.79706767987985e-10,1.5392838533296796e-10,2.5220252143328004e-12,4.617851559989043e-12
pwl,1,P1_old_full_opt,summer,18,5.536636493630885e-14,0.0,5.536636493630885e-14,,False,0.017251016698002664,0.0008474881056933404,22,6,30,0.7333333333333333,4.066583282603517e-08,shoulder,6,0,0.8458493227815315,True,0.0,2.63788679084307e-14,2.63788679084307e-14,6.463329917832066e-14,3.710637551806826e-14,1.0485119843973925e-15,1.1131912655420486e-15
pwl,1,P1_old_full_opt,summer,19,4.521817985147873e-14,0.0,4.521817985147873e-14,,False,0.017251016698002664,0.0008474881056933404,22,6,30,0.7333333333333333,4.066583282603517e-08,shoulder,6,0,0.8458493227815315,True,0.0,0.0,0.0,5.482127529674376e-14,7.35724879196986e-14,1.356545395544363e-15,2.20717463759096e-15
pwl,1,P1_old_full_opt,summer,20,4.411486905668811e-14,0.0,4.411486905668811e-14,,False,0.017251016698002664,0.0008474881056933404,22,6,30,0.7333333333333333,4.066583282603517e-08,shoulder,6,0,0.8458493227815315,True,0.0,0.0,0.0,5.404687055041442e-14,7.491135342811008e-14,1.3234460717006444e-15,2.2473406028433042e-15
pwl,1,P1_old_full_opt,summer,21,4.119456751917356e-14,0.0,4.119456751917356e-14,,False,0.017251016698002664,0.0008474881056933404,22,6,30,0.7333333333333333,4.066583282603517e-08,shoulder,6,0,0.8458493227815315,True,0.0,0.0,0.0,5.2437180611181003e-14,7.975421605973415e-14,1.235837025575208e-15,2.3926264817920268e-15
pwl,1,P1_old_full_opt,summer,22,3.816677368401183e-14,0.0,3.816677368401183e-14,,False,0.017251016698002664,0.0008474881056933404,22,6,30,0.7333333333333333,4.066583282603517e-08,shoulder,6,0,0.8458493227815315,True,3.615475765621946e-15,0.0,-3.615475765621946e-15,5.1841969176756165e-14,6.568988091939013e-14,1.0416647852733032e-15,1.9706964275817056e-15
pwl,1,P1_old_full_opt,summer,23,1.063598719011876e-13,0.0,1.063598719011876e-13,,False,0.017251016698002664,0.0008474881056933404,22,6,30,0.7333333333333333,4.066583282603517e-08,shoulder,6,0,0.8458493227815315,True,1.5123551948551582e-13,0.0,-1.5123551948551582e-13,1.6810420068965374e-13,5.243523853766224e-14,1.0096581542195926e-15,1.5730571561298686e-15
pwl,1,P1_old_full_opt,winter,0,0.017251016698341958,0.0,0.017251016698341958,,False,0.017251016698002664,0.0008474881056933404,22,6,30,0.7333333333333333,4.066583282603517e-08,shoulder,6,0,0.8458493227815315,True,1.2179971097671496e-14,0.1751525118942115,0.1751525118941993,0.17515251189428546,1.1369726485911698e-13,2.5424643171813056e-05,3.4109179457735126e-15
pwl,1,P1_old_full_opt,winter,1,1.392098202219725e-10,0.0,1.392098202219725e-10,,False,0.017251016698002664,0.0008474881056933404,22,6,30,0.7333333333333333,4.066583282603517e-08,shoulder,6,0,0.8458493227815315,True,2.236723781697997e-09,2.404012308029497e-09,1.672885263314999e-10,1.705177155732514e-10,0.0,1.510382621609875e-12,0.0
pwl,1,P1_old_full_opt,winter,2,1.374017115312286e-12,0.0,1.374017115312286e-12,,False,0.017251016698002664,0.0008474881056933404,22,6,30,0.7333333333333333,4.066583282603517e-08,shoulder,6,0,0.8458493227815315,True,1.2673671440121577e-09,1.1199592384069108e-09,-1.474079056052469e-10,3.7687316675262705e-11,0.0,1.9210794896127954e-16,0.0
pwl,1,P1_old_full_opt,winter,3,0.05109010319625773,0.0,0.05109010319625773,,False,0.017251016698002664,0.0008474881056933404,22,6,30,0.7333333333333333,4.066583282603517e-08,shoulder,6,0,0.8458493227815315,True,0.16842149908873458,2.3303761823859976e-14,-0.16842149908871126,0.1751525118940943,0.006731012805376501,0.00022735502732954596,0.0002019303841612952
pwl,1,P1_old_full_opt,winter,4,0.05109010315595708,0.0,0.05109010315595708,,False,0.017251016698002664,0.0008474881056933404,22,6,30,0.7333333333333333,4.066583282603517e-08,shoulder,6,0,0.8458493227815315,True,0.168421499096891,2.3092549024638835e-14,-0.1684214990968679,0.17515251189421507,0.006731012797341393,0.00022735502696804932,0.00020193038392024196
pwl,1,P1_old_full_opt,winter,5,0.01714929239053451,0.02,0.0028507076094654894,0.14253538047327446,False,0.017251016698002664,0.0008474881056933404,22,6,30,0.7333333333333333,4.066583282603517e-08,shoulder,6,0,0.8458493227815315,True,0.05653364060757331,2.3446006157545563e-14,-0.05653364060754986,0.05879302353038771,0.0022593829228308125,7.631571666994976e-05,6.778148768492443e-05
pwl,1,P1_old_full_opt,winter,6,3.554408038440245e-06,0.0,3.554408038440245e-06,,False,0.017251016698002664,0.0008474881056933404,22,6,30,0.7333333333333333,4.066583282603517e-08,shoulder,6,0,0.8458493227815315,True,1.1717300653088183e-05,0.0,-1.1717300653088183e-05,1.2185587372791792e-05,4.6828695715722053e-07,1.581741474069213e-08,1.4048608714716628e-08
pwl,1,P1_old_full_opt,winter,7,3.699498944711453e-06,0.0,3.699498944711453e-06,,False,0.017251016698002664,0.0008474881056933404,22,6,30,0.7333333333333333,4.066583282603517e-08,shoulder,6,0,0.8458493227815315,True,1.171552620326008e-05,0.0,-1.171552620326008e-05,1.2221046656979182e-05,5.055609375585426e-07,1.7106950271934064e-08,1.516682812675629e-08
pwl,1,P1_old_full_opt,winter,8,3.759101650107452e-10,0.0,3.759101650107452e-10,,False,0.017251016698002664,0.0008474881056933404,22,6,30,0.7333333333333333,4.066583282603517e-08,shoulder,6,0,0.8458493227815315,True,7.249662829837718e-10,7.780270817400478e-10,5.306079875627601e-11,2.66607426314888e-10,0.0,9.797272159074585e-12,0.0
pwl,1,P1_old_full_opt,winter,9,0.011155198174699274,0.0,0.011155198174699274,,False,0.017251016698002664,0.0008474881056933404,22,6,30,0.7333333333333333,4.066583282603517e-08,shoulder,6,0,0.8458493227815315,True,2.2473845872029198e-14,0.020869907892214747,0.02086990789219227,0.02355019027326467,0.002680282381057733,8.382695043372649e-05,8.040847143173206e-05
pwl,1,P1_old_full_opt,winter,10,0.05109010319637503,0.0,0.05109010319637503,,False,0.017251016698002664,0.0008474881056933404,22,6,30,0.7333333333333333,4.066583282603517e-08,shoulder,6,0,0.8458493227815315,True,2.3846611751727893e-14,0.1684214990889326,0.16842149908890877,0.17515251189428166,0.006731012805354356,0.00022735502733031203,0.00020193038416063086
pwl,1,P1_old_full_opt,winter,11,0.051090103198893254,0.0,0.051090103198893254,,False,0.017251016698002664,0.0008474881056933404,22,6,30,0.7333333333333333,4.066583282603517e-08,shoulder,6,0,0.8458493227815315,True,2.2760727207704013e-14,0.16842149908785303,0.16842149908783027,0.17515251189417935,0.006731012806333579,0.00022735502735363503,0.00020193038419000754
pwl,1,P1_old_full_opt,winter,12,1.744104232449384e-12,0.0,1.744104232449384e-12,,False,0.017251016698002664,0.0008474881056933404,22,6,30,0.7333333333333333,4.066583282603517e-08,shoulder,6,0,0.8458493227815315,True,1.461919198102503e-09,1.6491381984187857e-09,1.8721900031628263e-10,4.872347440348747e-11,0.0,2.437119288242762e-16,0.0
pwl,1,P1_old_full_opt,winter,13,1.2902062190540542e-12,0.0,1.2902062190540542e-12,,False,0.017251016698002664,0.0008474881056933404,22,6,30,0.7333333333333333,4.066583282603517e-08,shoulder,6,0,0.8458493227815315,True,1.986835033435083e-14,6.314981156246783e-13,6.116297652903274e-13,1.792052488588756e-12,9.197991262283998e-13,2.4486264934396805e-14,2.759397378685202e-14
pwl,1,P1_old_full_opt,winter,14,1.2296312825128035e-12,0.0,1.2296312825128035e-12,,False,0.017251016698002664,0.0008474881056933404,22,6,30,0.7333333333333333,4.066583282603517e-08,shoulder,6,0,0.8458493227815315,True,3.183444745983798e-13,2.28051277647033e-13,-9.029319695134683e-14,1.7065710570012854e-12,9.580997523296037e-13,3.427946381146807e-14,2.8742992569888135e-14
pwl,1,P1_old_full_opt,winter,15,1.2980421567678432e-12,0.0,1.2980421567678432e-12,,False,0.017251016698002664,0.0008474881056933404,22,6,30,0.7333333333333333,4.066583282603517e-08,shoulder,6,0,0.8458493227815315,True,5.196709970045674e-13,9.262886768918212e-14,-4.270421293153853e-13,1.7822557138743653e-12,9.69621429130917e-13,2.8183255008568595e-14,2.9088642873927535e-14
pwl,1,P1_old_full_opt,winter,16,1.5079754193791587e-12,0.0,1.5079754193791587e-12,,False,0.017251016698002664,0.0008474881056933404,22,6,30,0.7333333333333333,4.066583282603517e-08,shoulder,6,0,0.8458493227815315,True,1.6178176848775266e-09,1.824822733703322e-09,2.0700504882579537e-10,5.334297482916168e-11,0.0,1.6477566928077722e-16,0.0
pwl,1,P1_old_full_opt,winter,17,1.7328602470520912e-12,0.0,1.7328602470520912e-12,,False,0.017251016698002664,0.0008474881056933404,22,6,30,0.7333333333333333,4.066583282603517e-08,shoulder,6,0,0.8458493227815315,True,9.426122395933403e-11,1.0656666946977041e-10,1.2305445510436375e-11,5.312006106556456e-12,0.0,3.642367557956403e-15,0.0
pwl,1,P1_old_full_opt,winter,18,1.4487949586622483e-12,0.0,1.4487949586622483e-12,,False,0.017251016698002664,0.0008474881056933404,22,6,30,0.7333333333333333,4.066583282603517e-08,shoulder,6,0,0.8458493227815315,True,7.376997552675404e-13,1.7551169462681266e-13,-5.621880606407277e-13,1.9427050660747146e-12,8.9769542731988e-13,2.97557698174384e-14,2.6930862819596423e-14
pwl,1,P1_old_full_opt,winter,19,1.335691044473177e-12,0.0,1.335691044473177e-12,,False,0.017251016698002664,0.0008474881056933404,22,6,30,0.7333333333333333,4.066583282603517e-08,shoulder,6,0,0.8458493227815315,True,4.776036673334312e-13,1.543991164678528e-13,-3.232045508655784e-13,1.8585594950319276e-12,1.0000417153845792e-12,3.153102167330055e-14,3.00012514615374e-14
pwl,1,P1_old_full_opt,winter,20,1.3414190609718232e-12,0.0,1.3414190609718232e-12,,False,0.017251016698002664,0.0008474881056933404,22,6,30,0.7333333333333333,4.066583282603517e-08,shoulder,6,0,0.8458493227815315,True,3.1236155750444957e-13,3.1588156797687023e-13,3.5200104724206545e-15,1.865022720348014e-12,9.97802315883778e-13,4.013711006734904e-14,2.9934069476513365e-14
pwl,1,P1_old_full_opt,winter,21,1.6955734176246914e-12,0.0,1.6955734176246914e-12,,False,0.017251016698002664,0.0008474881056933404,22,6,30,0.7333333333333333,4.066583282603517e-08,shoulder,6,0,0.8458493227815315,True,2.5490429626075823e-09,2.2525700078984116e-09,-2.964729547091707e-10,7.396020611555654e-11,0.0,1.45457401433907e-16,0.0
pwl,1,P1_old_full_opt,winter,22,0.00919936225976271,0.02,0.01080063774023729,0.5400318870118644,False,0.017251016698002664,0.0008474881056933404,22,6,30,0.7333333333333333,4.066583282603517e-08,shoulder,6,0,0.8458493227815315,True,0.030326233072822978,2.000257475216084e-14,-0.030326233072802977,0.031538229559299524,0.0012119964864905617,4.0937894697012574e-05,3.635989459471688e-05
pwl,1,P1_old_full_opt,winter,23,0.05109010319656918,0.0,0.05109010319656918,,False,0.017251016698002664,0.0008474881056933404,22,6,30,0.7333333333333333,4.066583282603517e-08,shoulder,6,0,0.8458493227815315,True,0.16842149908881768,1.9720999961904443e-14,-0.16842149908879794,0.17515251189423053,0.006731012805427599,0.0002273550273321464,0.00020193038416282816
pwl,1,P1_old_full_opt,shoulder,0,0.017251016698010657,0.0,0.017251016698010657,,False,0.017251016698002664,0.0008474881056933404,22,6,30,0.7333333333333333,4.066583282603517e-08,shoulder,6,0,0.8458493227815315,True,5.21734349683281e-15,0.1751525118943017,0.17515251189429648,0.1751525118943031,1.3246992707852718e-14,2.5424643170825513e-05,3.974097812355819e-16
pwl,1,P1_old_full_opt,shoulder,1,0.0011278759928218733,0.0,0.0011278759928218733,,False,0.017251016698002664,0.0008474881056933404,22,6,30,0.7333333333333333,4.066583282603517e-08,shoulder,6,0,0.8458493227815315,True,5.8490251093113445e-15,0.0037181088631637865,0.0037181088631579374,0.0038667041345662925,0.0001485952714044062,5.019137976020236e-06,4.45785814213219e-06
pwl,1,P1_old_full_opt,shoulder,2,2.7242305905435787e-13,0.0,2.7242305905435787e-13,,False,0.017251016698002664,0.0008474881056933404,22,6,30,0.7333333333333333,4.066583282603517e-08,shoulder,6,0,0.8458493227815315,True,2.29656139222452e-10,2.0309238944674673e-10,-2.6563749775705262e-11,7.100259254850005e-12,0.0,4.1906191224953865e-17,0.0
pwl,1,P1_old_full_opt,shoulder,3,0.05109010319599763,0.0,0.05109010319599763,,False,0.017251016698002664,0.0008474881056933404,22,6,30,0.7333333333333333,4.066583282603517e-08,shoulder,6,0,0.8458493227815315,True,0.16842149908870382,5.2233585291862395e-15,-0.1684214990886986,0.1751525118939953,0.006731012805295146,0.00022735502732729694,0.00020193038415885456
pwl,1,P1_old_full_opt,shoulder,4,0.017251016698129264,0.0,0.017251016698129264,,False,0.017251016698002664,0.0008474881056933404,22,6,30,0.7333333333333333,4.066583282603517e-08,shoulder,6,0,0.8458493227815315,True,0.1751525118942701,1.0257886388863156e-14,-0.17515251189425984,0.175152511894294,2.5535168973613568e-14,2.5424643171179397e-05,7.660550692084077e-16
pwl,1,P1_old_full_opt,shoulder,5,0.016360530614163756,0.02,0.0036394693858362442,0.1819734692918122,False,0.017251016698002664,0.0008474881056933404,22,6,30,0.7333333333333333,4.066583282603517e-08,shoulder,6,0,0.8458493227815315,True,0.05393344150034182,5.2282378014873976e-15,-0.0539334415003366,0.05608890673090052,0.0021554652305623544,7.280566395699704e-05,6.46639569168707e-05
pwl,1,P1_old_full_opt,shoulder,6,3.2021838289949997e-06,0.0,3.2021838289949997e-06,,False,0.017251016698002664,0.0008474881056933404,22,6,30,0.7333333333333333,4.066583282603517e-08,shoulder,6,0,0.8458493227815315,True,1.1759145531293819e-05,4.066583282603517e-08,-1.1718479698467784e-05,1.2074219544009408e-05,2.529303760869453e-07,1.2889120370109566e-08,7.587911282608365e-09
pwl,1,P1_old_full_opt,shoulder,7,3.5545900085114474e-06,0.0,3.5545900085114474e-06,,False,0.017251016698002664,0.0008474881056933404,22,6,30,0.7333333333333333,4.066583282603517e-08,shoulder,6,0,0.8458493227815315,True,1.1717828915122529e-05,0.0,-1.1717828915122529e-05,1.2186144022174849e-05,4.6831537364247666e-07,1.581831703153036e-08,1.4049461209274313e-08
pwl,1,P1_old_full_opt,shoulder,8,2.0955742842834228e-13,0.0,2.0955742842834228e-13,,False,0.017251016698002664,0.0008474881056933404,22,6,30,0.7333333333333333,4.066583282603517e-08,shoulder,6,0,0.8458493227815315,True,2.4345362726895744e-13,1.3496416318838847e-13,-1.0848946408056897e-13,3.9216959672856344e-13,8.658808681649565e-14,3.8245710993624146e-15,2.597642604494872e-15
pwl,1,P1_old_full_opt,shoulder,9,2.8677226724923017e-13,0.0,2.8677226724923017e-13,,False,0.017251016698002664,0.0008474881056933404,22,6,30,0.7333333333333333,4.066583282603517e-08,shoulder,6,0,0.8458493227815315,True,3.1235877459559536e-11,3.536823782452463e-11,4.1323603649650966e-12,1.4282158090057435e-12,0.0,2.9815729041875034e-16,0.0
pwl,1,P1_old_full_opt,shoulder,10,0.05109010319675364,0.0,0.05109010319675364,,False,0.017251016698002664,0.0008474881056933404,22,6,30,0.7333333333333333,4.066583282603517e-08,shoulder,6,0,0.8458493227815315,True,5.025809951533691e-15,0.1684214990888376,0.16842149908883258,0.17515251189427433,0.006731012805438299,0.00022735502733370764,0.00020193038416314914
pwl,1,P1_old_full_opt,shoulder,11,0.0031401817022347384,0.0,0.0031401817022347384,,False,0.017251016698002664,0.0008474881056933404,22,6,30,0.7333333333333333,4.066583282603517e-08,shoulder,6,0,0.8458493227815315,True,5.00446058668406e-15,0.010351791767905147,0.010351791767900142,0.010765504051253183,0.0004137122833496767,1.3974058615731466e-05,1.2411368500490312e-05
pwl,1,P1_old_full_opt,shoulder,12,2.1256518129225623e-13,0.0,2.1256518129225623e-13,,False,0.017251016698002664,0.0008474881056933404,22,6,30,0.7333333333333333,4.066583282603517e-08,shoulder,6,0,0.8458493227815315,True,1.450231505833166e-09,1.6358925558435016e-09,1.856610500103357e-10,4.6384391009451567e-11,0.0,3.650518632912735e-18,0.0
pwl,1,P1_old_full_opt,shoulder,13,1.9198472331777548e-13,0.0,1.9198472331777548e-13,,False,0.017251016698002664,0.0008474881056933404,22,6,30,0.7333333333333333,4.066583282603517e-08,shoulder,6,0,0.8458493227815315,True,3.96076904224898e-14,7.37245223220432e-14,3.4116831899553394e-14,3.164440030078324e-13,1.7772355376330828e-13,4.826271362295933e-15,5.331706612899253e-15
pwl,1,P1_old_full_opt,shoulder,14,1.9533107786513993e-13,0.0,1.9533107786513993e-13,,False,0.017251016698002664,0.0008474881056933404,22,6,30,0.7333333333333333,4.066583282603517e-08,shoulder,6,0,0.8458493227815315,True,7.183002614674722e-14,1.8303471296246144e-14,-5.352655485050107e-14,3.162774179978296e-13,2.0008037406955995e-13,4.470171577633358e-15,6.002411222086804e-15
pwl,1,P1_old_full_opt,shoulder,15,2.2399845192789408e-13,0.0,2.2399845192789408e-13,,False,0.017251016698002664,0.0008474881056933404,22,6,30,0.7333333333333333,4.066583282603517e-08,shoulder,6,0,0.8458493227815315,True,3.9133526748569995e-12,4.426428955679697e-12,5.130762808226975e-13,4.543580402498242e-13,0.0,1.402958485324602e-15,0.0
pwl,1,P1_old_full_opt,shoulder,16,6.036100205672829e-13,0.0,6.036100205672829e-13,,False,0.017251016698002664,0.0008474881056933404,22,6,30,0.7333333333333333,4.066583282603517e-08,shoulder,6,0,0.8458493227815315,True,9.213548736265903e-10,1.039412327360161e-09,1.180574537335708e-10,3.012465904805327e-11,0.0,4.629220743747926e-17,0.0
pwl,1,P1_old_full_opt,shoulder,17,9.926058823510046e-12,0.0,9.926058823510046e-12,,False,0.017251016698002664,0.0008474881056933404,22,6,30,0.7333333333333333,4.066583282603517e-08,shoulder,6,0,0.8458493227815315,True,1.1055338337007976e-10,1.1810483014990952e-10,7.551446779829767e-12,1.0126300819062857e-11,0.0,1.476168470496789e-13,0.0
pwl,1,P1_old_full_opt,shoulder,18,4.88115228203121e-13,0.0,4.88115228203121e-13,,False,0.017251016698002664,0.0008474881056933404,22,6,30,0.7333333333333333,4.066583282603517e-08,shoulder,6,0,0.8458493227815315,True,1.982619924484617e-09,2.236556839349828e-09,2.53936914865211e-10,6.368728811505558e-11,0.0,1.4073746783258897e-17,0.0
pwl,1,P1_old_full_opt,shoulder,19,5.992624672681705e-12,0.0,5.992624672681705e-12,,False,0.017251016698002664,0.0008474881056933404,22,6,30,0.7333333333333333,4.066583282603517e-08,shoulder,6,0,0.8458493227815315,True,3.5428459588477497e-12,7.199342654834731e-13,-2.8229116933642767e-12,4.520510896982633e-12,1.6713296469719816e-13,1.1403945364816884e-13,5.013988940915949e-15
pwl,1,P1_old_full_opt,shoulder,20,3.766566268012473e-13,0.0,3.766566268012473e-13,,False,0.017251016698002664,0.0008474881056933404,22,6,30,0.7333333333333333,4.066583282603517e-08,shoulder,6,0,0.8458493227815315,True,1.4267403265056156e-09,1.6095272240496626e-09,1.8278689754404699e-10,4.5874094140385026e-11,0.0,1.1642251097847836e-17,0.0
pwl,1,P1_old_full_opt,shoulder,21,2.231062781291705e-13,0.0,2.231062781291705e-13,,False,0.017251016698002664,0.0008474881056933404,22,6,30,0.7333333333333333,4.066583282603517e-08,shoulder,6,0,0.8458493227815315,True,8.789765823483614e-14,1.5282021570311495e-14,-7.261563666452465e-14,3.3617472079662696e-13,2.0597805042622428e-13,4.860316152219676e-15,6.179341512786734e-15
pwl,1,P1_old_full_opt,shoulder,22,2.1145390588901382e-13,0.0,2.1145390588901382e-13,,False,0.017251016698002664,0.0008474881056933404,22,6,30,0.7333333333333333,4.066583282603517e-08,shoulder,6,0,0.8458493227815315,True,3.663384664742394e-14,5.618857266242121e-14,1.9554726014997272e-14,3.266353801523557e-13,2.0302888062438837e-13,5.7840432268877885e-15,6.090866418731657e-15
pwl,1,P1_old_full_opt,shoulder,23,2.1668361788610884e-13,0.0,2.1668361788610884e-13,,False,0.017251016698002664,0.0008474881056933404,22,6,30,0.7333333333333333,4.066583282603517e-08,shoulder,6,0,0.8458493227815315,True,6.944582410349511e-14,7.130592221111485e-14,1.860098107619736e-15,3.3723922558020075e-13,1.7097955759874012e-13,6.444945106239635e-15,5.129386727962208e-15
pwl,1,P2_dev_run1,summer,0,0.05231752698713311,0.1,0.0476824730128669,0.47682473012866894,False,0.02969919351985686,0.0014590278183243305,16,3,24,0.6666666666666666,3.5549782859844057e-08,winter,5,0,0.7394354834847564,True,9.331454965678785e-15,0.1724677730608224,0.17246777306081307,0.17936049634900175,0.006892723288182493,0.0002328171609359813,0.00020678169864547498
pwl,1,P2_dev_run1,summer,1,3.222977538072231e-13,0.0,3.222977538072231e-13,,False,0.02969919351985686,0.0014590278183243305,16,3,24,0.6666666666666666,3.5549782859844057e-08,winter,5,0,0.7394354834847564,True,1.4016256800003228e-13,3.411919513660516e-14,-1.0604337286342712e-13,5.906727353765019e-13,3.3474436517458445e-13,6.9975462505061846e-15,1.0042330955237542e-14
pwl,1,P2_dev_run1,summer,2,1.1623582381973396e-07,0.0,1.1623582381973396e-07,,False,0.02969919351985686,0.0014590278183243305,16,3,24,0.6666666666666666,3.5549782859844057e-08,winter,5,0,0.7394354834847564,True,5.954046410729062e-07,1.0728672107729796e-09,-5.943317738621332e-07,5.976277529159889e-07,5.752142071748453e-10,3.377907757560393e-10,1.7256426215245374e-11
pwl,1,P2_dev_run1,summer,3,1.1623512928268323e-07,0.0,1.1623512928268323e-07,,False,0.02969919351985686,0.0014590278183243305,16,3,24,0.6666666666666666,3.5549782859844057e-08,winter,5,0,0.7394354834847564,True,5.954068207337047e-07,1.0729969232345523e-09,-5.943338238104702e-07,5.976300649596405e-07,5.751909854188713e-10,3.377856331160519e-10,1.7255729562566155e-11
pwl,1,P2_dev_run1,summer,4,0.008049117423827938,0.05,0.04195088257617206,0.8390176515234412,False,0.02969919351985686,0.0014590278183243305,16,3,24,0.6666666666666666,3.5549782859844057e-08,winter,5,0,0.7394354834847564,True,0.08172381539767777,1.5529223053631808e-09,-0.08172381384475547,0.08172381858752695,8.185848003732894e-10,1.1862869130330755e-05,2.4557544011198705e-11
pwl,1,P2_dev_run1,summer,5,0.029699237212270226,0.0,0.029699237212270226,,False,0.02969919351985686,0.0014590278183243305,16,3,24,0.6666666666666666,3.5549782859844057e-08,winter,5,0,0.7394354834847564,True,0.3015409663325444,2.8457696363037288e-09,-0.3015409634867748,0.3015409721778287,1.4998644738159377e-09,4.3770964284038966e-05,4.499593421447817e-11
pwl,1,P2_dev_run1,summer,6,1.4170679185752068e-06,0.0,1.4170679185752068e-06,,False,0.02969919351985686,0.0014590278183243305,16,3,24,0.6666666666666666,3.5549782859844057e-08,winter,5,0,0.7394354834847564,True,1.1312343537217971e-05,1.4361606370661037e-08,-1.129798193084731e-05,1.1341875892630702e-05,7.585612532458248e-09,2.6556671511055593e-09,2.2756837597374763e-10
pwl,1,P2_dev_run1,summer,7,3.4270871286735573e-06,0.0,3.4270871286735573e-06,,False,0.02969919351985686,0.0014590278183243305,16,3,24,0.6666666666666666,3.5549782859844057e-08,winter,5,0,0.7394354834847564,True,1.1297757760512243e-05,5.373498686451744e-12,-1.1297752387013556e-05,1.1749254833551176e-05,4.514888791710547e-07,1.525060369188155e-08,1.3544666375131653e-08
pwl,1,P2_dev_run1,summer,8,3.427032840091163e-06,0.0,3.427032840091163e-06,,False,0.02969919351985686,0.0014590278183243305,16,3,24,0.6666666666666666,3.5549782859844057e-08,winter,5,0,0.7394354834847564,True,1.129741538612799e-05,0.0,-1.129741538612799e-05,1.174891961571318e-05,4.5150428750045706e-07,1.525056624917621e-08,1.3545128625013724e-08
pwl,1,P2_dev_run1,summer,9,4.3643612400456855e-13,0.0,4.3643612400456855e-13,,False,0.02969919351985686,0.0014590278183243305,16,3,24,0.6666666666666666,3.5549782859844057e-08,winter,5,0,0.7394354834847564,True,2.1536799809460675e-13,2.272160253839281e-13,1.1848027289321341e-14,6.520122980126116e-13,2.2377383081061258e-13,1.2742466627859366e-14,6.713214924318383e-15
pwl,1,P2_dev_run1,summer,10,4.099564773383306e-13,0.0,4.099564773383306e-13,,False,0.02969919351985686,0.0014590278183243305,16,3,24,0.6666666666666666,3.5549782859844057e-08,winter,5,0,0.7394354834847564,True,1.0757305045760524e-13,8.651383024500752e-14,-2.1059220212597726e-14,5.919985600017541e-13,3.2592559752111433e-13,1.1683134016962154e-14,9.777767925633439e-15
pwl,1,P2_dev_run1,summer,11,4.4518594481396306e-13,0.0,4.4518594481396306e-13,,False,0.02969919351985686,0.0014590278183243305,16,3,24,0.6666666666666666,3.5549782859844057e-08,winter,5,0,0.7394354834847564,True,2.2495302916680528e-13,2.130298961310435e-14,-2.0365003955370093e-13,6.258880452804592e-13,3.17532856388636e-13,8.57714164499323e-15,9.525985691659088e-15
pwl,1,P2_dev_run1,summer,12,4.342497729428099e-13,0.0,4.342497729428099e-13,,False,0.02969919351985686,0.0014590278183243305,16,3,24,0.6666666666666666,3.5549782859844057e-08,winter,5,0,0.7394354834847564,True,2.1181470599993094e-13,1.6159230067425536e-14,-1.956554759325054e-13,6.178698568541981e-13,3.237961536393016e-13,8.419091353882066e-15,9.713884609179058e-15
pwl,1,P2_dev_run1,summer,13,3.9809527471241887e-13,0.0,3.9809527471241887e-13,,False,0.02969919351985686,0.0014590278183243305,16,3,24,0.6666666666666666,3.5549782859844057e-08,winter,5,0,0.7394354834847564,True,6.7782183294907e-14,1.2395477945663298e-13,5.617259616172598e-14,5.833331490998818e-13,3.207189268450225e-13,1.0375986548034224e-14,9.621567805350682e-15
pwl,1,P2_dev_run1,summer,14,5.023108881336962e-13,0.0,5.023108881336962e-13,,False,0.02969919351985686,0.0014590278183243305,16,3,24,0.6666666666666666,3.5549782859844057e-08,winter,5,0,0.7394354834847564,True,9.609371553770745e-10,1.0838816103213714e-09,1.2294445494429692e-10,3.1186917285635755e-11,0.0,3.078404497788029e-17,0.0
pwl,1,P2_dev_run1,summer,15,9.316990625366165e-10,0.0,9.316990625366165e-10,,False,0.02969919351985686,0.0014590278183243305,16,3,24,0.6666666666666666,3.5549782859844057e-08,winter,5,0,0.7394354834847564,True,7.711558200961507e-10,5.340710596141086e-10,-2.3708476048204207e-10,8.500124631899487e-10,0.0,2.1729182066446858e-11,0.0
pwl,1,P2_dev_run1,summer,16,0.09212559096061672,0.1,0.007874409039383287,0.07874409039383287,False,0.02969919351985686,0.0014590278183243305,16,3,24,0.6666666666666666,3.5549782859844057e-08,winter,5,0,0.7394354834847564,True,8.35836315234405e-15,0.17235485804632922,0.17235485804632086,0.19449006303536837,0.022135204989042014,0.0006922877770641912,0.000664056149671261
pwl,1,P2_dev_run1,summer,17,7.225042105493134e-13,0.0,7.225042105493134e-13,,False,0.02969919351985686,0.0014590278183243305,16,3,24,0.6666666666666666,3.5549782859844057e-08,winter,5,0,0.7394354834847564,True,1.1526900041801559e-09,1.3002504224298374e-09,1.4756041824968155e-10,3.756809125509484e-11,0.0,5.306394612533948e-17,0.0
pwl,1,P2_dev_run1,summer,18,5.306107336008949e-13,0.0,5.306107336008949e-13,,False,0.02969919351985686,0.0014590278183243305,16,3,24,0.6666666666666666,3.5549782859844057e-08,winter,5,0,0.7394354834847564,True,5.901827464667995e-13,3.48886279906553e-13,-2.412964665602465e-13,7.120112894524949e-13,1.5212559863442124e-14,1.0248088643094959e-14,4.563767959032641e-16
pwl,1,P2_dev_run1,summer,19,4.847768093844649e-13,0.0,4.847768093844649e-13,,False,0.02969919351985686,0.0014590278183243305,16,3,24,0.6666666666666666,3.5549782859844057e-08,winter,5,0,0.7394354834847564,True,2.2819730678790685e-13,8.845648088649723e-15,-2.1935165869925712e-13,6.661712374356079e-13,3.5047241667021324e-13,9.382261225248609e-15,1.0514172500106407e-14
pwl,1,P2_dev_run1,summer,20,4.695533408555531e-13,0.0,4.695533408555531e-13,,False,0.02969919351985686,0.0014590278183243305,16,3,24,0.6666666666666666,3.5549782859844057e-08,winter,5,0,0.7394354834847564,True,2.0248922201666582e-13,2.1281637690695986e-14,-1.8120758432596984e-13,6.495820926981499e-13,3.4803371263795494e-13,9.662940515953707e-15,1.0441011379138657e-14
pwl,1,P2_dev_run1,summer,21,4.3938764184098146e-13,0.0,4.3938764184098146e-13,,False,0.02969919351985686,0.0014590278183243305,16,3,24,0.6666666666666666,3.5549782859844057e-08,winter,5,0,0.7394354834847564,True,5.2245238213747546e-14,1.5677105374431367e-13,1.0452581553056612e-13,6.218279298989877e-13,3.3367696466504747e-13,1.0413706384780505e-14,1.0010308939951432e-14
pwl,1,P2_dev_run1,summer,22,4.617321020905475e-13,0.0,4.617321020905475e-13,,False,0.02969919351985686,0.0014590278183243305,16,3,24,0.6666666666666666,3.5549782859844057e-08,winter,5,0,0.7394354834847564,True,1.1478769598124902e-09,1.0146900097548125e-09,-1.3318695005767774e-10,3.291931750390291e-11,0.0,2.401089897662466e-17,0.0
pwl,1,P2_dev_run1,summer,23,6.366759395964023e-13,0.0,6.366759395964023e-13,,False,0.02969919351985686,0.0014590278183243305,16,3,24,0.6666666666666666,3.5549782859844057e-08,winter,5,0,0.7394354834847564,True,5.056635311061508e-10,4.467817976778894e-10,-5.888173342826138e-11,1.515262331941149e-11,0.0,1.0326065002194469e-16,0.0
pwl,1,P2_dev_run1,winter,0,0.05231752697893465,0.1,0.047682473021065354,0.4768247302106535,False,0.02969919351985686,0.0014590278183243305,16,3,24,0.6666666666666666,3.5549782859844057e-08,winter,5,0,0.7394354834847564,True,1.8592561404074578e-15,0.17246777303370142,0.17246777303369956,0.1793604963207928,0.006892723287092041,0.00023281716089960957,0.0002067816986127614
pwl,1,P2_dev_run1,winter,1,7.113118258341416e-14,0.0,7.113118258341416e-14,,False,0.02969919351985686,0.0014590278183243305,16,3,24,0.6666666666666666,3.5549782859844057e-08,winter,5,0,0.7394354834847564,True,0.0,1.6495274585229201e-12,1.6495274585229201e-12,1.5596245004097397e-13,0.0,4.598858144699553e-17,0.0
pwl,1,P2_dev_run1,winter,2,1.7719633395840996e-07,0.0,1.7719633395840996e-07,,False,0.02969919351985686,0.0014590278183243305,16,3,24,0.6666666666666666,3.5549782859844057e-08,winter,5,0,0.7394354834847564,True,5.9812087266604e-07,3.612812654241128e-09,-5.945080600117988e-07,6.055305150404766e-07,1.8984447704643e-09,7.75361004729049e-10,5.695334311392905e-11
pwl,1,P2_dev_run1,winter,3,0.02479064525423238,0.05,0.02520935474576762,0.5041870949153524,False,0.02969919351985686,0.0014590278183243305,16,3,24,0.6666666666666666,3.5549782859844057e-08,winter,5,0,0.7394354834847564,True,0.08172380511792152,1.7026671795410039e-15,-0.08172380511791981,0.08498992008383746,0.0032661149659172026,0.00011032034536472122,9.798344897751616e-05
pwl,1,P2_dev_run1,winter,4,0.02969919352133516,0.0,0.02969919352133516,,False,0.02969919351985686,0.0014590278183243305,16,3,24,0.6666666666666666,3.5549782859844057e-08,winter,5,0,0.7394354834847564,True,0.3015409721814536,8.650696763559071e-14,-0.3015409721813671,0.301540972181664,8.230934774404335e-14,4.3770834554122155e-05,2.4692804323213026e-15
pwl,1,P2_dev_run1,winter,5,3.119490086224412e-06,0.0,3.119490086224412e-06,,False,0.02969919351985686,0.0014590278183243305,16,3,24,0.6666666666666666,3.5549782859844057e-08,winter,5,0,0.7394354834847564,True,1.1334375258010155e-05,3.5549782859844057e-08,-1.129882547515031e-05,1.1652038079793058e-05,2.6333745947291297e-07,1.268166038871415e-08,7.900123784187396e-09
pwl,1,P2_dev_run1,winter,6,3.4273921280633384e-06,0.0,3.4273921280633384e-06,,False,0.02969919351985686,0.0014590278183243305,16,3,24,0.6666666666666666,3.5549782859844057e-08,winter,5,0,0.7394354834847564,True,1.1298250639825647e-05,0.0,-1.1298250639825647e-05,1.1749824457719055e-05,4.5157528879168345e-07,1.5252616163544762e-08,1.3547258663750516e-08
pwl,1,P2_dev_run1,winter,7,3.427089090168633e-06,0.0,3.427089090168633e-06,,False,0.02969919351985686,0.0014590278183243305,16,3,24,0.6666666666666666,3.5549782859844057e-08,winter,5,0,0.7394354834847564,True,1.1297419032091942e-05,6.258529834739763e-13,-1.1297418406238959e-05,1.1748943321205713e-05,4.5152352734717196e-07,1.525105220737352e-08,1.3545705820415171e-08
pwl,1,P2_dev_run1,winter,8,3.427134259556839e-06,0.0,3.427134259556839e-06,,False,0.02969919351985686,0.0014590278183243305,16,3,24,0.6666666666666666,3.5549782859844057e-08,winter,5,0,0.7394354834847564,True,1.1297425044078998e-05,2.7293226429071906e-12,-1.1297422314756355e-05,1.1748956396061583e-05,4.5152739847255397e-07,1.52514405256761e-08,1.3545821954176631e-08
pwl,1,P2_dev_run1,winter,9,1.889447588441983e-13,0.0,1.889447588441983e-13,,False,0.02969919351985686,0.0014590278183243305,16,3,24,0.6666666666666666,3.5549782859844057e-08,winter,5,0,0.7394354834847564,True,1.23844320042571e-13,3.9666380324200665e-13,2.7281948319943564e-13,3.4410685953916157e-13,0.0,1.7711943824929633e-15,0.0
pwl,1,P2_dev_run1,winter,10,0.08795625720806623,0.0,0.08795625720806623,,False,0.02969919351985686,0.0014590278183243305,16,3,24,0.6666666666666666,3.5549782859844057e-08,winter,5,0,0.7394354834847564,True,1.7030038961413178e-15,0.28995292172686427,0.28995292172686254,0.3015409721816733,0.011588050454809455,0.0003914123481939056,0.00034764151364428394
pwl,1,P2_dev_run1,winter,11,0.029380280796693102,0.05,0.0206197192033069,0.412394384066138,False,0.02969919351985686,0.0014590278183243305,16,3,24,0.6666666666666666,3.5549782859844057e-08,winter,5,0,0.7394354834847564,True,1.6257910820892286e-15,0.054966639272184564,0.05496663927218294,0.06202589969363223,0.007059260421448253,0.00022078131678939718,0.0002117778126434478
pwl,1,P2_dev_run1,winter,12,8.349888056872109e-14,0.0,8.349888056872109e-14,,False,0.02969919351985686,0.0014590278183243305,16,3,24,0.6666666666666666,3.5549782859844057e-08,winter,5,0,0.7394354834847564,True,3.700664725060194e-15,2.227684384237296e-13,2.190677736986694e-13,1.179651863331367e-13,0.0,4.612076690730253e-16,0.0
pwl,1,P2_dev_run1,winter,13,7.594223915035808e-14,0.0,7.594223915035808e-14,,False,0.02969919351985686,0.0014590278183243305,16,3,24,0.6666666666666666,3.5549782859844057e-08,winter,5,0,0.7394354834847564,True,0.0,4.001516554063415e-13,4.001516554063415e-13,1.170354962947451e-13,0.0,2.142765461836632e-16,0.0
pwl,1,P2_dev_run1,winter,14,7.907725865232157e-14,0.0,7.907725865232157e-14,,False,0.02969919351985686,0.0014590278183243305,16,3,24,0.6666666666666666,3.5549782859844057e-08,winter,5,0,0.7394354834847564,True,0.0,6.261786795730628e-13,6.261786795730628e-13,1.2039357344799907e-13,0.0,1.492020959775527e-16,0.0
pwl,1,P2_dev_run1,winter,15,8.140500163551292e-14,0.0,8.140500163551292e-14,,False,0.02969919351985686,0.0014590278183243305,16,3,24,0.6666666666666666,3.5549782859844057e-08,winter,5,0,0.7394354834847564,True,0.0,8.8981498928612e-13,8.8981498928612e-13,1.2544749762513842e-13,0.0,1.1147766043196689e-16,0.0
pwl,1,P2_dev_run1,winter,16,8.430449620565957e-14,0.0,8.430449620565957e-14,,False,0.02969919351985686,0.0014590278183243305,16,3,24,0.6666666666666666,3.5549782859844057e-08,winter,5,0,0.7394354834847564,True,0.0,1.2129480269413134e-12,1.2129480269413134e-12,1.3067867726095298e-13,0.0,8.778635037972756e-17,0.0
pwl,1,P2_dev_run1,winter,17,9.056707006520074e-14,0.0,9.056707006520074e-14,,False,0.02969919351985686,0.0014590278183243305,16,3,24,0.6666666666666666,3.5549782859844057e-08,winter,5,0,0.7394354834847564,True,0.0,1.5994274074662103e-12,1.5994274074662103e-12,1.422874828570903e-13,0.0,7.686341107428611e-17,0.0
pwl,1,P2_dev_run1,winter,18,8.931728143522006e-14,0.0,8.931728143522006e-14,,False,0.02969919351985686,0.0014590278183243305,16,3,24,0.6666666666666666,3.5549782859844057e-08,winter,5,0,0.7394354834847564,True,0.0,2.034414978910579e-12,2.034414978910579e-12,1.478621378031143e-13,0.0,5.879137029442357e-17,0.0
pwl,1,P2_dev_run1,winter,19,8.903638137319658e-14,0.0,8.903638137319658e-14,,False,0.02969919351985686,0.0014590278183243305,16,3,24,0.6666666666666666,3.5549782859844057e-08,winter,5,0,0.7394354834847564,True,0.0,2.642394683241533e-12,2.642394683241533e-12,1.6257388273671846e-13,0.0,4.49888979589068e-17,0.0
pwl,1,P2_dev_run1,winter,20,9.748278460394792e-14,0.0,9.748278460394792e-14,,False,0.02969919351985686,0.0014590278183243305,16,3,24,0.6666666666666666,3.5549782859844057e-08,winter,5,0,0.7394354834847564,True,0.0,3.548909126716079e-12,3.548909126716079e-12,2.0638879559407685e-13,0.0,4.015783915263992e-17,0.0
pwl,1,P2_dev_run1,winter,21,5.067472891521857e-11,0.0,5.067472891521857e-11,,False,0.02969919351985686,0.0014590278183243305,16,3,24,0.6666666666666666,3.5549782859844057e-08,winter,5,0,0.7394354834847564,True,1.5889190120063324e-11,4.964255641014859e-12,-1.0924934479048466e-11,3.188725325036735e-11,5.616182641239429e-12,1.2274220880274286e-12,1.6848547923718302e-13
pwl,1,P2_dev_run1,winter,22,1.7795345933474406e-07,0.0,1.7795345933474406e-07,,False,0.02969919351985686,0.0014590278183243305,16,3,24,0.6666666666666666,3.5549782859844057e-08,winter,5,0,0.7394354834847564,True,5.984497938291058e-07,3.656775026999578e-09,-5.947930188021062e-07,6.059335851662143e-07,1.913533612999122e-09,7.815027762961173e-10,5.7406008389973707e-11
pwl,1,P2_dev_run1,winter,23,0.058130703286082615,0.1,0.04186929671391739,0.41869296713917387,False,0.02969919351985686,0.0014590278183243305,16,3,24,0.6666666666666666,3.5549782859844057e-08,winter,5,0,0.7394354834847564,True,0.19163124710903415,1.4778402883324284e-15,-0.19163124710903268,0.1992898440529665,0.007658596943933407,0.00025868625834727066,0.0002297579083180024
pwl,1,P2_dev_run1,shoulder,0,0.05231752953280242,0.1,0.047682470467197584,0.4768247046719758,True,0.02969919351985686,0.0014590278183243305,16,3,24,0.6666666666666666,3.5549782859844057e-08,winter,5,0,0.7394354834847564,True,6.524931457818396e-13,0.17246778150565967,0.17246778150500716,0.17936050512866764,0.006892723623228928,0.00023281717219692015,0.00020678170869686802
pwl,1,P2_dev_run1,shoulder,1,1.8053450082180264e-11,0.0,1.8053450082180264e-11,,True,0.02969919351985686,0.0014590278183243305,16,3,24,0.6666666666666666,3.5549782859844057e-08,winter,5,0,0.7394354834847564,True,7.417793168604325e-12,5.547294643983723e-12,-1.870498524620602e-12,4.039639654307202e-11,3.2718870703764766e-11,4.883877918580719e-13,9.815661211129438e-13
pwl,1,P2_dev_run1,shoulder,2,1.4075009679438817e-07,0.0,1.4075009679438817e-07,,True,0.02969919351985686,0.0014590278183243305,16,3,24,0.6666666666666666,3.5549782859844057e-08,winter,5,0,0.7394354834847564,True,6.224857482366213e-07,0.0,-6.224857482366213e-07,6.189540994579367e-07,0.0,4.714241802593203e-10,0.0
pwl,1,P2_dev_run1,shoulder,3,0.008049091276422797,0.05,0.04195090872357721,0.8390181744715441,True,0.02969919351985686,0.0014590278183243305,16,3,24,0.6666666666666666,3.5549782859844057e-08,winter,5,0,0.7394354834847564,True,0.08172379448259676,2.1391598033392847e-12,-0.08172379448045759,0.08172379449552501,1.1170545230895188e-11,1.1862795040738794e-05,3.3511635692685594e-13
pwl,1,P2_dev_run1,shoulder,4,0.029699193523069264,0.0,0.029699193523069264,,True,0.02969919351985686,0.0014590278183243305,16,3,24,0.6666666666666666,3.5549782859844057e-08,winter,5,0,0.7394354834847564,True,0.30154097217854353,5.51245635798724e-13,-0.3015409721779923,0.30154097218009834,2.799377764266604e-12,4.377083455970769e-05,8.39813329279982e-14
pwl,1,P2_dev_run1,shoulder,5,1.1133112261794048e-06,0.0,1.1133112261794048e-06,,True,0.02969919351985686,0.0014590278183243305,16,3,24,0.6666666666666666,3.5549782859844057e-08,winter,5,0,0.7394354834847564,True,1.1300829081369445e-05,2.4731690532338876e-11,-1.1300804349678914e-05,1.1300884810151703e-05,2.144031862732177e-11,1.6412137295180331e-09,6.432095588196537e-13
pwl,1,P2_dev_run1,shoulder,6,2.2100200638396198e-06,0.0,2.2100200638396198e-06,,True,0.02969919351985686,0.0014590278183243305,16,3,24,0.6666666666666666,3.5549782859844057e-08,winter,5,0,0.7394354834847564,True,1.1313533526334567e-05,2.0555063064973573e-08,-1.1292978463269593e-05,1.1356099476671112e-05,1.1017787036026822e-08,6.426514985427012e-09,3.3053361108080494e-10
pwl,1,P2_dev_run1,shoulder,7,2.21004189533715e-06,0.0,2.21004189533715e-06,,True,0.02969919351985686,0.0014590278183243305,16,3,24,0.6666666666666666,3.5549782859844057e-08,winter,5,0,0.7394354834847564,True,1.1313562520196014e-05,2.0550600400786247e-08,-1.1293011919795227e-05,1.1356137421178335e-05,1.1033531089210366e-08,6.4266220867554485e-09,3.310059326763113e-10
pwl,1,P2_dev_run1,shoulder,8,3.5203704296612806e-11,0.0,3.5203704296612806e-11,,True,0.02969919351985686,0.0014590278183243305,16,3,24,0.6666666666666666,3.5549782859844057e-08,winter,5,0,0.7394354834847564,True,5.1204950966880545e-11,0.0,-5.1204950966880545e-11,7.798308242620006e-11,5.936485890243303e-11,3.280196553995929e-13,1.7809457670729927e-12
pwl,1,P2_dev_run1,shoulder,9,2.3379093210893446e-11,0.0,2.3379093210893446e-11,,True,0.02969919351985686,0.0014590278183243305,16,3,24,0.6666666666666666,3.5549782859844057e-08,winter,5,0,0.7394354834847564,True,2.3699333776076977e-11,3.874402592933849e-11,1.504469215326151e-11,3.9937923091102444e-11,0.0,3.827049686896332e-13,0.0
pwl,1,P2_dev_run1,shoulder,10,0.052288944789875065,0.1,0.04771105521012494,0.47711055210124936,True,0.02969919351985686,0.0014590278183243305,16,3,24,0.6666666666666666,3.5549782859844057e-08,winter,5,0,0.7394354834847564,True,5.91643480199836e-13,0.17237355019433145,0.17237355019373982,0.17926250783916028,0.006888957645030079,0.00023268996786946793,0.00020666872935090256
pwl,1,P2_dev_run1,shoulder,11,2.5959164483999605e-09,0.0,2.5959164483999605e-09,,True,0.02969919351985686,0.0014590278183243305,16,3,24,0.6666666666666666,3.5549782859844057e-08,winter,5,0,0.7394354834847564,True,0.0,1.2278082180293193e-08,1.2278082180293193e-08,1.128846868032453e-08,2.9798152080585377e-09,8.142694736721816e-12,8.939445624175621e-11
pwl,1,P2_dev_run1,shoulder,12,1.9828072234830003e-11,0.0,1.9828072234830003e-11,,True,0.02969919351985686,0.0014590278183243305,16,3,24,0.6666666666666666,3.5549782859844057e-08,winter,5,0,0.7394354834847564,True,4.067596111782054e-12,5.434866767211214e-12,1.36727065542916e-12,3.4658092832423125e-11,2.5805197210455397e-11,5.552365992579496e-13,7.741559163136626e-13
pwl,1,P2_dev_run1,shoulder,13,1.92436936164542e-11,0.0,1.92436936164542e-11,,True,0.02969919351985686,0.0014590278183243305,16,3,24,0.6666666666666666,3.5549782859844057e-08,winter,5,0,0.7394354834847564,True,1.2377493295417948e-11,6.481737450598858e-12,-5.89575584481909e-12,3.6388598584838104e-11,2.2026509661797302e-11,4.2692506635964327e-13,6.607952898539196e-13
pwl,1,P2_dev_run1,shoulder,14,1.9415488015459184e-11,0.0,1.9415488015459184e-11,,True,0.02969919351985686,0.0014590278183243305,16,3,24,0.6666666666666666,3.5549782859844057e-08,winter,5,0,0.7394354834847564,True,1.4050269618067643e-12,5.490674499021142e-13,-8.5595951190465e-13,3.436329807297807e-11,3.339849865633907e-11,5.573516232906548e-13,1.0019549596901731e-12
pwl,1,P2_dev_run1,shoulder,15,2.1052749509581803e-11,0.0,2.1052749509581803e-11,,True,0.02969919351985686,0.0014590278183243305,16,3,24,0.6666666666666666,3.5549782859844057e-08,winter,5,0,0.7394354834847564,True,4.023546879530709e-12,4.905426374706026e-12,8.818794951753168e-13,3.5330310036613573e-11,2.7004782380991007e-11,6.056799738692545e-13,8.10143471429731e-13
pwl,1,P2_dev_run1,shoulder,16,3.2539161935492106e-11,0.0,3.2539161935492106e-11,,True,0.02969919351985686,0.0014590278183243305,16,3,24,0.6666666666666666,3.5549782859844057e-08,winter,5,0,0.7394354834847564,True,7.977131454242716e-12,5.208469534003312e-11,4.41075638857904e-11,5.946224134994688e-11,5.769933739093533e-12,3.2111089125743283e-13,1.7309801217280615e-13
pwl,1,P2_dev_run1,shoulder,17,4.02003178457357e-11,0.0,4.02003178457357e-11,,True,0.02969919351985686,0.0014590278183243305,16,3,24,0.6666666666666666,3.5549782859844057e-08,winter,5,0,0.7394354834847564,True,7.508425418107997e-12,6.829177773603622e-11,6.078335231792822e-11,7.197611636539288e-11,4.129043460799018e-12,3.627321094131408e-13,1.2387130382397065e-13
pwl,1,P2_dev_run1,shoulder,18,3.220408774684306e-11,0.0,3.220408774684306e-11,,True,0.02969919351985686,0.0014590278183243305,16,3,24,0.6666666666666666,3.5549782859844057e-08,winter,5,0,0.7394354834847564,True,2.477598272917107e-09,2.826457638892407e-09,3.4885936597529964e-10,1.3212872000084052e-10,0.0,4.4498010694845224e-14,0.0
pwl,1,P2_dev_run1,shoulder,19,4.7270033315943136e-11,0.0,4.7270033315943136e-11,,True,0.02969919351985686,0.0014590278183243305,16,3,24,0.6666666666666666,3.5549782859844057e-08,winter,5,0,0.7394354834847564,True,4.487849072906213e-11,1.2822213901267122e-10,8.334364828360909e-11,8.548441860213673e-11,0.0,3.7415707295637676e-13,0.0
pwl,1,P2_dev_run1,shoulder,20,2.9005014561998233e-11,0.0,2.9005014561998233e-11,,True,0.02969919351985686,0.0014590278183243305,16,3,24,0.6666666666666666,3.5549782859844057e-08,winter,5,0,0.7394354834847564,True,1.4762534412271326e-11,3.82113581912756e-11,2.3448823779004276e-11,4.701377366581075e-11,4.833571273586861e-12,4.154742419462348e-13,1.4500713820760595e-13
pwl,1,P2_dev_run1,shoulder,21,2.2193042212043412e-11,0.0,2.2193042212043412e-11,,True,0.02969919351985686,0.0014590278183243305,16,3,24,0.6666666666666666,3.5549782859844057e-08,winter,5,0,0.7394354834847564,True,1.8563735804646283e-12,3.391288120072006e-13,-1.5172447684574277e-12,3.5943385216188296e-11,3.474764360211772e-11,6.218280239652277e-13,1.0424293080635325e-12
pwl,1,P2_dev_run1,shoulder,22,2.1162475855219187e-11,0.0,2.1162475855219187e-11,,True,0.02969919351985686,0.0014590278183243305,16,3,24,0.6666666666666666,3.5549782859844057e-08,winter,5,0,0.7394354834847564,True,0.0,1.6589278943827658e-12,1.6589278943827658e-12,3.594939109009013e-11,3.617608838996259e-11,5.870541033318152e-13,1.0852826516988786e-12
pwl,1,P2_dev_run1,shoulder,23,2.296197036217021e-11,0.0,2.296197036217021e-11,,True,0.02969919351985686,0.0014590278183243305,16,3,24,0.6666666666666666,3.5549782859844057e-08,winter,5,0,0.7394354834847564,True,1.654869186230078e-11,2.896494933700678e-12,-1.3652196928600102e-11,4.100380016826253e-11,2.1483424418160575e-11,3.9185227729966837e-13,6.445027325448179e-13
pwl,1,P3_dev_run0,summer,0,0.1418909912007627,0.15,0.008109008799237288,0.05406005866158192,False,0.10242791164439083,0.005031960627554209,13,0,21,0.6190476190476191,1.5522011790366594e-08,summer,3,0,0.32285784523962513,True,2.522876267744305e-13,0.1728946730556808,0.1728946730554285,0.22258707781973627,0.04969240476414384,0.0015230822534471186,0.0014907721429243165
pwl,1,P3_dev_run0,summer,1,1.9127997096315663e-11,0.0,1.9127997096315663e-11,,False,0.10242791164439083,0.005031960627554209,13,0,21,0.6190476190476191,1.5522011790366594e-08,summer,3,0,0.32285784523962513,True,5.27976259366116e-12,1.6904426830113599e-12,-3.5893199106498004e-12,2.5299372321451474e-11,1.5758080627437512e-11,4.761758139801559e-13,4.727424188231258e-13
pwl,1,P3_dev_run0,summer,2,3.2922434824865836e-07,0.0,3.2922434824865836e-07,,False,0.10242791164439083,0.005031960627554209,13,0,21,0.6190476190476191,1.5522011790366594e-08,summer,3,0,0.32285784523962513,True,5.866785846067218e-07,0.0,-5.866785846067218e-07,6.649777682921916e-07,9.127541900712263e-08,2.5818720166396633e-09,2.7382625702136815e-09
pwl,1,P3_dev_run0,summer,3,2.858259157320666e-07,0.0,2.858259157320666e-07,,False,0.10242791164439083,0.005031960627554209,13,0,21,0.6190476190476191,1.5522011790366594e-08,summer,3,0,0.32285784523962513,True,6.034012984470255e-07,1.5522011790366594e-08,-5.87879286656659e-07,6.355378059163414e-07,8.32927338362293e-09,1.9740435988561584e-09,2.498782015086881e-10
pwl,1,P3_dev_run0,summer,4,4.0032960734137936e-07,0.0,4.0032960734137936e-07,,False,0.10242791164439083,0.005031960627554209,13,0,21,0.6190476190476191,1.5522011790366594e-08,summer,3,0,0.32285784523962513,True,6.110483264524497e-07,2.0097759960165644e-10,-6.10847348852848e-07,7.47258827535368e-07,1.3610962099858211e-07,3.5848157335793336e-09,4.083288629957467e-09
pwl,1,P3_dev_run0,summer,5,0.20536482468081535,0.2,0.005364824680815339,0.026824123404076694,False,0.10242791164439083,0.005031960627554209,13,0,21,0.6190476190476191,1.5522011790366594e-08,summer,3,0,0.32285784523962513,True,0.3842105633953248,2.5223097258428555e-13,-0.38421056339507254,0.4335539916918841,0.04934342829673346,0.0015432363199104951,0.001480302848902005
pwl,1,P3_dev_run0,summer,6,6.053565008715576e-06,0.0,6.053565008715576e-06,,False,0.10242791164439083,0.005031960627554209,13,0,21,0.6190476190476191,1.5522011790366594e-08,summer,3,0,0.32285784523962513,True,1.1325381056620505e-05,4.028209282680885e-14,-1.1325381016338411e-05,1.2779890565267751e-05,1.4545100363319357e-06,4.549032360317517e-08,4.363530108995811e-08
pwl,1,P3_dev_run0,summer,7,6.054700173536087e-06,0.0,6.054700173536087e-06,,False,0.10242791164439083,0.005031960627554209,13,0,21,0.6190476190476191,1.5522011790366594e-08,summer,3,0,0.32285784523962513,True,1.1327498392241553e-05,2.9284344045102835e-14,-1.1327498362957208e-05,1.2782281376303476e-05,1.4547834932538087e-06,4.549887658474091e-08,4.36435047976143e-08
pwl,1,P3_dev_run0,summer,8,6.749814860818222e-06,0.0,6.749814860818222e-06,,False,0.10242791164439083,0.005031960627554209,13,0,21,0.6190476190476191,1.5522011790366594e-08,summer,3,0,0.32285784523962513,True,1.1318689892488403e-05,0.0,-1.1318689892488403e-05,1.307884231081736e-05,1.7603510930643782e-06,5.579416582839915e-08,5.2810532791931395e-08
pwl,1,P3_dev_run0,summer,9,3.371245478711743e-11,0.0,3.371245478711743e-11,,False,0.10242791164439083,0.005031960627554209,13,0,21,0.6190476190476191,1.5522011790366594e-08,summer,3,0,0.32285784523962513,True,1.017098231386945e-08,8.98769355255062e-09,-1.1832887613188301e-09,3.3058934159456847e-10,0.0,1.4404333577184268e-14,0.0
pwl,1,P3_dev_run0,summer,10,2.5548875238397125e-11,0.0,2.5548875238397125e-11,,False,0.10242791164439083,0.005031960627554209,13,0,21,0.6190476190476191,1.5522011790366594e-08,summer,3,0,0.32285784523962513,True,1.7163625126754501e-12,7.197125378675454e-12,5.480762866000004e-12,3.1362350520489986e-11,1.8600952706622298e-11,6.194810678220307e-13,5.580285811986694e-13
pwl,1,P3_dev_run0,summer,11,2.607229799309386e-11,0.0,2.607229799309386e-11,,False,0.10242791164439083,0.005031960627554209,13,0,21,0.6190476190476191,1.5522011790366594e-08,summer,3,0,0.32285784523962513,True,8.059954807503379e-12,9.775978104169192e-13,-7.082356997086459e-12,3.2219733559845274e-11,1.9526560164795963e-11,5.980427402826389e-13,5.857968049438795e-13
pwl,1,P3_dev_run0,summer,12,2.5487098585558227e-11,0.0,2.5487098585558227e-11,,False,0.10242791164439083,0.005031960627554209,13,0,21,0.6190476190476191,1.5522011790366594e-08,summer,3,0,0.32285784523962513,True,7.31620628617622e-12,1.3589179796389134e-12,-5.957288306537307e-12,3.142917922245362e-11,1.9221180685452574e-11,6.065031859877058e-13,5.766354205635778e-13
pwl,1,P3_dev_run0,summer,13,2.47310588485926e-11,0.0,2.47310588485926e-11,,False,0.10242791164439083,0.005031960627554209,13,0,21,0.6190476190476191,1.5522011790366594e-08,summer,3,0,0.32285784523962513,True,5.923592741765348e-13,8.142377454685398e-12,7.550018180508864e-12,3.0352419207910714e-11,1.79509239929564e-11,5.492347455627256e-13,5.385277197886925e-13
pwl,1,P3_dev_run0,summer,14,2.8674603564044932e-11,0.0,2.8674603564044932e-11,,False,0.10242791164439083,0.005031960627554209,13,0,21,0.6190476190476191,1.5522011790366594e-08,summer,3,0,0.32285784523962513,True,1.467279000259583e-11,0.0,-1.467279000259583e-11,3.5796851482283404e-11,1.8876491413482547e-11,5.261347207409948e-13,5.66294742404477e-13
pwl,1,P3_dev_run0,summer,15,5.992378285412777e-09,0.0,5.992378285412777e-09,,False,0.10242791164439083,0.005031960627554209,13,0,21,0.6190476190476191,1.5522011790366594e-08,summer,3,0,0.32285784523962513,True,1.0819485424137905e-08,3.90626421271881e-09,-6.913221211419094e-09,7.465262244357205e-09,0.0,6.706848444721231e-11,0.0
pwl,1,P3_dev_run0,summer,16,0.21053484437876174,0.2,0.010534844378761732,0.05267422189380866,False,0.10242791164439083,0.005031960627554209,13,0,21,0.6190476190476191,1.5522011790366594e-08,summer,3,0,0.32285784523962513,True,2.2454566530740196e-13,0.1727814815322016,0.17278148153197706,0.27104557339133317,0.09826409185921307,0.002987266964449023,0.002947922755776395
pwl,1,P3_dev_run0,summer,17,3.875579008970684e-11,0.0,3.875579008970684e-11,,False,0.10242791164439083,0.005031960627554209,13,0,21,0.6190476190476191,1.5522011790366594e-08,summer,3,0,0.32285784523962513,True,9.29843740173586e-11,9.173218082322105e-11,-1.2521931941375464e-12,5.150701956661037e-11,0.0,1.1257146209050384e-12,0.0
pwl,1,P3_dev_run0,summer,18,3.22884083458559e-11,0.0,3.22884083458559e-11,,False,0.10242791164439083,0.005031960627554209,13,0,21,0.6190476190476191,1.5522011790366594e-08,summer,3,0,0.32285784523962513,True,1.67087334472289e-11,0.0,-1.67087334472289e-11,4.259021683848606e-11,2.3601368733016953e-11,5.894032881494117e-13,7.080410619905092e-13
pwl,1,P3_dev_run0,summer,19,2.995273934226401e-11,0.0,2.995273934226401e-11,,False,0.10242791164439083,0.005031960627554209,13,0,21,0.6190476190476191,1.5522011790366594e-08,summer,3,0,0.32285784523962513,True,9.527727899421576e-12,1.6170061054537904e-12,-7.910721793967787e-12,3.840993402358524e-11,2.2452138806757895e-11,6.920714288249312e-13,6.735641642027374e-13
pwl,1,P3_dev_run0,summer,20,2.9083946272328535e-11,0.0,2.9083946272328535e-11,,False,0.10242791164439083,0.005031960627554209,13,0,21,0.6190476190476191,1.5522011790366594e-08,summer,3,0,0.32285784523962513,True,7.763686412330122e-12,2.7784705966272643e-12,-4.985215815702857e-12,3.693171892010121e-11,2.1816060631545857e-11,7.356866993239712e-13,6.544818189463763e-13
pwl,1,P3_dev_run0,summer,21,2.8588465228871984e-11,0.0,2.8588465228871984e-11,,False,0.10242791164439083,0.005031960627554209,13,0,21,0.6190476190476191,1.5522011790366594e-08,summer,3,0,0.32285784523962513,True,0.0,1.1677410114284368e-11,1.1677410114284368e-11,3.591259155410365e-11,2.0162493315961235e-11,5.761203693837984e-13,6.048747994788376e-13
pwl,1,P3_dev_run0,summer,22,3.0893170953256325e-11,0.0,3.0893170953256325e-11,,False,0.10242791164439083,0.005031960627554209,13,0,21,0.6190476190476191,1.5522011790366594e-08,summer,3,0,0.32285784523962513,True,6.575862038521074e-09,5.815279438226545e-09,-7.605826002945295e-10,2.2194631295829974e-10,0.0,1.8814419973605617e-14,0.0
pwl,1,P3_dev_run0,summer,23,1.5257634380470151e-09,0.0,1.5257634380470151e-09,,False,0.10242791164439083,0.005031960627554209,13,0,21,0.6190476190476191,1.5522011790366594e-08,summer,3,0,0.32285784523962513,True,9.19377545290406e-09,1.0235991480170069e-08,1.0422160272660085e-09,2.369680047958938e-09,0.0,2.4165923827083384e-11,0.0
pwl,1,P3_dev_run0,winter,0,0.1418909917871752,0.15,0.008109008212824786,0.05406005475216524,False,0.10242791164439083,0.005031960627554209,13,0,21,0.6190476190476191,1.5522011790366594e-08,summer,3,0,0.32285784523962513,True,1.1818831291779496e-13,0.1728946737437898,0.17289467374367162,0.22258707871765268,0.04969240497390479,0.0015230822599208843,0.0014907721492171452
pwl,1,P3_dev_run0,winter,1,2.3864289804478573e-12,0.0,2.3864289804478573e-12,,False,0.10242791164439083,0.005031960627554209,13,0,21,0.6190476190476191,1.5522011790366594e-08,summer,3,0,0.32285784523962513,True,1.863514610688125e-11,0.0,-1.863514610688125e-11,2.601391622144427e-11,9.508477394276844e-12,4.565473020416419e-15,2.8525432182830554e-13
pwl,1,P3_dev_run0,winter,2,4.1435448609912035e-07,0.0,4.1435448609912035e-07,,False,0.10242791164439083,0.005031960627554209,13,0,21,0.6190476190476191,1.5522011790366594e-08,summer,3,0,0.32285784523962513,True,5.957681698688673e-07,0.0,-5.957681698688673e-07,7.169536753456306e-07,1.2178838282281126e-07,3.897724691459393e-09,3.6536514846843413e-09
pwl,1,P3_dev_run0,winter,3,4.1413671517470205e-07,0.0,4.1413671517470205e-07,,False,0.10242791164439083,0.005031960627554209,13,0,21,0.6190476190476191,1.5522011790366594e-08,summer,3,0,0.32285784523962513,True,5.957652451210802e-07,0.0,-5.957652451210802e-07,7.168279587087765e-07,1.2165986465281324e-07,3.894010775505054e-09,3.6497959395844005e-09
pwl,1,P3_dev_run0,winter,4,0.20536482690504687,0.2,0.00536482690504686,0.0268241345252343,False,0.10242791164439083,0.005031960627554209,13,0,21,0.6190476190476191,1.5522011790366594e-08,summer,3,0,0.32285784523962513,True,0.3842105675466377,1.1196450813822524e-13,-0.3842105675465257,0.4335539963784079,0.04934342883184736,0.001543236336659409,0.001480302864955422
pwl,1,P3_dev_run0,winter,5,6.053681027920828e-06,0.0,6.053681027920828e-06,,False,0.10242791164439083,0.005031960627554209,13,0,21,0.6190476190476191,1.5522011790366594e-08,summer,3,0,0.32285784523962513,True,1.1325386297937297e-05,0.0,-1.1325386297937297e-05,1.2779954266087124e-05,1.4545700366415376e-06,4.5491945642399965e-08,4.363710109924617e-08
pwl,1,P3_dev_run0,winter,6,6.054256949777795e-06,0.0,6.054256949777795e-06,,False,0.10242791164439083,0.005031960627554209,13,0,21,0.6190476190476191,1.5522011790366594e-08,summer,3,0,0.32285784523962513,True,1.1326453611466743e-05,0.0,-1.1326453611466743e-05,1.278116139282261e-05,1.4547098750008076e-06,4.54963094633246e-08,4.364129625002427e-08
pwl,1,P3_dev_run0,winter,7,8.869773092172916e-06,0.0,8.869773092172916e-06,,False,0.10242791164439083,0.005031960627554209,13,0,21,0.6190476190476191,1.5522011790366594e-08,summer,3,0,0.32285784523962513,True,1.1321998164443448e-05,0.0,-1.1321998164443448e-05,1.4300042129376583e-05,2.978147267072036e-06,9.181944672760314e-08,8.934441801216116e-08
pwl,1,P3_dev_run0,winter,8,9.29555223205169e-06,0.0,9.29555223205169e-06,,False,0.10242791164439083,0.005031960627554209,13,0,21,0.6190476190476191,1.5522011790366594e-08,summer,3,0,0.32285784523962513,True,1.1326457883303869e-05,0.0,-1.1326457883303869e-05,1.4581955065667419e-05,3.255497836632333e-06,9.978145107742562e-08,9.766493509897008e-08
pwl,1,P3_dev_run0,winter,9,0.0,0.0,0.0,,False,0.10242791164439083,0.005031960627554209,13,0,21,0.6190476190476191,1.5522011790366594e-08,summer,3,0,0.32285784523962513,True,7.886910208276274e-10,0.0,-7.886910208276274e-10,6.488664463964942e-10,1.5898645453266416e-10,0.0,4.769593635979929e-12
pwl,1,P3_dev_run0,winter,10,0.421333777475975,0.3,0.12133377747597501,0.4044459249199167,False,0.10242791164439083,0.005031960627554209,13,0,21,0.6190476190476191,1.5522011790366594e-08,summer,3,0,0.32285784523962513,True,9.984715557851311e-14,0.34577969503659284,0.345779695036493,0.5424311383533112,0.19665144331675496,0.005978281069156492,0.005899543299502655
pwl,1,P3_dev_run0,winter,11,1.7291858929431165e-10,0.0,1.7291858929431165e-10,,False,0.10242791164439083,0.005031960627554209,13,0,21,0.6190476190476191,1.5522011790366594e-08,summer,3,0,0.32285784523962513,True,2.0474504482481333e-09,0.0,-2.0474504482481333e-09,1.6839821036899628e-09,4.0796046909431977e-10,2.1866982748158542e-13,1.2238814072829603e-11
pwl,1,P3_dev_run0,winter,12,1.6957188598703925e-11,0.0,1.6957188598703925e-11,,False,0.10242791164439083,0.005031960627554209,13,0,21,0.6190476190476191,1.5522011790366594e-08,summer,3,0,0.32285784523962513,True,0.0,1.7167607624787216e-11,1.7167607624787216e-11,3.425633957064217e-11,1.1541869131966716e-11,2.0888177744334055e-13,3.4625607395900177e-13
pwl,1,P3_dev_run0,winter,13,3.862276637494443e-06,0.0,3.862276637494443e-06,,False,0.10242791164439083,0.005031960627554209,13,0,21,0.6190476190476191,1.5522011790366594e-08,summer,3,0,0.32285784523962513,True,4.705930947833482e-06,0.0,-4.705930947833482e-06,6.058612993948802e-06,1.3526826040083337e-06,4.146015691216812e-08,4.058047812025005e-08
pwl,1,P3_dev_run0,winter,14,6.340573292423883e-10,0.0,6.340573292423883e-10,,False,0.10242791164439083,0.005031960627554209,13,0,21,0.6190476190476191,1.5522011790366594e-08,summer,3,0,0.32285784523962513,True,0.0,6.09948459390504e-10,6.09948459390504e-10,6.25967096421771e-10,1.6746877888689056e-10,8.095849351555064e-12,5.024063366606722e-12
pwl,1,P3_dev_run0,winter,15,0.0,0.0,0.0,,False,0.10242791164439083,0.005031960627554209,13,0,21,0.6190476190476191,1.5522011790366594e-08,summer,3,0,0.32285784523962513,True,1.056561119566612e-09,0.0,-1.056561119566612e-09,1.306702225918852e-09,3.2448004695795527e-10,0.0,9.734401408738667e-12
pwl,1,P3_dev_run0,winter,16,3.368512763668132e-10,0.0,3.368512763668132e-10,,False,0.10242791164439083,0.005031960627554209,13,0,21,0.6190476190476191,1.5522011790366594e-08,summer,3,0,0.32285784523962513,True,6.935440777607336e-09,0.0,-6.935440777607336e-09,7.428540771539143e-09,1.818478014709506e-09,2.452661912417411e-13,5.455434044128523e-11
pwl,1,P3_dev_run0,winter,17,1.2495148262674027e-08,0.0,1.2495148262674027e-08,,False,0.10242791164439083,0.005031960627554209,13,0,21,0.6190476190476191,1.5522011790366594e-08,summer,3,0,0.32285784523962513,True,2.311421162076565e-08,0.0,-2.311421162076565e-08,2.828462276299847e-08,6.957866370670072e-09,9.48350027448173e-11,2.0873599112010235e-10
pwl,1,P3_dev_run0,winter,18,1.3606803652341912e-08,0.0,1.3606803652341912e-08,,False,0.10242791164439083,0.005031960627554209,13,0,21,0.6190476190476191,1.5522011790366594e-08,summer,3,0,0.32285784523962513,True,1.6173730444433224e-08,0.0,-1.6173730444433224e-08,2.2004557806470563e-08,5.43876102772564e-09,1.488710433140924e-10,1.6316283083176935e-10
pwl,1,P3_dev_run0,winter,19,4.827442143782834e-10,0.0,4.827442143782834e-10,,False,0.10242791164439083,0.005031960627554209,13,0,21,0.6190476190476191,1.5522011790366594e-08,summer,3,0,0.32285784523962513,True,2.0244133829896363e-10,1.3956694435059647e-09,1.193228105207001e-09,3.2783073288711784e-09,8.43165976399631e-10,2.8185910484501138e-12,2.5294979291988952e-11
pwl,1,P3_dev_run0,winter,20,3.226114906899067e-09,0.0,3.226114906899067e-09,,False,0.10242791164439083,0.005031960627554209,13,0,21,0.6190476190476191,1.5522011790366594e-08,summer,3,0,0.32285784523962513,True,5.6973759851038754e-11,1.0566229617723184e-09,9.996492019212797e-10,2.290967821291208e-09,5.920821535659359e-10,7.133379040903457e-11,1.7762464606978092e-11
pwl,1,P3_dev_run0,winter,21,6.025730946084558e-07,0.0,6.025730946084558e-07,,False,0.10242791164439083,0.005031960627554209,13,0,21,0.6190476190476191,1.5522011790366594e-08,summer,3,0,0.32285784523962513,True,5.953940468713799e-07,1.818443377691017e-12,-5.953922284280022e-07,8.371690549334821e-07,2.417689080656749e-07,7.551371796618924e-09,7.253067241970253e-09
pwl,1,P3_dev_run0,winter,22,4.318099383790014e-07,0.0,4.318099383790014e-07,,False,0.10242791164439083,0.005031960627554209,13,0,21,0.6190476190476191,1.5522011790366594e-08,summer,3,0,0.32285784523962513,True,5.975354575997054e-07,0.0,-5.975354575997054e-07,7.299116818249611e-07,1.325540444560241e-07,4.19084386268683e-09,3.9766213336807265e-09
pwl,1,P3_dev_run0,winter,23,0.157656976211122,0.15,0.0076569762111220185,0.05104650807414679,False,0.10242791164439083,0.005031960627554209,13,0,21,0.6190476190476191,1.5522011790366594e-08,summer,3,0,0.32285784523962513,True,0.19210558134870515,9.601066607128395e-14,-0.19210558134860914,0.2473194762561079,0.055213894907467996,0.0016923170427922453,0.0016564168472240413
pwl,1,P3_dev_run0,shoulder,0,0.09241412846195547,0.1,0.0075858715380445335,0.07585871538044534,False,0.10242791164439083,0.005031960627554209,13,0,21,0.6190476190476191,1.5522011790366594e-08,summer,3,0,0.32285784523962513,True,5.739391672240051e-14,0.17289467374077896,0.17289467374072157,0.19509920622839252,0.022204532487633467,0.0006944560235212888,0.0006661359746290047
pwl,1,P3_dev_run0,shoulder,1,3.88005557956937e-12,0.0,3.88005557956937e-12,,False,0.10242791164439083,0.005031960627554209,13,0,21,0.6190476190476191,1.5522011790366594e-08,summer,3,0,0.32285784523962513,True,1.0823705548813752e-12,9.147125353645453e-13,-1.6765801951682993e-13,5.545183926612348e-12,2.7201469331935932e-12,1.1148054420021763e-13,8.160440799580787e-14
pwl,1,P3_dev_run0,shoulder,2,2.3872831580640485e-07,0.0,2.3872831580640485e-07,,False,0.10242791164439083,0.005031960627554209,13,0,21,0.6190476190476191,1.5522011790366594e-08,summer,3,0,0.32285784523962513,True,5.963576939483977e-07,0.0,-5.963576939483977e-07,6.355643375133873e-07,3.990933525538427e-08,1.3802405402858537e-09,1.1972800576615293e-09
pwl,1,P3_dev_run0,shoulder,3,2.1901545949950666e-07,0.0,2.1901545949950666e-07,,False,0.10242791164439083,0.005031960627554209,13,0,21,0.6190476190476191,1.5522011790366594e-08,summer,3,0,0.32285784523962513,True,6.04866634310666e-07,9.412807536651286e-09,-5.954538267740146e-07,6.242563824233479e-07,4.99118188213442e-09,1.1700324612330684e-09,1.4973545646403274e-10
pwl,1,P3_dev_run0,shoulder,4,0.2053648275629229,0.2,0.005364827562922891,0.026824137814614457,False,0.10242791164439083,0.005031960627554209,13,0,21,0.6190476190476191,1.5522011790366594e-08,summer,3,0,0.32285784523962513,True,0.3842105687876784,5.686361985124239e-14,-0.38421056878762155,0.4335539977763568,0.04934342898871777,0.001543236341566617,0.0014803028696615344
pwl,1,P3_dev_run0,shoulder,5,5.800990953851635e-06,0.0,5.800990953851635e-06,,False,0.10242791164439083,0.005031960627554209,13,0,21,0.6190476190476191,1.5522011790366594e-08,summer,3,0,0.32285784523962513,True,1.1323287803916643e-05,0.0,-1.1323287803916643e-05,1.2652760264673926e-05,1.329543610688247e-06,4.1983836613468834e-08,3.988630832064745e-08
pwl,1,P3_dev_run0,shoulder,6,6.053849883461554e-06,0.0,6.053849883461554e-06,,False,0.10242791164439083,0.005031960627554209,13,0,21,0.6190476190476191,1.5522011790366594e-08,summer,3,0,0.32285784523962513,True,1.1326039038591473e-05,4.32262175348865e-14,-1.1326038995365256e-05,1.2780598923092796e-05,1.4545599289113402e-06,4.549202147529365e-08,4.3636797867340245e-08
pwl,1,P3_dev_run0,shoulder,7,6.053540952041055e-06,0.0,6.053540952041055e-06,,False,0.10242791164439083,0.005031960627554209,13,0,21,0.6190476190476191,1.5522011790366594e-08,summer,3,0,0.32285784523962513,True,1.1325379431811573e-05,5.1212855483652774e-14,-1.1325379380598718e-05,1.2779876164240016e-05,1.454496763436694e-06,4.5489989189951895e-08,4.363490290310086e-08
pwl,1,P3_dev_run0,shoulder,8,4.765661367716748e-10,0.0,4.765661367716748e-10,,False,0.10242791164439083,0.005031960627554209,13,0,21,0.6190476190476191,1.5522011790366594e-08,summer,3,0,0.32285784523962513,True,2.3546778417527484e-09,2.536319557429317e-09,1.816417156765685e-10,4.884615147549509e-10,0.0,9.851013103633215e-12,0.0
pwl,1,P3_dev_run0,shoulder,9,5.322759341224282e-12,0.0,5.322759341224282e-12,,False,0.10242791164439083,0.005031960627554209,13,0,21,0.6190476190476191,1.5522011790366594e-08,summer,3,0,0.32285784523962513,True,2.3366100668040855e-09,2.6314114263555664e-09,2.9480135955148087e-10,8.089730480698989e-11,0.0,1.4414515455633953e-15,0.0
pwl,1,P3_dev_run0,shoulder,10,0.09236365141192017,0.15,0.057636348588079825,0.3842423239205322,False,0.10242791164439083,0.005031960627554209,13,0,21,0.6190476190476191,1.5522011790366594e-08,summer,3,0,0.32285784523962513,True,5.200085668561058e-14,0.172800237782512,0.17280023778245998,0.19499264205230288,0.022192404269808983,0.0006940767083776998,0.0006657721280942701
pwl,1,P3_dev_run0,shoulder,11,5.66909638257527e-10,0.0,5.66909638257527e-10,,False,0.10242791164439083,0.005031960627554209,13,0,21,0.6190476190476191,1.5522011790366594e-08,summer,3,0,0.32285784523962513,True,2.664449655558499e-09,2.17584138862233e-09,-4.886082669361693e-10,6.506302113792632e-10,0.0,7.794193258309149e-12,0.0
pwl,1,P3_dev_run0,shoulder,12,4.328782852238273e-12,0.0,4.328782852238273e-12,,False,0.10242791164439083,0.005031960627554209,13,0,21,0.6190476190476191,1.5522011790366594e-08,summer,3,0,0.32285784523962513,True,3.075379272551156e-12,0.0,-3.075379272551156e-12,5.8823140935719736e-12,2.6382104539724083e-12,6.703923948291593e-14,7.914631361917231e-14
pwl,1,P3_dev_run0,shoulder,13,5.188412560542014e-12,0.0,5.188412560542014e-12,,False,0.10242791164439083,0.005031960627554209,13,0,21,0.6190476190476191,1.5522011790366594e-08,summer,3,0,0.32285784523962513,True,4.8733282852347e-12,6.364671128555985e-12,1.4913428433212856e-12,6.448052177274607e-12,0.0,1.1721450943409017e-13,0.0
pwl,1,P3_dev_run0,shoulder,14,3.6324618191898897e-12,0.0,3.6324618191898897e-12,,False,0.10242791164439083,0.005031960627554209,13,0,21,0.6190476190476191,1.5522011790366594e-08,summer,3,0,0.32285784523962513,True,8.536837937587853e-13,8.490306189897732e-13,-4.653174769012036e-15,4.912980266619016e-12,2.507432639955695e-12,1.0883434874317343e-13,7.522297919867091e-14
pwl,1,P3_dev_run0,shoulder,15,4.625910565826855e-12,0.0,4.625910565826855e-12,,False,0.10242791164439083,0.005031960627554209,13,0,21,0.6190476190476191,1.5522011790366594e-08,summer,3,0,0.32285784523962513,True,3.469133156401704e-12,0.0,-3.469133156401704e-12,6.369829051192229e-12,2.8134493946723728e-12,6.939225585221699e-14,8.440348184017126e-14
pwl,1,P3_dev_run0,shoulder,16,7.133133829986595e-12,0.0,7.133133829986595e-12,,False,0.10242791164439083,0.005031960627554209,13,0,21,0.6190476190476191,1.5522011790366594e-08,summer,3,0,0.32285784523962513,True,2.040490342554498e-09,2.297371508529083e-09,2.568811659745848e-10,7.338748908485656e-11,0.0,2.970544382861009e-15,0.0
pwl,1,P3_dev_run0,shoulder,17,1.1474252163689106e-11,0.0,1.1474252163689106e-11,,False,0.10242791164439083,0.005031960627554209,13,0,21,0.6190476190476191,1.5522011790366594e-08,summer,3,0,0.32285784523962513,True,1.8740952396081983e-09,2.102805827711953e-09,2.287105881037547e-10,7.276836542351246e-11,0.0,8.629402981174461e-15,0.0
pwl,1,P3_dev_run0,shoulder,18,7.870405370579639e-12,0.0,7.870405370579639e-12,,False,0.10242791164439083,0.005031960627554209,13,0,21,0.6190476190476191,1.5522011790366594e-08,summer,3,0,0.32285784523962513,True,1.292213529989221e-11,8.262806973730764e-12,-4.659328326161446e-12,1.004669150532043e-11,0.0,1.3460557080706304e-13,0.0
pwl,1,P3_dev_run0,shoulder,19,3.827600049792434e-11,0.0,3.827600049792434e-11,,False,0.10242791164439083,0.005031960627554209,13,0,21,0.6190476190476191,1.5522011790366594e-08,summer,3,0,0.32285784523962513,True,8.243139918180791e-10,8.649849241811205e-10,4.0670932363041424e-11,6.756295029077444e-11,0.0,4.553597963146468e-13,0.0
pwl,1,P3_dev_run0,shoulder,20,6.8771467905335445e-12,0.0,6.8771467905335445e-12,,False,0.10242791164439083,0.005031960627554209,13,0,21,0.6190476190476191,1.5522011790366594e-08,summer,3,0,0.32285784523962513,True,8.963574091040416e-10,1.0051601484562418e-09,1.088027393522002e-10,3.707082912109439e-11,0.0,6.5138071202173104e-15,0.0
pwl,1,P3_dev_run0,shoulder,21,4.008137765464674e-12,0.0,4.008137765464674e-12,,False,0.10242791164439083,0.005031960627554209,13,0,21,0.6190476190476191,1.5522011790366594e-08,summer,3,0,0.32285784523962513,True,1.5030371886050265e-12,4.919994082863065e-13,-1.01103778031872e-12,5.5957037889697374e-12,2.7657825112459714e-12,9.367946761373149e-14,8.297347533737921e-14
pwl,1,P3_dev_run0,shoulder,22,4.931397257973642e-12,0.0,4.931397257973642e-12,,False,0.10242791164439083,0.005031960627554209,13,0,21,0.6190476190476191,1.5522011790366594e-08,summer,3,0,0.32285784523962513,True,0.0,3.800905439857746e-12,3.800905439857746e-12,6.8481005963074026e-12,2.897842034089373e-12,7.275882388793824e-14,8.693526102268126e-14
pwl,1,P3_dev_run0,shoulder,23,9.097376839510527e-12,0.0,9.097376839510527e-12,,False,0.10242791164439083,0.005031960627554209,13,0,21,0.6190476190476191,1.5522011790366594e-08,summer,3,0,0.32285784523962513,True,2.2089980017715875e-09,1.957794530732186e-09,-2.512034710394013e-10,7.243846442275844e-11,0.0,4.9403266396393645e-15,0.0
pwl,2,P1_old_full_opt,summer,0,0.024999999999628326,0.0,0.024999999999628326,,False,0.017251016698002664,0.0008474881056933404,11,0,31,0.3548387096774194,5.476737000191267e-09,shoulder,19,0,0.11391612960397836,True,2.3968088353969223e-14,0.17361114328099506,0.17361114328097108,0.17515251189429262,0.0015413686133010128,5.372291944455353e-05,4.6241058399030423e-05
pwl,2,P1_old_full_opt,summer,1,0.0043163088690665805,0.0,0.0043163088690665805,,False,0.017251016698002664,0.0008474881056933404,11,0,31,0.3548387096774194,5.476737000191267e-09,shoulder,19,0,0.11391612960397836,True,2.1620585764634497e-14,0.005259437576263857,0.005259437576242237,0.006771075246652564,0.0015116376703962916,4.6332000237408274e-05,4.534913011188879e-05
pwl,2,P1_old_full_opt,summer,2,2.7375891004348985e-09,0.0,2.7375891004348985e-09,,False,0.017251016698002664,0.0008474881056933404,11,0,31,0.3548387096774194,5.476737000191267e-09,shoulder,19,0,0.11391612960397836,True,3.741121915845185e-09,2.3409921910159706e-10,-3.507022696743588e-09,4.155550364734155e-09,9.029169735931529e-11,2.8259323407519106e-11,2.708750920779461e-12
pwl,2,P1_old_full_opt,summer,3,0.02499999999962269,0.02,0.004999999999622688,0.2499999999811344,False,0.017251016698002664,0.0008474881056933404,11,0,31,0.3548387096774194,5.476737000191267e-09,shoulder,19,0,0.11391612960397836,True,0.04677171029405995,1.9715479294819964e-14,-0.04677171029404024,0.05277851165026015,0.006006801356213781,0.00018786522014060359,0.00018020404068641357
pwl,2,P1_old_full_opt,summer,4,0.025000000000003932,0.0,0.025000000000003932,,False,0.017251016698002664,0.0008474881056933404,11,0,31,0.3548387096774194,5.476737000191267e-09,shoulder,19,0,0.11391612960397836,True,0.1736111432808822,1.9058622578991916e-14,-0.17361114328086313,0.17515251189426875,0.0015413686134017918,5.3722919446193056e-05,4.6241058402053796e-05
pwl,2,P1_old_full_opt,summer,5,0.024999999999999425,0.0,0.024999999999999425,,False,0.017251016698002664,0.0008474881056933404,11,0,31,0.3548387096774194,5.476737000191267e-09,shoulder,19,0,0.11391612960397836,True,0.17361114328088328,1.9055468298487462e-14,-0.17361114328086422,0.17515251189426892,0.0015413686134009195,5.372291944617307e-05,4.6241058402027626e-05
pwl,2,P1_old_full_opt,summer,6,0.0018805369027099078,0.0,0.0018805369027099078,,False,0.017251016698002664,0.0008474881056933404,11,0,31,0.3548387096774194,5.476737000191267e-09,shoulder,19,0,0.11391612960397836,True,0.0035182370862460533,1.9730942794804918e-14,-0.0035182370862263225,0.003970077551351944,0.0004518404651194216,1.4131499176619631e-05,1.355521395358266e-05
pwl,2,P1_old_full_opt,summer,7,9.338982688068823e-06,0.0,9.338982688068823e-06,,False,0.017251016698002664,0.0008474881056933404,11,0,31,0.3548387096774194,5.476737000191267e-09,shoulder,19,0,0.11391612960397836,True,1.171466797448075e-05,0.0,-1.171466797448075e-05,1.4901717171433105e-05,3.187115085399327e-06,9.800966769654967e-08,9.561345256197989e-08
pwl,2,P1_old_full_opt,summer,8,9.616362725629136e-06,0.0,9.616362725629136e-06,,False,0.017251016698002664,0.0008474881056933404,11,0,31,0.3548387096774194,5.476737000191267e-09,shoulder,19,0,0.11391612960397836,True,1.1717572128829223e-05,1.690835020317953e-14,-1.1717572111920873e-05,1.508537007287744e-05,3.3677979555759943e-06,1.0322368649539144e-07,1.0103393866727992e-07
pwl,2,P1_old_full_opt,summer,9,1.8814799603686316e-09,0.0,1.8814799603686316e-09,,False,0.017251016698002664,0.0008474881056933404,11,0,31,0.3548387096774194,5.476737000191267e-09,shoulder,19,0,0.11391612960397836,True,5.023595877626451e-10,2.154267007163811e-09,1.651907419401166e-09,1.9283104706931833e-09,0.0,2.5555282816115828e-11,0.0
pwl,2,P1_old_full_opt,summer,10,2.5283057146657807e-12,0.0,2.5283057146657807e-12,,False,0.017251016698002664,0.0008474881056933404,11,0,31,0.3548387096774194,5.476737000191267e-09,shoulder,19,0,0.11391612960397836,True,0.0,9.239679842085374e-11,9.239679842085374e-11,8.377950602319807e-11,2.2560991411607174e-11,1.037557646398981e-15,6.768297423482158e-13
pwl,2,P1_old_full_opt,summer,11,1.5793318844229106e-09,0.0,1.5793318844229106e-09,,False,0.017251016698002664,0.0008474881056933404,11,0,31,0.3548387096774194,5.476737000191267e-09,shoulder,19,0,0.11391612960397836,True,1.5248654113933478e-09,0.0,-1.5248654113933478e-09,1.9221348876925875e-09,4.733485577672675e-10,2.011414205848704e-11,1.4200456733018037e-11
pwl,2,P1_old_full_opt,summer,12,1.1602387023516924e-09,0.0,1.1602387023516924e-09,,False,0.017251016698002664,0.0008474881056933404,11,0,31,0.3548387096774194,5.476737000191267e-09,shoulder,19,0,0.11391612960397836,True,1.3395442645561229e-09,0.0,-1.3395442645561229e-09,1.5780836489176767e-09,3.8766261641642376e-10,1.2978316469405876e-11,1.1629878492492722e-11
pwl,2,P1_old_full_opt,summer,13,5.268080621720957e-11,0.0,5.268080621720957e-11,,False,0.017251016698002664,0.0008474881056933404,11,0,31,0.3548387096774194,5.476737000191267e-09,shoulder,19,0,0.11391612960397836,True,0.0,1.963836450427221e-10,1.963836450427221e-10,1.7919679327073284e-10,4.7807710812690583e-11,2.0829581327605085e-13,1.4342313243807188e-12
pwl,2,P1_old_full_opt,summer,14,2.406420619534696e-09,0.0,2.406420619534696e-09,,False,0.017251016698002664,0.0008474881056933404,11,0,31,0.3548387096774194,5.476737000191267e-09,shoulder,19,0,0.11391612960397836,True,2.451939878608037e-09,1.0252004051217595e-09,-1.4267394734862775e-09,2.249043114912477e-09,0.0,4.112517218766968e-11,0.0
pwl,2,P1_old_full_opt,summer,15,0.025000000000038384,0.0,0.025000000000038384,,False,0.017251016698002664,0.0008474881056933404,11,0,31,0.3548387096774194,5.476737000191267e-09,shoulder,19,0,0.11391612960397836,True,1.8259219055306528e-14,0.030462588140930554,0.030462588140912294,0.03921797217679658,0.00875538403587243,0.00026835429097836456,0.0002626615210761731
pwl,2,P1_old_full_opt,summer,16,0.07926396097335757,0.0,0.07926396097335757,,False,0.017251016698002664,0.0008474881056933404,11,0,31,0.3548387096774194,5.476737000191267e-09,shoulder,19,0,0.11391612960397836,True,1.8319778836140192e-14,0.14829244077865647,0.14829244077863815,0.1673373555097024,0.019044914731052243,0.0005956376591071791,0.0005713474419315678
pwl,2,P1_old_full_opt,summer,17,5.162185558385868e-09,0.0,5.162185558385868e-09,,False,0.017251016698002664,0.0008474881056933404,11,0,31,0.3548387096774194,5.476737000191267e-09,shoulder,19,0,0.11391612960397836,True,3.183350173519263e-09,1.387800418796527e-09,-1.795549754722736e-09,5.013854293525461e-09,2.2150925171131443e-10,1.1009979290142364e-10,6.645277551339439e-12
pwl,2,P1_old_full_opt,summer,18,2.5096948981981386e-09,0.0,2.5096948981981386e-09,,False,0.017251016698002664,0.0008474881056933404,11,0,31,0.3548387096774194,5.476737000191267e-09,shoulder,19,0,0.11391612960397836,True,2.1951993952725688e-09,0.0,-2.1951993952725688e-09,2.9501046164103743e-09,5.40821657505533e-10,3.417262395207174e-11,1.6224649725166003e-11
pwl,2,P1_old_full_opt,summer,19,1.545986543627052e-09,0.0,1.545986543627052e-09,,False,0.017251016698002664,0.0008474881056933404,11,0,31,0.3548387096774194,5.476737000191267e-09,shoulder,19,0,0.11391612960397836,True,1.736927610226626e-09,0.0,-1.736927610226626e-09,2.1721031200701505e-09,5.349206349845145e-10,1.765098995024417e-11,1.604761904953545e-11
pwl,2,P1_old_full_opt,summer,20,1.0084957416915939e-09,0.0,1.0084957416915939e-09,,False,0.017251016698002664,0.0008474881056933404,11,0,31,0.3548387096774194,5.476737000191267e-09,shoulder,19,0,0.11391612960397836,True,1.1534015283514189e-09,0.0,-1.1534015283514189e-09,1.3614572269987818e-09,3.345819414547095e-10,1.1361623193084935e-11,1.0037458243641294e-11
pwl,2,P1_old_full_opt,summer,21,2.7645133057738255e-10,0.0,2.7645133057738255e-10,,False,0.017251016698002664,0.0008474881056933404,11,0,31,0.3548387096774194,5.476737000191267e-09,shoulder,19,0,0.11391612960397836,True,0.0,4.903098273736452e-10,4.903098273736452e-10,5.021056310324486e-10,1.3251435461872315e-10,2.1769764811670554e-12,3.975430638561698e-12
pwl,2,P1_old_full_opt,summer,22,2.1615070562678707e-09,0.0,2.1615070562678707e-09,,False,0.017251016698002664,0.0008474881056933404,11,0,31,0.3548387096774194,5.476737000191267e-09,shoulder,19,0,0.11391612960397836,True,0.0,2.1777174811734125e-09,2.1777174811734125e-09,2.6941666512696e-09,5.273690219519402e-10,2.6717970750233956e-11,1.582107065855822e-11
pwl,2,P1_old_full_opt,summer,23,3.946430388083657e-09,0.0,3.946430388083657e-09,,False,0.017251016698002664,0.0008474881056933404,11,0,31,0.3548387096774194,5.476737000191267e-09,shoulder,19,0,0.11391612960397836,True,9.120301815572921e-10,1.7763860256971225e-09,8.643558441398304e-10,3.3673675995762947e-09,3.395973492512434e-10,9.526867058971644e-11,1.018792047753731e-11
pwl,2,P1_old_full_opt,winter,0,0.024999999999997222,0.0,0.024999999999997222,,False,0.017251016698002664,0.0008474881056933404,11,0,31,0.3548387096774194,5.476737000191267e-09,shoulder,19,0,0.11391612960397836,True,3.772642465401381e-15,0.17361114328092084,0.17361114328091706,0.175152511894304,0.0015413686133838081,5.372291944614809e-05,4.624105840151428e-05
pwl,2,P1_old_full_opt,winter,1,3.746407787597638e-09,0.0,3.746407787597638e-09,,False,0.017251016698002664,0.0008474881056933404,11,0,31,0.3548387096774194,5.476737000191267e-09,shoulder,19,0,0.11391612960397836,True,1.0653402669462106e-09,1.3357755817292495e-09,2.7043531478303886e-10,3.3935984301984177e-09,4.962793036161023e-10,1.0457161526167294e-10,1.488837910848308e-11
pwl,2,P1_old_full_opt,winter,2,4.057521380473134e-10,0.0,4.057521380473134e-10,,False,0.017251016698002664,0.0008474881056933404,11,0,31,0.3548387096774194,5.476737000191267e-09,shoulder,19,0,0.11391612960397836,True,8.47137679740056e-11,4.733068504845885e-10,3.885930825105829e-10,3.940126370919256e-10,0.0,5.196745286796866e-12,0.0
pwl,2,P1_old_full_opt,winter,3,0.05109010319669852,0.0,0.05109010319669852,,False,0.017251016698002664,0.0008474881056933404,11,0,31,0.3548387096774194,5.476737000191267e-09,shoulder,19,0,0.11391612960397836,True,0.16842149908884943,3.0175344548750124e-15,-0.1684214990888464,0.1751525118942735,0.006731012805426234,0.0002273550273332097,0.0002019303841627872
pwl,2,P1_old_full_opt,winter,4,0.025000000000609555,0.0,0.025000000000609555,,False,0.017251016698002664,0.0008474881056933404,11,0,31,0.3548387096774194,5.476737000191267e-09,shoulder,19,0,0.11391612960397836,True,0.17361114328078592,2.990149799560759e-15,-0.17361114328078292,0.17515251189429396,0.0015413686135102424,5.3722919448806796e-05,4.624105840530731e-05
pwl,2,P1_old_full_opt,winter,5,0.025000000000019767,0.02,0.005000000000019766,0.2500000000009883,False,0.017251016698002664,0.0008474881056933404,11,0,31,0.3548387096774194,5.476737000191267e-09,shoulder,19,0,0.11391612960397836,True,0.04963180941527247,3.038241420913432e-15,-0.04963180941526943,0.05542089868940836,0.005789089274137999,0.00017822442879369976,0.0001736726782241401
pwl,2,P1_old_full_opt,winter,6,9.615791088656374e-06,0.0,9.615791088656374e-06,,False,0.017251016698002664,0.0008474881056933404,11,0,31,0.3548387096774194,5.476737000191267e-09,shoulder,19,0,0.11391612960397836,True,1.1716873863962045e-05,3.846047805302794e-15,-1.1716873860115997e-05,1.5084472001807027e-05,3.36759813874186e-06,1.0321756209151612e-07,1.0102794416225589e-07
pwl,2,P1_old_full_opt,winter,7,9.615993562008835e-06,0.0,9.615993562008835e-06,,False,0.017251016698002664,0.0008474881056933404,11,0,31,0.3548387096774194,5.476737000191267e-09,shoulder,19,0,0.11391612960397836,True,1.1717122341475393e-05,3.280671830140578e-15,-1.1717122338194721e-05,1.5084790943593163e-05,3.3676686033865622e-06,1.0321972346577282e-07,1.0103005810159695e-07
pwl,2,P1_old_full_opt,winter,8,9.6940629867202e-06,0.0,9.6940629867202e-06,,False,0.017251016698002664,0.0008474881056933404,11,0,31,0.3548387096774194,5.476737000191267e-09,shoulder,19,0,0.11391612960397836,True,1.1716088569730774e-05,0.0,-1.1716088569730774e-05,1.5131040600993563e-05,3.4149757796280167e-06,1.0471623561590361e-07,1.0244927338884059e-07
pwl,2,P1_old_full_opt,winter,9,0.02500000000000909,0.0,0.02500000000000909,,False,0.017251016698002664,0.0008474881056933404,11,0,31,0.3548387096774194,5.476737000191267e-09,shoulder,19,0,0.11391612960397836,True,2.892311731341654e-15,0.030462588139815235,0.03046258813981234,0.03921797217584201,0.008755384036027795,0.0002683542909852974,0.0002626615210808341
pwl,2,P1_old_full_opt,winter,10,0.05109010319673016,0.0,0.05109010319673016,,False,0.017251016698002664,0.0008474881056933404,11,0,31,0.3548387096774194,5.476737000191267e-09,shoulder,19,0,0.11391612960397836,True,3.0663006693878444e-15,0.16842149908887716,0.1684214990888741,0.1751525118943032,0.006731012805426763,0.00022735502733344952,0.00020193038416280306
pwl,2,P1_old_full_opt,winter,11,0.07422212252247852,0.0,0.07422212252247852,,False,0.017251016698002664,0.0008474881056933404,11,0,31,0.3548387096774194,5.476737000191267e-09,shoulder,19,0,0.11391612960397836,True,2.9275507134782012e-15,0.15883990295906386,0.15883990295906095,0.17515251189428302,0.016312608935220105,0.0004945685352276998,0.0004893782680566036
pwl,2,P1_old_full_opt,winter,12,1.3240907773391205e-09,0.0,1.3240907773391205e-09,,False,0.017251016698002664,0.0008474881056933404,11,0,31,0.3548387096774194,5.476737000191267e-09,shoulder,19,0,0.11391612960397836,True,9.892959117357821e-10,3.555628886503535e-10,-6.337330230854286e-10,1.1964401312160856e-09,0.0,2.5026067144553025e-11,0.0
pwl,2,P1_old_full_opt,winter,13,7.371910365290553e-10,0.0,7.371910365290553e-10,,False,0.017251016698002664,0.0008474881056933404,11,0,31,0.3548387096774194,5.476737000191267e-09,shoulder,19,0,0.11391612960397836,True,0.0,6.765181823893985e-10,6.765181823893985e-10,8.792139869146797e-10,2.289626318828735e-10,9.7213618956338e-12,6.868878956486211e-12
pwl,2,P1_old_full_opt,winter,14,5.639923531397129e-13,0.0,5.639923531397129e-13,,False,0.017251016698002664,0.0008474881056933404,11,0,31,0.3548387096774194,5.476737000191267e-09,shoulder,19,0,0.11391612960397836,True,2.1074688166679494e-11,0.0,-2.1074688166679494e-11,2.1468800558011986e-11,5.2828208659765226e-12,2.2635953618597006e-16,1.584846259792958e-13
pwl,2,P1_old_full_opt,winter,15,3.4120016390322906e-10,0.0,3.4120016390322906e-10,,False,0.017251016698002664,0.0008474881056933404,11,0,31,0.3548387096774194,5.476737000191267e-09,shoulder,19,0,0.11391612960397836,True,4.686014987049438e-10,0.0,-4.686014987049438e-10,5.202090698677058e-10,1.273680372417307e-10,3.3317343586849e-12,3.821041117251925e-12
pwl,2,P1_old_full_opt,winter,16,1.2930109146320102e-09,0.0,1.2930109146320102e-09,,False,0.017251016698002664,0.0008474881056933404,11,0,31,0.3548387096774194,5.476737000191267e-09,shoulder,19,0,0.11391612960397836,True,1.3629415031559342e-09,3.7286319602277704e-10,-9.90078307133157e-10,1.3463026011637581e-09,0.0,1.915375635789723e-11,0.0
pwl,2,P1_old_full_opt,winter,17,1.823065785869869e-09,0.0,1.823065785869869e-09,,False,0.017251016698002664,0.0008474881056933404,11,0,31,0.3548387096774194,5.476737000191267e-09,shoulder,19,0,0.11391612960397836,True,1.380904967838819e-09,3.9686896803372593e-10,-9.84035999805093e-10,1.838917416661704e-09,3.0592783818460997e-11,3.2629592871630105e-11,9.177835145538307e-13
pwl,2,P1_old_full_opt,winter,18,9.15540142254594e-10,0.0,9.15540142254594e-10,,False,0.017251016698002664,0.0008474881056933404,11,0,31,0.3548387096774194,5.476737000191267e-09,shoulder,19,0,0.11391612960397836,True,1.3302749434743632e-09,3.5681653537273455e-10,-9.734584081016286e-10,1.125163637138811e-09,0.0,1.0886789309105165e-11,0.0
pwl,2,P1_old_full_opt,winter,19,6.468920092265443e-11,0.0,6.468920092265443e-11,,False,0.017251016698002664,0.0008474881056933404,11,0,31,0.3548387096774194,5.476737000191267e-09,shoulder,19,0,0.11391612960397836,True,2.517042379226844e-10,0.0,-2.517042379226844e-10,2.427442389130121e-10,5.90281064278554e-11,2.453941695324355e-13,1.7708431928356637e-12
pwl,2,P1_old_full_opt,winter,20,1.34755181417859e-10,0.0,1.34755181417859e-10,,False,0.017251016698002664,0.0008474881056933404,11,0,31,0.3548387096774194,5.476737000191267e-09,shoulder,19,0,0.11391612960397836,True,0.0,1.6396335281726356e-10,1.6396335281726356e-10,1.7570431891174103e-10,4.6189596613148873e-11,1.4480960377078897e-12,1.3856878983944674e-12
pwl,2,P1_old_full_opt,winter,21,4.6257588020945037e-10,0.0,4.6257588020945037e-10,,False,0.017251016698002664,0.0008474881056933404,11,0,31,0.3548387096774194,5.476737000191267e-09,shoulder,19,0,0.11391612960397836,True,6.473428660071209e-13,2.208313548083742e-10,2.2018401194236707e-10,3.6274663685329213e-10,7.065380292137124e-11,8.763659830012488e-12,2.119614087641139e-12
pwl,2,P1_old_full_opt,winter,22,0.024888096288908017,0.02,0.004888096288908017,0.24440481444540085,False,0.017251016698002664,0.0008474881056933404,11,0,31,0.3548387096774194,5.476737000191267e-09,shoulder,19,0,0.11391612960397836,True,0.030326233073090104,2.623895234886581e-15,-0.03032623307308748,0.039042426710540104,0.008716193637451766,0.0002671530973447591,0.0002614858091235532
pwl,2,P1_old_full_opt,winter,23,0.05109010319677433,0.0,0.05109010319677433,,False,0.017251016698002664,0.0008474881056933404,11,0,31,0.3548387096774194,5.476737000191267e-09,shoulder,19,0,0.11391612960397836,True,0.16842149908884946,2.5804821228157038e-15,-0.16842149908884688,0.1751525118942897,0.006731012805442121,0.00022735502733386918,0.0002019303841632638
pwl,2,P1_old_full_opt,shoulder,0,0.024999999977753,0.0,0.024999999977753,,False,0.017251016698002664,0.0008474881056933404,11,0,31,0.3548387096774194,5.476737000191267e-09,shoulder,19,0,0.11391612960397836,True,6.371107783881285e-14,0.17361114328534671,0.17361114328528301,0.1751525118942694,0.0015413686089317349,5.372291934969691e-05,4.624105826795209e-05
pwl,2,P1_old_full_opt,shoulder,1,0.0028112263638168065,0.0,0.0028112263638168065,,False,0.017251016698002664,0.0008474881056933404,11,0,31,0.3548387096774194,5.476737000191267e-09,shoulder,19,0,0.11391612960397836,True,5.753440353054057e-14,0.005259434598146442,0.005259434598088908,0.005934893732312057,0.0006754591341856177,2.1125266403928067e-05,2.026377402556855e-05
pwl,2,P1_old_full_opt,shoulder,2,1.8522171582488623e-12,0.0,1.8522171582488623e-12,,False,0.017251016698002664,0.0008474881056933404,11,0,31,0.3548387096774194,5.476737000191267e-09,shoulder,19,0,0.11391612960397836,True,4.728800222616541e-09,4.096694474063381e-09,-6.321057485531603e-10,3.743508709645424e-10,0.0,8.141124435895794e-17,0.0
pwl,2,P1_old_full_opt,shoulder,3,0.04291773304817078,0.0,0.04291773304817078,,False,0.017251016698002664,0.0008474881056933404,11,0,31,0.3548387096774194,5.476737000191267e-09,shoulder,19,0,0.11391612960397836,True,0.14148080533800542,5.223792985724677e-14,-0.14148080533795318,0.1471351256957189,0.005654320357750047,0.0001909873292457741,0.00016962961073250154
pwl,2,P1_old_full_opt,shoulder,4,0.025000000000077488,0.0,0.025000000000077488,,False,0.017251016698002664,0.0008474881056933404,11,0,31,0.3548387096774194,5.476737000191267e-09,shoulder,19,0,0.11391612960397836,True,0.17361114328077096,5.101658421703068e-14,-0.17361114328071994,0.17515251189417788,0.0015413686134465386,5.37229194465511e-05,4.62410584033962e-05
pwl,2,P1_old_full_opt,shoulder,5,0.025000000000465768,0.02,0.005000000000465767,0.25000000002328837,False,0.017251016698002664,0.0008474881056933404,11,0,31,0.3548387096774194,5.476737000191267e-09,shoulder,19,0,0.11391612960397836,True,0.08241395522468574,5.228952251896856e-14,-0.08241395522463345,0.08570765223481377,0.003293697010164477,0.00011125199065629847,9.881091030493439e-05
pwl,2,P1_old_full_opt,shoulder,6,6.263287113428621e-06,0.0,6.263287113428621e-06,,False,0.017251016698002664,0.0008474881056933404,11,0,31,0.3548387096774194,5.476737000191267e-09,shoulder,19,0,0.11391612960397836,True,1.1717784613907411e-05,5.22275422874085e-14,-1.171778456167987e-05,1.322267781668235e-05,1.50489323247501e-06,4.70661576417921e-08,4.5146796974250336e-08
pwl,2,P1_old_full_opt,shoulder,7,6.562335958936481e-06,0.0,6.562335958936481e-06,,False,0.017251016698002664,0.0008474881056933404,11,0,31,0.3548387096774194,5.476737000191267e-09,shoulder,19,0,0.11391612960397836,True,1.1713996404451494e-05,0.0,-1.1713996404451494e-05,1.3350269655942872e-05,1.6363598320819632e-06,5.138746691207643e-08,4.909079496245894e-08
pwl,2,P1_old_full_opt,shoulder,8,1.3144898576839942e-10,0.0,1.3144898576839942e-10,,False,0.017251016698002664,0.0008474881056933404,11,0,31,0.3548387096774194,5.476737000191267e-09,shoulder,19,0,0.11391612960397836,True,8.273996809968227e-10,8.760462758229555e-10,4.86465948261328e-11,1.3294758021978542e-10,0.0,2.745455820083195e-12,0.0
pwl,2,P1_old_full_opt,shoulder,9,7.373772321594158e-12,0.0,7.373772321594158e-12,,False,0.017251016698002664,0.0008474881056933404,11,0,31,0.3548387096774194,5.476737000191267e-09,shoulder,19,0,0.11391612960397836,True,2.30058149680578e-09,2.592845422577356e-09,2.9226392577157587e-10,8.112771507210682e-11,0.0,2.7901425854970924e-15,0.0
pwl,2,P1_old_full_opt,shoulder,10,0.0510901031964963,0.0,0.0510901031964963,,False,0.017251016698002664,0.0008474881056933404,11,0,31,0.3548387096774194,5.476737000191267e-09,shoulder,19,0,0.11391612960397836,True,4.958520223148768e-14,0.16842149908753748,0.1684214990874879,0.17515251189303488,0.006731012805513875,0.00022735502733320386,0.00020193038416541642
pwl,2,P1_old_full_opt,shoulder,11,0.00849549485231577,0.0,0.00849549485231577,,False,0.017251016698002664,0.0008474881056933404,11,0,31,0.3548387096774194,5.476737000191267e-09,shoulder,19,0,0.11391612960397836,True,4.912138254771625e-14,0.010351790429942876,0.010351790429893754,0.013327043230200383,0.002975252800274866,9.119209990171222e-05,8.925758400824606e-05
pwl,2,P1_old_full_opt,shoulder,12,5.615507136620053e-12,0.0,5.615507136620053e-12,,False,0.017251016698002664,0.0008474881056933404,11,0,31,0.3548387096774194,5.476737000191267e-09,shoulder,19,0,0.11391612960397836,True,2.7793578878414065e-09,3.1315483660012435e-09,3.521904781598369e-10,9.466669138132745e-11,0.0,1.3429629027367992e-15,0.0
pwl,2,P1_old_full_opt,shoulder,13,5.545236071584559e-12,0.0,5.545236071584559e-12,,False,0.017251016698002664,0.0008474881056933404,11,0,31,0.3548387096774194,5.476737000191267e-09,shoulder,19,0,0.11391612960397836,True,9.195191332354212e-10,8.155422409080669e-10,-1.0397689232735433e-10,3.222603053605283e-11,0.0,4.4328805070754065e-15,0.0
pwl,2,P1_old_full_opt,shoulder,14,4.891130361056316e-12,0.0,4.891130361056316e-12,,False,0.017251016698002664,0.0008474881056933404,11,0,31,0.3548387096774194,5.476737000191267e-09,shoulder,19,0,0.11391612960397836,True,1.2941193603637824e-12,4.957674712679854e-13,-7.98351889095797e-13,5.762419348805705e-12,3.2333823452243275e-12,1.247251634461246e-13,9.700147035672991e-14
pwl,2,P1_old_full_opt,shoulder,15,6.000307433485656e-12,0.0,6.000307433485656e-12,,False,0.017251016698002664,0.0008474881056933404,11,0,31,0.3548387096774194,5.476737000191267e-09,shoulder,19,0,0.11391612960397836,True,1.1121411540855488e-10,1.2144921346789064e-10,1.0235098059335755e-11,1.0374460828628237e-11,0.0,4.8875182175460827e-14,0.0
pwl,2,P1_old_full_opt,shoulder,16,2.1027947979734812e-10,0.0,2.1027947979734812e-10,,False,0.017251016698002664,0.0008474881056933404,11,0,31,0.3548387096774194,5.476737000191267e-09,shoulder,19,0,0.11391612960397836,True,2.4705554146233703e-09,2.5024545753395936e-09,3.189916071622327e-11,2.5203542907057604e-10,0.0,5.4235827145299284e-12,0.0
pwl,2,P1_old_full_opt,shoulder,17,5.339350513526698e-10,0.0,5.339350513526698e-10,,False,0.017251016698002664,0.0008474881056933404,11,0,31,0.3548387096774194,5.476737000191267e-09,shoulder,19,0,0.11391612960397836,True,1.059366895251262e-09,5.580016361564456e-10,-5.013652590948164e-10,4.603808134430915e-10,0.0,6.931943398397592e-12,0.0
pwl,2,P1_old_full_opt,shoulder,18,2.2173394627543813e-10,0.0,2.2173394627543813e-10,,False,0.017251016698002664,0.0008474881056933404,11,0,31,0.3548387096774194,5.476737000191267e-09,shoulder,19,0,0.11391612960397836,True,1.0522749111384279e-09,8.577256988189109e-10,-1.9454921231951702e-10,2.2620901315297142e-10,0.0,3.0130323766964605e-12,0.0
pwl,2,P1_old_full_opt,shoulder,19,7.807121360324335e-10,0.0,7.807121360324335e-10,,False,0.017251016698002664,0.0008474881056933404,11,0,31,0.3548387096774194,5.476737000191267e-09,shoulder,19,0,0.11391612960397836,True,5.476737000191267e-09,5.558327092123503e-09,8.159009193223571e-11,7.777973698370775e-10,0.0,2.110121535316604e-11,0.0
pwl,2,P1_old_full_opt,shoulder,20,1.4320744954954283e-11,0.0,1.4320744954954283e-11,,False,0.017251016698002664,0.0008474881056933404,11,0,31,0.3548387096774194,5.476737000191267e-09,shoulder,19,0,0.11391612960397836,True,7.28271278243877e-10,8.106497290109569e-10,8.237845076707995e-11,3.7972975630358e-11,0.0,3.7065022239601266e-14,0.0
pwl,2,P1_old_full_opt,shoulder,21,5.6840950035552565e-12,0.0,5.6840950035552565e-12,,False,0.017251016698002664,0.0008474881056933404,11,0,31,0.3548387096774194,5.476737000191267e-09,shoulder,19,0,0.11391612960397836,True,2.072869982126988e-12,1.2952434500992744e-13,-1.9433456371170607e-12,6.739557236886904e-12,3.619690298958202e-12,1.2191332472596702e-13,1.0859070896874616e-13
pwl,2,P1_old_full_opt,shoulder,22,5.571252966500201e-12,0.0,5.571252966500201e-12,,False,0.017251016698002664,0.0008474881056933404,11,0,31,0.3548387096774194,5.476737000191267e-09,shoulder,19,0,0.11391612960397836,True,2.018776702213466e-14,2.1669561685817373e-12,2.1467684015596026e-12,6.555977395475935e-12,3.416026546078929e-12,1.1471346524853253e-13,1.0248079638236797e-13
pwl,2,P1_old_full_opt,shoulder,23,6.890217094587965e-12,0.0,6.890217094587965e-12,,False,0.017251016698002664,0.0008474881056933404,11,0,31,0.3548387096774194,5.476737000191267e-09,shoulder,19,0,0.11391612960397836,True,7.190326234303419e-10,6.378514103563083e-10,-8.118121307403367e-11,2.780108767246783e-11,0.0,8.756317653558476e-15,0.0
pwl,2,P2_dev_run1,summer,0,0.05231752714983551,0.1,0.0476824728501645,0.476824728501645,False,0.02969919351985686,0.0014590278183243305,18,2,26,0.6923076923076923,6.1272622032188535e-09,shoulder,11,0,0.12744705382695215,True,5.0906154909663585e-15,0.17246777359726576,0.17246777359726068,0.17936049690687017,0.00689272330960613,0.00023281716165990388,0.00020678169928818406
pwl,2,P2_dev_run1,summer,1,6.175658342922912e-13,0.0,6.175658342922912e-13,,False,0.02969919351985686,0.0014590278183243305,18,2,26,0.6923076923076923,6.1272622032188535e-09,shoulder,11,0,0.12744705382695215,True,4.9193648341659755e-15,2.4635439370809214e-13,2.4143502887392615e-13,7.049875159577817e-13,3.3760216347066397e-13,1.2649424836098382e-14,1.0128064904119928e-14
pwl,2,P2_dev_run1,summer,2,3.6190123755075434e-07,0.0,3.6190123755075434e-07,,False,0.02969919351985686,0.0014590278183243305,18,2,26,0.6923076923076923,6.1272622032188535e-09,shoulder,11,0,0.12744705382695215,True,5.958151572486554e-07,0.0,-5.958151572486554e-07,6.901063622710129e-07,9.466322864834226e-08,3.0389712719187124e-09,2.8398968594502704e-09
pwl,2,P2_dev_run1,summer,3,3.952436363909611e-07,0.0,3.952436363909611e-07,,False,0.02969919351985686,0.0014590278183243305,18,2,26,0.6923076923076923,6.1272622032188535e-09,shoulder,11,0,0.12744705382695215,True,5.934757110040268e-07,0.0,-5.934757110040268e-07,7.03947278964232e-07,1.1051073791632282e-07,3.587031961014989e-09,3.3153221374896877e-09
pwl,2,P2_dev_run1,summer,4,0.02500000000021566,0.05,0.024999999999784344,0.49999999999568684,False,0.02969919351985686,0.0014590278183243305,18,2,26,0.6923076923076923,6.1272622032188535e-09,shoulder,11,0,0.12744705382695215,True,0.0824139552338667,5.0082255442108265e-15,-0.08241395523386169,0.08570765224363626,0.003293697009773056,0.00011125199064219933,9.881091029319177e-05
pwl,2,P2_dev_run1,summer,5,0.02963122151259457,0.0,0.02963122151259457,,False,0.02969919351985686,0.0014590278183243305,18,2,26,0.6923076923076923,6.1272622032188535e-09,shoulder,11,0,0.12744705382695215,True,0.30085084079661484,7.521373214739293e-14,-0.3008508407965396,0.3008508407968153,9.777668908814517e-14,4.3670657034046195e-05,2.9333006726443576e-15
pwl,2,P2_dev_run1,summer,6,6.1101826590883475e-06,0.0,6.1101826590883475e-06,,False,0.02969919351985686,0.0014590278183243305,18,2,26,0.6923076923076923,6.1272622032188535e-09,shoulder,11,0,0.12744705382695215,True,1.1296857466692522e-05,0.0,-1.1296857466692522e-05,1.2779178483686878e-05,1.4823420626613778e-06,4.6396739883341645e-08,4.447026187984137e-08
pwl,2,P2_dev_run1,summer,7,9.220691771362847e-06,0.0,9.220691771362847e-06,,False,0.02969919351985686,0.0014590278183243305,18,2,26,0.6923076923076923,6.1272622032188535e-09,shoulder,11,0,0.12744705382695215,True,1.1297225829855862e-05,0.0,-1.1297225829855862e-05,1.4511039699514401e-05,3.213825848233885e-06,9.855736305297701e-08,9.641477544701663e-08
pwl,2,P2_dev_run1,summer,8,9.271654546899132e-06,0.0,9.271654546899132e-06,,False,0.02969919351985686,0.0014590278183243305,18,2,26,0.6923076923076923,6.1272622032188535e-09,shoulder,11,0,0.12744705382695215,True,1.1297544157168512e-05,4.727359505573996e-15,-1.1297544152441152e-05,1.4544619921706787e-05,3.2470757664866e-06,9.952352857083185e-08,9.741227299459808e-08
pwl,2,P2_dev_run1,summer,9,5.862015937430951e-11,0.0,5.862015937430951e-11,,False,0.02969919351985686,0.0014590278183243305,18,2,26,0.6923076923076923,6.1272622032188535e-09,shoulder,11,0,0.12744705382695215,True,5.301042015400776e-10,5.930106986036393e-10,6.290649706356173e-11,8.913056586300343e-11,0.0,6.923778069924652e-13,0.0
pwl,2,P2_dev_run1,summer,10,7.483524253119448e-13,0.0,7.483524253119448e-13,,False,0.02969919351985686,0.0014590278183243305,18,2,26,0.6923076923076923,6.1272622032188535e-09,shoulder,11,0,0.12744705382695215,True,1.4093345264282394e-13,2.1615527689158903e-13,7.522182424876508e-14,9.532227495884349e-13,4.2681457462525047e-13,2.0307048598503388e-14,1.2804437238757526e-14
pwl,2,P2_dev_run1,summer,11,6.99027700168948e-11,0.0,6.99027700168948e-11,,False,0.02969919351985686,0.0014590278183243305,18,2,26,0.6923076923076923,6.1272622032188535e-09,shoulder,11,0,0.12744705382695215,True,1.4479287408431348e-10,0.0,-1.4479287408431348e-10,1.2254716342035856e-10,2.972693582640648e-11,4.797224876801741e-13,8.918080747921952e-13
pwl,2,P2_dev_run1,summer,12,2.8769259906684638e-11,0.0,2.8769259906684638e-11,,False,0.02969919351985686,0.0014590278183243305,18,2,26,0.6923076923076923,6.1272622032188535e-09,shoulder,11,0,0.12744705382695215,True,7.127054873830018e-11,0.0,-7.127054873830018e-11,5.913482954442489e-11,1.4426762903732597e-11,1.6762534684286731e-13,4.328028871119783e-13
pwl,2,P2_dev_run1,summer,13,7.445427524881183e-13,0.0,7.445427524881183e-13,,False,0.02969919351985686,0.0014590278183243305,18,2,26,0.6923076923076923,6.1272622032188535e-09,shoulder,11,0,0.12744705382695215,True,4.0023809108120107e-14,3.106346866067752e-13,2.706108774986551e-13,9.36515021360114e-13,4.176419192889543e-13,1.5647547140428877e-14,1.252925757866864e-14
pwl,2,P2_dev_run1,summer,14,1.4427513855764093e-10,0.0,1.4427513855764093e-10,,False,0.02969919351985686,0.0014590278183243305,18,2,26,0.6923076923076923,6.1272622032188535e-09,shoulder,11,0,0.12744705382695215,True,3.238985425473134e-10,8.79339007353957e-11,-2.359646418119177e-10,1.5818392851936704e-10,0.0,1.2183594031651567e-12,0.0
pwl,2,P2_dev_run1,summer,15,0.025000000000015062,0.0,0.025000000000015062,,False,0.02969919351985686,0.0014590278183243305,18,2,26,0.6923076923076923,6.1272622032188535e-09,shoulder,11,0,0.12744705382695215,True,4.545246586579369e-15,0.04677171029440378,0.046771710294399235,0.052778511650716724,0.006006801356314525,0.0001878652201448806,0.0001802040406894359
pwl,2,P2_dev_run1,summer,16,0.06712629090144695,0.1,0.032873709098553056,0.32873709098553056,False,0.02969919351985686,0.0014590278183243305,18,2,26,0.6923076923076923,6.1272622032188535e-09,shoulder,11,0,0.12744705382695215,True,4.560332563447321e-15,0.12558445724980327,0.12558445724979872,0.14171302905873728,0.01612857180893556,0.0005044278166986146,0.0004838571542680672
pwl,2,P2_dev_run1,summer,17,3.6970856880284995e-09,0.0,3.6970856880284995e-09,,False,0.02969919351985686,0.0014590278183243305,18,2,26,0.6923076923076923,6.1272622032188535e-09,shoulder,11,0,0.12744705382695215,True,2.535433832056992e-09,0.0,-2.535433832056992e-09,3.5113010056050846e-09,5.475711077592545e-10,5.842557403835354e-11,1.6427133232777647e-11
pwl,2,P2_dev_run1,summer,18,1.352494685842813e-10,0.0,1.352494685842813e-10,,False,0.02969919351985686,0.0014590278183243305,18,2,26,0.6923076923076923,6.1272622032188535e-09,shoulder,11,0,0.12744705382695215,True,4.33626973001313e-10,0.0,-4.33626973001313e-10,3.6529889652621736e-10,7.563572396330894e-11,6.180867668522882e-13,2.2690717188992703e-12
pwl,2,P2_dev_run1,summer,19,4.1413121942581615e-11,0.0,4.1413121942581615e-11,,False,0.02969919351985686,0.0014590278183243305,18,2,26,0.6923076923076923,6.1272622032188535e-09,shoulder,11,0,0.12744705382695215,True,2.0704429047849831e-10,0.0,-2.0704429047849831e-10,1.7280685481970357e-10,4.182964483598209e-11,1.2303363712908395e-13,1.254889345079464e-12
pwl,2,P2_dev_run1,summer,20,1.514899136224826e-11,0.0,1.514899136224826e-11,,False,0.02969919351985686,0.0014590278183243305,18,2,26,0.6923076923076923,6.1272622032188535e-09,shoulder,11,0,0.12744705382695215,True,7.404458580731163e-11,0.0,-7.404458580731163e-11,6.05269659522434e-11,1.476592159595243e-11,4.601404474115683e-14,4.429776478785733e-13
pwl,2,P2_dev_run1,summer,21,9.260532000781222e-13,0.0,9.260532000781222e-13,,False,0.02969919351985686,0.0014590278183243305,18,2,26,0.6923076923076923,6.1272622032188535e-09,shoulder,11,0,0.12744705382695215,True,0.0,6.353492354966334e-13,6.353492354966334e-13,1.284563368642989e-12,5.184163851059078e-13,1.4631048017515707e-14,1.555249155317725e-14
pwl,2,P2_dev_run1,summer,22,5.958387698016219e-11,0.0,5.958387698016219e-11,,False,0.02969919351985686,0.0014590278183243305,18,2,26,0.6923076923076923,6.1272622032188535e-09,shoulder,11,0,0.12744705382695215,True,4.85626210605221e-10,6.073830431248461e-10,1.2175683251962507e-10,1.169188989100072e-10,0.0,4.139236274532348e-13,0.0
pwl,2,P2_dev_run1,summer,23,5.405161670725865e-10,0.0,5.405161670725865e-10,,False,0.02969919351985686,0.0014590278183243305,18,2,26,0.6923076923076923,6.1272622032188535e-09,shoulder,11,0,0.12744705382695215,True,4.3412212345765987e-10,9.737430434438789e-10,5.39620919986219e-10,5.028151316789225e-10,0.0,6.724548036676784e-12,0.0
pwl,2,P2_dev_run1,winter,0,0.05231752724112991,0.1,0.047682472758870095,0.4768247275887009,False,0.02969919351985686,0.0014590278183243305,18,2,26,0.6923076923076923,6.1272622032188535e-09,shoulder,11,0,0.12744705382695215,True,1.2533222542890004e-13,0.17246777389703385,0.1724677738969085,0.17936049721893266,0.00689272332194115,0.00023281716206786257,0.00020678169965823468
pwl,2,P2_dev_run1,winter,1,0.0,0.0,0.0,,False,0.02969919351985686,0.0014590278183243305,18,2,26,0.6923076923076923,6.1272622032188535e-09,shoulder,11,0,0.12744705382695215,True,1.000692058348474e-10,0.0,-1.000692058348474e-10,1.1899650370254833e-10,3.303901503481115e-11,0.0,9.911704510443353e-13
pwl,2,P2_dev_run1,winter,2,4.134785204496786e-07,0.0,4.134785204496786e-07,,False,0.02969919351985686,0.0014590278183243305,18,2,26,0.6923076923076923,6.1272622032188535e-09,shoulder,11,0,0.12744705382695215,True,5.964837969639748e-07,5.90812851868374e-11,-5.96424715678788e-07,7.192219980075816e-07,1.2267836422014914e-07,3.879218375070595e-09,3.680350926604477e-09
pwl,2,P2_dev_run1,winter,3,0.02500000000018344,0.05,0.02499999999981656,0.4999999999963312,False,0.02969919351985686,0.0014590278183243305,18,2,26,0.6923076923076923,6.1272622032188535e-09,shoulder,11,0,0.12744705382695215,True,0.08172382283574543,1.1587102866278582e-13,-0.08172382283562957,0.08507005304581393,0.0033462302101490856,0.00011215054091134904,0.00010038690630447266
pwl,2,P2_dev_run1,winter,4,0.02969928712412641,0.0,0.02969928712412641,,False,0.02969919351985686,0.0014590278183243305,18,2,26,0.6923076923076923,6.1272622032188535e-09,shoulder,11,0,0.12744705382695215,True,0.30154095965787325,6.0964103601156154e-09,-0.3015409535614629,0.3015409721807185,3.214014875670686e-09,4.377111248470404e-05,9.642044627012066e-11
pwl,2,P2_dev_run1,winter,5,9.271563711948795e-06,0.0,9.271563711948795e-06,,False,0.02969919351985686,0.0014590278183243305,18,2,26,0.6923076923076923,6.1272622032188535e-09,shoulder,11,0,0.12744705382695215,True,1.1297418510131863e-05,9.452689695819652e-14,-1.1297418415604966e-05,1.4544466936372641e-05,3.2470485648529317e-06,9.952265604686995e-08,9.741145694558803e-08
pwl,2,P2_dev_run1,winter,6,9.271564701966018e-06,0.0,9.271564701966018e-06,,False,0.02969919351985686,0.0014590278183243305,18,2,26,0.6923076923076923,6.1272622032188535e-09,shoulder,11,0,0.12744705382695215,True,1.129741607932945e-05,9.233891439635377e-14,-1.1297415986990536e-05,1.4544465498092206e-05,3.2470495553527573e-06,9.952269142683037e-08,9.741148666058281e-08
pwl,2,P2_dev_run1,winter,7,9.272317263023975e-06,0.0,9.272317263023975e-06,,False,0.02969919351985686,0.0014590278183243305,18,2,26,0.6923076923076923,6.1272622032188535e-09,shoulder,11,0,0.12744705382695215,True,1.1298329708146037e-05,8.654811021254914e-14,-1.1298329621597926e-05,1.4545643393217327e-05,3.247313816405333e-06,9.953079245215889e-08,9.741941449216008e-08
pwl,2,P2_dev_run1,winter,8,1.3385378942238778e-05,0.0,1.3385378942238778e-05,,False,0.02969919351985686,0.0014590278183243305,18,2,26,0.6923076923076923,6.1272622032188535e-09,shoulder,11,0,0.12744705382695215,True,1.1294528710852314e-05,0.0,-1.1294528710852314e-05,1.742111836718727e-05,6.126676555646644e-06,1.8657947286714051e-07,1.838002966693995e-07
pwl,2,P2_dev_run1,winter,9,0.009986126346765031,0.0,0.009986126346765031,,False,0.02969919351985686,0.0014590278183243305,18,2,26,0.6923076923076923,6.1272622032188535e-09,shoulder,11,0,0.12744705382695215,True,1.0809278995545299e-13,0.008195402094211261,0.008195402094103169,0.01285628205328924,0.00466087995911826,0.0001416925803020091,0.00013982639877354794
pwl,2,P2_dev_run1,winter,10,0.08795625720460551,0.0,0.08795625720460551,,False,0.02969919351985686,0.0014590278183243305,18,2,26,0.6923076923076923,6.1272622032188535e-09,shoulder,11,0,0.12744705382695215,True,1.1450975563619805e-13,0.28995292172742165,0.28995292172730713,0.30154097218151704,0.011588050454123748,0.0003914123481631935,0.0003476415136237128
pwl,2,P2_dev_run1,winter,11,0.025000000001581632,0.05,0.02499999999841837,0.4999999999683674,False,0.02969919351985686,0.0014590278183243305,18,2,26,0.6923076923076923,6.1272622032188535e-09,shoulder,11,0,0.12744705382695215,True,1.0938986140453268e-13,0.04677171029849896,0.04677171029838957,0.05277851165522887,0.006006801356767682,0.0001878652201528998,0.00018020404070303062
pwl,2,P2_dev_run1,winter,12,9.131933844000627e-10,0.0,9.131933844000627e-10,,False,0.02969919351985686,0.0014590278183243305,18,2,26,0.6923076923076923,6.1272622032188535e-09,shoulder,11,0,0.12744705382695215,True,4.373170115294505e-09,2.9190880512901907e-09,-1.4540820640043144e-09,1.4724271119664296e-09,0.0,7.889178759953552e-12,0.0
pwl,2,P2_dev_run1,winter,13,1.2852570986122166e-09,0.0,1.2852570986122166e-09,,False,0.02969919351985686,0.0014590278183243305,18,2,26,0.6923076923076923,6.1272622032188535e-09,shoulder,11,0,0.12744705382695215,True,2.690423592002335e-09,4.451439836180577e-09,1.7610162441782423e-09,1.8281358607461705e-09,0.0,1.2574081472355717e-11,0.0
pwl,2,P2_dev_run1,winter,14,2.539808132062176e-11,0.0,2.539808132062176e-11,,False,0.02969919351985686,0.0014590278183243305,18,2,26,0.6923076923076923,6.1272622032188535e-09,shoulder,11,0,0.12744705382695215,True,0.0,1.6586784053340353e-10,1.6586784053340353e-10,1.5590658595299956e-10,4.4517728285397014e-11,5.799723842100343e-14,1.3355318485619117e-12
pwl,2,P2_dev_run1,winter,15,3.761908658365644e-11,0.0,3.761908658365644e-11,,False,0.02969919351985686,0.0014590278183243305,18,2,26,0.6923076923076923,6.1272622032188535e-09,shoulder,11,0,0.12744705382695215,True,1.1459998742831192e-10,0.0,-1.1459998742831192e-10,1.1498029431861348e-10,3.145483787432189e-11,1.8049695923581876e-13,9.436451362296575e-13
pwl,2,P2_dev_run1,winter,16,2.28455594025612e-09,0.0,2.28455594025612e-09,,False,0.02969919351985686,0.0014590278183243305,18,2,26,0.6923076923076923,6.1272622032188535e-09,shoulder,11,0,0.12744705382695215,True,3.114648400521789e-09,0.0,-3.114648400521789e-09,3.4471656490217837e-09,8.375653306106182e-10,2.2440690600452985e-11,2.5126959918318568e-11
pwl,2,P2_dev_run1,winter,17,2.0944298771048266e-09,0.0,2.0944298771048266e-09,,False,0.02969919351985686,0.0014590278183243305,18,2,26,0.6923076923076923,6.1272622032188535e-09,shoulder,11,0,0.12744705382695215,True,4.9875287809329625e-09,2.5319635813008e-09,-2.4555651996321624e-09,2.745162742039248e-09,0.0,2.3156560079077696e-11,0.0
pwl,2,P2_dev_run1,winter,18,4.671581047407991e-10,0.0,4.671581047407991e-10,,False,0.02969919351985686,0.0014590278183243305,18,2,26,0.6923076923076923,6.1272622032188535e-09,shoulder,11,0,0.12744705382695215,True,1.4779506465625404e-09,0.0,-1.4779506465625404e-09,1.454449860464375e-09,3.574130385994952e-10,2.1622045507106924e-12,1.0722391157984865e-11
pwl,2,P2_dev_run1,winter,19,1.308994289267918e-11,0.0,1.308994289267918e-11,,False,0.02969919351985686,0.0014590278183243305,18,2,26,0.6923076923076923,6.1272622032188535e-09,shoulder,11,0,0.12744705382695215,True,0.0,4.553804329729307e-11,4.553804329729307e-11,8.124140364786917e-11,2.438967207850276e-11,5.532062215112066e-14,7.316901623550834e-13
pwl,2,P2_dev_run1,winter,20,0.0,0.0,0.0,,False,0.02969919351985686,0.0014590278183243305,18,2,26,0.6923076923076923,6.1272622032188535e-09,shoulder,11,0,0.12744705382695215,True,8.959180853120582e-11,1.2429593234770235e-10,3.470412381649653e-11,4.3891366687381227e-10,1.1512496887448032e-10,0.0,3.453749066234413e-12
pwl,2,P2_dev_run1,winter,21,1.2119034928356576e-08,0.0,1.2119034928356576e-08,,False,0.02969919351985686,0.0014590278183243305,18,2,26,0.6923076923076923,6.1272622032188535e-09,shoulder,11,0,0.12744705382695215,True,1.1676308284197056e-08,1.4845191191346386e-09,-1.0191789165062417e-08,1.4537977824135364e-08,6.899933923307694e-10,1.6929286653835812e-10,2.0699801769923098e-11
pwl,2,P2_dev_run1,winter,22,5.93091381525649e-07,0.0,5.93091381525649e-07,,False,0.02969919351985686,0.0014590278183243305,18,2,26,0.6923076923076923,6.1272622032188535e-09,shoulder,11,0,0.12744705382695215,True,5.938062518158809e-07,0.0,-5.938062518158809e-07,8.28598728523329e-07,2.3485162566218212e-07,7.3637179656828275e-09,7.04554876986547e-09
pwl,2,P2_dev_run1,winter,23,0.05813070334898293,0.1,0.041869296651017074,0.41869296651017074,False,0.02969919351985686,0.0014590278183243305,18,2,26,0.6923076923076923,6.1272622032188535e-09,shoulder,11,0,0.12744705382695215,True,0.19163124731532158,9.951106575344514e-14,-0.19163124731522208,0.19928984426783428,0.0076585969525821244,0.0002586862586286872,0.00022975790857746395
pwl,2,P2_dev_run1,shoulder,0,0.05231752695693345,0.1,0.04768247304306655,0.47682473043066553,False,0.02969919351985686,0.0014590278183243305,18,2,26,0.6923076923076923,6.1272622032188535e-09,shoulder,11,0,0.12744705382695215,True,5.781218706473896e-14,0.17246777297162783,0.17246777297157,0.17936049625564474,0.006892723284036284,0.00023281716078826946,0.0002067816985210887
pwl,2,P2_dev_run1,shoulder,1,4.940889837154929e-11,0.0,4.940889837154929e-11,,False,0.02969919351985686,0.0014590278183243305,18,2,26,0.6923076923076923,6.1272622032188535e-09,shoulder,11,0,0.12744705382695215,True,0.0,5.1763400656209355e-11,5.1763400656209355e-11,5.2754675232890404e-11,1.503720501029229e-11,5.938676459292015e-13,4.5111615030876914e-13
pwl,2,P2_dev_run1,shoulder,2,3.9638200592369946e-07,0.0,3.9638200592369946e-07,,False,0.02969919351985686,0.0014590278183243305,18,2,26,0.6923076923076923,6.1272622032188535e-09,shoulder,11,0,0.12744705382695215,True,5.939289582063454e-07,0.0,-5.939289582063454e-07,7.049769794640683e-07,1.1111366528774282e-07,3.6036921636629072e-09,3.3334099586322877e-09
pwl,2,P2_dev_run1,shoulder,3,0.024999999998612344,0.05,0.02500000000138766,0.5000000000277531,False,0.02969919351985686,0.0014590278183243305,18,2,26,0.6923076923076923,6.1272622032188535e-09,shoulder,11,0,0.12744705382695215,True,0.04677171029326942,5.5717290083604946e-14,-0.0467717102932137,0.05277851164919484,0.006006801355963881,0.00018786522012924332,0.00018020404067891659
pwl,2,P2_dev_run1,shoulder,4,0.029699193520459306,0.0,0.029699193520459306,,False,0.02969919351985686,0.0014590278183243305,18,2,26,0.6923076923076923,6.1272622032188535e-09,shoulder,11,0,0.12744705382695215,True,0.3015409721813737,1.2824633935478005e-13,-0.3015409721812455,0.3015409721815131,2.0785384070724562e-13,4.3770834551564203e-05,6.235615221217374e-15
pwl,2,P2_dev_run1,shoulder,5,0.018687278672557445,0.0,0.018687278672557445,,False,0.02969919351985686,0.0014590278183243305,18,2,26,0.6923076923076923,6.1272622032188535e-09,shoulder,11,0,0.12744705382695215,True,0.03496143936898277,5.577112643685338e-14,-0.034961439368927004,0.03945147020437114,0.004490030835426683,0.00014042758887471292,0.0001347009250628006
pwl,2,P2_dev_run1,shoulder,6,6.039029515903256e-06,0.0,6.039029515903256e-06,,False,0.02969919351985686,0.0014590278183243305,18,2,26,0.6923076923076923,6.1272622032188535e-09,shoulder,11,0,0.12744705382695215,True,1.1298224968987733e-05,4.434762213522382e-14,-1.129822492464011e-05,1.2749235845120996e-05,1.4510109276736117e-06,4.5380960795503865e-08,4.353032783020839e-08
pwl,2,P2_dev_run1,shoulder,7,6.3048589440394325e-06,0.0,6.3048589440394325e-06,,False,0.02969919351985686,0.0014590278183243305,18,2,26,0.6923076923076923,6.1272622032188535e-09,shoulder,11,0,0.12744705382695215,True,1.1294857831201276e-05,0.0,-1.1294857831201276e-05,1.2862655782028491e-05,1.5678750372398558e-06,4.921682929575485e-08,4.703625111719572e-08
pwl,2,P2_dev_run1,shoulder,8,1.9637317390320114e-09,0.0,1.9637317390320114e-09,,False,0.02969919351985686,0.0014590278183243305,18,2,26,0.6923076923076923,6.1272622032188535e-09,shoulder,11,0,0.12744705382695215,True,6.208618409856958e-10,1.4847378899462617e-09,8.638760489605659e-10,1.4901749870354347e-09,0.0,3.8444201389568025e-11,0.0
pwl,2,P2_dev_run1,shoulder,9,1.0510554238085837e-09,0.0,1.0510554238085837e-09,,False,0.02969919351985686,0.0014590278183243305,18,2,26,0.6923076923076923,6.1272622032188535e-09,shoulder,11,0,0.12744705382695215,True,8.912488337778853e-10,0.0,-8.912488337778853e-10,9.607109262355694e-10,2.2530659157179338e-10,1.4604254700109023e-11,6.759197747153807e-12
pwl,2,P2_dev_run1,shoulder,10,0.05228895263280665,0.1,0.04771104736719336,0.47711047367193354,False,0.02969919351985686,0.0014590278183243305,18,2,26,0.6923076923076923,6.1272622032188535e-09,shoulder,11,0,0.12744705382695215,True,5.243002496579475e-14,0.17237357604066267,0.17237357604061024,0.17926253471821973,0.006888958677574694,0.00023269000278122723,0.000206668760327241
pwl,2,P2_dev_run1,shoulder,11,2.525651244529134e-08,0.0,2.525651244529134e-08,,False,0.02969919351985686,0.0014590278183243305,18,2,26,0.6923076923076923,6.1272622032188535e-09,shoulder,11,0,0.12744705382695215,True,6.1272622032188535e-09,1.1226711645160704e-08,5.0994494419418505e-09,2.3067735747893478e-08,2.857789479606799e-09,6.200017850095624e-10,8.573368438820405e-11
pwl,2,P2_dev_run1,shoulder,12,3.0554172764070513e-10,0.0,3.0554172764070513e-10,,False,0.02969919351985686,0.0014590278183243305,18,2,26,0.6923076923076923,6.1272622032188535e-09,shoulder,11,0,0.12744705382695215,True,2.814471421964404e-09,2.2131522625163584e-09,-6.013191594480457e-10,6.057029285961281e-10,0.0,2.1952079177411172e-12,0.0
pwl,2,P2_dev_run1,shoulder,13,6.037064023321612e-10,0.0,6.037064023321612e-10,,False,0.02969919351985686,0.0014590278183243305,18,2,26,0.6923076923076923,6.1272622032188535e-09,shoulder,11,0,0.12744705382695215,True,0.0,6.614311133659821e-10,6.614311133659821e-10,6.542909298751094e-10,1.5645904624084338e-10,7.022607430183119e-12,4.693771387225306e-12
pwl,2,P2_dev_run1,shoulder,14,7.66192208949629e-12,0.0,7.66192208949629e-12,,False,0.02969919351985686,0.0014590278183243305,18,2,26,0.6923076923076923,6.1272622032188535e-09,shoulder,11,0,0.12744705382695215,True,4.442314234470661e-12,0.0,-4.442314234470661e-12,9.841933847869924e-12,3.618197336649697e-12,1.324283058823707e-13,1.08545920099491e-13
pwl,2,P2_dev_run1,shoulder,15,6.108172731695103e-10,0.0,6.108172731695103e-10,,False,0.02969919351985686,0.0014590278183243305,18,2,26,0.6923076923076923,6.1272622032188535e-09,shoulder,11,0,0.12744705382695215,True,9.408640935740005e-10,0.0,-9.408640935740005e-10,8.054259894223148e-10,7.106983309638383e-11,5.4265761401264615e-12,2.132094992891517e-12
pwl,2,P2_dev_run1,shoulder,16,4.038083191907023e-09,0.0,4.038083191907023e-09,,False,0.02969919351985686,0.0014590278183243305,18,2,26,0.6923076923076923,6.1272622032188535e-09,shoulder,11,0,0.12744705382695215,True,2.9326698257448223e-09,0.0,-2.9326698257448223e-09,3.859639154910344e-09,9.307940671241388e-10,6.173964792859835e-11,2.7923822013724188e-11
pwl,2,P2_dev_run1,shoulder,17,3.761190683568257e-09,0.0,3.761190683568257e-09,,False,0.02969919351985686,0.0014590278183243305,18,2,26,0.6923076923076923,6.1272622032188535e-09,shoulder,11,0,0.12744705382695215,True,2.6433717857684427e-09,3.917519703156755e-10,-2.251619815452767e-09,3.3111432315033837e-09,1.3845046508492343e-10,6.396076807897589e-11,4.1535139525477066e-12
pwl,2,P2_dev_run1,shoulder,18,2.03306498837193e-09,0.0,2.03306498837193e-09,,False,0.02969919351985686,0.0014590278183243305,18,2,26,0.6923076923076923,6.1272622032188535e-09,shoulder,11,0,0.12744705382695215,True,1.4495410001698351e-09,0.0,-1.4495410001698351e-09,1.8200854254268815e-09,3.241341722329112e-10,3.14208465785323e-11,9.724025166987345e-12
pwl,2,P2_dev_run1,shoulder,19,3.831166926000161e-09,0.0,3.831166926000161e-09,,False,0.02969919351985686,0.0014590278183243305,18,2,26,0.6923076923076923,6.1272622032188535e-09,shoulder,11,0,0.12744705382695215,True,2.573922983086445e-09,7.088210017350487e-10,-1.8651019813513966e-09,3.361222518197805e-09,3.969884680628273e-11,7.187808259513968e-11,1.190965404188483e-12
pwl,2,P2_dev_run1,shoulder,20,1.8802054077558095e-09,0.0,1.8802054077558095e-09,,False,0.02969919351985686,0.0014590278183243305,18,2,26,0.6923076923076923,6.1272622032188535e-09,shoulder,11,0,0.12744705382695215,True,1.532537371420955e-09,0.0,-1.532537371420955e-09,1.877094746027837e-09,4.501835185204948e-10,2.679378234185069e-11,1.3505505555614856e-11
pwl,2,P2_dev_run1,shoulder,21,4.209752025114355e-11,0.0,4.209752025114355e-11,,False,0.02969919351985686,0.0014590278183243305,18,2,26,0.6923076923076923,6.1272622032188535e-09,shoulder,11,0,0.12744705382695215,True,1.1046981640516513e-10,0.0,-1.1046981640516513e-10,9.612541784003449e-11,2.441631878408496e-11,2.324817995801752e-13,7.324895635225494e-13
pwl,2,P2_dev_run1,shoulder,22,2.1493974201631743e-10,0.0,2.1493974201631743e-10,,False,0.02969919351985686,0.0014590278183243305,18,2,26,0.6923076923076923,6.1272622032188535e-09,shoulder,11,0,0.12744705382695215,True,0.0,3.6294301014184153e-10,3.6294301014184153e-10,3.3191710062388137e-10,8.894493547458724e-11,1.7661179860590752e-12,2.66834806423762e-12
pwl,2,P2_dev_run1,shoulder,23,7.795143174170318e-10,0.0,7.795143174170318e-10,,False,0.02969919351985686,0.0014590278183243305,18,2,26,0.6923076923076923,6.1272622032188535e-09,shoulder,11,0,0.12744705382695215,True,1.750684246465707e-09,2.5576395154879603e-09,8.069552690222534e-10,8.629272018571372e-10,0.0,9.450477977882829e-12,0.0
pwl,2,P3_dev_run0,summer,0,0.14189099123243776,0.15,0.008109008767562237,0.054060058450414915,False,0.10242791164439083,0.005031960627554209,17,0,25,0.68,7.618002281576942e-09,shoulder,11,0,0.1584544474568004,True,3.6731037962403187e-14,0.1728946730884002,0.17289467308836348,0.22258707786439513,0.04969240477600779,0.001523082253825675,0.001490772143280235
pwl,2,P3_dev_run0,summer,1,2.2050399410526316e-10,0.0,2.2050399410526316e-10,,False,0.10242791164439083,0.005031960627554209,17,0,25,0.68,7.618002281576942e-09,shoulder,11,0,0.1584544474568004,True,0.0,4.1494552410244795e-10,4.1494552410244795e-10,3.727576097176927e-10,9.984502466314856e-11,1.648499866486757e-12,2.9953507398944594e-12
pwl,2,P3_dev_run0,summer,2,5.991336225908447e-07,0.0,5.991336225908447e-07,,False,0.10242791164439083,0.005031960627554209,17,0,25,0.68,7.618002281576942e-09,shoulder,11,0,0.1584544474568004,True,5.961805476185789e-07,2.9908337529161552e-12,-5.96177556784826e-07,8.356631312814777e-07,2.394815807925983e-07,7.471130052861036e-09,7.1844474237779556e-09
pwl,2,P3_dev_run0,summer,3,6.282128667789516e-07,0.0,6.282128667789516e-07,,False,0.10242791164439083,0.005031960627554209,17,0,25,0.68,7.618002281576942e-09,shoulder,11,0,0.1584544474568004,True,5.963265760367991e-07,7.24632833454643e-12,-5.963193297084645e-07,8.562241401931857e-07,2.598917780845787e-07,8.095479933066722e-09,7.796753342537369e-09
pwl,2,P3_dev_run0,summer,4,0.025000000008656532,0.0,0.025000000008656532,,False,0.10242791164439083,0.005031960627554209,17,0,25,0.68,7.618002281576942e-09,shoulder,11,0,0.1584544474568004,True,0.046771710312126326,3.668424691797805e-14,-0.04677171031208964,0.05277851167041704,0.006006801358316075,0.0001878652202044217,0.0001802040407494824
pwl,2,P3_dev_run0,summer,5,0.18036584361311575,0.2,0.01963415638688426,0.0981707819344213,False,0.10242791164439083,0.005031960627554209,17,0,25,0.68,7.618002281576942e-09,shoulder,11,0,0.1584544474568004,True,0.3374407593831283,3.668524285142478e-14,-0.3374407593830916,0.3807776311444815,0.04333687176137857,0.0013553787566641373,0.0013001061528413584
pwl,2,P3_dev_run0,summer,6,9.296348830866597e-06,0.0,9.296348830866597e-06,,False,0.10242791164439083,0.005031960627554209,17,0,25,0.68,7.618002281576942e-09,shoulder,11,0,0.1584544474568004,True,1.1327628476736214e-05,3.102153319088747e-14,-1.1327628445714681e-05,1.4583354087904064e-05,3.2557256490305116e-06,9.978864060529759e-08,9.767176947091543e-08
pwl,2,P3_dev_run0,summer,7,1.0002087658899355e-05,0.0,1.0002087658899355e-05,,False,0.10242791164439083,0.005031960627554209,17,0,25,0.68,7.618002281576942e-09,shoulder,11,0,0.1584544474568004,True,1.1318273736761608e-05,0.0,-1.1318273736761608e-05,1.500142414349643e-05,3.683363941024409e-06,1.1358595139061097e-07,1.1050091823073237e-07
pwl,2,P3_dev_run0,summer,8,1.380276047018922e-05,0.0,1.380276047018922e-05,,False,0.10242791164439083,0.005031960627554209,17,0,25,0.68,7.618002281576942e-09,shoulder,11,0,0.1584544474568004,True,1.1327628416857658e-05,3.3820800531219536e-14,-1.1327628383036857e-05,1.776986891252693e-05,6.442240517206939e-06,1.9584663352145343e-07,1.9326721551620834e-07
pwl,2,P3_dev_run0,summer,9,7.1271554970638776e-09,0.0,7.1271554970638776e-09,,False,0.10242791164439083,0.005031960627554209,17,0,25,0.68,7.618002281576942e-09,shoulder,11,0,0.1584544474568004,True,5.553100933067299e-09,6.019340791701677e-09,4.662398586343786e-10,6.0906830360409306e-09,0.0,2.0028448360293333e-10,0.0
pwl,2,P3_dev_run0,summer,10,7.044522728481095e-10,0.0,7.044522728481095e-10,,False,0.10242791164439083,0.005031960627554209,17,0,25,0.68,7.618002281576942e-09,shoulder,11,0,0.1584544474568004,True,0.0,1.7982532587406803e-09,1.7982532587406803e-09,1.8895977958311097e-09,4.98023813626231e-10,3.991775798106509e-12,1.4940714408786944e-11
pwl,2,P3_dev_run0,summer,11,3.1181229750166736e-09,0.0,3.1181229750166736e-09,,False,0.10242791164439083,0.005031960627554209,17,0,25,0.68,7.618002281576942e-09,shoulder,11,0,0.1584544474568004,True,3.930942288682531e-09,0.0,-3.930942288682531e-09,4.7718091379837905e-09,1.1743171786471277e-09,3.259581030316212e-11,3.522951535941386e-11
pwl,2,P3_dev_run0,summer,12,1.75178770603729e-09,0.0,1.75178770603729e-09,,False,0.10242791164439083,0.005031960627554209,17,0,25,0.68,7.618002281576942e-09,shoulder,11,0,0.1584544474568004,True,3.1444260805339e-09,0.0,-3.1444260805339e-09,3.4651872450766678e-09,8.493008829798826e-10,1.365128117055424e-11,2.54790264893965e-11
pwl,2,P3_dev_run0,summer,13,1.5051799639185682e-09,0.0,1.5051799639185682e-09,,False,0.10242791164439083,0.005031960627554209,17,0,25,0.68,7.618002281576942e-09,shoulder,11,0,0.1584544474568004,True,0.0,2.579304348722761e-09,2.579304348722761e-09,2.852414892886676e-09,7.492159565194445e-10,1.221182824738472e-11,2.2476478695583356e-11
pwl,2,P3_dev_run0,summer,14,7.898363518783817e-09,0.0,7.898363518783817e-09,,False,0.10242791164439083,0.005031960627554209,17,0,25,0.68,7.618002281576942e-09,shoulder,11,0,0.1584544474568004,True,8.97548997676864e-09,0.0,-8.97548997676864e-09,1.0129589926089654e-08,6.84410349247179e-10,8.941232803230906e-11,2.053231047741539e-11
pwl,2,P3_dev_run0,summer,15,0.02500000000030989,0.0,0.02500000000030989,,False,0.10242791164439083,0.005031960627554209,17,0,25,0.68,7.618002281576942e-09,shoulder,11,0,0.1584544474568004,True,3.259324441983247e-14,0.02051696977099992,0.020516969770967328,0.03218535798442279,0.01166838821343491,0.0003547235819229257,0.0003500516464030476
pwl,2,P3_dev_run0,summer,16,0.2080407518838173,0.2,0.008040751883817282,0.04020375941908641,False,0.10242791164439083,0.005031960627554209,17,0,25,0.68,7.618002281576942e-09,shoulder,11,0,0.1584544474568004,True,3.270267793132073e-14,0.17073463278617526,0.17073463278614256,0.2678346430467164,0.09710001026055294,0.0029518784267750045,0.002913000307816591
pwl,2,P3_dev_run0,summer,17,1.2760065772017234e-08,0.0,1.2760065772017234e-08,,False,0.10242791164439083,0.005031960627554209,17,0,25,0.68,7.618002281576942e-09,shoulder,11,0,0.1584544474568004,True,7.800712550539472e-09,4.863229693560346e-09,-2.9374828569791265e-09,1.248483564147455e-08,0.0,3.046900705854853e-10,0.0
pwl,2,P3_dev_run0,summer,18,9.829089998564104e-09,0.0,9.829089998564104e-09,,False,0.10242791164439083,0.005031960627554209,17,0,25,0.68,7.618002281576942e-09,shoulder,11,0,0.1584544474568004,True,9.068359141909528e-09,0.0,-9.068359141909528e-09,1.325428745642777e-08,3.2892085268843613e-09,1.2914934158750603e-10,9.867625580653093e-11
pwl,2,P3_dev_run0,summer,19,5.450946406156053e-09,0.0,5.450946406156053e-09,,False,0.10242791164439083,0.005031960627554209,17,0,25,0.68,7.618002281576942e-09,shoulder,11,0,0.1584544474568004,True,6.351893147637106e-09,0.0,-6.351893147637106e-09,8.517306635846725e-09,2.1041427122112742e-09,6.054762001556829e-11,6.312428136633828e-11
pwl,2,P3_dev_run0,summer,20,2.7205788855776285e-09,0.0,2.7205788855776285e-09,,False,0.10242791164439083,0.005031960627554209,17,0,25,0.68,7.618002281576942e-09,shoulder,11,0,0.1584544474568004,True,3.2901372473606142e-09,0.0,-3.2901372473606142e-09,4.135314648392927e-09,1.019621931865432e-09,2.937358290678915e-11,3.058865795596299e-11
pwl,2,P3_dev_run0,summer,21,6.463237148194185e-09,0.0,6.463237148194185e-09,,False,0.10242791164439083,0.005031960627554209,17,0,25,0.68,7.618002281576942e-09,shoulder,11,0,0.1584544474568004,True,0.0,7.878727844511975e-09,7.878727844511975e-09,1.043107981162615e-08,2.7157760540601138e-09,6.935536763744877e-11,8.147328162180348e-11
pwl,2,P3_dev_run0,summer,22,8.507122869203777e-09,0.0,8.507122869203777e-09,,False,0.10242791164439083,0.005031960627554209,17,0,25,0.68,7.618002281576942e-09,shoulder,11,0,0.1584544474568004,True,8.186518779244466e-10,7.863561006188159e-09,7.044909128263712e-09,9.129919236510925e-09,2.2428745144077435e-10,1.200161153843649e-10,6.7286235432232365e-12
pwl,2,P3_dev_run0,summer,23,0.024999999999639252,0.0,0.024999999999639252,,False,0.10242791164439083,0.005031960627554209,17,0,25,0.68,7.618002281576942e-09,shoulder,11,0,0.1584544474568004,True,0.020516969771189504,2.9145886328599294e-14,-0.020516969771160357,0.03218535798406207,0.011668388212891966,0.00035472358190525617,0.0003500516463867593
pwl,2,P3_dev_run0,winter,0,0.1418909871490548,0.15,0.008109012850945202,0.054060085672968015,True,0.10242791164439083,0.005031960627554209,17,0,25,0.68,7.618002281576942e-09,shoulder,11,0,0.1584544474568004,True,1.1103549189043385e-13,0.17289466809322493,0.1728946680931139,0.22258707144254664,0.04969240334936095,0.0015230822101276356,0.0014907721004808298
pwl,2,P3_dev_run0,winter,1,1.4162783496356063e-11,0.0,1.4162783496356063e-11,,True,0.10242791164439083,0.005031960627554209,17,0,25,0.68,7.618002281576942e-09,shoulder,11,0,0.1584544474568004,True,2.3406457453261242e-11,0.0,-2.3406457453261242e-11,4.238658274600078e-11,1.9064783609450973e-11,1.185388870546128e-13,5.719435082835297e-13
pwl,2,P3_dev_run0,winter,2,5.635979911053129e-07,0.0,5.635979911053129e-07,,True,0.10242791164439083,0.005031960627554209,17,0,25,0.68,7.618002281576942e-09,shoulder,11,0,0.1584544474568004,True,5.777963713193721e-07,0.0,-5.777963713193721e-07,7.768012473999392e-07,1.9967704557207673e-07,6.8806129449339815e-09,5.990311367162307e-09
pwl,2,P3_dev_run0,winter,3,4.869396975709471e-07,0.0,4.869396975709471e-07,,True,0.10242791164439083,0.005031960627554209,17,0,25,0.68,7.618002281576942e-09,shoulder,11,0,0.1584544474568004,True,5.977303167060619e-07,0.0,-5.977303167060619e-07,7.528384501554344e-07,1.5536187412707954e-07,5.197133291852472e-09,4.66085622381239e-09
pwl,2,P3_dev_run0,winter,4,0.20536483098998212,0.2,0.005364830989982111,0.026824154949910556,True,0.10242791164439083,0.005031960627554209,17,0,25,0.68,7.618002281576942e-09,shoulder,11,0,0.1584544474568004,True,0.38421057519030144,1.0507217681768333e-13,-0.38421057519019636,0.4335540050033667,0.04934342981313765,0.0015432363673515146,0.0014803028943941308
pwl,2,P3_dev_run0,winter,5,1.1239763532420774e-05,0.0,1.1239763532420774e-05,,True,0.10242791164439083,0.005031960627554209,17,0,25,0.68,7.618002281576942e-09,shoulder,11,0,0.1584544474568004,True,1.1312066936416106e-05,0.0,-1.1312066936416106e-05,1.5742690241393175e-05,4.431208582261251e-06,1.3903701821800703e-07,1.3293625746783766e-07
pwl,2,P3_dev_run0,winter,6,1.1239764330726639e-05,0.0,1.1239764330726639e-05,,True,0.10242791164439083,0.005031960627554209,17,0,25,0.68,7.618002281576942e-09,shoulder,11,0,0.1584544474568004,True,1.1312063998232013e-05,0.0,-1.1312063998232013e-05,1.5742688931717846e-05,4.431210208445733e-06,1.3903706071597393e-07,1.329363062533721e-07
pwl,2,P3_dev_run0,winter,7,1.3819811497530697e-05,0.0,1.3819811497530697e-05,,True,0.10242791164439083,0.005031960627554209,17,0,25,0.68,7.618002281576942e-09,shoulder,11,0,0.1584544474568004,True,1.134148507474067e-05,1.8398380796678712e-13,-1.1341484890756862e-05,1.779173667055974e-05,6.450251703040259e-06,1.9609007123430546e-07,1.9350755109120795e-07
pwl,2,P3_dev_run0,winter,8,1.6728310717356314e-05,0.0,1.6728310717356314e-05,,True,0.10242791164439083,0.005031960627554209,17,0,25,0.68,7.618002281576942e-09,shoulder,11,0,0.1584544474568004,True,1.1293994686020188e-05,0.0,-1.1293994686020188e-05,1.992565872631692e-05,8.63260642981966e-06,2.6669781059221e-07,2.5897819289459005e-07
pwl,2,P3_dev_run0,winter,9,0.0,0.0,0.0,,True,0.10242791164439083,0.005031960627554209,17,0,25,0.68,7.618002281576942e-09,shoulder,11,0,0.1584544474568004,True,1.8104561831882073e-09,0.0,-1.8104561831882073e-09,1.736854802150346e-09,4.3252560181655707e-10,0.0,1.2975768054496723e-11
pwl,2,P3_dev_run0,winter,10,0.42133377148520196,0.3,0.12133377148520197,0.40444590495067323,True,0.10242791164439083,0.005031960627554209,17,0,25,0.68,7.618002281576942e-09,shoulder,11,0,0.1584544474568004,True,9.382444512854447e-14,0.34577969012173565,0.34577969012164184,0.5424311306418406,0.19665144052013903,0.0059782809841356635,0.005899543215604176
pwl,2,P3_dev_run0,winter,11,4.793062244056864e-10,0.0,4.793062244056864e-10,,True,0.10242791164439083,0.005031960627554209,17,0,25,0.68,7.618002281576942e-09,shoulder,11,0,0.1584544474568004,True,1.868897298523129e-09,0.0,-1.868897298523129e-09,1.7657743769745938e-09,4.386776100814243e-10,1.8145151338565986e-12,1.316032830244274e-11
pwl,2,P3_dev_run0,winter,12,0.0,0.0,0.0,,True,0.10242791164439083,0.005031960627554209,17,0,25,0.68,7.618002281576942e-09,shoulder,11,0,0.1584544474568004,True,6.734493763524411e-11,1.769395039459803e-11,-4.9650987240646084e-11,1.8166203187922078e-10,5.406466712976927e-11,0.0,1.6219400138930794e-12
pwl,2,P3_dev_run0,winter,13,4.828539731612298e-06,0.0,4.828539731612298e-06,,True,0.10242791164439083,0.005031960627554209,17,0,25,0.68,7.618002281576942e-09,shoulder,11,0,0.1584544474568004,True,4.7709136251453095e-06,3.135443040717814e-10,-4.7706000808412375e-06,6.750910400923576e-06,1.9796821119670976e-06,6.051421252115319e-08,5.939046335901298e-08
pwl,2,P3_dev_run0,winter,14,2.7169250445238506e-11,0.0,2.7169250445238506e-11,,True,0.10242791164439083,0.005031960627554209,17,0,25,0.68,7.618002281576942e-09,shoulder,11,0,0.1584544474568004,True,0.0,1.9231966099664727e-10,1.9231966099664727e-10,5.595915280458787e-11,0.0,5.728910809640117e-14,0.0
pwl,2,P3_dev_run0,winter,15,0.0,0.0,0.0,,True,0.10242791164439083,0.005031960627554209,17,0,25,0.68,7.618002281576942e-09,shoulder,11,0,0.1584544474568004,True,1.1625110355560279e-10,1.1797146650158122e-10,1.7203629459784282e-12,1.5820902562607516e-10,0.0,0.0,0.0
pwl,2,P3_dev_run0,winter,16,8.732008317656437e-10,0.0,8.732008317656437e-10,,True,0.10242791164439083,0.005031960627554209,17,0,25,0.68,7.618002281576942e-09,shoulder,11,0,0.1584544474568004,True,4.479075884033271e-09,0.0,-4.479075884033271e-09,4.7505057793749465e-09,1.0909110212377551e-09,2.529660721585027e-12,3.2727330637132684e-11
pwl,2,P3_dev_run0,winter,17,5.949277125934913e-09,0.0,5.949277125934913e-09,,True,0.10242791164439083,0.005031960627554209,17,0,25,0.68,7.618002281576942e-09,shoulder,11,0,0.1584544474568004,True,7.970880191115904e-09,0.0,-7.970880191115904e-09,9.907822973581003e-09,2.3731526329722834e-09,5.926251230482187e-11,7.119457898916856e-11
pwl,2,P3_dev_run0,winter,18,1.8082188335311e-09,0.0,1.8082188335311e-09,,True,0.10242791164439083,0.005031960627554209,17,0,25,0.68,7.618002281576942e-09,shoulder,11,0,0.1584544474568004,True,6.140222452329708e-09,0.0,-6.140222452329708e-09,7.1545957033337525e-09,1.6909697034503779e-09,7.821419173403447e-12,5.072909110351138e-11
pwl,2,P3_dev_run0,winter,19,3.2264614948941045e-09,0.0,3.2264614948941045e-09,,True,0.10242791164439083,0.005031960627554209,17,0,25,0.68,7.618002281576942e-09,shoulder,11,0,0.1584544474568004,True,4.15047113498467e-09,0.0,-4.15047113498467e-09,6.237843199962479e-09,1.5030367286617034e-09,3.319705128091678e-11,4.5091101859851143e-11
pwl,2,P3_dev_run0,winter,20,8.225291134411418e-09,0.0,8.225291134411418e-09,,True,0.10242791164439083,0.005031960627554209,17,0,25,0.68,7.618002281576942e-09,shoulder,11,0,0.1584544474568004,True,0.0,4.171307659641524e-09,4.171307659641524e-09,7.341401041283774e-09,1.8584253412433518e-09,1.515369340801597e-10,5.57527602373006e-11
pwl,2,P3_dev_run0,winter,21,1.2840303078844718e-06,0.0,1.2840303078844718e-06,,True,0.10242791164439083,0.005031960627554209,17,0,25,0.68,7.618002281576942e-09,shoulder,11,0,0.1584544474568004,True,6.154987343217032e-07,6.079134275306722e-10,-6.148908208941724e-07,1.4008362176249993e-06,7.847389430596236e-07,2.426325193447983e-08,2.354216829178873e-08
pwl,2,P3_dev_run0,winter,22,6.99596411655216e-07,0.0,6.99596411655216e-07,,True,0.10242791164439083,0.005031960627554209,17,0,25,0.68,7.618002281576942e-09,shoulder,11,0,0.1584544474568004,True,5.828631442085776e-07,0.0,-5.828631442085776e-07,8.88978591786712e-07,3.0637535891366846e-07,9.83164812671248e-09,9.191260767410061e-09
pwl,2,P3_dev_run0,winter,23,0.15765697834034142,0.15,0.00765697834034143,0.05104652226894287,True,0.10242791164439083,0.005031960627554209,17,0,25,0.68,7.618002281576942e-09,shoulder,11,0,0.1584544474568004,True,0.19210558394416827,9.007712243337689e-14,-0.1921055839440782,0.24731947959705472,0.05521389565294778,0.00169231706564079,0.0016564168695884349
pwl,2,P3_dev_run0,shoulder,0,0.09241412776982225,0.1,0.007585872230177759,0.07585872230177759,False,0.10242791164439083,0.005031960627554209,17,0,25,0.68,7.618002281576942e-09,shoulder,11,0,0.1584544474568004,True,1.420169294507399e-13,0.17289467244490084,0.1728946724447588,0.19509920476649376,0.022204532321642066,0.0006944560183239787,0.0006661359696492626
pwl,2,P3_dev_run0,shoulder,1,1.8373406071534035e-11,0.0,1.8373406071534035e-11,,False,0.10242791164439083,0.005031960627554209,17,0,25,0.68,7.618002281576942e-09,shoulder,11,0,0.1584544474568004,True,0.0,7.828492558283951e-12,7.828492558283951e-12,2.2522183772140044e-11,1.1377657540319544e-11,3.6429513084066923e-13,3.413297262095866e-13
pwl,2,P3_dev_run0,shoulder,2,4.836948309133288e-07,0.0,4.836948309133288e-07,,False,0.10242791164439083,0.005031960627554209,17,0,25,0.68,7.618002281576942e-09,shoulder,11,0,0.1584544474568004,True,5.930436549665421e-07,0.0,-5.930436549665421e-07,7.472749375631761e-07,1.5456561756785623e-07,5.167246915681624e-09,4.636968527035691e-09
pwl,2,P3_dev_run0,shoulder,3,4.834567398220662e-07,0.0,4.834567398220662e-07,,False,0.10242791164439083,0.005031960627554209,17,0,25,0.68,7.618002281576942e-09,shoulder,11,0,0.1584544474568004,True,5.929751860691704e-07,0.0,-5.929751860691704e-07,7.470658365344123e-07,1.5441445537181584e-07,5.163195082632431e-09,4.632433661154479e-09
pwl,2,P3_dev_run0,shoulder,4,0.20536482773149425,0.2,0.005364827731494243,0.026824138657471214,False,0.10242791164439083,0.005031960627554209,17,0,25,0.68,7.618002281576942e-09,shoulder,11,0,0.1584544474568004,True,0.3842105691367888,1.4059413667563604e-13,-0.3842105691366482,0.4335539981634685,0.04934342902677719,0.0015432363427141573,0.001480302870803317
pwl,2,P3_dev_run0,shoulder,5,9.229560312426249e-06,0.0,9.229560312426249e-06,,False,0.10242791164439083,0.005031960627554209,17,0,25,0.68,7.618002281576942e-09,shoulder,11,0,0.1584544474568004,True,1.1324862176915616e-05,0.0,-1.1324862176915616e-05,1.4537583634989834e-05,3.212736763822576e-06,9.853892589359856e-08,9.638210291467736e-08
pwl,2,P3_dev_run0,shoulder,6,9.295194685713155e-06,0.0,9.295194685713155e-06,,False,0.10242791164439083,0.005031960627554209,17,0,25,0.68,7.618002281576942e-09,shoulder,11,0,0.1584544474568004,True,1.1326231242206442e-05,1.2637965619459843e-13,-1.1326231115826785e-05,1.4581550599905294e-05,3.255319452411502e-06,9.977619052559495e-08,9.765958357234515e-08
pwl,2,P3_dev_run0,shoulder,7,9.510894755961534e-06,0.0,9.510894755961534e-06,,False,0.10242791164439083,0.005031960627554209,17,0,25,0.68,7.618002281576942e-09,shoulder,11,0,0.1584544474568004,True,1.1323205806843032e-05,0.0,-1.1323205806843032e-05,1.4709195684695774e-05,3.3860551529203284e-06,1.0393080640205491e-07,1.0158165458760995e-07
pwl,2,P3_dev_run0,shoulder,8,1.390317908521871e-08,0.0,1.390317908521871e-08,,False,0.10242791164439083,0.005031960627554209,17,0,25,0.68,7.618002281576942e-09,shoulder,11,0,0.1584544474568004,True,5.731237481787188e-09,4.825565090749813e-09,-9.056723910373754e-10,1.2082245892393767e-08,7.653222021442362e-10,3.9080921536828535e-10,2.2959666064327104e-11
pwl,2,P3_dev_run0,shoulder,9,3.789613998605608e-11,0.0,3.789613998605608e-11,,False,0.10242791164439083,0.005031960627554209,17,0,25,0.68,7.618002281576942e-09,shoulder,11,0,0.1584544474568004,True,7.294708493706508e-09,8.164280495862115e-09,8.695720021556068e-10,2.8364832476790887e-10,0.0,2.4761081101177262e-14,0.0
pwl,2,P3_dev_run0,shoulder,10,0.09236365540477931,0.15,0.057636344595220684,0.38424229730147125,False,0.10242791164439083,0.005031960627554209,17,0,25,0.68,7.618002281576942e-09,shoulder,11,0,0.1584544474568004,True,1.2867249692908519e-13,0.17280024527278393,0.17280024527265525,0.19499265049860334,0.022192405225864277,0.0006940767383113394,0.0006657721567759288
pwl,2,P3_dev_run0,shoulder,11,3.7388981174356056e-08,0.0,3.7388981174356056e-08,,False,0.10242791164439083,0.005031960627554209,17,0,25,0.68,7.618002281576942e-09,shoulder,11,0,0.1584544474568004,True,1.304317472256031e-08,7.618002281576942e-09,-5.4251724409833675e-09,3.09582445162253e-08,5.153301814011663e-09,9.706607117587426e-10,1.5459905442035002e-10
pwl,2,P3_dev_run0,shoulder,12,2.1748694337741707e-11,0.0,2.1748694337741707e-11,,False,0.10242791164439083,0.005031960627554209,17,0,25,0.68,7.618002281576942e-09,shoulder,11,0,0.1584544474568004,True,1.6233124806101468e-11,0.0,-1.6233124806101468e-11,2.8767835281319643e-11,1.327021741357194e-11,3.271733404686796e-13,3.981065224071585e-13
pwl,2,P3_dev_run0,shoulder,13,2.5794546643351647e-11,0.0,2.5794546643351647e-11,,False,0.10242791164439083,0.005031960627554209,17,0,25,0.68,7.618002281576942e-09,shoulder,11,0,0.1584544474568004,True,1.6681942358372076e-09,1.4885556880885838e-09,-1.7963854774862382e-10,7.647346289299945e-11,0.0,5.527465135468805e-14,0.0
pwl,2,P3_dev_run0,shoulder,14,1.78685140067673e-11,0.0,1.78685140067673e-11,,False,0.10242791164439083,0.005031960627554209,17,0,25,0.68,7.618002281576942e-09,shoulder,11,0,0.1584544474568004,True,3.749484603621057e-12,3.524109358110936e-12,-2.2537524551012107e-13,2.2442523890361622e-11,1.1863377037018718e-11,5.29336800950706e-13,3.5590131111056187e-13
pwl,2,P3_dev_run0,shoulder,15,2.538254795042178e-11,0.0,2.538254795042178e-11,,False,0.10242791164439083,0.005031960627554209,17,0,25,0.68,7.618002281576942e-09,shoulder,11,0,0.1584544474568004,True,2.3609022611548202e-11,0.0,-2.3609022611548202e-11,3.6156364052080974e-11,1.5453904836263686e-11,3.3167822434793645e-13,4.63617145087911e-13
pwl,2,P3_dev_run0,shoulder,16,3.4989393433865165e-10,0.0,3.4989393433865165e-10,,False,0.10242791164439083,0.005031960627554209,17,0,25,0.68,7.618002281576942e-09,shoulder,11,0,0.1584544474568004,True,6.354013832830377e-09,6.236402527692083e-09,-1.1761130513829373e-10,6.896146518305801e-10,0.0,7.545610725861586e-12,0.0
pwl,2,P3_dev_run0,shoulder,17,1.039285480628815e-09,0.0,1.039285480628815e-09,,False,0.10242791164439083,0.005031960627554209,17,0,25,0.68,7.618002281576942e-09,shoulder,11,0,0.1584544474568004,True,2.4550183556374166e-09,8.992761627326673e-10,-1.5557421929047492e-09,1.2408729544796673e-09,0.0,9.456187540264931e-12,0.0
pwl,2,P3_dev_run0,shoulder,18,5.75952379466539e-10,0.0,5.75952379466539e-10,,False,0.10242791164439083,0.005031960627554209,17,0,25,0.68,7.618002281576942e-09,shoulder,11,0,0.1584544474568004,True,2.680548492580591e-09,1.2863421726271025e-09,-1.3942063199534883e-09,9.81748368835344e-10,0.0,3.4284142048789806e-12,0.0
pwl,2,P3_dev_run0,shoulder,19,1.3853491717332325e-09,0.0,1.3853491717332325e-09,,False,0.10242791164439083,0.005031960627554209,17,0,25,0.68,7.618002281576942e-09,shoulder,11,0,0.1584544474568004,True,8.127129584550791e-09,5.754747414816606e-09,-2.372382169734185e-09,2.4162854972366286e-09,0.0,1.1246072715198295e-11,0.0
pwl,2,P3_dev_run0,shoulder,20,2.709661407866165e-10,0.0,2.709661407866165e-10,,False,0.10242791164439083,0.005031960627554209,17,0,25,0.68,7.618002281576942e-09,shoulder,11,0,0.1584544474568004,True,2.002631684007754e-09,1.3146151430905025e-09,-6.880165409172514e-10,5.419487805244296e-10,0.0,1.5430668096881625e-12,0.0
pwl,2,P3_dev_run0,shoulder,21,2.1544114071448405e-11,0.0,2.1544114071448405e-11,,False,0.10242791164439083,0.005031960627554209,17,0,25,0.68,7.618002281576942e-09,shoulder,11,0,0.1584544474568004,True,8.64859619961168e-12,1.6431786170620443e-12,-7.005417582549636e-12,2.9483243685214237e-11,1.4438691955404515e-11,4.694713842484407e-13,4.3316075866213584e-13
pwl,2,P3_dev_run0,shoulder,22,2.7855252134374053e-11,0.0,2.7855252134374053e-11,,False,0.10242791164439083,0.005031960627554209,17,0,25,0.68,7.618002281576942e-09,shoulder,11,0,0.1584544474568004,True,0.0,2.715525362589518e-11,2.715525362589518e-11,4.031253487746639e-11,1.642339870721051e-11,3.523859139165443e-13,4.927019612163158e-13
pwl,2,P3_dev_run0,shoulder,23,4.0425004811875827e-10,0.0,4.0425004811875827e-10,,False,0.10242791164439083,0.005031960627554209,17,0,25,0.68,7.618002281576942e-09,shoulder,11,0,0.1584544474568004,True,6.540021501009603e-09,6.517892289339567e-09,-2.2129211670036093e-11,6.619736295158179e-10,0.0,1.1481782259947214e-11,0.0
pwl,4,P1_old_full_opt,summer,0,0.04999999999970751,0.0,0.04999999999970751,,False,0.017251016698002664,0.0008474881056933404,12,1,32,0.375,2.57036318969339e-09,shoulder,9,0,0.05346355434562251,True,3.827417192350509e-15,0.16863833409648768,0.16863833409648385,0.1751525118943044,0.006514177797817277,0.00021768605131958265,0.00019542533393451849
pwl,4,P1_old_full_opt,summer,1,0.008397272704652726,0.0,0.008397272704652726,,False,0.017251016698002664,0.0008474881056933404,12,1,32,0.375,2.57036318969339e-09,shoulder,9,0,0.05346355434562251,True,3.452477065738497e-15,0.010232106396112996,0.010232106396109544,0.013172960291470337,0.002940853895358552,9.013776651375712e-05,8.822561686075664e-05
pwl,4,P1_old_full_opt,summer,2,1.5600955671682402e-09,0.0,1.5600955671682402e-09,,False,0.017251016698002664,0.0008474881056933404,12,1,32,0.375,2.57036318969339e-09,shoulder,9,0,0.05346355434562251,True,1.972466917397329e-09,1.3797939018709152e-10,-1.8344875272102375e-09,2.233803595907066e-09,6.170324178302719e-11,1.7210224516219236e-11,1.8510972534908174e-12
pwl,4,P1_old_full_opt,summer,3,0.032190697219002945,0.02,0.012190697219002945,0.6095348609501472,False,0.017251016698002664,0.0008474881056933404,12,1,32,0.375,2.57036318969339e-09,shoulder,9,0,0.05346355434562251,True,0.06022455858040994,3.1535438677334137e-15,-0.06022455858040679,0.06795908352897541,0.007734524948567632,0.00024190049678516547,0.00023203574845702917
pwl,4,P1_old_full_opt,summer,4,0.04999999999992026,0.0,0.04999999999992026,,False,0.017251016698002664,0.0008474881056933404,12,1,32,0.375,2.57036318969339e-09,shoulder,9,0,0.05346355434562251,True,0.16863833409643902,3.0486083584716616e-15,-0.16863833409643597,0.17515251189430042,0.006514177797863806,0.00021768605132145615,0.00019542533393591434
pwl,4,P1_old_full_opt,summer,5,0.04999999999991873,0.0,0.04999999999991873,,False,0.017251016698002664,0.0008474881056933404,12,1,32,0.375,2.57036318969339e-09,shoulder,9,0,0.05346355434562251,True,0.16863833409643947,3.0481032230761763e-15,-0.16863833409643642,0.1751525118943005,0.006514177797863442,0.00021768605132144284,0.00019542533393590345
pwl,4,P1_old_full_opt,summer,6,6.263000546543049e-06,0.0,6.263000546543049e-06,,False,0.017251016698002664,0.0008474881056933404,12,1,32,0.375,2.57036318969339e-09,shoulder,9,0,0.05346355434562251,True,1.1717249291585772e-05,3.0741480079415783e-15,-1.1717249288511623e-05,1.322207340746937e-05,1.5048241183557096e-06,4.706400117231747e-08,4.5144723550671325e-08
pwl,4,P1_old_full_opt,summer,7,9.467125156918118e-06,0.0,9.467125156918118e-06,,False,0.017251016698002664,0.0008474881056933404,12,1,32,0.375,2.57036318969339e-09,shoulder,9,0,0.05346355434562251,True,1.1715689107122678e-05,0.0,-1.1715689107122678e-05,1.4986319659135948e-05,3.270665879957058e-06,1.0040923007075924e-07,9.811997639871183e-08
pwl,4,P1_old_full_opt,summer,8,9.616097665368532e-06,0.0,9.616097665368532e-06,,False,0.017251016698002664,0.0008474881056933404,12,1,32,0.375,2.57036318969339e-09,shoulder,9,0,0.05346355434562251,True,1.1717248887725167e-05,2.692337382388703e-15,-1.171724888503283e-05,1.508495402194474e-05,3.367705136203622e-06,1.0322084299565798e-07,1.0103115408610875e-07
pwl,4,P1_old_full_opt,summer,9,5.254793582415763e-10,0.0,5.254793582415763e-10,,False,0.017251016698002664,0.0008474881056933404,12,1,32,0.375,2.57036318969339e-09,shoulder,9,0,0.05346355434562251,True,1.8789309706794987e-10,8.511591501497701e-10,6.632660530818202e-10,6.200104223298259e-10,0.0,5.4879470255385464e-12,0.0
pwl,4,P1_old_full_opt,summer,10,0.0,0.0,0.0,,False,0.017251016698002664,0.0008474881056933404,12,1,32,0.375,2.57036318969339e-09,shoulder,9,0,0.05346355434562251,True,0.0,1.549445900703602e-11,1.549445900703602e-11,1.3398175757159158e-11,3.6309206120003017e-12,0.0,1.0892761836000915e-13
pwl,4,P1_old_full_opt,summer,11,4.687446414336336e-10,0.0,4.687446414336336e-10,,False,0.017251016698002664,0.0008474881056933404,12,1,32,0.375,2.57036318969339e-09,shoulder,9,0,0.05346355434562251,True,6.292864369143737e-10,0.0,-6.292864369143737e-10,6.993947568795093e-10,1.7124769723767537e-10,4.6618117892867006e-12,5.1374309171302654e-12
pwl,4,P1_old_full_opt,summer,12,3.021867638669389e-10,0.0,3.021867638669389e-10,,False,0.017251016698002664,0.0008474881056933404,12,1,32,0.375,2.57036318969339e-09,shoulder,9,0,0.05346355434562251,True,5.156736484968142e-10,0.0,-5.156736484968142e-10,5.428215652186319e-10,1.3257316537438277e-10,2.460561214794915e-12,3.977194961231487e-12
pwl,4,P1_old_full_opt,summer,13,3.972937858266654e-13,0.0,3.972937858266654e-13,,False,0.017251016698002664,0.0008474881056933404,12,1,32,0.375,2.57036318969339e-09,shoulder,9,0,0.05346355434562251,True,0.0,5.973104250044364e-11,5.973104250044364e-11,5.0577530006269555e-11,1.3520428935031394e-11,3.963783317312042e-17,4.056128680509422e-13
pwl,4,P1_old_full_opt,summer,14,6.223643164811515e-10,0.0,6.223643164811515e-10,,False,0.017251016698002664,0.0008474881056933404,12,1,32,0.375,2.57036318969339e-09,shoulder,9,0,0.05346355434562251,True,1.11735835417346e-09,4.634847252676617e-10,-6.538736289057983e-10,6.881390169994115e-10,0.0,7.46513634510714e-12,0.0
pwl,4,P1_old_full_opt,summer,15,0.04999999999995964,0.0,0.04999999999995964,,False,0.017251016698002664,0.0008474881056933404,12,1,32,0.375,2.57036318969339e-09,shoulder,9,0,0.05346355434562251,True,2.919245346178556e-15,0.06092517627974288,0.06092517627973996,0.07843594435174156,0.017510768071999704,0.0005367085819686952,0.0005253230421599916
pwl,4,P1_old_full_opt,summer,16,0.06298182149761737,0.0,0.06298182149761737,,False,0.017251016698002664,0.0008474881056933404,12,1,32,0.375,2.57036318969339e-09,shoulder,9,0,0.05346355434562251,True,2.9288861987271158e-15,0.11783070035694136,0.11783070035693843,0.13296347198856492,0.01513277163162456,0.00047328375042717544,0.00045398314894873717
pwl,4,P1_old_full_opt,summer,17,2.239776494060237e-09,0.0,2.239776494060237e-09,,False,0.017251016698002664,0.0008474881056933404,12,1,32,0.375,2.57036318969339e-09,shoulder,9,0,0.05346355434562251,True,1.6983771705198682e-09,6.346844756368112e-10,-1.0636926948830571e-09,2.1512594528399692e-09,0.0,4.2474948989567014e-11,0.0
pwl,4,P1_old_full_opt,summer,18,1.0577567514148234e-09,0.0,1.0577567514148234e-09,,False,0.017251016698002664,0.0008474881056933404,12,1,32,0.375,2.57036318969339e-09,shoulder,9,0,0.05346355434562251,True,1.1935505487014133e-09,0.0,-1.1935505487014133e-09,1.467329297927234e-09,3.434603505650872e-10,1.20377207229924e-11,1.0303810516952626e-11
pwl,4,P1_old_full_opt,summer,19,3.305125514130437e-10,0.0,3.305125514130437e-10,,False,0.017251016698002664,0.0008474881056933404,12,1,32,0.375,2.57036318969339e-09,shoulder,9,0,0.05346355434562251,True,6.282914544483816e-10,0.0,-6.282914544483816e-10,6.927896864246994e-10,1.695791897541317e-10,2.448904793944955e-12,5.087375692623956e-12
pwl,4,P1_old_full_opt,summer,20,2.3656431617138685e-10,0.0,2.3656431617138685e-10,,False,0.017251016698002664,0.0008474881056933404,12,1,32,0.375,2.57036318969339e-09,shoulder,9,0,0.05346355434562251,True,4.3992491584821746e-10,0.0,-4.3992491584821746e-10,4.575240420226718e-10,1.1168940832426507e-10,1.7871431328538063e-12,3.350682249727955e-12
pwl,4,P1_old_full_opt,summer,21,3.9580027934580234e-11,0.0,3.9580027934580234e-11,,False,0.017251016698002664,0.0008474881056933404,12,1,32,0.375,2.57036318969339e-09,shoulder,9,0,0.05346355434562251,True,0.0,1.7199434240486156e-10,1.7199434240486156e-10,1.6166300427098697e-10,4.2808545068616e-11,1.348622767680764e-13,1.284256352058481e-12
pwl,4,P1_old_full_opt,summer,22,5.909523817052385e-10,0.0,5.909523817052385e-10,,False,0.017251016698002664,0.0008474881056933404,12,1,32,0.375,2.57036318969339e-09,shoulder,9,0,0.05346355434562251,True,4.0670155690955156e-10,1.3218217226544324e-09,9.151201657448808e-10,8.398164787100274e-10,0.0,5.226705180349942e-12,0.0
pwl,4,P1_old_full_opt,summer,23,2.0689175748390414e-09,0.0,2.0689175748390414e-09,,False,0.017251016698002664,0.0008474881056933404,12,1,32,0.375,2.57036318969339e-09,shoulder,9,0,0.05346355434562251,True,4.4476213936232506e-10,1.419021625969211e-09,9.74259486606886e-10,1.8266420473129479e-09,0.0,3.937718119035162e-11,0.0
pwl,4,P1_old_full_opt,winter,0,0.04999999999934485,0.0,0.04999999999934485,,False,0.017251016698002664,0.0008474881056933404,12,1,32,0.375,2.57036318969339e-09,shoulder,9,0,0.05346355434562251,True,3.103518765563536e-14,0.16863833409655535,0.16863833409652432,0.17515251189428532,0.006514177797735146,0.00021768605131644017,0.00019542533393205455
pwl,4,P1_old_full_opt,winter,1,0.008397270670803772,0.0,0.008397270670803772,,False,0.017251016698002664,0.0008474881056933404,12,1,32,0.375,2.57036318969339e-09,shoulder,9,0,0.05346355434562251,True,2.8328090739742674e-14,0.010232103917840336,0.010232103917812008,0.013172957100959608,0.0029408531831293227,9.013774468238266e-05,8.822559549387976e-05
pwl,4,P1_old_full_opt,winter,2,9.41515326080939e-10,0.0,9.41515326080939e-10,,False,0.017251016698002664,0.0008474881056933404,12,1,32,0.375,2.57036318969339e-09,shoulder,9,0,0.05346355434562251,True,5.431155296369607e-10,1.3287594908087567e-09,7.85643961171796e-10,8.94849537285571e-10,0.0,1.3218162577330821e-11,0.0
pwl,4,P1_old_full_opt,winter,3,0.05109010319603372,0.0,0.05109010319603372,,False,0.017251016698002664,0.0008474881056933404,12,1,32,0.375,2.57036318969339e-09,shoulder,9,0,0.05346355434562251,True,0.16842149908835494,2.488599609984977e-14,-0.16842149908833004,0.17515251189368422,0.0067310128053468905,0.00022735502732808713,0.0002019303841604069
pwl,4,P1_old_full_opt,winter,4,0.05000000000670724,0.0,0.05000000000670724,,False,0.017251016698002664,0.0008474881056933404,12,1,32,0.375,2.57036318969339e-09,shoulder,9,0,0.05346355434562251,True,0.16863833409495133,2.4658840644269725e-14,-0.16863833409492668,0.17515251189417363,0.00651417779924045,0.00021768605138120254,0.0001954253339772137
pwl,4,P1_old_full_opt,winter,5,0.03230982792103691,0.02,0.012309827921036912,0.6154913960518456,False,0.017251016698002664,0.0008474881056933404,12,1,32,0.375,2.57036318969339e-09,shoulder,9,0,0.05346355434562251,True,0.060447436441159255,2.5058212462167884e-14,-0.0604474364411342,0.0682105851693514,0.007763148728209298,0.0002427957174310208,0.00023289446184627914
pwl,4,P1_old_full_opt,winter,6,9.615789371277897e-06,0.0,9.615789371277897e-06,,False,0.017251016698002664,0.0008474881056933404,12,1,32,0.375,2.57036318969339e-09,shoulder,9,0,0.05346355434562251,True,1.1716873928606763e-05,2.4927718377162822e-14,-1.1716873903679044e-05,1.5084471006442897e-05,3.367597094551804e-06,1.0321752911006357e-07,1.010279128365542e-07
pwl,4,P1_old_full_opt,winter,7,9.616196696178018e-06,0.0,9.616196696178018e-06,,False,0.017251016698002664,0.0008474881056933404,12,1,32,0.375,2.57036318969339e-09,shoulder,9,0,0.05346355434562251,True,1.171736959539944e-05,2.3780258583429978e-14,-1.171736957161918e-05,1.5085109462892625e-05,3.3677398829946407e-06,1.0322190589226622e-07,1.0103219648983931e-07
pwl,4,P1_old_full_opt,winter,8,9.771958781792876e-06,0.0,9.771958781792876e-06,,False,0.017251016698002664,0.0008474881056933404,12,1,32,0.375,2.57036318969339e-09,shoulder,9,0,0.05346355434562251,True,1.1715307475132695e-05,0.0,-1.1715307475132695e-05,1.517739837796972e-05,3.4621380955663572e-06,1.0621494685791742e-07,1.0386414286699081e-07
pwl,4,P1_old_full_opt,winter,9,0.04153215628576502,0.0,0.04153215628576502,,False,0.017251016698002664,0.0008474881056933404,12,1,32,0.375,2.57036318969339e-09,shoulder,9,0,0.05346355434562251,True,2.3477597049166575e-14,0.0340845598015951,0.03408455980157163,0.05346909271645817,0.01938453291487165,0.0005892974096943258,0.00058153598744615
pwl,4,P1_old_full_opt,winter,10,0.0510901031964236,0.0,0.0510901031964236,,False,0.017251016698002664,0.0008474881056933404,12,1,32,0.375,2.57036318969339e-09,shoulder,9,0,0.05346355434562251,True,2.487369073454857e-14,0.16842149908891355,0.16842149908888868,0.17515251189427472,0.006731012805367213,0.00022735502733076083,0.00020193038416101657
pwl,4,P1_old_full_opt,winter,11,0.08296582568033745,0.0,0.08296582568033745,,False,0.017251016698002664,0.0008474881056933404,12,1,32,0.375,2.57036318969339e-09,shoulder,9,0,0.05346355434562251,True,2.3760462972176626e-14,0.1552181425247287,0.15521814252470495,0.1751525118933879,0.019934369368667295,0.0006234557242281496,0.0005980310810600193
pwl,4,P1_old_full_opt,winter,12,2.548510121987986e-09,0.0,2.548510121987986e-09,,False,0.017251016698002664,0.0008474881056933404,12,1,32,0.375,2.57036318969339e-09,shoulder,9,0,0.05346355434562251,True,2.1155284649364855e-09,1.717378562597316e-10,-1.9437906086767538e-09,2.5838022847373303e-09,1.4844897457760011e-10,3.784190141441871e-11,4.453469237328007e-12
pwl,4,P1_old_full_opt,winter,13,1.7763373629312892e-09,0.0,1.7763373629312892e-09,,False,0.017251016698002664,0.0008474881056933404,12,1,32,0.375,2.57036318969339e-09,shoulder,9,0,0.05346355434562251,True,2.51433032127929e-10,1.912600362329315e-09,1.661167330201386e-09,1.9498411316184626e-09,0.0,2.3126382172637535e-11,0.0
pwl,4,P1_old_full_opt,winter,14,1.6944250270906558e-11,0.0,1.6944250270906558e-11,,False,0.017251016698002664,0.0008474881056933404,12,1,32,0.375,2.57036318969339e-09,shoulder,9,0,0.05346355434562251,True,0.0,2.6103100341746463e-10,2.6103100341746463e-10,2.4747458190545604e-10,6.584491254697876e-11,1.6481134701646845e-14,1.9753473764093645e-12
pwl,4,P1_old_full_opt,winter,15,1.7851373013248467e-10,0.0,1.7851373013248467e-10,,False,0.017251016698002664,0.0008474881056933404,12,1,32,0.375,2.57036318969339e-09,shoulder,9,0,0.05346355434562251,True,4.710692014252207e-10,0.0,-4.710692014252207e-10,4.6010115670919267e-10,1.123377497841573e-10,9.807003381565779e-13,3.370132493524722e-12
pwl,4,P1_old_full_opt,winter,16,2.5456150412506284e-09,0.0,2.5456150412506284e-09,,False,0.017251016698002664,0.0008474881056933404,12,1,32,0.375,2.57036318969339e-09,shoulder,9,0,0.05346355434562251,True,3.171897097341922e-09,3.710226657871412e-10,-2.800874431554781e-09,3.1177639562683083e-09,0.0,2.951912436760736e-11,0.0
pwl,4,P1_old_full_opt,winter,17,3.4614372884922687e-09,0.0,3.4614372884922687e-09,,False,0.017251016698002664,0.0008474881056933404,12,1,32,0.375,2.57036318969339e-09,shoulder,9,0,0.05346355434562251,True,4.1173149570047954e-09,1.279006004542248e-09,-2.8383089524625477e-09,3.9181512432929005e-09,0.0,4.914068350971912e-11,0.0
pwl,4,P1_old_full_opt,winter,18,1.7196582592398495e-09,0.0,1.7196582592398495e-09,,False,0.017251016698002664,0.0008474881056933404,12,1,32,0.375,2.57036318969339e-09,shoulder,9,0,0.05346355434562251,True,1.845882103096173e-09,0.0,-1.845882103096173e-09,2.332315396805316e-09,5.746856650675933e-10,2.0307450259902827e-11,1.7240569952027815e-11
pwl,4,P1_old_full_opt,winter,19,0.0,0.0,0.0,,False,0.017251016698002664,0.0008474881056933404,12,1,32,0.375,2.57036318969339e-09,shoulder,9,0,0.05346355434562251,True,2.560145453096058e-10,0.0,-2.560145453096058e-10,3.4902952072821995e-10,8.666030424143164e-11,0.0,2.5998091272429514e-12
pwl,4,P1_old_full_opt,winter,20,4.5021419255746253e-10,0.0,4.5021419255746253e-10,,False,0.017251016698002664,0.0008474881056933404,12,1,32,0.375,2.57036318969339e-09,shoulder,9,0,0.05346355434562251,True,0.0,5.059749966905905e-10,5.059749966905905e-10,5.959919027659721e-10,1.5628313750829773e-10,5.139046406074105e-12,4.688494125248936e-12
pwl,4,P1_old_full_opt,winter,21,7.4049084378042945e-09,0.0,7.4049084378042945e-09,,False,0.017251016698002664,0.0008474881056933404,12,1,32,0.375,2.57036318969339e-09,shoulder,9,0,0.05346355434562251,True,6.5834188069293164e-09,1.19998897497707e-09,-5.3834298319522465e-09,8.899394726785787e-09,5.581460744549533e-10,1.131470406959614e-10,1.6744382233648613e-11
pwl,4,P1_old_full_opt,winter,22,0.024888096289845455,0.02,0.004888096289845455,0.24440481449227272,False,0.017251016698002664,0.0008474881056933404,12,1,32,0.375,2.57036318969339e-09,shoulder,9,0,0.05346355434562251,True,0.03032623307362873,2.1508747704124616e-14,-0.030326233073607222,0.0390424267116134,0.008716193637999158,0.0002671530973590609,0.00026148580913997496
pwl,4,P1_old_full_opt,winter,23,0.051090103196616186,0.0,0.051090103196616186,,False,0.017251016698002664,0.0008474881056933404,12,1,32,0.375,2.57036318969339e-09,shoulder,9,0,0.05346355434562251,True,0.16842149908873283,2.115237595627455e-14,-0.16842149908871168,0.17515251189416808,0.006731012805450668,0.0002273550273326668,0.0002019303841635202
pwl,4,P1_old_full_opt,shoulder,0,0.017251051767868012,0.0,0.017251051767868012,,False,0.017251016698002664,0.0008474881056933404,12,1,32,0.375,2.57036318969339e-09,shoulder,9,0,0.05346355434562251,True,2.3230243755412485e-09,0.17515250724143178,0.1751525049184074,0.17515251189426242,1.1683932577971454e-09,2.5424747302071637e-05,3.505179773391439e-11
pwl,4,P1_old_full_opt,shoulder,1,0.0019873740681332673,0.0,0.0019873740681332673,,False,0.017251016698002664,0.0008474881056933404,12,1,32,0.375,2.57036318969339e-09,shoulder,9,0,0.05346355434562251,True,5.0866994329228026e-14,0.003718115359195372,0.003718115359144505,0.004195625810364489,0.0004775104511939923,1.4934338698676581e-05,1.4325313535819782e-05
pwl,4,P1_old_full_opt,shoulder,2,1.4498158085366954e-09,0.0,1.4498158085366954e-09,,False,0.017251016698002664,0.0008474881056933404,12,1,32,0.375,2.57036318969339e-09,shoulder,9,0,0.05346355434562251,True,9.891252678216839e-10,1.1237982208061333e-09,1.3467295298444947e-10,1.0484056531952781e-09,0.0,3.9641528577418876e-11,0.0
pwl,4,P1_old_full_opt,shoulder,3,0.04999999999792457,0.0,0.04999999999792457,,False,0.017251016698002664,0.0008474881056933404,12,1,32,0.375,2.57036318969339e-09,shoulder,9,0,0.05346355434562251,True,0.13532366640160629,4.985201816112839e-14,-0.13532366640155644,0.1441569372703295,0.008833270868758212,0.0002682508695296881,0.00026499812606274657
pwl,4,P1_old_full_opt,shoulder,4,0.049999999998974524,0.0,0.049999999998974524,,False,0.017251016698002664,0.0008474881056933404,12,1,32,0.375,2.57036318969339e-09,shoulder,9,0,0.05346355434562251,True,0.16863833409648749,4.8524780429769467e-14,-0.16863833409643897,0.1751525118941728,0.006514177797723447,0.00021768605131338762,0.00019542533393170357
pwl,4,P1_old_full_opt,shoulder,5,0.04999999999434494,0.02,0.029999999994344943,1.499999999717247,False,0.017251016698002664,0.0008474881056933404,12,1,32,0.375,2.57036318969339e-09,shoulder,9,0,0.05346355434562251,True,0.09354342058049385,4.996137529808936e-14,-0.09354342058044389,0.10555702329158122,0.012013602711122161,0.0003757304402389572,0.00036040808133366517
pwl,4,P1_old_full_opt,shoulder,6,6.263547732184883e-06,0.0,6.263547732184883e-06,,False,0.017251016698002664,0.0008474881056933404,12,1,32,0.375,2.57036318969339e-09,shoulder,9,0,0.05346355434562251,True,1.1718086367267603e-05,0.0,-1.1718086367267603e-05,1.3223070702901406e-05,1.5049857410721632e-06,4.706877419085702e-08,4.5149572232164935e-08
pwl,4,P1_old_full_opt,shoulder,7,6.659311930310002e-06,0.0,6.659311930310002e-06,,False,0.017251016698002664,0.0008474881056933404,12,1,32,0.375,2.57036318969339e-09,shoulder,9,0,0.05346355434562251,True,1.1713071848289392e-05,0.0,-1.1713071848289392e-05,1.3391922887661885e-05,1.6789663306059792e-06,5.282095512236684e-08,5.036898991817942e-08
pwl,4,P1_old_full_opt,shoulder,8,8.488558902251188e-10,0.0,8.488558902251188e-10,,False,0.017251016698002664,0.0008474881056933404,12,1,32,0.375,2.57036318969339e-09,shoulder,9,0,0.05346355434562251,True,2.3057390214754703e-09,2.8503749209197226e-09,5.446358994442523e-10,7.959653033579675e-10,0.0,1.3917593798501623e-11,0.0
pwl,4,P1_old_full_opt,shoulder,9,2.5760052930176263e-10,0.0,2.5760052930176263e-10,,False,0.017251016698002664,0.0008474881056933404,12,1,32,0.375,2.57036318969339e-09,shoulder,9,0,0.05346355434562251,True,2.7534624811831148e-09,2.57036318969339e-09,-1.8309929148972484e-10,3.7613141967140316e-10,0.0,3.988321003577414e-12,0.0
pwl,4,P1_old_full_opt,shoulder,10,0.0510901031963351,0.0,0.0510901031963351,,False,0.017251016698002664,0.0008474881056933404,12,1,32,0.375,2.57036318969339e-09,shoulder,9,0,0.05346355434562251,True,4.671443105376365e-14,0.16842149908727552,0.1684214990872288,0.17515251189273734,0.0067310128054782975,0.00022735502733213473,0.0002019303841643491
pwl,4,P1_old_full_opt,shoulder,11,0.008495499668902432,0.0,0.008495499668902432,,False,0.017251016698002664,0.0008474881056933404,12,1,32,0.375,2.57036318969339e-09,shoulder,9,0,0.05346355434562251,True,4.6143296922066594e-14,0.01035179629853473,0.010351796298488586,0.013327050785725577,0.002975254487208429,9.119215160672873e-05,8.925763461625296e-05
pwl,4,P1_old_full_opt,shoulder,12,1.470717346561269e-10,0.0,1.470717346561269e-10,,False,0.017251016698002664,0.0008474881056933404,12,1,32,0.375,2.57036318969339e-09,shoulder,9,0,0.05346355434562251,True,1.2933084638304802e-09,9.806612082640556e-10,-3.1264725556642456e-10,2.7894184962523325e-10,0.0,9.85936229193417e-13,0.0
pwl,4,P1_old_full_opt,shoulder,13,1.7838467023937017e-10,0.0,1.7838467023937017e-10,,False,0.017251016698002664,0.0008474881056933404,12,1,32,0.375,2.57036318969339e-09,shoulder,9,0,0.05346355434562251,True,2.5042411784246956e-09,2.6279316759516384e-09,1.2369049752694273e-10,3.2003798903845067e-10,0.0,2.8014572754917073e-12,0.0
pwl,4,P1_old_full_opt,shoulder,14,5.254691875945988e-12,0.0,5.254691875945988e-12,,False,0.017251016698002664,0.0008474881056933404,12,1,32,0.375,2.57036318969339e-09,shoulder,9,0,0.05346355434562251,True,2.595830785812262e-12,2.0183310823656422e-13,-2.393997677575698e-12,7.010776845220028e-12,2.969080369898051e-12,1.0141029345666802e-13,8.907241109694161e-14
pwl,4,P1_old_full_opt,shoulder,15,1.2616353469556723e-10,0.0,1.2616353469556723e-10,,False,0.017251016698002664,0.0008474881056933404,12,1,32,0.375,2.57036318969339e-09,shoulder,9,0,0.05346355434562251,True,1.4125056798227622e-09,1.1212417318432885e-09,-2.9126394797947373e-10,2.7986524212464843e-10,0.0,7.845146736138662e-13,0.0
pwl,4,P1_old_full_opt,shoulder,16,1.1593789827235668e-09,0.0,1.1593789827235668e-09,,False,0.017251016698002664,0.0008474881056933404,12,1,32,0.375,2.57036318969339e-09,shoulder,9,0,0.05346355434562251,True,3.1672393985776507e-09,2.252336224881709e-09,-9.149031736959415e-10,1.0761497107134985e-09,0.0,1.6859639023750648e-11,0.0
pwl,4,P1_old_full_opt,shoulder,17,2.1279774140281162e-09,0.0,2.1279774140281162e-09,,False,0.017251016698002664,0.0008474881056933404,12,1,32,0.375,2.57036318969339e-09,shoulder,9,0,0.05346355434562251,True,2.039155396965851e-09,7.678859919834478e-10,-1.2712694049824032e-09,1.7161840278580387e-09,0.0,3.622570202799091e-11,0.0
pwl,4,P1_old_full_opt,shoulder,18,8.242856241303128e-10,0.0,8.242856241303128e-10,,False,0.017251016698002664,0.0008474881056933404,12,1,32,0.375,2.57036318969339e-09,shoulder,9,0,0.05346355434562251,True,3.1576610037473903e-09,2.2719822581679095e-09,-8.856787455794808e-10,9.682869275884527e-10,0.0,9.726831290903103e-12,0.0
pwl,4,P1_old_full_opt,shoulder,19,3.5904094296320026e-09,0.0,3.5904094296320026e-09,,False,0.017251016698002664,0.0008474881056933404,12,1,32,0.375,2.57036318969339e-09,shoulder,9,0,0.05346355434562251,True,5.060760756351268e-09,1.5764905039123802e-09,-3.4842702524388875e-09,3.6732728840526036e-09,0.0,4.5565400474246496e-11,0.0
pwl,4,P1_old_full_opt,shoulder,20,6.362826483778705e-10,0.0,6.362826483778705e-10,,False,0.017251016698002664,0.0008474881056933404,12,1,32,0.375,2.57036318969339e-09,shoulder,9,0,0.05346355434562251,True,1.8537760843432112e-09,1.0967803270490566e-09,-7.569957572941546e-10,7.216526621541767e-10,0.0,6.9567476931686555e-12,0.0
pwl,4,P1_old_full_opt,shoulder,21,7.2071713472928655e-12,0.0,7.2071713472928655e-12,,False,0.017251016698002664,0.0008474881056933404,12,1,32,0.375,2.57036318969339e-09,shoulder,9,0,0.05346355434562251,True,8.099193474504976e-12,0.0,-8.099193474504976e-12,1.1602735037577797e-11,4.148428728434742e-12,8.227214485912707e-14,1.2445286185304237e-13
pwl,4,P1_old_full_opt,shoulder,22,3.3144270329386336e-11,0.0,3.3144270329386336e-11,,False,0.017251016698002664,0.0008474881056933404,12,1,32,0.375,2.57036318969339e-09,shoulder,9,0,0.05346355434562251,True,0.0,1.0784210373158136e-10,1.0784210373158136e-10,9.335324204329863e-11,2.5932396525339132e-11,1.4935145896436902e-13,7.779718957601747e-13
pwl,4,P1_old_full_opt,shoulder,23,2.625051484501314e-10,0.0,2.625051484501314e-10,,False,0.017251016698002664,0.0008474881056933404,12,1,32,0.375,2.57036318969339e-09,shoulder,9,0,0.05346355434562251,True,2.4667882647643763e-09,2.6765188184709545e-09,2.0973055370657816e-10,3.8473276850771867e-10,0.0,3.788077054911981e-12,0.0
pwl,4,P2_dev_run1,summer,0,0.052317526894991515,0.1,0.04768247310500849,0.4768247310500849,False,0.02969919351985686,0.0014590278183243305,10,0,25,0.4,2.1508252150464197e-09,shoulder,11,0,0.04473716447296553,True,6.083611357244325e-14,0.17246777276010888,0.17246777276004804,0.17936049603613008,0.006892723276041784,0.0002328171605220874,0.0002067816982812537
pwl,4,P2_dev_run1,summer,1,1.288152518241045e-10,0.0,1.288152518241045e-10,,False,0.02969919351985686,0.0014590278183243305,10,0,25,0.4,2.1508252150464197e-09,shoulder,11,0,0.04473716447296553,True,0.0,1.8647563185841976e-10,1.8647563185841976e-10,1.7260031345424153e-10,4.7060776561243285e-11,1.204986690386471e-12,1.4118232968372998e-12
pwl,4,P2_dev_run1,summer,2,3.958136674546568e-07,0.0,3.958136674546568e-07,,False,0.02969919351985686,0.0014590278183243305,10,0,25,0.4,2.1508252150464197e-09,shoulder,11,0,0.04473716447296553,True,5.941350827087168e-07,0.0,-5.941350827087168e-07,7.048134122926999e-07,1.107220546062115e-07,3.5931943134196367e-09,3.321661638186348e-09
pwl,4,P2_dev_run1,summer,3,3.958136238894188e-07,0.0,3.958136238894188e-07,,False,0.02969919351985686,0.0014590278183243305,10,0,25,0.4,2.1508252150464197e-09,shoulder,11,0,0.04473716447296553,True,5.941330961683021e-07,0.0,-5.941330961683021e-07,7.048101868045061e-07,1.1072047458308157e-07,3.5932035873444835e-09,3.3216142374924503e-09
pwl,4,P2_dev_run1,summer,4,0.050000000000594985,0.05,5.949823966844292e-13,1.1899647933688584e-11,False,0.02969919351985686,0.0014590278183243305,10,0,25,0.4,2.1508252150464197e-09,shoulder,11,0,0.04473716447296553,True,0.16482791047171733,5.984890107706161e-14,-0.16482791047165748,0.17141530449125542,0.0065873940195801325,0.0002225039812807416,0.00019762182058740416
pwl,4,P2_dev_run1,summer,5,0.050000000001032684,0.0,0.050000000001032684,,False,0.02969919351985686,0.0014590278183243305,10,0,25,0.4,2.1508252150464197e-09,shoulder,11,0,0.04473716447296553,True,0.2184391872852544,5.982420028968515e-14,-0.2184391872851946,0.22399645565367335,0.005557268368461033,0.00016948090158020333,0.00016671805105383114
pwl,4,P2_dev_run1,summer,6,6.202000485091486e-06,0.0,6.202000485091486e-06,,False,0.02969919351985686,0.0014590278183243305,10,0,25,0.4,2.1508252150464197e-09,shoulder,11,0,0.04473716447296553,True,1.1295846936017206e-05,0.0,-1.1295846936017206e-05,1.2818488835012586e-05,1.5226888557299295e-06,4.771852774505253e-08,4.5680665671897927e-08
pwl,4,P2_dev_run1,summer,7,9.271973100575552e-06,0.0,9.271973100575552e-06,,False,0.02969919351985686,0.0014590278183243305,10,0,25,0.4,2.1508252150464197e-09,shoulder,11,0,0.04473716447296553,True,1.1297913163131373e-05,7.123483488919364e-15,-1.129791315600789e-05,1.4545105723377898e-05,3.2471927198035602e-06,9.952707842179649e-08,9.741578159410689e-08
pwl,4,P2_dev_run1,summer,8,9.271585114902035e-06,0.0,9.271585114902035e-06,,False,0.02969919351985686,0.0014590278183243305,10,0,25,0.4,2.1508252150464197e-09,shoulder,11,0,0.04473716447296553,True,1.1297416969355405e-05,5.86509560162475e-15,-1.129741696349031e-05,1.4544479299400167e-05,3.24706248209434e-06,9.952307327265572e-08,9.741187446283028e-08
pwl,4,P2_dev_run1,summer,9,1.1329761458110697e-09,0.0,1.1329761458110697e-09,,False,0.02969919351985686,0.0014590278183243305,10,0,25,0.4,2.1508252150464197e-09,shoulder,11,0,0.04473716447296553,True,1.8576446746732966e-10,1.8874686162076035e-09,1.701704148740274e-09,1.4637193681266798e-09,0.0,1.0279852711933492e-11,0.0
pwl,4,P2_dev_run1,summer,10,4.6088675979524636e-12,0.0,4.6088675979524636e-12,,False,0.02969919351985686,0.0014590278183243305,10,0,25,0.4,2.1508252150464197e-09,shoulder,11,0,0.04473716447296553,True,0.0,5.308469368067063e-11,5.308469368067063e-11,5.972544179103079e-11,1.7150873582528437e-11,5.990930689665748e-15,5.145262074758536e-13
pwl,4,P2_dev_run1,summer,11,1.089863988410709e-09,0.0,1.089863988410709e-09,,False,0.02969919351985686,0.0014590278183243305,10,0,25,0.4,2.1508252150464197e-09,shoulder,11,0,0.04473716447296553,True,1.3432017147726248e-09,0.0,-1.3432017147726248e-09,1.5313094193577162e-09,3.768133981840021e-10,1.159609559105329e-11,1.1304401945520073e-11
pwl,4,P2_dev_run1,summer,12,7.454588227196116e-10,0.0,7.454588227196116e-10,,False,0.02969919351985686,0.0014590278183243305,10,0,25,0.4,2.1508252150464197e-09,shoulder,11,0,0.04473716447296553,True,1.1741147531863014e-09,0.0,-1.1741147531863014e-09,1.2747345638355249e-09,3.1323824546516376e-10,6.499798877458269e-12,9.39714736395492e-12
pwl,4,P2_dev_run1,summer,13,1.7442905111857492e-11,0.0,1.7442905111857492e-11,,False,0.02969919351985686,0.0014590278183243305,10,0,25,0.4,2.1508252150464197e-09,shoulder,11,0,0.04473716447296553,True,0.0,2.1557469517588004e-10,2.1557469517588004e-10,1.9196784303190034e-10,5.2361177895120344e-11,2.1135962158246984e-14,1.5708353368536118e-12
pwl,4,P2_dev_run1,summer,14,1.5316286078925781e-09,0.0,1.5316286078925781e-09,,False,0.02969919351985686,0.0014590278183243305,10,0,25,0.4,2.1508252150464197e-09,shoulder,11,0,0.04473716447296553,True,2.3060966894324967e-09,9.736362624593004e-10,-1.3324604269731962e-09,1.5458254376106025e-09,0.0,2.0929416035981912e-11,0.0
pwl,4,P2_dev_run1,summer,15,0.04999999999925161,0.0,0.04999999999925161,,False,0.02969919351985686,0.0014590278183243305,10,0,25,0.4,2.1508252150464197e-09,shoulder,11,0,0.04473716447296553,True,5.42722064057546e-14,0.0788136441598888,0.07881364415983452,0.09330966180436645,0.014496017644496664,0.0004356677197004124,0.0004348805293349003
pwl,4,P2_dev_run1,summer,16,0.050000000000987276,0.1,0.04999999999901273,0.4999999999901273,False,0.02969919351985686,0.0014590278183243305,10,0,25,0.4,2.1508252150464197e-09,shoulder,11,0,0.04473716447296553,True,5.4444507948034377e-14,0.09354342059462326,0.09354342059456881,0.10555702330713926,0.012013602712534696,0.00037573044028285673,0.0003604080813760412
pwl,4,P2_dev_run1,summer,17,6.309355947890746e-09,0.0,6.309355947890746e-09,,False,0.02969919351985686,0.0014590278183243305,10,0,25,0.4,2.1508252150464197e-09,shoulder,11,0,0.04473716447296553,True,3.5783861106050098e-09,1.6633581566354253e-09,-1.9150279539695843e-09,5.872824267724221e-09,3.1619125449311947e-10,1.403565780454612e-10,9.485737634793592e-12
pwl,4,P2_dev_run1,summer,18,2.7961676876041033e-09,0.0,2.7961676876041033e-09,,False,0.02969919351985686,0.0014590278183243305,10,0,25,0.4,2.1508252150464197e-09,shoulder,11,0,0.04473716447296553,True,2.753301722204919e-09,0.0,-2.753301722204919e-09,3.2630084789907757e-09,2.91238140228887e-10,3.512648379506014e-11,8.737144206866617e-12
pwl,4,P2_dev_run1,summer,19,7.475903428443251e-10,0.0,7.475903428443251e-10,,False,0.02969919351985686,0.0014590278183243305,10,0,25,0.4,2.1508252150464197e-09,shoulder,11,0,0.04473716447296553,True,1.4575986063358019e-09,0.0,-1.4575986063358019e-09,1.6235519717331737e-09,3.992183317588275e-10,5.416080269494482e-12,1.1976549952764836e-11
pwl,4,P2_dev_run1,summer,20,5.864678213182391e-10,0.0,5.864678213182391e-10,,False,0.02969919351985686,0.0014590278183243305,10,0,25,0.4,2.1508252150464197e-09,shoulder,11,0,0.04473716447296553,True,1.0395092079860357e-09,0.0,-1.0395092079860357e-09,1.0959009815768845e-09,2.6925212299456686e-10,4.62074991575437e-12,8.077563689837014e-12
pwl,4,P2_dev_run1,summer,21,1.5656171975648024e-10,0.0,1.5656171975648024e-10,,False,0.02969919351985686,0.0014590278183243305,10,0,25,0.4,2.1508252150464197e-09,shoulder,11,0,0.04473716447296553,True,0.0,4.943095173076632e-10,4.943095173076632e-10,4.816828379920814e-10,1.2859895071180045e-10,7.260390963040882e-13,3.857968521354017e-12
pwl,4,P2_dev_run1,summer,22,8.293203012202804e-10,0.0,8.293203012202804e-10,,False,0.02969919351985686,0.0014590278183243305,10,0,25,0.4,2.1508252150464197e-09,shoulder,11,0,0.04473716447296553,True,5.541760125063727e-10,1.8753600709780874e-09,1.3211840584717148e-09,1.1916692638829553e-09,0.0,7.161588525632929e-12,0.0
pwl,4,P2_dev_run1,summer,23,3.6801485859729213e-09,0.0,3.6801485859729213e-09,,False,0.02969919351985686,0.0014590278183243305,10,0,25,0.4,2.1508252150464197e-09,shoulder,11,0,0.04473716447296553,True,6.681325666741609e-10,2.7889053078536206e-09,2.1207727411794596e-09,3.559948015779901e-09,5.1928296430220424e-11,6.380151541429287e-11,1.557848892906614e-12
pwl,4,P2_dev_run1,winter,0,0.05231752664862594,0.1,0.047682473351374065,0.4768247335137406,False,0.02969919351985686,0.0014590278183243305,10,0,25,0.4,2.1508252150464197e-09,shoulder,11,0,0.04473716447296553,True,2.052121865642155e-13,0.17246777194705523,0.17246777194685,0.17936049519087768,0.006892723243891554,0.00023281715942708413,0.0002067816973167468
pwl,4,P2_dev_run1,winter,1,2.750699993495249e-11,0.0,2.750699993495249e-11,,False,0.02969919351985686,0.0014590278183243305,10,0,25,0.4,2.1508252150464197e-09,shoulder,11,0,0.04473716447296553,True,2.6530902562896984e-11,0.0,-2.6530902562896984e-11,5.482705829853545e-11,2.2538279925906424e-11,3.5057693645149567e-13,6.761483977771933e-13
pwl,4,P2_dev_run1,winter,2,4.795731635251392e-07,0.0,4.795731635251392e-07,,False,0.02969919351985686,0.0014590278183243305,10,0,25,0.4,2.1508252150464197e-09,shoulder,11,0,0.04473716447296553,True,5.89920438612542e-07,0.0,-5.89920438612542e-07,7.422711539612192e-07,1.525932387141362e-07,5.110212006678203e-09,4.57779716142409e-09
pwl,4,P2_dev_run1,winter,3,0.04584074399172963,0.05,0.0041592560082703706,0.08318512016540741,False,0.02969919351985686,0.0014590278183243305,10,0,25,0.4,2.1508252150464197e-09,shoulder,11,0,0.04473716447296553,True,0.08576199984215543,1.9081874194202208e-13,-0.08576199984196461,0.0967762495805049,0.01101424973848005,0.0003444752586924467,0.0003304274921544018
pwl,4,P2_dev_run1,winter,4,0.050000000008058564,0.0,0.050000000008058564,,False,0.02969919351985686,0.0014590278183243305,10,0,25,0.4,2.1508252150464197e-09,shoulder,11,0,0.04473716447296553,True,0.2975028907005216,1.8905501818099183e-13,-0.29750289070033253,0.30154097217896514,0.004038081478578424,0.0001251714509027947,0.00012114244435735283
pwl,4,P2_dev_run1,winter,5,9.271531106971263e-06,0.0,9.271531106971263e-06,,False,0.02969919351985686,0.0014590278183243305,10,0,25,0.4,2.1508252150464197e-09,shoulder,11,0,0.04473716447296553,True,1.1297417033774979e-05,1.894452832483456e-13,-1.1297416844329696e-05,1.4544444557520577e-05,3.247027652276618e-06,9.952204621553794e-08,9.741082956829862e-08
pwl,4,P2_dev_run1,winter,6,9.271545962211934e-06,0.0,9.271545962211934e-06,,False,0.02969919351985686,0.0014590278183243305,10,0,25,0.4,2.1508252150464197e-09,shoulder,11,0,0.04473716447296553,True,1.1297415889957191e-05,1.8917808240993891e-13,-1.129741570077911e-05,1.4544453186964814e-05,3.2470374187850094e-06,9.952233672448561e-08,9.741112256355037e-08
pwl,4,P2_dev_run1,winter,7,9.271667817339975e-06,0.0,9.271667817339975e-06,,False,0.02969919351985686,0.0014590278183243305,10,0,25,0.4,2.1508252150464197e-09,shoulder,11,0,0.04473716447296553,True,1.1297559636555114e-05,1.8043043606012654e-13,-1.1297559456124679e-05,1.4544640703661209e-05,3.2470811791262556e-06,9.952367691790282e-08,9.741243537378775e-08
pwl,4,P2_dev_run1,winter,8,1.370580921917889e-05,0.0,1.370580921917889e-05,,False,0.02969919351985686,0.0014590278183243305,10,0,25,0.4,2.1508252150464197e-09,shoulder,11,0,0.04473716447296553,True,1.1296959879001319e-05,0.0,-1.1296959879001319e-05,1.7674853547275726e-05,6.377907673501255e-06,1.939358882935735e-07,1.9133723020503783e-07
pwl,4,P2_dev_run1,winter,9,1.2125334068193109e-09,0.0,1.2125334068193109e-09,,False,0.02969919351985686,0.0014590278183243305,10,0,25,0.4,2.1508252150464197e-09,shoulder,11,0,0.04473716447296553,True,2.651816859111037e-10,5.836922325066232e-10,3.185105465955195e-10,8.858878722233621e-10,2.1585913148896516e-11,2.8054756825286758e-11,6.475773944668961e-13
pwl,4,P2_dev_run1,winter,10,0.0879562572042547,0.0,0.0879562572042547,,False,0.02969919351985686,0.0014590278183243305,10,0,25,0.4,2.1508252150464197e-09,shoulder,11,0,0.04473716447296553,True,1.849515525395416e-13,0.28995292172732257,0.2899529217271376,0.3015409721813569,0.01158805045408304,0.0003914123481603574,0.0003476415136224915
pwl,4,P2_dev_run1,winter,11,0.049999999983681695,0.05,1.631830781612109e-11,3.2636615632242183e-10,False,0.02969919351985686,0.0014590278183243305,10,0,25,0.4,2.1508252150464197e-09,shoulder,11,0,0.04473716447296553,True,1.7680863118839165e-13,0.05496717524412344,0.05496717524394663,0.07422300140569332,0.019255826161633814,0.0005801665022965995,0.0005776747848490149
pwl,4,P2_dev_run1,winter,12,9.070226867123551e-11,0.0,9.070226867123551e-11,,False,0.02969919351985686,0.0014590278183243305,10,0,25,0.4,2.1508252150464197e-09,shoulder,11,0,0.04473716447296553,True,1.1736228354982737e-10,0.0,-1.1736228354982737e-10,1.3074054792708518e-10,3.979264968457598e-11,9.289322112817817e-13,1.1937794905372803e-12
pwl,4,P2_dev_run1,winter,13,8.739292487576631e-11,0.0,8.739292487576631e-11,,False,0.02969919351985686,0.0014590278183243305,10,0,25,0.4,2.1508252150464197e-09,shoulder,11,0,0.04473716447296553,True,1.8477362998219275e-10,2.7197509759837375e-10,8.7201467616181e-11,1.1293353230860232e-10,0.0,1.0876645650031946e-12,0.0
pwl,4,P2_dev_run1,winter,14,3.8468309122985644e-11,0.0,3.8468309122985644e-11,,False,0.02969919351985686,0.0014590278183243305,10,0,25,0.4,2.1508252150464197e-09,shoulder,11,0,0.04473716447296553,True,0.0,5.4915499994404856e-11,5.4915499994404856e-11,7.264631829334589e-11,2.6266339957797637e-11,3.6399483117998677e-13,7.879901987339298e-13
pwl,4,P2_dev_run1,winter,15,2.9327315328360684e-11,0.0,2.9327315328360684e-11,,False,0.02969919351985686,0.0014590278183243305,10,0,25,0.4,2.1508252150464197e-09,shoulder,11,0,0.04473716447296553,True,4.066802616646564e-12,1.3215819116212873e-11,9.149016499566308e-12,4.4885547245179986e-11,1.91932366370313e-11,6.471673593520094e-13,5.757970991109395e-13
pwl,4,P2_dev_run1,winter,16,4.896007013015917e-11,0.0,4.896007013015917e-11,,False,0.02969919351985686,0.0014590278183243305,10,0,25,0.4,2.1508252150464197e-09,shoulder,11,0,0.04473716447296553,True,7.259377109848534e-11,0.0,-7.259377109848534e-11,8.921314537787007e-11,3.001537380247186e-11,4.4901949637385835e-13,9.004612140741567e-13
pwl,4,P2_dev_run1,winter,17,8.585766647519408e-11,0.0,8.585766647519408e-11,,False,0.02969919351985686,0.0014590278183243305,10,0,25,0.4,2.1508252150464197e-09,shoulder,11,0,0.04473716447296553,True,1.2005400148516696e-10,0.0,-1.2005400148516696e-10,1.3691837122563295e-10,4.172666874463679e-11,8.262521248565615e-13,1.251800062339105e-12
pwl,4,P2_dev_run1,winter,18,3.212182673571576e-11,0.0,3.212182673571576e-11,,False,0.02969919351985686,0.0014590278183243305,10,0,25,0.4,2.1508252150464197e-09,shoulder,11,0,0.04473716447296553,True,3.089972884089989e-11,0.0,-3.089972884089989e-11,6.395126413631616e-11,2.427026625212715e-11,4.1014855213852315e-13,7.281079875638152e-13
pwl,4,P2_dev_run1,winter,19,2.97749581946422e-11,0.0,2.97749581946422e-11,,False,0.02969919351985686,0.0014590278183243305,10,0,25,0.4,2.1508252150464197e-09,shoulder,11,0,0.04473716447296553,True,1.5202932921465324e-11,1.5554773451013863e-11,3.518405295485395e-13,7.263043848972358e-11,2.6652840450897138e-11,8.827558914696725e-13,7.995852135269148e-13
pwl,4,P2_dev_run1,winter,20,1.5844846995752837e-10,0.0,1.5844846995752837e-10,,False,0.02969919351985686,0.0014590278183243305,10,0,25,0.4,2.1508252150464197e-09,shoulder,11,0,0.04473716447296553,True,1.455178295208315e-10,1.044021661678655e-11,-1.3507761290404495e-10,3.2391690655131615e-10,9.029351164512026e-11,2.1940058359060366e-12,2.7088053493536102e-12
pwl,4,P2_dev_run1,winter,21,4.6394657621803405e-07,0.0,4.6394657621803405e-07,,False,0.02969919351985686,0.0014590278183243305,10,0,25,0.4,2.1508252150464197e-09,shoulder,11,0,0.04473716447296553,True,5.947038640816862e-07,4.844312557914253e-11,-5.94655420956107e-07,7.410247288572848e-07,1.4626461673212242e-07,4.787209575208095e-09,4.387938501963677e-09
pwl,4,P2_dev_run1,winter,22,4.6739117062499635e-07,0.0,4.6739117062499635e-07,,False,0.02969919351985686,0.0014590278183243305,10,0,25,0.4,2.1508252150464197e-09,shoulder,11,0,0.04473716447296553,True,5.973149412150509e-07,6.364348548258534e-11,-5.972512977295683e-07,7.471017222385593e-07,1.4973943197755209e-07,4.834323785615277e-09,4.492182959326567e-09
pwl,4,P2_dev_run1,winter,23,0.05813070297819743,0.1,0.04186929702180257,0.4186929702180257,False,0.02969919351985686,0.0014590278183243305,10,0,25,0.4,2.1508252150464197e-09,shoulder,11,0,0.04473716447296553,True,0.1916312460962435,1.628009419781104e-13,-0.19163124609608068,0.19928984299990812,0.007658596903778223,0.0002586862569745612,0.0002297579071133469
pwl,4,P2_dev_run1,shoulder,0,0.05231752694954896,0.1,0.04768247305045104,0.4768247305045104,False,0.02969919351985686,0.0014590278183243305,10,0,25,0.4,2.1508252150464197e-09,shoulder,11,0,0.04473716447296553,True,1.928244657004016e-14,0.17246777296621763,0.17246777296619833,0.17936049624887473,0.00689272328266353,0.00023281716073090034,0.00020678169847990606
pwl,4,P2_dev_run1,shoulder,1,2.567580947378908e-11,0.0,2.567580947378908e-11,,False,0.02969919351985686,0.0014590278183243305,10,0,25,0.4,2.1508252150464197e-09,shoulder,11,0,0.04473716447296553,True,0.0,4.152428841702856e-11,4.152428841702856e-11,3.790034805584983e-11,1.0397987195856365e-11,2.1890862292883402e-13,3.119396158756912e-13
pwl,4,P2_dev_run1,shoulder,2,3.954590532069457e-07,0.0,3.954590532069457e-07,,False,0.02969919351985686,0.0014590278183243305,10,0,25,0.4,2.1508252150464197e-09,shoulder,11,0,0.04473716447296553,True,5.938851366508612e-07,0.0,-5.938851366508612e-07,7.044001114226804e-07,1.1055222607473546e-07,3.5885545539786244e-09,3.316566782242067e-09
pwl,4,P2_dev_run1,shoulder,3,0.045840743291141905,0.05,0.004159256708858097,0.08318513417716195,False,0.02969919351985686,0.0014590278183243305,10,0,25,0.4,2.1508252150464197e-09,shoulder,11,0,0.04473716447296553,True,0.08576199859640903,1.8589407475881684e-14,-0.08576199859639043,0.09677624815534873,0.011014249558952494,0.0003444752531970784,0.0003304274867685751
pwl,4,P2_dev_run1,shoulder,4,0.04999999999960629,0.0,0.04999999999960629,,False,0.02969919351985686,0.0014590278183243305,10,0,25,0.4,2.1508252150464197e-09,shoulder,11,0,0.04473716447296553,True,0.2975028907050155,1.814659322619368e-14,-0.29750289070499736,0.3015409721816221,0.004038081476620488,0.00012517145085883154,0.00012114244429861473
pwl,4,P2_dev_run1,shoulder,5,6.038599729172113e-06,0.0,6.038599729172113e-06,,False,0.02969919351985686,0.0014590278183243305,10,0,25,0.4,2.1508252150464197e-09,shoulder,11,0,0.04473716447296553,True,1.1297423528371325e-05,1.2687521905854693e-14,-1.1297423515683803e-05,1.2748330649014278e-05,1.450907144728292e-06,4.5377721674310507e-08,4.35272143418488e-08
pwl,4,P2_dev_run1,shoulder,6,6.038776383746607e-06,0.0,6.038776383746607e-06,,False,0.02969919351985686,0.0014590278183243305,10,0,25,0.4,2.1508252150464197e-09,shoulder,11,0,0.04473716447296553,True,1.129775172557819e-05,1.1071321723484518e-14,-1.1297751714506868e-05,1.2748701583002488e-05,1.450949881487867e-06,4.537905730695097e-08,4.3528496444636046e-08
pwl,4,P2_dev_run1,shoulder,7,9.138262871139345e-06,0.0,9.138262871139345e-06,,False,0.02969919351985686,0.0014590278183243305,10,0,25,0.4,2.1508252150464197e-09,shoulder,11,0,0.04473716447296553,True,1.1296353163227137e-05,0.0,-1.1296353163227137e-05,1.4456457052062892e-05,3.1601353516614477e-06,9.70037716432413e-08,9.480406054984351e-08
pwl,4,P2_dev_run1,shoulder,8,7.359775768126244e-10,0.0,7.359775768126244e-10,,False,0.02969919351985686,0.0014590278183243305,10,0,25,0.4,2.1508252150464197e-09,shoulder,11,0,0.04473716447296553,True,2.6945918205958593e-10,8.494658661728347e-10,5.800066841132488e-10,6.620013550385128e-10,0.0,1.0711428253112905e-11,0.0
pwl,4,P2_dev_run1,shoulder,9,2.887859561023078e-10,0.0,2.887859561023078e-10,,False,0.02969919351985686,0.0014590278183243305,10,0,25,0.4,2.1508252150464197e-09,shoulder,11,0,0.04473716447296553,True,5.391156341294853e-10,0.0,-5.391156341294853e-10,3.948902114050861e-10,0.0,2.174247342581461e-12,0.0
pwl,4,P2_dev_run1,shoulder,10,0.05228895165717927,0.1,0.047711048342820736,0.47711048342820733,False,0.02969919351985686,0.0014590278183243305,10,0,25,0.4,2.1508252150464197e-09,shoulder,11,0,0.04473716447296553,True,1.7487152317342455e-14,0.17237357282367524,0.17237357282365776,0.1792625313726724,0.00688895854900304,0.00023268999844056358,0.00020666875647009137
pwl,4,P2_dev_run1,shoulder,11,8.382606984296092e-09,0.0,8.382606984296092e-09,,False,0.02969919351985686,0.0014590278183243305,10,0,25,0.4,2.1508252150464197e-09,shoulder,11,0,0.04473716447296553,True,2.1508252150464197e-09,3.6153494549771567e-09,1.464524239930737e-09,7.835418602876117e-09,1.0350870400618382e-09,2.1135163635982035e-10,3.105261120185517e-11
pwl,4,P2_dev_run1,shoulder,12,1.2122334243854195e-10,0.0,1.2122334243854195e-10,,False,0.02969919351985686,0.0014590278183243305,10,0,25,0.4,2.1508252150464197e-09,shoulder,11,0,0.04473716447296553,True,1.2239715142917474e-09,1.0049446668822535e-09,-2.1902684740949391e-10,2.40505960924875e-10,0.0,9.392593427023905e-13,0.0
pwl,4,P2_dev_run1,shoulder,13,2.193869785008817e-10,0.0,2.193869785008817e-10,,False,0.02969919351985686,0.0014590278183243305,10,0,25,0.4,2.1508252150464197e-09,shoulder,11,0,0.04473716447296553,True,0.0,2.87424364624993e-10,2.87424364624993e-10,2.6659877718265223e-10,5.393283781488444e-11,2.2248065949139945e-12,1.6179851344465347e-12
pwl,4,P2_dev_run1,shoulder,14,2.4625446940477117e-12,0.0,2.4625446940477117e-12,,False,0.02969919351985686,0.0014590278183243305,10,0,25,0.4,2.1508252150464197e-09,shoulder,11,0,0.04473716447296553,True,2.0261393762799357e-12,0.0,-2.0261393762799357e-12,3.809506458158257e-12,1.325620134289511e-12,3.4884154267652726e-14,3.9768604028685364e-14
pwl,4,P2_dev_run1,shoulder,15,2.42814184271269e-10,0.0,2.42814184271269e-10,,False,0.02969919351985686,0.0014590278183243305,10,0,25,0.4,2.1508252150464197e-09,shoulder,11,0,0.04473716447296553,True,4.543564157769521e-10,0.0,-4.543564157769521e-10,3.6061454425247067e-10,2.5175036731219674e-12,1.8243595349151687e-12,7.55251101936591e-14
pwl,4,P2_dev_run1,shoulder,16,8.769624094774823e-10,0.0,8.769624094774823e-10,,False,0.02969919351985686,0.0014590278183243305,10,0,25,0.4,2.1508252150464197e-09,shoulder,11,0,0.04473716447296553,True,1.2224059593246622e-09,4.433256744453341e-10,-7.790802848793281e-10,8.511326095980879e-10,0.0,1.181887222218251e-11,0.0
pwl,4,P2_dev_run1,shoulder,17,1.1806913924537177e-09,0.0,1.1806913924537177e-09,,False,0.02969919351985686,0.0014590278183243305,10,0,25,0.4,2.1508252150464197e-09,shoulder,11,0,0.04473716447296553,True,6.310451916672909e-10,0.0,-6.310451916672909e-10,1.0122461426239896e-09,2.45738387657448e-10,2.1231128963039525e-11,7.372151629723447e-12
pwl,4,P2_dev_run1,shoulder,18,7.862283209445876e-10,0.0,7.862283209445876e-10,,False,0.02969919351985686,0.0014590278183243305,10,0,25,0.4,2.1508252150464197e-09,shoulder,11,0,0.04473716447296553,True,1.0633604281566543e-09,2.6349544516229526e-10,-7.99864982994359e-10,7.986155997134799e-10,0.0,9.651413962724037e-12,0.0
pwl,4,P2_dev_run1,shoulder,19,1.4582863806014428e-09,0.0,1.4582863806014428e-09,,False,0.02969919351985686,0.0014590278183243305,10,0,25,0.4,2.1508252150464197e-09,shoulder,11,0,0.04473716447296553,True,1.6093261440163534e-09,8.378794737267251e-10,-7.714466702896283e-10,1.3008902026127458e-09,0.0,2.634959151289078e-11,0.0
pwl,4,P2_dev_run1,shoulder,20,4.943335253979068e-10,0.0,4.943335253979068e-10,,False,0.02969919351985686,0.0014590278183243305,10,0,25,0.4,2.1508252150464197e-09,shoulder,11,0,0.04473716447296553,True,1.5074750805023696e-09,9.571823647568934e-10,-5.502927157454762e-10,5.787597194695987e-10,0.0,5.682859670222922e-12,0.0
pwl,4,P2_dev_run1,shoulder,21,1.846252888450653e-11,0.0,1.846252888450653e-11,,False,0.02969919351985686,0.0014590278183243305,10,0,25,0.4,2.1508252150464197e-09,shoulder,11,0,0.04473716447296553,True,6.863362777897969e-11,0.0,-6.863362777897969e-11,5.880043051025158e-11,1.4581095728183186e-11,7.319562479668628e-14,4.3743287184549597e-13
pwl,4,P2_dev_run1,shoulder,22,5.5776610159242157e-11,0.0,5.5776610159242157e-11,,False,0.02969919351985686,0.0014590278183243305,10,0,25,0.4,2.1508252150464197e-09,shoulder,11,0,0.04473716447296553,True,0.0,1.4935834195911195e-10,1.4935834195911195e-10,1.347789883948914e-10,3.605755919850454e-11,3.022456745583841e-13,1.0817267759551372e-12
pwl,4,P2_dev_run1,shoulder,23,4.199809681694077e-10,0.0,4.199809681694077e-10,,False,0.02969919351985686,0.0014590278183243305,10,0,25,0.4,2.1508252150464197e-09,shoulder,11,0,0.04473716447296553,True,8.994172506257544e-10,1.4177049645875002e-09,5.182877139617458e-10,5.171206561813689e-10,0.0,4.464003371733925e-12,0.0
pwl,4,P3_dev_run0,summer,0,0.09241412802502154,0.15,0.057585871974978456,0.38390581316652306,False,0.10242791164439083,0.005031960627554209,17,0,24,0.7083333333333334,8.708060890230852e-09,shoulder,19,0,0.18112766651680173,True,1.5815701250464928e-14,0.17289467292036853,0.1728946729203527,0.195099205303448,0.022204532383084945,0.0006944560202482562,0.0006661359714925489
pwl,4,P3_dev_run0,summer,1,1.3703679300168406e-10,0.0,1.3703679300168406e-10,,False,0.10242791164439083,0.005031960627554209,17,0,24,0.7083333333333334,8.708060890230852e-09,shoulder,19,0,0.18112766651680173,True,0.0,3.108234798458634e-10,3.108234798458634e-10,2.7141486529649597e-10,7.257090881757882e-11,8.660407409578708e-13,2.177127264527367e-12
pwl,4,P3_dev_run0,summer,2,5.900210958331506e-07,0.0,5.900210958331506e-07,,False,0.10242791164439083,0.005031960627554209,17,0,24,0.7083333333333334,8.708060890230852e-09,shoulder,19,0,0.18112766651680173,True,5.927547090349604e-07,0.0,-5.927547090349604e-07,8.257243929281764e-07,2.3300472427636172e-07,7.3078895075167486e-09,6.990141728290858e-09
pwl,4,P3_dev_run0,summer,3,6.612588007937503e-07,0.0,6.612588007937503e-07,,False,0.10242791164439083,0.005031960627554209,17,0,24,0.7083333333333334,8.708060890230852e-09,shoulder,19,0,0.18112766651680173,True,6.039122467113093e-07,2.165327920814919e-10,-6.036957139192277e-07,8.920898938012873e-07,2.879667489982627e-07,8.75063533406448e-09,8.63900246994789e-09
pwl,4,P3_dev_run0,summer,4,0.050000000003467625,0.0,0.050000000003467625,,False,0.10242791164439083,0.005031960627554209,17,0,24,0.7083333333333334,8.708060890230852e-09,shoulder,19,0,0.18112766651680173,True,0.09354342059672456,1.5784983673301267e-14,-0.09354342059670878,0.10555702331001124,0.012013602713297595,0.0003757304403103531,0.0003604080813989282
pwl,4,P3_dev_run0,summer,5,0.15536654053568966,0.2,0.044633459464310354,0.22316729732155177,False,0.10242791164439083,0.005031960627554209,17,0,24,0.7083333333333334,8.708060890230852e-09,shoulder,19,0,0.18112766651680173,True,0.29067035293825,1.5782514811946745e-14,-0.29067035293823423,0.3280005907943878,0.037330237856148744,0.0011675187736231234,0.0011199071356844633
pwl,4,P3_dev_run0,summer,6,9.296543626036257e-06,0.0,9.296543626036257e-06,,False,0.10242791164439083,0.005031960627554209,17,0,24,0.7083333333333334,8.708060890230852e-09,shoulder,19,0,0.18112766651680173,True,1.1327870530206111e-05,1.5180926059775732e-14,-1.1327870515025185e-05,1.4583663124906824e-05,3.255792606196333e-06,9.979069949161708e-08,9.767377818589007e-08
pwl,4,P3_dev_run0,summer,7,1.007826709496831e-05,0.0,1.007826709496831e-05,,False,0.10242791164439083,0.005031960627554209,17,0,24,0.7083333333333334,8.708060890230852e-09,shoulder,19,0,0.18112766651680173,True,1.1317508206152837e-05,0.0,-1.1317508206152837e-05,1.5046744279316238e-05,3.7294725008426104e-06,1.1510835757834851e-07,1.1188417502527841e-07
pwl,4,P3_dev_run0,summer,8,1.380305052877264e-05,0.0,1.380305052877264e-05,,False,0.10242791164439083,0.005031960627554209,17,0,24,0.7083333333333334,8.708060890230852e-09,shoulder,19,0,0.18112766651680173,True,1.132787050267058e-05,1.3514719192649855e-14,-1.132787048915586e-05,1.7770244749600497e-05,6.442374255777422e-06,1.9585070460226436e-07,1.9327122767332284e-07
pwl,4,P3_dev_run0,summer,9,4.707595308787827e-09,0.0,4.707595308787827e-09,,False,0.10242791164439083,0.005031960627554209,17,0,24,0.7083333333333334,8.708060890230852e-09,shoulder,19,0,0.18112766651680173,True,3.4529491892412037e-09,4.297001985535004e-09,8.440527962938006e-10,3.927302670237275e-09,0.0,1.1815834795821227e-10,0.0
pwl,4,P3_dev_run0,summer,10,3.9228698384894065e-10,0.0,3.9228698384894065e-10,,False,0.10242791164439083,0.005031960627554209,17,0,24,0.7083333333333334,8.708060890230852e-09,shoulder,19,0,0.18112766651680173,True,0.0,1.034292452720237e-09,1.034292452720237e-09,1.0494466503682764e-09,2.769699819288151e-10,2.156840167519311e-12,8.30909945786446e-12
pwl,4,P3_dev_run0,summer,11,1.602188179836855e-09,0.0,1.602188179836855e-09,,False,0.10242791164439083,0.005031960627554209,17,0,24,0.7083333333333334,8.708060890230852e-09,shoulder,19,0,0.18112766651680173,True,2.4415374707425045e-09,0.0,-2.4415374707425045e-09,2.785618700324594e-09,6.834140686000114e-10,1.4362670905300591e-11,2.0502422058000363e-11
pwl,4,P3_dev_run0,summer,12,1.1285982779903219e-09,0.0,1.1285982779903219e-09,,False,0.10242791164439083,0.005031960627554209,17,0,24,0.7083333333333334,8.708060890230852e-09,shoulder,19,0,0.18112766651680173,True,2.061035529280524e-09,0.0,-2.061035529280524e-09,2.2574912511653004e-09,5.52864268303309e-10,8.663198948131933e-12,1.6585928049099285e-11
pwl,4,P3_dev_run0,summer,13,4.84927050773624e-10,0.0,4.84927050773624e-10,,False,0.10242791164439083,0.005031960627554209,17,0,24,0.7083333333333334,8.708060890230852e-09,shoulder,19,0,0.18112766651680173,True,0.0,1.3836695023227774e-09,1.3836695023227774e-09,1.5049651910573084e-09,3.9553606111004716e-10,2.4754350773736063e-12,1.1866081833301426e-11
pwl,4,P3_dev_run0,summer,14,3.875185152828306e-09,0.0,3.875185152828306e-09,,False,0.10242791164439083,0.005031960627554209,17,0,24,0.7083333333333334,8.708060890230852e-09,shoulder,19,0,0.18112766651680173,True,5.762236256200532e-09,1.6281298938754774e-09,-4.134106362325054e-09,4.776850289043231e-09,0.0,4.5968296697554834e-11,0.0
pwl,4,P3_dev_run0,summer,15,0.04999999999985772,0.0,0.04999999999985772,,False,0.10242791164439083,0.005031960627554209,17,0,24,0.7083333333333334,8.708060890230852e-09,shoulder,19,0,0.18112766651680173,True,1.4037854831617236e-14,0.04103393954139028,0.04103393954137624,0.06437071596776713,0.023336776426382017,0.0007094471638343035,0.0007001032927914611
pwl,4,P3_dev_run0,summer,16,0.13843847179002772,0.2,0.061561528209972294,0.30780764104986147,False,0.10242791164439083,0.005031960627554209,17,0,24,0.7083333333333334,8.708060890230852e-09,shoulder,19,0,0.18112766651680173,True,1.4083789604156891e-14,0.16868776595111568,0.1686877659511016,0.21717104538708493,0.048483279435974275,0.0014860223177093589,0.0014544983830792296
pwl,4,P3_dev_run0,summer,17,1.0519843999542294e-08,0.0,1.0519843999542294e-08,,False,0.10242791164439083,0.005031960627554209,17,0,24,0.7083333333333334,8.708060890230852e-09,shoulder,19,0,0.18112766651680173,True,7.455307104614938e-09,2.9189013642511014e-09,-4.536405740363837e-09,1.1341349004522076e-08,4.839991699339809e-10,2.0759589178654304e-10,1.451997509801944e-11
pwl,4,P3_dev_run0,summer,18,5.676198849738279e-09,0.0,5.676198849738279e-09,,False,0.10242791164439083,0.005031960627554209,17,0,24,0.7083333333333334,8.708060890230852e-09,shoulder,19,0,0.18112766651680173,True,4.7585956651857555e-09,0.0,-4.7585956651857555e-09,7.1765245377506936e-09,1.7825490211578688e-09,7.945175962389756e-11,5.347647063473611e-11
pwl,4,P3_dev_run0,summer,19,3.4168579627480434e-09,0.0,3.4168579627480434e-09,,False,0.10242791164439083,0.005031960627554209,17,0,24,0.7083333333333334,8.708060890230852e-09,shoulder,19,0,0.18112766651680173,True,3.6023195404621566e-09,0.0,-3.6023195404621566e-09,4.962454473575397e-09,1.2269464109797097e-09,4.0881620455538235e-11,3.680839232939132e-11
pwl,4,P3_dev_run0,summer,20,1.7751509058448103e-09,0.0,1.7751509058448103e-09,,False,0.10242791164439083,0.005031960627554209,17,0,24,0.7083333333333334,8.708060890230852e-09,shoulder,19,0,0.18112766651680173,True,2.8899117328092944e-09,0.0,-2.8899117328092944e-09,3.577698267897992e-09,8.808249596684314e-10,1.5049763482231687e-11,2.6424748790052965e-11
pwl,4,P3_dev_run0,summer,21,2.0036133141149782e-09,0.0,2.0036133141149782e-09,,False,0.10242791164439083,0.005031960627554209,17,0,24,0.7083333333333334,8.708060890230852e-09,shoulder,19,0,0.18112766651680173,True,0.0,3.3879426755964384e-09,3.3879426755964384e-09,4.262339487271354e-09,1.112067362934297e-09,1.644372385239492e-11,3.336202088802894e-11
pwl,4,P3_dev_run0,summer,22,3.895846351004315e-09,0.0,3.895846351004315e-09,,False,0.10242791164439083,0.005031960627554209,17,0,24,0.7083333333333334,8.708060890230852e-09,shoulder,19,0,0.18112766651680173,True,1.281818550309522e-10,3.442919670825559e-09,3.3147378157946066e-09,4.109323170575573e-09,2.693141600567188e-10,5.4013380318831296e-11,8.07942480170157e-12
pwl,4,P3_dev_run0,summer,23,0.04999999999895364,0.0,0.04999999999895364,,False,0.10242791164439083,0.005031960627554209,17,0,24,0.7083333333333334,8.708060890230852e-09,shoulder,19,0,0.18112766651680173,True,0.04103393954079717,1.2552315058436431e-14,-0.04103393954078462,0.06437071596670632,0.023336776425917492,0.0007094471638198268,0.0007001032927775254
pwl,4,P3_dev_run0,winter,0,0.14189099196785368,0.15,0.008109008032146314,0.054060053547642095,False,0.10242791164439083,0.005031960627554209,17,0,24,0.7083333333333334,8.708060890230852e-09,shoulder,19,0,0.18112766651680173,True,2.999696961190181e-14,0.17289467396327574,0.17289467396324573,0.2225870790004084,0.049692405037143214,0.001523082261864289,0.0014907721511142977
pwl,4,P3_dev_run0,winter,1,1.004546666721681e-11,0.0,1.004546666721681e-11,,False,0.10242791164439083,0.005031960627554209,17,0,24,0.7083333333333334,8.708060890230852e-09,shoulder,19,0,0.18112766651680173,True,1.686354048259628e-11,0.0,-1.686354048259628e-11,2.027304095115391e-11,6.0422450606607114e-12,8.295825070344255e-14,1.812673518198215e-13
pwl,4,P3_dev_run0,winter,2,6.000608762659156e-07,0.0,6.000608762659156e-07,,False,0.10242791164439083,0.005031960627554209,17,0,24,0.7083333333333334,8.708060890230852e-09,shoulder,19,0,0.18112766651680173,True,5.968021494460094e-07,0.0,-5.968021494460094e-07,8.357990620536021e-07,2.390470683131527e-07,7.48532847367082e-09,7.171412049394587e-09
pwl,4,P3_dev_run0,winter,3,5.999884102542369e-07,0.0,5.999884102542369e-07,,False,0.10242791164439083,0.005031960627554209,17,0,24,0.7083333333333334,8.708060890230852e-09,shoulder,19,0,0.18112766651680173,True,5.967454897877448e-07,0.0,-5.967454897877448e-07,8.357008551119101e-07,2.3900682926262675e-07,7.48428819364841e-09,7.170204877878809e-09
pwl,4,P3_dev_run0,winter,4,0.2053648272692164,0.2,0.005364827269216388,0.02682413634608194,False,0.10242791164439083,0.005031960627554209,17,0,24,0.7083333333333334,8.708060890230852e-09,shoulder,19,0,0.18112766651680173,True,0.3842105682304717,2.8351486045510797e-14,-0.38421056823044336,0.4335539971491869,0.04934342891873469,0.001543236339386774,0.001480302867562042
pwl,4,P3_dev_run0,winter,5,1.3397776949287385e-05,0.0,1.3397776949287385e-05,,False,0.10242791164439083,0.005031960627554209,17,0,24,0.7083333333333334,8.708060890230852e-09,shoulder,19,0,0.18112766651680173,True,1.1322330909987252e-05,0.0,-1.1322330909987252e-05,1.7447820866906367e-05,6.12558174420061e-06,1.8656770341135548e-07,1.8376745232601846e-07
pwl,4,P3_dev_run0,winter,6,1.3801355668728612e-05,0.0,1.3801355668728612e-05,,False,0.10242791164439083,0.005031960627554209,17,0,24,0.7083333333333334,8.708060890230852e-09,shoulder,19,0,0.18112766651680173,True,1.1326348175009761e-05,9.511990161897508e-14,-1.132634807988986e-05,1.7767982057456638e-05,6.4416339386308155e-06,1.9582809836661186e-07,1.9324901815892463e-07
pwl,4,P3_dev_run0,winter,7,1.3800136205024225e-05,0.0,1.3800136205024225e-05,,False,0.10242791164439083,0.005031960627554209,17,0,24,0.7083333333333334,8.708060890230852e-09,shoulder,19,0,0.18112766651680173,True,1.132538101173316e-05,1.2244182901031825e-13,-1.132538088929133e-05,1.7766433198205913e-05,6.4410521950706954e-06,1.9581042695835268e-07,1.9323156585212102e-07
pwl,4,P3_dev_run0,winter,8,2.1188567620538596e-05,0.0,2.1188567620538596e-05,,False,0.10242791164439083,0.005031960627554209,17,0,24,0.7083333333333334,8.708060890230852e-09,shoulder,19,0,0.18112766651680173,True,1.1325385694495765e-05,2.29552959963051e-13,-1.1325385464942804e-05,2.3909711297154065e-05,1.258432547792092e-05,3.8100037897441726e-07,3.775297643376279e-07
pwl,4,P3_dev_run0,winter,9,3.579076748819604e-09,0.0,3.579076748819604e-09,,False,0.10242791164439083,0.005031960627554209,17,0,24,0.7083333333333334,8.708060890230852e-09,shoulder,19,0,0.18112766651680173,True,3.2208859403326747e-10,6.788673897267946e-10,3.567787956935271e-10,2.0423552402242957e-09,5.226952088074024e-10,9.720110005306476e-11,1.5680856264222084e-11
pwl,4,P3_dev_run0,winter,10,0.4213337710315658,0.3,0.12133377103156578,0.40444590343855263,False,0.10242791164439083,0.005031960627554209,17,0,24,0.7083333333333334,8.708060890230852e-09,shoulder,19,0,0.18112766651680173,True,2.534888260160199e-14,0.34577968974795675,0.3457796897479314,0.5424311300567008,0.19665144030875337,0.005978280977714631,0.0058995432092626065
pwl,4,P3_dev_run0,winter,11,4.064273901440023e-09,0.0,4.064273901440023e-09,,False,0.10242791164439083,0.005031960627554209,17,0,24,0.7083333333333334,8.708060890230852e-09,shoulder,19,0,0.18112766651680173,True,2.1288522303870992e-10,9.3940127801395e-10,7.265160549752402e-10,2.359042859301881e-09,6.060788954319524e-10,1.020654610714285e-10,1.8182366862958586e-11
pwl,4,P3_dev_run0,winter,12,3.736887059219209e-11,0.0,3.736887059219209e-11,,False,0.10242791164439083,0.005031960627554209,17,0,24,0.7083333333333334,8.708060890230852e-09,shoulder,19,0,0.18112766651680173,True,7.836629811479971e-12,9.719506701203397e-12,1.8828768897234255e-12,3.344448757381702e-11,9.04902530946956e-12,1.066001975316653e-12,2.7147075928408706e-13
pwl,4,P3_dev_run0,winter,13,8.906378625858198e-06,0.0,8.906378625858198e-06,,False,0.10242791164439083,0.005031960627554209,17,0,24,0.7083333333333334,8.708060890230852e-09,shoulder,19,0,0.18112766651680173,True,4.754984926147951e-06,8.789369927891494e-12,-4.7549761367780235e-06,1.0047666274832287e-05,5.292675390535455e-06,1.6023689989920683e-07,1.587802617160638e-07
pwl,4,P3_dev_run0,winter,14,1.6722560429994148e-10,0.0,1.6722560429994148e-10,,False,0.10242791164439083,0.005031960627554209,17,0,24,0.7083333333333334,8.708060890230852e-09,shoulder,19,0,0.18112766651680173,True,1.7868474471287385e-11,3.204506633920334e-11,1.4176591867915955e-11,9.129606942218357e-11,2.1762070262465798e-11,4.609465459986002e-12,6.528621078739746e-13
pwl,4,P3_dev_run0,winter,15,7.547243587199273e-10,0.0,7.547243587199273e-10,,False,0.10242791164439083,0.005031960627554209,17,0,24,0.7083333333333334,8.708060890230852e-09,shoulder,19,0,0.18112766651680173,True,4.297506192364164e-10,0.0,-4.297506192364164e-10,5.039585624706876e-10,1.2230572640273208e-10,1.3162519460518597e-11,3.669171792081966e-12
pwl,4,P3_dev_run0,winter,16,2.7653385080061606e-09,0.0,2.7653385080061606e-09,,False,0.10242791164439083,0.005031960627554209,17,0,24,0.7083333333333334,8.708060890230852e-09,shoulder,19,0,0.18112766651680173,True,3.8222957057900004e-10,4.048900341955811e-10,2.2660463616581067e-11,1.6014612648316538e-09,4.1651663380266586e-10,8.228312663983272e-11,1.2495499014079987e-11
pwl,4,P3_dev_run0,winter,17,5.5287835889581644e-09,0.0,5.5287835889581644e-09,,False,0.10242791164439083,0.005031960627554209,17,0,24,0.7083333333333334,8.708060890230852e-09,shoulder,19,0,0.18112766651680173,True,0.0,0.0,0.0,3.9201176192564065e-09,5.077774578165224e-08,1.6586350766874507e-10,1.5233323734495685e-09
pwl,4,P3_dev_run0,winter,18,4.473705637139739e-09,0.0,4.473705637139739e-09,,False,0.10242791164439083,0.005031960627554209,17,0,24,0.7083333333333334,8.708060890230852e-09,shoulder,19,0,0.18112766651680173,True,1.0529867556032436e-09,3.689675501743616e-10,-6.840192054288819e-10,2.890709670366687e-09,7.552854964883138e-10,1.1525030422410875e-10,2.2658564894649435e-11
pwl,4,P3_dev_run0,winter,19,9.068183024908782e-09,0.0,9.068183024908782e-09,,False,0.10242791164439083,0.005031960627554209,17,0,24,0.7083333333333334,8.708060890230852e-09,shoulder,19,0,0.18112766651680173,True,4.298811081313454e-09,0.0,-4.298811081313454e-09,7.810521211081978e-09,1.9474587494925762e-09,1.7210135487394752e-10,5.842376248477734e-11
pwl,4,P3_dev_run0,winter,20,2.019701525854995e-08,0.0,2.019701525854995e-08,,False,0.10242791164439083,0.005031960627554209,17,0,24,0.7083333333333334,8.708060890230852e-09,shoulder,19,0,0.18112766651680173,True,7.87939272602276e-09,0.0,-7.87939272602276e-09,1.515486764274485e-08,3.785195401705639e-09,4.14005663959547e-10,1.1355586205116927e-10
pwl,4,P3_dev_run0,winter,21,8.960831908192104e-07,0.0,8.960831908192104e-07,,False,0.10242791164439083,0.005031960627554209,17,0,24,0.7083333333333334,8.708060890230852e-09,shoulder,19,0,0.18112766651680173,True,5.965298747122501e-07,5.713511756153413e-12,-5.96524161200494e-07,1.062981694421331e-06,4.6647014281565155e-07,1.4398632934162658e-08,1.399410428446956e-08
pwl,4,P3_dev_run0,winter,22,8.958253111673495e-07,0.0,8.958253111673495e-07,,False,0.10242791164439083,0.005031960627554209,17,0,24,0.7083333333333334,8.708060890230852e-09,shoulder,19,0,0.18112766651680173,True,5.96532686026157e-07,1.2842535987995513e-12,-5.965314017725582e-07,1.0627572294525563e-06,4.6624651535527293e-07,1.4392096463988267e-08,1.39873954606582e-08
pwl,4,P3_dev_run0,winter,23,0.15765697641564358,0.15,0.007656976415643585,0.0510465094376239,False,0.10242791164439083,0.005031960627554209,17,0,24,0.7083333333333334,8.708060890230852e-09,shoulder,19,0,0.18112766651680173,True,0.19210558159726243,2.429757923156908e-14,-0.19210558159723815,0.24731947657626668,0.055213894979020774,0.0016923170449915726,0.0016564168493706246
pwl,4,P3_dev_run0,shoulder,0,0.09241412770517937,0.1,0.007585872294820634,0.07585872294820634,False,0.10242791164439083,0.005031960627554209,17,0,24,0.7083333333333334,8.708060890230852e-09,shoulder,19,0,0.18112766651680173,True,2.545663668004987e-13,0.17289467232401495,0.17289467232376038,0.19509920463025782,0.02220453230633077,0.0006944560178384255,0.0006661359691899236
pwl,4,P3_dev_run0,shoulder,1,3.8505869973940106e-11,0.0,3.8505869973940106e-11,,False,0.10242791164439083,0.005031960627554209,17,0,24,0.7083333333333334,8.708060890230852e-09,shoulder,19,0,0.18112766651680173,True,0.0,2.3572110465063464e-11,2.3572110465063464e-11,4.932388267837575e-11,2.218280029899136e-11,6.472781845279768e-13,6.654840089697414e-13
pwl,4,P3_dev_run0,shoulder,2,4.822757099050805e-07,0.0,4.822757099050805e-07,,False,0.10242791164439083,0.005031960627554209,17,0,24,0.7083333333333334,8.708060890230852e-09,shoulder,19,0,0.18112766651680173,True,5.928488488789526e-07,0.0,-5.928488488789526e-07,7.46173806856944e-07,1.5358899712129184e-07,5.141672518635002e-09,4.6076699136387595e-09
pwl,4,P3_dev_run0,shoulder,3,4.821015074159065e-07,0.0,4.821015074159065e-07,,False,0.10242791164439083,0.005031960627554209,17,0,24,0.7083333333333334,8.708060890230852e-09,shoulder,19,0,0.18112766651680173,True,5.928396343505125e-07,0.0,-5.928396343505125e-07,7.460668885605685e-07,1.5348223857994664e-07,5.138436903411069e-09,4.604467157398403e-09
pwl,4,P3_dev_run0,shoulder,4,0.1165490033816381,0.2,0.08345099661836192,0.4172549830918096,False,0.10242791164439083,0.005031960627554209,17,0,24,0.7083333333333334,8.708060890230852e-09,shoulder,19,0,0.18112766651680173,True,0.3842105690617254,2.518188805102854e-13,-0.3842105690614736,0.39956565358365265,0.015355084522101986,0.0005186523515713203,0.00046065253566306
pwl,4,P3_dev_run0,shoulder,5,9.296947551629276e-06,0.0,9.296947551629276e-06,,False,0.10242791164439083,0.005031960627554209,17,0,24,0.7083333333333334,8.708060890230852e-09,shoulder,19,0,0.18112766651680173,True,1.1325399803178806e-05,8.059929310485584e-13,-1.1325398997185876e-05,1.458207377216992e-05,3.2566736030805314e-06,9.981522080396513e-08,9.770020809241603e-08
pwl,4,P3_dev_run0,shoulder,6,9.295715970091313e-06,0.0,9.295715970091313e-06,,False,0.10242791164439083,0.005031960627554209,17,0,24,0.7083333333333334,8.708060890230852e-09,shoulder,19,0,0.18112766651680173,True,1.1326855237535377e-05,2.2533656849935078e-13,-1.132685501219881e-05,1.4582360226482222e-05,3.2555051679000214e-06,9.978186296623406e-08,9.766515503700073e-08
pwl,4,P3_dev_run0,shoulder,7,9.760502675150394e-06,0.0,9.760502675150394e-06,,False,0.10242791164439083,0.005031960627554209,17,0,24,0.7083333333333334,8.708060890230852e-09,shoulder,19,0,0.18112766651680173,True,1.1320698307729927e-05,0.0,-1.1320698307729927e-05,1.4857692716745714e-05,3.5371348159933077e-06,1.0880190966540641e-07,1.0611404447979932e-07
pwl,4,P3_dev_run0,shoulder,8,9.583146076499171e-09,0.0,9.583146076499171e-09,,False,0.10242791164439083,0.005031960627554209,17,0,24,0.7083333333333334,8.708060890230852e-09,shoulder,19,0,0.18112766651680173,True,4.482833572079846e-09,4.1306032437818525e-09,-3.5223032829799374e-10,7.937484463908296e-09,0.0,2.7712160127885107e-10,0.0
pwl,4,P3_dev_run0,shoulder,9,1.8711727787897377e-10,0.0,1.8711727787897377e-10,,False,0.10242791164439083,0.005031960627554209,17,0,24,0.7083333333333334,8.708060890230852e-09,shoulder,19,0,0.18112766651680173,True,6.070386068431489e-09,5.998098213079329e-09,-7.228785535216018e-11,6.329143222541697e-10,0.0,3.849218503589289e-12,0.0
pwl,4,P3_dev_run0,shoulder,10,0.09236365674329625,0.15,0.05763634325670375,0.384242288378025,False,0.10242791164439083,0.005031960627554209,17,0,24,0.7083333333333334,8.708060890230852e-09,shoulder,19,0,0.18112766651680173,True,2.3064649270370364e-13,0.17280024777872052,0.17280024777848987,0.19499265332594237,0.022192405547302077,0.0006940767483639408,0.0006657721664190629
pwl,4,P3_dev_run0,shoulder,11,1.6364698454670062e-08,0.0,1.6364698454670062e-08,,False,0.10242791164439083,0.005031960627554209,17,0,24,0.7083333333333334,8.708060890230852e-09,shoulder,19,0,0.18112766651680173,True,1.2109949250779194e-08,1.1990013101296557e-09,-1.0910947940649539e-08,2.2797924900964805e-08,4.7539430981165345e-09,2.627282763667144e-10,1.4261829294349616e-10
pwl,4,P3_dev_run0,shoulder,12,1.0802540018489857e-10,0.0,1.0802540018489857e-10,,False,0.10242791164439083,0.005031960627554209,17,0,24,0.7083333333333334,8.708060890230852e-09,shoulder,19,0,0.18112766651680173,True,3.356615540180073e-10,0.0,-3.356615540180073e-10,3.0170815249731577e-10,8.325431450672312e-11,5.086385894415031e-13,2.497629435201696e-12
pwl,4,P3_dev_run0,shoulder,13,1.1107856124399771e-10,0.0,1.1107856124399771e-10,,False,0.10242791164439083,0.005031960627554209,17,0,24,0.7083333333333334,8.708060890230852e-09,shoulder,19,0,0.18112766651680173,True,0.0,1.178325971232788e-10,1.178325971232788e-10,1.3456164108897383e-10,3.3564861114519026e-11,1.3230742619753542e-12,1.0069458334355716e-12
pwl,4,P3_dev_run0,shoulder,14,3.2185901788482635e-11,0.0,3.2185901788482635e-11,,False,0.10242791164439083,0.005031960627554209,17,0,24,0.7083333333333334,8.708060890230852e-09,shoulder,19,0,0.18112766651680173,True,8.39638081526218e-12,7.313455811575381e-12,-1.0829250036867986e-12,4.471298604463516e-11,2.171468896815571e-11,9.336356894411518e-13,6.514406690446719e-13
pwl,4,P3_dev_run0,shoulder,15,1.0602122345109576e-10,0.0,1.0602122345109576e-10,,False,0.10242791164439083,0.005031960627554209,17,0,24,0.7083333333333334,8.708060890230852e-09,shoulder,19,0,0.18112766651680173,True,4.582703892554604e-10,0.0,-4.582703892554604e-10,4.034593460379411e-10,1.0834959770764742e-10,3.631258492640266e-13,3.2504879312294255e-12
pwl,4,P3_dev_run0,shoulder,16,6.342467544782253e-10,0.0,6.342467544782253e-10,,False,0.10242791164439083,0.005031960627554209,17,0,24,0.7083333333333334,8.708060890230852e-09,shoulder,19,0,0.18112766651680173,True,6.8314384536154196e-09,5.990657637555818e-09,-8.407808160596019e-10,1.1776424479601766e-09,0.0,6.37187886535535e-12,0.0
pwl,4,P3_dev_run0,shoulder,17,1.2530556691227964e-09,0.0,1.2530556691227964e-09,,False,0.10242791164439083,0.005031960627554209,17,0,24,0.7083333333333334,8.708060890230852e-09,shoulder,19,0,0.18112766651680173,True,5.8744450593390236e-09,4.716178317481513e-09,-1.1582667418575105e-09,1.6084653225687577e-09,0.0,1.6443377093659226e-11,0.0
pwl,4,P3_dev_run0,shoulder,18,1.0503866414616543e-09,0.0,1.0503866414616543e-09,,False,0.10242791164439083,0.005031960627554209,17,0,24,0.7083333333333334,8.708060890230852e-09,shoulder,19,0,0.18112766651680173,True,7.306449648181133e-09,5.3977462382720115e-09,-1.9087034099091213e-09,1.8909204474868984e-09,0.0,8.098018896357953e-12,0.0
pwl,4,P3_dev_run0,shoulder,19,8.461713703081209e-10,0.0,8.461713703081209e-10,,False,0.10242791164439083,0.005031960627554209,17,0,24,0.7083333333333334,8.708060890230852e-09,shoulder,19,0,0.18112766651680173,True,8.719451966419108e-09,8.708060890230852e-09,-1.1391076188255941e-11,1.3273807090295412e-09,0.0,2.5045708902689243e-11,0.0
pwl,4,P3_dev_run0,shoulder,20,5.912110779320719e-10,0.0,5.912110779320719e-10,,False,0.10242791164439083,0.005031960627554209,17,0,24,0.7083333333333334,8.708060890230852e-09,shoulder,19,0,0.18112766651680173,True,6.863124114202725e-09,5.8014903653297645e-09,-1.0616337488729604e-09,1.2791447899155186e-09,0.0,4.60557681793415e-12,0.0
pwl,4,P3_dev_run0,shoulder,21,3.7783318649372796e-11,0.0,3.7783318649372796e-11,,False,0.10242791164439083,0.005031960627554209,17,0,24,0.7083333333333334,8.708060890230852e-09,shoulder,19,0,0.18112766651680173,True,2.5111427327182865e-11,0.0,-2.5111427327182865e-11,6.355035946387597e-11,2.7597384271736608e-11,6.076666053949301e-13,8.27921528152099e-13
pwl,4,P3_dev_run0,shoulder,22,1.422982281297615e-10,0.0,1.422982281297615e-10,,False,0.10242791164439083,0.005031960627554209,17,0,24,0.7083333333333334,8.708060890230852e-09,shoulder,19,0,0.18112766651680173,True,0.0,4.891280829843756e-10,4.891280829843756e-10,4.415639646316829e-10,1.2689909887461454e-10,6.083550148709035e-13,3.80697296623844e-12
pwl,4,P3_dev_run0,shoulder,23,6.66038251940855e-10,0.0,6.66038251940855e-10,,False,0.10242791164439083,0.005031960627554209,17,0,24,0.7083333333333334,8.708060890230852e-09,shoulder,19,0,0.18112766651680173,True,4.738861623206686e-09,5.588446130397465e-09,8.495845071907787e-10,1.0821895139281697e-09,0.0,6.898583865085409e-12,0.0
pwl,9,P1_old_full_opt,summer,0,0.050000000002150845,0.0,0.050000000002150845,,False,0.017251016698002664,0.0008474881056933404,11,1,32,0.34375,1.8110340964951137e-08,winter,21,0,0.3766950920709837,True,7.280568161916744e-15,0.16863833409600165,0.16863833409599438,0.17515251189430237,0.00651417779830177,0.00021768605134102467,0.00019542533394905327
pwl,9,P1_old_full_opt,summer,1,0.008397278808414215,0.0,0.008397278808414215,,False,0.017251016698002664,0.0008474881056933404,11,1,32,0.34375,1.8110340964951137e-08,winter,21,0,0.3766950920709837,True,6.567304227555444e-15,0.010232113833721218,0.01023211383371465,0.01317296986668629,0.002940856032967383,9.013783203155774e-05,8.822568098902158e-05
pwl,9,P1_old_full_opt,summer,2,9.13563451589877e-09,0.0,9.13563451589877e-09,,False,0.017251016698002664,0.0008474881056933404,11,1,32,0.34375,1.8110340964951137e-08,winter,21,0,0.3766950920709837,True,1.1050623221512417e-08,8.717822495425186e-10,-1.0178840971969898e-08,1.2787899230611216e-08,4.328350023517217e-10,1.04953865432735e-10,1.2985050070551663e-11
pwl,9,P1_old_full_opt,summer,3,0.03242250838146078,0.02,0.012422508381460782,0.6211254190730391,False,0.017251016698002664,0.0008474881056933404,11,1,32,0.34375,1.8110340964951137e-08,winter,21,0,0.3766950920709837,True,0.0606582467616632,5.998816539316321e-15,-0.060658246761657195,0.06844846945445009,0.00779022269279101,0.00024364246698816629,0.0002337066807837305
pwl,9,P1_old_full_opt,summer,4,0.051090103196706045,0.0,0.051090103196706045,,False,0.017251016698002664,0.0008474881056933404,11,1,32,0.34375,1.8110340964951137e-08,winter,21,0,0.3766950920709837,True,0.16842149908887127,5.799180625530255e-15,-0.16842149908886547,0.17515251189429523,0.006731012805428591,0.00022735502733325132,0.0002019303841628579
pwl,9,P1_old_full_opt,summer,5,0.05109010319670422,0.0,0.05109010319670422,,False,0.017251016698002664,0.0008474881056933404,11,1,32,0.34375,1.8110340964951137e-08,winter,21,0,0.3766950920709837,True,0.16842149908887172,5.798219487190403e-15,-0.16842149908886592,0.17515251189429526,0.006731012805428167,0.00022735502733323468,0.00020193038416284518
pwl,9,P1_old_full_opt,summer,6,6.263197330675869e-06,0.0,6.263197330675869e-06,,False,0.017251016698002664,0.0008474881056933404,11,1,32,0.34375,1.8110340964951137e-08,winter,21,0,0.3766950920709837,True,1.171761698720896e-05,6.455215498731244e-15,-1.1717616980753744e-05,1.3222488485728528e-05,1.5048715028474933e-06,4.7065481575207994e-08,4.514614508542484e-08
pwl,9,P1_old_full_opt,summer,7,9.321503836302787e-06,0.0,9.321503836302787e-06,,False,0.017251016698002664,0.0008474881056933404,11,1,32,0.34375,1.8110340964951137e-08,winter,21,0,0.3766950920709837,True,1.1714528694675861e-05,0.0,-1.1714528694675861e-05,1.4890177110413908e-05,3.175718478814112e-06,9.768389454544822e-08,9.527155436442345e-08
pwl,9,P1_old_full_opt,summer,8,9.616399685345422e-06,0.0,9.616399685345422e-06,,False,0.017251016698002664,0.0008474881056933404,11,1,32,0.34375,1.8110340964951137e-08,winter,21,0,0.3766950920709837,True,1.1717616228359257e-05,4.750716293816089e-15,-1.1717616223608541e-05,1.5085427313929874e-05,3.367811090682592e-06,1.0322408951850595e-07,1.0103433272047785e-07
pwl,9,P1_old_full_opt,summer,9,1.4677426904597486e-09,0.0,1.4677426904597486e-09,,False,0.017251016698002664,0.0008474881056933404,11,1,32,0.34375,1.8110340964951137e-08,winter,21,0,0.3766950920709837,True,9.667531869934118e-10,2.0855335930024853e-09,1.1187804060090735e-09,1.4035408171214576e-09,0.0,2.180214012475827e-11,0.0
pwl,9,P1_old_full_opt,summer,10,1.2675486729992395e-11,0.0,1.2675486729992395e-11,,False,0.017251016698002664,0.0008474881056933404,11,1,32,0.34375,1.8110340964951137e-08,winter,21,0,0.3766950920709837,True,0.0,1.2593345391194775e-10,1.2593345391194775e-10,1.0745896950319926e-10,2.873399388412011e-11,1.9089020467433538e-14,8.62019816523604e-13
pwl,9,P1_old_full_opt,summer,11,5.338585361218252e-10,0.0,5.338585361218252e-10,,False,0.017251016698002664,0.0008474881056933404,11,1,32,0.34375,1.8110340964951137e-08,winter,21,0,0.3766950920709837,True,9.041230116472527e-10,0.0,-9.041230116472527e-10,9.463554651377107e-10,2.3111307040795415e-10,4.375500451334953e-12,6.9333921122386305e-12
pwl,9,P1_old_full_opt,summer,12,2.7965090812550914e-10,0.0,2.7965090812550914e-10,,False,0.017251016698002664,0.0008474881056933404,11,1,32,0.34375,1.8110340964951137e-08,winter,21,0,0.3766950920709837,True,5.206053015194996e-10,0.0,-5.206053015194996e-10,5.163357562077289e-10,1.2582042024523035e-10,2.1106609756986626e-12,3.774612607356914e-12
pwl,9,P1_old_full_opt,summer,13,8.126221512531617e-11,0.0,8.126221512531617e-11,,False,0.017251016698002664,0.0008474881056933404,11,1,32,0.34375,1.8110340964951137e-08,winter,21,0,0.3766950920709837,True,0.0,2.501403026064729e-10,2.501403026064729e-10,2.2731793677778864e-10,6.036988088305691e-11,3.860600386115206e-13,1.811096426491709e-12
pwl,9,P1_old_full_opt,summer,14,1.1674117307681282e-09,0.0,1.1674117307681282e-09,,False,0.017251016698002664,0.0008474881056933404,11,1,32,0.34375,1.8110340964951137e-08,winter,21,0,0.3766950920709837,True,2.580082002557835e-09,9.330491619955273e-10,-1.6470328405623077e-09,1.5604356561356814e-09,0.0,1.1153117965818156e-11,0.0
pwl,9,P1_old_full_opt,summer,15,0.049999999999839895,0.0,0.049999999999839895,,False,0.017251016698002664,0.0008474881056933404,11,1,32,0.34375,1.8110340964951137e-08,winter,21,0,0.3766950920709837,True,5.506170737891202e-15,0.04270552932175231,0.0427055293217468,0.06555270843678979,0.022847179115039463,0.0006914937491662908,0.0006854153734511845
pwl,9,P1_old_full_opt,summer,16,0.11165321801075383,0.0,0.11165321801075383,,False,0.017251016698002664,0.0008474881056933404,11,1,32,0.34375,1.8110340964951137e-08,winter,21,0,0.3766950920709837,True,5.524246325681009e-15,0.13604983978939753,0.136049839789392,0.17515251189114475,0.03910267210174916,0.0011985048062224581,0.001173080163052476
pwl,9,P1_old_full_opt,summer,17,3.1640538028620007e-09,0.0,3.1640538028620007e-09,,False,0.017251016698002664,0.0008474881056933404,11,1,32,0.34375,1.8110340964951137e-08,winter,21,0,0.3766950920709837,True,2.4027153459365058e-09,0.0,-2.4027153459365058e-09,3.3321194786219477e-09,6.482979749246503e-10,4.7106834982245707e-11,1.9448939247739523e-11
pwl,9,P1_old_full_opt,summer,18,1.939471222493333e-09,0.0,1.939471222493333e-09,,False,0.017251016698002664,0.0008474881056933404,11,1,32,0.34375,1.8110340964951137e-08,winter,21,0,0.3766950920709837,True,2.0584124268679675e-09,0.0,-2.0584124268679675e-09,2.5930675379395066e-09,6.38434718378008e-10,2.3093070841618546e-11,1.9153041551340255e-11
pwl,9,P1_old_full_opt,summer,19,2.2813642687597715e-10,0.0,2.2813642687597715e-10,,False,0.017251016698002664,0.0008474881056933404,11,1,32,0.34375,1.8110340964951137e-08,winter,21,0,0.3766950920709837,True,6.229375309785142e-10,0.0,-6.229375309785142e-10,6.180333468972852e-10,1.5057953612213477e-10,1.213825158224178e-12,4.5173860836640474e-12
pwl,9,P1_old_full_opt,summer,20,9.662456457036193e-11,0.0,9.662456457036193e-11,,False,0.017251016698002664,0.0008474881056933404,11,1,32,0.34375,1.8110340964951137e-08,winter,21,0,0.3766950920709837,True,3.2860243001545375e-10,0.0,-3.2860243001545375e-10,3.080436569121487e-10,7.49075584617658e-11,4.173481196905452e-13,2.247226753852976e-12
pwl,9,P1_old_full_opt,summer,21,2.9166185570686254e-10,0.0,2.9166185570686254e-10,,False,0.017251016698002664,0.0008474881056933404,11,1,32,0.34375,1.8110340964951137e-08,winter,21,0,0.3766950920709837,True,0.0,5.480625670719527e-10,5.480625670719527e-10,5.642100710129831e-10,1.4861718978517762e-10,2.1832483283561103e-12,4.458515693555333e-12
pwl,9,P1_old_full_opt,summer,22,1.1548173877179505e-09,0.0,1.1548173877179505e-09,,False,0.017251016698002664,0.0008474881056933404,11,1,32,0.34375,1.8110340964951137e-08,winter,21,0,0.3766950920709837,True,9.954047424370107e-10,2.1968266030342696e-09,1.201421860597259e-09,1.2903936630173364e-09,0.0,1.3950502888919536e-11,0.0
pwl,9,P1_old_full_opt,summer,23,1.0931075621193249e-08,0.0,1.0931075621193249e-08,,False,0.017251016698002664,0.0008474881056933404,11,1,32,0.34375,1.8110340964951137e-08,winter,21,0,0.3766950920709837,True,2.2807461234940722e-09,3.820972175703522e-09,1.5402260522094496e-09,9.770035654177986e-09,1.8342218082023472e-09,2.849648347829067e-10,5.502665424607047e-11
pwl,9,P1_old_full_opt,winter,0,0.0510901031787037,0.0,0.0510901031787037,,True,0.017251016698002664,0.0008474881056933404,11,1,32,0.34375,1.8110340964951137e-08,winter,21,0,0.3766950920709837,True,8.136163377983871e-13,0.16842149909365728,0.16842149909284365,0.1751525118940245,0.0067310128004070754,0.00022735502717133752,0.00020193038401221245
pwl,9,P1_old_full_opt,winter,1,0.00857521841835889,0.0,0.00857521841835889,,True,0.017251016698002664,0.0008474881056933404,11,1,32,0.34375,1.8110340964951137e-08,winter,21,0,0.3766950920709837,True,7.631282778804565e-13,0.010448933890452839,0.01044893388968971,0.0134521071056865,0.0030031732153568856,9.204786625139637e-05,9.009519646070664e-05
pwl,9,P1_old_full_opt,winter,2,1.0276661658632517e-10,0.0,1.0276661658632517e-10,,True,0.017251016698002664,0.0008474881056933404,11,1,32,0.34375,1.8110340964951137e-08,winter,21,0,0.3766950920709837,True,4.571031973541608e-11,2.995042309060145e-11,-1.5759896644814627e-11,1.1210527139299402e-10,4.570881440471286e-11,2.646244082138558e-12,1.371264432141387e-12
pwl,9,P1_old_full_opt,winter,3,0.08296582566345796,0.0,0.08296582566345796,,True,0.017251016698002664,0.0008474881056933404,11,1,32,0.34375,1.8110340964951137e-08,winter,21,0,0.3766950920709837,True,0.1552181425246867,6.058718541193583e-13,-0.1552181425240808,0.17515251188727657,0.01993436936299618,0.000623455723991653,0.0005980310808898859
pwl,9,P1_old_full_opt,winter,4,0.05109010322312365,0.0,0.05109010322312365,,True,0.017251016698002664,0.0008474881056933404,11,1,32,0.34375,1.8110340964951137e-08,winter,21,0,0.3766950920709837,True,0.16842149907436788,6.269131777805573e-13,-0.16842149907374096,0.1751525118917096,0.006731012817725282,0.0002273550275828475,0.00020193038453175863
pwl,9,P1_old_full_opt,winter,5,0.03948268954955519,0.02,0.019482689549555187,0.9741344774777594,True,0.017251016698002664,0.0008474881056933404,11,1,32,0.34375,1.8110340964951137e-08,winter,21,0,0.3766950920709837,True,0.07386691653363342,6.162083592212688e-13,-0.07386691653301722,0.08335350348610415,0.009486586952855215,0.00029669696712209925,0.0002845976085856567
pwl,9,P1_old_full_opt,winter,6,9.435618633415003e-06,0.0,9.435618633415003e-06,,True,0.017251016698002664,0.0008474881056933404,11,1,32,0.34375,1.8110340964951137e-08,winter,21,0,0.3766950920709837,True,1.1648428080533177e-05,0.0,-1.1648428080533177e-05,1.4633461831436414e-05,2.9879431001239276e-06,1.0026384414159966e-07,8.963829300371791e-08
pwl,9,P1_old_full_opt,winter,7,9.539700015499652e-06,0.0,9.539700015499652e-06,,True,0.017251016698002664,0.0008474881056933404,11,1,32,0.34375,1.8110340964951137e-08,winter,21,0,0.3766950920709837,True,1.177481922083238e-05,0.0,-1.177481922083238e-05,1.47933106363224e-05,3.021460900311193e-06,1.0138386470058738e-07,9.064382700933587e-08
pwl,9,P1_old_full_opt,winter,8,1.1060640964221378e-05,0.0,1.1060640964221378e-05,,True,0.017251016698002664,0.0008474881056933404,11,1,32,0.34375,1.8110340964951137e-08,winter,21,0,0.3766950920709837,True,1.1345197389004705e-05,0.0,-1.1345197389004705e-05,1.5245890014793051e-05,3.912771551221006e-06,1.3498201506687353e-07,1.1738314653663029e-07
pwl,9,P1_old_full_opt,winter,9,0.05540121161748421,0.0,0.05540121161748421,,True,0.017251016698002664,0.0008474881056933404,11,1,32,0.34375,1.8110340964951137e-08,winter,21,0,0.3766950920709837,True,5.796199259525658e-13,0.04546659956668243,0.04546659956610281,0.07132431329167753,0.02585771372517985,0.0007860846468500086,0.0007757314117553963
pwl,9,P1_old_full_opt,winter,10,0.05109010319669546,0.0,0.05109010319669546,,True,0.017251016698002664,0.0008474881056933404,11,1,32,0.34375,1.8110340964951137e-08,winter,21,0,0.3766950920709837,True,6.49256523063525e-13,0.16842149908779813,0.16842149908714887,0.17515251189366582,0.006731012805943425,0.0002273550273353763,0.00020193038417830293
pwl,9,P1_old_full_opt,winter,11,0.09999999992631345,0.0,0.09999999992631345,,True,0.017251016698002664,0.0008474881056933404,11,1,32,0.34375,1.8110340964951137e-08,winter,21,0,0.3766950920709837,True,5.890853610838807e-13,0.1438362711751105,0.1438362711745214,0.17515251189000253,0.03131624071506168,0.0009403838323033192,0.0009394872214518512
pwl,9,P1_old_full_opt,winter,12,1.2193909915903628e-10,0.0,1.2193909915903628e-10,,True,0.017251016698002664,0.0008474881056933404,11,1,32,0.34375,1.8110340964951137e-08,winter,21,0,0.3766950920709837,True,3.822337073499445e-11,5.247306808119686e-11,1.4249697346202405e-11,1.3088153692466243e-10,5.5178770426760215e-11,3.2555754651625384e-12,1.655363112802808e-12
pwl,9,P1_old_full_opt,winter,13,1.0427709163686929e-10,0.0,1.0427709163686929e-10,,True,0.017251016698002664,0.0008474881056933404,11,1,32,0.34375,1.8110340964951137e-08,winter,21,0,0.3766950920709837,True,3.5437646230664072e-12,2.011708235745782e-11,1.6573317734391413e-11,1.1109779404232514e-10,7.947194114605496e-11,2.6703780961996838e-12,2.3841582343816507e-12
pwl,9,P1_old_full_opt,winter,14,1.0934641809037862e-10,0.0,1.0934641809037862e-10,,True,0.017251016698002664,0.0008474881056933404,11,1,32,0.34375,1.8110340964951137e-08,winter,21,0,0.3766950920709837,True,3.4051340316782766e-12,1.3776370003905216e-11,1.037123597222694e-11,1.1651143450415038e-10,9.024375791242237e-11,2.983977716452422e-12,2.7073127373726736e-12
pwl,9,P1_old_full_opt,winter,15,1.131542317781264e-10,0.0,1.131542317781264e-10,,True,0.017251016698002664,0.0008474881056933404,11,1,32,0.34375,1.8110340964951137e-08,winter,21,0,0.3766950920709837,True,5.822506904866505e-12,1.1455907249092304e-11,5.6334003442257995e-12,1.2071008264601748e-10,9.370423555153382e-11,3.2298292346547513e-12,2.811127066546017e-12
pwl,9,P1_old_full_opt,winter,16,1.188009974591763e-10,0.0,1.188009974591763e-10,,True,0.017251016698002664,0.0008474881056933404,11,1,32,0.34375,1.8110340964951137e-08,winter,21,0,0.3766950920709837,True,1.0523037485786953e-11,1.7221550726095855e-11,6.698513240308902e-12,1.2722510160092543e-10,9.063129458957095e-11,3.368735397416123e-12,2.718938837687131e-12
pwl,9,P1_old_full_opt,winter,17,1.3455948645808572e-10,0.0,1.3455948645808572e-10,,True,0.017251016698002664,0.0008474881056933404,11,1,32,0.34375,1.8110340964951137e-08,winter,21,0,0.3766950920709837,True,1.9615409145912862e-11,4.3598969169229924e-11,2.3983560023317062e-11,1.4671021564477233e-10,8.199348639718763e-11,3.3808980442554657e-12,2.459804591915631e-12
pwl,9,P1_old_full_opt,winter,18,1.2814585329327698e-10,0.0,1.2814585329327698e-10,,True,0.017251016698002664,0.0008474881056933404,11,1,32,0.34375,1.8110340964951137e-08,winter,21,0,0.3766950920709837,True,3.5784386400720445e-12,1.6353427279366046e-11,1.2774988639294e-11,1.385743580685148e-10,1.0456975897793841e-10,3.4801819819786326e-12,3.137092769338155e-12
pwl,9,P1_old_full_opt,winter,19,1.2552550971340946e-10,0.0,1.2552550971340946e-10,,True,0.017251016698002664,0.0008474881056933404,11,1,32,0.34375,1.8110340964951137e-08,winter,21,0,0.3766950920709837,True,4.697241711530889e-13,1.759728484389813e-11,1.712756067274504e-11,1.3628016925484673e-10,1.0213901562645303e-10,3.2868318373491105e-12,3.0641704687935933e-12
pwl,9,P1_old_full_opt,winter,20,1.1433745382955642e-10,0.0,1.1433745382955642e-10,,True,0.017251016698002664,0.0008474881056933404,11,1,32,0.34375,1.8110340964951137e-08,winter,21,0,0.3766950920709837,True,1.8871615668512375e-11,5.329583914366405e-12,-1.354203175414597e-11,1.4196238160423658e-10,9.974089293878276e-11,3.0478374789537713e-12,2.992226788163485e-12
pwl,9,P1_old_full_opt,winter,21,6.417645855882895e-08,0.0,6.417645855882895e-08,,True,0.017251016698002664,0.0008474881056933404,11,1,32,0.34375,1.8110340964951137e-08,winter,21,0,0.3766950920709837,True,6.05567674039428e-08,1.8110340964951137e-08,-4.2446426438991665e-08,8.699367637387753e-08,1.0499233914071549e-08,1.0349150839416293e-09,3.149770174221467e-10
pwl,9,P1_old_full_opt,winter,22,0.035723945927064134,0.02,0.015723945927064133,0.7861972963532067,True,0.017251016698002664,0.0008474881056933404,11,1,32,0.34375,1.8110340964951137e-08,winter,21,0,0.3766950920709837,True,0.04352975406044193,5.209657772381216e-13,-0.04352975405992097,0.056040828696588184,0.01251107463647971,0.0003834669672198508,0.0003753322390943916
pwl,9,P1_old_full_opt,winter,23,0.08296582566766718,0.0,0.08296582566766718,,True,0.017251016698002664,0.0008474881056933404,11,1,32,0.34375,1.8110340964951137e-08,winter,21,0,0.3766950920709837,True,0.15521814252836247,5.120228802234134e-13,-0.15521814252785043,0.17515251189193193,0.0199343693639271,0.0006234557240378252,0.0005980310809178135
pwl,9,P1_old_full_opt,shoulder,0,0.01725102890551513,0.0,0.01725102890551513,,False,0.017251016698002664,0.0008474881056933404,11,1,32,0.34375,1.8110340964951137e-08,winter,21,0,0.3766950920709837,True,8.08386199796279e-10,0.17515251027444004,0.17515250946605385,0.17515251189429026,4.0731635294026945e-10,2.5424679417958308e-05,1.2219490588208094e-11
pwl,9,P1_old_full_opt,shoulder,1,0.001987379284292053,0.0,0.001987379284292053,,False,0.017251016698002664,0.0008474881056933404,11,1,32,0.34375,1.8110340964951137e-08,winter,21,0,0.3766950920709837,True,2.483593468747401e-14,0.0037181251221371533,0.0037181251221123173,0.0041956368258847685,0.0004775117037564228,1.493437788111662e-05,1.4325351112692697e-05
pwl,9,P1_old_full_opt,shoulder,2,1.6622506302481078e-08,0.0,1.6622506302481078e-08,,False,0.017251016698002664,0.0008474881056933404,11,1,32,0.34375,1.8110340964951137e-08,winter,21,0,0.3766950920709837,True,1.7753603661234918e-08,2.0783247743280524e-09,-1.5675278886906867e-08,2.1933929234512073e-08,1.0511847654822857e-09,2.1517571159616032e-10,3.15355429644686e-11
pwl,9,P1_old_full_opt,shoulder,3,0.07500000000661816,0.0,0.07500000000661816,,False,0.017251016698002664,0.0008474881056933404,11,1,32,0.34375,1.8110340964951137e-08,winter,21,0,0.3766950920709837,True,0.14031513089873085,2.2743047641050255e-14,-0.14031513089870812,0.1583355349689187,0.01802040407020358,0.0005635956604726532,0.0005406121221061079
pwl,9,P1_old_full_opt,shoulder,4,0.051090103196590964,0.0,0.051090103196590964,,False,0.017251016698002664,0.0008474881056933404,11,1,32,0.34375,1.8110340964951137e-08,winter,21,0,0.3766950920709837,True,0.16842149908883258,2.2203707615196958e-14,-0.16842149908881038,0.1751525118942474,0.006731012805431934,0.00022735502733232043,0.00020193038416295819
pwl,9,P1_old_full_opt,shoulder,5,0.047448053144188394,0.02,0.027448053144188394,1.3724026572094197,False,0.017251016698002664,0.0008474881056933404,11,1,32,0.34375,1.8110340964951137e-08,winter,21,0,0.3766950920709837,True,0.08876906382846389,2.2764843414738053e-14,-0.08876906382844113,0.10016950502761758,0.011400441199169397,0.0003565535579722332,0.0003420132359750822
pwl,9,P1_old_full_opt,shoulder,6,6.263361580555661e-06,0.0,6.263361580555661e-06,,False,0.017251016698002664,0.0008474881056933404,11,1,32,0.34375,1.8110340964951137e-08,winter,21,0,0.3766950920709837,True,1.1717921107343587e-05,8.03823875093896e-15,-1.1717921099305347e-05,1.3222832559907974e-05,1.5049114915728014e-06,4.7066727082911115e-08,4.5147344747184086e-08
pwl,9,P1_old_full_opt,shoulder,7,6.607231706130229e-06,0.0,6.607231706130229e-06,,False,0.017251016698002664,0.0008474881056933404,11,1,32,0.34375,1.8110340964951137e-08,winter,21,0,0.3766950920709837,True,1.1713565326022048e-05,0.0,-1.1713565326022048e-05,1.336954876955006e-05,1.6560831550746269e-06,5.204912347863305e-08,4.968249465223885e-08
pwl,9,P1_old_full_opt,shoulder,8,5.44029043986621e-09,0.0,5.44029043986621e-09,,False,0.017251016698002664,0.0008474881056933404,11,1,32,0.34375,1.8110340964951137e-08,winter,21,0,0.3766950920709837,True,2.637021018063656e-09,3.77386982198334e-09,1.1368488039196841e-09,4.41370683245855e-09,0.0,1.3262865580321633e-10,0.0
pwl,9,P1_old_full_opt,shoulder,9,1.6166393382704066e-09,0.0,1.6166393382704066e-09,,False,0.017251016698002664,0.0008474881056933404,11,1,32,0.34375,1.8110340964951137e-08,winter,21,0,0.3766950920709837,True,1.944686714414179e-09,7.262194962940347e-10,-1.2184672181201442e-09,1.4669481038277423e-09,0.0,2.417790752034364e-11,0.0
pwl,9,P1_old_full_opt,shoulder,10,0.08296582568121738,0.0,0.08296582568121738,,False,0.017251016698002664,0.0008474881056933404,11,1,32,0.34375,1.8110340964951137e-08,winter,21,0,0.3766950920709837,True,2.1492868901204928e-14,0.15521814252512414,0.15521814252510266,0.17515251189410067,0.01993436936898364,0.000623455724239185,0.0005980310810695097
pwl,9,P1_old_full_opt,shoulder,11,0.0193309107295513,0.0,0.0193309107295513,,False,0.017251016698002664,0.0008474881056933404,11,1,32,0.34375,1.8110340964951137e-08,winter,21,0,0.3766950920709837,True,2.1289509941900025e-14,0.02355478287723293,0.02355478287721164,0.030324764765325266,0.006769981888099861,0.0002075013137147062,0.000203099456642996
pwl,9,P1_old_full_opt,shoulder,12,9.265044905904605e-10,0.0,9.265044905904605e-10,,False,0.017251016698002664,0.0008474881056933404,11,1,32,0.34375,1.8110340964951137e-08,winter,21,0,0.3766950920709837,True,1.2341172266250923e-09,0.0,-1.2341172266250923e-09,1.1164724862549575e-09,1.5759761672157055e-12,9.272382697027513e-12,4.7279285016471205e-14
pwl,9,P1_old_full_opt,shoulder,13,1.2788016169891721e-09,0.0,1.2788016169891721e-09,,False,0.017251016698002664,0.0008474881056933404,11,1,32,0.34375,1.8110340964951137e-08,winter,21,0,0.3766950920709837,True,0.0,1.378495152489862e-09,1.378495152489862e-09,1.4044140997007482e-09,1.1023599486952668e-10,1.505457916600884e-11,3.307079846085803e-12
pwl,9,P1_old_full_opt,shoulder,14,1.5611699396203354e-11,0.0,1.5611699396203354e-11,,False,0.017251016698002664,0.0008474881056933404,11,1,32,0.34375,1.8110340964951137e-08,winter,21,0,0.3766950920709837,True,4.468556032429315e-11,0.0,-4.468556032429315e-11,3.91508225108122e-11,9.913334896152391e-12,7.94585469392168e-14,2.97400046884572e-13
pwl,9,P1_old_full_opt,shoulder,15,9.048569289240601e-10,0.0,9.048569289240601e-10,,False,0.017251016698002664,0.0008474881056933404,11,1,32,0.34375,1.8110340964951137e-08,winter,21,0,0.3766950920709837,True,1.2186277986063358e-09,0.0,-1.2186277986063358e-09,1.0978471416187825e-09,0.0,8.976183292517169e-12,0.0
pwl,9,P1_old_full_opt,shoulder,16,3.2986503594117173e-09,0.0,3.2986503594117173e-09,,False,0.017251016698002664,0.0008474881056933404,11,1,32,0.34375,1.8110340964951137e-08,winter,21,0,0.3766950920709837,True,2.068626179096964e-09,5.224838960995914e-10,-1.5461422829973727e-09,2.7946739827164758e-09,1.0194438411085944e-10,6.29065597511872e-11,3.058331523325786e-12
pwl,9,P1_old_full_opt,shoulder,17,6.544936559925284e-09,0.0,6.544936559925284e-09,,False,0.017251016698002664,0.0008474881056933404,11,1,32,0.34375,1.8110340964951137e-08,winter,21,0,0.3766950920709837,True,3.883219357148894e-09,3.2146822296221204e-09,-6.685371275267735e-10,5.339287618720659e-09,0.0,1.7731364783462842e-10,0.0
pwl,9,P1_old_full_opt,shoulder,18,3.772490845515348e-09,0.0,3.772490845515348e-09,,False,0.017251016698002664,0.0008474881056933404,11,1,32,0.34375,1.8110340964951137e-08,winter,21,0,0.3766950920709837,True,1.9409204306843948e-09,2.8711449882290575e-10,-1.653805931861489e-09,3.1155836077806267e-09,4.439410206310246e-10,7.395800789429571e-11,1.331823061893075e-11
pwl,9,P1_old_full_opt,shoulder,19,7.556583210365603e-09,0.0,7.556583210365603e-09,,False,0.017251016698002664,0.0008474881056933404,11,1,32,0.34375,1.8110340964951137e-08,winter,21,0,0.3766950920709837,True,3.449787915083275e-09,3.258756754740011e-09,-1.9103116034326394e-10,6.269684691926438e-09,0.0,2.210389892260728e-10,0.0
pwl,9,P1_old_full_opt,shoulder,20,3.1421143332427036e-09,0.0,3.1421143332427036e-09,,False,0.017251016698002664,0.0008474881056933404,11,1,32,0.34375,1.8110340964951137e-08,winter,21,0,0.3766950920709837,True,2.934558048859095e-09,7.464462381067104e-10,-2.1881118107523847e-09,2.7940271422813453e-09,0.0,4.92245881225293e-11,0.0
pwl,9,P1_old_full_opt,shoulder,21,1.2031665590446652e-10,0.0,1.2031665590446652e-10,,False,0.017251016698002664,0.0008474881056933404,11,1,32,0.34375,1.8110340964951137e-08,winter,21,0,0.3766950920709837,True,2.7912477422319023e-10,0.0,-2.7912477422319023e-10,2.492883786835708e-10,6.077097829512272e-11,7.448127744408032e-13,1.8231293488536833e-12
pwl,9,P1_old_full_opt,shoulder,22,3.319535813563639e-10,0.0,3.319535813563639e-10,,False,0.017251016698002664,0.0008474881056933404,11,1,32,0.34375,1.8110340964951137e-08,winter,21,0,0.3766950920709837,True,0.0,5.784044630805502e-10,5.784044630805502e-10,5.713145195577026e-10,1.5105826534913277e-10,2.654625284874907e-12,4.531747960473987e-12
pwl,9,P1_old_full_opt,shoulder,23,2.3006823984008497e-09,0.0,2.3006823984008497e-09,,False,0.017251016698002664,0.0008474881056933404,11,1,32,0.34375,1.8110340964951137e-08,winter,21,0,0.3766950920709837,True,0.0,1.805564070802685e-09,1.805564070802685e-09,2.2466307966821095e-09,3.7623320548362806e-10,3.357064680096176e-11,1.1286996164508851e-11
pwl,9,P2_dev_run1,summer,0,0.09218594481841987,0.1,0.00781405518158014,0.0781405518158014,False,0.02969919351985686,0.0014590278183243305,10,0,25,0.4,4.0976570754892095e-09,summer,23,0,0.08523126717017555,True,5.6486212287897654e-14,0.1724677721674542,0.17246777216739773,0.19461747850270172,0.022149706335267125,0.0006927413127132709,0.0006644911900580144
pwl,9,P2_dev_run1,summer,1,5.883043876662549e-10,0.0,5.883043876662549e-10,,False,0.02969919351985686,0.0014590278183243305,10,0,25,0.4,4.0976570754892095e-09,summer,23,0,0.08523126717017555,True,0.0,6.10712507959662e-10,6.10712507959662e-10,6.720570688955473e-10,1.7802685411564606e-10,7.118055531830243e-12,5.340805623469386e-12
pwl,9,P2_dev_run1,summer,2,3.962266914875232e-07,0.0,3.962266914875232e-07,,False,0.02969919351985686,0.0014590278183243305,10,0,25,0.4,4.0976570754892095e-09,summer,23,0,0.08523126717017555,True,5.941218523407137e-07,0.0,-5.941218523407137e-07,7.050374798905608e-07,1.1097267950356817e-07,3.600133306359662e-09,3.3291803851070478e-09
pwl,9,P2_dev_run1,summer,3,3.9622673700119603e-07,0.0,3.9622673700119603e-07,,False,0.02969919351985686,0.0014590278183243305,10,0,25,0.4,4.0976570754892095e-09,summer,23,0,0.08523126717017555,True,5.941192908864643e-07,0.0,-5.941192908864643e-07,7.050342133375986e-07,1.1097187543842462e-07,3.6001469770796794e-09,3.3291562631527414e-09
pwl,9,P2_dev_run1,summer,4,0.09999999999812569,0.05,0.04999999999812568,0.9999999999625137,False,0.02969919351985686,0.0014590278183243305,10,0,25,0.4,4.0976570754892095e-09,summer,23,0,0.08523126717017555,True,0.18708684119756244,5.626401055675332e-14,-0.18708684119750618,0.21111404662045677,0.02402720542293336,0.0007514608804816381,0.0007208161626880015
pwl,9,P2_dev_run1,summer,5,0.10000000000038295,0.0,0.10000000000038295,,False,0.02969919351985686,0.0014590278183243305,10,0,25,0.4,4.0976570754892095e-09,summer,23,0,0.08523126717017555,True,0.1961808782991742,5.62541871036912e-14,-0.19618087829911793,0.21951584136739358,0.02333496306825842,0.0007204985150603342,0.0007000488920477533
pwl,9,P2_dev_run1,summer,6,6.248849553240693e-06,0.0,6.248849553240693e-06,,False,0.02969919351985686,0.0014590278183243305,10,0,25,0.4,4.0976570754892095e-09,summer,23,0,0.08523126717017555,True,1.1295395415496654e-05,0.0,-1.1295395415496654e-05,1.2838603207211704e-05,1.5432681395186925e-06,4.839860608090141e-08,4.6298044185560814e-08
pwl,9,P2_dev_run1,summer,7,9.272065782720068e-06,0.0,9.272065782720068e-06,,False,0.02969919351985686,0.0014590278183243305,10,0,25,0.4,4.0976570754892095e-09,summer,23,0,0.08523126717017555,True,1.1298054867468038e-05,4.824875518087863e-14,-1.1298054819219282e-05,1.4545272548211197e-05,3.247217721674323e-06,9.952787764754965e-08,9.741653165022978e-08
pwl,9,P2_dev_run1,summer,8,9.271550482766963e-06,0.0,9.271550482766963e-06,,False,0.02969919351985686,0.0014590278183243305,10,0,25,0.4,4.0976570754892095e-09,summer,23,0,0.08523126717017555,True,1.1297415451888925e-05,4.518849864007944e-14,-1.1297415406700427e-05,1.4544455357050101e-05,3.247039940830042e-06,9.952242476135522e-08,9.741119822490134e-08
pwl,9,P2_dev_run1,summer,9,4.397007888550911e-09,0.0,4.397007888550911e-09,,False,0.02969919351985686,0.0014590278183243305,10,0,25,0.4,4.0976570754892095e-09,summer,23,0,0.08523126717017555,True,1.2990168098116664e-10,1.802693594948642e-09,1.6727919139674752e-09,3.5971233537247764e-09,8.328171264941113e-10,9.094993821554964e-11,2.498451379482336e-11
pwl,9,P2_dev_run1,summer,10,8.908521347124417e-11,0.0,8.908521347124417e-11,,False,0.02969919351985686,0.0014590278183243305,10,0,25,0.4,4.0976570754892095e-09,summer,23,0,0.08523126717017555,True,0.0,3.7966892397113907e-10,3.7966892397113907e-10,3.696550042586387e-10,9.937790562725219e-11,3.093425386419755e-13,2.9813371688175684e-12
pwl,9,P2_dev_run1,summer,11,1.5891132073973303e-09,0.0,1.5891132073973303e-09,,False,0.02969919351985686,0.0014590278183243305,10,0,25,0.4,4.0976570754892095e-09,summer,23,0,0.08523126717017555,True,1.8636579335695025e-09,0.0,-1.8636579335695025e-09,2.171947242801138e-09,5.348652322375278e-10,1.756577840044392e-11,1.6045956967125847e-11
pwl,9,P2_dev_run1,summer,12,9.218430889016722e-10,0.0,9.218430889016722e-10,,False,0.02969919351985686,0.0014590278183243305,10,0,25,0.4,4.0976570754892095e-09,summer,23,0,0.08523126717017555,True,1.2702532504918919e-09,0.0,-1.2702532504918919e-09,1.4029748274746604e-09,3.453129542078386e-10,8.977476562352803e-12,1.0359388626235167e-11
pwl,9,P2_dev_run1,summer,13,3.3697782818796265e-10,0.0,3.3697782818796265e-10,,False,0.02969919351985686,0.0014590278183243305,10,0,25,0.4,4.0976570754892095e-09,summer,23,0,0.08523126717017555,True,0.0,6.253532657038203e-10,6.253532657038203e-10,6.397387901943888e-10,1.7017873158812366e-10,2.5504012371589952e-12,5.105361947643714e-12
pwl,9,P2_dev_run1,summer,14,3.3446477867732262e-09,0.0,3.3446477867732262e-09,,False,0.02969919351985686,0.0014590278183243305,10,0,25,0.4,4.0976570754892095e-09,summer,23,0,0.08523126717017555,True,3.29270589610098e-09,6.486218197677561e-10,-2.644084076333224e-09,3.385905417000715e-09,0.0,4.858394540518035e-11,0.0
pwl,9,P2_dev_run1,summer,15,0.04999999999976716,0.0,0.04999999999976716,,False,0.02969919351985686,0.0014590278183243305,10,0,25,0.4,4.0976570754892095e-09,summer,23,0,0.08523126717017555,True,5.0345246342103e-14,0.05050592319039421,0.05050592319034386,0.07106841983721036,0.020562496646834356,0.0006169019110485571,0.0006168748994050312
pwl,9,P2_dev_run1,summer,16,0.10000000000144646,0.1,1.4464540676328852e-12,1.4464540676328852e-11,False,0.02969919351985686,0.0014590278183243305,10,0,25,0.4,4.0976570754892095e-09,summer,23,0,0.08523126717017555,True,5.051078547794289e-14,0.1218503525610997,0.12185035256104919,0.1568718887057407,0.03502153614465889,0.0010734171639557699,0.0010506460843397675
pwl,9,P2_dev_run1,summer,17,5.124662842664399e-09,0.0,5.124662842664399e-09,,False,0.02969919351985686,0.0014590278183243305,10,0,25,0.4,4.0976570754892095e-09,summer,23,0,0.08523126717017555,True,2.567304067223289e-09,3.294585431862151e-10,-2.2378455240370736e-09,4.6184283735620425e-09,8.615425659045718e-10,1.006237164663931e-10,2.5846276977137176e-11
pwl,9,P2_dev_run1,summer,18,3.7855568980572184e-09,0.0,3.7855568980572184e-09,,False,0.02969919351985686,0.0014590278183243305,10,0,25,0.4,4.0976570754892095e-09,summer,23,0,0.08523126717017555,True,3.226456607790895e-09,0.0,-3.226456607790895e-09,4.489546207971907e-09,1.11192125262597e-09,5.2425660240123736e-11,3.335763757877913e-11
pwl,9,P2_dev_run1,summer,19,8.016248017968195e-10,0.0,8.016248017968195e-10,,False,0.02969919351985686,0.0014590278183243305,10,0,25,0.4,4.0976570754892095e-09,summer,23,0,0.08523126717017555,True,1.2493172153378018e-09,0.0,-1.2493172153378018e-09,1.3576821964275408e-09,3.340357068227771e-10,7.052003215884988e-12,1.0021071204683323e-11
pwl,9,P2_dev_run1,summer,20,3.7340149849566156e-10,0.0,3.7340149849566156e-10,,False,0.02969919351985686,0.0014590278183243305,10,0,25,0.4,4.0976570754892095e-09,summer,23,0,0.08523126717017555,True,8.855381236033978e-10,0.0,-8.855381236033978e-10,8.945914640228362e-10,2.19929469565481e-10,2.265189987904033e-12,6.597884086964436e-12
pwl,9,P2_dev_run1,summer,21,9.110751868093383e-10,0.0,9.110751868093383e-10,,False,0.02969919351985686,0.0014590278183243305,10,0,25,0.4,4.0976570754892095e-09,summer,23,0,0.08523126717017555,True,0.0,1.2343094281100608e-09,1.2343094281100608e-09,1.3993370076329612e-09,3.6833706995494344e-10,8.994841095204072e-12,1.1050112098648313e-11
pwl,9,P2_dev_run1,summer,22,3.238680413513913e-09,0.0,3.238680413513913e-09,,False,0.02969919351985686,0.0014590278183243305,10,0,25,0.4,4.0976570754892095e-09,summer,23,0,0.08523126717017555,True,2.6797624943043774e-10,2.949368208223094e-09,2.6813919587926563e-09,3.393513518821849e-09,8.869145364918082e-11,4.5697142023411724e-11,2.660743609475427e-12
pwl,9,P2_dev_run1,summer,23,1.1838790100437147e-08,0.0,1.1838790100437147e-08,,False,0.02969919351985686,0.0014590278183243305,10,0,25,0.4,4.0976570754892095e-09,summer,23,0,0.08523126717017555,True,4.0976570754892095e-09,4.261860438323699e-09,1.6420336283448987e-10,1.0386870238195181e-08,1.014303585229375e-09,3.502717628584252e-10,3.042910755688128e-11
pwl,9,P2_dev_run1,winter,0,0.09999999998709366,0.1,1.2906342661267445e-11,1.2906342661267445e-10,False,0.02969919351985686,0.0014590278183243305,10,0,25,0.4,4.0976570754892095e-09,summer,23,0,0.08523126717017555,True,5.102691635953843e-14,0.17246777209939898,0.17246777209934797,0.1989587348969874,0.026490962797606214,0.0008068212215785291,0.0007947288839281871
pwl,9,P2_dev_run1,winter,1,0.0,0.0,0.0,,False,0.02969919351985686,0.0014590278183243305,10,0,25,0.4,4.0976570754892095e-09,summer,23,0,0.08523126717017555,True,2.3021890262470001e-10,0.0,-2.3021890262470001e-10,2.9701607379933774e-10,7.539723539984492e-11,0.0,2.2619170619953496e-12
pwl,9,P2_dev_run1,winter,2,4.779363205937681e-07,0.0,4.779363205937681e-07,,False,0.02969919351985686,0.0014590278183243305,10,0,25,0.4,4.0976570754892095e-09,summer,23,0,0.08523126717017555,True,5.896121036839327e-07,0.0,-5.896121036839327e-07,7.409345667854042e-07,1.5148538230185413e-07,5.0813317363167436e-09,4.544561469055628e-09
pwl,9,P2_dev_run1,winter,3,0.05254297954986865,0.05,0.0025429795498686444,0.05085959099737289,False,0.02969919351985686,0.0014590278183243305,10,0,25,0.4,4.0976570754892095e-09,summer,23,0,0.08523126717017555,True,0.09830100069913415,4.782256830065569e-14,-0.09830100069908633,0.11092561033239642,0.012624609633295125,0.0003948399368125092,0.0003787382889988541
pwl,9,P2_dev_run1,winter,4,0.09999999996626162,0.0,0.09999999996626162,,False,0.02969919351985686,0.0014590278183243305,10,0,25,0.4,4.0976570754892095e-09,summer,23,0,0.08523126717017555,True,0.2849642401342533,4.738002550699388e-14,-0.2849642401342059,0.30154097218128934,0.01657673204706995,0.0005111034986627443,0.0004973019614120989
pwl,9,P2_dev_run1,winter,5,9.266801448477305e-06,0.0,9.266801448477305e-06,,False,0.02969919351985686,0.0014590278183243305,10,0,25,0.4,4.0976570754892095e-09,summer,23,0,0.08523126717017555,True,1.129737838463009e-05,0.0,-1.129737838463009e-05,1.4541320718052712e-05,3.2439435176106754e-06,9.94323078571465e-08,9.731830552832034e-08
pwl,9,P2_dev_run1,winter,6,9.271567244349635e-06,0.0,9.271567244349635e-06,,False,0.02969919351985686,0.0014590278183243305,10,0,25,0.4,4.0976570754892095e-09,summer,23,0,0.08523126717017555,True,1.1297427671856656e-05,3.59645198581227e-14,-1.1297427635892137e-05,1.4544475542428859e-05,3.247047931309154e-06,9.952266048749739e-08,9.74114379392747e-08
pwl,9,P2_dev_run1,winter,7,9.272437596531975e-06,0.0,9.272437596531975e-06,,False,0.02969919351985686,0.0014590278183243305,10,0,25,0.4,4.0976570754892095e-09,summer,23,0,0.08523126717017555,True,1.1298486848870838e-05,3.355299635686384e-14,-1.1298486815317842e-05,1.45458398434053e-05,3.2473530532056214e-06,9.953201217515952e-08,9.742059159616873e-08
pwl,9,P2_dev_run1,winter,8,1.331993604893697e-05,0.0,1.331993604893697e-05,,False,0.02969919351985686,0.0014590278183243305,10,0,25,0.4,4.0976570754892095e-09,summer,23,0,0.08523126717017555,True,1.1294031159763215e-05,0.0,-1.1294031159763215e-05,1.7369294368490174e-05,6.075364841558566e-06,1.8508578645328673e-07,1.8226094524675714e-07
pwl,9,P2_dev_run1,winter,9,7.928493324236134e-09,0.0,7.928493324236134e-09,,False,0.02969919351985686,0.0014590278183243305,10,0,25,0.4,4.0976570754892095e-09,summer,23,0,0.08523126717017555,True,4.387337950919447e-09,1.4775382836886743e-09,-2.9097996672307726e-09,6.860049680335777e-09,4.984147886274373e-10,1.660736212641678e-10,1.4952443658823133e-11
pwl,9,P2_dev_run1,winter,10,0.0879562572104514,0.0,0.0879562572104514,,False,0.02969919351985686,0.0014590278183243305,10,0,25,0.4,4.0976570754892095e-09,summer,23,0,0.08523126717017555,True,4.640351668917538e-14,0.2899529217258177,0.2899529217257713,0.30154097218160386,0.011588050455798441,0.0003914123482160862,0.00034764151367395357
pwl,9,P2_dev_run1,winter,11,0.05000000000240474,0.05,2.404736132444185e-12,4.80947226488837e-11,False,0.02969919351985686,0.0014590278183243305,10,0,25,0.4,4.0976570754892095e-09,summer,23,0,0.08523126717017555,True,4.436914504490312e-14,0.054967187729139035,0.05496718772909467,0.07422301024708519,0.019255822517962217,0.0005801664051930901,0.0005776746755388671
pwl,9,P2_dev_run1,winter,12,6.452483982961769e-10,0.0,6.452483982961769e-10,,False,0.02969919351985686,0.0014590278183243305,10,0,25,0.4,4.0976570754892095e-09,summer,23,0,0.08523126717017555,True,9.587554531445932e-10,0.0,-9.587554531445932e-10,9.111894040263928e-10,2.2314586753848892e-10,5.907233477826249e-12,6.694376026154673e-12
pwl,9,P2_dev_run1,winter,13,2.9101032255077846e-09,0.0,2.9101032255077846e-09,,False,0.02969919351985686,0.0014590278183243305,10,0,25,0.4,4.0976570754892095e-09,summer,23,0,0.08523126717017555,True,0.0,2.3755766707463564e-09,2.3755766707463564e-09,2.7849543890764726e-09,6.244881692039904e-10,4.1430786691603843e-11,1.873464507611973e-11
pwl,9,P2_dev_run1,winter,14,3.735993973564269e-11,0.0,3.735993973564269e-11,,False,0.02969919351985686,0.0014590278183243305,10,0,25,0.4,4.0976570754892095e-09,summer,23,0,0.08523126717017555,True,0.0,8.138761588564311e-10,8.138761588564311e-10,6.998695599401446e-10,1.8779866609411186e-10,2.5710863689594077e-14,5.633959982823361e-12
pwl,9,P2_dev_run1,winter,15,1.0145419941272323e-11,0.0,1.0145419941272323e-11,,False,0.02969919351985686,0.0014590278183243305,10,0,25,0.4,4.0976570754892095e-09,summer,23,0,0.08523126717017555,True,1.056448130735191e-12,5.792994216100778e-12,4.736546085365587e-12,1.6401517626658554e-11,6.121647745621762e-12,1.938023717433651e-13,1.8364943236865303e-13
pwl,9,P2_dev_run1,winter,16,4.401894560502998e-10,0.0,4.401894560502998e-10,,False,0.02969919351985686,0.0014590278183243305,10,0,25,0.4,4.0976570754892095e-09,summer,23,0,0.08523126717017555,True,7.744706271824796e-10,0.0,-7.744706271824796e-10,6.838543014457348e-10,1.672774417480134e-10,3.4906704003015533e-12,5.018323252440406e-12
pwl,9,P2_dev_run1,winter,17,5.132428616923506e-10,0.0,5.132428616923506e-10,,False,0.02969919351985686,0.0014590278183243305,10,0,25,0.4,4.0976570754892095e-09,summer,23,0,0.08523126717017555,True,1.338248821463162e-09,0.0,-1.338248821463162e-09,1.1983744619629621e-09,2.917798885302867e-10,2.851318233102086e-12,8.75339665590861e-12
pwl,9,P2_dev_run1,winter,18,1.1826872626880435e-11,0.0,1.1826872626880435e-11,,False,0.02969919351985686,0.0014590278183243305,10,0,25,0.4,4.0976570754892095e-09,summer,23,0,0.08523126717017555,True,1.9492615637397704e-11,0.0,-1.9492615637397704e-11,2.604959111760436e-11,8.38650326515214e-12,9.921954437503645e-14,2.515950979545644e-13
pwl,9,P2_dev_run1,winter,19,9.048992211271758e-12,0.0,9.048992211271758e-12,,False,0.02969919351985686,0.0014590278183243305,10,0,25,0.4,4.0976570754892095e-09,summer,23,0,0.08523126717017555,True,4.891059513781281e-12,9.24709732979376e-12,4.356037816012479e-12,3.1211509818633394e-11,9.910334193992698e-12,1.7060509644425487e-13,2.973100258197812e-13
pwl,9,P2_dev_run1,winter,20,1.0489719809208993e-08,0.0,1.0489719809208993e-08,,False,0.02969919351985686,0.0014590278183243305,10,0,25,0.4,4.0976570754892095e-09,summer,23,0,0.08523126717017555,True,8.207865301865333e-09,0.0,-8.207865301865333e-09,1.3725507278852976e-08,3.415918807839386e-09,1.5334250262628447e-10,1.0247756423518167e-10
pwl,9,P2_dev_run1,winter,21,6.516946786206368e-07,0.0,6.516946786206368e-07,,False,0.02969919351985686,0.0014590278183243305,10,0,25,0.4,4.0976570754892095e-09,summer,23,0,0.08523126717017555,True,6.034374421800507e-07,2.525560969955696e-10,-6.031848860830551e-07,8.861672876075046e-07,2.8248051131981584e-07,8.544351406189448e-09,8.474415339594483e-09
pwl,9,P2_dev_run1,winter,22,5.883195799533387e-07,0.0,5.883195799533387e-07,,False,0.02969919351985686,0.0014590278183243305,10,0,25,0.4,4.0976570754892095e-09,summer,23,0,0.08523126717017555,True,5.910969909910982e-07,0.0,-5.910969909910982e-07,8.234484712629506e-07,2.3239596883942723e-07,7.2863632977489536e-09,6.971879065182823e-09
pwl,9,P2_dev_run1,winter,23,0.10242903568673609,0.1,0.0024290356867360807,0.024290356867360807,False,0.02969919351985686,0.0014590278183243305,10,0,25,0.4,4.0976570754892095e-09,summer,23,0,0.08523126717017555,True,0.19163124731492412,4.111647590904168e-14,-0.191631247314883,0.21624208213451032,0.02461083481961445,0.0007697141335401595,0.0007383250445884341
pwl,9,P2_dev_run1,shoulder,0,0.09218594518442023,0.1,0.007814054815579771,0.07814054815579771,False,0.02969919351985686,0.0014590278183243305,10,0,25,0.4,4.0976570754892095e-09,summer,23,0,0.08523126717017555,True,6.835779982178946e-14,0.17246777285624668,0.17246777285617831,0.19461747927882164,0.022149706422598513,0.0006927413154493015,0.000664491192677956
pwl,9,P2_dev_run1,shoulder,1,1.2391901583738642e-10,0.0,1.2391901583738642e-10,,False,0.02969919351985686,0.0014590278183243305,10,0,25,0.4,4.0976570754892095e-09,summer,23,0,0.08523126717017555,True,0.0,1.3962144735795085e-10,1.3962144735795085e-10,1.343646014526942e-10,3.736940186100843e-11,1.4118086988311018e-12,1.1210820558302538e-12
pwl,9,P2_dev_run1,shoulder,2,3.972430032399915e-07,0.0,3.972430032399915e-07,,False,0.02969919351985686,0.0014590278183243305,10,0,25,0.4,4.0976570754892095e-09,summer,23,0,0.08523126717017555,True,5.939735953390357e-07,0.0,-5.939735953390357e-07,7.05515489836619e-07,1.1162778586399158e-07,3.6178155345261925e-09,3.34883357591975e-09
pwl,9,P2_dev_run1,shoulder,3,0.049876398451702136,0.05,0.0001236015482978664,0.002472030965957328,False,0.02969919351985686,0.0014590278183243305,10,0,25,0.4,4.0976570754892095e-09,summer,23,0,0.08523126717017555,True,0.09331217835735363,6.641143428681016e-14,-0.09331217835728722,0.10529608307206302,0.011983904714755165,0.0003748016230030913,0.0003595171414426553
pwl,9,P2_dev_run1,shoulder,4,0.08795625720696199,0.0,0.08795625720696199,,False,0.02969919351985686,0.0014590278183243305,10,0,25,0.4,4.0976570754892095e-09,summer,23,0,0.08523126717017555,True,0.2899529217268691,6.484777600603013e-14,-0.28995292172680426,0.30154097218149134,0.011588050454671954,0.0003914123481843649,0.00034764151364015893
pwl,9,P2_dev_run1,shoulder,5,6.03861160067536e-06,0.0,6.03861160067536e-06,,False,0.02969919351985686,0.0014590278183243305,10,0,25,0.4,4.0976570754892095e-09,summer,23,0,0.08523126717017555,True,1.1297444371472352e-05,6.441529874251764e-14,-1.1297444307057053e-05,1.2748354677050805e-05,1.4509103561679997e-06,4.5377815909377294e-08,4.352731068504003e-08
pwl,9,P2_dev_run1,shoulder,6,6.0390946447586975e-06,0.0,6.0390946447586975e-06,,False,0.02969919351985686,0.0014590278183243305,10,0,25,0.4,4.0976570754892095e-09,summer,23,0,0.08523126717017555,True,1.1298346469520203e-05,6.081735771292437e-14,-1.1298346408702846e-05,1.2749373169690044e-05,1.4510267476003444e-06,4.538145150086671e-08,4.353080242801037e-08
pwl,9,P2_dev_run1,shoulder,7,8.90242942187457e-06,0.0,8.90242942187457e-06,,False,0.02969919351985686,0.0014590278183243305,10,0,25,0.4,4.0976570754892095e-09,summer,23,0,0.08523126717017555,True,1.1294474133178447e-05,0.0,-1.1294474133178447e-05,1.4300753860471362e-05,3.0063678622870305e-06,9.260123583710591e-08,9.019103586861099e-08
pwl,9,P2_dev_run1,shoulder,8,1.2915556709773684e-08,0.0,1.2915556709773684e-08,,False,0.02969919351985686,0.0014590278183243305,10,0,25,0.4,4.0976570754892095e-09,summer,23,0,0.08523126717017555,True,5.504071712112375e-09,3.237732553595175e-09,-2.2663391585172e-09,1.0972694421251767e-08,1.1161059250396231e-09,3.2539654143394543e-10,3.348317775118872e-11
pwl,9,P2_dev_run1,shoulder,9,3.925943925088731e-10,0.0,3.925943925088731e-10,,False,0.02969919351985686,0.0014590278183243305,10,0,25,0.4,4.0976570754892095e-09,summer,23,0,0.08523126717017555,True,2.537745067117026e-09,2.1618061361313844e-09,-3.759389309856418e-10,4.954389962097079e-10,0.0,5.028713843904011e-12,0.0
pwl,9,P2_dev_run1,shoulder,10,0.09213559693527701,0.1,0.007864403064722997,0.07864403064722997,False,0.02969919351985686,0.0014590278183243305,10,0,25,0.4,4.0976570754892095e-09,summer,23,0,0.08523126717017555,True,6.195052606414518e-14,0.1723735779049897,0.17237357790492774,0.19451118705065404,0.022137609145685862,0.000692362968061224,0.0006641282743705764
pwl,9,P2_dev_run1,shoulder,11,7.470548821042634e-09,0.0,7.470548821042634e-09,,False,0.02969919351985686,0.0014590278183243305,10,0,25,0.4,4.0976570754892095e-09,summer,23,0,0.08523126717017555,True,4.311304192673142e-09,3.5138298982518634e-09,-7.974742944212783e-10,6.1283331378269585e-09,0.0,2.0146556340307907e-10,0.0
pwl,9,P2_dev_run1,shoulder,12,4.217989395686136e-10,0.0,4.217989395686136e-10,,False,0.02969919351985686,0.0014590278183243305,10,0,25,0.4,4.0976570754892095e-09,summer,23,0,0.08523126717017555,True,5.480519146470908e-10,0.0,-5.480519146470908e-10,5.159060894137665e-10,1.2704576012300036e-10,4.305676639196269e-12,3.811372803690014e-12
pwl,9,P2_dev_run1,shoulder,13,4.2714311884841164e-10,0.0,4.2714311884841164e-10,,False,0.02969919351985686,0.0014590278183243305,10,0,25,0.4,4.0976570754892095e-09,summer,23,0,0.08523126717017555,True,6.339352842344147e-10,1.12262290935049e-09,4.886876251160753e-10,4.21171522691149e-10,0.0,4.810892887853952e-12,0.0
pwl,9,P2_dev_run1,shoulder,14,1.1371889697030416e-11,0.0,1.1371889697030416e-11,,False,0.02969919351985686,0.0014590278183243305,10,0,25,0.4,4.0976570754892095e-09,summer,23,0,0.08523126717017555,True,3.1364327473012136e-12,2.341779672097003e-12,-7.946530752042104e-13,1.3440775702942914e-11,5.3649079180961576e-12,3.181490243851625e-13,1.6094723754288486e-13
pwl,9,P2_dev_run1,shoulder,15,3.699531193046427e-10,0.0,3.699531193046427e-10,,False,0.02969919351985686,0.0014590278183243305,10,0,25,0.4,4.0976570754892095e-09,summer,23,0,0.08523126717017555,True,6.338498744150244e-10,0.0,-6.338498744150244e-10,5.872719824320526e-10,1.4431481384509558e-10,3.001948587538255e-12,4.3294444153528715e-12
pwl,9,P2_dev_run1,shoulder,16,6.818319216195281e-10,0.0,6.818319216195281e-10,,False,0.02969919351985686,0.0014590278183243305,10,0,25,0.4,4.0976570754892095e-09,summer,23,0,0.08523126717017555,True,2.676554828746057e-09,2.107496158241304e-09,-5.690586705047532e-10,7.264656695244167e-10,0.0,9.571255589435863e-12,0.0
pwl,9,P2_dev_run1,shoulder,17,1.271441792975286e-09,0.0,1.271441792975286e-09,,False,0.02969919351985686,0.0014590278183243305,10,0,25,0.4,4.0976570754892095e-09,summer,23,0,0.08523126717017555,True,1.5244788755830794e-09,5.007678221555569e-10,-1.0237110534275224e-09,1.1088368974227779e-09,0.0,1.8259003279126168e-11,0.0
pwl,9,P2_dev_run1,shoulder,18,1.1183948792984372e-09,0.0,1.1183948792984372e-09,,False,0.02969919351985686,0.0014590278183243305,10,0,25,0.4,4.0976570754892095e-09,summer,23,0,0.08523126717017555,True,1.8102488682769457e-09,3.170812106468838e-10,-1.4931676576300618e-09,1.2512604168676828e-09,0.0,1.1172113166283274e-11,0.0
pwl,9,P2_dev_run1,shoulder,19,2.011020775434457e-09,0.0,2.011020775434457e-09,,False,0.02969919351985686,0.0014590278183243305,10,0,25,0.4,4.0976570754892095e-09,summer,23,0,0.08523126717017555,True,3.5554158321417484e-09,1.844132932584373e-09,-1.7112828995573755e-09,1.9586732994673276e-09,0.0,2.7879089026382395e-11,0.0
pwl,9,P2_dev_run1,shoulder,20,8.695504590227555e-10,0.0,8.695504590227555e-10,,False,0.02969919351985686,0.0014590278183243305,10,0,25,0.4,4.0976570754892095e-09,summer,23,0,0.08523126717017555,True,1.6567910258139014e-09,3.7195435860433396e-10,-1.2848366672095676e-09,1.0436292170760295e-09,0.0,7.997686062476961e-12,0.0
pwl,9,P2_dev_run1,shoulder,21,1.4043489720663888e-11,0.0,1.4043489720663888e-11,,False,0.02969919351985686,0.0014590278183243305,10,0,25,0.4,4.0976570754892095e-09,summer,23,0,0.08523126717017555,True,9.617776661149067e-12,0.0,-9.617776661149067e-12,1.879324902567221e-11,6.7796812797069e-12,2.221026843013139e-13,2.0339043839120717e-13
pwl,9,P2_dev_run1,shoulder,22,3.327310830876088e-10,0.0,3.327310830876088e-10,,False,0.02969919351985686,0.0014590278183243305,10,0,25,0.4,4.0976570754892095e-09,summer,23,0,0.08523126717017555,True,0.0,5.68398497399944e-10,5.68398497399944e-10,5.352347961123753e-10,1.4327006290050256e-10,2.706793594779019e-12,4.298101887015081e-12
pwl,9,P2_dev_run1,shoulder,23,1.1768838867832767e-09,0.0,1.1768838867832767e-09,,False,0.02969919351985686,0.0014590278183243305,10,0,25,0.4,4.0976570754892095e-09,summer,23,0,0.08523126717017555,True,1.7495626620852145e-09,2.691908565919562e-09,9.423459038343474e-10,1.1004309396428178e-09,0.0,1.695974931524985e-11,0.0
pwl,9,P3_dev_run0,summer,0,0.14189099057407517,0.15,0.008109009425924824,0.054060062839498824,False,0.10242791164439083,0.005031960627554209,13,0,25,0.52,4.905298605693968e-09,winter,20,0,0.10203021099843454,True,6.580369389388036e-14,0.1728946722612387,0.1728946722611729,0.22258707681121942,0.04969240455000434,0.0015230822469287594,0.0014907721365001315
pwl,9,P3_dev_run0,summer,1,6.497391780240465e-10,0.0,6.497391780240465e-10,,False,0.10242791164439083,0.005031960627554209,13,0,25,0.52,4.905298605693968e-09,winter,20,0,0.10203021099843454,True,0.0,7.743322906544434e-10,7.743322906544434e-10,8.308110406452692e-10,2.203479201662638e-10,7.094548526789092e-12,6.61043760498792e-12
pwl,9,P3_dev_run0,summer,2,5.909142716275887e-07,0.0,5.909142716275887e-07,,False,0.10242791164439083,0.005031960627554209,13,0,25,0.52,4.905298605693968e-09,winter,20,0,0.10203021099843454,True,5.943889903900718e-07,0.0,-5.943889903900718e-07,8.274307273657344e-07,2.3307527821568878e-07,7.312517558501738e-09,6.99225834647067e-09
pwl,9,P3_dev_run0,summer,3,5.477441880739281e-07,0.0,5.477441880739281e-07,,False,0.10242791164439083,0.005031960627554209,13,0,25,0.52,4.905298605693968e-09,winter,20,0,0.10203021099843454,True,5.985967656876717e-07,6.994958569033382e-11,-5.985268161019814e-07,8.035346003197961e-07,2.0486627523418602e-07,6.384126507922186e-09,6.145988257025586e-09
pwl,9,P3_dev_run0,summer,4,0.10000000000883184,0.0,0.10000000000883184,,False,0.10242791164439083,0.005031960627554209,13,0,25,0.52,4.905298605693968e-09,winter,20,0,0.10203021099843454,True,0.18708684114053903,6.646737676762386e-14,-0.18708684114047255,0.2111140465769578,0.024027205436464232,0.000751460880835078,0.0007208161630939276
pwl,9,P3_dev_run0,summer,5,0.10536793775626792,0.2,0.09463206224373209,0.4731603112186604,False,0.10242791164439083,0.005031960627554209,13,0,25,0.52,4.905298605693968e-09,winter,20,0,0.10203021099843454,True,0.1971295463465865,6.645629856975339e-14,-0.19712954634652005,0.22244651720628206,0.025316970859741054,0.0007917988329663033,0.0007595091257922323
pwl,9,P3_dev_run0,summer,6,9.29583719366806e-06,0.0,9.29583719366806e-06,,False,0.10242791164439083,0.005031960627554209,13,0,25,0.52,4.905298605693968e-09,winter,20,0,0.10203021099843454,True,1.1326984557543262e-05,3.918295673556894e-14,-1.1326984518360306e-05,1.4582536241276776e-05,3.2555517963966167e-06,9.978328817282823e-08,9.766655389189859e-08
pwl,9,P3_dev_run0,summer,7,9.799167902063645e-06,0.0,9.799167902063645e-06,,False,0.10242791164439083,0.005031960627554209,13,0,25,0.52,4.905298605693968e-09,winter,20,0,0.10203021099843454,True,1.1320311308094737e-05,0.0,-1.1320311308094737e-05,1.4880700063947533e-05,3.5605409863126092e-06,1.0956303937867427e-07,1.0681622958937837e-07
pwl,9,P3_dev_run0,summer,8,1.380199763094663e-05,0.0,1.380199763094663e-05,,False,0.10242791164439083,0.005031960627554209,13,0,25,0.52,4.905298605693968e-09,winter,20,0,0.10203021099843454,True,1.1326984461042364e-05,7.011832148889098e-14,-1.1326984390924043e-05,1.7768875902625756e-05,6.441891485167816e-06,1.9583600647567322e-07,1.9325674455503466e-07
pwl,9,P3_dev_run0,summer,9,2.432276140719194e-08,0.0,2.432276140719194e-08,,False,0.10242791164439083,0.005031960627554209,13,0,25,0.52,4.905298605693968e-09,winter,20,0,0.10203021099843454,True,1.6916647304539763e-08,4.817546938761495e-09,-1.2099100365778268e-08,2.6671694320892523e-08,2.469675108838192e-09,4.5200334262172773e-10,7.409025326514583e-11
pwl,9,P3_dev_run0,summer,10,1.204873603615246e-09,0.0,1.204873603615246e-09,,False,0.10242791164439083,0.005031960627554209,13,0,25,0.52,4.905298605693968e-09,winter,20,0,0.10203021099843454,True,0.0,1.914958553748911e-09,1.914958553748911e-09,2.204040824396353e-09,5.796079083016886e-10,1.0425450542669439e-11,1.7388237249050674e-11
pwl,9,P3_dev_run0,summer,11,1.502096621346245e-09,0.0,1.502096621346245e-09,,False,0.10242791164439083,0.005031960627554209,13,0,25,0.52,4.905298605693968e-09,winter,20,0,0.10203021099843454,True,1.9047957493422303e-09,0.0,-1.9047957493422303e-09,2.293930034813915e-09,5.667953279987751e-10,1.563034682791139e-11,1.7003859839963268e-11
pwl,9,P3_dev_run0,summer,12,6.153522367314279e-10,0.0,6.153522367314279e-10,,False,0.10242791164439083,0.005031960627554209,13,0,25,0.52,4.905298605693968e-09,winter,20,0,0.10203021099843454,True,1.3916046568729553e-09,0.0,-1.3916046568729553e-09,1.5055506946512935e-09,3.7104725462332433e-10,3.899419994772141e-12,1.1131417638699739e-11
pwl,9,P3_dev_run0,summer,13,1.888926657447289e-09,0.0,1.888926657447289e-09,,False,0.10242791164439083,0.005031960627554209,13,0,25,0.52,4.905298605693968e-09,winter,20,0,0.10203021099843454,True,0.0,2.3423760627023595e-09,2.3423760627023595e-09,2.863956801352114e-09,7.503264617992386e-10,2.0002150438202418e-11,2.250979385397718e-11
pwl,9,P3_dev_run0,summer,14,8.848906109611617e-09,0.0,8.848906109611617e-09,,False,0.10242791164439083,0.005031960627554209,13,0,25,0.52,4.905298605693968e-09,winter,20,0,0.10203021099843454,True,8.787715359220205e-09,0.0,-8.787715359220205e-09,1.1482885337321713e-08,1.7031473846816189e-09,1.1050003016509058e-10,5.109442154044861e-11
pwl,9,P3_dev_run0,summer,15,0.14999999999195246,0.0,0.14999999999195246,,False,0.10242791164439083,0.005031960627554209,13,0,25,0.52,4.905298605693968e-09,winter,20,0,0.10203021099843454,True,5.863814964622902e-14,0.12310181861602786,0.12310181861596922,0.1931121478924051,0.0700103292763991,0.00212834149141568,0.0021003098782919746
pwl,9,P3_dev_run0,summer,16,0.19999999999835602,0.2,1.6439904992893162e-12,8.219952496446581e-12,False,0.10242791164439083,0.005031960627554209,13,0,25,0.52,4.905298605693968e-09,winter,20,0,0.10203021099843454,True,5.882972800990061e-14,0.1641357581656,0.16413575816554116,0.2574828638703078,0.09334710570472929,0.002837788655311891,0.0028004131711418813
pwl,9,P3_dev_run0,summer,17,1.2753275440728587e-08,0.0,1.2753275440728587e-08,,False,0.10242791164439083,0.005031960627554209,13,0,25,0.52,4.905298605693968e-09,winter,20,0,0.10203021099843454,True,7.3257243621086416e-09,8.619063773934206e-10,-6.463817984715221e-09,1.3874515852562373e-08,2.847854740919244e-09,2.3501934774883094e-10,8.54356422275774e-11
pwl,9,P3_dev_run0,summer,18,5.245968092045102e-09,0.0,5.245968092045102e-09,,False,0.10242791164439083,0.005031960627554209,13,0,25,0.52,4.905298605693968e-09,winter,20,0,0.10203021099843454,True,3.496973508634992e-09,0.0,-3.496973508634992e-09,6.619735359805346e-09,3.4660707907486156e-09,8.423123052496034e-11,1.0398212372245856e-10
pwl,9,P3_dev_run0,summer,19,3.393613880667029e-09,0.0,3.393613880667029e-09,,False,0.10242791164439083,0.005031960627554209,13,0,25,0.52,4.905298605693968e-09,winter,20,0,0.10203021099843454,True,2.9625493581993224e-09,0.0,-2.9625493581993224e-09,4.41186438830335e-09,1.0976681573274906e-09,4.6267821700482516e-11,3.2930044719824747e-11
pwl,9,P3_dev_run0,summer,20,1.9878514161425967e-09,0.0,1.9878514161425967e-09,,False,0.10242791164439083,0.005031960627554209,13,0,25,0.52,4.905298605693968e-09,winter,20,0,0.10203021099843454,True,2.7418757220221733e-09,0.0,-2.7418757220221733e-09,3.5691507224670345e-09,8.832033220523646e-10,1.9343394455455823e-11,2.649609966157096e-11
pwl,9,P3_dev_run0,summer,21,4.816486631065617e-09,0.0,4.816486631065617e-09,,False,0.10242791164439083,0.005031960627554209,13,0,25,0.52,4.905298605693968e-09,winter,20,0,0.10203021099843454,True,0.0,4.039898869871954e-09,4.039898869871954e-09,6.071157150603913e-09,1.5764212485018169e-09,6.73962302589164e-11,4.7292637455054547e-11
pwl,9,P3_dev_run0,summer,22,1.1065645898172152e-08,0.0,1.1065645898172152e-08,,False,0.10242791164439083,0.005031960627554209,13,0,25,0.52,4.905298605693968e-09,winter,20,0,0.10203021099843454,True,2.019171205214742e-09,5.811301718057842e-09,3.792130512843099e-09,1.009810097926697e-08,1.1347027982246329e-09,2.3715757964337153e-10,3.4041083946739015e-11
pwl,9,P3_dev_run0,summer,23,0.14999999998323735,0.0,0.14999999998323735,,False,0.10242791164439083,0.005031960627554209,13,0,25,0.52,4.905298605693968e-09,winter,20,0,0.10203021099843454,True,0.12714026002039555,5.24548434543172e-14,-0.1271402600203431,0.19596775718842258,0.06882749716806216,0.0020847905161982916,0.0020648249150418668
pwl,9,P3_dev_run0,winter,0,0.14999999996116847,0.15,3.883152133177248e-11,2.588768088784832e-10,False,0.10242791164439083,0.005031960627554209,13,0,25,0.52,4.905298605693968e-09,winter,20,0,0.10203021099843454,True,1.6152264845324126e-13,0.17289467578856452,0.172894675788403,0.2283210148317739,0.055426339043267776,0.0016799866510559145,0.0016627901712980347
pwl,9,P3_dev_run0,winter,1,1.593774189114571e-10,0.0,1.593774189114571e-10,,False,0.10242791164439083,0.005031960627554209,13,0,25,0.52,4.905298605693968e-09,winter,20,0,0.10203021099843454,True,1.798626801109518e-09,0.0,-1.798626801109518e-09,2.126309332425207e-09,5.29200458008242e-10,2.1142375094573567e-13,1.5876013740247274e-11
pwl,9,P3_dev_run0,winter,2,5.945220834160333e-07,0.0,5.945220834160333e-07,,False,0.10242791164439083,0.005031960627554209,13,0,25,0.52,4.905298605693968e-09,winter,20,0,0.10203021099843454,True,5.955563568022981e-07,0.0,-5.955563568022981e-07,8.308357020702954e-07,2.353377283457301e-07,7.378694886515143e-09,7.060131850371909e-09
pwl,9,P3_dev_run0,winter,3,5.945732593447651e-07,0.0,5.945732593447651e-07,,False,0.10242791164439083,0.005031960627554209,13,0,25,0.52,4.905298605693968e-09,winter,20,0,0.10203021099843454,True,5.95518106740215e-07,0.0,-5.95518106740215e-07,8.308218145528177e-07,2.353604981789773e-07,7.380115009949103e-09,7.0608149453693255e-09
pwl,9,P3_dev_run0,winter,4,0.20536482788050017,0.2,0.0053648278805001615,0.026824139402500807,False,0.10242791164439083,0.005031960627554209,13,0,25,0.52,4.905298605693968e-09,winter,20,0,0.10203021099843454,True,0.38421056937068715,1.5390504778533992e-13,-0.3842105693705332,0.43355399843705766,0.04934342906647634,0.0015432363439928795,0.0014803028719942914
pwl,9,P3_dev_run0,winter,5,1.3166676313201696e-05,0.0,1.3166676313201696e-05,,False,0.10242791164439083,0.005031960627554209,13,0,25,0.52,4.905298605693968e-09,winter,20,0,0.10203021099843454,True,1.1320577247207662e-05,0.0,-1.1320577247207662e-05,1.7264823939566717e-05,5.944391284879759e-06,1.8130988566685001e-07,1.7833173854639294e-07
pwl,9,P3_dev_run0,winter,6,1.380194057751325e-05,0.0,1.380194057751325e-05,,False,0.10242791164439083,0.005031960627554209,13,0,25,0.52,4.905298605693968e-09,winter,20,0,0.10203021099843454,True,1.132690199884471e-05,1.9179282681235853e-13,-1.1326901807051884e-05,1.7768781236199054e-05,6.441879357803007e-06,1.9583558918665356e-07,1.932563807340904e-07
pwl,9,P3_dev_run0,winter,7,1.3800096376499275e-05,0.0,1.3800096376499275e-05,,False,0.10242791164439083,0.005031960627554209,13,0,25,0.52,4.905298605693968e-09,winter,20,0,0.10203021099843454,True,1.1325380909968332e-05,1.8407124206902077e-13,-1.132538072589709e-05,1.7766401892775192e-05,6.441021096864274e-06,1.9580950511183364e-07,1.932306329059284e-07
pwl,9,P3_dev_run0,winter,8,2.118841041432584e-05,0.0,2.118841041432584e-05,,False,0.10242791164439083,0.005031960627554209,13,0,25,0.52,4.905298605693968e-09,winter,20,0,0.10203021099843454,True,1.1325382127216132e-05,2.2837274905131324e-13,-1.1325381898843382e-05,2.3909571015491344e-05,1.2584188905332828e-05,3.8099627621312617e-07,3.7752566715998517e-07
pwl,9,P3_dev_run0,winter,9,7.68402168463399e-09,0.0,7.68402168463399e-09,,False,0.10242791164439083,0.005031960627554209,13,0,25,0.52,4.905298605693968e-09,winter,20,0,0.10203021099843454,True,1.2868041266843388e-08,0.0,-1.2868041266843388e-08,1.9166530573637706e-08,4.7583569645164895e-09,6.358928560891968e-11,1.4275070893549481e-10
pwl,9,P3_dev_run0,winter,10,0.2999999999883279,0.3,1.1672107724791658e-11,3.890702574930553e-11,False,0.10242791164439083,0.005031960627554209,13,0,25,0.52,4.905298605693968e-09,winter,20,0,0.10203021099843454,True,1.3763349395749747e-13,0.3457797355671614,0.3457797355670238,0.4566352301642322,0.11085549459712066,0.0033600438821470187,0.0033256648379136225
pwl,9,P3_dev_run0,winter,11,3.1945444193026555e-08,0.0,3.1945444193026555e-08,,False,0.10242791164439083,0.005031960627554209,13,0,25,0.52,4.905298605693968e-09,winter,20,0,0.10203021099843454,True,2.9106857868503182e-08,0.0,-2.9106857868503182e-08,4.3910569313358304e-08,1.0898296401754312e-08,4.2330825218425956e-10,3.269488920526297e-10
pwl,9,P3_dev_run0,winter,12,6.545172672788582e-10,0.0,6.545172672788582e-10,,False,0.10242791164439083,0.005031960627554209,13,0,25,0.52,4.905298605693968e-09,winter,20,0,0.10203021099843454,True,0.0,2.7365868245159213e-09,2.7365868245159213e-09,4.461532715310086e-09,1.1581952015004026e-09,2.315488272374449e-12,3.474585604501211e-11
pwl,9,P3_dev_run0,winter,13,8.815860795742724e-06,0.0,8.815860795742724e-06,,False,0.10242791164439083,0.005031960627554209,13,0,25,0.52,4.905298605693968e-09,winter,20,0,0.10203021099843454,True,4.7120063174915085e-06,2.7969533905459543e-13,-4.712006037796169e-06,9.947989000154679e-06,5.235982691253953e-06,1.5852339998239923e-07,1.5707948073761873e-07
pwl,9,P3_dev_run0,winter,14,4.301253251227655e-09,0.0,4.301253251227655e-09,,False,0.10242791164439083,0.005031960627554209,13,0,25,0.52,4.905298605693968e-09,winter,20,0,0.10203021099843454,True,0.0,5.864872754772767e-09,5.864872754772767e-09,9.54308351608222e-09,2.4704489739464254e-09,4.2245844628175285e-11,7.411346921839283e-11
pwl,9,P3_dev_run0,winter,15,0.0,0.0,0.0,,False,0.10242791164439083,0.005031960627554209,13,0,25,0.52,4.905298605693968e-09,winter,20,0,0.10203021099843454,True,4.234874399460027e-09,0.0,-4.234874399460027e-09,5.582049406357313e-09,1.3830255006296842e-09,0.0,4.149076501889056e-11
pwl,9,P3_dev_run0,winter,16,1.9242460899050745e-08,0.0,1.9242460899050745e-08,,False,0.10242791164439083,0.005031960627554209,13,0,25,0.52,4.905298605693968e-09,winter,20,0,0.10203021099843454,True,1.5342763680410685e-08,0.0,-1.5342763680410685e-08,3.081428601783692e-08,2.2989351909876417e-08,2.78029644623813e-10,6.896805572962931e-10
pwl,9,P3_dev_run0,winter,17,1.9516312201813006e-08,0.0,1.9516312201813006e-08,,False,0.10242791164439083,0.005031960627554209,13,0,25,0.52,4.905298605693968e-09,winter,20,0,0.10203021099843454,True,5.357429842758278e-09,0.0,-5.357429842758278e-09,2.099291704775158e-08,2.1358249314817392e-08,4.464258894733784e-10,6.407474794445223e-10
pwl,9,P3_dev_run0,winter,18,1.0509691517279109e-08,0.0,1.0509691517279109e-08,,False,0.10242791164439083,0.005031960627554209,13,0,25,0.52,4.905298605693968e-09,winter,20,0,0.10203021099843454,True,6.84684752897565e-09,0.0,-6.84684752897565e-09,1.1981938898283818e-08,3.0143099202570933e-09,1.7089185446380398e-10,9.042929760771288e-11
pwl,9,P3_dev_run0,winter,19,1.1540943937402589e-08,0.0,1.1540943937402589e-08,,False,0.10242791164439083,0.005031960627554209,13,0,25,0.52,4.905298605693968e-09,winter,20,0,0.10203021099843454,True,6.345741536083921e-09,2.938300034572862e-11,-6.316358535738192e-09,1.2767831058674026e-08,3.2050586784340433e-09,2.0520000250529572e-10,9.615176035302138e-11
pwl,9,P3_dev_run0,winter,20,2.429313137038486e-08,0.0,2.429313137038486e-08,,False,0.10242791164439083,0.005031960627554209,13,0,25,0.52,4.905298605693968e-09,winter,20,0,0.10203021099843454,True,1.284922507703002e-08,4.905298605693968e-09,-7.943926471336052e-09,2.2572785136467974e-08,2.4161953403036956e-09,5.28452040689572e-10,7.248586020911094e-11
pwl,9,P3_dev_run0,winter,21,8.925655474452084e-07,0.0,8.925655474452084e-07,,False,0.10242791164439083,0.005031960627554209,13,0,25,0.52,4.905298605693968e-09,winter,20,0,0.10203021099843454,True,5.954207897307548e-07,0.0,-5.954207897307548e-07,1.05960463680719e-06,4.6422123161709207e-07,1.432556134539788e-08,1.3926636948512774e-08
pwl,9,P3_dev_run0,winter,22,8.853453319721659e-07,0.0,8.853453319721659e-07,,False,0.10242791164439083,0.005031960627554209,13,0,25,0.52,4.905298605693968e-09,winter,20,0,0.10203021099843454,True,5.950807275196676e-07,0.0,-5.950807275196676e-07,1.0531553432679566e-06,4.5813178866238645e-07,1.4150104421555183e-08,1.3743953659871606e-08
pwl,9,P3_dev_run0,winter,23,0.1576569769634386,0.15,0.0076569769634386164,0.05104651308959078,False,0.10242791164439083,0.005031960627554209,13,0,25,0.52,4.905298605693968e-09,winter,20,0,0.10203021099843454,True,0.19210558225844543,1.3242023358177458e-13,-0.192105582258313,0.2473194774311521,0.05521389517279581,0.001692317050915385,0.0016564168551838757
pwl,9,P3_dev_run0,shoulder,0,0.14189099087669638,0.1,0.04189099087669637,0.4189099087669637,False,0.10242791164439083,0.005031960627554209,13,0,25,0.52,4.905298605693968e-09,winter,20,0,0.10203021099843454,True,2.8903972632985777e-14,0.1728946726327957,0.1728946726327668,0.222587077287953,0.049692404655167534,0.0015230822501577472,0.0014907721396550274
pwl,9,P3_dev_run0,shoulder,1,1.2700335172227657e-09,0.0,1.2700335172227657e-09,,False,0.10242791164439083,0.005031960627554209,13,0,25,0.52,4.905298605693968e-09,winter,20,0,0.10203021099843454,True,0.0,1.0790697714726562e-09,1.0790697714726562e-09,1.3542594511269404e-09,3.5393429992256696e-10,1.7624297084693367e-11,1.0618028997677019e-11
pwl,9,P3_dev_run0,shoulder,2,3.841506316304533e-07,0.0,3.841506316304533e-07,,False,0.10242791164439083,0.005031960627554209,13,0,25,0.52,4.905298605693968e-09,winter,20,0,0.10203021099843454,True,5.977702594145689e-07,3.745112759420381e-11,-5.977328082869747e-07,7.041351373071398e-07,1.0633238851650606e-07,3.3839861983640506e-09,3.1899716554951846e-09
pwl,9,P3_dev_run0,shoulder,3,3.9694588318515035e-07,0.0,3.9694588318515035e-07,,False,0.10242791164439083,0.005031960627554209,13,0,25,0.52,4.905298605693968e-09,winter,20,0,0.10203021099843454,True,5.950761765678733e-07,0.0,-5.950761765678733e-07,7.064495010160206e-07,1.114035825702255e-07,3.6072934753127604e-09,3.3421074771067676e-09
pwl,9,P3_dev_run0,shoulder,4,0.20536482702018985,0.2,0.0053648270201898385,0.026824135100949192,False,0.10242791164439083,0.005031960627554209,13,0,25,0.52,4.905298605693968e-09,winter,20,0,0.10203021099843454,True,0.3842105677686341,2.8792803824152734e-14,-0.3842105677686053,0.4335539966271596,0.04934342885854546,0.0015432363375010641,0.001480302865756365
pwl,9,P3_dev_run0,shoulder,5,9.294510210441995e-06,0.0,9.294510210441995e-06,,False,0.10242791164439083,0.005031960627554209,13,0,25,0.52,4.905298605693968e-09,winter,20,0,0.10203021099843454,True,1.1325379880213057e-05,1.3788354876694693e-14,-1.1325379866424702e-05,1.4580463656697426e-05,3.2550838351047825e-06,9.97689604716853e-08,9.765251505314356e-08
pwl,9,P3_dev_run0,shoulder,6,9.294510271528168e-06,0.0,9.294510271528168e-06,,False,0.10242791164439083,0.005031960627554209,13,0,25,0.52,4.905298605693968e-09,winter,20,0,0.10203021099843454,True,1.1325379550958008e-05,1.2118937217087276e-14,-1.132537953883907e-05,1.458046343146489e-05,3.25508393793898e-06,9.976896386502505e-08,9.765251813816949e-08
pwl,9,P3_dev_run0,shoulder,7,9.295458559108555e-06,0.0,9.295458559108555e-06,,False,0.10242791164439083,0.005031960627554209,13,0,25,0.52,4.905298605693968e-09,winter,20,0,0.10203021099843454,True,1.132653418452383e-05,1.0597371916521996e-14,-1.132653417392646e-05,1.4581950390562483e-05,3.2554162622852143e-06,9.977914878035829e-08,9.766248786855652e-08
pwl,9,P3_dev_run0,shoulder,8,1.3319281481177502e-05,0.0,1.3319281481177502e-05,,False,0.10242791164439083,0.005031960627554209,13,0,25,0.52,4.905298605693968e-09,winter,20,0,0.10203021099843454,True,1.1321728037948762e-05,0.0,-1.1321728037948762e-05,1.738565900389463e-05,6.064040515733171e-06,1.8477766455901595e-07,1.8192121547199528e-07
pwl,9,P3_dev_run0,shoulder,9,2.626649381722223e-09,0.0,2.626649381722223e-09,,False,0.10242791164439083,0.005031960627554209,13,0,25,0.52,4.905298605693968e-09,winter,20,0,0.10203021099843454,True,2.5947536844173457e-09,2.1249751915382428e-11,-2.5735039325019635e-09,3.0023865812907484e-09,1.936190014985371e-10,3.311255295119993e-11,5.808570044956118e-12
pwl,9,P3_dev_run0,shoulder,10,0.14182186589972803,0.15,0.008178134100271961,0.05452089400181308,False,0.10242791164439083,0.005031960627554209,13,0,25,0.52,4.905298605693968e-09,winter,20,0,0.10203021099843454,True,2.6161536096316417e-14,0.17281044360383868,0.1728104436038125,0.22247863963039044,0.04966819602656111,0.0015223402507959277,0.0014900458807968347
pwl,9,P3_dev_run0,shoulder,11,6.719928253463583e-09,0.0,6.719928253463583e-09,,False,0.10242791164439083,0.005031960627554209,13,0,25,0.52,4.905298605693968e-09,winter,20,0,0.10203021099843454,True,2.4007187918781977e-09,1.882715000863907e-09,-5.180037910142907e-10,5.990459716989042e-09,8.538782705843847e-10,1.8665579941640778e-10,2.5616348117531563e-11
pwl,9,P3_dev_run0,shoulder,12,1.2582112798222176e-09,0.0,1.2582112798222176e-09,,False,0.10242791164439083,0.005031960627554209,13,0,25,0.52,4.905298605693968e-09,winter,20,0,0.10203021099843454,True,1.632865280483272e-09,0.0,-1.632865280483272e-09,1.9220760521104364e-09,4.726011299223215e-10,1.2855857406122926e-11,1.4178033897669658e-11
pwl,9,P3_dev_run0,shoulder,13,3.300628412174366e-09,0.0,3.300628412174366e-09,,False,0.10242791164439083,0.005031960627554209,13,0,25,0.52,4.905298605693968e-09,winter,20,0,0.10203021099843454,True,2.9880517908233038e-09,3.853582210568297e-09,8.655304197449933e-10,2.8122819454032013e-09,0.0,7.640088739905841e-11,0.0
pwl,9,P3_dev_run0,shoulder,14,2.8021276440581195e-12,0.0,2.8021276440581195e-12,,False,0.10242791164439083,0.005031960627554209,13,0,25,0.52,4.905298605693968e-09,winter,20,0,0.10203021099843454,True,0.0,1.3469634692199077e-10,1.3469634692199077e-10,1.3494664387057863e-10,3.637394340891055e-11,8.74307673988474e-16,1.0912183022673175e-12
pwl,9,P3_dev_run0,shoulder,15,1.1312456990040506e-09,0.0,1.1312456990040506e-09,,False,0.10242791164439083,0.005031960627554209,13,0,25,0.52,4.905298605693968e-09,winter,20,0,0.10203021099843454,True,1.4311428718498017e-09,0.0,-1.4311428718498017e-09,1.693605870541537e-09,4.1667506523355325e-10,1.179320306195038e-11,1.2500251957006608e-11
pwl,9,P3_dev_run0,shoulder,16,2.6962296086364288e-09,0.0,2.6962296086364288e-09,,False,0.10242791164439083,0.005031960627554209,13,0,25,0.52,4.905298605693968e-09,winter,20,0,0.10203021099843454,True,2.3592810415940885e-09,3.7455478528283324e-10,-1.9847262563112554e-09,2.7079042597734523e-09,0.0,4.0896816310723715e-11,0.0
pwl,9,P3_dev_run0,shoulder,17,4.5633791564091056e-09,0.0,4.5633791564091056e-09,,False,0.10242791164439083,0.005031960627554209,13,0,25,0.52,4.905298605693968e-09,winter,20,0,0.10203021099843454,True,2.8034247225471064e-09,6.173010367090599e-10,-2.1861236858380465e-09,4.262782956888221e-09,4.2132698711451486e-10,8.62161889157282e-11,1.2639809613435458e-11
pwl,9,P3_dev_run0,shoulder,18,3.6779073047751418e-09,0.0,3.6779073047751418e-09,,False,0.10242791164439083,0.005031960627554209,13,0,25,0.52,4.905298605693968e-09,winter,20,0,0.10203021099843454,True,2.9136936583221686e-09,1.1518989583058045e-11,-2.9021746687391104e-09,4.010343456547962e-09,5.428766122116317e-10,5.348602444779257e-11,1.6286298366348963e-11
pwl,9,P3_dev_run0,shoulder,19,4.322151242813774e-09,0.0,4.322151242813774e-09,,False,0.10242791164439083,0.005031960627554209,13,0,25,0.52,4.905298605693968e-09,winter,20,0,0.10203021099843454,True,3.2740569247859124e-09,1.0451111357134322e-09,-2.2289457890724802e-09,4.196818313483208e-09,0.0,7.902292705114683e-11,0.0
pwl,9,P3_dev_run0,shoulder,20,3.9848935800951035e-09,0.0,3.9848935800951035e-09,,False,0.10242791164439083,0.005031960627554209,13,0,25,0.52,4.905298605693968e-09,winter,20,0,0.10203021099843454,True,3.1266697932536124e-09,7.548786554551985e-11,-3.0511819277080925e-09,4.372258086737964e-09,5.853770145160901e-10,5.903073757991217e-11,1.756131043548272e-11
pwl,9,P3_dev_run0,shoulder,21,0.0,0.0,0.0,,False,0.10242791164439083,0.005031960627554209,13,0,25,0.52,4.905298605693968e-09,winter,20,0,0.10203021099843454,True,2.2444619932404492e-10,0.0,-2.2444619932404492e-10,2.761722006243231e-10,6.876441877281495e-11,0.0,2.06293256318445e-12
pwl,9,P3_dev_run0,shoulder,22,3.0732485651094505e-09,0.0,3.0732485651094505e-09,,False,0.10242791164439083,0.005031960627554209,13,0,25,0.52,4.905298605693968e-09,winter,20,0,0.10203021099843454,True,0.0,2.1989837393788663e-09,2.1989837393788663e-09,3.3840661144912513e-09,8.763261492547903e-10,4.739868267989117e-11,2.6289784477643734e-11
pwl,9,P3_dev_run0,shoulder,23,4.946375020241575e-09,0.0,4.946375020241575e-09,,False,0.10242791164439083,0.005031960627554209,13,0,25,0.52,4.905298605693968e-09,winter,20,0,0.10203021099843454,True,1.6639334824804949e-09,2.8475641022198844e-09,1.1836306197393896e-09,4.328616164532604e-09,0.0,1.1707170454315971e-10,0.0
qp,,P1_old_full_opt,summer,0,0.01725101669803945,0.0,0.01725101669803945,,False,0.017251016698002664,0.0008474881056933404,14,2,32,0.4375,6.652607415523346e-14,shoulder,19,0,1.383742342428856e-06,True,3.6034710471179184e-16,0.17515251189429973,0.17515251189429937,0.17515251189430667,6.670838606854887e-15,2.542464317090961e-05,2.0012515820564677e-16
qp,,P1_old_full_opt,summer,1,0.00198737059760663,0.0,0.00198737059760663,,False,0.017251016698002664,0.0008474881056933404,14,2,32,0.4375,6.652607415523346e-14,shoulder,19,0,1.383742342428856e-06,True,8.789185297330107e-17,0.0037181088735353707,0.0037181088735352827,0.004195618489585907,0.00047750961605066256,1.4934312593204708e-05,1.432528848151989e-05
qp,,P1_old_full_opt,summer,2,5.330771714056212e-14,0.0,5.330771714056212e-14,,False,0.017251016698002664,0.0008474881056933404,14,2,32,0.4375,6.652607415523346e-14,shoulder,19,0,1.383742342428856e-06,True,8.309341308638888e-14,2.301216395261175e-14,-6.008124913377713e-14,8.6082311334758e-14,0.0,6.071936769705584e-16,0.0
qp,,P1_old_full_opt,summer,3,0.022632360378045197,0.02,0.002632360378045196,0.1316180189022598,False,0.017251016698002664,0.0008474881056933404,14,2,32,0.4375,6.652607415523346e-14,shoulder,19,0,1.383742342428856e-06,True,0.042342168115515576,7.35395382600656e-17,-0.0423421681155155,0.04778009183607162,0.005437923720556239,0.0001700733345915314,0.0001631377116166873
qp,,P1_old_full_opt,summer,4,0.05109010319678191,0.0,0.05109010319678191,,False,0.017251016698002664,0.0008474881056933404,14,2,32,0.4375,6.652607415523346e-14,shoulder,19,0,1.383742342428856e-06,True,0.16842149908886894,6.682295220314803e-17,-0.1684214990888689,0.17515251189430628,0.006731012805437541,0.00022735502733390664,0.0002019303841631264
qp,,P1_old_full_opt,summer,5,0.05109010319678158,0.0,0.05109010319678158,,False,0.017251016698002664,0.0008474881056933404,14,2,32,0.4375,6.652607415523346e-14,shoulder,19,0,1.383742342428856e-06,True,0.16842149908886908,6.678941172922883e-17,-0.16842149908886903,0.17515251189430628,0.0067310128054374275,0.00022735502733390415,0.000201930384163123
qp,,P1_old_full_opt,summer,6,0.00979559063792043,0.0,0.00979559063792043,,False,0.017251016698002664,0.0008474881056933404,14,2,32,0.4375,6.652607415523346e-14,shoulder,19,0,1.383742342428856e-06,True,0.018326261099298524,7.380598927215611e-17,-0.01832626109929845,0.020679867784463464,0.0023536066851651285,7.361003166515701e-05,7.060820055495392e-05
qp,,P1_old_full_opt,summer,7,6.2627995685766665e-06,0.0,6.2627995685766665e-06,,False,0.017251016698002664,0.0008474881056933404,14,2,32,0.4375,6.652607415523346e-14,shoulder,19,0,1.383742342428856e-06,True,1.1716873844239455e-05,1.267917372118655e-16,-1.1716873844112663e-05,1.3221649568739247e-05,1.5047757245582606e-06,4.706248892158964e-08,4.5143271736747854e-08
qp,,P1_old_full_opt,summer,8,9.615789835655882e-06,0.0,9.615789835655882e-06,,False,0.017251016698002664,0.0008474881056933404,14,2,32,0.4375,6.652607415523346e-14,shoulder,19,0,1.383742342428856e-06,True,1.171687384387665e-05,5.489090691892939e-17,-1.171687384382176e-05,1.5084471151100081e-05,3.367597307342283e-06,1.0321753835562097e-07,1.0102791922026857e-07
qp,,P1_old_full_opt,summer,9,2.925107004381855e-14,0.0,2.925107004381855e-14,,False,0.017251016698002664,0.0008474881056933404,14,2,32,0.4375,6.652607415523346e-14,shoulder,19,0,1.383742342428856e-06,True,1.5175112420030047e-14,3.451269655854807e-15,-1.172384276417524e-14,3.430464450298412e-14,1.6509993374681438e-14,5.936768204269634e-16,4.952998012404436e-16
qp,,P1_old_full_opt,summer,10,2.673611387798693e-14,0.0,2.673611387798693e-14,,False,0.017251016698002664,0.0008474881056933404,14,2,32,0.4375,6.652607415523346e-14,shoulder,19,0,1.383742342428856e-06,True,1.508769279603382e-15,1.6663390159927343e-15,1.5756973638935224e-16,2.8988313414913257e-14,2.458876028999814e-14,7.973702537253101e-16,7.376628086999449e-16
qp,,P1_old_full_opt,summer,11,2.720122227176413e-14,0.0,2.720122227176413e-14,,False,0.017251016698002664,0.0008474881056933404,14,2,32,0.4375,6.652607415523346e-14,shoulder,19,0,1.383742342428856e-06,True,1.9575306077247883e-15,1.5094463082390207e-15,-4.480842994857676e-16,2.938223230881752e-14,2.4809220401577746e-14,8.027048506936487e-16,7.44276612047333e-16
qp,,P1_old_full_opt,summer,12,2.6828848355635968e-14,0.0,2.6828848355635968e-14,,False,0.017251016698002664,0.0008474881056933404,14,2,32,0.4375,6.652607415523346e-14,shoulder,19,0,1.383742342428856e-06,True,1.8649532014994012e-15,1.3989881228645074e-15,-4.659650786348938e-16,2.902751493803479e-14,2.4661305498386865e-14,7.910078828064715e-16,7.398391649516066e-16
qp,,P1_old_full_opt,summer,13,2.583268342943547e-14,0.0,2.583268342943547e-14,,False,0.017251016698002664,0.0008474881056933404,14,2,32,0.4375,6.652607415523346e-14,shoulder,19,0,1.383742342428856e-06,True,1.405011324943057e-15,1.6939103390248012e-15,2.888990140817442e-16,2.8134468235874544e-14,2.3885832150885333e-14,7.6636199434286e-16,7.165749645265606e-16
qp,,P1_old_full_opt,summer,14,2.86050773799735e-14,0.0,2.86050773799735e-14,,False,0.017251016698002664,0.0008474881056933404,14,2,32,0.4375,6.652607415523346e-14,shoulder,19,0,1.383742342428856e-06,True,2.2442672538035786e-15,6.250206978821594e-15,4.005939725018016e-15,3.1187249488935946e-14,2.2194252604729927e-14,7.463483251520153e-16,6.658275781418984e-16
qp,,P1_old_full_opt,summer,15,0.050362716280821306,0.0,0.050362716280821306,,False,0.017251016698002664,0.0008474881056933404,14,2,32,0.4375,6.652607415523346e-14,shoulder,19,0,1.383742342428856e-06,True,4.354996426965285e-17,0.06136714734636725,0.06136714734636721,0.07900494423183362,0.017637796885466482,0.0005406020407865438,0.000529133906563995
qp,,P1_old_full_opt,summer,16,0.09633844818088434,0.0,0.09633844818088434,,False,0.017251016698002664,0.0008474881056933404,14,2,32,0.4375,6.652607415523346e-14,shoulder,19,0,1.383742342428856e-06,True,4.410931019564997e-17,0.11738873875809026,0.11738873875809022,0.15112794320847506,0.03373920445038492,0.0010341134382504426,0.0010121761335115484
qp,,P1_old_full_opt,summer,17,5.106913294998293e-14,0.0,5.106913294998293e-14,,False,0.017251016698002664,0.0008474881056933404,14,2,32,0.4375,6.652607415523346e-14,shoulder,19,0,1.383742342428856e-06,True,1.1430155536704968e-14,3.68179697238833e-14,2.538781418717833e-14,6.160668273475627e-14,1.9257662957947137e-14,9.49312009700249e-16,5.777298887384146e-16
qp,,P1_old_full_opt,summer,18,3.1832301934185073e-14,0.0,3.1832301934185073e-14,,False,0.017251016698002664,0.0008474881056933404,14,2,32,0.4375,6.652607415523346e-14,shoulder,19,0,1.383742342428856e-06,True,2.675314666289247e-15,3.752864768640488e-15,1.0775501023512413e-15,3.400342857095819e-14,2.6426448175325327e-14,9.231895379183e-16,7.927934452597605e-16
qp,,P1_old_full_opt,summer,19,3.121380438448817e-14,0.0,3.121380438448817e-14,,False,0.017251016698002664,0.0008474881056933404,14,2,32,0.4375,6.652607415523346e-14,shoulder,19,0,1.383742342428856e-06,True,2.4573516097142167e-15,1.6612707111018152e-15,-7.960808986124015e-16,3.3312870301848354e-14,2.771421952118875e-14,9.128362053187954e-16,8.314265856356632e-16
qp,,P1_old_full_opt,summer,20,3.062076685273723e-14,0.0,3.062076685273723e-14,,False,0.017251016698002664,0.0008474881056933404,14,2,32,0.4375,6.652607415523346e-14,shoulder,19,0,1.383742342428856e-06,True,2.2973873639380928e-15,1.5891774318680354e-15,-7.082099320700573e-16,3.2733011523294394e-14,2.7386593314095674e-14,8.97622371414441e-16,8.215977994228709e-16
qp,,P1_old_full_opt,summer,21,2.8910854594102284e-14,0.0,2.8910854594102284e-14,,False,0.017251016698002664,0.0008474881056933404,14,2,32,0.4375,6.652607415523346e-14,shoulder,19,0,1.383742342428856e-06,True,1.6308853793477022e-15,2.022912036628218e-15,3.920266572805158e-16,3.1101729034451006e-14,2.600599457844314e-14,8.556445717401722e-16,7.80179837353295e-16
qp,,P1_old_full_opt,summer,22,2.689109843948325e-14,0.0,2.689109843948325e-14,,False,0.017251016698002664,0.0008474881056933404,14,2,32,0.4375,6.652607415523346e-14,shoulder,19,0,1.383742342428856e-06,True,5.822379635768773e-15,2.1754223769972224e-15,-3.6469572587715504e-15,2.959972325842478e-14,2.089332005063233e-14,7.047094095846958e-16,6.267996015189704e-16
qp,,P1_old_full_opt,summer,23,7.15955819415364e-14,0.0,7.15955819415364e-14,,False,0.017251016698002664,0.0008474881056933404,14,2,32,0.4375,6.652607415523346e-14,shoulder,19,0,1.383742342428856e-06,True,9.655121583551308e-14,3.149478488508504e-14,-6.505643095042805e-14,1.0351982946216778e-13,0.0,9.50451090208415e-16,0.0
qp,,P1_old_full_opt,winter,0,0.051090103196718854,0.0,0.051090103196718854,,False,0.017251016698002664,0.0008474881056933404,14,2,32,0.4375,6.652607415523346e-14,shoulder,19,0,1.383742342428856e-06,True,3.1305157372882943e-16,0.1684214990888824,0.1684214990888821,0.17515251189430656,0.006731012805424509,0.00022735502733334126,0.00020193038416273544
qp,,P1_old_full_opt,winter,1,0.002126149814525984,0.0,0.002126149814525984,,False,0.017251016698002664,0.0008474881056933404,14,2,32,0.4375,6.652607415523346e-14,shoulder,19,0,1.383742342428856e-06,True,2.3271601389546456e-16,0.0025907210449965102,0.0025907210449962774,0.003335331370758944,0.0007446103257629516,2.2822457039812327e-05,2.233830977288857e-05
qp,,P1_old_full_opt,winter,2,9.74732512097641e-14,0.0,9.74732512097641e-14,,False,0.017251016698002664,0.0008474881056933404,14,2,32,0.4375,6.652607415523346e-14,shoulder,19,0,1.383742342428856e-06,True,3.1169015537548105e-14,0.0,-3.1169015537548105e-14,1.14571141555862e-13,9.033670569544185e-14,2.1349927266895514e-15,2.710101170863258e-15
qp,,P1_old_full_opt,winter,3,0.08296582568134125,0.0,0.08296582568134125,,False,0.017251016698002664,0.0008474881056933404,14,2,32,0.4375,6.652607415523346e-14,shoulder,19,0,1.383742342428856e-06,True,0.15521814252529506,1.4457802249630015e-16,-0.15521814252529492,0.1751525118942804,0.019934369368986106,0.0006234557242402558,0.0005980310810695837
qp,,P1_old_full_opt,winter,4,0.051090103196832125,0.0,0.051090103196832125,,False,0.017251016698002664,0.0008474881056933404,14,2,32,0.4375,6.652607415523346e-14,shoulder,19,0,1.383742342428856e-06,True,0.1684214990888441,1.3743289315387566e-16,-0.16842149908884396,0.17515251189430228,0.0067310128054589805,0.00022735502733437627,0.0002019303841637696
qp,,P1_old_full_opt,winter,5,0.03481635554532935,0.02,0.014816355545329351,0.7408177772664676,False,0.017251016698002664,0.0008474881056933404,14,2,32,0.4375,6.652607415523346e-14,shoulder,19,0,1.383742342428856e-06,True,0.0651368198033488,1.4982751881939308e-16,-0.06513681980334865,0.0735022170717246,0.008365397268376517,0.00026163129196480684,0.00025096191805129575
qp,,P1_old_full_opt,winter,6,9.615789648778373e-06,0.0,9.615789648778373e-06,,False,0.017251016698002664,0.0008474881056933404,14,2,32,0.4375,6.652607415523346e-14,shoulder,19,0,1.383742342428856e-06,True,1.171687384727227e-05,1.3438319724553745e-16,-1.1716873847137887e-05,1.5084471053515963e-05,3.3675972069785814e-06,1.0321753477642409e-07,1.0102791620935753e-07
qp,,P1_old_full_opt,winter,7,9.615789849061266e-06,0.0,9.615789849061266e-06,,False,0.017251016698002664,0.0008474881056933404,14,2,32,0.4375,6.652607415523346e-14,shoulder,19,0,1.383742342428856e-06,True,1.1716873844962247e-05,8.106538991126503e-17,-1.1716873844881181e-05,1.508447116398412e-05,3.3675973197197775e-06,1.032175386035352e-07,1.0102791959159341e-07
qp,,P1_old_full_opt,winter,8,9.615789883729859e-06,0.0,9.615789883729859e-06,,False,0.017251016698002664,0.0008474881056933404,14,2,32,0.4375,6.652607415523346e-14,shoulder,19,0,1.383742342428856e-06,True,1.171687384030662e-05,1.9569849870476763e-18,-1.1716873840304664e-05,1.5084471182438718e-05,3.3675973427638874e-06,1.0321753929450551e-07,1.0102792028291672e-07
qp,,P1_old_full_opt,winter,9,0.03697393408939845,0.0,0.03697393408939845,,False,0.017251016698002664,0.0008474881056933404,14,2,32,0.4375,6.652607415523346e-14,shoulder,19,0,1.383742342428856e-06,True,4.896645812150461e-17,0.045052869042761776,0.04505286904276173,0.05800170873380524,0.012948839691043913,0.00039688455470097576,0.00038846519073131773
qp,,P1_old_full_opt,winter,10,0.0510901031967899,0.0,0.0510901031967899,,False,0.017251016698002664,0.0008474881056933404,14,2,32,0.4375,6.652607415523346e-14,shoulder,19,0,1.383742342428856e-06,True,8.878248758295582e-17,0.16842149908886636,0.16842149908886628,0.1751525118943062,0.006731012805440168,0.0002273550273339799,0.00020193038416320522
qp,,P1_old_full_opt,winter,11,0.09938016081388715,0.0,0.09938016081388715,,False,0.017251016698002664,0.0008474881056933404,14,2,32,0.4375,6.652607415523346e-14,shoulder,19,0,1.383742342428856e-06,True,5.710451420389308e-17,0.14425043443408847,0.14425043443408841,0.17515251189428252,0.03090207746019448,0.0009275934148084081,0.0009270623238058352
qp,,P1_old_full_opt,winter,12,1.1441274909920795e-13,0.0,1.1441274909920795e-13,,False,0.017251016698002664,0.0008474881056933404,14,2,32,0.4375,6.652607415523346e-14,shoulder,19,0,1.383742342428856e-06,True,0.0,2.235700298194607e-14,2.235700298194607e-14,1.221434530197727e-13,1.0873566377434526e-13,2.826589077741325e-15,3.2620699132303607e-15
qp,,P1_old_full_opt,winter,13,1.0073877411178188e-13,0.0,1.0073877411178188e-13,,False,0.017251016698002664,0.0008474881056933404,14,2,32,0.4375,6.652607415523346e-14,shoulder,19,0,1.383742342428856e-06,True,1.1770324144761809e-14,0.0,-1.1770324144761809e-14,1.0911977829898042e-13,1.0686061788754103e-13,2.6896122521143534e-15,3.2058185366262336e-15
qp,,P1_old_full_opt,winter,14,1.054893878096302e-13,0.0,1.054893878096302e-13,,False,0.017251016698002664,0.0008474881056933404,14,2,32,0.4375,6.652607415523346e-14,shoulder,19,0,1.383742342428856e-06,True,0.0,0.0,0.0,1.1197599405570023e-13,1.230169315119922e-13,3.164681634288909e-15,3.690507945359769e-15
qp,,P1_old_full_opt,winter,15,1.0941866903718419e-13,0.0,1.0941866903718419e-13,,False,0.017251016698002664,0.0008474881056933404,14,2,32,0.4375,6.652607415523346e-14,shoulder,19,0,1.383742342428856e-06,True,0.0,0.0,0.0,1.1535528282610216e-13,1.2613161773238974e-13,3.2825600711155284e-15,3.783948531971695e-15
qp,,P1_old_full_opt,winter,16,1.149366118228617e-13,0.0,1.149366118228617e-13,,False,0.017251016698002664,0.0008474881056933404,14,2,32,0.4375,6.652607415523346e-14,shoulder,19,0,1.383742342428856e-06,True,0.0,1.0279503884118601e-14,1.0279503884118601e-14,1.208297385355876e-13,1.2059992141872294e-13,3.1534761810561905e-15,3.617997642561691e-15
qp,,P1_old_full_opt,winter,17,1.3312626092372343e-13,0.0,1.3312626092372343e-13,,False,0.017251016698002664,0.0008474881056933404,14,2,32,0.4375,6.652607415523346e-14,shoulder,19,0,1.383742342428856e-06,True,0.0,3.417987298301315e-14,3.417987298301315e-14,1.418024176330495e-13,1.1826062762719787e-13,3.0979251123486463e-15,3.5478188288159394e-15
qp,,P1_old_full_opt,winter,18,1.232363206784062e-13,0.0,1.232363206784062e-13,,False,0.017251016698002664,0.0008474881056933404,14,2,32,0.4375,6.652607415523346e-14,shoulder,19,0,1.383742342428856e-06,True,0.0,1.9233799160367483e-15,1.9233799160367483e-15,1.279374839519821e-13,1.3763860228953454e-13,3.639838475486756e-15,4.12915806868604e-15
qp,,P1_old_full_opt,winter,19,1.1929655906353897e-13,0.0,1.1929655906353897e-13,,False,0.017251016698002664,0.0008474881056933404,14,2,32,0.4375,6.652607415523346e-14,shoulder,19,0,1.383742342428856e-06,True,0.0,0.0,0.0,1.2441860130951863e-13,1.373650227547686e-13,3.578896771906172e-15,4.120950682643062e-15
qp,,P1_old_full_opt,winter,20,1.1358695676194655e-13,0.0,1.1358695676194655e-13,,False,0.017251016698002664,0.0008474881056933404,14,2,32,0.4375,6.652607415523346e-14,shoulder,19,0,1.383742342428856e-06,True,0.0,0.0,0.0,1.195351108242067e-13,1.3185322837582918e-13,3.4076087028583996e-15,3.9555968512748785e-15
qp,,P1_old_full_opt,winter,21,1.4304020174011662e-13,0.0,1.4304020174011662e-13,,False,0.017251016698002664,0.0008474881056933404,14,2,32,0.4375,6.652607415523346e-14,shoulder,19,0,1.383742342428856e-06,True,1.2123413623872937e-13,0.0,-1.2123413623872937e-13,2.0457759946698885e-13,9.504404616100122e-14,1.988133118913668e-15,2.8513213848300392e-15
qp,,P1_old_full_opt,winter,22,0.03572411359085781,0.02,0.01572411359085781,0.7862056795428904,False,0.017251016698002664,0.0008474881056933404,14,2,32,0.4375,6.652607415523346e-14,shoulder,19,0,1.383742342428856e-06,True,0.04352995835900295,1.4239859097638997e-17,-0.04352995835900294,0.05604109171239874,0.01251113335339643,0.00038346876695071223,0.00037533400060189327
qp,,P1_old_full_opt,winter,23,0.08296582568133112,0.0,0.08296582568133112,,False,0.017251016698002664,0.0008474881056933404,14,2,32,0.4375,6.652607415523346e-14,shoulder,19,0,1.383742342428856e-06,True,0.15521814252532432,3.6518145802344556e-18,-0.15521814252532432,0.1751525118943028,0.01993436936897918,0.0006234557242400085,0.000598031081069376
qp,,P1_old_full_opt,shoulder,0,0.017251016698007868,0.0,0.017251016698007868,,False,0.017251016698002664,0.0008474881056933404,14,2,32,0.4375,6.652607415523346e-14,shoulder,19,0,1.383742342428856e-06,True,3.2899024875889647e-17,0.17515251189430564,0.1751525118943056,0.17515251189430664,1.0629811971795572e-15,2.5424643170816352e-05,3.1889435915386746e-17
qp,,P1_old_full_opt,shoulder,1,0.0019873705975564215,0.0,0.0019873705975564215,,False,0.017251016698002664,0.0008474881056933404,14,2,32,0.4375,6.652607415523346e-14,shoulder,19,0,1.383742342428856e-06,True,3.4596212290351576e-17,0.0037181088734837267,0.003718108873483692,0.004195618489515034,0.0004775096160313662,1.4934312592677422e-05,1.4325288480940998e-05
qp,,P1_old_full_opt,shoulder,2,1.3154367720999178e-14,0.0,1.3154367720999178e-14,,False,0.017251016698002664,0.0008474881056933404,14,2,32,0.4375,6.652607415523346e-14,shoulder,19,0,1.383742342428856e-06,True,1.4488129677646748e-14,5.380950306729493e-15,-9.107179370917256e-15,1.9884691738110294e-14,3.901499183221295e-15,2.0676409302736062e-16,1.1704497549663894e-16
qp,,P1_old_full_opt,shoulder,3,0.06654328738175888,0.0,0.06654328738175888,,False,0.017251016698002664,0.0008474881056933404,14,2,32,0.4375,6.652607415523346e-14,shoulder,19,0,1.383742342428856e-06,True,0.12449373437917383,2.7409477043015534e-17,-0.1244937343791738,0.1404822267349236,0.01598849235574986,0.0005000467733217353,0.00047965477067249624
qp,,P1_old_full_opt,shoulder,4,0.0510901031967842,0.0,0.0510901031967842,,False,0.017251016698002664,0.0008474881056933404,14,2,32,0.4375,6.652607415523346e-14,shoulder,19,0,1.383742342428856e-06,True,0.16842149908886864,2.51647519293526e-17,-0.1684214990888686,0.17515251189430642,0.006731012805437839,0.00022735502733392746,0.00020193038416313534
qp,,P1_old_full_opt,shoulder,5,0.05590429345859639,0.02,0.03590429345859639,1.7952146729298193,False,0.017251016698002664,0.0008474881056933404,14,2,32,0.4375,6.652607415523346e-14,shoulder,19,0,1.383742342428856e-06,True,0.10458957671510216,2.7503325663271195e-17,-0.10458957671510213,0.11802181614578298,0.01343223943068092,0.00042009889590256,0.00040296718292042794
qp,,P1_old_full_opt,shoulder,6,6.262799552520925e-06,0.0,6.262799552520925e-06,,False,0.017251016698002664,0.0008474881056933404,14,2,32,0.4375,6.652607415523346e-14,shoulder,19,0,1.383742342428856e-06,True,1.1716873844501895e-05,2.1484336325320207e-17,-1.171687384448041e-05,1.3221649559830892e-05,1.5047757154147855e-06,4.706248869322825e-08,4.5143271462443606e-08
qp,,P1_old_full_opt,shoulder,7,6.262799557263043e-06,0.0,6.262799557263043e-06,,False,0.017251016698002664,0.0008474881056933404,14,2,32,0.4375,6.652607415523346e-14,shoulder,19,0,1.383742342428856e-06,True,1.1716873844590757e-05,1.5457134061981044e-17,-1.17168738445753e-05,1.3221649562510653e-05,1.5047757179999538e-06,4.706248875995466e-08,4.514327153999866e-08
qp,,P1_old_full_opt,shoulder,8,1.1834388119000986e-14,0.0,1.1834388119000986e-14,,False,0.017251016698002664,0.0008474881056933404,14,2,32,0.4375,6.652607415523346e-14,shoulder,19,0,1.383742342428856e-06,True,1.0064060815228428e-14,2.3106704713320363e-15,-7.753390343896391e-15,1.5668502859431757e-14,4.894864238001844e-15,1.918403040718583e-16,1.4684592714005544e-16
qp,,P1_old_full_opt,shoulder,9,1.0860479174555731e-14,0.0,1.0860479174555731e-14,,False,0.017251016698002664,0.0008474881056933404,14,2,32,0.4375,6.652607415523346e-14,shoulder,19,0,1.383742342428856e-06,True,1.1459638731362036e-15,6.155260926092469e-15,5.009297052956266e-15,1.3289449542559676e-14,6.5836225595737735e-15,2.0852292561277298e-16,1.9750867678721338e-16
qp,,P1_old_full_opt,shoulder,10,0.08296582568137413,0.0,0.08296582568137413,,False,0.017251016698002664,0.0008474881056933404,14,2,32,0.4375,6.652607415523346e-14,shoulder,19,0,1.383742342428856e-06,True,1.7571572531372297e-17,0.15521814252530802,0.155218142525308,0.175152511894304,0.019934369368996032,0.0006234557242406747,0.0005980310810698814
qp,,P1_old_full_opt,shoulder,11,0.015794613769496292,0.0,0.015794613769496292,,False,0.017251016698002664,0.0008474881056933404,14,2,32,0.4375,6.652607415523346e-14,shoulder,19,0,1.383742342428856e-06,True,1.676010452538263e-17,0.023554780961324254,0.023554780961324236,0.028360101846157375,0.004805320884833178,0.00014416076557704485,0.00014415962654499548
qp,,P1_old_full_opt,shoulder,12,8.635965584689776e-15,0.0,8.635965584689776e-15,,False,0.017251016698002664,0.0008474881056933404,14,2,32,0.4375,6.652607415523346e-14,shoulder,19,0,1.383742342428856e-06,True,5.033593646017223e-16,1.249580228899683e-15,7.462208642979607e-16,1.0038399449394175e-14,8.120743138951017e-15,2.376577403673414e-16,2.4362229416853073e-16
qp,,P1_old_full_opt,shoulder,13,8.468977265546077e-15,0.0,8.468977265546077e-15,,False,0.017251016698002664,0.0008474881056933404,14,2,32,0.4375,6.652607415523346e-14,shoulder,19,0,1.383742342428856e-06,True,1.816790576044487e-15,5.350109443264166e-16,-1.2817796317180702e-15,1.0081792965200236e-14,7.566356169572195e-15,2.1850941274115696e-16,2.2699068508716606e-16
qp,,P1_old_full_opt,shoulder,14,8.743883491980892e-15,0.0,8.743883491980892e-15,,False,0.017251016698002664,0.0008474881056933404,14,2,32,0.4375,6.652607415523346e-14,shoulder,19,0,1.383742342428856e-06,True,4.93209564262223e-16,4.58660754485383e-16,-3.4548809776839983e-17,1.0120235542565237e-14,8.871858063959467e-15,2.6128208809564377e-16,2.6615574191878424e-16
qp,,P1_old_full_opt,shoulder,15,9.16338182374374e-15,0.0,9.16338182374374e-15,,False,0.017251016698002664,0.0008474881056933404,14,2,32,0.4375,6.652607415523346e-14,shoulder,19,0,1.383742342428856e-06,True,5.527278859675315e-16,1.5299024195950836e-15,9.77174533627552e-16,1.0537164946319742e-14,8.29137429981057e-15,2.471448747941585e-16,2.487412289943173e-16
qp,,P1_old_full_opt,shoulder,16,1.672237224199658e-14,0.0,1.672237224199658e-14,,False,0.017251016698002664,0.0008474881056933404,14,2,32,0.4375,6.652607415523346e-14,shoulder,19,0,1.383742342428856e-06,True,5.862245164822081e-15,1.8905766263548527e-14,1.3043521098726445e-14,2.3611337937846106e-14,3.271682098532389e-15,2.44928646567012e-16,9.815046295597175e-17
qp,,P1_old_full_opt,shoulder,17,2.7989222848794815e-14,0.0,2.7989222848794815e-14,,False,0.017251016698002664,0.0008474881056933404,14,2,32,0.4375,6.652607415523346e-14,shoulder,19,0,1.383742342428856e-06,True,2.2874294402977257e-14,4.6297004116762255e-14,2.3422709713784998e-14,4.335948566170981e-14,0.0,3.9222415355152243e-16,0.0
qp,,P1_old_full_opt,shoulder,18,2.0709229378277362e-14,0.0,2.0709229378277362e-14,,False,0.017251016698002664,0.0008474881056933404,14,2,32,0.4375,6.652607415523346e-14,shoulder,19,0,1.383742342428856e-06,True,9.236483649565313e-15,2.4753076478910807e-14,1.5516592829345494e-14,2.9355386781100677e-14,2.2024621749326087e-15,3.1082247830128264e-16,6.607386524797832e-17
qp,,P1_old_full_opt,shoulder,19,6.008297575649886e-14,0.0,6.008297575649886e-14,,False,0.017251016698002664,0.0008474881056933404,14,2,32,0.4375,6.652607415523346e-14,shoulder,19,0,1.383742342428856e-06,True,6.652607415523346e-14,1.2477604121265988e-13,5.824996705742643e-14,9.571221074622977e-14,0.0,7.630229208945202e-16,0.0
qp,,P1_old_full_opt,shoulder,20,1.641560184398093e-14,0.0,1.641560184398093e-14,,False,0.017251016698002664,0.0008474881056933404,14,2,32,0.4375,6.652607415523346e-14,shoulder,19,0,1.383742342428856e-06,True,4.615673377879841e-15,1.57014908072502e-14,1.108581742937036e-14,2.189363963979722e-14,4.8570141167048014e-15,2.616734041490959e-16,1.4571042350114417e-16
qp,,P1_old_full_opt,shoulder,21,9.845900719470466e-15,0.0,9.845900719470466e-15,,False,0.017251016698002664,0.0008474881056933404,14,2,32,0.4375,6.652607415523346e-14,shoulder,19,0,1.383742342428856e-06,True,6.298916145660117e-16,5.620548382802996e-16,-6.783677628571205e-17,1.1099622782955444e-14,9.551309408367219e-15,2.933489289902528e-16,2.865392822510168e-16
qp,,P1_old_full_opt,shoulder,22,9.428381146576806e-15,0.0,9.428381146576806e-15,,False,0.017251016698002664,0.0008474881056933404,14,2,32,0.4375,6.652607415523346e-14,shoulder,19,0,1.383742342428856e-06,True,5.444011460395977e-16,5.946946089324113e-16,5.0293462892813626e-17,1.0766231025945234e-14,9.25088415438953e-15,2.8134665466012326e-16,2.7752652463168615e-16
qp,,P1_old_full_opt,shoulder,23,9.471651997794894e-15,0.0,9.471651997794894e-15,,False,0.017251016698002664,0.0008474881056933404,14,2,32,0.4375,6.652607415523346e-14,shoulder,19,0,1.383742342428856e-06,True,2.3169989038312854e-15,6.451358684483321e-16,-1.6718630353829533e-15,1.1039238734450557e-14,7.906500411893643e-15,2.3838628231836733e-16,2.371950123568095e-16
qp,,P2_dev_run1,summer,0,0.09218594538395664,0.1,0.00781405461604337,0.0781405461604337,False,0.02969919351985686,0.0014590278183243305,12,0,26,0.46153846153846156,6.14883865398783e-14,winter,9,0,1.2789584400294687e-06,True,1.700459724847413e-16,0.1724677732297842,0.17246777322978404,0.19461747970014986,0.022149706470365904,0.0006927413169476788,0.0006644911941109777
qp,,P2_dev_run1,summer,1,3.933030376571126e-14,0.0,3.933030376571126e-14,,False,0.02969919351985686,0.0014590278183243305,12,0,26,0.46153846153846156,6.14883865398783e-14,winter,9,0,1.2789584400294687e-06,True,1.0267750295782799e-15,0.0,-1.0267750295782799e-15,4.5424473028318434e-14,4.5534988436780136e-14,1.1495078755272257e-15,1.3660496531034053e-15
qp,,P2_dev_run1,summer,2,3.1782086127914963e-07,0.0,3.1782086127914963e-07,,False,0.02969919351985686,0.0014590278183243305,12,0,26,0.46153846153846156,6.14883865398783e-14,winter,9,0,1.2789584400294687e-06,True,5.946008084357593e-07,1.60600083374659e-16,-5.946008082751592e-07,6.709643169990827e-07,7.636350890239261e-08,2.3883001573094706e-09,2.2909052670717803e-09
qp,,P2_dev_run1,summer,3,3.1782075148527036e-07,0.0,3.1782075148527036e-07,,False,0.02969919351985686,0.0014590278183243305,12,0,26,0.46153846153846156,6.14883865398783e-14,winter,9,0,1.2789584400294687e-06,True,5.946008107612475e-07,1.7767512768659334e-16,-5.946008105835724e-07,6.709642575295209e-07,7.636344712153668e-08,2.388298596437741e-09,2.2909034136461027e-09
qp,,P2_dev_run1,summer,4,0.09130946106064894,0.05,0.041309461060648936,0.8261892212129787,False,0.02969919351985686,0.0014590278183243305,12,0,26,0.46153846153846156,6.14883865398783e-14,winter,9,0,1.2789584400294687e-06,True,0.18941712581515877,1.7606877169992176e-16,-0.1894171258151586,0.20994122361383658,0.020524097798678174,0.0006257854185239336,0.0006157229339603458
qp,,P2_dev_run1,summer,5,0.0908991290166128,0.0,0.0908991290166128,,False,0.02969919351985686,0.0014590278183243305,12,0,26,0.46153846153846156,6.14883865398783e-14,winter,9,0,1.2789584400294687e-06,True,0.19385065790659609,1.758892224689643e-16,-0.19385065790659592,0.21388024589482627,0.020029587988230544,0.0006076147238047105,0.0006008876396469168
qp,,P2_dev_run1,summer,6,6.0385943603436285e-06,0.0,6.0385943603436285e-06,,False,0.02969919351985686,0.0014590278183243305,12,0,26,0.46153846153846156,6.14883865398783e-14,winter,9,0,1.2789584400294687e-06,True,1.1297415354821467e-05,1.7164280137099078e-16,-1.1297415354649824e-05,1.2748320842554065e-05,1.450905488094304e-06,4.537767465819987e-08,4.3527164642829155e-08
qp,,P2_dev_run1,summer,7,6.038594367489889e-06,0.0,6.038594367489889e-06,,False,0.02969919351985686,0.0014590278183243305,12,0,26,0.46153846153846156,6.14883865398783e-14,winter,9,0,1.2789584400294687e-06,True,1.1297415353965008e-05,1.3894053518249003e-16,-1.1297415353826068e-05,1.27483208455363e-05,1.4509054919156247e-06,4.53776747621796e-08,4.352716475746878e-08
qp,,P2_dev_run1,summer,8,9.271549164822574e-06,0.0,9.271549164822574e-06,,False,0.02969919351985686,0.0014590278183243305,12,0,26,0.46153846153846156,6.14883865398783e-14,winter,9,0,1.2789584400294687e-06,True,1.1297415353455692e-05,1.130739783948272e-16,-1.1297415353342619e-05,1.4544454295253925e-05,3.247038942096435e-06,9.952240004185214e-08,9.741116826289314e-08
qp,,P2_dev_run1,summer,9,5.790333244413639e-14,0.0,5.790333244413639e-14,,False,0.02969919351985686,0.0014590278183243305,12,0,26,0.46153846153846156,6.14883865398783e-14,winter,9,0,1.2789584400294687e-06,True,2.378113651124977e-14,0.0,-2.378113651124977e-14,6.709825939862135e-14,4.4632559573796383e-14,1.1644648704518253e-15,1.3389767872138927e-15
qp,,P2_dev_run1,summer,10,5.392681856215453e-14,0.0,5.392681856215453e-14,,False,0.02969919351985686,0.0014590278183243305,12,0,26,0.46153846153846156,6.14883865398783e-14,winter,9,0,1.2789584400294687e-06,True,3.912470378222068e-17,0.0,-3.912470378222068e-17,5.76733333249727e-14,5.867899004859805e-14,1.6166312415343764e-15,1.760369701457943e-15
qp,,P2_dev_run1,summer,11,5.509442322460626e-14,0.0,5.509442322460626e-14,,False,0.02969919351985686,0.0014590278183243305,12,0,26,0.46153846153846156,6.14883865398783e-14,winter,9,0,1.2789584400294687e-06,True,0.0,1.1063034017329576e-15,1.1063034017329576e-15,5.869796380239099e-14,5.861587554895827e-14,1.6199767819118235e-15,1.7584762664687496e-15
qp,,P2_dev_run1,summer,12,5.427536190643124e-14,0.0,5.427536190643124e-14,,False,0.02969919351985686,0.0014590278183243305,12,0,26,0.46153846153846156,6.14883865398783e-14,winter,9,0,1.2789584400294687e-06,True,0.0,7.68725771575132e-16,7.68725771575132e-16,5.791330992527653e-14,5.817955425553674e-14,1.6053623928633644e-15,1.7453866276661037e-15
qp,,P2_dev_run1,summer,13,5.1969402982920005e-14,0.0,5.1969402982920005e-14,,False,0.02969919351985686,0.0014590278183243305,12,0,26,0.46153846153846156,6.14883865398783e-14,winter,9,0,1.2789584400294687e-06,True,2.086864655921775e-16,0.0,-2.086864655921775e-16,5.58340166354659e-14,5.6766754726054916e-14,1.5528340653771555e-15,1.703002641781649e-15
qp,,P2_dev_run1,summer,14,5.899986567422854e-14,0.0,5.899986567422854e-14,,False,0.02969919351985686,0.0014590278183243305,12,0,26,0.46153846153846156,6.14883865398783e-14,winter,9,0,1.2789584400294687e-06,True,0.0,1.2273164223047612e-14,1.2273164223047612e-14,6.391358455063878e-14,5.263467479582132e-14,1.4396914742366334e-15,1.5790402438746409e-15
qp,,P2_dev_run1,summer,15,0.051865375523511954,0.0,0.051865375523511954,,False,0.02969919351985686,0.0014590278183243305,12,0,26,0.46153846153846156,6.14883865398783e-14,winter,9,0,1.2789584400294687e-06,True,1.1296460969354583e-16,0.06319814293134318,0.06319814293134307,0.08136219416661235,0.01816405123526938,0.0005567318430131701,0.0005449215370580819
qp,,P2_dev_run1,summer,16,0.08958404958643812,0.1,0.010415950413561886,0.10415950413561886,False,0.02969919351985686,0.0014590278183243305,12,0,26,0.46153846153846156,6.14883865398783e-14,winter,9,0,1.2789584400294687e-06,True,1.140225225164134e-16,0.1091584802575396,0.10915848025753949,0.1405321905628489,0.03137371030530954,0.0009616105644164355,0.0009412113091592871
qp,,P2_dev_run1,summer,17,1.195310167530302e-13,0.0,1.195310167530302e-13,,False,0.02969919351985686,0.0014590278183243305,12,0,26,0.46153846153846156,6.14883865398783e-14,winter,9,0,1.2789584400294687e-06,True,8.671375316447065e-15,7.407556886268644e-14,6.540419354623938e-14,1.4509498139042377e-13,7.492096841424367e-14,2.1255184111912555e-15,2.2476290524273124e-15
qp,,P2_dev_run1,summer,18,6.568249255207822e-14,0.0,6.568249255207822e-14,,False,0.02969919351985686,0.0014590278183243305,12,0,26,0.46153846153846156,6.14883865398783e-14,winter,9,0,1.2789584400294687e-06,True,8.366037224788269e-17,6.735641137960451e-15,6.651980765712568e-15,6.949330191400376e-14,6.348548805783462e-14,1.780994744014496e-15,1.9045646417350403e-15
qp,,P2_dev_run1,summer,19,6.381611763488747e-14,0.0,6.381611763488747e-14,,False,0.02969919351985686,0.0014590278183243305,12,0,26,0.46153846153846156,6.14883865398783e-14,winter,9,0,1.2789584400294687e-06,True,7.857586403206941e-17,9.581329762526461e-16,8.795571122205768e-16,6.722348387038825e-14,6.693207868265495e-14,1.8882786468551408e-15,2.0079623604796503e-15
qp,,P2_dev_run1,summer,20,6.247233542191708e-14,0.0,6.247233542191708e-14,,False,0.02969919351985686,0.0014590278183243305,12,0,26,0.46153846153846156,6.14883865398783e-14,winter,9,0,1.2789584400294687e-06,True,1.9875916323112175e-17,5.895078427413342e-16,5.69631926418222e-16,6.590021668388236e-14,6.60576108010873e-14,1.857159013058724e-15,1.981728324032621e-15
qp,,P2_dev_run1,summer,21,5.856483233257133e-14,0.0,5.856483233257133e-14,,False,0.02969919351985686,0.0014590278183243305,12,0,26,0.46153846153846156,6.14883865398783e-14,winter,9,0,1.2789584400294687e-06,True,1.7102739993598294e-16,0.0,-1.7102739993598294e-16,6.217837761080772e-14,6.299676407996457e-14,1.7518216397556113e-15,1.8899029223989387e-15
qp,,P2_dev_run1,summer,22,5.401946718414637e-14,0.0,5.401946718414637e-14,,False,0.02969919351985686,0.0014590278183243305,12,0,26,0.46153846153846156,6.14883865398783e-14,winter,9,0,1.2789584400294687e-06,True,9.006585624562598e-15,0.0,-9.006585624562598e-15,5.882885045724444e-14,5.112828853440185e-14,1.372756866883442e-15,1.533848656032057e-15
qp,,P2_dev_run1,summer,23,1.425906994977704e-13,0.0,1.425906994977704e-13,,False,0.02969919351985686,0.0014590278183243305,12,0,26,0.46153846153846156,6.14883865398783e-14,winter,9,0,1.2789584400294687e-06,True,1.651653213281386e-13,3.6885648659989277e-14,-1.2827967266814933e-13,2.0181475519033687e-13,4.1898962978295345e-14,1.905652207946759e-15,1.2569688893488614e-15
qp,,P2_dev_run1,winter,0,0.09218594538395994,0.1,0.007814054616040067,0.07814054616040067,False,0.02969919351985686,0.0014590278183243305,12,0,26,0.46153846153846156,6.14883865398783e-14,winter,9,0,1.2789584400294687e-06,True,7.739310546716983e-17,0.17246777322978343,0.17246777322978335,0.19461747970015056,0.02214970647036728,0.0006927413169477279,0.000664491194111019
qp,,P2_dev_run1,winter,1,2.8081387014324387e-14,0.0,2.8081387014324387e-14,,False,0.02969919351985686,0.0014590278183243305,12,0,26,0.46153846153846156,6.14883865398783e-14,winter,9,0,1.2789584400294687e-06,True,0.0,0.0,0.0,3.139221995705726e-14,3.3626794025975657e-14,8.424416104297323e-16,1.0088038207792706e-15
qp,,P2_dev_run1,winter,2,4.879762493533248e-07,0.0,4.879762493533248e-07,,False,0.02969919351985686,0.0014590278183243305,12,0,26,0.46153846153846156,6.14883865398783e-14,winter,9,0,1.2789584400294687e-06,True,5.946008096666152e-07,6.19370949173947e-17,-5.946008096046781e-07,7.654975857209018e-07,1.7089677627546558e-07,5.2380206165639595e-09,5.126903288263972e-09
qp,,P2_dev_run1,winter,3,0.05687053216310977,0.05,0.006870532163109767,0.13741064326219535,False,0.02969919351985686,0.0014590278183243305,12,0,26,0.46153846153846156,6.14883865398783e-14,winter,9,0,1.2789584400294687e-06,True,0.10639728218561278,6.587277943436759e-17,-0.10639728218561272,0.12006168177472429,0.01366439958911174,0.0004273598017799837,0.00040993198767335254
qp,,P2_dev_run1,winter,4,0.11954561052912509,0.0,0.11954561052912509,,False,0.02969919351985686,0.0014590278183243305,12,0,26,0.46153846153846156,6.14883865398783e-14,winter,9,0,1.2789584400294687e-06,True,0.27686818315398665,6.377266997946475e-17,-0.2768681831539866,0.30154097218102055,0.0246727890270341,0.0007411877540478463,0.0007401836708110236
qp,,P2_dev_run1,winter,5,9.271549336881195e-06,0.0,9.271549336881195e-06,,False,0.02969919351985686,0.0014590278183243305,12,0,26,0.46153846153846156,6.14883865398783e-14,winter,9,0,1.2789584400294687e-06,True,1.1297415825431504e-05,6.724370515882919e-17,-1.129741582536426e-05,1.4544454782193805e-05,3.2470389569850467e-06,9.952240010211781e-08,9.741116870955149e-08
qp,,P2_dev_run1,winter,6,9.271549150262239e-06,0.0,9.271549150262239e-06,,False,0.02969919351985686,0.0014590278183243305,12,0,26,0.46153846153846156,6.14883865398783e-14,winter,9,0,1.2789584400294687e-06,True,1.1297415354145362e-05,6.18384982347774e-17,-1.1297415354083523e-05,1.4544454287337295e-05,3.2470389334099886e-06,9.952239975969742e-08,9.741116800229975e-08
qp,,P2_dev_run1,winter,7,9.271549168967034e-06,0.0,9.271549168967034e-06,,False,0.02969919351985686,0.0014590278183243305,12,0,26,0.46153846153846156,6.14883865398783e-14,winter,9,0,1.2789584400294687e-06,True,1.129741535385679e-05,4.121529751466697e-17,-1.1297415353815575e-05,1.4544454297720064e-05,3.247038944075061e-06,9.952240011750797e-08,9.741116832225191e-08
qp,,P2_dev_run1,winter,8,9.27154918070625e-06,0.0,9.27154918070625e-06,,False,0.02969919351985686,0.0014590278183243305,12,0,26,0.46153846153846156,6.14883865398783e-14,winter,9,0,1.2789584400294687e-06,True,1.1297415353011163e-05,1.661524715567815e-17,-1.1297415352994547e-05,1.4544454304637875e-05,3.2470389518198813e-06,9.952240034651729e-08,9.741116855459653e-08
qp,,P2_dev_run1,winter,9,1.2271969621415941e-13,0.0,1.2271969621415941e-13,,False,0.02969919351985686,0.0014590278183243305,12,0,26,0.46153846153846156,6.14883865398783e-14,winter,9,0,1.2789584400294687e-06,True,6.14883865398783e-14,1.4015291746980412e-13,7.866453092992581e-14,1.6314043980844503e-13,4.5294020151679894e-14,2.0130960910552954e-15,1.358820604550398e-15
qp,,P2_dev_run1,winter,10,0.08795625720811917,0.0,0.08795625720811917,,False,0.02969919351985686,0.0014590278183243305,12,0,26,0.46153846153846156,6.14883865398783e-14,winter,9,0,1.2789584400294687e-06,True,4.5061167332974793e-17,0.28995292172685183,0.2899529217268518,0.30154097218167525,0.011588050454823544,0.00039141234819438023,0.0003476415136447066
qp,,P2_dev_run1,winter,11,0.045110394746642433,0.05,0.004889605253357569,0.09779210506715139,False,0.02969919351985686,0.0014590278183243305,12,0,26,0.46153846153846156,6.14883865398783e-14,winter,9,0,1.2789584400294687e-06,True,3.598861461608719e-17,0.05496717503944602,0.05496717503944599,0.07076552824041346,0.015798353200967563,0.00048422271993318135,0.0004739505960290273
qp,,P2_dev_run1,winter,12,3.4166479937673094e-14,0.0,3.4166479937673094e-14,,False,0.02969919351985686,0.0014590278183243305,12,0,26,0.46153846153846156,6.14883865398783e-14,winter,9,0,1.2789584400294687e-06,True,0.0,1.2149289392868547e-15,1.2149289392868547e-15,3.617755632116578e-14,3.760307136346435e-14,9.891943517465706e-16,1.1280921409039314e-15
qp,,P2_dev_run1,winter,13,3.4109630283383257e-14,0.0,3.4109630283383257e-14,,False,0.02969919351985686,0.0014590278183243305,12,0,26,0.46153846153846156,6.14883865398783e-14,winter,9,0,1.2789584400294687e-06,True,1.072127642934754e-14,0.0,-1.072127642934754e-14,3.83155604606214e-14,2.995905838723218e-14,7.51008611608289e-16,8.987717516169662e-16
qp,,P2_dev_run1,winter,14,3.277934835636858e-14,0.0,3.277934835636858e-14,,False,0.02969919351985686,0.0014590278183243305,12,0,26,0.46153846153846156,6.14883865398783e-14,winter,9,0,1.2789584400294687e-06,True,0.0,0.0,0.0,3.491751828477485e-14,3.831874811593569e-14,9.833804506910583e-16,1.1495624434780716e-15
qp,,P2_dev_run1,winter,15,3.4001889692672824e-14,0.0,3.4001889692672824e-14,,False,0.02969919351985686,0.0014590278183243305,12,0,26,0.46153846153846156,6.14883865398783e-14,winter,9,0,1.2789584400294687e-06,True,0.0,0.0,0.0,3.602323387533876e-14,3.958136241834583e-14,1.0200566907801857e-15,1.187440872550376e-15
qp,,P2_dev_run1,winter,16,3.5361227257623323e-14,0.0,3.5361227257623323e-14,,False,0.02969919351985686,0.0014590278183243305,12,0,26,0.46153846153846156,6.14883865398783e-14,winter,9,0,1.2789584400294687e-06,True,0.0,2.4179038639222093e-16,2.4179038639222093e-16,3.7289397625012216e-14,3.986319127126438e-14,1.05360790529359e-15,1.1958957381379324e-15
qp,,P2_dev_run1,winter,17,3.8388466828976703e-14,0.0,3.8388466828976703e-14,,False,0.02969919351985686,0.0014590278183243305,12,0,26,0.46153846153846156,6.14883865398783e-14,winter,9,0,1.2789584400294687e-06,True,0.0,2.1971467724818136e-15,2.1971467724818136e-15,4.035265316189474e-14,4.1103979972017235e-14,1.0876243501742776e-15,1.2331193991605182e-15
qp,,P2_dev_run1,winter,18,3.829894074219463e-14,0.0,3.829894074219463e-14,,False,0.02969919351985686,0.0014590278183243305,12,0,26,0.46153846153846156,6.14883865398783e-14,winter,9,0,1.2789584400294687e-06,True,0.0,0.0,0.0,4.013963680344493e-14,4.392280970862741e-14,1.14896822226584e-15,1.3176842912588236e-15
qp,,P2_dev_run1,winter,19,3.711036663752371e-14,0.0,3.711036663752371e-14,,False,0.02969919351985686,0.0014590278183243305,12,0,26,0.46153846153846156,6.14883865398783e-14,winter,9,0,1.2789584400294687e-06,True,0.0,0.0,0.0,3.9025695152115314e-14,4.317775237557376e-14,1.1133109991257123e-15,1.295332571267214e-15
qp,,P2_dev_run1,winter,20,3.5378307084297725e-14,0.0,3.5378307084297725e-14,,False,0.02969919351985686,0.0014590278183243305,12,0,26,0.46153846153846156,6.14883865398783e-14,winter,9,0,1.2789584400294687e-06,True,0.0,0.0,0.0,3.746295260753496e-14,4.082809445610078e-14,1.0613492125289328e-15,1.2248428336830246e-15
qp,,P2_dev_run1,winter,21,4.879761894395116e-07,0.0,4.879761894395116e-07,,False,0.02969919351985686,0.0014590278183243305,12,0,26,0.46153846153846156,6.14883865398783e-14,winter,9,0,1.2789584400294687e-06,True,5.946006639254813e-07,2.3199536913199187e-17,-5.946006639022818e-07,7.654974365023665e-07,1.7089677275835526e-07,5.238020468483972e-09,5.126903182750662e-09
qp,,P2_dev_run1,winter,22,4.879763040953924e-07,0.0,4.879763040953924e-07,,False,0.02969919351985686,0.0014590278183243305,12,0,26,0.46153846153846156,6.14883865398783e-14,winter,9,0,1.2789584400294687e-06,True,5.946008367421312e-07,2.7053310159169847e-17,-5.946008367150779e-07,7.654976381475603e-07,1.708968015972422e-07,5.238021473790634e-09,5.126904047917271e-09
qp,,P2_dev_run1,winter,23,0.10242903555643545,0.1,0.0024290355564354493,0.024290355564354493,False,0.02969919351985686,0.0014590278183243305,12,0,26,0.46153846153846156,6.14883865398783e-14,winter,9,0,1.2789584400294687e-06,True,0.1916312470725828,2.5299748777345933e-17,-0.19163124707258278,0.2162420818605561,0.02461083478797347,0.0007697141325557762,0.0007383250436392047
qp,,P2_dev_run1,shoulder,0,0.09218594538395142,0.1,0.007814054616048588,0.07814054616048588,False,0.02969919351985686,0.0014590278183243305,12,0,26,0.46153846153846156,6.14883865398783e-14,winter,9,0,1.2789584400294687e-06,True,5.174043028011935e-17,0.17246777322978224,0.17246777322978218,0.19461747970014523,0.022149706470363077,0.0006927413169476121,0.0006644911941108929
qp,,P2_dev_run1,shoulder,1,1.3146022294182418e-14,0.0,1.3146022294182418e-14,,False,0.02969919351985686,0.0014590278183243305,12,0,26,0.46153846153846156,6.14883865398783e-14,winter,9,0,1.2789584400294687e-06,True,3.1622089851827085e-16,0.0,-3.1622089851827085e-16,1.5665422966999646e-14,1.5888625392088432e-14,3.8500812336975224e-16,4.766587617626534e-16
qp,,P2_dev_run1,shoulder,2,3.1782077891530045e-07,0.0,3.1782077891530045e-07,,False,0.02969919351985686,0.0014590278183243305,12,0,26,0.46153846153846156,6.14883865398783e-14,winter,9,0,1.2789584400294687e-06,True,5.946008037684377e-07,0.0,-5.946008037684377e-07,6.709642631526496e-07,7.636345959467841e-08,2.3882990084922314e-09,2.2909037878403544e-09
qp,,P2_dev_run1,shoulder,3,0.02926104728134097,0.05,0.020738952718659033,0.41477905437318063,False,0.02969919351985686,0.0014590278183243305,12,0,26,0.46153846153846156,6.14883865398783e-14,winter,9,0,1.2789584400294687e-06,True,0.05474356905454049,5.082740653824999e-17,-0.05474356905454044,0.06177418099432927,0.00703061193978892,0.00021988532356550155,0.0002109183581936678
qp,,P2_dev_run1,shoulder,4,0.08795625720810066,0.0,0.08795625720810066,,False,0.02969919351985686,0.0014590278183243305,12,0,26,0.46153846153846156,6.14883865398783e-14,winter,9,0,1.2789584400294687e-06,True,0.2899529217268585,4.739763984999911e-17,-0.28995292172685844,0.30154097218167486,0.011588050454816496,0.00039141234819421033,0.0003476415136444952
qp,,P2_dev_run1,shoulder,5,0.020620238305133872,0.0,0.020620238305133872,,False,0.02969919351985686,0.0014590278183243305,12,0,26,0.46153846153846156,6.14883865398783e-14,winter,9,0,1.2789584400294687e-06,True,0.03857775248864634,5.097901677824825e-17,-0.03857775248864629,0.04353221950534182,0.004954467016695616,0.0001549530243441928,0.00014863401050086862
qp,,P2_dev_run1,shoulder,6,6.03859431522603e-06,0.0,6.03859431522603e-06,,False,0.02969919351985686,0.0014590278183243305,12,0,26,0.46153846153846156,6.14883865398783e-14,winter,9,0,1.2789584400294687e-06,True,1.1297415353490377e-05,6.885112142894769e-17,-1.1297415353421525e-05,1.2748320815179944e-05,1.450905461770885e-06,4.537767402450227e-08,4.3527163853126594e-08
qp,,P2_dev_run1,shoulder,7,6.038594319670473e-06,0.0,6.038594319670473e-06,,False,0.02969919351985686,0.0014590278183243305,12,0,26,0.46153846153846156,6.14883865398783e-14,winter,9,0,1.2789584400294687e-06,True,1.1297415353509977e-05,6.203415317789836e-17,-1.1297415353447942e-05,1.2748320817580539e-05,1.4509054641400193e-06,4.5377674087261566e-08,4.352716392420062e-08
qp,,P2_dev_run1,shoulder,8,2.0266901210560804e-14,0.0,2.0266901210560804e-14,,False,0.02969919351985686,0.0014590278183243305,12,0,26,0.46153846153846156,6.14883865398783e-14,winter,9,0,1.2789584400294687e-06,True,1.4407907920308877e-14,0.0,-1.4407907920308877e-14,2.649210084758936e-14,1.282595817507611e-14,3.137531013274103e-16,3.8477874525228363e-16
qp,,P2_dev_run1,shoulder,9,1.7867130425677504e-14,0.0,1.7867130425677504e-14,,False,0.02969919351985686,0.0014590278183243305,12,0,26,0.46153846153846156,6.14883865398783e-14,winter,9,0,1.2789584400294687e-06,True,0.0,9.017007323057085e-15,9.017007323057085e-15,2.129572930034414e-14,1.2822511383528488e-14,3.298952213570946e-16,3.84675341505855e-16
qp,,P2_dev_run1,shoulder,10,0.08376850841741663,0.1,0.01623149158258337,0.1623149158258337,False,0.02969919351985686,0.0014590278183243305,12,0,26,0.46153846153846156,6.14883865398783e-14,winter,9,0,1.2789584400294687e-06,True,3.4910377771444803e-17,0.15671985630085725,0.15671985630085722,0.17684708789975329,0.020127231598896126,0.0006294875709971592,0.0006038169479668843
qp,,P2_dev_run1,shoulder,11,0.0128463140572495,0.0,0.0128463140572495,,False,0.02969919351985686,0.0014590278183243305,12,0,26,0.46153846153846156,6.14883865398783e-14,winter,9,0,1.2789584400294687e-06,True,3.369538432469244e-17,0.015653278969589863,0.015653278969589828,0.020152255490337667,0.004498976520747887,0.00013789454002446965,0.00013496929562243671
qp,,P2_dev_run1,shoulder,12,1.3886366624612204e-14,0.0,1.3886366624612204e-14,,False,0.02969919351985686,0.0014590278183243305,12,0,26,0.46153846153846156,6.14883865398783e-14,winter,9,0,1.2789584400294687e-06,True,0.0,1.6751726683625753e-15,1.6751726683625753e-15,1.5803899875243157e-14,1.465505426102503e-14,3.693561202638017e-16,4.3965162783075134e-16
qp,,P2_dev_run1,shoulder,13,1.3629649772013076e-14,0.0,1.3629649772013076e-14,,False,0.02969919351985686,0.0014590278183243305,12,0,26,0.46153846153846156,6.14883865398783e-14,winter,9,0,1.2789584400294687e-06,True,2.9623726088321194e-15,0.0,-2.9623726088321194e-15,1.598156567403081e-14,1.3590199635430546e-14,3.295648430610758e-16,4.077059890629167e-16
qp,,P2_dev_run1,shoulder,14,1.4030121001485338e-14,0.0,1.4030121001485338e-14,,False,0.02969919351985686,0.0014590278183243305,12,0,26,0.46153846153846156,6.14883865398783e-14,winter,9,0,1.2789584400294687e-06,True,0.0,6.051420881569235e-17,6.051420881569235e-17,1.589121398823401e-14,1.6297051874179716e-14,4.190921188772266e-16,4.889115562253919e-16
qp,,P2_dev_run1,shoulder,15,1.4791247449084177e-14,0.0,1.4791247449084177e-14,,False,0.02969919351985686,0.0014590278183243305,12,0,26,0.46153846153846156,6.14883865398783e-14,winter,9,0,1.2789584400294687e-06,True,0.0,2.122324571269131e-15,2.122324571269131e-15,1.6639824963023472e-14,1.5080333812260723e-14,3.8461224601233893e-16,4.52410014367822e-16
qp,,P2_dev_run1,shoulder,16,2.926475525918183e-14,0.0,2.926475525918183e-14,,False,0.02969919351985686,0.0014590278183243305,12,0,26,0.46153846153846156,6.14883865398783e-14,winter,9,0,1.2789584400294687e-06,True,0.0,2.4810824098752272e-14,2.4810824098752272e-14,3.9544860958723853e-14,1.5766155804570726e-14,4.066759736293733e-16,4.729846741371222e-16
qp,,P2_dev_run1,shoulder,17,5.5129762118385693e-14,0.0,5.5129762118385693e-14,,False,0.02969919351985686,0.0014590278183243305,12,0,26,0.46153846153846156,6.14883865398783e-14,winter,9,0,1.2789584400294687e-06,True,0.0,5.210782742742445e-14,5.210782742742445e-14,7.956373904911488e-14,3.021232629001519e-14,7.125210330177917e-16,9.063697887004566e-16
qp,,P2_dev_run1,shoulder,18,3.79950382857432e-14,0.0,3.79950382857432e-14,,False,0.02969919351985686,0.0014590278183243305,12,0,26,0.46153846153846156,6.14883865398783e-14,winter,9,0,1.2789584400294687e-06,True,0.0,3.210486977225133e-14,3.210486977225133e-14,5.116413018584823e-14,2.0625334489803572e-14,5.291377396489518e-16,6.187600346941078e-16
qp,,P2_dev_run1,shoulder,19,1.1986390665951553e-13,0.0,1.1986390665951553e-13,,False,0.02969919351985686,0.0014590278183243305,12,0,26,0.46153846153846156,6.14883865398783e-14,winter,9,0,1.2789584400294687e-06,True,0.0,1.18128292541787e-13,1.18128292541787e-13,1.8421458269270078e-13,7.317624956964421e-14,1.5048624114325273e-15,2.195287487089328e-15
qp,,P2_dev_run1,shoulder,20,2.8693202998700645e-14,0.0,2.8693202998700645e-14,,False,0.02969919351985686,0.0014590278183243305,12,0,26,0.46153846153846156,6.14883865398783e-14,winter,9,0,1.2789584400294687e-06,True,0.0,2.144442126132969e-14,2.144442126132969e-14,3.6800853074948623e-14,1.6362986728329375e-14,4.313053437158574e-16,4.908896018498817e-16
qp,,P2_dev_run1,shoulder,21,1.593196291987389e-14,0.0,1.593196291987389e-14,,False,0.02969919351985686,0.0014590278183243305,12,0,26,0.46153846153846156,6.14883865398783e-14,winter,9,0,1.2789584400294687e-06,True,0.0,3.099956583931259e-16,3.099956583931259e-16,1.7539199300626803e-14,1.7871912179616447e-14,4.687494852416145e-16,5.361573653884939e-16
qp,,P2_dev_run1,shoulder,22,1.516618675734015e-14,0.0,1.516618675734015e-14,,False,0.02969919351985686,0.0014590278183243305,12,0,26,0.46153846153846156,6.14883865398783e-14,winter,9,0,1.2789584400294687e-06,True,1.535362412922083e-16,0.0,-1.535362412922083e-16,1.6941928070576626e-14,1.7410330399853918e-14,4.50402829951127e-16,5.22309911995618e-16
qp,,P2_dev_run1,shoulder,23,1.5368417602663632e-14,0.0,1.5368417602663632e-14,,False,0.02969919351985686,0.0014590278183243305,12,0,26,0.46153846153846156,6.14883865398783e-14,winter,9,0,1.2789584400294687e-06,True,3.79436730831837e-15,0.0,-3.79436730831837e-15,1.7635689798113494e-14,1.4494125121326727e-14,3.6106574278643845e-16,4.348237536398022e-16
qp,,P3_dev_run0,summer,0,0.14189099171882832,0.15,0.00810900828117167,0.05406005520781114,False,0.10242791164439083,0.005031960627554209,14,0,25,0.56,2.318235288034318e-14,shoulder,11,0,4.821929399111381e-07,True,3.490682824927986e-17,0.17289467365856817,0.17289467365856814,0.22258707860867682,0.04969240495010867,0.001523082259199648,0.0014907721485032614
qp,,P3_dev_run0,summer,1,1.2526265805827237e-14,0.0,1.2526265805827237e-14,,False,0.10242791164439083,0.005031960627554209,14,0,25,0.56,2.318235288034318e-14,shoulder,11,0,4.821929399111381e-07,True,6.752634156846812e-16,9.24532576772025e-16,2.4926916108734374e-16,1.3676168932443505e-14,1.1640413368851546e-14,3.68384297768862e-16,3.492124010655467e-16
qp,,P3_dev_run0,summer,2,4.891841004634712e-07,0.0,4.891841004634712e-07,,False,0.10242791164439083,0.005031960627554209,14,0,25,0.56,2.318235288034318e-14,shoulder,11,0,4.821929399111381e-07,True,5.960725895074732e-07,0.0,-5.960725895074732e-07,7.673923664172987e-07,1.713197769823301e-07,5.2509858359538e-09,5.139593309469908e-09
qp,,P3_dev_run0,summer,3,4.891841260856396e-07,0.0,4.891841260856396e-07,,False,0.10242791164439083,0.005031960627554209,14,0,25,0.56,2.318235288034318e-14,shoulder,11,0,4.821929399111381e-07,True,5.960725901950132e-07,0.0,-5.960725901950132e-07,7.673923841531775e-07,1.7131979401048555e-07,5.250986318907803e-09,5.139593820314571e-09
qp,,P3_dev_run0,summer,4,0.10123197037634267,0.0,0.10123197037634267,,False,0.10242791164439083,0.005031960627554209,14,0,25,0.56,2.318235288034318e-14,shoulder,11,0,4.821929399111381e-07,True,0.18939169564028918,3.786361687139619e-17,-0.18939169564028915,0.21371490911837118,0.024323213478082122,0.0007607186560124256,0.0007296964043424643
qp,,P3_dev_run0,summer,5,0.10413600212796759,0.2,0.09586399787203242,0.4793199893601621,False,0.10242791164439083,0.005031960627554209,14,0,25,0.56,2.318235288034318e-14,shoulder,11,0,4.821929399111381e-07,True,0.19482475691123846,3.7834594452515785e-17,-0.19482475691123843,0.21984572806388997,0.025020971152651613,0.0007825413185853293,0.0007506291345795491
qp,,P3_dev_run0,summer,6,9.294498546600314e-06,0.0,9.294498546600314e-06,,False,0.10242791164439083,0.005031960627554209,14,0,25,0.56,2.318235288034318e-14,shoulder,11,0,4.821929399111381e-07,True,1.132537925303356e-05,4.188035125334459e-17,-1.132537925299168e-05,1.4580455420219605e-05,3.255076167251072e-06,9.976874266501077e-08,9.765228501753225e-08
qp,,P3_dev_run0,summer,7,9.29449854818839e-06,0.0,9.29449854818839e-06,,False,0.10242791164439083,0.005031960627554209,14,0,25,0.56,2.318235288034318e-14,shoulder,11,0,4.821929399111381e-07,True,1.132537925300429e-05,3.6329254026098656e-17,-1.1325379252967961e-05,1.4580455421068978e-05,3.25507616812358e-06,9.976874269539626e-08,9.765228504370749e-08
qp,,P3_dev_run0,summer,8,9.294498559446014e-06,0.0,9.294498559446014e-06,,False,0.10242791164439083,0.005031960627554209,14,0,25,0.56,2.318235288034318e-14,shoulder,11,0,4.821929399111381e-07,True,1.1325379252778314e-05,2.343150617978623e-17,-1.1325379252754881e-05,1.4580455428449259e-05,3.2550761757289257e-06,9.976874291110009e-08,9.765228527186786e-08
qp,,P3_dev_run0,summer,9,2.69850166828011e-14,0.0,2.69850166828011e-14,,False,0.10242791164439083,0.005031960627554209,14,0,25,0.56,2.318235288034318e-14,shoulder,11,0,4.821929399111381e-07,True,1.6887035908699282e-14,1.0490400893365812e-14,-6.3966350153334695e-15,3.2106073042337094e-14,9.267389035771175e-15,6.400848787125494e-16,2.780216710731355e-16
qp,,P3_dev_run0,summer,10,2.1021071883363672e-14,0.0,2.1021071883363672e-14,,False,0.10242791164439083,0.005031960627554209,14,0,25,0.56,2.318235288034318e-14,shoulder,11,0,4.821929399111381e-07,True,1.3987238608955392e-15,2.246322470381454e-15,8.475986094859146e-16,2.2448129807064616e-14,1.7113696587479433e-14,6.057166351926315e-16,5.134108976243835e-16
qp,,P3_dev_run0,summer,11,2.1959755713790795e-14,0.0,2.1959755713790795e-14,,False,0.10242791164439083,0.005031960627554209,14,0,25,0.56,2.318235288034318e-14,shoulder,11,0,4.821929399111381e-07,True,2.6697938062363506e-15,1.0686010180831649e-15,-1.6011927881531857e-15,2.352564781950735e-14,1.812654159111481e-14,6.125058277765032e-16,5.437962477334447e-16
qp,,P3_dev_run0,summer,12,2.1407169093452974e-14,0.0,2.1407169093452974e-14,,False,0.10242791164439083,0.005031960627554209,14,0,25,0.56,2.318235288034318e-14,shoulder,11,0,4.821929399111381e-07,True,2.4069356655602305e-15,1.1437690361120107e-15,-1.2631666294482198e-15,2.2908666651189036e-14,1.7764681640640515e-14,6.054371320384409e-16,5.329404492192159e-16
qp,,P3_dev_run0,summer,13,1.9747402648063662e-14,0.0,1.9747402648063662e-14,,False,0.10242791164439083,0.005031960627554209,14,0,25,0.56,2.318235288034318e-14,shoulder,11,0,4.821929399111381e-07,True,1.0865615801459225e-15,2.192815632819134e-15,1.1062540526732116e-15,2.1050078675511256e-14,1.629588657052562e-14,5.601633187885095e-16,4.88876597115769e-16
qp,,P3_dev_run0,summer,14,2.281865611544656e-14,0.0,2.281865611544656e-14,,False,0.10242791164439083,0.005031960627554209,14,0,25,0.56,2.318235288034318e-14,shoulder,11,0,4.821929399111381e-07,True,3.427821818314548e-15,1.4477922508718011e-15,-1.980029567442747e-15,2.4500263533861557e-14,1.818781372822515e-14,6.277311422132098e-16,5.45634411846755e-16
qp,,P3_dev_run0,summer,15,0.10306008660921481,0.0,0.10306008660921481,,False,0.10242791164439083,0.005031960627554209,14,0,25,0.56,2.318235288034318e-14,shoulder,11,0,4.821929399111381e-07,True,2.2650047339475634e-17,0.08457922726114814,0.08457922726114811,0.1326810312549248,0.04810180399377671,0.0014623137229940123,0.0014430541198133025
qp,,P3_dev_run0,summer,16,0.1707528468181968,0.2,0.02924715318180321,0.14623576590901605,False,0.10242791164439083,0.005031960627554209,14,0,25,0.56,2.318235288034318e-14,shoulder,11,0,4.821929399111381e-07,True,2.2796390426822035e-17,0.14013323985732087,0.14013323985732085,0.2198296600648074,0.07969642020748656,0.0024228024578450747,0.002390892606224599
qp,,P3_dev_run0,summer,17,4.4689053989909305e-14,0.0,4.4689053989909305e-14,,False,0.10242791164439083,0.005031960627554209,14,0,25,0.56,2.318235288034318e-14,shoulder,11,0,4.821929399111381e-07,True,1.9686107067574992e-14,1.700701721221547e-14,-2.6790898553595233e-15,5.21713912894413e-14,1.7797019062477693e-14,1.2627059178497972e-15,5.339105718743313e-16
qp,,P3_dev_run0,summer,18,2.942572166485231e-14,0.0,2.942572166485231e-14,,False,0.10242791164439083,0.005031960627554209,14,0,25,0.56,2.318235288034318e-14,shoulder,11,0,4.821929399111381e-07,True,5.8944315254126756e-15,1.283389570799744e-15,-4.611041954612932e-15,3.208089249764613e-14,2.1802072363542173e-14,7.552129893225649e-16,6.540621709062658e-16
qp,,P3_dev_run0,summer,19,2.8629508598195244e-14,0.0,2.8629508598195244e-14,,False,0.10242791164439083,0.005031960627554209,14,0,25,0.56,2.318235288034318e-14,shoulder,11,0,4.821929399111381e-07,True,4.698892435108164e-15,2.004556024471465e-15,-2.6943364106366993e-15,3.112522386125628e-14,2.1239343842564727e-14,7.81850259920961e-16,6.371803152769423e-16
qp,,P3_dev_run0,summer,20,2.7471679323516984e-14,0.0,2.7471679323516984e-14,,False,0.10242791164439083,0.005031960627554209,14,0,25,0.56,2.318235288034318e-14,shoulder,11,0,4.821929399111381e-07,True,4.031595232393639e-15,2.1330973353349586e-15,-1.89849789705868e-15,2.9770222761277494e-14,2.066686234719412e-14,7.691611040941985e-16,6.200058704158241e-16
qp,,P3_dev_run0,summer,21,2.4143680413485822e-14,0.0,2.4143680413485822e-14,,False,0.10242791164439083,0.005031960627554209,14,0,25,0.56,2.318235288034318e-14,shoulder,11,0,4.821929399111381e-07,True,1.6340520168417597e-15,3.394251569877416e-15,1.7601995530356564e-15,2.5895870639531484e-14,1.848282052043499e-14,6.73426789960321e-16,5.544846156130502e-16
qp,,P3_dev_run0,summer,22,2.2201169717209673e-14,0.0,2.2201169717209673e-14,,False,0.10242791164439083,0.005031960627554209,14,0,25,0.56,2.318235288034318e-14,shoulder,11,0,4.821929399111381e-07,True,5.965017456318835e-15,3.7363480877093755e-15,-2.2286693686094592e-15,2.4303178646316633e-14,1.4071118615299635e-14,6.025224803893791e-16,4.2213355845898943e-16
qp,,P3_dev_run0,summer,23,0.06198968999887746,0.0,0.06198968999887746,,False,0.10242791164439083,0.005031960627554209,14,0,25,0.56,2.318235288034318e-14,shoulder,11,0,4.821929399111381e-07,True,0.057685164157893105,1.627400055112163e-17,-0.05768516415789309,0.08462290091176362,0.026937736753870577,0.0008097737640497597,0.000808132102616118
qp,,P3_dev_run0,winter,0,0.14189099171883093,0.15,0.008109008281169061,0.05406005520779374,False,0.10242791164439083,0.005031960627554209,14,0,25,0.56,2.318235288034318e-14,shoulder,11,0,4.821929399111381e-07,True,1.1873438188644823e-17,0.1728946736585693,0.1728946736585693,0.22258707860867916,0.04969240495010989,0.0015230822591996895,0.001490772148503298
qp,,P3_dev_run0,winter,1,7.579423981096457e-15,0.0,7.579423981096457e-15,,False,0.10242791164439083,0.005031960627554209,14,0,25,0.56,2.318235288034318e-14,shoulder,11,0,4.821929399111381e-07,True,0.0,0.0,0.0,7.7538670661974e-15,8.714266191580169e-15,2.273827194328939e-16,2.614279857474053e-16
qp,,P3_dev_run0,winter,2,4.891841258537967e-07,0.0,4.891841258537967e-07,,False,0.10242791164439083,0.005031960627554209,14,0,25,0.56,2.318235288034318e-14,shoulder,11,0,4.821929399111381e-07,True,5.960725893928627e-07,0.0,-5.960725893928627e-07,7.673923827347028e-07,1.713197933982598e-07,5.25098631995781e-09,5.139593801947798e-09
qp,,P3_dev_run0,winter,3,0.04891895411378863,0.0,0.04891895411378863,,False,0.10242791164439083,0.005031960627554209,14,0,25,0.56,2.318235288034318e-14,shoulder,11,0,4.821929399111381e-07,True,0.05960791805572809,1.1055851549544432e-17,-0.05960791805572808,0.076740087252031,0.017132169196302963,0.0005251044498790865,0.0005139650758890893
qp,,P3_dev_run0,winter,4,0.1735049392870935,0.2,0.0264950607129065,0.1324753035645325,False,0.10242791164439083,0.005031960627554209,14,0,25,0.56,2.318235288034318e-14,shoulder,11,0,4.821929399111381e-07,True,0.32460491020165555,1.0778206407406506e-17,-0.32460491020165555,0.3662932983866556,0.04168838818500005,0.0013038217446060452,0.0012506516455500025
qp,,P3_dev_run0,winter,5,9.294498551625296e-06,0.0,9.294498551625296e-06,,False,0.10242791164439083,0.005031960627554209,14,0,25,0.56,2.318235288034318e-14,shoulder,11,0,4.821929399111381e-07,True,1.1325379254636352e-05,1.471776807272805e-17,-1.1325379254621634e-05,1.4580455424245553e-05,3.255076169637135e-06,9.976874274954576e-08,9.765228508911413e-08
qp,,P3_dev_run0,winter,6,9.2944985525212e-06,0.0,9.2944985525212e-06,,False,0.10242791164439083,0.005031960627554209,14,0,25,0.56,2.318235288034318e-14,shoulder,11,0,4.821929399111381e-07,True,1.1325379253095143e-05,1.324518967358097e-17,-1.1325379253081897e-05,1.4580455423786386e-05,3.255076170718932e-06,9.976874277708157e-08,9.765228512156804e-08
qp,,P3_dev_run0,winter,7,1.3800014541797679e-05,0.0,1.3800014541797679e-05,,False,0.10242791164439083,0.005031960627554209,14,0,25,0.56,2.318235288034318e-14,shoulder,11,0,4.821929399111381e-07,True,1.132537925292821e-05,5.2873943236629595e-18,-1.1325379252922923e-05,1.77663363320933e-05,6.4409570791988745e-06,1.9580762349315167e-07,1.932287123759664e-07
qp,,P3_dev_run0,winter,8,1.3800014546737768e-05,0.0,1.3800014546737768e-05,,False,0.10242791164439083,0.005031960627554209,14,0,25,0.56,2.318235288034318e-14,shoulder,11,0,4.821929399111381e-07,True,1.132537925288958e-05,1.5794675147515836e-18,-1.1325379252888001e-05,1.7766336335761653e-05,6.440957082902177e-06,1.9580762360809695e-07,1.932287124870655e-07
qp,,P3_dev_run0,winter,9,1.674593898637007e-14,0.0,1.674593898637007e-14,,False,0.10242791164439083,0.005031960627554209,14,0,25,0.56,2.318235288034318e-14,shoulder,11,0,4.821929399111381e-07,True,0.0,0.0,0.0,1.5525470399749628e-14,1.9730339808777596e-14,5.023781695911026e-16,5.919101942633284e-16
qp,,P3_dev_run0,winter,10,0.2837740585969543,0.3,0.016225941403045674,0.054086471343485584,False,0.10242791164439083,0.005031960627554209,14,0,25,0.56,2.318235288034318e-14,shoulder,11,0,4.821929399111381e-07,True,4.3963745254395355e-18,0.3457796908707972,0.3457796908707972,0.445161725370064,0.09938203449926679,0.003046079451799005,0.0029814610349780065
qp,,P3_dev_run0,winter,11,1.4779702609633245e-14,0.0,1.4779702609633245e-14,,False,0.10242791164439083,0.005031960627554209,14,0,25,0.56,2.318235288034318e-14,shoulder,11,0,4.821929399111381e-07,True,0.0,8.121699912908503e-16,8.121699912908503e-16,1.3887726533796304e-14,1.6395582515369066e-14,4.196949259239749e-16,4.918674754610724e-16
qp,,P3_dev_run0,winter,12,1.1848664432645144e-14,0.0,1.1848664432645144e-14,,False,0.10242791164439083,0.005031960627554209,14,0,25,0.56,2.318235288034318e-14,shoulder,11,0,4.821929399111381e-07,True,0.0,0.0,0.0,1.135527021611522e-14,1.3926717256504582e-14,3.5545993297935466e-16,4.1780151769513784e-16
qp,,P3_dev_run0,winter,13,5.811100389093061e-06,0.0,5.811100389093061e-06,,False,0.10242791164439083,0.005031960627554209,14,0,25,0.56,2.318235288034318e-14,shoulder,11,0,4.821929399111381e-07,True,4.7690468460767246e-06,0.0,-4.7690468460767246e-06,7.481293855640082e-06,2.7122470095931257e-06,8.245337373736111e-08,8.136741028779384e-08
qp,,P3_dev_run0,winter,14,1.0815538874618654e-14,0.0,1.0815538874618654e-14,,False,0.10242791164439083,0.005031960627554209,14,0,25,0.56,2.318235288034318e-14,shoulder,11,0,4.821929399111381e-07,True,2.9498686732002455e-16,0.0,-2.9498686732002455e-16,1.0508720464336385e-14,1.2426792652963959e-14,3.1573722143994196e-16,3.728037795889191e-16
qp,,P3_dev_run0,winter,15,1.167840727638043e-14,0.0,1.167840727638043e-14,,False,0.10242791164439083,0.005031960627554209,14,0,25,0.56,2.318235288034318e-14,shoulder,11,0,4.821929399111381e-07,True,0.0,0.0,0.0,1.1231255759307883e-14,1.3760138706644526e-14,3.503522182914132e-16,4.1280416119933616e-16
qp,,P3_dev_run0,winter,16,1.2775081366763606e-14,0.0,1.2775081366763606e-14,,False,0.10242791164439083,0.005031960627554209,14,0,25,0.56,2.318235288034318e-14,shoulder,11,0,4.821929399111381e-07,True,0.0,0.0,0.0,1.216108428541525e-14,1.4965752615747588e-14,3.832524410029085e-16,4.489725784724281e-16
qp,,P3_dev_run0,winter,17,1.5088123517373133e-14,0.0,1.5088123517373133e-14,,False,0.10242791164439083,0.005031960627554209,14,0,25,0.56,2.318235288034318e-14,shoulder,11,0,4.821929399111381e-07,True,0.0,0.0,0.0,1.414780942006198e-14,1.7855827102386228e-14,4.526437055211944e-16,5.356748130715873e-16
qp,,P3_dev_run0,winter,18,1.5160150025046965e-14,0.0,1.5160150025046965e-14,,False,0.10242791164439083,0.005031960627554209,14,0,25,0.56,2.318235288034318e-14,shoulder,11,0,4.821929399111381e-07,True,0.0,0.0,0.0,1.4225114945101193e-14,1.8300748036572345e-14,4.548045007514093e-16,5.490224410971709e-16
qp,,P3_dev_run0,winter,19,1.3950024123436114e-14,0.0,1.3950024123436114e-14,,False,0.10242791164439083,0.005031960627554209,14,0,25,0.56,2.318235288034318e-14,shoulder,11,0,4.821929399111381e-07,True,0.0,0.0,0.0,1.3212142120518514e-14,1.6816118048120537e-14,4.185007237030838e-16,5.044835414436166e-16
qp,,P3_dev_run0,winter,20,1.4347137319674306e-14,0.0,1.4347137319674306e-14,,False,0.10242791164439083,0.005031960627554209,14,0,25,0.56,2.318235288034318e-14,shoulder,11,0,4.821929399111381e-07,True,3.522302193069961e-15,0.0,-3.522302193069961e-15,1.4131376030608823e-14,1.3598767239582758e-14,3.375264506653754e-16,4.079630171874831e-16
qp,,P3_dev_run0,winter,21,7.263165192921492e-07,0.0,7.263165192921492e-07,,False,0.10242791164439083,0.005031960627554209,14,0,25,0.56,2.318235288034318e-14,shoulder,11,0,4.821929399111381e-07,True,5.960725902597712e-07,0.0,-5.960725902597712e-07,9.350703043668031e-07,3.389977141242988e-07,1.0305663592137777e-08,1.0169931423728972e-08
qp,,P3_dev_run0,winter,22,7.263165020105561e-07,0.0,7.263165020105561e-07,,False,0.10242791164439083,0.005031960627554209,14,0,25,0.56,2.318235288034318e-14,shoulder,11,0,4.821929399111381e-07,True,5.960725917086758e-07,0.0,-5.960725917086758e-07,9.350702916063039e-07,3.3899769990887305e-07,1.0305663175480348e-08,1.01699309972662e-08
qp,,P3_dev_run0,winter,23,0.15765697661801537,0.15,0.007656976618015371,0.05104651078676914,False,0.10242791164439083,0.005031960627554209,14,0,25,0.56,2.318235288034318e-14,shoulder,11,0,4.821929399111381e-07,True,0.19210558184259283,3.824680378590791e-18,-0.19210558184259283,0.2473194768926524,0.05521389505005964,0.0016923170471722824,0.0016564168515017907
qp,,P3_dev_run0,shoulder,0,0.14152571700245925,0.1,0.041525717002459245,0.41525717002459245,False,0.10242791164439083,0.005031960627554209,14,0,25,0.56,2.318235288034318e-14,shoulder,11,0,4.821929399111381e-07,True,3.500109102792199e-17,0.17289467365856845,0.17289467365856842,0.22238414284938762,0.049489469190819216,0.001516135776870586,0.0014846840757245779
qp,,P3_dev_run0,shoulder,1,1.1243047823160062e-14,0.0,1.1243047823160062e-14,,False,0.10242791164439083,0.005031960627554209,14,0,25,0.56,2.318235288034318e-14,shoulder,11,0,4.821929399111381e-07,True,4.4164537628402055e-16,1.7504718799162405e-16,-2.665981882923965e-16,1.2430954448131984e-14,1.182484002290696e-14,3.293883004447503e-16,3.547452006872091e-16
qp,,P3_dev_run0,shoulder,2,4.891841166359729e-07,0.0,4.891841166359729e-07,,False,0.10242791164439083,0.005031960627554209,14,0,25,0.56,2.318235288034318e-14,shoulder,11,0,4.821929399111381e-07,True,5.960725887119385e-07,0.0,-5.960725887119385e-07,7.673923772330257e-07,1.7131978864780577e-07,5.250986149162928e-09,5.139593659434177e-09
qp,,P3_dev_run0,shoulder,3,4.891841009365603e-07,0.0,4.891841009365603e-07,,False,0.10242791164439083,0.005031960627554209,14,0,25,0.56,2.318235288034318e-14,shoulder,11,0,4.821929399111381e-07,True,5.960725937049489e-07,6.399770093336844e-17,-5.960725936409512e-07,7.673923705662481e-07,1.7131977680234683e-07,5.250985816809853e-09,5.13959330407041e-09
qp,,P3_dev_run0,shoulder,4,0.20536482693889874,0.2,0.005364826938898726,0.02682413469449363,False,0.10242791164439083,0.005031960627554209,14,0,25,0.56,2.318235288034318e-14,shoulder,11,0,4.821929399111381e-07,True,0.3842105676125905,3.5776393162622997e-17,-0.3842105676125904,0.43355399645185677,0.04934342883926644,0.0015432363369041132,0.0014803028651779945
qp,,P3_dev_run0,shoulder,5,9.29449854332801e-06,0.0,9.29449854332801e-06,,False,0.10242791164439083,0.005031960627554209,14,0,25,0.56,2.318235288034318e-14,shoulder,11,0,4.821929399111381e-07,True,1.1325379253924153e-05,4.178240631368911e-17,-1.132537925388237e-05,1.4580455418883268e-05,3.2550761650267288e-06,9.976874259666761e-08,9.765228495080195e-08
qp,,P3_dev_run0,shoulder,6,9.2944985437581e-06,0.0,9.2944985437581e-06,,False,0.10242791164439083,0.005031960627554209,14,0,25,0.56,2.318235288034318e-14,shoulder,11,0,4.821929399111381e-07,True,1.1325379252984942e-05,3.57623692805422e-17,-1.132537925294918e-05,1.458045541837765e-05,3.255076165454991e-06,9.976874261120773e-08,9.765228496364983e-08
qp,,P3_dev_run0,shoulder,7,9.294498547663931e-06,0.0,9.294498547663931e-06,,False,0.10242791164439083,0.005031960627554209,14,0,25,0.56,2.318235288034318e-14,shoulder,11,0,4.821929399111381e-07,True,1.1325379252822871e-05,2.8831679196866084e-17,-1.132537925279404e-05,1.45804554206287e-05,3.2550761678649918e-06,9.976874268659923e-08,9.765228503594983e-08
qp,,P3_dev_run0,shoulder,8,3.116851031051561e-14,0.0,3.116851031051561e-14,,False,0.10242791164439083,0.005031960627554209,14,0,25,0.56,2.318235288034318e-14,shoulder,11,0,4.821929399111381e-07,True,2.868690286835247e-14,4.644531306357701e-15,-2.404237156199477e-14,4.114714641427676e-14,1.1381466709661844e-14,4.596439638790959e-16,3.414440012898556e-16
qp,,P3_dev_run0,shoulder,9,1.48332908325457e-14,0.0,1.48332908325457e-14,,False,0.10242791164439083,0.005031960627554209,14,0,25,0.56,2.318235288034318e-14,shoulder,11,0,4.821929399111381e-07,True,2.894255007439487e-16,3.5068456011899953e-15,3.2174201004460465e-15,1.595783810043423e-14,1.220530757499282e-14,3.5882394427019575e-16,3.6615922724978497e-16
qp,,P3_dev_run0,shoulder,10,0.1418134917463652,0.15,0.008186508253634789,0.0545767216908986,False,0.10242791164439083,0.005031960627554209,14,0,25,0.56,2.318235288034318e-14,shoulder,11,0,4.821929399111381e-07,True,2.471947659422244e-17,0.17280023966889038,0.17280023966889035,0.22246550293813083,0.049665263269240506,0.0015222503611931665,0.0014899578980772164
qp,,P3_dev_run0,shoulder,11,1.79963919356645e-13,0.0,1.79963919356645e-13,,False,0.10242791164439083,0.005031960627554209,14,0,25,0.56,2.318235288034318e-14,shoulder,11,0,4.821929399111381e-07,True,2.318235288034318e-14,1.8106693784174306e-13,1.5788458496139987e-13,2.435376647524902e-13,4.156798999047609e-14,2.445599945997176e-15,1.2470396997142838e-15
qp,,P3_dev_run0,shoulder,12,1.2410203470297979e-14,0.0,1.2410203470297979e-14,,False,0.10242791164439083,0.005031960627554209,14,0,25,0.56,2.318235288034318e-14,shoulder,11,0,4.821929399111381e-07,True,2.0551318939454038e-16,5.678659004482536e-16,3.6235271105371323e-16,1.3266478794789588e-14,1.248392007941224e-14,3.6159418840542537e-16,3.7451760238236753e-16
qp,,P3_dev_run0,shoulder,13,1.2766009163779432e-14,0.0,1.2766009163779432e-14,,False,0.10242791164439083,0.005031960627554209,14,0,25,0.56,2.318235288034318e-14,shoulder,11,0,4.821929399111381e-07,True,4.2467539479464246e-15,2.462165041128556e-16,-4.000537443833569e-15,1.4305629444523372e-14,9.882916356783451e-15,2.8132881664100334e-16,2.964874907035038e-16
qp,,P3_dev_run0,shoulder,14,1.268688301828779e-14,0.0,1.268688301828779e-14,,False,0.10242791164439083,0.005031960627554209,14,0,25,0.56,2.318235288034318e-14,shoulder,11,0,4.821929399111381e-07,True,2.1492514280032212e-16,2.1476694045016224e-16,-1.5820235015987929e-19,1.3546442944672953e-14,1.3084192867035717e-14,3.806017445077204e-16,3.9252578601107184e-16
qp,,P3_dev_run0,shoulder,15,1.3451832293456678e-14,0.0,1.3451832293456678e-14,,False,0.10242791164439083,0.005031960627554209,14,0,25,0.56,2.318235288034318e-14,shoulder,11,0,4.821929399111381e-07,True,2.38363931331348e-16,6.575908032506504e-16,4.192268719193024e-16,1.4260685512726046e-14,1.334071471611587e-14,3.911740934070921e-16,4.0022144148347646e-16
qp,,P3_dev_run0,shoulder,16,2.0416775814879737e-14,0.0,2.0416775814879737e-14,,False,0.10242791164439083,0.005031960627554209,14,0,25,0.56,2.318235288034318e-14,shoulder,11,0,4.821929399111381e-07,True,8.677289407411187e-16,1.1032112964073936e-14,1.0164384023332818e-14,2.371793075614027e-14,1.2330517575574723e-14,3.7927860310991484e-16,3.6991552726724202e-16
qp,,P3_dev_run0,shoulder,17,3.1725129146839074e-14,0.0,3.1725129146839074e-14,,False,0.10242791164439083,0.005031960627554209,14,0,25,0.56,2.318235288034318e-14,shoulder,11,0,4.821929399111381e-07,True,2.8468410139937757e-15,2.156276500873317e-14,1.8715923994739393e-14,3.844796159224068e-14,1.5979420490211563e-14,5.435528984324581e-16,4.7938261470634735e-16
qp,,P3_dev_run0,shoulder,18,2.5620930935084733e-14,0.0,2.5620930935084733e-14,,False,0.10242791164439083,0.005031960627554209,14,0,25,0.56,2.318235288034318e-14,shoulder,11,0,4.821929399111381e-07,True,1.4185313728517256e-15,1.4013142807634873e-14,1.2594611434783147e-14,2.966137167261704e-14,1.5063436770461265e-14,4.786374039897755e-16,4.519031031138383e-16
qp,,P3_dev_run0,shoulder,19,4.8292947426716625e-14,0.0,4.8292947426716625e-14,,False,0.10242791164439083,0.005031960627554209,14,0,25,0.56,2.318235288034318e-14,shoulder,11,0,4.821929399111381e-07,True,7.337918071388638e-15,3.987414116323479e-14,3.253622309184615e-14,6.094801839070382e-14,1.899025088736618e-14,7.708343489112965e-16,5.697075266209859e-16
qp,,P3_dev_run0,shoulder,20,2.1371025068664747e-14,0.0,2.1371025068664747e-14,,False,0.10242791164439083,0.005031960627554209,14,0,25,0.56,2.318235288034318e-14,shoulder,11,0,4.821929399111381e-07,True,7.653645433958428e-16,9.272301815613746e-15,8.506937272217904e-15,2.3888119153752544e-14,1.4185782152675601e-14,4.3484972347795363e-16,4.255734645802684e-16
qp,,P3_dev_run0,shoulder,21,1.5181538680878784e-14,0.0,1.5181538680878784e-14,,False,0.10242791164439083,0.005031960627554209,14,0,25,0.56,2.318235288034318e-14,shoulder,11,0,4.821929399111381e-07,True,2.800983999574793e-16,2.9053064028953655e-16,1.0432240332057237e-17,1.5933284215637022e-14,1.52797111761028e-14,4.551333007466346e-16,4.583913352830844e-16
qp,,P3_dev_run0,shoulder,22,1.4054467532256905e-14,0.0,1.4054467532256905e-14,,False,0.10242791164439083,0.005031960627554209,14,0,25,0.56,2.318235288034318e-14,shoulder,11,0,4.821929399111381e-07,True,3.86844638077152e-16,2.663243711180828e-16,-1.205202669590692e-16,1.4874664236288798e-14,1.4154835112986e-14,4.1803392000591764e-16,4.2464505338958036e-16
qp,,P3_dev_run0,shoulder,23,1.5547329299620232e-14,0.0,1.5547329299620232e-14,,False,0.10242791164439083,0.005031960627554209,14,0,25,0.56,2.318235288034318e-14,shoulder,11,0,4.821929399111381e-07,True,5.908346454213278e-15,3.821848616865122e-16,-5.526161592526766e-15,1.7357902112013216e-14,1.1173137925483892e-14,3.2922234335155146e-16,3.3519413776451707e-16
