point_id,M,scenario,t,m,boundary_lo,boundary_hi,delta_m,slope
P1_old_full_opt,1,summer,0,0,0.0,0.5,0.5,0.01026008092102551
P1_old_full_opt,1,summer,1,0,0.0,0.5,0.5,0.00855384985467375
P1_old_full_opt,1,summer,2,0,0.0,0.5,0.5,0.007832462425549164
P1_old_full_opt,1,summer,3,0,0.0,0.5,0.5,0.007394444257403682
P1_old_full_opt,1,summer,4,0,0.0,0.5,0.5,0.007133248018702271
P1_old_full_opt,1,summer,5,0,0.0,0.5,0.5,0.007114429797085403
P1_old_full_opt,1,summer,6,0,0.0,0.5,0.5,0.007389050667030245
P1_old_full_opt,1,summer,7,0,0.0,0.5,0.5,0.008275463670049416
P1_old_full_opt,1,summer,8,0,0.0,0.5,0.5,0.009698661042987916
P1_old_full_opt,1,summer,9,0,0.0,0.5,0.5,0.01157491465563254
P1_old_full_opt,1,summer,10,0,0.0,0.5,0.5,0.012642937935939236
P1_old_full_opt,1,summer,11,0,0.0,0.5,0.5,0.012981713001028294
P1_old_full_opt,1,summer,12,0,0.0,0.5,0.5,0.012840876969245962
P1_old_full_opt,1,summer,13,0,0.0,0.5,0.5,0.012288337260147053
P1_old_full_opt,1,summer,14,0,0.0,0.5,0.5,0.013189064752875568
P1_old_full_opt,1,summer,15,0,0.0,0.5,0.5,0.013654495428096047
P1_old_full_opt,1,summer,16,0,0.0,0.5,0.5,0.013909931017079713
P1_old_full_opt,1,summer,17,0,0.0,0.5,0.5,0.014361643024713044
P1_old_full_opt,1,summer,18,0,0.0,0.5,0.5,0.01431782839793222
P1_old_full_opt,1,summer,19,0,0.0,0.5,0.5,0.014169020083286854
P1_old_full_opt,1,summer,20,0,0.0,0.5,0.5,0.0139855417467189
P1_old_full_opt,1,summer,21,0,0.0,0.5,0.5,0.013304471039073229
P1_old_full_opt,1,summer,22,0,0.0,0.5,0.5,0.012179955285880117
P1_old_full_opt,1,summer,23,0,0.0,0.5,0.5,0.011176685500879857
P1_old_full_opt,1,winter,0,0,0.0,0.5,0.5,0.011190776067037833
P1_old_full_opt,1,winter,1,0,0.0,0.5,0.5,0.009737454039793009
P1_old_full_opt,1,winter,2,0,0.0,0.5,0.5,0.009030838094167937
P1_old_full_opt,1,winter,3,0,0.0,0.5,0.5,0.008627691849775965
P1_old_full_opt,1,winter,4,0,0.0,0.5,0.5,0.008463684763026724
P1_old_full_opt,1,winter,5,0,0.0,0.5,0.5,0.008614012611336708
P1_old_full_opt,1,winter,6,0,0.0,0.5,0.5,0.009146370745616889
P1_old_full_opt,1,winter,7,0,0.0,0.5,0.5,0.010285179566211305
P1_old_full_opt,1,winter,8,0,0.0,0.5,0.5,0.01209448504759214
P1_old_full_opt,1,winter,9,0,0.0,0.5,0.5,0.01426819792272327
P1_old_full_opt,1,winter,10,0,0.0,0.5,0.5,0.014423019807118576
P1_old_full_opt,1,winter,11,0,0.0,0.5,0.5,0.013837289160218647
P1_old_full_opt,1,winter,12,0,0.0,0.5,0.5,0.01295007715087837
P1_old_full_opt,1,winter,13,0,0.0,0.5,0.5,0.011648545659133924
P1_old_full_opt,1,winter,14,0,0.0,0.5,0.5,0.012408283747187498
P1_old_full_opt,1,winter,15,0,0.0,0.5,0.5,0.012812162563434759
P1_old_full_opt,1,winter,16,0,0.0,0.5,0.5,0.013238093994399847
P1_old_full_opt,1,winter,17,0,0.0,0.5,0.5,0.013872149821269553
P1_old_full_opt,1,winter,18,0,0.0,0.5,0.5,0.013860528077051903
P1_old_full_opt,1,winter,19,0,0.0,0.5,0.5,0.01351837092447944
P1_old_full_opt,1,winter,20,0,0.0,0.5,0.5,0.012967331661692727
P1_old_full_opt,1,winter,21,0,0.0,0.5,0.5,0.012217018267655366
P1_old_full_opt,1,winter,22,0,0.0,0.5,0.5,0.011447622796303625
P1_old_full_opt,1,winter,23,0,0.0,0.5,0.5,0.011196412931010091
P1_old_full_opt,1,shoulder,0,0,0.0,0.5,0.5,0.008745411472246667
P1_old_full_opt,1,shoulder,1,0,0.0,0.5,0.5,0.007281250546903789
P1_old_full_opt,1,shoulder,2,0,0.0,0.5,0.5,0.006680083119615737
P1_old_full_opt,1,shoulder,3,0,0.0,0.5,0.5,0.0063597731940037705
P1_old_full_opt,1,shoulder,4,0,0.0,0.5,0.5,0.006224007704221157
P1_old_full_opt,1,shoulder,5,0,0.0,0.5,0.5,0.006341125805991832
P1_old_full_opt,1,shoulder,6,0,0.0,0.5,0.5,0.0067871227266265155
P1_old_full_opt,1,shoulder,7,0,0.0,0.5,0.5,0.007661854615282737
P1_old_full_opt,1,shoulder,8,0,0.0,0.5,0.5,0.008775566681113733
P1_old_full_opt,1,shoulder,9,0,0.0,0.5,0.5,0.009823414831895444
P1_old_full_opt,1,shoulder,10,0,0.0,0.5,0.5,0.009859488357128993
P1_old_full_opt,1,shoulder,11,0,0.0,0.5,0.5,0.009543663041276407
P1_old_full_opt,1,shoulder,12,0,0.0,0.5,0.5,0.008975877016230899
P1_old_full_opt,1,shoulder,13,0,0.0,0.5,0.5,0.008177425312468789
P1_old_full_opt,1,shoulder,14,0,0.0,0.5,0.5,0.009025340406198845
P1_old_full_opt,1,shoulder,15,0,0.0,0.5,0.5,0.009529837455005102
P1_old_full_opt,1,shoulder,16,0,0.0,0.5,0.5,0.010009493459065155
P1_old_full_opt,1,shoulder,17,0,0.0,0.5,0.5,0.010670937254421031
P1_old_full_opt,1,shoulder,18,0,0.0,0.5,0.5,0.010864460260980646
P1_old_full_opt,1,shoulder,19,0,0.0,0.5,0.5,0.011007776140066122
P1_old_full_opt,1,shoulder,20,0,0.0,0.5,0.5,0.010853229772635836
P1_old_full_opt,1,shoulder,21,0,0.0,0.5,0.5,0.010265657769838982
P1_old_full_opt,1,shoulder,22,0,0.0,0.5,0.5,0.009612824204301734
P1_old_full_opt,1,shoulder,23,0,0.0,0.5,0.5,0.009182162297243529
P1_old_full_opt,2,summer,0,0,0.0,0.025,0.025,0.01899022103375614
P1_old_full_opt,2,summer,0,1,0.025,0.5,0.475,0.009800599862460742
P1_old_full_opt,2,summer,1,0,0.0,0.025,0.025,0.017194485004890514
P1_old_full_opt,2,summer,1,1,0.025,0.5,0.475,0.008099079583609711
P1_old_full_opt,2,summer,2,0,0.0,0.025,0.025,0.016435301447745854
P1_old_full_opt,2,summer,2,1,0.025,0.5,0.475,0.0073796814243809175
P1_old_full_opt,2,summer,3,0,0.0,0.025,0.025,0.015974347177223902
P1_old_full_opt,2,summer,3,1,0.025,0.5,0.475,0.006942870419518407
P1_old_full_opt,2,summer,4,0,0.0,0.025,0.025,0.015699478583580118
P1_old_full_opt,2,summer,4,1,0.025,0.5,0.475,0.006682393778445542
P1_old_full_opt,2,summer,5,0,0.0,0.025,0.025,0.015679675453878494
P1_old_full_opt,2,summer,5,1,0.025,0.5,0.475,0.006663627394096293
P1_old_full_opt,2,summer,6,0,0.0,0.025,0.025,0.015968671226160858
P1_old_full_opt,2,summer,6,1,0.025,0.5,0.475,0.006937491690233897
P1_old_full_opt,2,summer,7,0,0.0,0.025,0.025,0.01690150991379258
P1_old_full_opt,2,summer,7,1,0.025,0.5,0.475,0.007821461236168196
P1_old_full_opt,2,summer,8,0,0.0,0.025,0.025,0.018399333302623888
P1_old_full_opt,2,summer,8,1,0.025,0.5,0.475,0.009240730924059708
P1_old_full_opt,2,summer,9,0,0.0,0.025,0.025,0.020374133930692873
P1_old_full_opt,2,summer,9,1,0.025,0.5,0.475,0.011111797851681997
P1_old_full_opt,2,summer,10,0,0.0,0.025,0.025,0.02149833810839441
P1_old_full_opt,2,summer,10,1,0.025,0.5,0.475,0.012176864242652121
P1_old_full_opt,2,summer,11,0,0.0,0.025,0.025,0.021854946624140226
P1_old_full_opt,2,summer,11,1,0.025,0.5,0.475,0.012514700705075035
P1_old_full_opt,2,summer,12,0,0.0,0.025,0.025,0.02170669608771547
P1_old_full_opt,2,summer,12,1,0.025,0.5,0.475,0.012374254910379147
P1_old_full_opt,2,summer,13,0,0.0,0.025,0.025,0.02112507760937743
P1_old_full_opt,2,summer,13,1,0.025,0.5,0.475,0.01182324566281914
P1_old_full_opt,2,summer,14,0,0.0,0.025,0.025,0.022073216674987073
P1_old_full_opt,2,summer,14,1,0.025,0.5,0.475,0.012721477809606542
P1_old_full_opt,2,summer,15,0,0.0,0.025,0.025,0.022563163614257586
P1_old_full_opt,2,summer,15,1,0.025,0.5,0.475,0.013185618155140178
P1_old_full_opt,2,summer,16,0,0.0,0.025,0.025,0.022832059175117436
P1_old_full_opt,2,summer,16,1,0.025,0.5,0.475,0.013440345324551413
P1_old_full_opt,2,summer,17,0,0.0,0.025,0.025,0.0233075825899276
P1_old_full_opt,2,summer,17,1,0.025,0.5,0.475,0.013890804100228069
P1_old_full_opt,2,summer,18,0,0.0,0.025,0.025,0.023261457838632538
P1_old_full_opt,2,summer,18,1,0.025,0.5,0.475,0.013847111058947993
P1_old_full_opt,2,summer,19,0,0.0,0.025,0.025,0.02310480440472884
P1_old_full_opt,2,summer,19,1,0.025,0.5,0.475,0.013698715645316224
P1_old_full_opt,2,summer,20,0,0.0,0.025,0.025,0.02291165484430424
P1_old_full_opt,2,summer,20,1,0.025,0.5,0.475,0.013515746320530198
P1_old_full_opt,2,summer,21,0,0.0,0.025,0.025,0.02219470080523034
P1_old_full_opt,2,summer,21,1,0.025,0.5,0.475,0.012836564209275488
P1_old_full_opt,2,summer,22,0,0.0,0.025,0.025,0.02101099371714321
P1_old_full_opt,2,summer,22,1,0.025,0.5,0.475,0.01171516378949785
P1_old_full_opt,2,summer,23,0,0.0,0.025,0.025,0.01995497266449986
P1_old_full_opt,2,summer,23,1,0.025,0.5,0.475,0.010714670387005121
P1_old_full_opt,2,winter,0,0,0.0,0.025,0.025,0.01996980372690582
P1_old_full_opt,2,winter,0,1,0.025,0.5,0.475,0.010728721979676361
P1_old_full_opt,2,winter,1,0,0.0,0.025,0.025,0.018440161928830467
P1_old_full_opt,2,winter,1,1,0.025,0.5,0.475,0.009279416782475248
P1_old_full_opt,2,winter,2,0,0.0,0.025,0.025,0.017696479423694456
P1_old_full_opt,2,winter,2,1,0.025,0.5,0.475,0.008574751708403383
P1_old_full_opt,2,winter,3,0,0.0,0.025,0.025,0.01727219739456387
P1_old_full_opt,2,winter,3,1,0.025,0.5,0.475,0.008172717873734496
P1_old_full_opt,2,winter,4,0,0.0,0.025,0.025,0.017099594339475832
P1_old_full_opt,2,winter,4,1,0.025,0.5,0.475,0.008009163206371508
P1_old_full_opt,2,winter,5,0,0.0,0.025,0.025,0.017257801143657492
P1_old_full_opt,2,winter,5,1,0.025,0.5,0.475,0.008159076372793509
P1_old_full_opt,2,winter,6,0,0.0,0.025,0.025,0.017818070698923383
P1_old_full_opt,2,winter,6,1,0.025,0.5,0.475,0.008689965484916547
P1_old_full_opt,2,winter,7,0,0.0,0.025,0.025,0.019016637450704477
P1_old_full_opt,2,winter,7,1,0.025,0.5,0.475,0.009825629151237981
P1_old_full_opt,2,winter,8,0,0.0,0.025,0.025,0.02092102738700863
P1_old_full_opt,2,winter,8,1,0.025,0.5,0.475,0.011629930187622853
P1_old_full_opt,2,winter,9,0,0.0,0.025,0.025,0.023209210729302487
P1_old_full_opt,2,winter,9,1,0.025,0.5,0.475,0.013797618301324364
P1_old_full_opt,2,winter,10,0,0.0,0.025,0.025,0.023372195640485316
P1_old_full_opt,2,winter,10,1,0.025,0.5,0.475,0.013952010552730853
P1_old_full_opt,2,winter,11,0,0.0,0.025,0.025,0.022755589150347255
P1_old_full_opt,2,winter,11,1,0.025,0.5,0.475,0.013367904950211878
P1_old_full_opt,2,winter,12,0,0.0,0.025,0.025,0.021821645168063064
P1_old_full_opt,2,winter,12,1,0.025,0.5,0.475,0.012483152518394965
P1_old_full_opt,2,winter,13,0,0.0,0.025,0.025,0.020451636134971585
P1_old_full_opt,2,winter,13,1,0.025,0.5,0.475,0.011185225107774048
P1_old_full_opt,2,winter,14,0,0.0,0.025,0.025,0.021251335158709583
P1_old_full_opt,2,winter,14,1,0.025,0.5,0.475,0.011942859988686336
P1_old_full_opt,2,winter,15,0,0.0,0.025,0.025,0.02167647010104079
P1_old_full_opt,2,winter,15,1,0.025,0.5,0.475,0.012345620061455495
P1_old_full_opt,2,winter,16,0,0.0,0.025,0.025,0.022124827942036074
P1_old_full_opt,2,winter,16,1,0.025,0.5,0.475,0.012770371155050572
P1_old_full_opt,2,winter,17,0,0.0,0.025,0.025,0.022792286905830572
P1_old_full_opt,2,winter,17,1,0.025,0.5,0.475,0.01340266892208213
P1_old_full_opt,2,winter,18,0,0.0,0.025,0.025,0.02278005270650585
P1_old_full_opt,2,winter,18,1,0.025,0.5,0.475,0.013391079412343802
P1_old_full_opt,2,winter,19,0,0.0,0.025,0.025,0.022419867613918676
P1_old_full_opt,2,winter,19,1,0.025,0.5,0.475,0.01304987109871948
P1_old_full_opt,2,winter,20,0,0.0,0.025,0.025,0.021839808111112635
P1_old_full_opt,2,winter,20,1,0.025,0.5,0.475,0.012500359216986416
P1_old_full_opt,2,winter,21,0,0.0,0.025,0.025,0.021050006493005258
P1_old_full_opt,2,winter,21,1,0.025,0.5,0.475,0.011752124150531689
P1_old_full_opt,2,winter,22,0,0.0,0.025,0.025,0.02024015030188675
P1_old_full_opt,2,winter,22,1,0.025,0.5,0.475,0.010984858190746618
P1_old_full_opt,2,winter,23,0,0.0,0.025,0.025,0.01997573682550491
P1_old_full_opt,2,winter,23,1,0.025,0.5,0.475,0.01073434325235247
P1_old_full_opt,2,shoulder,0,0,0.0,0.025,0.025,0.01739586238817925
P1_old_full_opt,2,shoulder,0,1,0.025,0.5,0.475,0.008290124581934425
P1_old_full_opt,2,shoulder,1,0,0.0,0.025,0.025,0.015855227891938828
P1_old_full_opt,2,shoulder,1,1,0.025,0.5,0.475,0.0068299885813756294
P1_old_full_opt,2,shoulder,2,0,0.0,0.025,0.025,0.015222601090190135
P1_old_full_opt,2,shoulder,2,1,0.025,0.5,0.475,0.006230476910638137
P1_old_full_opt,2,shoulder,3,0,0.0,0.025,0.025,0.01488553682131133
P1_old_full_opt,2,shoulder,3,1,0.025,0.5,0.475,0.005911048792566531
P1_old_full_opt,2,shoulder,4,0,0.0,0.025,0.025,0.01474267148534325
P1_old_full_opt,2,shoulder,4,1,0.025,0.5,0.475,0.0057756569788989425
P1_old_full_opt,2,shoulder,5,0,0.0,0.025,0.025,0.01486591421287431
P1_old_full_opt,2,shoulder,5,1,0.025,0.5,0.475,0.005892452731945386
P1_old_full_opt,2,shoulder,6,0,0.0,0.025,0.025,0.015335240760686042
P1_old_full_opt,2,shoulder,6,1,0.025,0.5,0.475,0.006337221777465488
P1_old_full_opt,2,shoulder,7,0,0.0,0.025,0.025,0.016255758851871915
P1_old_full_opt,2,shoulder,7,1,0.025,0.5,0.475,0.0072095438659885705
P1_old_full_opt,2,shoulder,8,0,0.0,0.025,0.025,0.01742782387948616
P1_old_full_opt,2,shoulder,8,1,0.025,0.5,0.475,0.008320184723304659
P1_old_full_opt,2,shoulder,9,0,0.0,0.025,0.025,0.01853063372638797
P1_old_full_opt,2,shoulder,9,1,0.025,0.5,0.475,0.009365140153237942
P1_old_full_opt,2,shoulder,10,0,0.0,0.025,0.025,0.01856860041874242
P1_old_full_opt,2,shoulder,10,1,0.025,0.5,0.475,0.009401114038096707
P1_old_full_opt,2,shoulder,11,0,0.0,0.025,0.025,0.01823620270903603
P1_old_full_opt,2,shoulder,11,1,0.025,0.5,0.475,0.009086160953499584
P1_old_full_opt,2,shoulder,12,0,0.0,0.025,0.025,0.017638636390450713
P1_old_full_opt,2,shoulder,12,1,0.025,0.5,0.475,0.008519942312324592
P1_old_full_opt,2,shoulder,13,0,0.0,0.025,0.025,0.016798334798164283
P1_old_full_opt,2,shoulder,13,1,0.025,0.5,0.475,0.007723693234274289
P1_old_full_opt,2,shoulder,14,0,0.0,0.025,0.025,0.01769069345321561
P1_old_full_opt,2,shoulder,14,1,0.025,0.5,0.475,0.008569269193197964
P1_old_full_opt,2,shoulder,15,0,0.0,0.025,0.025,0.018221651770345404
P1_old_full_opt,2,shoulder,15,1,0.025,0.5,0.475,0.009072373543671403
P1_old_full_opt,2,shoulder,16,0,0.0,0.025,0.025,0.018726478637494104
P1_old_full_opt,2,shoulder,16,1,0.025,0.5,0.475,0.009550704765463632
P1_old_full_opt,2,shoulder,17,0,0.0,0.025,0.025,0.01942265309655855
P1_old_full_opt,2,shoulder,17,1,0.025,0.5,0.475,0.010210320631150635
P1_old_full_opt,2,shoulder,18,0,0.0,0.025,0.025,0.01962634191230106
P1_old_full_opt,2,shoulder,18,1,0.025,0.5,0.475,0.010403308595121678
P1_old_full_opt,2,shoulder,19,0,0.0,0.025,0.025,0.019777187507388216
P1_old_full_opt,2,shoulder,19,1,0.025,0.5,0.475,0.010546228173364959
P1_old_full_opt,2,shoulder,20,0,0.0,0.025,0.025,0.019614521429732745
P1_old_full_opt,2,shoulder,20,1,0.025,0.5,0.475,0.01039210915910442
P1_old_full_opt,2,shoulder,21,0,0.0,0.025,0.025,0.018996090683757183
P1_old_full_opt,2,shoulder,21,1,0.025,0.5,0.475,0.009806161300685392
P1_old_full_opt,2,shoulder,22,0,0.0,0.025,0.025,0.0183089925333213
P1_old_full_opt,2,shoulder,22,1,0.025,0.5,0.475,0.009155131134353336
P1_old_full_opt,2,shoulder,23,0,0.0,0.025,0.025,0.017855739332533482
P1_old_full_opt,2,shoulder,23,1,0.025,0.5,0.475,0.008725658242754585
P1_old_full_opt,4,summer,0,0,0.0,0.01,0.01,0.019269609471261884
P1_old_full_opt,4,summer,0,1,0.01,0.025,0.015000000000000001,0.018803962075418974
P1_old_full_opt,4,summer,0,2,0.025,0.05,0.025,0.018059953728248868
P1_old_full_opt,4,summer,0,3,0.05,0.5,0.45,0.009341746869916956
P1_old_full_opt,4,summer,1,0,0.0,0.01,0.01,0.017470977938741084
P1_old_full_opt,4,summer,1,1,0.01,0.025,0.015000000000000001,0.017010156382323467
P1_old_full_opt,4,summer,1,2,0.025,0.05,0.025,0.016273850073119656
P1_old_full_opt,4,summer,1,3,0.05,0.5,0.45,0.007644925667525825
P1_old_full_opt,4,summer,2,0,0.0,0.01,0.01,0.016710571838703114
P1_old_full_opt,4,summer,2,1,0.01,0.025,0.015000000000000001,0.016251787853774347
P1_old_full_opt,4,summer,2,2,0.025,0.05,0.025,0.01551873354395994
P1_old_full_opt,4,summer,2,3,0.05,0.5,0.45,0.006927511862182082
P1_old_full_opt,4,summer,3,0,0.0,0.01,0.01,0.016248875733980428
P1_old_full_opt,4,summer,3,1,0.01,0.025,0.015000000000000001,0.015791328139386218
P1_old_full_opt,4,summer,3,2,0.025,0.05,0.025,0.015060247151749695
P1_old_full_opt,4,summer,3,3,0.05,0.5,0.45,0.006491905045505558
P1_old_full_opt,4,summer,4,0,0.0,0.01,0.01,0.01597356494417307
P1_old_full_opt,4,summer,4,1,0.01,0.025,0.015000000000000001,0.015516754343184816
P1_old_full_opt,4,summer,4,2,0.025,0.05,0.025,0.014786849614268904
P1_old_full_opt,4,summer,4,3,0.05,0.5,0.45,0.0062321462320109105
P1_old_full_opt,4,summer,5,0,0.0,0.01,0.01,0.015953729967708996
P1_old_full_opt,4,summer,5,1,0.01,0.025,0.015000000000000001,0.015496972444658159
P1_old_full_opt,4,summer,5,2,0.025,0.05,0.025,0.014767152454369659
P1_old_full_opt,4,summer,5,3,0.05,0.5,0.45,0.006213431557414439
P1_old_full_opt,4,summer,6,0,0.0,0.01,0.01,0.016243190654921524
P1_old_full_opt,4,summer,6,1,0.01,0.025,0.015000000000000001,0.015785658273653747
P1_old_full_opt,4,summer,6,2,0.025,0.05,0.025,0.015054601577285665
P1_old_full_opt,4,summer,6,3,0.05,0.5,0.45,0.006486541140953242
P1_old_full_opt,4,summer,7,0,0.0,0.01,0.01,0.017177530946280162
P1_old_full_opt,4,summer,7,1,0.01,0.025,0.015000000000000001,0.01671749589213419
P1_old_full_opt,4,summer,7,2,0.025,0.05,0.025,0.015982444851599942
P1_old_full_opt,4,summer,7,3,0.05,0.5,0.45,0.007368073257533099
P1_old_full_opt,4,summer,8,0,0.0,0.01,0.01,0.018677768392025285
P1_old_full_opt,4,summer,8,1,0.01,0.025,0.015000000000000001,0.018213709909689624
P1_old_full_opt,4,summer,8,2,0.025,0.05,0.025,0.017472237474675523
P1_old_full_opt,4,summer,8,3,0.05,0.5,0.45,0.00878342500458105
P1_old_full_opt,4,summer,9,0,0.0,0.01,0.01,0.020655757492177296
P1_old_full_opt,4,summer,9,1,0.01,0.025,0.015000000000000001,0.020186384889703257
P1_old_full_opt,4,summer,9,2,0.025,0.05,0.025,0.01943643125006278
P1_old_full_opt,4,summer,9,3,0.05,0.5,0.45,0.01064931821843862
P1_old_full_opt,4,summer,10,0,0.0,0.01,0.01,0.021781779710289273
P1_old_full_opt,4,summer,10,1,0.01,0.025,0.015000000000000001,0.0213093770404645
P1_old_full_opt,4,summer,10,2,0.025,0.05,0.025,0.02055458759764317
P1_old_full_opt,4,summer,10,3,0.05,0.5,0.45,0.01171143516737484
P1_old_full_opt,4,summer,11,0,0.0,0.01,0.01,0.022138965365192664
P1_old_full_opt,4,summer,11,1,0.01,0.025,0.015000000000000001,0.021665600796771933
P1_old_full_opt,4,summer,11,2,0.025,0.05,0.025,0.02090927621600569
P1_old_full_opt,4,summer,11,3,0.05,0.5,0.45,0.01204833539891222
P1_old_full_opt,4,summer,12,0,0.0,0.01,0.01,0.02199047487357053
P1_old_full_opt,4,summer,12,1,0.01,0.025,0.015000000000000001,0.021517510230478765
P1_old_full_opt,4,summer,12,2,0.025,0.05,0.025,0.020761823909299926
P1_old_full_opt,4,summer,12,3,0.05,0.5,0.45,0.011908278854883547
P1_old_full_opt,4,summer,13,0,0.0,0.01,0.01,0.021407915344229256
P1_old_full_opt,4,summer,13,1,0.01,0.025,0.015000000000000001,0.02093651911947621
P1_old_full_opt,4,summer,13,2,0.025,0.05,0.025,0.02018333589516641
P1_old_full_opt,4,summer,13,3,0.05,0.5,0.45,0.011358796205466513
P1_old_full_opt,4,summer,14,0,0.0,0.01,0.01,0.022357588781973803
P1_old_full_opt,4,summer,14,1,0.01,0.025,0.015000000000000001,0.02188363527032925
P1_old_full_opt,4,summer,14,2,0.025,0.05,0.025,0.021126370800305105
P1_old_full_opt,4,summer,14,3,0.05,0.5,0.45,0.012254539310123286
P1_old_full_opt,4,summer,15,0,0.0,0.01,0.01,0.02284832919681179
P1_old_full_opt,4,summer,15,1,0.01,0.025,0.015000000000000001,0.022373053225888114
P1_old_full_opt,4,summer,15,2,0.025,0.05,0.025,0.02161367821787996
P1_old_full_opt,4,summer,15,3,0.05,0.5,0.45,0.012717392596099077
P1_old_full_opt,4,summer,16,0,0.0,0.01,0.01,0.02311766041145913
P1_old_full_opt,4,summer,16,1,0.01,0.025,0.015000000000000001,0.02264165835088964
P1_old_full_opt,4,summer,16,2,0.025,0.05,0.025,0.021881124562486143
P1_old_full_opt,4,summer,16,3,0.05,0.5,0.45,0.012971413144666148
P1_old_full_opt,4,summer,17,0,0.0,0.01,0.01,0.02359395455876212
P1_old_full_opt,4,summer,17,1,0.01,0.025,0.015000000000000001,0.023116667944037918
P1_old_full_opt,4,summer,17,2,0.025,0.05,0.025,0.02235408414604345
P1_old_full_opt,4,summer,17,3,0.05,0.5,0.45,0.013420621875460547
P1_old_full_opt,4,summer,18,0,0.0,0.01,0.01,0.023547755024602712
P1_old_full_opt,4,summer,18,1,0.01,0.025,0.015000000000000001,0.02307059304798575
P1_old_full_opt,4,summer,18,2,0.025,0.05,0.025,0.02230820813735601
P1_old_full_opt,4,summer,18,3,0.05,0.5,0.45,0.013377050110147547
P1_old_full_opt,4,summer,19,0,0.0,0.01,0.01,0.023390847655427316
P1_old_full_opt,4,summer,19,1,0.01,0.025,0.015000000000000001,0.022914108904263188
P1_old_full_opt,4,summer,19,2,0.025,0.05,0.025,0.022152399414112622
P1_old_full_opt,4,summer,19,3,0.05,0.5,0.45,0.013229066547049756
P1_old_full_opt,4,summer,20,0,0.0,0.01,0.01,0.023197385065729104
P1_old_full_opt,4,summer,20,1,0.01,0.025,0.015000000000000001,0.022721168030020996
P1_old_full_opt,4,summer,20,2,0.025,0.05,0.025,0.021960291167830714
P1_old_full_opt,4,summer,20,3,0.05,0.5,0.45,0.013046604940124612
P1_old_full_opt,4,summer,21,0,0.0,0.01,0.01,0.022479269620442888
P1_old_full_opt,4,summer,21,1,0.01,0.025,0.015000000000000001,0.022004988261755305
P1_old_full_opt,4,summer,21,2,0.025,0.05,0.025,0.02124720057477658
P1_old_full_opt,4,summer,21,3,0.05,0.5,0.45,0.012369306633414314
P1_old_full_opt,4,summer,22,0,0.0,0.01,0.01,0.021293646932435406
P1_old_full_opt,4,summer,22,1,0.01,0.025,0.015000000000000001,0.020822558240281747
P1_old_full_opt,4,summer,22,2,0.025,0.05,0.025,0.020069865815677268
P1_old_full_opt,4,summer,22,3,0.05,0.5,0.45,0.011251013676932325
P1_old_full_opt,4,summer,23,0,0.0,0.01,0.01,0.020235918908598216
P1_old_full_opt,4,summer,23,1,0.01,0.025,0.015000000000000001,0.019767675168434286
P1_old_full_opt,4,summer,23,2,0.025,0.05,0.025,0.019019523134975458
P1_old_full_opt,4,summer,23,3,0.05,0.5,0.45,0.010253289678784546
P1_old_full_opt,4,winter,0,0,0.0,0.01,0.01,0.020250773940003186
P1_old_full_opt,4,winter,0,1,0.01,0.025,0.015000000000000001,0.01978249025150758
P1_old_full_opt,4,winter,0,2,0.025,0.05,0.025,0.019034274491960268
P1_old_full_opt,4,winter,0,3,0.05,0.5,0.45,0.010267302395660587
P1_old_full_opt,4,winter,1,0,0.0,0.01,0.01,0.018718662875105707
P1_old_full_opt,4,winter,1,1,0.01,0.025,0.015000000000000001,0.01825449463131364
P1_old_full_opt,4,winter,1,2,0.025,0.05,0.025,0.017512847024589995
P1_old_full_opt,4,winter,1,3,0.05,0.5,0.45,0.008822003991246651
P1_old_full_opt,4,winter,2,0,0.0,0.01,0.01,0.017973781257966948
P1_old_full_opt,4,winter,2,1,0.01,0.025,0.015000000000000001,0.01751161153417946
P1_old_full_opt,4,winter,2,2,0.025,0.05,0.025,0.016773153547910424
P1_old_full_opt,4,winter,2,3,0.05,0.5,0.45,0.008119284939541881
P1_old_full_opt,4,winter,3,0,0.0,0.01,0.01,0.01754881552647608
P1_old_full_opt,4,winter,3,1,0.01,0.025,0.015000000000000001,0.017087785306622395
P1_old_full_opt,4,winter,3,2,0.025,0.05,0.025,0.016351145969999425
P1_old_full_opt,4,winter,3,3,0.05,0.5,0.45,0.007718360757275333
P1_old_full_opt,4,winter,4,0,0.0,0.01,0.01,0.01737593441858143
P1_old_full_opt,4,winter,4,1,0.01,0.025,0.015000000000000001,0.0169153676200721
P1_old_full_opt,4,winter,4,2,0.025,0.05,0.025,0.016179467919757995
P1_old_full_opt,4,winter,4,3,0.05,0.5,0.45,0.007555257388961147
P1_old_full_opt,4,winter,5,0,0.0,0.01,0.01,0.017534396085273907
P1_old_full_opt,4,winter,5,1,0.01,0.025,0.015000000000000001,0.017073404515913215
P1_old_full_opt,4,winter,5,2,0.025,0.05,0.025,0.01633682687673277
P1_old_full_opt,4,winter,5,3,0.05,0.5,0.45,0.0077047569003524385
P1_old_full_opt,4,winter,6,0,0.0,0.01,0.01,0.01809556851467692
P1_old_full_opt,4,winter,6,1,0.01,0.025,0.015000000000000001,0.017633072155087692
P1_old_full_opt,4,winter,6,2,0.025,0.05,0.025,0.016894092824130125
P1_old_full_opt,4,winter,6,3,0.05,0.5,0.45,0.008234180632738014
P1_old_full_opt,4,winter,7,0,0.0,0.01,0.01,0.0192960685285945
P1_old_full_opt,4,winter,7,1,0.01,0.025,0.015000000000000001,0.018830350065444458
P1_old_full_opt,4,winter,7,2,0.025,0.05,0.025,0.01808622832114748
P1_old_full_opt,4,winter,7,3,0.05,0.5,0.45,0.009366706975131898
P1_old_full_opt,4,winter,8,0,0.0,0.01,0.01,0.021203535106284477
P1_old_full_opt,4,winter,8,1,0.01,0.025,0.015000000000000001,0.020732688907491394
P1_old_full_opt,4,winter,8,2,0.025,0.05,0.025,0.019980383482409714
P1_old_full_opt,4,winter,8,3,0.05,0.5,0.45,0.011166016115690248
P1_old_full_opt,4,winter,9,0,0.0,0.01,0.01,0.023495423220001865
P1_old_full_opt,4,winter,9,1,0.01,0.025,0.015000000000000001,0.023018402402169565
P1_old_full_opt,4,winter,9,2,0.025,0.05,0.025,0.02225624277090721
P1_old_full_opt,4,winter,9,3,0.05,0.5,0.45,0.013327694719680871
P1_old_full_opt,4,winter,10,0,0.0,0.01,0.01,0.023658672357559918
P1_old_full_opt,4,winter,10,1,0.01,0.025,0.015000000000000001,0.02318121116243558
P1_old_full_opt,4,winter,10,2,0.025,0.05,0.025,0.022418348724898562
P1_old_full_opt,4,winter,10,3,0.05,0.5,0.45,0.013481658432054868
P1_old_full_opt,4,winter,11,0,0.0,0.01,0.01,0.023041066476328642
P1_old_full_opt,4,winter,11,1,0.01,0.025,0.015000000000000001,0.022565270933026328
P1_old_full_opt,4,winter,11,2,0.025,0.05,0.025,0.0218050667103431
P1_old_full_opt,4,winter,11,3,0.05,0.5,0.45,0.012899173741315698
P1_old_full_opt,4,winter,12,0,0.0,0.01,0.01,0.02210561000939859
P1_old_full_opt,4,winter,12,1,0.01,0.025,0.015000000000000001,0.021632335273839377
P1_old_full_opt,4,winter,12,2,0.025,0.05,0.025,0.020876154077023035
P1_old_full_opt,4,winter,12,3,0.05,0.5,0.45,0.012016874654026738
P1_old_full_opt,4,winter,13,0,0.0,0.01,0.01,0.02073338497096955
P1_old_full_opt,4,winter,13,1,0.01,0.025,0.015000000000000001,0.020263803577639607
P1_old_full_opt,4,winter,13,2,0.025,0.05,0.025,0.019513516750870874
P1_old_full_opt,4,winter,13,3,0.05,0.5,0.45,0.010722542238713112
P1_old_full_opt,4,winter,14,0,0.0,0.01,0.01,0.021534377125131954
P1_old_full_opt,4,winter,14,1,0.01,0.025,0.015000000000000001,0.021062640514428
P1_old_full_opt,4,winter,14,2,0.025,0.05,0.025,0.020308914050488625
P1_old_full_opt,4,winter,14,3,0.05,0.5,0.45,0.011478079207475098
P1_old_full_opt,4,winter,15,0,0.0,0.01,0.01,0.021960199967627214
P1_old_full_opt,4,winter,15,1,0.01,0.025,0.015000000000000001,0.02148731685664984
P1_old_full_opt,4,winter,15,2,0.025,0.05,0.025,0.02073176066361815
P1_old_full_opt,4,winter,15,3,0.05,0.5,0.45,0.011879723361335347
P1_old_full_opt,4,winter,16,0,0.0,0.01,0.01,0.022409283613317177
P1_old_full_opt,4,winter,16,1,0.01,0.025,0.015000000000000001,0.021935190827848672
P1_old_full_opt,4,winter,16,2,0.025,0.05,0.025,0.021177704080013182
P1_old_full_opt,4,winter,16,3,0.05,0.5,0.45,0.01230329710366376
P1_old_full_opt,4,winter,17,0,0.0,0.01,0.01,0.023077823697478794
P1_old_full_opt,4,winter,17,1,0.01,0.025,0.015000000000000001,0.022601929044731756
P1_old_full_opt,4,winter,17,2,0.025,0.05,0.025,0.02184156666878989
P1_old_full_opt,4,winter,17,3,0.05,0.5,0.45,0.012933841269487255
P1_old_full_opt,4,winter,18,0,0.0,0.01,0.01,0.023065569672853226
P1_old_full_opt,4,winter,18,1,0.01,0.025,0.015000000000000001,0.022589708062274262
P1_old_full_opt,4,winter,18,2,0.025,0.05,0.025,0.021829398416147727
P1_old_full_opt,4,winter,18,3,0.05,0.5,0.45,0.012922283912132472
P1_old_full_opt,4,winter,19,0,0.0,0.01,0.01,0.022704801088574422
P1_old_full_opt,4,winter,19,1,0.01,0.025,0.015000000000000001,0.022229911964148176
P1_old_full_opt,4,winter,19,2,0.025,0.05,0.025,0.021471154331847986
P1_old_full_opt,4,winter,19,3,0.05,0.5,0.45,0.01258202203021234
P1_old_full_opt,4,winter,20,0,0.0,0.01,0.01,0.022123802352103095
P1_old_full_opt,4,winter,20,1,0.01,0.025,0.015000000000000001,0.021650478617118996
P1_old_full_opt,4,winter,20,2,0.025,0.05,0.025,0.020894219222402644
P1_old_full_opt,4,winter,20,3,0.05,0.5,0.45,0.01203403366112996
P1_old_full_opt,4,winter,21,0,0.0,0.01,0.01,0.02133272280809284
P1_old_full_opt,4,winter,21,1,0.01,0.025,0.015000000000000001,0.020861528949613534
P1_old_full_opt,4,winter,21,2,0.025,0.05,0.025,0.020108668692251364
P1_old_full_opt,4,winter,21,3,0.05,0.5,0.45,0.011287871675991705
P1_old_full_opt,4,winter,22,0,0.0,0.01,0.01,0.020521557332575657
P1_old_full_opt,4,winter,22,1,0.01,0.025,0.015000000000000001,0.02005254561476081
P1_old_full_opt,4,winter,22,2,0.025,0.05,0.025,0.01930316793994802
P1_old_full_opt,4,winter,22,3,0.05,0.5,0.45,0.01052272987134654
P1_old_full_opt,4,winter,23,0,0.0,0.01,0.01,0.020256716617392256
P1_old_full_opt,4,winter,23,1,0.01,0.025,0.015000000000000001,0.019788416964246675
P1_old_full_opt,4,winter,23,2,0.025,0.05,0.025,0.019040175706819262
P1_old_full_opt,4,winter,23,3,0.05,0.5,0.45,0.010272908115993204
P1_old_full_opt,4,shoulder,0,0,0.0,0.01,0.01,0.01767232320162293
P1_old_full_opt,4,shoulder,0,1,0.01,0.025,0.015000000000000001,0.017211555179216798
P1_old_full_opt,4,shoulder,0,2,0.025,0.05,0.025,0.016474384818992438
P1_old_full_opt,4,shoulder,0,3,0.05,0.5,0.45,0.007835443457653425
P1_old_full_opt,4,shoulder,1,0,0.0,0.01,0.01,0.01612956480614991
P1_old_full_opt,4,shoulder,1,1,0.01,0.025,0.015000000000000001,0.015672336615798105
P1_old_full_opt,4,shoulder,1,2,0.025,0.05,0.025,0.014941765423023279
P1_old_full_opt,4,shoulder,1,3,0.05,0.5,0.45,0.006379334312395204
P1_old_full_opt,4,shoulder,2,0,0.0,0.01,0.01,0.015495920575370192
P1_old_full_opt,4,shoulder,2,1,0.01,0.025,0.015000000000000001,0.015040388100070096
P1_old_full_opt,4,shoulder,2,2,0.025,0.05,0.025,0.01431252334861799
P1_old_full_opt,4,shoulder,2,3,0.05,0.5,0.45,0.005781474330750368
P1_old_full_opt,4,shoulder,3,0,0.0,0.01,0.01,0.01515831447712751
P1_old_full_opt,4,shoulder,3,1,0.01,0.025,0.015000000000000001,0.014703685050767207
P1_old_full_opt,4,shoulder,3,2,0.025,0.05,0.025,0.013977261599303348
P1_old_full_opt,4,shoulder,3,3,0.05,0.5,0.45,0.00546292585885893
P1_old_full_opt,4,shoulder,4,0,0.0,0.01,0.01,0.01501521954287155
P1_old_full_opt,4,shoulder,4,1,0.01,0.025,0.015000000000000001,0.014560972780324383
P1_old_full_opt,4,shoulder,4,2,0.025,0.05,0.025,0.01383516008250818
P1_old_full_opt,4,shoulder,4,3,0.05,0.5,0.45,0.0053279068064762064
P1_old_full_opt,4,shoulder,5,0,0.0,0.01,0.01,0.015138660331405485
P1_old_full_opt,4,shoulder,5,1,0.01,0.025,0.015000000000000001,0.014684083467186857
P1_old_full_opt,4,shoulder,5,2,0.025,0.05,0.025,0.013957743909220888
P1_old_full_opt,4,shoulder,5,3,0.05,0.5,0.45,0.005444380999874525
P1_old_full_opt,4,shoulder,6,0,0.0,0.01,0.01,0.015608741348943633
P1_old_full_opt,4,shoulder,6,1,0.01,0.025,0.015000000000000001,0.01515290703518098
P1_old_full_opt,4,shoulder,6,2,0.025,0.05,0.025,0.014424560520942542
P1_old_full_opt,4,shoulder,6,3,0.05,0.5,0.45,0.0058879251806056515
P1_old_full_opt,4,shoulder,7,0,0.0,0.01,0.01,0.01653074025555895
P1_old_full_opt,4,shoulder,7,1,0.01,0.025,0.015000000000000001,0.016072437916080557
P1_old_full_opt,4,shoulder,7,2,0.025,0.05,0.025,0.0153401523216673
P1_old_full_opt,4,shoulder,7,3,0.05,0.5,0.45,0.0067578433962286405
P1_old_full_opt,4,shoulder,8,0,0.0,0.01,0.01,0.01770469275248765
P1_old_full_opt,4,shoulder,8,1,0.01,0.025,0.015000000000000001,0.0172432446308185
P1_old_full_opt,4,shoulder,8,2,0.025,0.05,0.025,0.016505938297157186
P1_old_full_opt,4,shoulder,8,3,0.05,0.5,0.45,0.007865420635868406
P1_old_full_opt,4,shoulder,9,0,0.0,0.01,0.01,0.018809280601239653
P1_old_full_opt,4,shoulder,9,1,0.01,0.025,0.015000000000000001,0.01834486914315351
P1_old_full_opt,4,shoulder,9,2,0.025,0.05,0.025,0.01760283333460011
P1_old_full_opt,4,shoulder,9,3,0.05,0.5,0.45,0.008907490532051155
P1_old_full_opt,4,shoulder,10,0,0.0,0.01,0.01,0.0188473085526622
P1_old_full_opt,4,shoulder,10,1,0.01,0.025,0.015000000000000001,0.018382794996129232
P1_old_full_opt,4,shoulder,10,2,0.025,0.05,0.025,0.017640596274938747
P1_old_full_opt,4,shoulder,10,3,0.05,0.5,0.45,0.008943365024938815
P1_old_full_opt,4,shoulder,11,0,0.0,0.01,0.01,0.018514374694938995
P1_old_full_opt,4,shoulder,11,1,0.01,0.025,0.015000000000000001,0.018050754718434054
P1_old_full_opt,4,shoulder,11,2,0.025,0.05,0.025,0.01730998211503909
P1_old_full_opt,4,shoulder,11,3,0.05,0.5,0.45,0.008629282000080722
P1_old_full_opt,4,shoulder,12,0,0.0,0.01,0.01,0.017915844991400753
P1_old_full_opt,4,shoulder,12,1,0.01,0.025,0.015000000000000001,0.017453830656484016
P1_old_full_opt,4,shoulder,12,2,0.025,0.05,0.025,0.016715620652906216
P1_old_full_opt,4,shoulder,12,3,0.05,0.5,0.45,0.008064626848958947
P1_old_full_opt,4,shoulder,13,0,0.0,0.01,0.01,0.01707418968196761
P1_old_full_opt,4,shoulder,13,1,0.01,0.025,0.015000000000000001,0.016614431542295395
P1_old_full_opt,4,shoulder,13,2,0.025,0.05,0.025,0.015879822475782235
P1_old_full_opt,4,shoulder,13,3,0.05,0.5,0.45,0.007270574943079403
P1_old_full_opt,4,shoulder,14,0,0.0,0.01,0.01,0.017967985959792265
P1_old_full_opt,4,shoulder,14,1,0.01,0.025,0.015000000000000001,0.017505831782164506
P1_old_full_opt,4,shoulder,14,2,0.025,0.05,0.025,0.01676739859588383
P1_old_full_opt,4,shoulder,14,3,0.05,0.5,0.45,0.008113817559715414
P1_old_full_opt,4,shoulder,15,0,0.0,0.01,0.01,0.018499800289677182
P1_old_full_opt,4,shoulder,15,1,0.01,0.025,0.015000000000000001,0.018036219424124218
P1_old_full_opt,4,shoulder,15,2,0.025,0.05,0.025,0.017295509238834383
P1_old_full_opt,4,shoulder,15,3,0.05,0.5,0.45,0.008615532671717904
P1_old_full_opt,4,shoulder,16,0,0.0,0.01,0.01,0.01900544147831057
P1_old_full_opt,4,shoulder,16,1,0.01,0.025,0.015000000000000001,0.018540503410283127
P1_old_full_opt,4,shoulder,16,2,0.025,0.05,0.025,0.017797627161787455
P1_old_full_opt,4,shoulder,16,3,0.05,0.5,0.45,0.009092542410112307
P1_old_full_opt,4,shoulder,17,0,0.0,0.01,0.01,0.0197027396097324
P1_old_full_opt,4,shoulder,17,1,0.01,0.025,0.015000000000000001,0.01923592875444265
P1_old_full_opt,4,shoulder,17,2,0.025,0.05,0.025,0.018490063590203554
P1_old_full_opt,4,shoulder,17,3,0.05,0.5,0.45,0.009750334911203251
P1_old_full_opt,4,shoulder,18,0,0.0,0.01,0.01,0.019906757340693026
P1_old_full_opt,4,shoulder,18,1,0.01,0.025,0.015000000000000001,0.01943939829337308
P1_old_full_opt,4,shoulder,18,2,0.025,0.05,0.025,0.018692658219616742
P1_old_full_opt,4,shoulder,18,3,0.05,0.5,0.45,0.009942789171538617
P1_old_full_opt,4,shoulder,19,0,0.0,0.01,0.01,0.020057846564836
P1_old_full_opt,4,shoulder,19,1,0.01,0.025,0.015000000000000001,0.019590081469089693
P1_old_full_opt,4,shoulder,19,2,0.025,0.05,0.025,0.01884269334730515
P1_old_full_opt,4,shoulder,19,3,0.05,0.5,0.45,0.010085313441479393
P1_old_full_opt,4,shoulder,20,0,0.0,0.01,0.01,0.019894917764212705
P1_old_full_opt,4,shoulder,20,1,0.01,0.025,0.015000000000000001,0.019427590540079438
P1_old_full_opt,4,shoulder,20,2,0.025,0.05,0.025,0.018680901243545156
P1_old_full_opt,4,shoulder,20,3,0.05,0.5,0.45,0.009931620709968824
P1_old_full_opt,4,shoulder,21,0,0.0,0.01,0.01,0.01927548860785888
P1_old_full_opt,4,shoulder,21,1,0.01,0.025,0.015000000000000001,0.018809825401022717
P1_old_full_opt,4,shoulder,21,2,0.025,0.05,0.025,0.01806579187152324
P1_old_full_opt,4,shoulder,21,3,0.05,0.5,0.45,0.009347292935638844
P1_old_full_opt,4,shoulder,22,0,0.0,0.01,0.01,0.018587281912162135
P1_old_full_opt,4,shoulder,22,1,0.01,0.025,0.015000000000000001,0.018123466280760742
P1_old_full_opt,4,shoulder,22,2,0.025,0.05,0.025,0.017382381420806836
P1_old_full_opt,4,shoulder,22,3,0.05,0.5,0.45,0.008698061673994808
P1_old_full_opt,4,shoulder,23,0,0.0,0.01,0.01,0.018133297881017807
P1_old_full_opt,4,shoulder,23,1,0.01,0.025,0.015000000000000001,0.017670700300210597
P1_old_full_opt,4,shoulder,23,2,0.025,0.05,0.025,0.016931559454075873
P1_old_full_opt,4,shoulder,23,3,0.05,0.5,0.45,0.008269774842125623
P1_old_full_opt,9,summer,0,0,0.0,0.01,0.01,0.019269609471261884
P1_old_full_opt,9,summer,0,1,0.01,0.025,0.015000000000000001,0.018803962075418974
P1_old_full_opt,9,summer,0,2,0.025,0.05,0.025,0.018059953728248868
P1_old_full_opt,9,summer,0,3,0.05,0.075,0.024999999999999994,0.017131607276937858
P1_old_full_opt,9,summer,0,4,0.075,0.1,0.02500000000000001,0.016205172847894016
P1_old_full_opt,9,summer,0,5,0.1,0.15,0.04999999999999999,0.01481932352493082
P1_old_full_opt,9,summer,0,6,0.15,0.2,0.05000000000000002,0.012977818146976957
P1_old_full_opt,9,summer,0,7,0.2,0.3,0.09999999999999998,0.010230511766089747
P1_old_full_opt,9,summer,0,8,0.3,0.5,0.2,0.0047872916406873495
P1_old_full_opt,9,summer,1,0,0.0,0.01,0.01,0.017470977938741084
P1_old_full_opt,9,summer,1,1,0.01,0.025,0.015000000000000001,0.017010156382323467
P1_old_full_opt,9,summer,1,2,0.025,0.05,0.025,0.016273850073119656
P1_old_full_opt,9,summer,1,3,0.05,0.075,0.024999999999999994,0.015355099908067608
P1_old_full_opt,9,summer,1,4,0.075,0.1,0.02500000000000001,0.014438225924864318
P1_old_full_opt,9,summer,1,5,0.1,0.15,0.04999999999999999,0.013066646129125673
P1_old_full_opt,9,summer,1,6,0.15,0.2,0.05000000000000002,0.01124404936526657
P1_old_full_opt,9,summer,1,7,0.2,0.3,0.09999999999999998,0.00852482798169907
P1_old_full_opt,9,summer,1,8,0.3,0.5,0.2,0.00313682915836902
P1_old_full_opt,9,summer,2,0,0.0,0.01,0.01,0.016710571838703114
P1_old_full_opt,9,summer,2,1,0.01,0.025,0.015000000000000001,0.016251787853774347
P1_old_full_opt,9,summer,2,2,0.025,0.05,0.025,0.01551873354395994
P1_old_full_opt,9,summer,2,3,0.05,0.075,0.024999999999999994,0.01460403526584331
P1_old_full_opt,9,summer,2,4,0.075,0.1,0.02500000000000001,0.01369119812308805
P1_old_full_opt,9,summer,2,5,0.1,0.15,0.04999999999999999,0.012325643720519645
P1_old_full_opt,9,summer,2,6,0.15,0.2,0.05000000000000002,0.01051103153022009
P1_old_full_opt,9,summer,2,7,0.2,0.3,0.09999999999999998,0.007803670324182112
P1_old_full_opt,9,summer,2,8,0.3,0.5,0.2,0.002438993541517276
P1_old_full_opt,9,summer,3,0,0.0,0.01,0.01,0.016248875733980428
P1_old_full_opt,9,summer,3,1,0.01,0.025,0.015000000000000001,0.015791328139386218
P1_old_full_opt,9,summer,3,2,0.025,0.05,0.025,0.015060247151749695
P1_old_full_opt,9,summer,3,3,0.05,0.075,0.024999999999999994,0.014148007580568892
P1_old_full_opt,9,summer,3,4,0.075,0.1,0.02500000000000001,0.01323762004038886
P1_old_full_opt,9,summer,3,5,0.1,0.15,0.04999999999999999,0.01187572197968723
P1_old_full_opt,9,summer,3,6,0.15,0.2,0.05000000000000002,0.010065955075798102
P1_old_full_opt,9,summer,3,7,0.2,0.3,0.09999999999999998,0.007365791204281132
P1_old_full_opt,9,summer,3,8,0.3,0.5,0.2,0.0020152680337558876
P1_old_full_opt,9,summer,4,0,0.0,0.01,0.01,0.01597356494417307
P1_old_full_opt,9,summer,4,1,0.01,0.025,0.015000000000000001,0.015516754343184816
P1_old_full_opt,9,summer,4,2,0.025,0.05,0.025,0.014786849614268904
P1_old_full_opt,9,summer,4,3,0.05,0.075,0.024999999999999994,0.013876075650441359
P1_old_full_opt,9,summer,4,4,0.075,0.1,0.02500000000000001,0.012967148302462924
P1_old_full_opt,9,summer,4,5,0.1,0.15,0.04999999999999999,0.011607429770214285
P1_old_full_opt,9,summer,4,6,0.15,0.2,0.05000000000000002,0.00980055116242495
P1_old_full_opt,9,summer,4,7,0.2,0.3,0.09999999999999998,0.007104677713361403
P1_old_full_opt,9,summer,4,8,0.3,0.5,0.2,0.0017625919380710037
P1_old_full_opt,9,summer,5,0,0.0,0.01,0.01,0.015953729967708996
P1_old_full_opt,9,summer,5,1,0.01,0.025,0.015000000000000001,0.015496972444658159
P1_old_full_opt,9,summer,5,2,0.025,0.05,0.025,0.014767152454369659
P1_old_full_opt,9,summer,5,3,0.05,0.075,0.024999999999999994,0.013856484067831801
P1_old_full_opt,9,summer,5,4,0.075,0.1,0.02500000000000001,0.012947661904832982
P1_old_full_opt,9,summer,5,5,0.1,0.15,0.04999999999999999,0.011588100376802581
P1_old_full_opt,9,summer,5,6,0.15,0.2,0.05000000000000002,0.009781429829321116
P1_old_full_opt,9,summer,5,7,0.2,0.3,0.09999999999999998,0.007085865448456382
P1_old_full_opt,9,summer,5,8,0.3,0.5,0.2,0.001744387481840276
P1_old_full_opt,9,summer,6,0,0.0,0.01,0.01,0.016243190654921524
P1_old_full_opt,9,summer,6,1,0.01,0.025,0.015000000000000001,0.015785658273653747
P1_old_full_opt,9,summer,6,2,0.025,0.05,0.025,0.015054601577285665
P1_old_full_opt,9,summer,6,3,0.05,0.075,0.024999999999999994,0.01414239227679526
P1_old_full_opt,9,summer,6,4,0.075,0.1,0.02500000000000001,0.013232034889508743
P1_old_full_opt,9,summer,6,5,0.1,0.15,0.04999999999999999,0.01187018184327732
P1_old_full_opt,9,summer,6,6,0.15,0.2,0.05000000000000002,0.010060474589398679
P1_old_full_opt,9,summer,6,7,0.2,0.3,0.09999999999999998,0.0073603993234204485
P1_old_full_opt,9,summer,6,8,0.3,0.5,0.2,0.0020100504014775727
P1_old_full_opt,9,summer,7,0,0.0,0.01,0.01,0.017177530946280162
P1_old_full_opt,9,summer,7,1,0.01,0.025,0.015000000000000001,0.01671749589213419
P1_old_full_opt,9,summer,7,2,0.025,0.05,0.025,0.015982444851599942
P1_old_full_opt,9,summer,7,3,0.05,0.075,0.024999999999999994,0.0150652587015665
P1_old_full_opt,9,summer,7,4,0.075,0.1,0.02500000000000001,0.014149942919866038
P1_old_full_opt,9,summer,7,5,0.1,0.15,0.04999999999999999,0.012780688886595563
P1_old_full_opt,9,summer,7,6,0.15,0.2,0.05000000000000002,0.010961174092508626
P1_old_full_opt,9,summer,7,7,0.2,0.3,0.09999999999999998,0.008246530581000196
P1_old_full_opt,9,summer,7,8,0.3,0.5,0.2,0.002867533591494262
P1_old_full_opt,9,summer,8,0,0.0,0.01,0.01,0.018677768392025285
P1_old_full_opt,9,summer,8,1,0.01,0.025,0.015000000000000001,0.018213709909689624
P1_old_full_opt,9,summer,8,2,0.025,0.05,0.025,0.017472237474675523
P1_old_full_opt,9,summer,8,3,0.05,0.075,0.024999999999999994,0.016547050576241066
P1_old_full_opt,9,summer,8,4,0.075,0.1,0.02500000000000001,0.015623763877848912
P1_old_full_opt,9,summer,8,5,0.1,0.15,0.04999999999999999,0.014242612652817236
P1_old_full_opt,9,summer,8,6,0.15,0.2,0.05000000000000002,0.012407332645992527
P1_old_full_opt,9,summer,8,7,0.2,0.3,0.09999999999999998,0.009669272560474675
P1_old_full_opt,9,summer,8,8,0.3,0.5,0.2,0.004244231848606339
P1_old_full_opt,9,summer,9,0,0.0,0.01,0.01,0.020655757492177296
P1_old_full_opt,9,summer,9,1,0.01,0.025,0.015000000000000001,0.020186384889703257
P1_old_full_opt,9,summer,9,2,0.025,0.05,0.025,0.01943643125006278
P1_old_full_opt,9,summer,9,3,0.05,0.075,0.024999999999999994,0.018500677474915243
P1_old_full_opt,9,summer,9,4,0.075,0.1,0.02500000000000001,0.017566863601361497
P1_old_full_opt,9,summer,9,5,0.1,0.15,0.04999999999999999,0.016170000417050637
P1_old_full_opt,9,summer,9,6,0.15,0.2,0.05000000000000002,0.014313901187396056
P1_old_full_opt,9,summer,9,7,0.2,0.3,0.09999999999999998,0.011544920082502965
P1_old_full_opt,9,summer,9,8,0.3,0.5,0.2,0.006059087914589145
P1_old_full_opt,9,summer,10,0,0.0,0.01,0.01,0.021781779710289273
P1_old_full_opt,9,summer,10,1,0.01,0.025,0.015000000000000001,0.0213093770404645
P1_old_full_opt,9,summer,10,2,0.025,0.05,0.025,0.02055458759764317
P1_old_full_opt,9,summer,10,3,0.05,0.075,0.024999999999999994,0.01961280894399731
P1_old_full_opt,9,summer,10,4,0.075,0.1,0.02500000000000001,0.018672992988659758
P1_old_full_opt,9,summer,10,5,0.1,0.15,0.04999999999999999,0.01726717193824945
P1_old_full_opt,9,summer,10,6,0.15,0.2,0.05000000000000002,0.01539920355349333
P1_old_full_opt,9,summer,10,7,0.2,0.3,0.09999999999999998,0.012612595437428712
P1_old_full_opt,9,summer,10,8,0.3,0.5,0.2,0.007092112293361208
P1_old_full_opt,9,summer,11,0,0.0,0.01,0.01,0.022138965365192664
P1_old_full_opt,9,summer,11,1,0.01,0.025,0.015000000000000001,0.021665600796771933
P1_old_full_opt,9,summer,11,2,0.025,0.05,0.025,0.02090927621600569
P1_old_full_opt,9,summer,11,3,0.05,0.075,0.024999999999999994,0.019965584972378995
P1_old_full_opt,9,summer,11,4,0.075,0.1,0.02500000000000001,0.01902386368966224
P1_old_full_opt,9,summer,11,5,0.1,0.15,0.04999999999999999,0.017615199056525425
P1_old_full_opt,9,summer,11,6,0.15,0.2,0.05000000000000002,0.01574346301623563
P1_old_full_opt,9,summer,11,7,0.2,0.3,0.09999999999999998,0.012951259695880294
P1_old_full_opt,9,summer,11,8,0.3,0.5,0.2,0.007419778198666932
P1_old_full_opt,9,summer,12,0,0.0,0.01,0.01,0.02199047487357053
P1_old_full_opt,9,summer,12,1,0.01,0.025,0.015000000000000001,0.021517510230478765
P1_old_full_opt,9,summer,12,2,0.025,0.05,0.025,0.020761823909299926
P1_old_full_opt,9,summer,12,3,0.05,0.075,0.024999999999999994,0.01981892785834494
P1_old_full_opt,9,summer,12,4,0.075,0.1,0.02500000000000001,0.018877998751434248
P1_old_full_opt,9,summer,12,5,0.1,0.15,0.04999999999999999,0.017470516376760784
P1_old_full_opt,9,summer,12,6,0.15,0.2,0.05000000000000002,0.015600346797484116
P1_old_full_opt,9,summer,12,7,0.2,0.3,0.09999999999999998,0.012810469754073742
P1_old_full_opt,9,summer,12,8,0.3,0.5,0.2,0.007283560926667487
P1_old_full_opt,9,summer,13,0,0.0,0.01,0.01,0.021407915344229256
P1_old_full_opt,9,summer,13,1,0.01,0.025,0.015000000000000001,0.02093651911947621
P1_old_full_opt,9,summer,13,2,0.025,0.05,0.025,0.02018333589516641
P1_old_full_opt,9,summer,13,3,0.05,0.075,0.024999999999999994,0.01924355839080572
P1_old_full_opt,9,summer,13,4,0.075,0.1,0.02500000000000001,0.018305736008801247
P1_old_full_opt,9,summer,13,5,0.1,0.15,0.04999999999999999,0.016902890254455464
P1_old_full_opt,9,summer,13,6,0.15,0.2,0.05000000000000002,0.01503886409219612
P1_old_full_opt,9,summer,13,7,0.2,0.3,0.09999999999999998,0.01225811051313919
P1_old_full_opt,9,summer,13,8,0.3,0.5,0.2,0.006749135819116292
P1_old_full_opt,9,summer,14,0,0.0,0.01,0.01,0.022357588781973803
P1_old_full_opt,9,summer,14,1,0.01,0.025,0.015000000000000001,0.02188363527032925
P1_old_full_opt,9,summer,14,2,0.025,0.05,0.025,0.021126370800305105
P1_old_full_opt,9,summer,14,3,0.05,0.075,0.024999999999999994,0.02018150856275436
P1_old_full_opt,9,summer,14,4,0.075,0.1,0.02500000000000001,0.01923862075027482
P1_old_full_opt,9,summer,14,5,0.1,0.15,0.04999999999999999,0.017828215150128005
P1_old_full_opt,9,summer,14,6,0.15,0.2,0.05000000000000002,0.015954172402445337
P1_old_full_opt,9,summer,14,7,0.2,0.3,0.09999999999999998,0.013158543520023217
P1_old_full_opt,9,summer,14,8,0.3,0.5,0.2,0.007620328635493806
P1_old_full_opt,9,summer,15,0,0.0,0.01,0.01,0.02284832919681179
P1_old_full_opt,9,summer,15,1,0.01,0.025,0.015000000000000001,0.022373053225888114
P1_old_full_opt,9,summer,15,2,0.025,0.05,0.025,0.02161367821787996
P1_old_full_opt,9,summer,15,3,0.05,0.075,0.024999999999999994,0.020666186536741907
P1_old_full_opt,9,summer,15,4,0.075,0.1,0.02500000000000001,0.019720679287849034
P1_old_full_opt,9,summer,15,5,0.1,0.15,0.04999999999999999,0.018306364413404056
P1_old_full_opt,9,summer,15,6,0.15,0.2,0.05000000000000002,0.01642714208503148
P1_old_full_opt,9,summer,15,7,0.2,0.3,0.09999999999999998,0.01362382143428487
P1_old_full_opt,9,summer,15,8,0.3,0.5,0.2,0.008070487771397739
P1_old_full_opt,9,summer,16,0,0.0,0.01,0.01,0.02311766041145913
P1_old_full_opt,9,summer,16,1,0.01,0.025,0.015000000000000001,0.02264165835088964
P1_old_full_opt,9,summer,16,2,0.025,0.05,0.025,0.021881124562486143
P1_old_full_opt,9,summer,16,3,0.05,0.075,0.024999999999999994,0.02093218921289775
P1_old_full_opt,9,summer,16,4,0.075,0.1,0.02500000000000001,0.01998524380576571
P1_old_full_opt,9,summer,16,5,0.1,0.15,0.04999999999999999,0.01856878261328854
P1_old_full_opt,9,summer,16,6,0.15,0.2,0.05000000000000002,0.016686716568084507
P1_old_full_opt,9,summer,16,7,0.2,0.3,0.09999999999999998,0.013879173012585625
P1_old_full_opt,9,summer,16,8,0.3,0.5,0.2,0.008317539146529829
P1_old_full_opt,9,summer,17,0,0.0,0.01,0.01,0.02359395455876212
P1_old_full_opt,9,summer,17,1,0.01,0.025,0.015000000000000001,0.023116667944037918
P1_old_full_opt,9,summer,17,2,0.025,0.05,0.025,0.02235408414604345
P1_old_full_opt,9,summer,17,3,0.05,0.075,0.024999999999999994,0.021402594786053
P1_old_full_opt,9,summer,17,4,0.075,0.1,0.02500000000000001,0.0204531051303014
P1_old_full_opt,9,summer,17,5,0.1,0.15,0.04999999999999999,0.019032846933361162
P1_old_full_opt,9,summer,17,6,0.15,0.2,0.05000000000000002,0.01714575017017716
P1_old_full_opt,9,summer,17,7,0.2,0.3,0.09999999999999998,0.01433073615757369
P1_old_full_opt,9,summer,17,8,0.3,0.5,0.2,0.008754419375570505
P1_old_full_opt,9,summer,18,0,0.0,0.01,0.01,0.023547755024602712
P1_old_full_opt,9,summer,18,1,0.01,0.025,0.015000000000000001,0.02307059304798575
P1_old_full_opt,9,summer,18,2,0.025,0.05,0.025,0.02230820813735601
P1_old_full_opt,9,summer,18,3,0.05,0.075,0.024999999999999994,0.02135696656521358
P1_old_full_opt,9,summer,18,4,0.075,0.1,0.02500000000000001,0.020407723750689437
P1_old_full_opt,9,summer,18,5,0.1,0.15,0.04999999999999999,0.01898783393234738
P1_old_full_opt,9,summer,18,6,0.15,0.2,0.05000000000000002,0.017101225238067556
P1_old_full_opt,9,summer,18,7,0.2,0.3,0.09999999999999998,0.014286935986783659
P1_old_full_opt,9,summer,18,8,0.3,0.5,0.2,0.00871204367234854
P1_old_full_opt,9,summer,19,0,0.0,0.01,0.01,0.023390847655427316
P1_old_full_opt,9,summer,19,1,0.01,0.025,0.015000000000000001,0.022914108904263188
P1_old_full_opt,9,summer,19,2,0.025,0.05,0.025,0.022152399414112622
P1_old_full_opt,9,summer,19,3,0.05,0.075,0.024999999999999994,0.021201999317439494
P1_old_full_opt,9,summer,19,4,0.075,0.1,0.02500000000000001,0.020253594762119624
P1_old_full_opt,9,summer,19,5,0.1,0.15,0.04999999999999999,0.018834955942860224
P1_old_full_opt,9,summer,19,6,0.15,0.2,0.05000000000000002,0.016950004719007976
P1_old_full_opt,9,summer,19,7,0.2,0.3,0.09999999999999998,0.014138176742035383
P1_old_full_opt,9,summer,19,8,0.3,0.5,0.2,0.008568121934432321
P1_old_full_opt,9,summer,20,0,0.0,0.01,0.01,0.023197385065729104
P1_old_full_opt,9,summer,20,1,0.01,0.025,0.015000000000000001,0.022721168030020996
P1_old_full_opt,9,summer,20,2,0.025,0.05,0.025,0.021960291167830714
P1_old_full_opt,9,summer,20,3,0.05,0.075,0.024999999999999994,0.02101092839920327
P1_old_full_opt,9,summer,20,4,0.075,0.1,0.02500000000000001,0.020063557212270926
P1_old_full_opt,9,summer,20,5,0.1,0.15,0.04999999999999999,0.018646460577901317
P1_old_full_opt,9,summer,20,6,0.15,0.2,0.05000000000000002,0.01676355262675621
P1_old_full_opt,9,summer,20,7,0.2,0.3,0.09999999999999998,0.013954758850130148
P1_old_full_opt,9,summer,20,8,0.3,0.5,0.2,0.008390667687616649
P1_old_full_opt,9,summer,21,0,0.0,0.01,0.01,0.022479269620442888
P1_old_full_opt,9,summer,21,1,0.01,0.025,0.015000000000000001,0.022004988261755305
P1_old_full_opt,9,summer,21,2,0.025,0.05,0.025,0.02124720057477658
P1_old_full_opt,9,summer,21,3,0.05,0.075,0.024999999999999994,0.020301686485646456
P1_old_full_opt,9,summer,21,4,0.075,0.1,0.02500000000000001,0.019358149292181263
P1_old_full_opt,9,summer,21,5,0.1,0.15,0.04999999999999999,0.017946774546787617
P1_old_full_opt,9,summer,21,6,0.15,0.2,0.05000000000000002,0.01607144773140056
P1_old_full_opt,9,summer,21,7,0.2,0.3,0.09999999999999998,0.013273911966374955
P1_old_full_opt,9,summer,21,8,0.3,0.5,0.2,0.007731948900219221
P1_old_full_opt,9,summer,22,0,0.0,0.01,0.01,0.021293646932435406
P1_old_full_opt,9,summer,22,1,0.01,0.025,0.015000000000000001,0.020822558240281747
P1_old_full_opt,9,summer,22,2,0.025,0.05,0.025,0.020069865815677268
P1_old_full_opt,9,summer,22,3,0.05,0.075,0.024999999999999994,0.019130699798739496
P1_old_full_opt,9,summer,22,4,0.075,0.1,0.02500000000000001,0.018193486581521416
P1_old_full_opt,9,summer,22,5,0.1,0.15,0.04999999999999999,0.016791549990225477
P1_old_full_opt,9,summer,22,6,0.15,0.2,0.05000000000000002,0.014928728454098312
P1_old_full_opt,9,summer,22,7,0.2,0.3,0.09999999999999998,0.012149763871285305
P1_old_full_opt,9,summer,22,8,0.3,0.5,0.2,0.006644305928841521
P1_old_full_opt,9,summer,23,0,0.0,0.01,0.01,0.020235918908598216
P1_old_full_opt,9,summer,23,1,0.01,0.025,0.015000000000000001,0.019767675168434286
P1_old_full_opt,9,summer,23,2,0.025,0.05,0.025,0.019019523134975458
P1_old_full_opt,9,summer,23,3,0.05,0.075,0.024999999999999994,0.01808601398972765
P1_old_full_opt,9,summer,23,4,0.075,0.1,0.02500000000000001,0.01715443627803625
P1_old_full_opt,9,summer,23,5,0.1,0.15,0.04999999999999999,0.01576091054417195
P1_old_full_opt,9,summer,23,6,0.15,0.2,0.05000000000000002,0.01390923352099171
P1_old_full_opt,9,summer,23,7,0.2,0.3,0.09999999999999998,0.011146820114770197
P1_old_full_opt,9,summer,23,8,0.3,0.5,0.2,0.005673899420118728
P1_old_full_opt,9,winter,0,0,0.0,0.01,0.01,0.020250773940003186
P1_old_full_opt,9,winter,0,1,0.01,0.025,0.015000000000000001,0.01978249025150758
P1_old_full_opt,9,winter,0,2,0.025,0.05,0.025,0.019034274491960268
P1_old_full_opt,9,winter,0,3,0.05,0.075,0.024999999999999994,0.018100685941953024
P1_old_full_opt,9,winter,0,4,0.075,0.1,0.02500000000000001,0.017169029123615946
P1_old_full_opt,9,winter,0,5,0.1,0.15,0.04999999999999999,0.015775385323695826
P1_old_full_opt,9,winter,0,6,0.15,0.2,0.05000000000000002,0.013923551861180767
P1_old_full_opt,9,winter,0,7,0.2,0.3,0.09999999999999998,0.011160906116538251
P1_old_full_opt,9,winter,0,8,0.3,0.5,0.2,0.005687528652551926
P1_old_full_opt,9,winter,1,0,0.0,0.01,0.01,0.018718662875105707
P1_old_full_opt,9,winter,1,1,0.01,0.025,0.015000000000000001,0.01825449463131364
P1_old_full_opt,9,winter,1,2,0.025,0.05,0.025,0.017512847024589995
P1_old_full_opt,9,winter,1,3,0.05,0.075,0.024999999999999994,0.01658744186968764
P1_old_full_opt,9,winter,1,4,0.075,0.1,0.02500000000000001,0.01566393772684304
P1_old_full_opt,9,winter,1,5,0.1,0.15,0.04999999999999999,0.014282461966756425
P1_old_full_opt,9,winter,1,6,0.15,0.2,0.05000000000000002,0.012446751912858208
P1_old_full_opt,9,winter,1,7,0.2,0.3,0.09999999999999998,0.009708053091966875
P1_old_full_opt,9,winter,1,8,0.3,0.5,0.2,0.004281756514851534
P1_old_full_opt,9,winter,2,0,0.0,0.01,0.01,0.017973781257966948
P1_old_full_opt,9,winter,2,1,0.01,0.025,0.015000000000000001,0.01751161153417946
P1_old_full_opt,9,winter,2,2,0.025,0.05,0.025,0.016773153547910424
P1_old_full_opt,9,winter,2,3,0.05,0.075,0.024999999999999994,0.015851722484973577
P1_old_full_opt,9,winter,2,4,0.075,0.1,0.02500000000000001,0.014932177588745094
P1_old_full_opt,9,winter,2,5,0.1,0.15,0.04999999999999999,0.013556611239407827
P1_old_full_opt,9,winter,2,6,0.15,0.2,0.05000000000000002,0.011728731780899778
P1_old_full_opt,9,winter,2,7,0.2,0.3,0.09999999999999998,0.00900166376631484
P1_old_full_opt,9,winter,2,8,0.3,0.5,0.2,0.0035982359665200775
P1_old_full_opt,9,winter,3,0,0.0,0.01,0.01,0.01754881552647608
P1_old_full_opt,9,winter,3,1,0.01,0.025,0.015000000000000001,0.017087785306622395
P1_old_full_opt,9,winter,3,2,0.025,0.05,0.025,0.016351145969999425
P1_old_full_opt,9,winter,3,3,0.05,0.075,0.024999999999999994,0.01543198087624931
P1_old_full_opt,9,winter,3,4,0.075,0.1,0.02500000000000001,0.014514693496457948
P1_old_full_opt,9,winter,3,5,0.1,0.15,0.04999999999999999,0.013142496679628139
P1_old_full_opt,9,winter,3,6,0.15,0.2,0.05000000000000002,0.011319082275076938
P1_old_full_opt,9,winter,3,7,0.2,0.3,0.09999999999999998,0.008598646403105288
P1_old_full_opt,9,winter,3,8,0.3,0.5,0.2,0.0032082594670521797
P1_old_full_opt,9,winter,4,0,0.0,0.01,0.01,0.01737593441858143
P1_old_full_opt,9,winter,4,1,0.01,0.025,0.015000000000000001,0.0169153676200721
P1_old_full_opt,9,winter,4,2,0.025,0.05,0.025,0.016179467919757995
P1_old_full_opt,9,winter,4,3,0.05,0.075,0.024999999999999994,0.015261224366799334
P1_old_full_opt,9,winter,4,4,0.075,0.1,0.02500000000000001,0.014344855113190275
P1_old_full_opt,9,winter,4,5,0.1,0.15,0.04999999999999999,0.012974028669874297
P1_old_full_opt,9,winter,4,6,0.15,0.2,0.05000000000000002,0.011152430205661753
P1_old_full_opt,9,winter,4,7,0.2,0.3,0.09999999999999998,0.00843469166109487
P1_old_full_opt,9,winter,4,8,0.3,0.5,0.2,0.0030496086407324347
P1_old_full_opt,9,winter,5,0,0.0,0.01,0.01,0.017534396085273907
P1_old_full_opt,9,winter,5,1,0.01,0.025,0.015000000000000001,0.017073404515913215
P1_old_full_opt,9,winter,5,2,0.025,0.05,0.025,0.01633682687673277
P1_old_full_opt,9,winter,5,3,0.05,0.075,0.024999999999999994,0.015417738650692073
P1_old_full_opt,9,winter,5,4,0.075,0.1,0.02500000000000001,0.014500527856186047
P1_old_full_opt,9,winter,5,5,0.1,0.15,0.04999999999999999,0.013128445345240717
P1_old_full_opt,9,winter,5,6,0.15,0.2,0.05000000000000002,0.01130518241388295
P1_old_full_opt,9,winter,5,7,0.2,0.3,0.09999999999999998,0.00858497153240115
P1_old_full_opt,9,winter,5,8,0.3,0.5,0.2,0.003195027006451731
P1_old_full_opt,9,winter,6,0,0.0,0.01,0.01,0.01809556851467692
P1_old_full_opt,9,winter,6,1,0.01,0.025,0.015000000000000001,0.017633072155087692
P1_old_full_opt,9,winter,6,2,0.025,0.05,0.025,0.016894092824130125
P1_old_full_opt,9,winter,6,3,0.05,0.075,0.024999999999999994,0.01597201220465472
P1_old_full_opt,9,winter,6,4,0.075,0.1,0.02500000000000001,0.015051820174701297
P1_old_full_opt,9,winter,6,5,0.1,0.15,0.04999999999999999,0.013675287929936778
P1_old_full_opt,9,winter,6,6,0.15,0.2,0.05000000000000002,0.011846128543814002
P1_old_full_opt,9,winter,6,7,0.2,0.3,0.09999999999999998,0.009117159428076034
P1_old_full_opt,9,winter,6,8,0.3,0.5,0.2,0.003709993543765319
P1_old_full_opt,9,winter,7,0,0.0,0.01,0.01,0.0192960685285945
P1_old_full_opt,9,winter,7,1,0.01,0.025,0.015000000000000001,0.018830350065444458
P1_old_full_opt,9,winter,7,2,0.025,0.05,0.025,0.01808622832114748
P1_old_full_opt,9,winter,7,3,0.05,0.075,0.024999999999999994,0.01715774056470998
P1_old_full_opt,9,winter,7,4,0.075,0.1,0.02500000000000001,0.016231165372979632
P1_old_full_opt,9,winter,7,5,0.1,0.15,0.04999999999999999,0.014845105953070762
P1_old_full_opt,9,winter,7,6,0.15,0.2,0.05000000000000002,0.01300332218487604
P1_old_full_opt,9,winter,7,7,0.2,0.3,0.09999999999999998,0.010255602320699138
P1_old_full_opt,9,winter,7,8,0.3,0.5,0.2,0.0048115692569992985
P1_old_full_opt,9,winter,8,0,0.0,0.01,0.01,0.021203535106284477
P1_old_full_opt,9,winter,8,1,0.01,0.025,0.015000000000000001,0.020732688907491394
P1_old_full_opt,9,winter,8,2,0.025,0.05,0.025,0.019980383482409714
P1_old_full_opt,9,winter,8,3,0.05,0.075,0.024999999999999994,0.01904169963669489
P1_old_full_opt,9,winter,8,4,0.075,0.1,0.02500000000000001,0.018104966757361833
P1_old_full_opt,9,winter,8,5,0.1,0.15,0.04999999999999999,0.016703747056300847
P1_old_full_opt,9,winter,8,6,0.15,0.2,0.05000000000000002,0.01484187539488479
P1_old_full_opt,9,winter,8,7,0.2,0.3,0.09999999999999998,0.012064321480643184
P1_old_full_opt,9,winter,8,8,0.3,0.5,0.2,0.0065616366079279675
P1_old_full_opt,9,winter,9,0,0.0,0.01,0.01,0.023495423220001865
P1_old_full_opt,9,winter,9,1,0.01,0.025,0.015000000000000001,0.023018402402169565
P1_old_full_opt,9,winter,9,2,0.025,0.05,0.025,0.02225624277090721
P1_old_full_opt,9,winter,9,3,0.05,0.075,0.024999999999999994,0.0213052818597459
P1_old_full_opt,9,winter,9,4,0.075,0.1,0.02500000000000001,0.020356318637760877
P1_old_full_opt,9,winter,9,5,0.1,0.15,0.04999999999999999,0.018936846075677808
P1_old_full_opt,9,winter,9,6,0.15,0.2,0.05000000000000002,0.01705079020799804
P1_old_full_opt,9,winter,9,7,0.2,0.3,0.09999999999999998,0.014237321881667157
P1_old_full_opt,9,winter,9,8,0.3,0.5,0.2,0.008664043045341074
P1_old_full_opt,9,winter,10,0,0.0,0.01,0.01,0.023658672357559918
P1_old_full_opt,9,winter,10,1,0.01,0.025,0.015000000000000001,0.02318121116243558
P1_old_full_opt,9,winter,10,2,0.025,0.05,0.025,0.022418348724898562
P1_old_full_opt,9,winter,10,3,0.05,0.075,0.024999999999999994,0.021466512244178174
P1_old_full_opt,9,winter,10,4,0.075,0.1,0.02500000000000001,0.020516676786315184
P1_old_full_opt,9,winter,10,5,0.1,0.15,0.04999999999999999,0.01909590251899518
P1_old_full_opt,9,winter,10,6,0.15,0.2,0.05000000000000002,0.01720812201519261
P1_old_full_opt,9,winter,10,7,0.2,0.3,0.09999999999999998,0.014392092682890548
P1_old_full_opt,9,winter,10,8,0.3,0.5,0.2,0.008813780368319563
P1_old_full_opt,9,winter,11,0,0.0,0.01,0.01,0.023041066476328642
P1_old_full_opt,9,winter,11,1,0.01,0.025,0.015000000000000001,0.022565270933026328
P1_old_full_opt,9,winter,11,2,0.025,0.05,0.025,0.0218050667103431
P1_old_full_opt,9,winter,11,3,0.05,0.075,0.024999999999999994,0.02085654196322562
P1_old_full_opt,9,winter,11,4,0.075,0.1,0.02500000000000001,0.01991000558762445
P1_old_full_opt,9,winter,11,5,0.1,0.15,0.04999999999999999,0.018494154834476365
P1_old_full_opt,9,winter,11,6,0.15,0.2,0.05000000000000002,0.016612897575598577
P1_old_full_opt,9,winter,11,7,0.2,0.3,0.09999999999999998,0.01380655505940909
P1_old_full_opt,9,winter,11,8,0.3,0.5,0.2,0.008247281841880783
P1_old_full_opt,9,winter,12,0,0.0,0.01,0.01,0.02210561000939859
P1_old_full_opt,9,winter,12,1,0.01,0.025,0.015000000000000001,0.021632335273839377
P1_old_full_opt,9,winter,12,2,0.025,0.05,0.025,0.020876154077023035
P1_old_full_opt,9,winter,12,3,0.05,0.075,0.024999999999999994,0.01993264146374463
P1_old_full_opt,9,winter,12,4,0.075,0.1,0.02500000000000001,0.018991098139230493
P1_old_full_opt,9,winter,12,5,0.1,0.15,0.04999999999999999,0.017582699093828816
P1_old_full_opt,9,winter,12,6,0.15,0.2,0.05000000000000002,0.015711314943456782
P1_old_full_opt,9,winter,12,7,0.2,0.3,0.09999999999999998,0.012919634201774003
P1_old_full_opt,9,winter,12,8,0.3,0.5,0.2,0.007389179910979871
P1_old_full_opt,9,winter,13,0,0.0,0.01,0.01,0.02073338497096955
P1_old_full_opt,9,winter,13,1,0.01,0.025,0.015000000000000001,0.020263803577639607
P1_old_full_opt,9,winter,13,2,0.025,0.05,0.025,0.019513516750870874
P1_old_full_opt,9,winter,13,3,0.05,0.075,0.024999999999999994,0.018577347839314754
P1_old_full_opt,9,winter,13,4,0.075,0.1,0.02500000000000001,0.017643120398187488
P1_old_full_opt,9,winter,13,5,0.1,0.15,0.04999999999999999,0.016245639979464713
P1_old_full_opt,9,winter,13,6,0.15,0.2,0.05000000000000002,0.01438872289878323
P1_old_full_opt,9,winter,13,7,0.2,0.3,0.09999999999999998,0.011618527168320849
P1_old_full_opt,9,winter,13,8,0.3,0.5,0.2,0.006130307203694313
P1_old_full_opt,9,winter,14,0,0.0,0.01,0.01,0.021534377125131954
P1_old_full_opt,9,winter,14,1,0.01,0.025,0.015000000000000001,0.021062640514428
P1_old_full_opt,9,winter,14,2,0.025,0.05,0.025,0.020308914050488625
P1_old_full_opt,9,winter,14,3,0.05,0.075,0.024999999999999994,0.019368459727855395
P1_old_full_opt,9,winter,14,4,0.075,0.1,0.02500000000000001,0.01842996309276978
P1_old_full_opt,9,winter,14,5,0.1,0.15,0.04999999999999999,0.017026111048822904
P1_old_full_opt,9,winter,14,6,0.15,0.2,0.05000000000000002,0.015160751561270053
P1_old_full_opt,9,winter,14,7,0.2,0.3,0.09999999999999998,0.012378017873039274
P1_old_full_opt,9,winter,14,8,0.3,0.5,0.2,0.006865150775197948
P1_old_full_opt,9,winter,15,0,0.0,0.01,0.01,0.021960199967627214
P1_old_full_opt,9,winter,15,1,0.01,0.025,0.015000000000000001,0.02148731685664984
P1_old_full_opt,9,winter,15,2,0.025,0.05,0.025,0.02073176066361815
P1_old_full_opt,9,winter,15,3,0.05,0.075,0.024999999999999994,0.01978902671772254
P1_old_full_opt,9,winter,15,4,0.075,0.1,0.02500000000000001,0.01884825910903442
P1_old_full_opt,9,winter,15,5,0.1,0.15,0.04999999999999999,0.017441017764359138
P1_old_full_opt,9,winter,15,6,0.15,0.2,0.05000000000000002,0.015571167530678548
P1_old_full_opt,9,winter,15,7,0.2,0.3,0.09999999999999998,0.012781764740205929
P1_old_full_opt,9,winter,15,8,0.3,0.5,0.2,0.0072557881407975255
P1_old_full_opt,9,winter,16,0,0.0,0.01,0.01,0.022409283613317177
P1_old_full_opt,9,winter,16,1,0.01,0.025,0.015000000000000001,0.021935190827848672
P1_old_full_opt,9,winter,16,2,0.025,0.05,0.025,0.021177704080013182
P1_old_full_opt,9,winter,16,3,0.05,0.075,0.024999999999999994,0.02023256491636261
P1_old_full_opt,9,winter,16,4,0.075,0.1,0.02500000000000001,0.019289401236062258
P1_old_full_opt,9,winter,16,5,0.1,0.15,0.04999999999999999,0.017878583917206318
P1_old_full_opt,9,winter,16,6,0.15,0.2,0.05000000000000002,0.016003995663080854
P1_old_full_opt,9,winter,16,7,0.2,0.3,0.09999999999999998,0.013207556689741332
P1_old_full_opt,9,winter,16,8,0.3,0.5,0.2,0.0076677494742478924
P1_old_full_opt,9,winter,17,0,0.0,0.01,0.01,0.023077823697478794
P1_old_full_opt,9,winter,17,1,0.01,0.025,0.015000000000000001,0.022601929044731756
P1_old_full_opt,9,winter,17,2,0.025,0.05,0.025,0.02184156666878989
P1_old_full_opt,9,winter,17,3,0.05,0.075,0.024999999999999994,0.020892844873648956
P1_old_full_opt,9,winter,17,4,0.075,0.1,0.02500000000000001,0.019946112215409866
P1_old_full_opt,9,winter,17,5,0.1,0.15,0.04999999999999999,0.01852996851813005
P1_old_full_opt,9,winter,17,6,0.15,0.2,0.05000000000000002,0.01664832313063857
P1_old_full_opt,9,winter,17,7,0.2,0.3,0.09999999999999998,0.013841404250890258
P1_old_full_opt,9,winter,17,8,0.3,0.5,0.2,0.008280998182576688
P1_old_full_opt,9,winter,18,0,0.0,0.01,0.01,0.023065569672853226
P1_old_full_opt,9,winter,18,1,0.01,0.025,0.015000000000000001,0.022589708062274262
P1_old_full_opt,9,winter,18,2,0.025,0.05,0.025,0.021829398416147727
P1_old_full_opt,9,winter,18,3,0.05,0.075,0.024999999999999994,0.02088074230917614
P1_old_full_opt,9,winter,18,4,0.075,0.1,0.02500000000000001,0.01993407509021882
P1_old_full_opt,9,winter,18,5,0.1,0.15,0.04999999999999999,0.018518029053948285
P1_old_full_opt,9,winter,18,6,0.15,0.2,0.05000000000000002,0.016636513062319717
P1_old_full_opt,9,winter,18,7,0.2,0.3,0.09999999999999998,0.013829786330284703
P1_old_full_opt,9,winter,18,8,0.3,0.5,0.2,0.00826975793316434
P1_old_full_opt,9,winter,19,0,0.0,0.01,0.01,0.022704801088574422
P1_old_full_opt,9,winter,19,1,0.01,0.025,0.015000000000000001,0.022229911964148176
P1_old_full_opt,9,winter,19,2,0.025,0.05,0.025,0.021471154331847986
P1_old_full_opt,9,winter,19,3,0.05,0.075,0.024999999999999994,0.020524431838272465
P1_old_full_opt,9,winter,19,4,0.075,0.1,0.02500000000000001,0.01957969083211663
P1_old_full_opt,9,winter,19,5,0.1,0.15,0.04999999999999999,0.0181665195077696
P1_old_full_opt,9,winter,19,6,0.15,0.2,0.05000000000000002,0.016288812315317085
P1_old_full_opt,9,winter,19,7,0.2,0.3,0.09999999999999998,0.013487741650987654
P1_old_full_opt,9,winter,19,8,0.3,0.5,0.2,0.007938830452913631
P1_old_full_opt,9,winter,20,0,0.0,0.01,0.01,0.022123802352103095
P1_old_full_opt,9,winter,20,1,0.01,0.025,0.015000000000000001,0.021650478617118996
P1_old_full_opt,9,winter,20,2,0.025,0.05,0.025,0.020894219222402644
P1_old_full_opt,9,winter,20,3,0.05,0.075,0.024999999999999994,0.019950609177114
P1_old_full_opt,9,winter,20,4,0.075,0.1,0.02500000000000001,0.019008968794426144
P1_old_full_opt,9,winter,20,5,0.1,0.15,0.04999999999999999,0.017600424897369907
P1_old_full_opt,9,winter,20,6,0.15,0.2,0.05000000000000002,0.015728848823369217
P1_old_full_opt,9,winter,20,7,0.2,0.3,0.09999999999999998,0.012936883064417207
P1_old_full_opt,9,winter,20,8,0.3,0.5,0.2,0.007405868528706505
P1_old_full_opt,9,winter,21,0,0.0,0.01,0.01,0.02133272280809284
P1_old_full_opt,9,winter,21,1,0.01,0.025,0.015000000000000001,0.020861528949613534
P1_old_full_opt,9,winter,21,2,0.025,0.05,0.025,0.020108668692251364
P1_old_full_opt,9,winter,21,3,0.05,0.075,0.024999999999999994,0.019169293578400474
P1_old_full_opt,9,winter,21,4,0.075,0.1,0.02500000000000001,0.018231872056052582
P1_old_full_opt,9,winter,21,5,0.1,0.15,0.04999999999999999,0.016829624571360616
P1_old_full_opt,9,winter,21,6,0.15,0.2,0.05000000000000002,0.01496639111155051
P1_old_full_opt,9,winter,21,7,0.2,0.3,0.09999999999999998,0.012186814773047786
P1_old_full_opt,9,winter,21,8,0.3,0.5,0.2,0.006680154259423032
P1_old_full_opt,9,winter,22,0,0.0,0.01,0.01,0.020521557332575657
P1_old_full_opt,9,winter,22,1,0.01,0.025,0.015000000000000001,0.02005254561476081
P1_old_full_opt,9,winter,22,2,0.025,0.05,0.025,0.01930316793994802
P1_old_full_opt,9,winter,22,3,0.05,0.075,0.024999999999999994,0.018368131755263088
P1_old_full_opt,9,winter,22,4,0.075,0.1,0.02500000000000001,0.017435032766502927
P1_old_full_opt,9,winter,22,5,0.1,0.15,0.04999999999999999,0.016039236534192706
P1_old_full_opt,9,winter,22,6,0.15,0.2,0.05000000000000002,0.014184551040900545
P1_old_full_opt,9,winter,22,7,0.2,0.3,0.09999999999999998,0.011417669550196076
P1_old_full_opt,9,winter,22,8,0.3,0.5,0.2,0.005935964976437613
P1_old_full_opt,9,winter,23,0,0.0,0.01,0.01,0.020256716617392256
P1_old_full_opt,9,winter,23,1,0.01,0.025,0.015000000000000001,0.019788416964246675
P1_old_full_opt,9,winter,23,2,0.025,0.05,0.025,0.019040175706819262
P1_old_full_opt,9,winter,23,3,0.05,0.075,0.024999999999999994,0.018106555382337856
P1_old_full_opt,9,winter,23,4,0.075,0.1,0.02500000000000001,0.017174866926259462
P1_old_full_opt,9,winter,23,5,0.1,0.15,0.04999999999999999,0.015781175893101466
P1_old_full_opt,9,winter,23,6,0.15,0.2,0.05000000000000002,0.013929279848298165
P1_old_full_opt,9,winter,23,7,0.2,0.3,0.09999999999999998,0.011166541152705102
P1_old_full_opt,9,winter,23,8,0.3,0.5,0.2,0.005692980960707583
P1_old_full_opt,9,shoulder,0,0,0.0,0.01,0.01,0.01767232320162293
P1_old_full_opt,9,shoulder,0,1,0.01,0.025,0.015000000000000001,0.017211555179216798
P1_old_full_opt,9,shoulder,0,2,0.025,0.05,0.025,0.016474384818992438
P1_old_full_opt,9,shoulder,0,3,0.05,0.075,0.024999999999999994,0.015554558090163931
P1_old_full_opt,9,shoulder,0,4,0.075,0.1,0.02500000000000001,0.014636611553104356
P1_old_full_opt,9,shoulder,0,5,0.1,0.15,0.04999999999999999,0.01326343086728438
P1_old_full_opt,9,shoulder,0,6,0.15,0.2,0.05000000000000002,0.011438712718184193
P1_old_full_opt,9,shoulder,0,7,0.2,0.3,0.09999999999999998,0.008716340316944767
P1_old_full_opt,9,shoulder,0,8,0.3,0.5,0.2,0.0033221455194721444
P1_old_full_opt,9,shoulder,1,0,0.0,0.01,0.01,0.01612956480614991
P1_old_full_opt,9,shoulder,1,1,0.01,0.025,0.015000000000000001,0.015672336615798105
P1_old_full_opt,9,shoulder,1,2,0.025,0.05,0.025,0.014941765423023279
P1_old_full_opt,9,shoulder,1,3,0.05,0.075,0.024999999999999994,0.01403016104643329
P1_old_full_opt,9,shoulder,1,4,0.075,0.1,0.02500000000000001,0.013120406358774756
P1_old_full_opt,9,shoulder,1,5,0.1,0.15,0.04999999999999999,0.011759452902969373
P1_old_full_opt,9,shoulder,1,6,0.15,0.2,0.05000000000000002,0.00995093778223349
P1_old_full_opt,9,shoulder,1,7,0.2,0.3,0.09999999999999998,0.00725263336893406
P1_old_full_opt,9,shoulder,1,8,0.3,0.5,0.2,0.0019057669214704587
P1_old_full_opt,9,shoulder,2,0,0.0,0.01,0.01,0.015495920575370192
P1_old_full_opt,9,shoulder,2,1,0.01,0.025,0.015000000000000001,0.015040388100070096
P1_old_full_opt,9,shoulder,2,2,0.025,0.05,0.025,0.01431252334861799
P1_old_full_opt,9,shoulder,2,3,0.05,0.075,0.024999999999999994,0.013404291174212716
P1_old_full_opt,9,shoulder,2,4,0.075,0.1,0.02500000000000001,0.012497896236439706
P1_old_full_opt,9,shoulder,2,5,0.1,0.15,0.04999999999999999,0.011141957705346485
P1_old_full_opt,9,shoulder,2,6,0.15,0.2,0.05000000000000002,0.009340088366553975
P1_old_full_opt,9,shoulder,2,7,0.2,0.3,0.09999999999999998,0.00665165608200083
P1_old_full_opt,9,shoulder,2,8,0.3,0.5,0.2,0.0013242042588812453
P1_old_full_opt,9,shoulder,3,0,0.0,0.01,0.01,0.01515831447712751
P1_old_full_opt,9,shoulder,3,1,0.01,0.025,0.015000000000000001,0.014703685050767207
P1_old_full_opt,9,shoulder,3,2,0.025,0.05,0.025,0.013977261599303348
P1_old_full_opt,9,shoulder,3,3,0.05,0.075,0.024999999999999994,0.01307082528926196
P1_old_full_opt,9,shoulder,3,4,0.075,0.1,0.02500000000000001,0.012166219597318225
P1_old_full_opt,9,shoulder,3,5,0.1,0.15,0.04999999999999999,0.010812951813028994
P1_old_full_opt,9,shoulder,3,6,0.15,0.2,0.05000000000000002,0.009014621795079
P1_old_full_opt,9,shoulder,3,7,0.2,0.3,0.09999999999999998,0.0063314471950613755
P1_old_full_opt,9,shoulder,3,8,0.3,0.5,0.2,0.0010143355720523828
P1_old_full_opt,9,shoulder,4,0,0.0,0.01,0.01,0.01501521954287155
P1_old_full_opt,9,shoulder,4,1,0.01,0.025,0.015000000000000001,0.014560972780324383
P1_old_full_opt,9,shoulder,4,2,0.025,0.05,0.025,0.01383516008250818
P1_old_full_opt,9,shoulder,4,3,0.05,0.075,0.024999999999999994,0.012929484777912118
P1_old_full_opt,9,shoulder,4,4,0.075,0.1,0.02500000000000001,0.012025637285869025
P1_old_full_opt,9,shoulder,4,5,0.1,0.15,0.04999999999999999,0.01067350124946437
P1_old_full_opt,9,shoulder,4,6,0.15,0.2,0.05000000000000002,0.008876671056800286
P1_old_full_opt,9,shoulder,4,7,0.2,0.3,0.09999999999999998,0.006195724473664068
P1_old_full_opt,9,shoulder,4,8,0.3,0.5,0.2,0.0008829947432006241
P1_old_full_opt,9,shoulder,5,0,0.0,0.01,0.01,0.015138660331405485
P1_old_full_opt,9,shoulder,5,1,0.01,0.025,0.015000000000000001,0.014684083467186857
P1_old_full_opt,9,shoulder,5,2,0.025,0.05,0.025,0.013957743909220888
P1_old_full_opt,9,shoulder,5,3,0.05,0.075,0.024999999999999994,0.013051412127944587
P1_old_full_opt,9,shoulder,5,4,0.075,0.1,0.02500000000000001,0.012146910583205602
P1_old_full_opt,9,shoulder,5,5,0.1,0.15,0.04999999999999999,0.010793798252527189
P1_old_full_opt,9,shoulder,5,6,0.15,0.2,0.05000000000000002,0.008995674250230342
P1_old_full_opt,9,shoulder,5,7,0.2,0.3,0.09999999999999998,0.006312805682485158
P1_old_full_opt,9,shoulder,5,8,0.3,0.5,0.2,0.000996295943891945
P1_old_full_opt,9,shoulder,6,0,0.0,0.01,0.01,0.015608741348943633
P1_old_full_opt,9,shoulder,6,1,0.01,0.025,0.015000000000000001,0.01515290703518098
P1_old_full_opt,9,shoulder,6,2,0.025,0.05,0.025,0.014424560520942542
P1_old_full_opt,9,shoulder,6,3,0.05,0.075,0.024999999999999994,0.01351572807666013
P1_old_full_opt,9,shoulder,6,4,0.075,0.1,0.02500000000000001,0.012608735084938535
P1_old_full_opt,9,shoulder,6,5,0.1,0.15,0.04999999999999999,0.011251903857018576
P1_old_full_opt,9,shoulder,6,6,0.15,0.2,0.05000000000000002,0.009448851512903752
P1_old_full_opt,9,shoulder,6,7,0.2,0.3,0.09999999999999998,0.006758661882456109
P1_old_full_opt,9,shoulder,6,8,0.3,0.5,0.2,0.0014277539774542464
P1_old_full_opt,9,shoulder,7,0,0.0,0.01,0.01,0.01653074025555895
P1_old_full_opt,9,shoulder,7,1,0.01,0.025,0.015000000000000001,0.016072437916080557
P1_old_full_opt,9,shoulder,7,2,0.025,0.05,0.025,0.0153401523216673
P1_old_full_opt,9,shoulder,7,3,0.05,0.075,0.024999999999999994,0.014426411853999403
P1_old_full_opt,9,shoulder,7,4,0.075,0.1,0.02500000000000001,0.013514528962997869
P1_old_full_opt,9,shoulder,7,5,0.1,0.15,0.04999999999999999,0.012150398900572516
P1_old_full_opt,9,shoulder,7,6,0.15,0.2,0.05000000000000002,0.01033767420235365
P1_old_full_opt,9,shoulder,7,7,0.2,0.3,0.09999999999999998,0.00763311671482317
P1_old_full_opt,9,shoulder,7,8,0.3,0.5,0.2,0.0022739534062466565
P1_old_full_opt,9,shoulder,8,0,0.0,0.01,0.01,0.01770469275248765
P1_old_full_opt,9,shoulder,8,1,0.01,0.025,0.015000000000000001,0.0172432446308185
P1_old_full_opt,9,shoulder,8,2,0.025,0.05,0.025,0.016505938297157186
P1_old_full_opt,9,shoulder,8,3,0.05,0.075,0.024999999999999994,0.015585942155430525
P1_old_full_opt,9,shoulder,8,4,0.075,0.1,0.02500000000000001,0.014667826835884629
P1_old_full_opt,9,shoulder,8,5,0.1,0.15,0.04999999999999999,0.013294394227517662
P1_old_full_opt,9,shoulder,8,6,0.15,0.2,0.05000000000000002,0.011469342249945943
P1_old_full_opt,9,shoulder,8,7,0.2,0.3,0.09999999999999998,0.008746473994691308
P1_old_full_opt,9,shoulder,8,8,0.3,0.5,0.2,0.0033513041900779666
P1_old_full_opt,9,shoulder,9,0,0.0,0.01,0.01,0.018809280601239653
P1_old_full_opt,9,shoulder,9,1,0.01,0.025,0.015000000000000001,0.01834486914315351
P1_old_full_opt,9,shoulder,9,2,0.025,0.05,0.025,0.01760283333460011
P1_old_full_opt,9,shoulder,9,3,0.05,0.075,0.024999999999999994,0.01667694451489621
P1_old_full_opt,9,shoulder,9,4,0.075,0.1,0.02500000000000001,0.015752958524419818
P1_old_full_opt,9,shoulder,9,5,0.1,0.15,0.04999999999999999,0.014370763570010773
P1_old_full_opt,9,shoulder,9,6,0.15,0.2,0.05000000000000002,0.012534100527354649
P1_old_full_opt,9,shoulder,9,7,0.2,0.3,0.09999999999999998,0.009793986252468469
P1_old_full_opt,9,shoulder,9,8,0.3,0.5,0.2,0.004364906666625007
P1_old_full_opt,9,shoulder,10,0,0.0,0.01,0.01,0.0188473085526622
P1_old_full_opt,9,shoulder,10,1,0.01,0.025,0.015000000000000001,0.018382794996129232
P1_old_full_opt,9,shoulder,10,2,0.025,0.05,0.025,0.017640596274938747
P1_old_full_opt,9,shoulder,10,3,0.05,0.075,0.024999999999999994,0.016714504476675888
P1_old_full_opt,9,shoulder,10,4,0.075,0.1,0.02500000000000001,0.015790316255758767
P1_old_full_opt,9,shoulder,10,5,0.1,0.15,0.04999999999999999,0.014407819475453502
P1_old_full_opt,9,shoulder,10,6,0.15,0.2,0.05000000000000002,0.01257075648346678
P1_old_full_opt,9,shoulder,10,7,0.2,0.3,0.09999999999999998,0.009830048178406105
P1_old_full_opt,9,shoulder,10,8,0.3,0.5,0.2,0.0043998006356248814
P1_old_full_opt,9,shoulder,11,0,0.0,0.01,0.01,0.018514374694938995
P1_old_full_opt,9,shoulder,11,1,0.01,0.025,0.015000000000000001,0.018050754718434054
P1_old_full_opt,9,shoulder,11,2,0.025,0.05,0.025,0.01730998211503909
P1_old_full_opt,9,shoulder,11,3,0.05,0.075,0.024999999999999994,0.016385667176386235
P1_old_full_opt,9,shoulder,11,4,0.075,0.1,0.02500000000000001,0.015463249165745258
P1_old_full_opt,9,shoulder,11,5,0.1,0.15,0.04999999999999999,0.014083394509691597
P1_old_full_opt,9,shoulder,11,6,0.15,0.2,0.05000000000000002,0.012249832582642003
P1_old_full_opt,9,shoulder,11,7,0.2,0.3,0.09999999999999998,0.00951432433599131
P1_old_full_opt,9,shoulder,11,8,0.3,0.5,0.2,0.004094301016336135
P1_old_full_opt,9,shoulder,12,0,0.0,0.01,0.01,0.017915844991400753
P1_old_full_opt,9,shoulder,12,1,0.01,0.025,0.015000000000000001,0.017453830656484016
P1_old_full_opt,9,shoulder,12,2,0.025,0.05,0.025,0.016715620652906216
P1_old_full_opt,9,shoulder,12,3,0.05,0.075,0.024999999999999994,0.015794498569329244
P1_old_full_opt,9,shoulder,12,4,0.075,0.1,0.02500000000000001,0.014875261497446219
P1_old_full_opt,9,shoulder,12,5,0.1,0.15,0.04999999999999999,0.013500154604712825
P1_old_full_opt,9,shoulder,12,6,0.15,0.2,0.05000000000000002,0.0116728839737501
P1_old_full_opt,9,shoulder,12,7,0.2,0.3,0.09999999999999998,0.008946720276321736
P1_old_full_opt,9,shoulder,12,8,0.3,0.5,0.2,0.003545070619034099
P1_old_full_opt,9,shoulder,13,0,0.0,0.01,0.01,0.01707418968196761
P1_old_full_opt,9,shoulder,13,1,0.01,0.025,0.015000000000000001,0.016614431542295395
P1_old_full_opt,9,shoulder,13,2,0.025,0.05,0.025,0.015879822475782235
P1_old_full_opt,9,shoulder,13,3,0.05,0.075,0.024999999999999994,0.014963187008941174
P1_old_full_opt,9,shoulder,13,4,0.075,0.1,0.02500000000000001,0.014048419858885825
P1_old_full_opt,9,shoulder,13,5,0.1,0.15,0.04999999999999999,0.012679984720493646
P1_old_full_opt,9,shoulder,13,6,0.15,0.2,0.05000000000000002,0.010861555089968774
P1_old_full_opt,9,shoulder,13,7,0.2,0.3,0.09999999999999998,0.008148523455169256
P1_old_full_opt,9,shoulder,13,8,0.3,0.5,0.2,0.002772696083250051
P1_old_full_opt,9,shoulder,14,0,0.0,0.01,0.01,0.017967985959792265
P1_old_full_opt,9,shoulder,14,1,0.01,0.025,0.015000000000000001,0.017505831782164506
P1_old_full_opt,9,shoulder,14,2,0.025,0.05,0.025,0.01676739859588383
P1_old_full_opt,9,shoulder,14,3,0.05,0.075,0.024999999999999994,0.015845998441681445
P1_old_full_opt,9,shoulder,14,4,0.075,0.1,0.02500000000000001,0.014926484341055141
P1_old_full_opt,9,shoulder,14,5,0.1,0.15,0.04999999999999999,0.013550963949173215
P1_old_full_opt,9,shoulder,14,6,0.15,0.2,0.05000000000000002,0.011723145392947273
P1_old_full_opt,9,shoulder,14,7,0.2,0.3,0.09999999999999998,0.008996167837563575
P1_old_full_opt,9,shoulder,14,8,0.3,0.5,0.2,0.0035929179072057005
P1_old_full_opt,9,shoulder,15,0,0.0,0.01,0.01,0.018499800289677182
P1_old_full_opt,9,shoulder,15,1,0.01,0.025,0.015000000000000001,0.018036219424124218
P1_old_full_opt,9,shoulder,15,2,0.025,0.05,0.025,0.017295509238834383
P1_old_full_opt,9,shoulder,15,3,0.05,0.075,0.024999999999999994,0.016371272066819657
P1_old_full_opt,9,shoulder,15,4,0.075,0.1,0.02500000000000001,0.015448931539827621
P1_old_full_opt,9,shoulder,15,5,0.1,0.15,0.04999999999999999,0.014069192524126809
P1_old_full_opt,9,shoulder,15,6,0.15,0.2,0.05000000000000002,0.012235783831530397
P1_old_full_opt,9,shoulder,15,7,0.2,0.3,0.09999999999999998,0.009500503188405592
P1_old_full_opt,9,shoulder,15,8,0.3,0.5,0.2,0.004080927377417276
P1_old_full_opt,9,shoulder,16,0,0.0,0.01,0.01,0.01900544147831057
P1_old_full_opt,9,shoulder,16,1,0.01,0.025,0.015000000000000001,0.018540503410283127
P1_old_full_opt,9,shoulder,16,2,0.025,0.05,0.025,0.017797627161787455
P1_old_full_opt,9,shoulder,16,3,0.05,0.075,0.024999999999999994,0.01687069119812035
P1_old_full_opt,9,shoulder,16,4,0.075,0.1,0.02500000000000001,0.01594566198651725
P1_old_full_opt,9,shoulder,16,5,0.1,0.15,0.04999999999999999,0.0145619099865027
P1_old_full_opt,9,shoulder,16,6,0.15,0.2,0.05000000000000002,0.012723183721900507
P1_old_full_opt,9,shoulder,16,7,0.2,0.3,0.09999999999999998,0.009980005018515316
P1_old_full_opt,9,shoulder,16,8,0.3,0.5,0.2,0.004544900338314534
P1_old_full_opt,9,shoulder,17,0,0.0,0.01,0.01,0.0197027396097324
P1_old_full_opt,9,shoulder,17,1,0.01,0.025,0.015000000000000001,0.01923592875444265
P1_old_full_opt,9,shoulder,17,2,0.025,0.05,0.025,0.018490063590203554
P1_old_full_opt,9,shoulder,17,3,0.05,0.075,0.024999999999999994,0.017559403672490762
P1_old_full_opt,9,shoulder,17,4,0.075,0.1,0.02500000000000001,0.01663066446668359
P1_old_full_opt,9,shoulder,17,5,0.1,0.15,0.04999999999999999,0.015241375220367562
P1_old_full_opt,9,shoulder,17,6,0.15,0.2,0.05000000000000002,0.013395311729055554
P1_old_full_opt,9,shoulder,17,7,0.2,0.3,0.09999999999999998,0.010641235510246845
P1_old_full_opt,9,shoulder,17,8,0.3,0.5,0.2,0.005184705540331319
P1_old_full_opt,9,shoulder,18,0,0.0,0.01,0.01,0.019906757340693026
P1_old_full_opt,9,shoulder,18,1,0.01,0.025,0.015000000000000001,0.01943939829337308
P1_old_full_opt,9,shoulder,18,2,0.025,0.05,0.025,0.018692658219616742
P1_old_full_opt,9,shoulder,18,3,0.05,0.075,0.024999999999999994,0.01776090824654353
P1_old_full_opt,9,shoulder,18,4,0.075,0.1,0.02500000000000001,0.016831083078654434
P1_old_full_opt,9,shoulder,18,5,0.1,0.15,0.04999999999999999,0.015440173023513751
P1_old_full_opt,9,shoulder,18,6,0.15,0.2,0.05000000000000002,0.013591961880533016
P1_old_full_opt,9,shoulder,18,7,0.2,0.3,0.09999999999999998,0.010834695956324638
P1_old_full_opt,9,shoulder,18,8,0.3,0.5,0.2,0.005371895016138134
P1_old_full_opt,9,shoulder,19,0,0.0,0.01,0.01,0.020057846564836
P1_old_full_opt,9,shoulder,19,1,0.01,0.025,0.015000000000000001,0.019590081469089693
P1_old_full_opt,9,shoulder,19,2,0.025,0.05,0.025,0.01884269334730515
P1_old_full_opt,9,shoulder,19,3,0.05,0.075,0.024999999999999994,0.017910135960520494
P1_old_full_opt,9,shoulder,19,4,0.075,0.1,0.02500000000000001,0.016979506429241058
P1_old_full_opt,9,shoulder,19,5,0.1,0.15,0.04999999999999999,0.015587395847330713
P1_old_full_opt,9,shoulder,19,6,0.15,0.2,0.05000000000000002,0.013737593953407895
P1_old_full_opt,9,shoulder,19,7,0.2,0.3,0.09999999999999998,0.010977965459521706
P1_old_full_opt,9,shoulder,19,8,0.3,0.5,0.2,0.005510519764662936
P1_old_full_opt,9,shoulder,20,0,0.0,0.01,0.01,0.019894917764212705
P1_old_full_opt,9,shoulder,20,1,0.01,0.025,0.015000000000000001,0.019427590540079438
P1_old_full_opt,9,shoulder,20,2,0.025,0.05,0.025,0.018680901243545156
P1_old_full_opt,9,shoulder,20,3,0.05,0.075,0.024999999999999994,0.01774921452437406
P1_old_full_opt,9,shoulder,20,4,0.075,0.1,0.02500000000000001,0.016819452391380045
P1_old_full_opt,9,shoulder,20,5,0.1,0.15,0.04999999999999999,0.015428636403748145
P1_old_full_opt,9,shoulder,20,6,0.15,0.2,0.05000000000000002,0.013580549902767186
P1_old_full_opt,9,shoulder,20,7,0.2,0.3,0.09999999999999998,0.010823469100216672
P1_old_full_opt,9,shoulder,20,8,0.3,0.5,0.2,0.005361032106223421
P1_old_full_opt,9,shoulder,21,0,0.0,0.01,0.01,0.01927548860785888
P1_old_full_opt,9,shoulder,21,1,0.01,0.025,0.015000000000000001,0.018809825401022717
P1_old_full_opt,9,shoulder,21,2,0.025,0.05,0.025,0.01806579187152324
P1_old_full_opt,9,shoulder,21,3,0.05,0.075,0.024999999999999994,0.01713741401547342
P1_old_full_opt,9,shoulder,21,4,0.075,0.1,0.02500000000000001,0.01621094831319169
P1_old_full_opt,9,shoulder,21,5,0.1,0.15,0.04999999999999999,0.01482505230541831
P1_old_full_opt,9,shoulder,21,6,0.15,0.2,0.05000000000000002,0.012983485074398445
P1_old_full_opt,9,shoulder,21,7,0.2,0.3,0.09999999999999998,0.01023608681707658
P1_old_full_opt,9,shoulder,21,8,0.3,0.5,0.2,0.004792686060611784
P1_old_full_opt,9,shoulder,22,0,0.0,0.01,0.01,0.018587281912162135
P1_old_full_opt,9,shoulder,22,1,0.01,0.025,0.015000000000000001,0.018123466280760742
P1_old_full_opt,9,shoulder,22,2,0.025,0.05,0.025,0.017382381420806836
P1_old_full_opt,9,shoulder,22,3,0.05,0.075,0.024999999999999994,0.016457677425789633
P1_old_full_opt,9,shoulder,22,4,0.075,0.1,0.02500000000000001,0.015534871821347157
P1_old_full_opt,9,shoulder,22,5,0.1,0.15,0.04999999999999999,0.014154438653149474
P1_old_full_opt,9,shoulder,22,6,0.15,0.2,0.05000000000000002,0.012320110138351877
P1_old_full_opt,9,shoulder,22,7,0.2,0.3,0.09999999999999998,0.009583463293675877
P1_old_full_opt,9,shoulder,22,8,0.3,0.5,0.2,0.004161201265882944
P1_old_full_opt,9,shoulder,23,0,0.0,0.01,0.01,0.018133297881017807
P1_old_full_opt,9,shoulder,23,1,0.01,0.025,0.015000000000000001,0.017670700300210597
P1_old_full_opt,9,shoulder,23,2,0.025,0.05,0.025,0.016931559454075873
P1_old_full_opt,9,shoulder,23,3,0.05,0.075,0.024999999999999994,0.016009277585624097
P1_old_full_opt,9,shoulder,23,4,0.075,0.1,0.02500000000000001,0.015088885060102747
P1_old_full_opt,9,shoulder,23,5,0.1,0.15,0.04999999999999999,0.013712053560783203
P1_old_full_opt,9,shoulder,23,6,0.15,0.2,0.05000000000000002,0.011882497629074892
P1_old_full_opt,9,shoulder,23,7,0.2,0.3,0.09999999999999998,0.009152939515993665
P1_old_full_opt,9,shoulder,23,8,0.3,0.5,0.2,0.0037446155086054422
P2_dev_run1,1,summer,0,0,0.0,0.5,0.5,0.008578433720156181
P2_dev_run1,1,summer,1,0,0.0,0.5,0.5,0.0068613904529083725
P2_dev_run1,1,summer,2,0,0.0,0.5,0.5,0.006135486269992552
P2_dev_run1,1,summer,3,0,0.0,0.5,0.5,0.00569474151694252
P2_dev_run1,1,summer,4,0,0.0,0.5,0.5,0.005431925127149434
P2_dev_run1,1,summer,5,0,0.0,0.5,0.5,0.00541299034586365
P2_dev_run1,1,summer,6,0,0.0,0.5,0.5,0.005689314427310965
P2_dev_run1,1,summer,7,0,0.0,0.5,0.5,0.006581257373508953
P2_dev_run1,1,summer,8,0,0.0,0.5,0.5,0.008013436230534882
P2_dev_run1,1,summer,9,0,0.0,0.5,0.5,0.009901722228662369
P2_dev_run1,1,summer,10,0,0.0,0.5,0.5,0.01097669119764183
P2_dev_run1,1,summer,11,0,0.0,0.5,0.5,0.011317683939372603
P2_dev_run1,1,summer,12,0,0.0,0.5,0.5,0.011175925125021413
P2_dev_run1,1,summer,13,0,0.0,0.5,0.5,0.010619776725855234
P2_dev_run1,1,summer,14,0,0.0,0.5,0.5,0.011526396486139567
P2_dev_run1,1,summer,15,0,0.0,0.5,0.5,0.011994891145183262
P2_dev_run1,1,summer,16,0,0.0,0.5,0.5,0.012252013861308808
P2_dev_run1,1,summer,17,0,0.0,0.5,0.5,0.012706719013701684
P2_dev_run1,1,summer,18,0,0.0,0.5,0.5,0.012662613523168054
P2_dev_run1,1,summer,19,0,0.0,0.5,0.5,0.012512818206319276
P2_dev_run1,1,summer,20,0,0.0,0.5,0.5,0.012328124747561064
P2_dev_run1,1,summer,21,0,0.0,0.5,0.5,0.011642561282682817
P2_dev_run1,1,summer,22,0,0.0,0.5,0.5,0.010510689079578306
P2_dev_run1,1,summer,23,0,0.0,0.5,0.5,0.009500921120971006
P2_dev_run1,1,winter,0,0,0.0,0.5,0.5,0.009515102524812358
P2_dev_run1,1,winter,1,0,0.0,0.5,0.5,0.008052475805348708
P2_dev_run1,1,winter,2,0,0.0,0.5,0.5,0.007341383083709435
P2_dev_run1,1,winter,3,0,0.0,0.5,0.5,0.00693569662538554
P2_dev_run1,1,winter,4,0,0.0,0.5,0.5,0.006770659037756033
P2_dev_run1,1,winter,5,0,0.0,0.5,0.5,0.0069219313723205556
P2_dev_run1,1,winter,6,0,0.0,0.5,0.5,0.007457645570878385
P2_dev_run1,1,winter,7,0,0.0,0.5,0.5,0.008603692760243947
P2_dev_run1,1,winter,8,0,0.0,0.5,0.5,0.010424662852474231
P2_dev_run1,1,winter,9,0,0.0,0.5,0.5,0.01261265371547915
P2_dev_run1,1,winter,10,0,0.0,0.5,0.5,0.012768503440134693
P2_dev_run1,1,winter,11,0,0.0,0.5,0.5,0.012178891811180759
P2_dev_run1,1,winter,12,0,0.0,0.5,0.5,0.011285840700596239
P2_dev_run1,1,winter,13,0,0.0,0.5,0.5,0.009975829840992656
P2_dev_run1,1,winter,14,0,0.0,0.5,0.5,0.010740505015766011
P2_dev_run1,1,winter,15,0,0.0,0.5,0.5,0.011147022725290112
P2_dev_run1,1,winter,16,0,0.0,0.5,0.5,0.011575747874892683
P2_dev_run1,1,winter,17,0,0.0,0.5,0.5,0.01221398287602965
P2_dev_run1,1,winter,18,0,0.0,0.5,0.5,0.012202284312258171
P2_dev_run1,1,winter,19,0,0.0,0.5,0.5,0.011857869162248347
P2_dev_run1,1,winter,20,0,0.0,0.5,0.5,0.011303208315441238
P2_dev_run1,1,winter,21,0,0.0,0.5,0.5,0.010547993296911917
P2_dev_run1,1,winter,22,0,0.0,0.5,0.5,0.009773607200585177
P2_dev_run1,1,winter,23,0,0.0,0.5,0.5,0.00952077573120158
P2_dev_run1,1,shoulder,0,0,0.0,0.5,0.5,0.007054168920998111
P2_dev_run1,1,shoulder,1,0,0.0,0.5,0.5,0.005580845159063569
P2_dev_run1,1,shoulder,2,0,0.0,0.5,0.5,0.004975959549669423
P2_dev_run1,1,shoulder,3,0,0.0,0.5,0.5,0.004653677862533873
P2_dev_run1,1,shoulder,4,0,0.0,0.5,0.5,0.004517078591854851
P2_dev_run1,1,shoulder,5,0,0.0,0.5,0.5,0.004634915885580654
P2_dev_run1,1,shoulder,6,0,0.0,0.5,0.5,0.005083659518462319
P2_dev_run1,1,shoulder,7,0,0.0,0.5,0.5,0.005963815022024116
P2_dev_run1,1,shoulder,8,0,0.0,0.5,0.5,0.0070845020347117815
P2_dev_run1,1,shoulder,9,0,0.0,0.5,0.5,0.00813898331825974
P2_dev_run1,1,shoulder,10,0,0.0,0.5,0.5,0.008175286411660015
P2_dev_run1,1,shoulder,11,0,0.0,0.5,0.5,0.00785745395411816
P2_dev_run1,1,shoulder,12,0,0.0,0.5,0.5,0.007286075100770534
P2_dev_run1,1,shoulder,13,0,0.0,0.5,0.5,0.006482604972470135
P2_dev_run1,1,shoulder,14,0,0.0,0.5,0.5,0.0073358506865491
P2_dev_run1,1,shoulder,15,0,0.0,0.5,0.5,0.007843540644662028
P2_dev_run1,1,shoulder,16,0,0.0,0.5,0.5,0.008326246995589287
P2_dev_run1,1,shoulder,17,0,0.0,0.5,0.5,0.008991920552851224
P2_dev_run1,1,shoulder,18,0,0.0,0.5,0.5,0.009186686192068722
P2_dev_run1,1,shoulder,19,0,0.0,0.5,0.5,0.009330923803463648
P2_dev_run1,1,shoulder,20,0,0.0,0.5,0.5,0.009175383528212733
P2_dev_run1,1,shoulder,21,0,0.0,0.5,0.5,0.008584046205099533
P2_dev_run1,1,shoulder,22,0,0.0,0.5,0.5,0.007927054123144872
P2_dev_run1,1,shoulder,23,0,0.0,0.5,0.5,0.0074936633913252615
P2_dev_run1,2,summer,0,0,0.0,0.025,0.025,0.01929342517573651
P2_dev_run1,2,summer,0,1,0.025,0.5,0.475,0.008014486801441427
P2_dev_run1,2,summer,1,0,0.0,0.025,0.025,0.017459659839134112
P2_dev_run1,2,summer,1,1,0.025,0.5,0.475,0.006303586801001755
P2_dev_run1,2,summer,2,0,0.0,0.025,0.025,0.01668448319543714
P2_dev_run1,2,summer,2,1,0.025,0.5,0.475,0.0055802759054954685
P2_dev_run1,2,summer,3,0,0.0,0.025,0.025,0.016213843030387087
P2_dev_run1,2,summer,3,1,0.025,0.5,0.475,0.00514110459518228
P2_dev_run1,2,summer,4,0,0.0,0.025,0.025,0.015933207573999297
P2_dev_run1,2,summer,4,1,0.025,0.5,0.475,0.004879226050999441
P2_dev_run1,2,summer,5,0,0.0,0.025,0.025,0.015912989223115237
P2_dev_run1,2,summer,5,1,0.025,0.5,0.475,0.004860358826008303
P2_dev_run1,2,summer,6,0,0.0,0.025,0.025,0.01620804792446029
P2_dev_run1,2,summer,6,1,0.025,0.5,0.475,0.005135696874829422
P2_dev_run1,2,summer,7,0,0.0,0.025,0.025,0.017160506912799467
P2_dev_run1,2,summer,7,1,0.025,0.5,0.475,0.006024454766177874
P2_dev_run1,2,summer,8,0,0.0,0.025,0.025,0.018689992933450528
P2_dev_run1,2,summer,8,1,0.025,0.5,0.475,0.007451512193539321
P2_dev_run1,2,summer,9,0,0.0,0.025,0.025,0.02070683672663831
P2_dev_run1,2,summer,9,1,0.025,0.5,0.475,0.009333031991926793
P2_dev_run1,2,summer,10,0,0.0,0.025,0.025,0.021855125235306083
P2_dev_run1,2,summer,10,1,0.025,0.5,0.475,0.010404142037764765
P2_dev_run1,2,summer,11,0,0.0,0.025,0.025,0.02221939619476032
P2_dev_run1,2,summer,11,1,0.025,0.5,0.475,0.010743909610141671
P2_dev_run1,2,summer,12,0,0.0,0.025,0.025,0.022067958874277815
P2_dev_run1,2,summer,12,1,0.025,0.5,0.475,0.010602660190850023
P2_dev_run1,2,summer,13,0,0.0,0.025,0.025,0.021473856172650185
P2_dev_run1,2,summer,13,1,0.025,0.5,0.475,0.010048509386550237
P2_dev_run1,2,summer,14,0,0.0,0.025,0.025,0.02244236157248225
P2_dev_run1,2,summer,14,1,0.025,0.5,0.475,0.010951872007911005
P2_dev_run1,2,summer,15,0,0.0,0.025,0.025,0.022942862875754422
P2_dev_run1,2,summer,15,1,0.025,0.5,0.475,0.011418682106732149
P2_dev_run1,2,summer,16,0,0.0,0.025,0.025,0.023217559649552078
P2_dev_run1,2,summer,16,1,0.025,0.5,0.475,0.0116748798724539
P2_dev_run1,2,summer,17,0,0.0,0.025,0.025,0.023703357185014262
P2_dev_run1,2,summer,17,1,0.025,0.5,0.475,0.012127948583632602
P2_dev_run1,2,summer,18,0,0.0,0.025,0.025,0.02365623502230685
P2_dev_run1,2,summer,18,1,0.025,0.5,0.475,0.012084001865318644
P2_dev_run1,2,summer,19,0,0.0,0.025,0.025,0.023496195434218325
P2_dev_run1,2,summer,19,1,0.025,0.5,0.475,0.011934745720640379
P2_dev_run1,2,summer,20,0,0.0,0.025,0.025,0.023298873709884926
P2_dev_run1,2,summer,20,1,0.025,0.5,0.475,0.011750716907438756
P2_dev_run1,2,summer,21,0,0.0,0.025,0.025,0.022566460785955478
P2_dev_run1,2,summer,21,1,0.025,0.5,0.475,0.011067619203563204
P2_dev_run1,2,summer,22,0,0.0,0.025,0.025,0.021357326919255737
P2_dev_run1,2,summer,22,1,0.025,0.5,0.475,0.00993981340380581
P2_dev_run1,2,summer,23,0,0.0,0.025,0.025,0.020278723410728228
P2_dev_run1,2,summer,23,1,0.025,0.5,0.475,0.008933668368878522
P2_dev_run1,2,winter,0,0,0.0,0.025,0.025,0.020293870965498728
P2_dev_run1,2,winter,0,1,0.025,0.5,0.475,0.00894779892267097
P2_dev_run1,2,winter,1,0,0.0,0.025,0.025,0.018731687373336192
P2_dev_run1,2,winter,1,1,0.025,0.5,0.475,0.007490412038612525
P2_dev_run1,2,winter,2,0,0.0,0.025,0.025,0.017972257010416826
P2_dev_run1,2,winter,2,1,0.025,0.5,0.475,0.006781863403356415
P2_dev_run1,2,winter,3,0,0.0,0.025,0.025,0.017539012169975887
P2_dev_run1,2,winter,3,1,0.025,0.5,0.475,0.006377627386196575
P2_dev_run1,2,winter,4,0,0.0,0.025,0.025,0.017362767436304716
P2_dev_run1,2,winter,4,1,0.025,0.5,0.475,0.006213179648358734
P2_dev_run1,2,winter,5,0,0.0,0.025,0.025,0.017524312080644533
P2_dev_run1,2,winter,5,1,0.025,0.5,0.475,0.006363911335040347
P2_dev_run1,2,winter,6,0,0.0,0.025,0.025,0.01809641975115739
P2_dev_run1,2,winter,6,1,0.025,0.5,0.475,0.006897710087705807
P2_dev_run1,2,winter,7,0,0.0,0.025,0.025,0.01932040312324912
P2_dev_run1,2,winter,7,1,0.025,0.5,0.475,0.00803965537271736
P2_dev_run1,2,winter,8,0,0.0,0.025,0.025,0.02126543296230965
P2_dev_run1,2,winter,8,1,0.025,0.5,0.475,0.009854096004588158
P2_dev_run1,2,winter,9,0,0.0,0.025,0.025,0.023602858330070697
P2_dev_run1,2,winter,9,1,0.025,0.5,0.475,0.012034221893658542
P2_dev_run1,2,winter,10,0,0.0,0.025,0.025,0.02376936774162841
P2_dev_run1,2,winter,10,1,0.025,0.5,0.475,0.01218951058216134
P2_dev_run1,2,winter,11,0,0.0,0.025,0.025,0.023139439215055235
P2_dev_run1,2,winter,11,1,0.025,0.5,0.475,0.011602020895187366
P2_dev_run1,2,winter,12,0,0.0,0.025,0.025,0.02218537872883286
P2_dev_run1,2,winter,12,1,0.025,0.5,0.475,0.010712180804373259
P2_dev_run1,2,winter,13,0,0.0,0.025,0.025,0.020785995813220604
P2_dev_run1,2,winter,13,1,0.025,0.5,0.475,0.009406873737191186
P2_dev_run1,2,winter,14,0,0.0,0.025,0.025,0.02160282133381708
P2_dev_run1,2,winter,14,1,0.025,0.5,0.475,0.010168804156921219
P2_dev_run1,2,winter,15,0,0.0,0.025,0.025,0.022037083387161926
P2_dev_run1,2,winter,15,1,0.025,0.5,0.475,0.010573861637823175
P2_dev_run1,2,winter,16,0,0.0,0.025,0.025,0.022495083675635463
P2_dev_run1,2,winter,16,1,0.025,0.5,0.475,0.011001045990643063
P2_dev_run1,2,winter,17,0,0.0,0.025,0.025,0.02317692893097245
P2_dev_run1,2,winter,17,1,0.025,0.5,0.475,0.011636985715243187
P2_dev_run1,2,winter,18,0,0.0,0.025,0.025,0.023164430699108562
P2_dev_run1,2,winter,18,1,0.025,0.5,0.475,0.011625329239266046
P2_dev_run1,2,winter,19,0,0.0,0.025,0.025,0.02279647788946071
P2_dev_run1,2,winter,19,1,0.025,0.5,0.475,0.011282152913447696
P2_dev_run1,2,winter,20,0,0.0,0.025,0.025,0.022203932178640473
P2_dev_run1,2,winter,20,1,0.025,0.5,0.475,0.010729486006851805
P2_dev_run1,2,winter,21,0,0.0,0.025,0.025,0.021397175799194867
P2_dev_run1,2,winter,21,1,0.025,0.5,0.475,0.009976983691528605
P2_dev_run1,2,winter,22,0,0.0,0.025,0.025,0.020569989953972412
P2_dev_run1,2,winter,22,1,0.025,0.5,0.475,0.00920537652935427
P2_dev_run1,2,winter,23,0,0.0,0.025,0.025,0.020299930681708656
P2_dev_run1,2,winter,23,1,0.025,0.5,0.475,0.008953451786438051
P2_dev_run1,2,shoulder,0,0,0.0,0.025,0.025,0.01766553090887024
P2_dev_run1,2,shoulder,0,1,0.025,0.5,0.475,0.006495676184794315
P2_dev_run1,2,shoulder,1,0,0.0,0.025,0.025,0.01609222375528574
P2_dev_run1,2,shoulder,1,1,0.025,0.5,0.475,0.005027614706630823
P2_dev_run1,2,shoulder,2,0,0.0,0.025,0.025,0.01544634075032636
P2_dev_run1,2,shoulder,2,1,0.025,0.5,0.475,0.004424886854898006
P2_dev_run1,2,shoulder,3,0,0.0,0.025,0.025,0.015102227959414849
P2_dev_run1,2,shoulder,3,1,0.025,0.5,0.475,0.0041037541732243474
P2_dev_run1,2,shoulder,4,0,0.0,0.025,0.025,0.014956378121926961
P2_dev_run1,2,shoulder,4,1,0.025,0.5,0.475,0.003967641774482634
P2_dev_run1,2,shoulder,5,0,0.0,0.025,0.025,0.015082195322240755
P2_dev_run1,2,shoulder,5,1,0.025,0.5,0.475,0.004085059073124859
P2_dev_run1,2,shoulder,6,0,0.0,0.025,0.025,0.015561338121685142
P2_dev_run1,2,shoulder,6,1,0.025,0.5,0.475,0.004532202749871645
P2_dev_run1,2,shoulder,7,0,0.0,0.025,0.025,0.016501165706911403
P2_dev_run1,2,shoulder,7,1,0.025,0.5,0.475,0.005409217617556365
P2_dev_run1,2,shoulder,8,0,0.0,0.025,0.025,0.017697924384783015
P2_dev_run1,2,shoulder,8,1,0.025,0.5,0.475,0.006525900858392243
P2_dev_run1,2,shoulder,9,0,0.0,0.025,0.025,0.018824078237161257
P2_dev_run1,2,shoulder,9,1,0.025,0.5,0.475,0.0075766099014754505
P2_dev_run1,2,shoulder,10,0,0.0,0.025,0.025,0.018862850481730087
P2_dev_run1,2,shoulder,10,1,0.025,0.5,0.475,0.007612783039551064
P2_dev_run1,2,shoulder,11,0,0.0,0.025,0.025,0.018523404423771983
P2_dev_run1,2,shoulder,11,1,0.025,0.5,0.475,0.007296088139925854
P2_dev_run1,2,shoulder,12,0,0.0,0.025,0.025,0.017913191140607188
P2_dev_run1,2,shoulder,12,1,0.025,0.5,0.475,0.006726753203937026
P2_dev_run1,2,shoulder,13,0,0.0,0.025,0.025,0.017055157977590163
P2_dev_run1,2,shoulder,13,1,0.025,0.5,0.475,0.005926154814305923
P2_dev_run1,2,shoulder,14,0,0.0,0.025,0.025,0.01796634870218583
P2_dev_run1,2,shoulder,14,1,0.025,0.5,0.475,0.006776350790989273
P2_dev_run1,2,shoulder,15,0,0.0,0.025,0.025,0.01850854515934086
P2_dev_run1,2,shoulder,15,1,0.025,0.5,0.475,0.007282224617573669
P2_dev_run1,2,shoulder,16,0,0.0,0.025,0.025,0.019024079804152993
P2_dev_run1,2,shoulder,16,1,0.025,0.5,0.475,0.007763203163559619
P2_dev_run1,2,shoulder,17,0,0.0,0.025,0.025,0.019735056923782524
P2_dev_run1,2,shoulder,17,1,0.025,0.5,0.475,0.008426492322802208
P2_dev_run1,2,shoulder,18,0,0.0,0.025,0.025,0.019943084677860323
P2_dev_run1,2,shoulder,18,1,0.025,0.5,0.475,0.008620559955974426
P2_dev_run1,2,shoulder,19,0,0.0,0.025,0.025,0.020097145866317945
P2_dev_run1,2,shoulder,19,1,0.025,0.5,0.475,0.008764280536997633
P2_dev_run1,2,shoulder,20,0,0.0,0.025,0.025,0.019931012298102235
P2_dev_run1,2,shoulder,20,1,0.025,0.5,0.475,0.008609297803481707
P2_dev_run1,2,shoulder,21,0,0.0,0.025,0.025,0.019299419592552214
P2_dev_run1,2,shoulder,21,1,0.025,0.5,0.475,0.008020079184707287
P2_dev_run1,2,shoulder,22,0,0.0,0.025,0.025,0.0185977369050655
P2_dev_run1,2,shoulder,22,1,0.025,0.5,0.475,0.007365439239885892
P2_dev_run1,2,shoulder,23,0,0.0,0.025,0.025,0.01813488527879714
P2_dev_run1,2,shoulder,23,1,0.025,0.5,0.475,0.0069335990814583205
P2_dev_run1,4,summer,0,0,0.0,0.01,0.01,0.01963784204467578
P2_dev_run1,4,summer,0,1,0.01,0.025,0.015000000000000001,0.019063813929776997
P2_dev_run1,4,summer,0,2,0.025,0.05,0.025,0.01814705829511598
P2_dev_run1,4,summer,0,3,0.05,0.5,0.45,0.007451566162903951
P2_dev_run1,4,summer,1,0,0.0,0.01,0.01,0.01780027438986337
P2_dev_run1,4,summer,1,1,0.01,0.025,0.015000000000000001,0.017232583471981273
P2_dev_run1,4,summer,1,2,0.025,0.05,0.025,0.016325934536811637
P2_dev_run1,4,summer,1,3,0.05,0.5,0.45,0.005746789704567872
P2_dev_run1,4,summer,2,0,0.0,0.01,0.01,0.017023492942520868
P2_dev_run1,4,summer,2,1,0.01,0.025,0.015000000000000001,0.01645847669738132
P2_dev_run1,4,summer,2,2,0.025,0.05,0.025,0.015556093484159206
P2_dev_run1,4,summer,2,3,0.05,0.5,0.45,0.005026063817791927
P2_dev_run1,4,summer,3,0,0.0,0.01,0.01,0.016551879171713968
P2_dev_run1,4,summer,3,1,0.01,0.025,0.015000000000000001,0.015988485602835834
P2_dev_run1,4,summer,3,2,0.025,0.05,0.025,0.015088690355011258
P2_dev_run1,4,summer,3,3,0.05,0.5,0.45,0.004588460941858447
P2_dev_run1,4,summer,4,0,0.0,0.01,0.01,0.01627066342205774
P2_dev_run1,4,summer,4,1,0.01,0.025,0.015000000000000001,0.015708237008627002
P2_dev_run1,4,summer,4,2,0.025,0.05,0.025,0.014809984237124652
P2_dev_run1,4,summer,4,3,0.05,0.5,0.45,0.004327517262881374
P2_dev_run1,4,summer,5,0,0.0,0.01,0.01,0.016250403270036407
P2_dev_run1,4,summer,5,1,0.01,0.025,0.015000000000000001,0.01568804652516779
P2_dev_run1,4,summer,5,2,0.025,0.05,0.025,0.014789904865284975
P2_dev_run1,4,summer,5,3,0.05,0.5,0.45,0.004308717379381821
P2_dev_run1,4,summer,6,0,0.0,0.01,0.01,0.016546072073922446
P2_dev_run1,4,summer,6,1,0.01,0.025,0.015000000000000001,0.015982698491485516
P2_dev_run1,4,summer,6,2,0.025,0.05,0.025,0.015082935097158745
P2_dev_run1,4,summer,6,3,0.05,0.5,0.45,0.00458307252914446
P2_dev_run1,4,summer,7,0,0.0,0.01,0.01,0.017500501968434334
P2_dev_run1,4,summer,7,1,0.01,0.025,0.015000000000000001,0.01693384354237622
P2_dev_run1,4,summer,7,2,0.025,0.05,0.025,0.01602884128691695
P2_dev_run1,4,summer,7,3,0.05,0.5,0.45,0.005468655515025702
P2_dev_run1,4,summer,8,0,0.0,0.01,0.01,0.01903315765103275
P2_dev_run1,4,summer,8,1,0.01,0.025,0.015000000000000001,0.01846121645506238
P2_dev_run1,4,summer,8,2,0.025,0.05,0.025,0.01754778904892007
P2_dev_run1,4,summer,8,3,0.05,0.5,0.45,0.006890607923795946
P2_dev_run1,4,summer,9,0,0.0,0.01,0.01,0.02105419008467946
P2_dev_run1,4,summer,9,1,0.01,0.025,0.015000000000000001,0.020475267821277544
P2_dev_run1,4,summer,9,2,0.025,0.05,0.025,0.01955070709998119
P2_dev_run1,4,summer,9,3,0.05,0.5,0.45,0.00876538337481266
P2_dev_run1,4,summer,10,0,0.0,0.01,0.01,0.022204867978500853
P2_dev_run1,4,summer,10,1,0.01,0.025,0.015000000000000001,0.02162196340650957
P2_dev_run1,4,summer,10,2,0.025,0.05,0.025,0.020691051857167908
P2_dev_run1,4,summer,10,3,0.05,0.5,0.45,0.009832647047797924
P2_dev_run1,4,summer,11,0,0.0,0.01,0.01,0.022569897627633395
P2_dev_run1,4,summer,11,1,0.01,0.025,0.015000000000000001,0.021985728572844938
P2_dev_run1,4,summer,11,2,0.025,0.05,0.025,0.02105280051685421
P2_dev_run1,4,summer,11,3,0.05,0.5,0.45,0.010171193448657639
P2_dev_run1,4,summer,12,0,0.0,0.01,0.01,0.02241814485760274
P2_dev_run1,4,summer,12,1,0.01,0.025,0.015000000000000001,0.021834501552061198
P2_dev_run1,4,summer,12,2,0.025,0.05,0.025,0.02090241191988862
P2_dev_run1,4,summer,12,3,0.05,0.5,0.45,0.01003045176145899
P2_dev_run1,4,summer,13,0,0.0,0.01,0.01,0.021822805186669236
P2_dev_run1,4,summer,13,1,0.01,0.025,0.015000000000000001,0.021241223496637485
P2_dev_run1,4,summer,13,2,0.025,0.05,0.025,0.02031242159973523
P2_dev_run1,4,summer,13,3,0.05,0.5,0.45,0.009478292041373293
P2_dev_run1,4,summer,14,0,0.0,0.01,0.01,0.022793327544842756
P2_dev_run1,4,summer,14,1,0.01,0.025,0.015000000000000001,0.022208384257575244
P2_dev_run1,4,summer,14,2,0.025,0.05,0.025,0.021274221484838263
P2_dev_run1,4,summer,14,3,0.05,0.5,0.45,0.010378408148081712
P2_dev_run1,4,summer,15,0,0.0,0.01,0.01,0.023294872113804876
P2_dev_run1,4,summer,15,1,0.01,0.025,0.015000000000000001,0.02270819005038745
P2_dev_run1,4,summer,15,2,0.025,0.05,0.025,0.021771254443365695
P2_dev_run1,4,summer,15,3,0.05,0.5,0.45,0.010843539199141395
P2_dev_run1,4,summer,16,0,0.0,0.01,0.01,0.023570141737960792
P2_dev_run1,4,summer,16,1,0.01,0.025,0.015000000000000001,0.022982504923946264
P2_dev_run1,4,summer,16,2,0.025,0.05,0.025,0.022044046735795186
P2_dev_run1,4,summer,16,3,0.05,0.5,0.45,0.011098815046712717
P2_dev_run1,4,summer,17,0,0.0,0.01,0.01,0.02405695283819176
P2_dev_run1,4,summer,17,1,0.01,0.025,0.015000000000000001,0.023467626749562594
P2_dev_run1,4,summer,17,2,0.025,0.05,0.025,0.02252647468308777
P2_dev_run1,4,summer,17,3,0.05,0.5,0.45,0.011550252689218424
P2_dev_run1,4,summer,18,0,0.0,0.01,0.01,0.02400973233350201
P2_dev_run1,4,summer,18,1,0.01,0.025,0.015000000000000001,0.02342057014817674
P2_dev_run1,4,summer,18,2,0.025,0.05,0.025,0.02247967945876228
P2_dev_run1,4,summer,18,3,0.05,0.5,0.45,0.011506464221238442
P2_dev_run1,4,summer,19,0,0.0,0.01,0.01,0.02384935879377048
P2_dev_run1,4,summer,19,1,0.01,0.025,0.015000000000000001,0.023260753194516887
P2_dev_run1,4,summer,19,2,0.025,0.05,0.025,0.022320750091107122
P2_dev_run1,4,summer,19,3,0.05,0.5,0.45,0.01135774547783667
P2_dev_run1,4,summer,20,0,0.0,0.01,0.01,0.02365162541442256
P2_dev_run1,4,summer,20,1,0.01,0.025,0.015000000000000001,0.023063705906859834
P2_dev_run1,4,summer,20,2,0.025,0.05,0.025,0.022124796927133206
P2_dev_run1,4,summer,20,3,0.05,0.5,0.45,0.011174379128566841
P2_dev_run1,4,summer,21,0,0.0,0.01,0.01,0.02291768538156269
P2_dev_run1,4,summer,21,1,0.01,0.025,0.015000000000000001,0.022332311055550665
P2_dev_run1,4,summer,21,2,0.025,0.05,0.025,0.02139746091710526
P2_dev_run1,4,summer,21,3,0.05,0.5,0.45,0.010493739108366422
P2_dev_run1,4,summer,22,0,0.0,0.01,0.01,0.021706033417989712
P2_dev_run1,4,summer,22,1,0.01,0.025,0.015000000000000001,0.02112485592009975
P2_dev_run1,4,summer,22,2,0.025,0.05,0.025,0.020196698611096853
P2_dev_run1,4,summer,22,3,0.05,0.5,0.45,0.009369986447845195
P2_dev_run1,4,summer,23,0,0.0,0.01,0.01,0.02062518678010994
P2_dev_run1,4,summer,23,1,0.01,0.025,0.015000000000000001,0.020047747831140418
P2_dev_run1,4,summer,23,2,0.025,0.05,0.025,0.019125552613225016
P2_dev_run1,4,summer,23,3,0.05,0.5,0.45,0.008367452577525938
P2_dev_run1,4,winter,0,0,0.0,0.01,0.01,0.020640365830587593
P2_dev_run1,4,winter,0,1,0.01,0.025,0.015000000000000001,0.020062874388772817
P2_dev_run1,4,winter,0,2,0.025,0.05,0.025,0.019140595501908608
P2_dev_run1,4,winter,0,3,0.05,0.5,0.45,0.008381532446046657
P2_dev_run1,4,winter,1,0,0.0,0.01,0.01,0.019074938584365264
P2_dev_run1,4,winter,1,1,0.01,0.025,0.015000000000000001,0.018502853232650142
P2_dev_run1,4,winter,1,2,0.025,0.05,0.025,0.017589195943830127
P2_dev_run1,4,winter,1,3,0.05,0.5,0.45,0.0069293684883226575
P2_dev_run1,4,winter,2,0,0.0,0.01,0.01,0.018313933590026477
P2_dev_run1,4,winter,2,1,0.01,0.025,0.015000000000000001,0.01774447262401039
P2_dev_run1,4,winter,2,2,0.025,0.05,0.025,0.016835000770785702
P2_dev_run1,4,winter,2,3,0.05,0.5,0.45,0.006223355771832565
P2_dev_run1,4,winter,3,0,0.0,0.01,0.01,0.01787979108411053
P2_dev_run1,4,winter,3,1,0.01,0.025,0.015000000000000001,0.017311826227219457
P2_dev_run1,4,winter,3,2,0.025,0.05,0.025,0.016404740407348073
P2_dev_run1,4,winter,3,3,0.05,0.5,0.45,0.005820565551688158
P2_dev_run1,4,winter,4,0,0.0,0.01,0.01,0.017703181314135397
P2_dev_run1,4,winter,4,1,0.01,0.025,0.015000000000000001,0.01713582485108426
P2_dev_run1,4,winter,4,2,0.025,0.05,0.025,0.016229709322434505
P2_dev_run1,4,winter,4,3,0.05,0.5,0.45,0.005656705777576747
P2_dev_run1,4,winter,5,0,0.0,0.01,0.01,0.01786506054566872
P2_dev_run1,4,winter,5,1,0.01,0.025,0.015000000000000001,0.017297146437295075
P2_dev_run1,4,winter,5,2,0.025,0.05,0.025,0.016390141552820592
P2_dev_run1,4,winter,5,3,0.05,0.5,0.45,0.0058068985451636655
P2_dev_run1,4,winter,6,0,0.0,0.01,0.01,0.018438353678999764
P2_dev_run1,4,winter,6,1,0.01,0.025,0.015000000000000001,0.01786846379926247
P2_dev_run1,4,winter,6,2,0.025,0.05,0.025,0.01695830791031583
P2_dev_run1,4,winter,6,3,0.05,0.5,0.45,0.006338787986449693
P2_dev_run1,4,winter,7,0,0.0,0.01,0.01,0.019664875995753506
P2_dev_run1,4,winter,7,1,0.01,0.025,0.015000000000000001,0.019090754541579526
P2_dev_run1,4,winter,7,2,0.025,0.05,0.025,0.01817385005012051
P2_dev_run1,4,winter,7,3,0.05,0.5,0.45,0.007476644557306073
P2_dev_run1,4,winter,8,0,0.0,0.01,0.01,0.021613948242421577
P2_dev_run1,4,winter,8,1,0.01,0.025,0.015000000000000001,0.02103308944223503
P2_dev_run1,4,winter,8,2,0.025,0.05,0.025,0.02010544039704243
P2_dev_run1,4,winter,8,3,0.05,0.5,0.45,0.00928457687167403
P2_dev_run1,4,winter,9,0,0.0,0.01,0.01,0.02395624425409748
P2_dev_run1,4,winter,9,1,0.01,0.025,0.015000000000000001,0.02336726771405284
P2_dev_run1,4,winter,9,2,0.025,0.05,0.025,0.022426673069521064
P2_dev_run1,4,winter,9,3,0.05,0.5,0.45,0.011456863494999513
P2_dev_run1,4,winter,10,0,0.0,0.01,0.01,0.024123101174694517
P2_dev_run1,4,winter,10,1,0.01,0.025,0.015000000000000001,0.02353354545291767
P2_dev_run1,4,winter,10,2,0.025,0.05,0.025,0.022592027226433498
P2_dev_run1,4,winter,10,3,0.05,0.5,0.45,0.011611592990812885
P2_dev_run1,4,winter,11,0,0.0,0.01,0.01,0.023491858372060026
P2_dev_run1,4,winter,11,1,0.01,0.025,0.015000000000000001,0.022904493110385372
P2_dev_run1,4,winter,11,2,0.025,0.05,0.025,0.021966467979156468
P2_dev_run1,4,winter,11,3,0.05,0.5,0.45,0.011026218279411304
P2_dev_run1,4,winter,12,0,0.0,0.01,0.01,0.02253580929247323
P2_dev_run1,4,winter,12,1,0.01,0.025,0.015000000000000001,0.021951758353072615
P2_dev_run1,4,winter,12,2,0.025,0.05,0.025,0.021019018640709985
P2_dev_run1,4,winter,12,3,0.05,0.5,0.45,0.010139578702354551
P2_dev_run1,4,winter,13,0,0.0,0.01,0.01,0.021133513774734825
P2_dev_run1,4,winter,13,1,0.01,0.025,0.015000000000000001,0.020554317172211123
P2_dev_run1,4,winter,13,2,0.025,0.05,0.025,0.019629318921005057
P2_dev_run1,4,winter,13,3,0.05,0.5,0.45,0.008838960115868192
P2_dev_run1,4,winter,14,0,0.0,0.01,0.01,0.02195203878273544
P2_dev_run1,4,winter,14,1,0.01,0.025,0.015000000000000001,0.02137000970120484
P2_dev_run1,4,winter,14,2,0.025,0.05,0.025,0.02044049431424444
P2_dev_run1,4,winter,14,3,0.05,0.5,0.45,0.009598154703736594
P2_dev_run1,4,winter,15,0,0.0,0.01,0.01,0.02238720506449743
P2_dev_run1,4,winter,15,1,0.01,0.025,0.015000000000000001,0.021803668935604925
P2_dev_run1,4,winter,15,2,0.025,0.05,0.025,0.020871750225036623
P2_dev_run1,4,winter,15,3,0.05,0.5,0.45,0.010001756716311316
P2_dev_run1,4,winter,16,0,0.0,0.01,0.01,0.022846159515071962
P2_dev_run1,4,winter,16,1,0.01,0.025,0.015000000000000001,0.022261033116011127
P2_dev_run1,4,winter,16,2,0.025,0.05,0.025,0.021326578336557933
P2_dev_run1,4,winter,16,3,0.05,0.5,0.45,0.010427405304758905
P2_dev_run1,4,winter,17,0,0.0,0.01,0.01,0.02352942628149335
P2_dev_run1,4,winter,17,1,0.01,0.025,0.015000000000000001,0.022941930697291852
P2_dev_run1,4,winter,17,2,0.025,0.05,0.025,0.022003697755960117
P2_dev_run1,4,winter,17,3,0.05,0.5,0.45,0.01106105726853669
P2_dev_run1,4,winter,18,0,0.0,0.01,0.01,0.023516901977133076
P2_dev_run1,4,winter,18,1,0.01,0.025,0.015000000000000001,0.022929449847092217
P2_dev_run1,4,winter,18,2,0.025,0.05,0.025,0.021991286179717795
P2_dev_run1,4,winter,18,3,0.05,0.5,0.45,0.011049442742574281
P2_dev_run1,4,winter,19,0,0.0,0.01,0.01,0.023148181933874135
P2_dev_run1,4,winter,19,1,0.01,0.025,0.015000000000000001,0.022562008526518424
P2_dev_run1,4,winter,19,2,0.025,0.05,0.025,0.021625884083250613
P2_dev_run1,4,winter,19,3,0.05,0.5,0.45,0.010707501181791979
P2_dev_run1,4,winter,20,0,0.0,0.01,0.01,0.022554401389782153
P2_dev_run1,4,winter,20,1,0.01,0.025,0.015000000000000001,0.02197028603787935
P2_dev_run1,4,winter,20,2,0.025,0.05,0.025,0.021037443597820005
P2_dev_run1,4,winter,20,3,0.05,0.5,0.45,0.01015682169624246
P2_dev_run1,4,winter,21,0,0.0,0.01,0.01,0.02174596523058514
P2_dev_run1,4,winter,21,1,0.01,0.025,0.015000000000000001,0.021164649511601352
P2_dev_run1,4,winter,21,2,0.025,0.05,0.025,0.020236271786494564
P2_dev_run1,4,winter,21,3,0.05,0.5,0.45,0.009407023241808274
P2_dev_run1,4,winter,22,0,0.0,0.01,0.01,0.02091705878096428
P2_dev_run1,4,winter,22,1,0.01,0.025,0.015000000000000001,0.02033861073597783
P2_dev_run1,4,winter,22,2,0.025,0.05,0.025,0.019414806287916253
P2_dev_run1,4,winter,22,3,0.05,0.5,0.45,0.008638185987211937
P2_dev_run1,4,winter,23,0,0.0,0.01,0.01,0.020646438136387446
P2_dev_run1,4,winter,23,1,0.01,0.025,0.015000000000000001,0.020068925711922793
P2_dev_run1,4,winter,23,2,0.025,0.05,0.025,0.019146613343932195
P2_dev_run1,4,winter,23,3,0.05,0.5,0.45,0.00838716503324393
P2_dev_run1,4,shoulder,0,0,0.0,0.01,0.01,0.018006571915919756
P2_dev_run1,4,shoulder,0,1,0.01,0.025,0.015000000000000001,0.017438170237503898
P2_dev_run1,4,shoulder,0,2,0.025,0.05,0.025,0.016530387760927967
P2_dev_run1,4,shoulder,0,3,0.05,0.5,0.45,0.005938192208342444
P2_dev_run1,4,shoulder,1,0,0.0,0.01,0.01,0.016430008390729
P2_dev_run1,4,shoulder,1,1,0.01,0.025,0.015000000000000001,0.015867033998323565
P2_dev_run1,4,shoulder,1,2,0.025,0.05,0.025,0.014967907277058101
P2_dev_run1,4,shoulder,1,3,0.05,0.5,0.45,0.004475376230495974
P2_dev_run1,4,shoulder,2,0,0.0,0.01,0.01,0.01578279033318808
P2_dev_run1,4,shoulder,2,1,0.01,0.025,0.015000000000000001,0.015222041028418546
P2_dev_run1,4,shoulder,2,2,0.025,0.05,0.025,0.014326463053715988
P2_dev_run1,4,shoulder,2,3,0.05,0.5,0.45,0.0038747992882970064
P2_dev_run1,4,shoulder,3,0,0.0,0.01,0.01,0.015437966670983627
P2_dev_run1,4,shoulder,3,1,0.01,0.025,0.015000000000000001,0.014878402151702328
P2_dev_run1,4,shoulder,3,2,0.025,0.05,0.025,0.013984713762158485
P2_dev_run1,4,shoulder,3,3,0.05,0.5,0.45,0.0035548119738391176
P2_dev_run1,4,shoulder,4,0,0.0,0.01,0.01,0.015291815631003625
P2_dev_run1,4,shoulder,4,1,0.01,0.025,0.015000000000000001,0.01473275311587585
P2_dev_run1,4,shoulder,4,2,0.025,0.05,0.025,0.01383986538519344
P2_dev_run1,4,shoulder,4,3,0.05,0.5,0.45,0.003419184907220923
P2_dev_run1,4,shoulder,5,0,0.0,0.01,0.01,0.015417892660356258
P2_dev_run1,4,shoulder,5,1,0.01,0.025,0.015000000000000001,0.014858397096830418
P2_dev_run1,4,shoulder,5,2,0.025,0.05,0.025,0.013964818686725833
P2_dev_run1,4,shoulder,5,3,0.05,0.5,0.45,0.0035361835390359158
P2_dev_run1,4,shoulder,6,0,0.0,0.01,0.01,0.015898025324530274
P2_dev_run1,4,shoulder,6,1,0.01,0.025,0.015000000000000001,0.015336879986455053
P2_dev_run1,4,shoulder,6,2,0.025,0.05,0.025,0.01444067035865082
P2_dev_run1,4,shoulder,6,3,0.05,0.5,0.45,0.00398173232716169
P2_dev_run1,4,shoulder,7,0,0.0,0.01,0.01,0.016839796158114873
P2_dev_run1,4,shoulder,7,1,0.01,0.025,0.015000000000000001,0.016275412072775754
P2_dev_run1,4,shoulder,7,2,0.025,0.05,0.025,0.015374037057420131
P2_dev_run1,4,shoulder,7,3,0.05,0.5,0.45,0.004855616537563933
P2_dev_run1,4,shoulder,8,0,0.0,0.01,0.01,0.018039032500369312
P2_dev_run1,4,shoulder,8,1,0.01,0.025,0.015000000000000001,0.017470518974392148
P2_dev_run1,4,shoulder,8,2,0.025,0.05,0.025,0.016562558111007375
P2_dev_run1,4,shoulder,8,3,0.05,0.5,0.45,0.005968308788802513
P2_dev_run1,4,shoulder,9,0,0.0,0.01,0.01,0.019167521110838304
P2_dev_run1,4,shoulder,9,1,0.01,0.025,0.015000000000000001,0.01859511632137656
P2_dev_run1,4,shoulder,9,2,0.025,0.05,0.025,0.017680949579175764
P2_dev_run1,4,shoulder,9,3,0.05,0.5,0.45,0.007015257697158766
P2_dev_run1,4,shoulder,10,0,0.0,0.01,0.01,0.019206373791490206
P2_dev_run1,4,shoulder,10,1,0.01,0.025,0.015000000000000001,0.018633834941890005
P2_dev_run1,4,shoulder,10,2,0.025,0.05,0.025,0.01771945438176714
P2_dev_run1,4,shoulder,10,3,0.05,0.5,0.45,0.007051301298316838
P2_dev_run1,4,shoulder,11,0,0.0,0.01,0.01,0.01886622363211493
P2_dev_run1,4,shoulder,11,1,0.01,0.025,0.015000000000000001,0.018294858284876682
P2_dev_run1,4,shoulder,11,2,0.025,0.05,0.025,0.017382349281740983
P2_dev_run1,4,shoulder,11,3,0.05,0.5,0.45,0.006735740298713901
P2_dev_run1,4,shoulder,12,0,0.0,0.01,0.01,0.01825474530973703
P2_dev_run1,4,shoulder,12,1,0.01,0.025,0.015000000000000001,0.01768548836118729
P2_dev_run1,4,shoulder,12,2,0.025,0.05,0.025,0.01677634187651711
P2_dev_run1,4,shoulder,12,3,0.05,0.5,0.45,0.006168442722127021
P2_dev_run1,4,shoulder,13,0,0.0,0.01,0.01,0.017394934920203498
P2_dev_run1,4,shoulder,13,1,0.01,0.025,0.015000000000000001,0.01682864001584794
P2_dev_run1,4,shoulder,13,2,0.025,0.05,0.025,0.015924217502623073
P2_dev_run1,4,shoulder,13,3,0.05,0.5,0.45,0.005370706887177192
P2_dev_run1,4,shoulder,14,0,0.0,0.01,0.01,0.018308013032686254
P2_dev_run1,4,shoulder,14,1,0.01,0.025,0.015000000000000001,0.017738572481852212
P2_dev_run1,4,shoulder,14,2,0.025,0.05,0.025,0.016829133174741107
P2_dev_run1,4,shoulder,14,3,0.05,0.5,0.45,0.0062178628807808365
P2_dev_run1,4,shoulder,15,0,0.0,0.01,0.01,0.018851333545927274
P2_dev_run1,4,shoulder,15,1,0.01,0.025,0.015000000000000001,0.018280019568283252
P2_dev_run1,4,shoulder,15,2,0.025,0.05,0.025,0.017367592467834037
P2_dev_run1,4,shoulder,15,3,0.05,0.5,0.45,0.006721926403670315
P2_dev_run1,4,shoulder,16,0,0.0,0.01,0.01,0.019367937664098445
P2_dev_run1,4,shoulder,16,1,0.01,0.025,0.015000000000000001,0.018794841230856025
P2_dev_run1,4,shoulder,16,2,0.025,0.05,0.025,0.017879571473096156
P2_dev_run1,4,shoulder,16,3,0.05,0.5,0.45,0.007201182701918699
P2_dev_run1,4,shoulder,17,0,0.0,0.01,0.01,0.02008039077660423
P2_dev_run1,4,shoulder,17,1,0.01,0.025,0.015000000000000001,0.01950483435523472
P2_dev_run1,4,shoulder,17,2,0.025,0.05,0.025,0.01858564137303842
P2_dev_run1,4,shoulder,17,3,0.05,0.5,0.45,0.00786209515334464
P2_dev_run1,4,shoulder,18,0,0.0,0.01,0.01,0.020288850648264578
P2_dev_run1,4,shoulder,18,1,0.01,0.025,0.015000000000000001,0.019712574030924152
P2_dev_run1,4,shoulder,18,2,0.025,0.05,0.025,0.018792232517497176
P2_dev_run1,4,shoulder,18,3,0.05,0.5,0.45,0.00805546703588983
P2_dev_run1,4,shoulder,19,0,0.0,0.01,0.01,0.02044323192730013
P2_dev_run1,4,shoulder,19,1,0.01,0.025,0.015000000000000001,0.01986642182566315
P2_dev_run1,4,shoulder,19,2,0.025,0.05,0.025,0.01894522955024014
P2_dev_run1,4,shoulder,19,3,0.05,0.5,0.45,0.00819867225848416
P2_dev_run1,4,shoulder,20,0,0.0,0.01,0.01,0.020276753185108354
P2_dev_run1,4,shoulder,20,1,0.01,0.025,0.015000000000000001,0.019700518373431487
P2_dev_run1,4,shoulder,20,2,0.025,0.05,0.025,0.018780243517204642
P2_dev_run1,4,shoulder,20,3,0.05,0.5,0.45,0.008044245263830432
P2_dev_run1,4,shoulder,21,0,0.0,0.01,0.01,0.01964384890272286
P2_dev_run1,4,shoulder,21,1,0.01,0.025,0.015000000000000001,0.019069800052438447
P2_dev_run1,4,shoulder,21,2,0.025,0.05,0.025,0.018153011341713876
P2_dev_run1,4,shoulder,21,3,0.05,0.5,0.45,0.007457138509318031
P2_dev_run1,4,shoulder,22,0,0.0,0.01,0.01,0.01894071027753047
P2_dev_run1,4,shoulder,22,1,0.01,0.025,0.015000000000000001,0.01836908799008885
P2_dev_run1,4,shoulder,22,2,0.025,0.05,0.025,0.017456169215197548
P2_dev_run1,4,shoulder,22,3,0.05,0.5,0.45,0.006804843130146355
P2_dev_run1,4,shoulder,23,0,0.0,0.01,0.01,0.018476898938996067
P2_dev_run1,4,shoulder,23,1,0.01,0.025,0.015000000000000001,0.017906876171997856
P2_dev_run1,4,shoulder,23,2,0.025,0.05,0.025,0.016996508344384043
P2_dev_run1,4,shoulder,23,3,0.05,0.5,0.45,0.006374548566851336
P2_dev_run1,9,summer,0,0,0.0,0.01,0.01,0.01963784204467578
P2_dev_run1,9,summer,0,1,0.01,0.025,0.015000000000000001,0.019063813929776997
P2_dev_run1,9,summer,0,2,0.025,0.05,0.025,0.01814705829511598
P2_dev_run1,9,summer,0,3,0.05,0.075,0.024999999999999994,0.01700384689613588
P2_dev_run1,9,summer,0,4,0.075,0.1,0.02500000000000001,0.015863772436560668
P2_dev_run1,9,summer,0,5,0.1,0.15,0.04999999999999999,0.014159888997135054
P2_dev_run1,9,summer,0,6,0.15,0.2,0.05000000000000002,0.011898333834477467
P2_dev_run1,9,summer,0,7,0.2,0.3,0.09999999999999998,0.008530376081664211
P2_dev_run1,9,summer,0,8,0.3,0.5,0.2,0.0018778277012115874
P2_dev_run1,9,summer,1,0,0.0,0.01,0.01,0.01780027438986337
P2_dev_run1,9,summer,1,1,0.01,0.025,0.015000000000000001,0.017232583471981273
P2_dev_run1,9,summer,1,2,0.025,0.05,0.025,0.016325934536811637
P2_dev_run1,9,summer,1,3,0.05,0.075,0.024999999999999994,0.01519530351302201
P2_dev_run1,9,summer,1,4,0.075,0.1,0.02500000000000001,0.014067748714157164
P2_dev_run1,9,summer,1,5,0.1,0.15,0.04999999999999999,0.012382524557008338
P2_dev_run1,9,summer,1,6,0.15,0.2,0.05000000000000002,0.010145650535880731
P2_dev_run1,9,summer,1,7,0.2,0.3,0.09999999999999998,0.006814247869058878
P2_dev_run1,9,summer,1,8,0.3,0.5,0.2,0.00023322759912861035
P2_dev_run1,9,summer,2,0,0.0,0.01,0.01,0.017023492942520868
P2_dev_run1,9,summer,2,1,0.01,0.025,0.015000000000000001,0.01645847669738132
P2_dev_run1,9,summer,2,2,0.025,0.05,0.025,0.015556093484159206
P2_dev_run1,9,summer,2,3,0.05,0.075,0.024999999999999994,0.01443077235407542
P2_dev_run1,9,summer,2,4,0.075,0.1,0.02500000000000001,0.013308501980577309
P2_dev_run1,9,summer,2,5,0.1,0.15,0.04999999999999999,0.01163115400864251
P2_dev_run1,9,summer,2,6,0.15,0.2,0.05000000000000002,0.009404698514600959
P2_dev_run1,9,summer,2,7,0.2,0.3,0.09999999999999998,0.006088727788749472
P2_dev_run1,9,summer,2,8,0.3,0.5,0.2,-0.0004620927269853581
P2_dev_run1,9,summer,3,0,0.0,0.01,0.01,0.016551879171713968
P2_dev_run1,9,summer,3,1,0.01,0.025,0.015000000000000001,0.015988485602835834
P2_dev_run1,9,summer,3,2,0.025,0.05,0.025,0.015088690355011258
P2_dev_run1,9,summer,3,3,0.05,0.075,0.024999999999999994,0.013966590731373522
P2_dev_run1,9,summer,3,4,0.075,0.1,0.02500000000000001,0.012847526449928367
P2_dev_run1,9,summer,3,5,0.1,0.15,0.04999999999999999,0.011174957088490036
P2_dev_run1,9,summer,3,6,0.15,0.2,0.05000000000000002,0.008954822831762074
P2_dev_run1,9,summer,3,7,0.2,0.3,0.09999999999999998,0.005648215453510492
P2_dev_run1,9,summer,3,8,0.3,0.5,0.2,-0.0008842802352995033
P2_dev_run1,9,summer,4,0,0.0,0.01,0.01,0.01627066342205774
P2_dev_run1,9,summer,4,1,0.01,0.025,0.015000000000000001,0.015708237008627002
P2_dev_run1,9,summer,4,2,0.025,0.05,0.025,0.014809984237124652
P2_dev_run1,9,summer,4,3,0.05,0.075,0.024999999999999994,0.013689804703984624
P2_dev_run1,9,summer,4,4,0.075,0.1,0.02500000000000001,0.01257265134645413
P2_dev_run1,9,summer,4,5,0.1,0.15,0.04999999999999999,0.010902930206275476
P2_dev_run1,9,summer,4,6,0.15,0.2,0.05000000000000002,0.008686563673273025
P2_dev_run1,9,summer,4,7,0.2,0.3,0.09999999999999998,0.005385537370223571
P2_dev_run1,9,summer,4,8,0.3,0.5,0.2,-0.0011360353198206635
P2_dev_run1,9,summer,5,0,0.0,0.01,0.01,0.016250403270036407
P2_dev_run1,9,summer,5,1,0.01,0.025,0.015000000000000001,0.01568804652516779
P2_dev_run1,9,summer,5,2,0.025,0.05,0.025,0.014789904865284975
P2_dev_run1,9,summer,5,3,0.05,0.075,0.024999999999999994,0.013669863638047789
P2_dev_run1,9,summer,5,4,0.075,0.1,0.02500000000000001,0.012552847925912932
P2_dev_run1,9,summer,5,5,0.1,0.15,0.04999999999999999,0.010883331954674171
P2_dev_run1,9,summer,5,6,0.15,0.2,0.05000000000000002,0.008667236821299492
P2_dev_run1,9,summer,5,7,0.2,0.3,0.09999999999999998,0.005366612544848438
P2_dev_run1,9,summer,5,8,0.3,0.5,0.2,-0.001154173308303627
P2_dev_run1,9,summer,6,0,0.0,0.01,0.01,0.016546072073922446
P2_dev_run1,9,summer,6,1,0.01,0.025,0.015000000000000001,0.015982698491485516
P2_dev_run1,9,summer,6,2,0.025,0.05,0.025,0.015082935097158745
P2_dev_run1,9,summer,6,3,0.05,0.075,0.024999999999999994,0.0139608751246495
P2_dev_run1,9,summer,6,4,0.075,0.1,0.02500000000000001,0.01284185031314888
P2_dev_run1,9,summer,6,5,0.1,0.15,0.04999999999999999,0.011169339779599776
P2_dev_run1,9,summer,6,6,0.15,0.2,0.05000000000000002,0.008949283333103127
P2_dev_run1,9,summer,6,7,0.2,0.3,0.09999999999999998,0.00564279122298117
P2_dev_run1,9,summer,6,8,0.3,0.5,0.2,-0.0008894788788160746
P2_dev_run1,9,summer,7,0,0.0,0.01,0.01,0.017500501968434334
P2_dev_run1,9,summer,7,1,0.01,0.025,0.015000000000000001,0.01693384354237622
P2_dev_run1,9,summer,7,2,0.025,0.05,0.025,0.01602884128691695
P2_dev_run1,9,summer,7,3,0.05,0.075,0.024999999999999994,0.014900260001710634
P2_dev_run1,9,summer,7,4,0.075,0.1,0.02500000000000001,0.01377474510484144
P2_dev_run1,9,summer,7,5,0.1,0.15,0.04999999999999999,0.012092561300887098
P2_dev_run1,9,summer,7,6,0.15,0.2,0.05000000000000002,0.009859708991089563
P2_dev_run1,9,summer,7,7,0.2,0.3,0.09999999999999998,0.00653426321247347
P2_dev_run1,9,summer,7,8,0.3,0.5,0.2,-3.5099908742078356e-05
P2_dev_run1,9,summer,8,0,0.0,0.01,0.01,0.01903315765103275
P2_dev_run1,9,summer,8,1,0.01,0.025,0.015000000000000001,0.01846121645506238
P2_dev_run1,9,summer,8,2,0.025,0.05,0.025,0.01754778904892007
P2_dev_run1,9,summer,8,3,0.05,0.075,0.024999999999999994,0.016408720428091054
P2_dev_run1,9,summer,8,4,0.075,0.1,0.02500000000000001,0.015272768708129986
P2_dev_run1,9,summer,8,5,0.1,0.15,0.04999999999999999,0.013575029678887799
P2_dev_run1,9,summer,8,6,0.15,0.2,0.05000000000000002,0.01132160171919416
P2_dev_run1,9,summer,8,7,0.2,0.3,0.09999999999999998,0.007965680704531271
P2_dev_run1,9,summer,8,8,0.3,0.5,0.2,0.0013366834847271247
P2_dev_run1,9,summer,9,0,0.0,0.01,0.01,0.02105419008467946
P2_dev_run1,9,summer,9,1,0.01,0.025,0.015000000000000001,0.020475267821277544
P2_dev_run1,9,summer,9,2,0.025,0.05,0.025,0.01955070709998119
P2_dev_run1,9,summer,9,3,0.05,0.075,0.024999999999999994,0.01839778055785613
P2_dev_run1,9,summer,9,4,0.075,0.1,0.02500000000000001,0.017248038174237916
P2_dev_run1,9,summer,9,5,0.1,0.15,0.04999999999999999,0.015529746357739741
P2_dev_run1,9,summer,9,6,0.15,0.2,0.05000000000000002,0.013249133922766937
P2_dev_run1,9,summer,9,7,0.2,0.3,0.09999999999999998,0.009852953119272591
P2_dev_run1,9,summer,9,8,0.3,0.5,0.2,0.003145188622053763
P2_dev_run1,9,summer,10,0,0.0,0.01,0.01,0.022204867978500853
P2_dev_run1,9,summer,10,1,0.01,0.025,0.015000000000000001,0.02162196340650957
P2_dev_run1,9,summer,10,2,0.025,0.05,0.025,0.020691051857167908
P2_dev_run1,9,summer,10,3,0.05,0.075,0.024999999999999994,0.019530220528638512
P2_dev_run1,9,summer,10,4,0.075,0.1,0.02500000000000001,0.01837261199869932
P2_dev_run1,9,summer,10,5,0.1,0.15,0.04999999999999999,0.016642597450444722
P2_dev_run1,9,summer,10,6,0.15,0.2,0.05000000000000002,0.014346480636389653
P2_dev_run1,9,summer,10,7,0.2,0.3,0.09999999999999998,0.010927340104318896
P2_dev_run1,9,summer,10,8,0.3,0.5,0.2,0.004174662217760056
P2_dev_run1,9,summer,11,0,0.0,0.01,0.01,0.022569897627633395
P2_dev_run1,9,summer,11,1,0.01,0.025,0.015000000000000001,0.021985728572844938
P2_dev_run1,9,summer,11,2,0.025,0.05,0.025,0.02105280051685421
P2_dev_run1,9,summer,11,3,0.05,0.075,0.024999999999999994,0.019889459302400162
P2_dev_run1,9,summer,11,4,0.075,0.1,0.02500000000000001,0.018729353191440083
P2_dev_run1,9,summer,11,5,0.1,0.15,0.04999999999999999,0.016995616651999116
P2_dev_run1,9,summer,11,6,0.15,0.2,0.05000000000000002,0.014694577283723692
P2_dev_run1,9,summer,11,7,0.2,0.3,0.09999999999999998,0.011268147478031012
P2_dev_run1,9,summer,11,8,0.3,0.5,0.2,0.0045012114748034515
P2_dev_run1,9,summer,12,0,0.0,0.01,0.01,0.02241814485760274
P2_dev_run1,9,summer,12,1,0.01,0.025,0.015000000000000001,0.021834501552061198
P2_dev_run1,9,summer,12,2,0.025,0.05,0.025,0.02090241191988862
P2_dev_run1,9,summer,12,3,0.05,0.075,0.024999999999999994,0.019740114266758594
P2_dev_run1,9,summer,12,4,0.075,0.1,0.02500000000000001,0.01858104659619108
P2_dev_run1,9,summer,12,5,0.1,0.15,0.04999999999999999,0.016848857576153845
P2_dev_run1,9,summer,12,6,0.15,0.2,0.05000000000000002,0.014549864889962233
P2_dev_run1,9,summer,12,7,0.2,0.3,0.09999999999999998,0.011126465769270568
P2_dev_run1,9,summer,12,8,0.3,0.5,0.2,0.004365457854249716
P2_dev_run1,9,summer,13,0,0.0,0.01,0.01,0.021822805186669236
P2_dev_run1,9,summer,13,1,0.01,0.025,0.015000000000000001,0.021241223496637485
P2_dev_run1,9,summer,13,2,0.025,0.05,0.025,0.02031242159973523
P2_dev_run1,9,summer,13,3,0.05,0.075,0.024999999999999994,0.019154216112495796
P2_dev_run1,9,summer,13,4,0.075,0.1,0.02500000000000001,0.017999220565951816
P2_dev_run1,9,summer,13,5,0.1,0.15,0.04999999999999999,0.01627310004406413
P2_dev_run1,9,summer,13,6,0.15,0.2,0.05000000000000002,0.013982133363328314
P2_dev_run1,9,summer,13,7,0.2,0.3,0.09999999999999998,0.010570619264024807
P2_dev_run1,9,summer,13,8,0.3,0.5,0.2,0.003832859524423443
P2_dev_run1,9,summer,14,0,0.0,0.01,0.01,0.022793327544842756
P2_dev_run1,9,summer,14,1,0.01,0.025,0.015000000000000001,0.022208384257575244
P2_dev_run1,9,summer,14,2,0.025,0.05,0.025,0.021274221484838263
P2_dev_run1,9,summer,14,3,0.05,0.075,0.024999999999999994,0.020109343465236632
P2_dev_run1,9,summer,14,4,0.075,0.1,0.02500000000000001,0.018947708099993348
P2_dev_run1,9,summer,14,5,0.1,0.15,0.04999999999999999,0.017211692607359
P2_dev_run1,9,summer,14,6,0.15,0.2,0.05000000000000002,0.01490763923737814
P2_dev_run1,9,summer,14,7,0.2,0.3,0.09999999999999998,0.011476746386438199
P2_dev_run1,9,summer,14,8,0.3,0.5,0.2,0.004701080733126722
P2_dev_run1,9,summer,15,0,0.0,0.01,0.01,0.023294872113804876
P2_dev_run1,9,summer,15,1,0.01,0.025,0.015000000000000001,0.02270819005038745
P2_dev_run1,9,summer,15,2,0.025,0.05,0.025,0.021771254443365695
P2_dev_run1,9,summer,15,3,0.05,0.075,0.024999999999999994,0.02060292519495466
P2_dev_run1,9,summer,15,4,0.075,0.1,0.02500000000000001,0.01943785556775434
P2_dev_run1,9,summer,15,5,0.1,0.15,0.04999999999999999,0.017696722304089144
P2_dev_run1,9,summer,15,6,0.15,0.2,0.05000000000000002,0.015385900535633818
P2_dev_run1,9,summer,15,7,0.2,0.3,0.09999999999999998,0.011944985466913752
P2_dev_run1,9,summer,15,8,0.3,0.5,0.2,0.005149717159341899
P2_dev_run1,9,summer,16,0,0.0,0.01,0.01,0.023570141737960792
P2_dev_run1,9,summer,16,1,0.01,0.025,0.015000000000000001,0.022982504923946264
P2_dev_run1,9,summer,16,2,0.025,0.05,0.025,0.022044046735795186
P2_dev_run1,9,summer,16,3,0.05,0.075,0.024999999999999994,0.02087382243317393
P2_dev_run1,9,summer,16,4,0.075,0.1,0.02500000000000001,0.019706867084061656
P2_dev_run1,9,summer,16,5,0.1,0.15,0.04999999999999999,0.017962923714118232
P2_dev_run1,9,summer,16,6,0.15,0.2,0.05000000000000002,0.015648385562721516
P2_dev_run1,9,summer,16,7,0.2,0.3,0.09999999999999998,0.012201967621065794
P2_dev_run1,9,summer,16,8,0.3,0.5,0.2,0.0053959365357063305
P2_dev_run1,9,summer,17,0,0.0,0.01,0.01,0.02405695283819176
P2_dev_run1,9,summer,17,1,0.01,0.025,0.015000000000000001,0.023467626749562594
P2_dev_run1,9,summer,17,2,0.025,0.05,0.025,0.02252647468308777
P2_dev_run1,9,summer,17,3,0.05,0.075,0.024999999999999994,0.021352897467098456
P2_dev_run1,9,summer,17,4,0.075,0.1,0.02500000000000001,0.020182605752065978
P2_dev_run1,9,summer,17,5,0.1,0.15,0.04999999999999999,0.018433690589410027
P2_dev_run1,9,summer,17,6,0.15,0.2,0.05000000000000002,0.016112577288713285
P2_dev_run1,9,summer,17,7,0.2,0.3,0.09999999999999998,0.012656423690979027
P2_dev_run1,9,summer,17,8,0.3,0.5,0.2,0.00583135183332556
P2_dev_run1,9,summer,18,0,0.0,0.01,0.01,0.02400973233350201
P2_dev_run1,9,summer,18,1,0.01,0.025,0.015000000000000001,0.02342057014817674
P2_dev_run1,9,summer,18,2,0.025,0.05,0.025,0.02247967945876228
P2_dev_run1,9,summer,18,3,0.05,0.075,0.024999999999999994,0.021306427555181088
P2_dev_run1,9,summer,18,4,0.075,0.1,0.02500000000000001,0.02013645955201037
P2_dev_run1,9,summer,18,5,0.1,0.15,0.04999999999999999,0.018388026773134006
P2_dev_run1,9,summer,18,6,0.15,0.2,0.05000000000000002,0.016067551414506435
P2_dev_run1,9,summer,18,7,0.2,0.3,0.09999999999999998,0.01261234238982695
P2_dev_run1,9,summer,18,8,0.3,0.5,0.2,0.005789117867563975
P2_dev_run1,9,summer,19,0,0.0,0.01,0.01,0.02384935879377048
P2_dev_run1,9,summer,19,1,0.01,0.025,0.015000000000000001,0.023260753194516887
P2_dev_run1,9,summer,19,2,0.025,0.05,0.025,0.022320750091107122
P2_dev_run1,9,summer,19,3,0.05,0.075,0.024999999999999994,0.02114860291801746
P2_dev_run1,9,summer,19,4,0.075,0.1,0.02500000000000001,0.019979734181652102
P2_dev_run1,9,summer,19,5,0.1,0.15,0.04999999999999999,0.018232939514818417
P2_dev_run1,9,summer,19,6,0.15,0.2,0.05000000000000002,0.015914630528852662
P2_dev_run1,9,summer,19,7,0.2,0.3,0.09999999999999998,0.012462629180571286
P2_dev_run1,9,summer,19,8,0.3,0.5,0.2,0.0056456780864704015
P2_dev_run1,9,summer,20,0,0.0,0.01,0.01,0.02365162541442256
P2_dev_run1,9,summer,20,1,0.01,0.025,0.015000000000000001,0.023063705906859834
P2_dev_run1,9,summer,20,2,0.025,0.05,0.025,0.022124796927133206
P2_dev_run1,9,summer,20,3,0.05,0.075,0.024999999999999994,0.020954011538070198
P2_dev_run1,9,summer,20,4,0.075,0.1,0.02500000000000001,0.019786497871659973
P2_dev_run1,9,summer,20,5,0.1,0.15,0.04999999999999999,0.018041722503546746
P2_dev_run1,9,summer,20,6,0.15,0.2,0.05000000000000002,0.015726084034854974
P2_dev_run1,9,summer,20,7,0.2,0.3,0.09999999999999998,0.012278036859851297
P2_dev_run1,9,summer,20,8,0.3,0.5,0.2,0.005468819298533045
P2_dev_run1,9,summer,21,0,0.0,0.01,0.01,0.02291768538156269
P2_dev_run1,9,summer,21,1,0.01,0.025,0.015000000000000001,0.022332311055550665
P2_dev_run1,9,summer,21,2,0.025,0.05,0.025,0.02139746091710526
P2_dev_run1,9,summer,21,3,0.05,0.075,0.024999999999999994,0.020231727356252453
P2_dev_run1,9,summer,21,4,0.075,0.1,0.02500000000000001,0.019069240656200963
P2_dev_run1,9,summer,21,5,0.1,0.15,0.04999999999999999,0.017331956486519865
P2_dev_run1,9,summer,21,6,0.15,0.2,0.05000000000000002,0.0150262252401756
P2_dev_run1,9,summer,21,7,0.2,0.3,0.09999999999999998,0.011592847875909753
P2_dev_run1,9,summer,21,8,0.3,0.5,0.2,0.004812322622639031
P2_dev_run1,9,summer,22,0,0.0,0.01,0.01,0.021706033417989712
P2_dev_run1,9,summer,22,1,0.01,0.025,0.015000000000000001,0.02112485592009975
P2_dev_run1,9,summer,22,2,0.025,0.05,0.025,0.020196698611096853
P2_dev_run1,9,summer,22,3,0.05,0.075,0.024999999999999994,0.01903929543501826
P2_dev_run1,9,summer,22,4,0.075,0.1,0.02500000000000001,0.017885098279800664
P2_dev_run1,9,summer,22,5,0.1,0.15,0.04999999999999999,0.016160167570508092
P2_dev_run1,9,summer,22,6,0.15,0.2,0.05000000000000002,0.013870774518848767
P2_dev_run1,9,summer,22,7,0.2,0.3,0.09999999999999998,0.01046159072158326
P2_dev_run1,9,summer,22,8,0.3,0.5,0.2,0.003728389410168481
P2_dev_run1,9,summer,23,0,0.0,0.01,0.01,0.02062518678010994
P2_dev_run1,9,summer,23,1,0.01,0.025,0.015000000000000001,0.020047747831140418
P2_dev_run1,9,summer,23,2,0.025,0.05,0.025,0.019125552613225016
P2_dev_run1,9,summer,23,3,0.05,0.075,0.024999999999999994,0.01797557043986542
P2_dev_run1,9,summer,23,4,0.075,0.1,0.02500000000000001,0.01682875808333372
P2_dev_run1,9,summer,23,5,0.1,0.15,0.04999999999999999,0.015114832905341883
P2_dev_run1,9,summer,23,6,0.15,0.2,0.05000000000000002,0.012839995917776067
P2_dev_run1,9,summer,23,7,0.2,0.3,0.09999999999999998,0.009452368080610786
P2_dev_run1,9,summer,23,8,0.3,0.5,0.2,0.0027613359879485877
P2_dev_run1,9,winter,0,0,0.0,0.01,0.01,0.020640365830587593
P2_dev_run1,9,winter,0,1,0.01,0.025,0.015000000000000001,0.020062874388772817
P2_dev_run1,9,winter,0,2,0.025,0.05,0.025,0.019140595501908608
P2_dev_run1,9,winter,0,3,0.05,0.075,0.024999999999999994,0.017990509176157857
P2_dev_run1,9,winter,0,4,0.075,0.1,0.02500000000000001,0.016843593172728426
P2_dev_run1,9,winter,0,5,0.1,0.15,0.04999999999999999,0.015129513530968145
P2_dev_run1,9,winter,0,6,0.15,0.2,0.05000000000000002,0.012854472242924683
P2_dev_run1,9,winter,0,7,0.2,0.3,0.09999999999999998,0.009466541846966938
P2_dev_run1,9,winter,0,8,0.3,0.5,0.2,0.0027749178430375165
P2_dev_run1,9,winter,1,0,0.0,0.01,0.01,0.019074938584365264
P2_dev_run1,9,winter,1,1,0.01,0.025,0.015000000000000001,0.018502853232650142
P2_dev_run1,9,winter,1,2,0.025,0.05,0.025,0.017589195943830127
P2_dev_run1,9,winter,1,3,0.05,0.075,0.024999999999999994,0.01644984117128712
P2_dev_run1,9,winter,1,4,0.075,0.1,0.02500000000000001,0.015313604678059973
P2_dev_run1,9,winter,1,5,0.1,0.15,0.04999999999999999,0.013615441233683637
P2_dev_run1,9,winter,1,6,0.15,0.2,0.05000000000000002,0.011361451891782334
P2_dev_run1,9,winter,1,7,0.2,0.3,0.09999999999999998,0.00800469943629978
P2_dev_run1,9,winter,1,8,0.3,0.5,0.2,0.001374075368041211
P2_dev_run1,9,winter,2,0,0.0,0.01,0.01,0.018313933590026477
P2_dev_run1,9,winter,2,1,0.01,0.025,0.015000000000000001,0.01774447262401039
P2_dev_run1,9,winter,2,2,0.025,0.05,0.025,0.016835000770785702
P2_dev_run1,9,winter,2,3,0.05,0.075,0.024999999999999994,0.01570085584365111
P2_dev_run1,9,winter,2,4,0.075,0.1,0.02500000000000001,0.0145698040578146
P2_dev_run1,9,winter,2,5,0.1,0.15,0.04999999999999999,0.012879367897058739
P2_dev_run1,9,winter,2,6,0.15,0.2,0.05000000000000002,0.01063559965284899
P2_dev_run1,9,winter,2,7,0.2,0.3,0.09999999999999998,0.007293985622692236
P2_dev_run1,9,winter,2,8,0.3,0.5,0.2,0.0006929833001170088
P2_dev_run1,9,winter,3,0,0.0,0.01,0.01,0.01787979108411053
P2_dev_run1,9,winter,3,1,0.01,0.025,0.015000000000000001,0.017311826227219457
P2_dev_run1,9,winter,3,2,0.025,0.05,0.025,0.016404740407348073
P2_dev_run1,9,winter,3,3,0.05,0.075,0.024999999999999994,0.015273565554670413
P2_dev_run1,9,winter,3,4,0.075,0.1,0.02500000000000001,0.014145469537520933
P2_dev_run1,9,winter,3,5,0.1,0.15,0.04999999999999999,0.012459438736295295
P2_dev_run1,9,winter,3,6,0.15,0.2,0.05000000000000002,0.010221497710738155
P2_dev_run1,9,winter,3,7,0.2,0.3,0.09999999999999998,0.006888514631656352
P2_dev_run1,9,winter,3,8,0.3,0.5,0.2,0.0003044016771878988
P2_dev_run1,9,winter,4,0,0.0,0.01,0.01,0.017703181314135397
P2_dev_run1,9,winter,4,1,0.01,0.025,0.015000000000000001,0.01713582485108426
P2_dev_run1,9,winter,4,2,0.025,0.05,0.025,0.016229709322434505
P2_dev_run1,9,winter,4,3,0.05,0.075,0.024999999999999994,0.01509974226411637
P2_dev_run1,9,winter,4,4,0.075,0.1,0.02500000000000001,0.013972848243720687
P2_dev_run1,9,winter,4,5,0.1,0.15,0.04999999999999999,0.01228860893589229
P2_dev_run1,9,winter,4,6,0.15,0.2,0.05000000000000002,0.010053037646979842
P2_dev_run1,9,winter,4,7,0.2,0.3,0.09999999999999998,0.006723564552495733
P2_dev_run1,9,winter,4,8,0.3,0.5,0.2,0.00014632026410214827
P2_dev_run1,9,winter,5,0,0.0,0.01,0.01,0.01786506054566872
P2_dev_run1,9,winter,5,1,0.01,0.025,0.015000000000000001,0.017297146437295075
P2_dev_run1,9,winter,5,2,0.025,0.05,0.025,0.016390141552820592
P2_dev_run1,9,winter,5,3,0.05,0.075,0.024999999999999994,0.01525906744595074
P2_dev_run1,9,winter,5,4,0.075,0.1,0.02500000000000001,0.014131071700925752
P2_dev_run1,9,winter,5,5,0.1,0.15,0.04999999999999999,0.012445190330754034
P2_dev_run1,9,winter,5,6,0.15,0.2,0.05000000000000002,0.010207446975755981
P2_dev_run1,9,winter,5,7,0.2,0.3,0.09999999999999998,0.006874756681500978
P2_dev_run1,9,winter,5,8,0.3,0.5,0.2,0.0002912166658806947
P2_dev_run1,9,winter,6,0,0.0,0.01,0.01,0.018438353678999764
P2_dev_run1,9,winter,6,1,0.01,0.025,0.015000000000000001,0.01786846379926247
P2_dev_run1,9,winter,6,2,0.025,0.05,0.025,0.01695830791031583
P2_dev_run1,9,winter,6,3,0.05,0.075,0.024999999999999994,0.01582331152272021
P2_dev_run1,9,winter,6,4,0.075,0.1,0.02500000000000001,0.01469141237436466
P2_dev_run1,9,winter,6,5,0.1,0.15,0.04999999999999999,0.012999713294206131
P2_dev_run1,9,winter,6,6,0.15,0.2,0.05000000000000002,0.01075427453589017
P2_dev_run1,9,winter,6,7,0.2,0.3,0.09999999999999998,0.0074101862656712775
P2_dev_run1,9,winter,6,8,0.3,0.5,0.2,0.0008043423920164883
P2_dev_run1,9,winter,7,0,0.0,0.01,0.01,0.019664875995753506
P2_dev_run1,9,winter,7,1,0.01,0.025,0.015000000000000001,0.019090754541579526
P2_dev_run1,9,winter,7,2,0.025,0.05,0.025,0.01817385005012051
P2_dev_run1,9,winter,7,3,0.05,0.075,0.024999999999999994,0.017030453367426483
P2_dev_run1,9,winter,7,4,0.075,0.1,0.02500000000000001,0.015890194529492023
P2_dev_run1,9,winter,7,5,0.1,0.15,0.04999999999999999,0.014186036287216212
P2_dev_run1,9,winter,7,6,0.15,0.2,0.05000000000000002,0.011924117654424356
P2_dev_run1,9,winter,7,7,0.2,0.3,0.09999999999999998,0.008555621591327668
P2_dev_run1,9,winter,7,8,0.3,0.5,0.2,0.0019020199857498754
P2_dev_run1,9,winter,8,0,0.0,0.01,0.01,0.021613948242421577
P2_dev_run1,9,winter,8,1,0.01,0.025,0.015000000000000001,0.02103308944223503
P2_dev_run1,9,winter,8,2,0.025,0.05,0.025,0.02010544039704243
P2_dev_run1,9,winter,8,3,0.05,0.075,0.024999999999999994,0.01894866983924937
P2_dev_run1,9,winter,8,4,0.075,0.1,0.02500000000000001,0.017795102207365236
P2_dev_run1,9,winter,8,5,0.1,0.15,0.04999999999999999,0.01607110966165171
P2_dev_run1,9,winter,8,6,0.15,0.2,0.05000000000000002,0.013782957421685777
P2_dev_run1,9,winter,8,7,0.2,0.3,0.09999999999999998,0.010375611076146598
P2_dev_run1,9,winter,8,8,0.3,0.5,0.2,0.0036460041465320725
P2_dev_run1,9,winter,9,0,0.0,0.01,0.01,0.02395624425409748
P2_dev_run1,9,winter,9,1,0.01,0.025,0.015000000000000001,0.02336726771405284
P2_dev_run1,9,winter,9,2,0.025,0.05,0.025,0.022426673069521064
P2_dev_run1,9,winter,9,3,0.05,0.075,0.024999999999999994,0.021253789643490565
P2_dev_run1,9,winter,9,4,0.075,0.1,0.02500000000000001,0.020084188293626452
P2_dev_run1,9,winter,9,5,0.1,0.15,0.04999999999999999,0.018336301890642396
P2_dev_run1,9,winter,9,6,0.15,0.2,0.05000000000000002,0.01601654910945826
P2_dev_run1,9,winter,9,7,0.2,0.3,0.09999999999999998,0.012562409974054282
P2_dev_run1,9,winter,9,8,0.3,0.5,0.2,0.005741277884556972
P2_dev_run1,9,winter,10,0,0.0,0.01,0.01,0.024123101174694517
P2_dev_run1,9,winter,10,1,0.01,0.025,0.015000000000000001,0.02353354545291767
P2_dev_run1,9,winter,10,2,0.025,0.05,0.025,0.022592027226433498
P2_dev_run1,9,winter,10,3,0.05,0.075,0.024999999999999994,0.021417994259502752
P2_dev_run1,9,winter,10,4,0.075,0.1,0.02500000000000001,0.02024724905090646
P2_dev_run1,9,winter,10,5,0.1,0.15,0.04999999999999999,0.018497658108069807
P2_dev_run1,9,winter,10,6,0.15,0.2,0.05000000000000002,0.01617565109383267
P2_dev_run1,9,winter,10,7,0.2,0.3,0.09999999999999998,0.012718174222286497
P2_dev_run1,9,winter,10,8,0.3,0.5,0.2,0.005890514403908975
P2_dev_run1,9,winter,11,0,0.0,0.01,0.01,0.023491858372060026
P2_dev_run1,9,winter,11,1,0.01,0.025,0.015000000000000001,0.022904493110385372
P2_dev_run1,9,winter,11,2,0.025,0.05,0.025,0.021966467979156468
P2_dev_run1,9,winter,11,3,0.05,0.075,0.024999999999999994,0.020796782664351813
P2_dev_run1,9,winter,11,4,0.075,0.1,0.02500000000000001,0.019630363658319487
P2_dev_run1,9,winter,11,5,0.1,0.15,0.04999999999999999,0.017887219536595892
P2_dev_run1,9,winter,11,6,0.15,0.2,0.05000000000000002,0.015573738394105691
P2_dev_run1,9,winter,11,7,0.2,0.3,0.09999999999999998,0.012128885565760587
P2_dev_run1,9,winter,11,8,0.3,0.5,0.2,0.005325915572785833
P2_dev_run1,9,winter,12,0,0.0,0.01,0.01,0.02253580929247323
P2_dev_run1,9,winter,12,1,0.01,0.025,0.015000000000000001,0.021951758353072615
P2_dev_run1,9,winter,12,2,0.025,0.05,0.025,0.021019018640709985
P2_dev_run1,9,winter,12,3,0.05,0.075,0.024999999999999994,0.019855911861466072
P2_dev_run1,9,winter,12,4,0.075,0.1,0.02500000000000001,0.01869603903037808
P2_dev_run1,9,winter,12,5,0.1,0.15,0.04999999999999999,0.0169626501330894
P2_dev_run1,9,winter,12,6,0.15,0.2,0.05000000000000002,0.01466207054501511
P2_dev_run1,9,winter,12,7,0.2,0.3,0.09999999999999998,0.01123632156517729
P2_dev_run1,9,winter,12,8,0.3,0.5,0.2,0.004470717266702451
P2_dev_run1,9,winter,13,0,0.0,0.01,0.01,0.021133513774734825
P2_dev_run1,9,winter,13,1,0.01,0.025,0.015000000000000001,0.020554317172211123
P2_dev_run1,9,winter,13,2,0.025,0.05,0.025,0.019629318921005057
P2_dev_run1,9,winter,13,3,0.05,0.075,0.024999999999999994,0.018475847799512838
P2_dev_run1,9,winter,13,4,0.075,0.1,0.02500000000000001,0.01732556349071989
P2_dev_run1,9,winter,13,5,0.1,0.15,0.04999999999999999,0.015606464033478543
P2_dev_run1,9,winter,13,6,0.15,0.2,0.05000000000000002,0.01332478341008136
P2_dev_run1,9,winter,13,7,0.2,0.3,0.09999999999999998,0.009927020725581938
P2_dev_run1,9,winter,13,8,0.3,0.5,0.2,0.0032161616257433967
P2_dev_run1,9,winter,14,0,0.0,0.01,0.01,0.02195203878273544
P2_dev_run1,9,winter,14,1,0.01,0.025,0.015000000000000001,0.02137000970120484
P2_dev_run1,9,winter,14,2,0.025,0.05,0.025,0.02044049431424444
P2_dev_run1,9,winter,14,3,0.05,0.075,0.024999999999999994,0.01928140076240981
P2_dev_run1,9,winter,14,4,0.075,0.1,0.02500000000000001,0.01812552149770163
P2_dev_run1,9,winter,14,5,0.1,0.15,0.04999999999999999,0.016398084001159056
P2_dev_run1,9,winter,14,6,0.15,0.2,0.05000000000000002,0.014105375518852487
P2_dev_run1,9,winter,14,7,0.2,0.3,0.09999999999999998,0.010691282101496226
P2_dev_run1,9,winter,14,8,0.3,0.5,0.2,0.003948476870142409
P2_dev_run1,9,winter,15,0,0.0,0.01,0.01,0.02238720506449743
P2_dev_run1,9,winter,15,1,0.01,0.025,0.015000000000000001,0.021803668935604925
P2_dev_run1,9,winter,15,2,0.025,0.05,0.025,0.020871750225036623
P2_dev_run1,9,winter,15,3,0.05,0.075,0.024999999999999994,0.019709665313887296
P2_dev_run1,9,winter,15,4,0.075,0.1,0.02500000000000001,0.01855080934340724
P2_dev_run1,9,winter,15,5,0.1,0.15,0.04999999999999999,0.016818935801972138
P2_dev_run1,9,winter,15,6,0.15,0.2,0.05000000000000002,0.014520360356549128
P2_dev_run1,9,winter,15,7,0.2,0.3,0.09999999999999998,0.011097579082733068
P2_dev_run1,9,winter,15,8,0.3,0.5,0.2,0.004337779698541794
P2_dev_run1,9,winter,16,0,0.0,0.01,0.01,0.022846159515071962
P2_dev_run1,9,winter,16,1,0.01,0.025,0.015000000000000001,0.022261033116011127
P2_dev_run1,9,winter,16,2,0.025,0.05,0.025,0.021326578336557933
P2_dev_run1,9,winter,16,3,0.05,0.075,0.024999999999999994,0.020161336864743532
P2_dev_run1,9,winter,16,4,0.075,0.1,0.02500000000000001,0.01899933983253054
P2_dev_run1,9,winter,16,5,0.1,0.15,0.04999999999999999,0.017262785380220972
P2_dev_run1,9,winter,16,6,0.15,0.2,0.05000000000000002,0.014958019211297463
P2_dev_run1,9,winter,16,7,0.2,0.3,0.09999999999999998,0.011526070884796959
P2_dev_run1,9,winter,16,8,0.3,0.5,0.2,0.004748340758270186
P2_dev_run1,9,winter,17,0,0.0,0.01,0.01,0.02352942628149335
P2_dev_run1,9,winter,17,1,0.01,0.025,0.015000000000000001,0.022941930697291852
P2_dev_run1,9,winter,17,2,0.025,0.05,0.025,0.022003697755960117
P2_dev_run1,9,winter,17,3,0.05,0.075,0.024999999999999994,0.020833753790444613
P2_dev_run1,9,winter,17,4,0.075,0.1,0.02500000000000001,0.019667077398421988
P2_dev_run1,9,winter,17,5,0.1,0.15,0.04999999999999999,0.01792354972959376
P2_dev_run1,9,winter,17,6,0.15,0.2,0.05000000000000002,0.015609561344340767
P2_dev_run1,9,winter,17,7,0.2,0.3,0.09999999999999998,0.012163957439152443
P2_dev_run1,9,winter,17,8,0.3,0.5,0.2,0.005359518467539376
P2_dev_run1,9,winter,18,0,0.0,0.01,0.01,0.023516901977133076
P2_dev_run1,9,winter,18,1,0.01,0.025,0.015000000000000001,0.022929449847092217
P2_dev_run1,9,winter,18,2,0.025,0.05,0.025,0.021991286179717795
P2_dev_run1,9,winter,18,3,0.05,0.075,0.024999999999999994,0.020821428451561767
P2_dev_run1,9,winter,18,4,0.075,0.1,0.02500000000000001,0.01965483786247945
P2_dev_run1,9,winter,18,5,0.1,0.15,0.04999999999999999,0.017911438063347166
P2_dev_run1,9,winter,18,6,0.15,0.2,0.05000000000000002,0.015597618784921047
P2_dev_run1,9,winter,18,7,0.2,0.3,0.09999999999999998,0.012152265272738497
P2_dev_run1,9,winter,18,8,0.3,0.5,0.2,0.005348316033100681
P2_dev_run1,9,winter,19,0,0.0,0.01,0.01,0.023148181933874135
P2_dev_run1,9,winter,19,1,0.01,0.025,0.015000000000000001,0.022562008526518424
P2_dev_run1,9,winter,19,2,0.025,0.05,0.025,0.021625884083250613
P2_dev_run1,9,winter,19,3,0.05,0.075,0.024999999999999994,0.020458564452168208
P2_dev_run1,9,winter,19,4,0.075,0.1,0.02500000000000001,0.019294499476021347
P2_dev_run1,9,winter,19,5,0.1,0.15,0.04999999999999999,0.01755486334374168
P2_dev_run1,9,winter,19,6,0.15,0.2,0.05000000000000002,0.015246021560387785
P2_dev_run1,9,winter,19,7,0.2,0.3,0.09999999999999998,0.01180803830497235
P2_dev_run1,9,winter,19,8,0.3,0.5,0.2,0.005018504289489717
P2_dev_run1,9,winter,20,0,0.0,0.01,0.01,0.022554401389782153
P2_dev_run1,9,winter,20,1,0.01,0.025,0.015000000000000001,0.02197028603787935
P2_dev_run1,9,winter,20,2,0.025,0.05,0.025,0.021037443597820005
P2_dev_run1,9,winter,20,3,0.05,0.075,0.024999999999999994,0.01987420895083414
P2_dev_run1,9,winter,20,4,0.075,0.1,0.02500000000000001,0.018714208896855038
P2_dev_run1,9,winter,20,5,0.1,0.15,0.04999999999999999,0.016980630391144617
P2_dev_run1,9,winter,20,6,0.15,0.2,0.05000000000000002,0.014679800037127872
P2_dev_run1,9,winter,20,7,0.2,0.3,0.09999999999999998,0.011253679731025314
P2_dev_run1,9,winter,20,8,0.3,0.5,0.2,0.004487349113003608
P2_dev_run1,9,winter,21,0,0.0,0.01,0.01,0.02174596523058514
P2_dev_run1,9,winter,21,1,0.01,0.025,0.015000000000000001,0.021164649511601352
P2_dev_run1,9,winter,21,2,0.025,0.05,0.025,0.020236271786494564
P2_dev_run1,9,winter,21,3,0.05,0.075,0.024999999999999994,0.019078594264302366
P2_dev_run1,9,winter,21,4,0.075,0.1,0.02500000000000001,0.01792412409580723
P2_dev_run1,9,winter,21,5,0.1,0.15,0.04999999999999999,0.016198786531780866
P2_dev_run1,9,winter,21,6,0.15,0.2,0.05000000000000002,0.013908855377630086
P2_dev_run1,9,winter,21,7,0.2,0.3,0.09999999999999998,0.010498874731962872
P2_dev_run1,9,winter,21,8,0.3,0.5,0.2,0.0037641146557207406
P2_dev_run1,9,winter,22,0,0.0,0.01,0.01,0.02091705878096428
P2_dev_run1,9,winter,22,1,0.01,0.025,0.015000000000000001,0.02033861073597783
P2_dev_run1,9,winter,22,2,0.025,0.05,0.025,0.019414806287916253
P2_dev_run1,9,winter,22,3,0.05,0.075,0.024999999999999994,0.018262821077047468
P2_dev_run1,9,winter,22,4,0.075,0.1,0.02500000000000001,0.01711401543821877
P2_dev_run1,9,winter,22,5,0.1,0.15,0.04999999999999999,0.015397119649493977
P2_dev_run1,9,winter,22,6,0.15,0.2,0.05000000000000002,0.013118353638137398
P2_dev_run1,9,winter,22,7,0.2,0.3,0.09999999999999998,0.009724907211815239
P2_dev_run1,9,winter,22,8,0.3,0.5,0.2,0.003022491979003117
P2_dev_run1,9,winter,23,0,0.0,0.01,0.01,0.020646438136387446
P2_dev_run1,9,winter,23,1,0.01,0.025,0.015000000000000001,0.020068925711922793
P2_dev_run1,9,winter,23,2,0.025,0.05,0.025,0.019146613343932195
P2_dev_run1,9,winter,23,3,0.05,0.075,0.024999999999999994,0.01799648535583565
P2_dev_run1,9,winter,23,4,0.075,0.1,0.02500000000000001,0.016849527886910735
P2_dev_run1,9,winter,23,5,0.1,0.15,0.04999999999999999,0.015135386449501301
P2_dev_run1,9,winter,23,6,0.15,0.2,0.05000000000000002,0.01286026342939783
P2_dev_run1,9,winter,23,7,0.2,0.3,0.09999999999999998,0.00947221199946169
P2_dev_run1,9,winter,23,8,0.3,0.5,0.2,0.0027803511999999198
P2_dev_run1,9,shoulder,0,0,0.0,0.01,0.01,0.018006571915919756
P2_dev_run1,9,shoulder,0,1,0.01,0.025,0.015000000000000001,0.017438170237503898
P2_dev_run1,9,shoulder,0,2,0.025,0.05,0.025,0.016530387760927967
P2_dev_run1,9,shoulder,0,3,0.05,0.075,0.024999999999999994,0.015398345724329524
P2_dev_run1,9,shoulder,0,4,0.075,0.1,0.02500000000000001,0.014269386703443238
P2_dev_run1,9,shoulder,0,5,0.1,0.15,0.04999999999999999,0.012582069639988373
P2_dev_run1,9,shoulder,0,6,0.15,0.2,0.05000000000000002,0.010342427199985234
P2_dev_run1,9,shoulder,0,7,0.2,0.3,0.09999999999999998,0.007006924057500615
P2_dev_run1,9,shoulder,0,8,0.3,0.5,0.2,0.00041787967655519676
P2_dev_run1,9,shoulder,1,0,0.0,0.01,0.01,0.016430008390729
P2_dev_run1,9,shoulder,1,1,0.01,0.025,0.015000000000000001,0.015867033998323565
P2_dev_run1,9,shoulder,1,2,0.025,0.05,0.025,0.014967907277058101
P2_dev_run1,9,shoulder,1,3,0.05,0.075,0.024999999999999994,0.013846639840098266
P2_dev_run1,9,shoulder,1,4,0.075,0.1,0.02500000000000001,0.01272840377541495
P2_dev_run1,9,shoulder,1,5,0.1,0.15,0.04999999999999999,0.011057068858844889
P2_dev_run1,9,shoulder,1,6,0.15,0.2,0.05000000000000002,0.008838567564720953
P2_dev_run1,9,shoulder,1,7,0.2,0.3,0.09999999999999998,0.0055343790596415485
P2_dev_run1,9,shoulder,1,8,0.3,0.5,0.2,-0.0009933825690354448
P2_dev_run1,9,shoulder,2,0,0.0,0.01,0.01,0.01578279033318808
P2_dev_run1,9,shoulder,2,1,0.01,0.025,0.015000000000000001,0.015222041028418546
P2_dev_run1,9,shoulder,2,2,0.025,0.05,0.025,0.014326463053715988
P2_dev_run1,9,shoulder,2,3,0.05,0.075,0.024999999999999994,0.013209613145869218
P2_dev_run1,9,shoulder,2,4,0.075,0.1,0.02500000000000001,0.01209577354170099
P2_dev_run1,9,shoulder,2,5,0.1,0.15,0.04999999999999999,0.010430991593484986
P2_dev_run1,9,shoulder,2,6,0.15,0.2,0.05000000000000002,0.00822115888279545
P2_dev_run1,9,shoulder,2,7,0.2,0.3,0.09999999999999998,0.004929811235367122
P2_dev_run1,9,shoulder,2,8,0.3,0.5,0.2,-0.0015728181740316816
P2_dev_run1,9,shoulder,3,0,0.0,0.01,0.01,0.015437966670983627
P2_dev_run1,9,shoulder,3,1,0.01,0.025,0.015000000000000001,0.014878402151702328
P2_dev_run1,9,shoulder,3,2,0.025,0.05,0.025,0.013984713762158485
P2_dev_run1,9,shoulder,3,3,0.05,0.075,0.024999999999999994,0.012870216070965949
P2_dev_run1,9,shoulder,3,4,0.075,0.1,0.02500000000000001,0.011758717485855216
P2_dev_run1,9,shoulder,3,5,0.1,0.15,0.04999999999999999,0.010097424899016829
P2_dev_run1,9,shoulder,3,6,0.15,0.2,0.05000000000000002,0.007892208165350686
P2_dev_run1,9,shoulder,3,7,0.2,0.3,0.09999999999999998,0.0046076984027911
P2_dev_run1,9,shoulder,3,8,0.3,0.5,0.2,-0.0018815472209520595
P2_dev_run1,9,shoulder,4,0,0.0,0.01,0.01,0.015291815631003625
P2_dev_run1,9,shoulder,4,1,0.01,0.025,0.015000000000000001,0.01473275311587585
P2_dev_run1,9,shoulder,4,2,0.025,0.05,0.025,0.01383986538519344
P2_dev_run1,9,shoulder,4,3,0.05,0.075,0.024999999999999994,0.012726364382123493
P2_dev_run1,9,shoulder,4,4,0.075,0.1,0.02500000000000001,0.0116158577436376
P2_dev_run1,9,shoulder,4,5,0.1,0.15,0.04999999999999999,0.009956043696752738
P2_dev_run1,9,shoulder,4,6,0.15,0.2,0.05000000000000002,0.00775278290145037
P2_dev_run1,9,shoulder,4,7,0.2,0.3,0.09999999999999998,0.004471170604114367
P2_dev_run1,9,shoulder,4,8,0.3,0.5,0.2,-0.0020124036760810204
P2_dev_run1,9,shoulder,5,0,0.0,0.01,0.01,0.015417892660356258
P2_dev_run1,9,shoulder,5,1,0.01,0.025,0.015000000000000001,0.014858397096830418
P2_dev_run1,9,shoulder,5,2,0.025,0.05,0.025,0.013964818686725833
P2_dev_run1,9,shoulder,5,3,0.05,0.075,0.024999999999999994,0.012850457902635063
P2_dev_run1,9,shoulder,5,4,0.075,0.1,0.02500000000000001,0.011739095572115273
P2_dev_run1,9,shoulder,5,5,0.1,0.15,0.04999999999999999,0.010078006076655323
P2_dev_run1,9,shoulder,5,6,0.15,0.2,0.05000000000000002,0.00787305801440041
P2_dev_run1,9,shoulder,5,7,0.2,0.3,0.09999999999999998,0.004588946246122939
P2_dev_run1,9,shoulder,5,8,0.3,0.5,0.2,-0.0018995203673383837
P2_dev_run1,9,shoulder,6,0,0.0,0.01,0.01,0.015898025324530274
P2_dev_run1,9,shoulder,6,1,0.01,0.025,0.015000000000000001,0.015336879986455053
P2_dev_run1,9,shoulder,6,2,0.025,0.05,0.025,0.01444067035865082
P2_dev_run1,9,shoulder,6,3,0.05,0.075,0.024999999999999994,0.013323034172725293
P2_dev_run1,9,shoulder,6,4,0.075,0.1,0.02500000000000001,0.012208412024615752
P2_dev_run1,9,shoulder,6,5,0.1,0.15,0.04999999999999999,0.010542463688414385
P2_dev_run1,9,shoulder,6,6,0.15,0.2,0.05000000000000002,0.008331088005861239
P2_dev_run1,9,shoulder,6,7,0.2,0.3,0.09999999999999998,0.005037454705568851
P2_dev_run1,9,shoulder,6,8,0.3,0.5,0.2,-0.0014696483149071599
P2_dev_run1,9,shoulder,7,0,0.0,0.01,0.01,0.016839796158114873
P2_dev_run1,9,shoulder,7,1,0.01,0.025,0.015000000000000001,0.016275412072775754
P2_dev_run1,9,shoulder,7,2,0.025,0.05,0.025,0.015374037057420131
P2_dev_run1,9,shoulder,7,3,0.05,0.075,0.024999999999999994,0.014249970934560045
P2_dev_run1,9,shoulder,7,4,0.075,0.1,0.02500000000000001,0.013128949563677156
P2_dev_run1,9,shoulder,7,5,0.1,0.15,0.04999999999999999,0.011453463190028436
P2_dev_run1,9,shoulder,7,6,0.15,0.2,0.05000000000000002,0.00922947024101006
P2_dev_run1,9,shoulder,7,7,0.2,0.3,0.09999999999999998,0.0059171471400931725
P2_dev_run1,9,shoulder,7,8,0.3,0.5,0.2,-0.0006265347805670118
P2_dev_run1,9,shoulder,8,0,0.0,0.01,0.01,0.018039032500369312
P2_dev_run1,9,shoulder,8,1,0.01,0.025,0.015000000000000001,0.017470518974392148
P2_dev_run1,9,shoulder,8,2,0.025,0.05,0.025,0.016562558111007375
P2_dev_run1,9,shoulder,8,3,0.05,0.075,0.024999999999999994,0.01543029401974039
P2_dev_run1,9,shoulder,8,4,0.075,0.1,0.02500000000000001,0.014301114017890021
P2_dev_run1,9,shoulder,8,5,0.1,0.15,0.04999999999999999,0.012613467594895237
P2_dev_run1,9,shoulder,8,6,0.15,0.2,0.05000000000000002,0.010373389491730164
P2_dev_run1,9,shoulder,8,7,0.2,0.3,0.09999999999999998,0.00703724106719761
P2_dev_run1,9,shoulder,8,8,0.3,0.5,0.2,0.0004469339648466991
P2_dev_run1,9,shoulder,9,0,0.0,0.01,0.01,0.019167521110838304
P2_dev_run1,9,shoulder,9,1,0.01,0.025,0.015000000000000001,0.01859511632137656
P2_dev_run1,9,shoulder,9,2,0.025,0.05,0.025,0.017680949579175764
P2_dev_run1,9,shoulder,9,3,0.05,0.075,0.024999999999999994,0.016540960672352115
P2_dev_run1,9,shoulder,9,4,0.075,0.1,0.02500000000000001,0.015404093107273526
P2_dev_run1,9,shoulder,9,5,0.1,0.15,0.04999999999999999,0.013704989122954318
P2_dev_run1,9,shoulder,9,6,0.15,0.2,0.05000000000000002,0.011449755727450658
P2_dev_run1,9,shoulder,9,7,0.2,0.3,0.09999999999999998,0.008091160746182548
P2_dev_run1,9,shoulder,9,8,0.3,0.5,0.2,0.001456931510461501
P2_dev_run1,9,shoulder,10,0,0.0,0.01,0.01,0.019206373791490206
P2_dev_run1,9,shoulder,10,1,0.01,0.025,0.015000000000000001,0.018633834941890005
P2_dev_run1,9,shoulder,10,2,0.025,0.05,0.025,0.01771945438176714
P2_dev_run1,9,shoulder,10,3,0.05,0.075,0.024999999999999994,0.01657919934046737
P2_dev_run1,9,shoulder,10,4,0.075,0.1,0.02500000000000001,0.015442066921473869
P2_dev_run1,9,shoulder,10,5,0.1,0.15,0.04999999999999999,0.013742568208272857
P2_dev_run1,9,shoulder,10,6,0.15,0.2,0.05000000000000002,0.011486812700274292
P2_dev_run1,9,shoulder,10,7,0.2,0.3,0.09999999999999998,0.008127444443795652
P2_dev_run1,9,shoulder,10,8,0.3,0.5,0.2,0.0014917021894356175
P2_dev_run1,9,shoulder,11,0,0.0,0.01,0.01,0.01886622363211493
P2_dev_run1,9,shoulder,11,1,0.01,0.025,0.015000000000000001,0.018294858284876682
P2_dev_run1,9,shoulder,11,2,0.025,0.05,0.025,0.017382349281740983
P2_dev_run1,9,shoulder,11,3,0.05,0.075,0.024999999999999994,0.016244423836226377
P2_dev_run1,9,shoulder,11,4,0.075,0.1,0.02500000000000001,0.01510960976497388
P2_dev_run1,9,shoulder,11,5,0.1,0.15,0.04999999999999999,0.01341356627563656
P2_dev_run1,9,shoulder,11,6,0.15,0.2,0.05000000000000002,0.011162381037025656
P2_dev_run1,9,shoulder,11,7,0.2,0.3,0.09999999999999998,0.007809781658569272
P2_dev_run1,9,shoulder,11,8,0.3,0.5,0.2,0.0011872838145060571
P2_dev_run1,9,shoulder,12,0,0.0,0.01,0.01,0.01825474530973703
P2_dev_run1,9,shoulder,12,1,0.01,0.025,0.015000000000000001,0.01768548836118729
P2_dev_run1,9,shoulder,12,2,0.025,0.05,0.025,0.01677634187651711
P2_dev_run1,9,shoulder,12,3,0.05,0.075,0.024999999999999994,0.015642601958027472
P2_dev_run1,9,shoulder,12,4,0.075,0.1,0.02500000000000001,0.014511953233077296
P2_dev_run1,9,shoulder,12,5,0.1,0.15,0.04999999999999999,0.012822117793748759
P2_dev_run1,9,shoulder,12,6,0.15,0.2,0.05000000000000002,0.010579144158804617
P2_dev_run1,9,shoulder,12,7,0.2,0.3,0.09999999999999998,0.007238707044753963
P2_dev_run1,9,shoulder,12,8,0.3,0.5,0.2,0.0006400077153823763
P2_dev_run1,9,shoulder,13,0,0.0,0.01,0.01,0.017394934920203498
P2_dev_run1,9,shoulder,13,1,0.01,0.025,0.015000000000000001,0.01682864001584794
P2_dev_run1,9,shoulder,13,2,0.025,0.05,0.025,0.015924217502623073
P2_dev_run1,9,shoulder,13,3,0.05,0.075,0.024999999999999994,0.014796357879947045
P2_dev_run1,9,shoulder,13,4,0.075,0.1,0.02500000000000001,0.01367156118141088
P2_dev_run1,9,shoulder,13,5,0.1,0.15,0.04999999999999999,0.011990447820291742
P2_dev_run1,9,shoulder,13,6,0.15,0.2,0.05000000000000002,0.009759011474698428
P2_dev_run1,9,shoulder,13,7,0.2,0.3,0.09999999999999998,0.006435663021573253
P2_dev_run1,9,shoulder,13,8,0.3,0.5,0.2,-0.00012959572105522565
P2_dev_run1,9,shoulder,14,0,0.0,0.01,0.01,0.018308013032686254
P2_dev_run1,9,shoulder,14,1,0.01,0.025,0.015000000000000001,0.017738572481852212
P2_dev_run1,9,shoulder,14,2,0.025,0.05,0.025,0.016829133174741107
P2_dev_run1,9,shoulder,14,3,0.05,0.075,0.024999999999999994,0.015695028763396127
P2_dev_run1,9,shoulder,14,4,0.075,0.1,0.02500000000000001,0.014564017296234128
P2_dev_run1,9,shoulder,14,5,0.1,0.15,0.04999999999999999,0.012873641224730174
P2_dev_run1,9,shoulder,14,6,0.15,0.2,0.05000000000000002,0.010629952470690426
P2_dev_run1,9,shoulder,14,7,0.2,0.3,0.09999999999999998,0.007288456166557879
P2_dev_run1,9,shoulder,14,8,0.3,0.5,0.2,0.0006876842171690128
P2_dev_run1,9,shoulder,15,0,0.0,0.01,0.01,0.018851333545927274
P2_dev_run1,9,shoulder,15,1,0.01,0.025,0.015000000000000001,0.018280019568283252
P2_dev_run1,9,shoulder,15,2,0.025,0.05,0.025,0.017367592467834037
P2_dev_run1,9,shoulder,15,3,0.05,0.075,0.024999999999999994,0.01622976898250195
P2_dev_run1,9,shoulder,15,4,0.075,0.1,0.02500000000000001,0.015095056371741128
P2_dev_run1,9,shoulder,15,5,0.1,0.15,0.04999999999999999,0.013399164107823495
P2_dev_run1,9,shoulder,15,6,0.15,0.2,0.05000000000000002,0.011148178895263035
P2_dev_run1,9,shoulder,15,7,0.2,0.3,0.09999999999999998,0.007795875769683743
P2_dev_run1,9,shoulder,15,8,0.3,0.5,0.2,0.00117395760336432
P2_dev_run1,9,shoulder,16,0,0.0,0.01,0.01,0.019367937664098445
P2_dev_run1,9,shoulder,16,1,0.01,0.025,0.015000000000000001,0.018794841230856025
P2_dev_run1,9,shoulder,16,2,0.025,0.05,0.025,0.017879571473096156
P2_dev_run1,9,shoulder,16,3,0.05,0.075,0.024999999999999994,0.016738209591419254
P2_dev_run1,9,shoulder,16,4,0.075,0.1,0.02500000000000001,0.015599975693464935
P2_dev_run1,9,shoulder,16,5,0.1,0.15,0.04999999999999999,0.01389883536252912
P2_dev_run1,9,shoulder,16,6,0.15,0.2,0.05000000000000002,0.011640908484475961
P2_dev_run1,9,shoulder,16,7,0.2,0.3,0.09999999999999998,0.008278324327596067
P2_dev_run1,9,shoulder,16,8,0.3,0.5,0.2,0.0016362897931572473
P2_dev_run1,9,shoulder,17,0,0.0,0.01,0.01,0.02008039077660423
P2_dev_run1,9,shoulder,17,1,0.01,0.025,0.015000000000000001,0.01950483435523472
P2_dev_run1,9,shoulder,17,2,0.025,0.05,0.025,0.01858564137303842
P2_dev_run1,9,shoulder,17,3,0.05,0.075,0.024999999999999994,0.0174393961417918
P2_dev_run1,9,shoulder,17,4,0.075,0.1,0.02500000000000001,0.016296302569475667
P2_dev_run1,9,shoulder,17,5,0.1,0.15,0.04999999999999999,0.014587919589276192
P2_dev_run1,9,shoulder,17,6,0.15,0.2,0.05000000000000002,0.012320413001254412
P2_dev_run1,9,shoulder,17,7,0.2,0.3,0.09999999999999998,0.008943641187628
P2_dev_run1,9,shoulder,17,8,0.3,0.5,0.2,0.002273848014670357
P2_dev_run1,9,shoulder,18,0,0.0,0.01,0.01,0.020288850648264578
P2_dev_run1,9,shoulder,18,1,0.01,0.025,0.015000000000000001,0.019712574030924152
P2_dev_run1,9,shoulder,18,2,0.025,0.05,0.025,0.018792232517497176
P2_dev_run1,9,shoulder,18,3,0.05,0.075,0.024999999999999994,0.017644557674332265
P2_dev_run1,9,shoulder,18,4,0.075,0.1,0.02500000000000001,0.016500041422136118
P2_dev_run1,9,shoulder,18,5,0.1,0.15,0.04999999999999999,0.014789538188860755
P2_dev_run1,9,shoulder,18,6,0.15,0.2,0.05000000000000002,0.012519227223854176
P2_dev_run1,9,shoulder,18,7,0.2,0.3,0.09999999999999998,0.009138302201480987
P2_dev_run1,9,shoulder,18,8,0.3,0.5,0.2,0.0024603834897743426
P2_dev_run1,9,shoulder,19,0,0.0,0.01,0.01,0.02044323192730013
P2_dev_run1,9,shoulder,19,1,0.01,0.025,0.015000000000000001,0.01986642182566315
P2_dev_run1,9,shoulder,19,2,0.025,0.05,0.025,0.01894522955024014
P2_dev_run1,9,shoulder,19,3,0.05,0.075,0.024999999999999994,0.01779649572567599
P2_dev_run1,9,shoulder,19,4,0.075,0.1,0.02500000000000001,0.016650925661111364
P2_dev_run1,9,shoulder,19,5,0.1,0.15,0.04999999999999999,0.014938851880265117
P2_dev_run1,9,shoulder,19,6,0.15,0.2,0.05000000000000002,0.012666463638505428
P2_dev_run1,9,shoulder,19,7,0.2,0.3,0.09999999999999998,0.009282462255088832
P2_dev_run1,9,shoulder,19,8,0.3,0.5,0.2,0.0025985249010038874
P2_dev_run1,9,shoulder,20,0,0.0,0.01,0.01,0.020276753185108354
P2_dev_run1,9,shoulder,20,1,0.01,0.025,0.015000000000000001,0.019700518373431487
P2_dev_run1,9,shoulder,20,2,0.025,0.05,0.025,0.018780243517204642
P2_dev_run1,9,shoulder,20,3,0.05,0.075,0.024999999999999994,0.017632651645789203
P2_dev_run1,9,shoulder,20,4,0.075,0.1,0.02500000000000001,0.01648821797059829
P2_dev_run1,9,shoulder,20,5,0.1,0.15,0.04999999999999999,0.014777837791500329
P2_dev_run1,9,shoulder,20,6,0.15,0.2,0.05000000000000002,0.012507689588945877
P2_dev_run1,9,shoulder,20,7,0.2,0.3,0.09999999999999998,0.009127005612948326
P2_dev_run1,9,shoulder,20,8,0.3,0.5,0.2,0.0024495584899843215
P2_dev_run1,9,shoulder,21,0,0.0,0.01,0.01,0.01964384890272286
P2_dev_run1,9,shoulder,21,1,0.01,0.025,0.015000000000000001,0.019069800052438447
P2_dev_run1,9,shoulder,21,2,0.025,0.05,0.025,0.018153011341713876
P2_dev_run1,9,shoulder,21,3,0.05,0.075,0.024999999999999994,0.017009758771104336
P2_dev_run1,9,shoulder,21,4,0.075,0.1,0.02500000000000001,0.015869643344744715
P2_dev_run1,9,shoulder,21,5,0.1,0.15,0.04999999999999999,0.014165698846821121
P2_dev_run1,9,shoulder,21,6,0.15,0.2,0.05000000000000002,0.011904062922792332
P2_dev_run1,9,shoulder,21,7,0.2,0.3,0.09999999999999998,0.008535985560313155
P2_dev_run1,9,shoulder,21,8,0.3,0.5,0.2,0.0018832031589244985
P2_dev_run1,9,shoulder,22,0,0.0,0.01,0.01,0.01894071027753047
P2_dev_run1,9,shoulder,22,1,0.01,0.025,0.015000000000000001,0.01836908799008885
P2_dev_run1,9,shoulder,22,2,0.025,0.05,0.025,0.017456169215197548
P2_dev_run1,9,shoulder,22,3,0.05,0.075,0.024999999999999994,0.01631773371147838
P2_dev_run1,9,shoulder,22,4,0.075,0.1,0.02500000000000001,0.0151824120400551
P2_dev_run1,9,shoulder,22,5,0.1,0.15,0.04999999999999999,0.013485612034036257
P2_dev_run1,9,shoulder,22,6,0.15,0.2,0.05000000000000002,0.011233426134965304
P2_dev_run1,9,shoulder,22,7,0.2,0.3,0.09999999999999998,0.00787934469847887
P2_dev_run1,9,shoulder,22,8,0.3,0.5,0.2,0.0012539469323977898
P2_dev_run1,9,shoulder,23,0,0.0,0.01,0.01,0.018476898938996067
P2_dev_run1,9,shoulder,23,1,0.01,0.025,0.015000000000000001,0.017906876171997856
P2_dev_run1,9,shoulder,23,2,0.025,0.05,0.025,0.016996508344384043
P2_dev_run1,9,shoulder,23,3,0.05,0.075,0.024999999999999994,0.015861248152531097
P2_dev_run1,9,shoulder,23,4,0.075,0.1,0.02500000000000001,0.01472908646469095
P2_dev_run1,9,shoulder,23,5,0.1,0.15,0.04999999999999999,0.013036996099155266
P2_dev_run1,9,shoulder,23,6,0.15,0.2,0.05000000000000002,0.010791039769088847
P2_dev_run1,9,shoulder,23,7,0.2,0.3,0.09999999999999998,0.0074461849187708335
P2_dev_run1,9,shoulder,23,8,0.3,0.5,0.2,0.0008388410218163056
P3_dev_run0,1,summer,0,0,0.0,0.5,0.5,0.017067104438771852
P3_dev_run0,1,summer,1,0,0.0,0.5,0.5,0.014967308152346953
P3_dev_run0,1,summer,2,0,0.0,0.5,0.5,0.01407904661637216
P3_dev_run0,1,summer,3,0,0.0,0.5,0.5,0.013539565392018837
P3_dev_run0,1,summer,4,0,0.0,0.5,0.5,0.013217815229426555
P3_dev_run0,1,summer,5,0,0.0,0.5,0.5,0.013194631889073022
P3_dev_run0,1,summer,6,0,0.0,0.5,0.5,0.013532925801262058
P3_dev_run0,1,summer,7,0,0.0,0.5,0.5,0.014624561169200467
P3_dev_run0,1,summer,8,0,0.0,0.5,0.5,0.01637636094994807
P3_dev_run0,1,summer,9,0,0.0,0.5,0.5,0.01868414363509746
P3_dev_run0,1,summer,10,0,0.0,0.5,0.5,0.01999695817605429
P3_dev_run0,1,summer,11,0,0.0,0.5,0.5,0.020413252425338757
P3_dev_run0,1,summer,12,0,0.0,0.5,0.5,0.020240190042517148
P3_dev_run0,1,summer,13,0,0.0,0.5,0.5,0.019561145796261448
P3_dev_run0,1,summer,14,0,0.0,0.5,0.5,0.020668020420098465
P3_dev_run0,1,summer,15,0,0.0,0.5,0.5,0.0212397996785339
P3_dev_run0,1,summer,16,0,0.0,0.5,0.5,0.021553551702899076
P3_dev_run0,1,summer,17,0,0.0,0.5,0.5,0.02210830498229449
P3_dev_run0,1,summer,18,0,0.0,0.5,0.5,0.02205449168927398
P3_dev_run0,1,summer,19,0,0.0,0.5,0.5,0.021871747625494764
P3_dev_run0,1,summer,20,0,0.0,0.5,0.5,0.021646410097979574
P3_dev_run0,1,summer,21,0,0.0,0.5,0.5,0.02080980225050033
P3_dev_run0,1,summer,22,0,0.0,0.5,0.5,0.019427931613845484
P3_dev_run0,1,summer,23,0,0.0,0.5,0.5,0.018194479354704862
P3_dev_run0,1,winter,0,0,0.0,0.5,0.5,0.018211802416896017
P3_dev_run0,1,winter,1,0,0.0,0.5,0.5,0.01642409270690448
P3_dev_run0,1,winter,2,0,0.0,0.5,0.5,0.015554477775050035
P3_dev_run0,1,winter,3,0,0.0,0.5,0.5,0.015058213557772149
P3_dev_run0,1,winter,4,0,0.0,0.5,0.5,0.014856298496860598
P3_dev_run0,1,winter,5,0,0.0,0.5,0.5,0.015041370552056843
P3_dev_run0,1,winter,6,0,0.0,0.5,0.5,0.01569668308039282
P3_dev_run0,1,winter,7,0,0.0,0.5,0.5,0.01709798059030801
P3_dev_run0,1,winter,8,0,0.0,0.5,0.5,0.01932287642724917
P3_dev_run0,1,winter,9,0,0.0,0.5,0.5,0.02199355280967996
P3_dev_run0,1,winter,10,0,0.0,0.5,0.5,0.02218367417467082
P3_dev_run0,1,winter,11,0,0.0,0.5,0.5,0.021464323530530405
P3_dev_run0,1,winter,12,0,0.0,0.5,0.5,0.02037437593344088
P3_dev_run0,1,winter,13,0,0.0,0.5,0.5,0.018774667408575807
P3_dev_run0,1,winter,14,0,0.0,0.5,0.5,0.019708573798522033
P3_dev_run0,1,winter,15,0,0.0,0.5,0.5,0.02020491282422776
P3_dev_run0,1,winter,16,0,0.0,0.5,0.5,0.02072825807073253
P3_dev_run0,1,winter,17,0,0.0,0.5,0.5,0.021507147188232323
P3_dev_run0,1,winter,18,0,0.0,0.5,0.5,0.02149286393708877
P3_dev_run0,1,winter,19,0,0.0,0.5,0.5,0.02107257679717528
P3_dev_run0,1,winter,20,0,0.0,0.5,0.5,0.020395576129533577
P3_dev_run0,1,winter,21,0,0.0,0.5,0.5,0.019473486726516
P3_dev_run0,1,winter,22,0,0.0,0.5,0.5,0.01852763126216095
P3_dev_run0,1,winter,23,0,0.0,0.5,0.5,0.018218735504558464
P3_dev_run0,1,shoulder,0,0,0.0,0.5,0.5,0.01520314726224975
P3_dev_run0,1,shoulder,1,0,0.0,0.5,0.5,0.013400136178901595
P3_dev_run0,1,shoulder,2,0,0.0,0.5,0.5,0.01265950519017478
P3_dev_run0,1,shoulder,3,0,0.0,0.5,0.5,0.01226480604763755
P3_dev_run0,1,shoulder,4,0,0.0,0.5,0.5,0.012097492863593906
P3_dev_run0,1,shoulder,5,0,0.0,0.5,0.5,0.012241824446161953
P3_dev_run0,1,shoulder,6,0,0.0,0.5,0.5,0.012791394336343104
P3_dev_run0,1,shoulder,7,0,0.0,0.5,0.5,0.013868935085199569
P3_dev_run0,1,shoulder,8,0,0.0,0.5,0.5,0.015240258760521652
P3_dev_run0,1,shoulder,9,0,0.0,0.5,0.5,0.016529866670502213
P3_dev_run0,1,shoulder,10,0,0.0,0.5,0.5,0.0165742453380108
P3_dev_run0,1,shoulder,11,0,0.0,0.5,0.5,0.016185623654825232
P3_dev_run0,1,shoulder,12,0,0.0,0.5,0.5,0.015486826817864618
P3_dev_run0,1,shoulder,13,0,0.0,0.5,0.5,0.014503842846104342
P3_dev_run0,1,shoulder,14,0,0.0,0.5,0.5,0.015547714541582464
P3_dev_run0,1,shoulder,15,0,0.0,0.5,0.5,0.016168615235335443
P3_dev_run0,1,shoulder,16,0,0.0,0.5,0.5,0.016758815035198354
P3_dev_run0,1,shoulder,17,0,0.0,0.5,0.5,0.017572493683184642
P3_dev_run0,1,shoulder,18,0,0.0,0.5,0.5,0.017810512267615042
P3_dev_run0,1,shoulder,19,0,0.0,0.5,0.5,0.01798676685065498
P3_dev_run0,1,shoulder,20,0,0.0,0.5,0.5,0.017796693660624835
P3_dev_run0,1,shoulder,21,0,0.0,0.5,0.5,0.017073960640132863
P3_dev_run0,1,shoulder,22,0,0.0,0.5,0.5,0.01627073242461302
P3_dev_run0,1,shoulder,23,0,0.0,0.5,0.5,0.01574073045919691
P3_dev_run0,2,summer,0,0,0.0,0.025,0.025,0.023161900321801987
P3_dev_run0,2,summer,0,1,0.025,0.5,0.475,0.016746325708086054
P3_dev_run0,2,summer,1,0,0.0,0.025,0.025,0.0209999202042771
P3_dev_run0,2,summer,1,1,0.025,0.5,0.475,0.014649802254876946
P3_dev_run0,2,summer,2,0,0.0,0.025,0.025,0.020085412263574076
P3_dev_run0,2,summer,2,1,0.025,0.5,0.475,0.013762922108624691
P3_dev_run0,2,summer,3,0,0.0,0.025,0.025,0.019529999880686932
P3_dev_run0,2,summer,3,1,0.025,0.5,0.475,0.013224279366299465
P3_dev_run0,2,summer,4,0,0.0,0.025,0.025,0.019198751037767248
P3_dev_run0,2,summer,4,1,0.025,0.5,0.475,0.01290302913425073
P3_dev_run0,2,summer,5,0,0.0,0.025,0.025,0.019174864663593083
P3_dev_run0,2,summer,5,1,0.025,0.5,0.475,0.01287988279567723
P3_dev_run0,2,summer,6,0,0.0,0.025,0.025,0.019523240776038175
P3_dev_run0,2,summer,6,1,0.025,0.5,0.475,0.013217646065747527
P3_dev_run0,2,summer,7,0,0.0,0.025,0.025,0.02064709726382563
P3_dev_run0,2,summer,7,1,0.025,0.5,0.475,0.014307585585272828
P3_dev_run0,2,summer,8,0,0.0,0.025,0.025,0.022450698791859347
P3_dev_run0,2,summer,8,1,0.025,0.5,0.475,0.016056658958268532
P3_dev_run0,2,summer,9,0,0.0,0.025,0.025,0.02482690407374033
P3_dev_run0,2,summer,9,1,0.025,0.5,0.475,0.01836084045411626
P3_dev_run0,2,summer,10,0,0.0,0.025,0.025,0.026178733932348264
P3_dev_run0,2,summer,10,1,0.025,0.5,0.475,0.01967160155730198
P3_dev_run0,2,summer,11,0,0.0,0.025,0.025,0.02660741400352551
P3_dev_run0,2,summer,11,1,0.025,0.5,0.475,0.020087243921223664
P3_dev_run0,2,summer,12,0,0.0,0.025,0.025,0.02642906030425274
P3_dev_run0,2,summer,12,1,0.025,0.5,0.475,0.01991446002874159
P3_dev_run0,2,summer,13,0,0.0,0.025,0.025,0.025729863508924256
P3_dev_run0,2,summer,13,1,0.025,0.5,0.475,0.019236476442963404
P3_dev_run0,2,summer,14,0,0.0,0.025,0.025,0.026869765348094266
P3_dev_run0,2,summer,14,1,0.025,0.5,0.475,0.020341612792309213
P3_dev_run0,2,summer,15,0,0.0,0.025,0.025,0.02745857327924428
P3_dev_run0,2,summer,15,1,0.025,0.5,0.475,0.0209124958048123
P3_dev_run0,2,summer,16,0,0.0,0.025,0.025,0.027781674894111763
P3_dev_run0,2,summer,16,1,0.025,0.5,0.475,0.02122575574546683
P3_dev_run0,2,summer,17,0,0.0,0.025,0.025,0.028352968912634946
P3_dev_run0,2,summer,17,1,0.025,0.5,0.475,0.021779638459644996
P3_dev_run0,2,summer,18,0,0.0,0.025,0.025,0.02829738424448225
P3_dev_run0,2,summer,18,1,0.025,0.5,0.475,0.0217259183968946
P3_dev_run0,2,summer,19,0,0.0,0.025,0.025,0.02810920488803159
P3_dev_run0,2,summer,19,1,0.025,0.5,0.475,0.02154346040115072
P3_dev_run0,2,summer,20,0,0.0,0.025,0.025,0.027877154878080956
P3_dev_run0,2,summer,20,1,0.025,0.5,0.475,0.021318476162184765
P3_dev_run0,2,summer,21,0,0.0,0.025,0.025,0.02701567285455453
P3_dev_run0,2,summer,21,1,0.025,0.5,0.475,0.0204831774818659
P3_dev_run0,2,summer,22,0,0.0,0.025,0.025,0.025592721032177135
P3_dev_run0,2,summer,22,1,0.025,0.5,0.475,0.01910346901288066
P3_dev_run0,2,summer,23,0,0.0,0.025,0.025,0.02432263763664788
P3_dev_run0,2,summer,23,1,0.025,0.5,0.475,0.01787194470828681
P3_dev_run0,2,winter,0,0,0.0,0.025,0.025,0.024340397084976484
P3_dev_run0,2,winter,0,1,0.025,0.5,0.475,0.01788924480278652
P3_dev_run0,2,winter,1,0,0.0,0.025,0.025,0.022499791597245244
P3_dev_run0,2,winter,1,1,0.025,0.5,0.475,0.016104319081097072
P3_dev_run0,2,winter,2,0,0.0,0.025,0.025,0.021604427360705225
P3_dev_run0,2,winter,2,1,0.025,0.5,0.475,0.015236059375805026
P3_dev_run0,2,winter,3,0,0.0,0.025,0.025,0.021093475728989897
P3_dev_run0,2,winter,3,1,0.025,0.5,0.475,0.014740568180339636
P3_dev_run0,2,winter,4,0,0.0,0.025,0.025,0.020885576470840994
P3_dev_run0,2,winter,4,1,0.025,0.5,0.475,0.01453896807717742
P3_dev_run0,2,winter,5,0,0.0,0.025,0.025,0.021076084910936488
P3_dev_run0,2,winter,5,1,0.025,0.5,0.475,0.014723754006852652
P3_dev_run0,2,winter,6,0,0.0,0.025,0.025,0.0217509085056522
P3_dev_run0,2,winter,6,1,0.025,0.5,0.475,0.015378039636958116
P3_dev_run0,2,winter,7,0,0.0,0.025,0.025,0.02319369137269156
P3_dev_run0,2,winter,7,1,0.025,0.5,0.475,0.016777153707024664
P3_dev_run0,2,winter,8,0,0.0,0.025,0.025,0.025484610869553892
P3_dev_run0,2,winter,8,1,0.025,0.5,0.475,0.01899857461449629
P3_dev_run0,2,winter,9,0,0.0,0.025,0.025,0.028234794251291717
P3_dev_run0,2,winter,9,1,0.025,0.5,0.475,0.021665066418016184
P3_dev_run0,2,winter,10,0,0.0,0.025,0.025,0.028430586279417636
P3_dev_run0,2,winter,10,1,0.025,0.5,0.475,0.021854889327052568
P3_dev_run0,2,winter,11,0,0.0,0.025,0.025,0.027689681272631272
P3_dev_run0,2,winter,11,1,0.025,0.5,0.475,0.02113667312305141
P3_dev_run0,2,winter,12,0,0.0,0.025,0.025,0.02656729950308856
P3_dev_run0,2,winter,12,1,0.025,0.5,0.475,0.020048432587669952
P3_dev_run0,2,winter,13,0,0.0,0.025,0.025,0.02492005529161956
P3_dev_run0,2,winter,13,1,0.025,0.5,0.475,0.01845122594104719
P3_dev_run0,2,winter,14,0,0.0,0.025,0.025,0.025881773348609416
P3_dev_run0,2,winter,14,1,0.025,0.5,0.475,0.019383668559043752
P3_dev_run0,2,winter,15,0,0.0,0.025,0.025,0.02639287491652542
P3_dev_run0,2,winter,15,1,0.025,0.5,0.475,0.019879230608843675
P3_dev_run0,2,winter,16,0,0.0,0.025,0.025,0.026931796384049855
P3_dev_run0,2,winter,16,1,0.025,0.5,0.475,0.020401756054242146
P3_dev_run0,2,winter,17,0,0.0,0.025,0.025,0.027733887316065964
P3_dev_run0,2,winter,17,1,0.025,0.5,0.475,0.021179424023609502
P3_dev_run0,2,winter,18,0,0.0,0.025,0.025,0.027719012127032094
P3_dev_run0,2,winter,18,1,0.025,0.5,0.475,0.021165171927091754
P3_dev_run0,2,winter,19,0,0.0,0.025,0.025,0.027286243256620102
P3_dev_run0,2,winter,19,1,0.025,0.5,0.475,0.020745541720362394
P3_dev_run0,2,winter,20,0,0.0,0.025,0.025,0.026589108418328955
P3_dev_run0,2,winter,20,1,0.025,0.5,0.475,0.02006960074591277
P3_dev_run0,2,winter,21,0,0.0,0.025,0.025,0.025639612619243746
P3_dev_run0,2,winter,21,1,0.025,0.5,0.475,0.019148953784793487
P3_dev_run0,2,winter,22,0,0.0,0.025,0.025,0.024665665292473715
P3_dev_run0,2,winter,22,1,0.025,0.5,0.475,0.01820457683951291
P3_dev_run0,2,winter,23,0,0.0,0.025,0.025,0.024347563815364515
P3_dev_run0,2,winter,23,1,0.025,0.5,0.475,0.01789616559346341
P3_dev_run0,2,shoulder,0,0,0.0,0.025,0.025,0.02124269078476959
P3_dev_run0,2,shoulder,0,1,0.025,0.5,0.475,0.01488527655053818
P3_dev_run0,2,shoulder,1,0,0.0,0.025,0.025,0.01938649104083645
P3_dev_run0,2,shoulder,1,1,0.025,0.5,0.475,0.013085064870378709
P3_dev_run0,2,shoulder,2,0,0.0,0.025,0.025,0.01862400939303177
P3_dev_run0,2,shoulder,2,1,0.025,0.5,0.475,0.012345583916340202
P3_dev_run0,2,shoulder,3,0,0.0,0.025,0.025,0.01821766995912577
P3_dev_run0,2,shoulder,3,1,0.025,0.5,0.475,0.011951497420717118
P3_dev_run0,2,shoulder,4,0,0.0,0.025,0.025,0.018045418154535864
P3_dev_run0,2,shoulder,4,1,0.025,0.5,0.475,0.011784444164070646
P3_dev_run0,2,shoulder,5,0,0.0,0.025,0.025,0.018193976964210323
P3_dev_run0,2,shoulder,5,1,0.025,0.5,0.475,0.011928553261001514
P3_dev_run0,2,shoulder,6,0,0.0,0.025,0.025,0.018759847747129577
P3_dev_run0,2,shoulder,6,1,0.025,0.5,0.475,0.012477265209459605
P3_dev_run0,2,shoulder,7,0,0.0,0.025,0.025,0.019869163017069424
P3_dev_run0,2,shoulder,7,1,0.025,0.5,0.475,0.013553133615101156
P3_dev_run0,2,shoulder,8,0,0.0,0.025,0.025,0.021280988021872838
P3_dev_run0,2,shoulder,8,1,0.025,0.5,0.475,0.01492232564150317
P3_dev_run0,2,shoulder,9,0,0.0,0.025,0.025,0.022608749367253322
P3_dev_run0,2,shoulder,9,1,0.025,0.5,0.475,0.016209925475936367
P3_dev_run0,2,shoulder,10,0,0.0,0.025,0.025,0.022654306924217438
P3_dev_run0,2,shoulder,10,1,0.025,0.5,0.475,0.016254242096631507
P3_dev_run0,2,shoulder,11,0,0.0,0.025,0.025,0.022254216458729714
P3_dev_run0,2,shoulder,11,1,0.025,0.5,0.475,0.015866224033567102
P3_dev_run0,2,shoulder,12,0,0.0,0.025,0.025,0.02153476832042145
P3_dev_run0,2,shoulder,12,1,0.025,0.5,0.475,0.015168514107203733
P3_dev_run0,2,shoulder,13,0,0.0,0.025,0.025,0.020522752155621715
P3_dev_run0,2,shoulder,13,1,0.025,0.5,0.475,0.01418705814560343
P3_dev_run0,2,shoulder,14,0,0.0,0.025,0.025,0.02159753419002708
P3_dev_run0,2,shoulder,14,1,0.025,0.5,0.475,0.015229302981138011
P3_dev_run0,2,shoulder,15,0,0.0,0.025,0.025,0.022236803772061053
P3_dev_run0,2,shoulder,15,1,0.025,0.5,0.475,0.015849236891297254
P3_dev_run0,2,shoulder,16,0,0.0,0.025,0.025,0.022844477911593275
P3_dev_run0,2,shoulder,16,1,0.025,0.5,0.475,0.016438516989072307
P3_dev_run0,2,shoulder,17,0,0.0,0.025,0.025,0.023682269538247147
P3_dev_run0,2,shoulder,17,1,0.025,0.5,0.475,0.017250926532918195
P3_dev_run0,2,shoulder,18,0,0.0,0.025,0.025,0.02392734652056583
P3_dev_run0,2,shoulder,18,1,0.025,0.5,0.475,0.017488573622722894
P3_dev_run0,2,shoulder,19,0,0.0,0.025,0.025,0.024108829315168112
P3_dev_run0,2,shoulder,19,1,0.025,0.5,0.475,0.017664553036733234
P3_dev_run0,2,shoulder,20,0,0.0,0.025,0.025,0.023912994501000817
P3_dev_run0,2,shoulder,20,1,0.025,0.5,0.475,0.01747478309007873
P3_dev_run0,2,shoulder,21,0,0.0,0.025,0.025,0.023168875777831444
P3_dev_run0,2,shoulder,21,1,0.025,0.5,0.475,0.01675317563288557
P3_dev_run0,2,shoulder,22,0,0.0,0.025,0.025,0.022341867275058047
P3_dev_run0,2,shoulder,22,1,0.025,0.5,0.475,0.015951199011431706
P3_dev_run0,2,shoulder,23,0,0.0,0.025,0.025,0.021796170803948245
P3_dev_run0,2,shoulder,23,1,0.025,0.5,0.475,0.015422023072631052
P3_dev_run0,4,summer,0,0,0.0,0.01,0.01,0.023356217891097597
P3_dev_run0,4,summer,0,1,0.01,0.025,0.015000000000000001,0.02303235527560491
P3_dev_run0,4,summer,0,2,0.025,0.05,0.025,0.02251468589339889
P3_dev_run0,4,summer,0,3,0.05,0.5,0.45,0.01642586125334645
P3_dev_run0,4,summer,1,0,0.0,0.01,0.01,0.02119216082898112
P3_dev_run0,4,summer,1,1,0.01,0.025,0.015000000000000001,0.020871759787807753
P3_dev_run0,4,summer,1,2,0.025,0.05,0.025,0.02035940799171243
P3_dev_run0,4,summer,1,3,0.05,0.5,0.45,0.014332601936163862
P3_dev_run0,4,summer,2,0,0.0,0.01,0.01,0.02027678872463662
P3_dev_run0,4,summer,2,1,0.01,0.025,0.015000000000000001,0.019957827956199048
P3_dev_run0,4,summer,2,2,0.025,0.05,0.025,0.019447721052894273
P3_dev_run0,4,summer,2,3,0.05,0.5,0.45,0.013447099945054157
P3_dev_run0,4,summer,3,0,0.0,0.01,0.01,0.01972084381061806
P3_dev_run0,4,summer,3,1,0.01,0.025,0.015000000000000001,0.019402770594066178
P3_dev_run0,4,summer,3,2,0.025,0.05,0.025,0.01889402579605126
P3_dev_run0,4,summer,3,3,0.05,0.5,0.45,0.012909293453535475
P3_dev_run0,4,summer,4,0,0.0,0.01,0.01,0.019389273629548398
P3_dev_run0,4,summer,4,1,0.01,0.025,0.015000000000000001,0.019071735976579813
P3_dev_run0,4,summer,4,2,0.025,0.05,0.025,0.018563803082161656
P3_dev_run0,4,summer,4,3,0.05,0.5,0.45,0.012588541692700121
P3_dev_run0,4,summer,5,0,0.0,0.01,0.01,0.01936533442211813
P3_dev_run0,4,summer,5,1,0.01,0.025,0.015000000000000001,0.019047884824576384
P3_dev_run0,4,summer,5,2,0.025,0.05,0.025,0.01854001041133979
P3_dev_run0,4,summer,5,3,0.05,0.5,0.45,0.012565431261473753
P3_dev_run0,4,summer,6,0,0.0,0.01,0.01,0.019714199108560038
P3_dev_run0,4,summer,6,1,0.01,0.025,0.015000000000000001,0.0193959352210236
P3_dev_run0,4,summer,6,2,0.025,0.05,0.025,0.018887207189721145
P3_dev_run0,4,summer,6,3,0.05,0.5,0.45,0.01290267044774899
P3_dev_run0,4,summer,7,0,0.0,0.01,0.01,0.020839091467018955
P3_dev_run0,4,summer,7,1,0.01,0.025,0.015000000000000001,0.020519101128363415
P3_dev_run0,4,summer,7,2,0.025,0.05,0.025,0.020007615878859242
P3_dev_run0,4,summer,7,3,0.05,0.5,0.45,0.013990917235629136
P3_dev_run0,4,summer,8,0,0.0,0.01,0.01,0.022644358532018793
P3_dev_run0,4,summer,8,1,0.01,0.025,0.015000000000000001,0.022321592298419714
P3_dev_run0,4,summer,8,2,0.025,0.05,0.025,0.021805673856846175
P3_dev_run0,4,summer,8,3,0.05,0.5,0.45,0.015737269241680882
P3_dev_run0,4,summer,9,0,0.0,0.01,0.01,0.025022764079579707
P3_dev_run0,4,summer,9,1,0.01,0.025,0.015000000000000001,0.024696330736514078
P3_dev_run0,4,summer,9,2,0.025,0.05,0.025,0.024174555914528995
P3_dev_run0,4,summer,9,3,0.05,0.5,0.45,0.018037856261871106
P3_dev_run0,4,summer,10,0,0.0,0.01,0.01,0.02637584870709142
P3_dev_run0,4,summer,10,1,0.01,0.025,0.015000000000000001,0.02604732408251949
P3_dev_run0,4,summer,10,2,0.025,0.05,0.025,0.02552220947115269
P3_dev_run0,4,summer,10,3,0.05,0.5,0.45,0.01934656778431027
P3_dev_run0,4,summer,11,0,0.0,0.01,0.01,0.026804927146953372
P3_dev_run0,4,summer,11,1,0.01,0.025,0.015000000000000001,0.0264757385745736
P3_dev_run0,4,summer,11,2,0.025,0.05,0.025,0.025949563655078833
P3_dev_run0,4,summer,11,3,0.05,0.5,0.45,0.019761559491565044
P3_dev_run0,4,summer,12,0,0.0,0.01,0.01,0.026626184139946774
P3_dev_run0,4,summer,12,1,0.01,0.025,0.015000000000000001,0.026297644413790046
P3_dev_run0,4,summer,12,2,0.025,0.05,0.025,0.025771910347904825
P3_dev_run0,4,summer,12,3,0.05,0.5,0.45,0.01958904612212141
P3_dev_run0,4,summer,13,0,0.0,0.01,0.01,0.025926405313336787
P3_dev_run0,4,summer,13,1,0.01,0.025,0.015000000000000001,0.0255988356393159
P3_dev_run0,4,summer,13,2,0.025,0.05,0.025,0.025074830384342883
P3_dev_run0,4,summer,13,3,0.05,0.5,0.45,0.018912123446220102
P3_dev_run0,4,summer,14,0,0.0,0.01,0.01,0.027067522415066825
P3_dev_run0,4,summer,14,1,0.01,0.025,0.015000000000000001,0.02673792730344589
P3_dev_run0,4,summer,14,2,0.025,0.05,0.025,0.02621110319116715
P3_dev_run0,4,summer,14,3,0.05,0.5,0.45,0.02001552999237266
P3_dev_run0,4,summer,15,0,0.0,0.01,0.01,0.02765687807089745
P3_dev_run0,4,summer,15,1,0.01,0.025,0.015000000000000001,0.027326370084808833
P3_dev_run0,4,summer,15,2,0.025,0.05,0.025,0.02679808813495166
P3_dev_run0,4,summer,15,3,0.05,0.5,0.45,0.020585518453137892
P3_dev_run0,4,summer,16,0,0.0,0.01,0.01,0.027980280420952797
P3_dev_run0,4,summer,16,1,0.01,0.025,0.015000000000000001,0.02764927120955107
P3_dev_run0,4,summer,16,2,0.025,0.05,0.025,0.027120188810305645
P3_dev_run0,4,summer,16,3,0.05,0.5,0.45,0.020898287241864672
P3_dev_run0,4,summer,17,0,0.0,0.01,0.01,0.028552106507731545
P3_dev_run0,4,summer,17,1,0.01,0.025,0.015000000000000001,0.028220210515903878
P3_dev_run0,4,summer,17,2,0.025,0.05,0.025,0.02768971196549508
P3_dev_run0,4,summer,17,3,0.05,0.5,0.45,0.02145130104265332
P3_dev_run0,4,summer,18,0,0.0,0.01,0.01,0.02849620718413659
P3_dev_run0,4,summer,18,1,0.01,0.025,0.015000000000000001,0.02816483561804602
P3_dev_run0,4,summer,18,2,0.025,0.05,0.025,0.02763447446199052
P3_dev_run0,4,summer,18,3,0.05,0.5,0.45,0.021397665282167046
P3_dev_run0,4,summer,19,0,0.0,0.01,0.01,0.028307875345734423
P3_dev_run0,4,summer,19,1,0.01,0.025,0.015000000000000001,0.0279767579162297
P3_dev_run0,4,summer,19,2,0.025,0.05,0.025,0.02744686335453994
P3_dev_run0,4,summer,19,3,0.05,0.5,0.45,0.021215493570406873
P3_dev_run0,4,summer,20,0,0.0,0.01,0.01,0.028075618137257674
P3_dev_run0,4,summer,20,1,0.01,0.025,0.015000000000000001,0.027744846038629808
P3_dev_run0,4,summer,20,2,0.025,0.05,0.025,0.027215526652759614
P3_dev_run0,4,summer,20,3,0.05,0.5,0.45,0.020990862246041717
P3_dev_run0,4,summer,21,0,0.0,0.01,0.01,0.027213414423837845
P3_dev_run0,4,summer,21,1,0.01,0.025,0.015000000000000001,0.026883845141698982
P3_dev_run0,4,summer,21,2,0.025,0.05,0.025,0.02635665963277245
P3_dev_run0,4,summer,21,3,0.05,0.5,0.45,0.020156872917926647
P3_dev_run0,4,summer,22,0,0.0,0.01,0.01,0.025789185259977865
P3_dev_run0,4,summer,22,1,0.01,0.025,0.015000000000000001,0.02546174488030998
P3_dev_run0,4,summer,22,2,0.025,0.05,0.025,0.024938078603564673
P3_dev_run0,4,summer,22,3,0.05,0.5,0.45,0.018779324035620437
P3_dev_run0,4,summer,23,0,0.0,0.01,0.01,0.02451792414919496
P3_dev_run0,4,summer,23,1,0.01,0.025,0.015000000000000001,0.02419244662828316
P3_dev_run0,4,summer,23,2,0.025,0.05,0.025,0.023671915948962896
P3_dev_run0,4,summer,23,3,0.05,0.5,0.45,0.017549724083804803
P3_dev_run0,4,winter,0,0,0.0,0.01,0.01,0.024535577301121325
P3_dev_run0,4,winter,0,1,0.01,0.025,0.015000000000000001,0.024210276940879922
P3_dev_run0,4,winter,0,2,0.025,0.05,0.025,0.023689702246334488
P3_dev_run0,4,winter,0,3,0.05,0.5,0.45,0.017566997167033853
P3_dev_run0,4,winter,1,0,0.0,0.01,0.01,0.02269341446376888
P3_dev_run0,4,winter,1,1,0.01,0.025,0.015000000000000001,0.022370709686229485
P3_dev_run0,4,winter,1,2,0.025,0.05,0.025,0.021854670297969392
P3_dev_run0,4,winter,1,3,0.05,0.5,0.45,0.015784855124604164
P3_dev_run0,4,winter,2,0,0.0,0.01,0.01,0.02179719438685085
P3_dev_run0,4,winter,2,1,0.01,0.025,0.015000000000000001,0.021475916009941476
P3_dev_run0,4,winter,2,2,0.025,0.05,0.025,0.020962078772570614
P3_dev_run0,4,winter,2,3,0.05,0.5,0.45,0.014917947187095826
P3_dev_run0,4,winter,3,0,0.0,0.01,0.01,0.021285745306449944
P3_dev_run0,4,winter,3,1,0.01,0.025,0.015000000000000001,0.0209652960106832
P3_dev_run0,4,winter,3,2,0.025,0.05,0.025,0.020452714312718667
P3_dev_run0,4,winter,3,3,0.05,0.5,0.45,0.0144232267285408
P3_dev_run0,4,winter,4,0,0.0,0.01,0.01,0.021077626311244435
P3_dev_run0,4,winter,4,1,0.01,0.025,0.015000000000000001,0.020757543243905364
P3_dev_run0,4,winter,4,2,0.025,0.05,0.025,0.020245472139642784
P3_dev_run0,4,winter,4,3,0.05,0.5,0.45,0.014221940073707121
P3_dev_run0,4,winter,5,0,0.0,0.01,0.01,0.021268259333982742
P3_dev_run0,4,winter,5,1,0.01,0.025,0.015000000000000001,0.02094796862890565
P3_dev_run0,4,winter,5,2,0.025,0.05,0.025,0.02043542951384647
P3_dev_run0,4,winter,5,3,0.05,0.5,0.45,0.01440643870090855
P3_dev_run0,4,winter,6,0,0.0,0.01,0.01,0.021943921565821534
P3_dev_run0,4,winter,6,1,0.01,0.025,0.015000000000000001,0.021622233132205976
P3_dev_run0,4,winter,6,2,0.025,0.05,0.025,0.021108035975740402
P3_dev_run0,4,winter,6,3,0.05,0.5,0.45,0.015059706507025766
P3_dev_run0,4,winter,7,0,0.0,0.01,0.01,0.023388038361560337
P3_dev_run0,4,winter,7,1,0.01,0.025,0.015000000000000001,0.023064126713445706
P3_dev_run0,4,winter,7,2,0.025,0.05,0.025,0.022546379025120133
P3_dev_run0,4,winter,7,3,0.05,0.5,0.45,0.016456641189352694
P3_dev_run0,4,winter,8,0,0.0,0.01,0.01,0.02568108108367828
P3_dev_run0,4,winter,8,1,0.01,0.025,0.015000000000000001,0.025353630726804296
P3_dev_run0,4,winter,8,2,0.025,0.05,0.025,0.02483023172898613
P3_dev_run0,4,winter,8,3,0.05,0.5,0.45,0.018674593663691296
P3_dev_run0,4,winter,9,0,0.0,0.01,0.01,0.028433821760887046
P3_dev_run0,4,winter,9,1,0.01,0.025,0.015000000000000001,0.02810210924489483
P3_dev_run0,4,winter,9,2,0.025,0.05,0.025,0.0275719037217792
P3_dev_run0,4,winter,9,3,0.05,0.5,0.45,0.02133690879002935
P3_dev_run0,4,winter,10,0,0.0,0.01,0.01,0.028629796192747303
P3_dev_run0,4,winter,10,1,0.01,0.025,0.015000000000000001,0.028297779670531188
P3_dev_run0,4,winter,10,2,0.025,0.05,0.025,0.027767088632506542
P3_dev_run0,4,winter,10,3,0.05,0.5,0.45,0.0215264338100829
P3_dev_run0,4,winter,11,0,0.0,0.01,0.01,0.027888033451262118
P3_dev_run0,4,winter,11,1,0.01,0.025,0.015000000000000001,0.027557446486877375
P3_dev_run0,4,winter,11,2,0.025,0.05,0.025,0.02702859174917638
P3_dev_run0,4,winter,11,3,0.05,0.5,0.45,0.020809344310488913
P3_dev_run0,4,winter,12,0,0.0,0.01,0.01,0.026764647275098752
P3_dev_run0,4,winter,12,1,0.01,0.025,0.015000000000000001,0.02643573432174843
P3_dev_run0,4,winter,12,2,0.025,0.05,0.025,0.025909658443487027
P3_dev_run0,4,winter,12,3,0.05,0.5,0.45,0.019722808929013444
P3_dev_run0,4,winter,13,0,0.0,0.01,0.01,0.025115905805900285
P3_dev_run0,4,winter,13,1,0.01,0.025,0.015000000000000001,0.02478948828209907
P3_dev_run0,4,winter,13,2,0.025,0.05,0.025,0.024267483344526664
P3_dev_run0,4,winter,13,3,0.05,0.5,0.45,0.01812810052974277
P3_dev_run0,4,winter,14,0,0.0,0.01,0.01,0.02607861229602937
P3_dev_run0,4,winter,14,1,0.01,0.025,0.015000000000000001,0.025750547383662777
P3_dev_run0,4,winter,14,2,0.025,0.05,0.025,0.025226166937749595
P3_dev_run0,4,winter,14,3,0.05,0.5,0.45,0.019059085315782313
P3_dev_run0,4,winter,15,0,0.0,0.01,0.01,0.026590188671909987
P3_dev_run0,4,winter,15,1,0.01,0.025,0.015000000000000001,0.02626133241293571
P3_dev_run0,4,winter,15,2,0.025,0.05,0.025,0.02573568822472616
P3_dev_run0,4,winter,15,3,0.05,0.5,0.45,0.019553871852405758
P3_dev_run0,4,winter,16,0,0.0,0.01,0.01,0.02712961112638912
P3_dev_run0,4,winter,16,1,0.01,0.025,0.015000000000000001,0.02679991988915701
P3_dev_run0,4,winter,16,2,0.025,0.05,0.025,0.02627294224580301
P3_dev_run0,4,winter,16,3,0.05,0.5,0.45,0.020075579043599873
P3_dev_run0,4,winter,17,0,0.0,0.01,0.01,0.02793244836117037
P3_dev_run0,4,winter,17,1,0.01,0.025,0.015000000000000001,0.027601513285996356
P3_dev_run0,4,winter,17,2,0.025,0.05,0.025,0.027072549293803982
P3_dev_run0,4,winter,17,3,0.05,0.5,0.45,0.020852028175265363
P3_dev_run0,4,winter,18,0,0.0,0.01,0.01,0.027917296570745265
P3_dev_run0,4,winter,18,1,0.01,0.025,0.015000000000000001,0.02758682249788998
P3_dev_run0,4,winter,18,2,0.025,0.05,0.025,0.027057894922530856
P3_dev_run0,4,winter,18,3,0.05,0.5,0.45,0.020837798427345133
P3_dev_run0,4,winter,19,0,0.0,0.01,0.01,0.02748418919316653
P3_dev_run0,4,winter,19,1,0.01,0.025,0.015000000000000001,0.02715427929892248
P3_dev_run0,4,winter,19,2,0.025,0.05,0.025,0.02662642381003666
P3_dev_run0,4,winter,19,3,0.05,0.5,0.45,0.020418826048713822
P3_dev_run0,4,winter,20,0,0.0,0.01,0.01,0.026786441388276794
P3_dev_run0,4,winter,20,1,0.01,0.025,0.015000000000000001,0.026457553105030392
P3_dev_run0,4,winter,20,2,0.025,0.05,0.025,0.025931423207400384
P3_dev_run0,4,winter,20,3,0.05,0.5,0.45,0.01974394394249679
P3_dev_run0,4,winter,21,0,0.0,0.01,0.01,0.025836092608994
P3_dev_run0,4,winter,21,1,0.01,0.025,0.015000000000000001,0.025508625959410242
P3_dev_run0,4,winter,21,2,0.025,0.05,0.025,0.024984843762951847
P3_dev_run0,4,winter,21,3,0.05,0.5,0.45,0.018824737674895797
P3_dev_run0,4,winter,22,0,0.0,0.01,0.01,0.024861250108329513
P3_dev_run0,4,winter,22,1,0.01,0.025,0.015000000000000001,0.024535275415236514
P3_dev_run0,4,winter,22,2,0.025,0.05,0.025,0.024013898340575768
P3_dev_run0,4,winter,22,3,0.05,0.5,0.45,0.017881836756120525
P3_dev_run0,4,winter,23,0,0.0,0.01,0.01,0.02454279476658272
P3_dev_run0,4,winter,23,1,0.01,0.025,0.015000000000000001,0.02421740984788571
P3_dev_run0,4,winter,23,2,0.025,0.05,0.025,0.023696817544511806
P3_dev_run0,4,winter,23,3,0.05,0.5,0.45,0.017573907151738496
P3_dev_run0,4,shoulder,0,0,0.0,0.01,0.01,0.021435094340779837
P3_dev_run0,4,shoulder,0,1,0.01,0.025,0.015000000000000001,0.021114421747429425
P3_dev_run0,4,shoulder,0,2,0.025,0.05,0.025,0.020601473460210573
P3_dev_run0,4,shoulder,0,3,0.05,0.5,0.45,0.01456771005555638
P3_dev_run0,4,shoulder,1,0,0.0,0.01,0.01,0.019577254322028503
P3_dev_run0,4,shoulder,1,1,0.01,0.025,0.015000000000000001,0.01925931552004175
P3_dev_run0,4,shoulder,1,2,0.025,0.05,0.025,0.01875092260246347
P3_dev_run0,4,shoulder,1,3,0.05,0.5,0.45,0.012770294996373999
P3_dev_run0,4,shoulder,2,0,0.0,0.01,0.01,0.018814040286220524
P3_dev_run0,4,shoulder,2,1,0.01,0.025,0.015000000000000001,0.018497322130905935
P3_dev_run0,4,shoulder,2,2,0.025,0.05,0.025,0.017990797229779365
P3_dev_run0,4,shoulder,2,3,0.05,0.5,0.45,0.01203196095448247
P3_dev_run0,4,shoulder,3,0,0.0,0.01,0.01,0.018407304461012797
P3_dev_run0,4,shoulder,3,1,0.01,0.025,0.015000000000000001,0.018091246957867752
P3_dev_run0,4,shoulder,3,2,0.025,0.05,0.025,0.017585716801442053
P3_dev_run0,4,shoulder,3,3,0.05,0.5,0.45,0.011638485232899065
P3_dev_run0,4,shoulder,4,0,0.0,0.01,0.01,0.018234875093164904
P3_dev_run0,4,shoulder,4,1,0.01,0.025,0.015000000000000001,0.01791911352878317
P3_dev_run0,4,shoulder,4,2,0.025,0.05,0.025,0.017414004885245582
P3_dev_run0,4,shoulder,4,3,0.05,0.5,0.45,0.011471690790672038
P3_dev_run0,4,shoulder,5,0,0.0,0.01,0.01,0.01838353492514544
P3_dev_run0,4,shoulder,5,1,0.01,0.025,0.015000000000000001,0.018067604990253578
P3_dev_run0,4,shoulder,5,2,0.025,0.05,0.025,0.017562132735318148
P3_dev_run0,4,shoulder,5,3,0.05,0.5,0.45,0.011615576623539478
P3_dev_run0,4,shoulder,6,0,0.0,0.01,0.01,0.018950103301214327
P3_dev_run0,4,shoulder,6,1,0.01,0.025,0.015000000000000001,0.018633010711073074
P3_dev_run0,4,shoulder,6,2,0.025,0.05,0.025,0.018126153298949066
P3_dev_run0,4,shoulder,6,3,0.05,0.5,0.45,0.012163438093376857
P3_dev_run0,4,shoulder,7,0,0.0,0.01,0.01,0.02006044002926255
P3_dev_run0,4,shoulder,7,1,0.01,0.025,0.015000000000000001,0.019741645008940673
P3_dev_run0,4,shoulder,7,2,0.025,0.05,0.025,0.01923206872697647
P3_dev_run0,4,shoulder,7,3,0.05,0.5,0.45,0.01323763721999697
P3_dev_run0,4,shoulder,8,0,0.0,0.01,0.01,0.02147356715235388
P3_dev_run0,4,shoulder,8,1,0.01,0.025,0.015000000000000001,0.021152601934885475
P3_dev_run0,4,shoulder,8,2,0.025,0.05,0.025,0.020639559773903415
P3_dev_run0,4,shoulder,8,3,0.05,0.5,0.45,0.014604701523036489
P3_dev_run0,4,shoulder,9,0,0.0,0.01,0.01,0.022802555243693623
P3_dev_run0,4,shoulder,9,1,0.01,0.025,0.015000000000000001,0.022479545449626454
P3_dev_run0,4,shoulder,9,2,0.025,0.05,0.025,0.021963238037364663
P3_dev_run0,4,shoulder,9,3,0.05,0.5,0.45,0.01589029700030146
P3_dev_run0,4,shoulder,10,0,0.0,0.01,0.01,0.022847941250800363
P3_dev_run0,4,shoulder,10,1,0.01,0.025,0.015000000000000001,0.02252521737316215
P3_dev_run0,4,shoulder,10,2,0.025,0.05,0.025,0.022008797473705988
P3_dev_run0,4,shoulder,10,3,0.05,0.5,0.45,0.015934544575682923
P3_dev_run0,4,shoulder,11,0,0.0,0.01,0.01,0.022447537917255622
P3_dev_run0,4,shoulder,11,1,0.01,0.025,0.015000000000000001,0.022125335486379107
P3_dev_run0,4,shoulder,11,2,0.025,0.05,0.025,0.021609900239549784
P3_dev_run0,4,shoulder,11,3,0.05,0.5,0.45,0.015547130911012508
P3_dev_run0,4,shoulder,12,0,0.0,0.01,0.01,0.021727459079563805
P3_dev_run0,4,shoulder,12,1,0.01,0.025,0.015000000000000001,0.021406307814326543
P3_dev_run0,4,shoulder,12,2,0.025,0.05,0.025,0.020892641779311494
P3_dev_run0,4,shoulder,12,3,0.05,0.5,0.45,0.014850507014308857
P3_dev_run0,4,shoulder,13,0,0.0,0.01,0.01,0.020714534646719407
P3_dev_run0,4,shoulder,13,1,0.01,0.025,0.015000000000000001,0.020394897161556586
P3_dev_run0,4,shoulder,13,2,0.025,0.05,0.025,0.019883717004439694
P3_dev_run0,4,shoulder,13,3,0.05,0.5,0.45,0.013870577097890302
P3_dev_run0,4,shoulder,14,0,0.0,0.01,0.01,0.02179040559413814
P3_dev_run0,4,shoulder,14,1,0.01,0.025,0.015000000000000001,0.021468953253953038
P3_dev_run0,4,shoulder,14,2,0.025,0.05,0.025,0.020955133145117988
P3_dev_run0,4,shoulder,14,3,0.05,0.5,0.45,0.014911201305361345
P3_dev_run0,4,shoulder,15,0,0.0,0.01,0.01,0.022430265788585257
P3_dev_run0,4,shoulder,15,1,0.01,0.025,0.015000000000000001,0.022107829094378247
P3_dev_run0,4,shoulder,15,2,0.025,0.05,0.025,0.021592436936981874
P3_dev_run0,4,shoulder,15,3,0.05,0.5,0.45,0.015530170222092552
P3_dev_run0,4,shoulder,16,0,0.0,0.01,0.01,0.023038501802184752
P3_dev_run0,4,shoulder,16,1,0.01,0.025,0.015000000000000001,0.022715128651198953
P3_dev_run0,4,shoulder,16,2,0.025,0.05,0.025,0.022198240941683767
P3_dev_run0,4,shoulder,16,3,0.05,0.5,0.45,0.016118532325038334
P3_dev_run0,4,shoulder,17,0,0.0,0.01,0.01,0.02387706881077367
P3_dev_run0,4,shoulder,17,1,0.01,0.025,0.015000000000000001,0.023552403356562796
P3_dev_run0,4,shoulder,17,2,0.025,0.05,0.025,0.0230334518372749
P3_dev_run0,4,shoulder,17,3,0.05,0.5,0.45,0.0169296751271206
P3_dev_run0,4,shoulder,18,0,0.0,0.01,0.01,0.024122372771553935
P3_dev_run0,4,shoulder,18,1,0.01,0.025,0.015000000000000001,0.02379732901990709
P3_dev_run0,4,shoulder,18,2,0.025,0.05,0.025,0.023277773359478005
P3_dev_run0,4,shoulder,18,3,0.05,0.5,0.45,0.01716695141512539
P3_dev_run0,4,shoulder,19,0,0.0,0.01,0.01,0.02430402368769069
P3_dev_run0,4,shoulder,19,1,0.01,0.025,0.015000000000000001,0.023978699733486392
P3_dev_run0,4,shoulder,19,2,0.025,0.05,0.025,0.02345869656441124
P3_dev_run0,4,shoulder,19,3,0.05,0.5,0.45,0.017342656174084457
P3_dev_run0,4,shoulder,20,0,0.0,0.01,0.01,0.024107812172524667
P3_dev_run0,4,shoulder,20,1,0.01,0.025,0.015000000000000001,0.02378311605331825
P3_dev_run0,4,shoulder,20,2,0.025,0.05,0.025,0.023263595453565378
P3_dev_run0,4,shoulder,20,3,0.05,0.5,0.45,0.01715318240321836
P3_dev_run0,4,shoulder,21,0,0.0,0.01,0.01,0.023363067195278364
P3_dev_run0,4,shoulder,21,1,0.01,0.025,0.015000000000000001,0.02303941483286683
P3_dev_run0,4,shoulder,21,2,0.025,0.05,0.025,0.022521728043377043
P3_dev_run0,4,shoulder,21,3,0.05,0.5,0.45,0.016432700498969374
P3_dev_run0,4,shoulder,22,0,0.0,0.01,0.01,0.022535306041258918
P3_dev_run0,4,shoulder,22,1,0.01,0.025,0.015000000000000001,0.022212908097590797
P3_dev_run0,4,shoulder,22,2,0.025,0.05,0.025,0.021697257262512926
P3_dev_run0,4,shoulder,22,3,0.05,0.5,0.45,0.015631973553038303
P3_dev_run0,4,shoulder,23,0,0.0,0.01,0.01,0.02198908666403293
P3_dev_run0,4,shoulder,23,1,0.01,0.025,0.015000000000000001,0.021667560230558453
P3_dev_run0,4,shoulder,23,2,0.025,0.05,0.025,0.02115325155659209
P3_dev_run0,4,shoulder,23,3,0.05,0.5,0.45,0.015103621490188771
P3_dev_run0,9,summer,0,0,0.0,0.01,0.01,0.023356217891097597
P3_dev_run0,9,summer,0,1,0.01,0.025,0.015000000000000001,0.02303235527560491
P3_dev_run0,9,summer,0,2,0.025,0.05,0.025,0.02251468589339889
P3_dev_run0,9,summer,0,3,0.05,0.075,0.024999999999999994,0.021868427213557754
P3_dev_run0,9,summer,0,4,0.075,0.1,0.02500000000000001,0.02122312118933322
P3_dev_run0,9,summer,0,5,0.1,0.15,0.04999999999999999,0.020257059829568717
P3_dev_run0,9,summer,0,6,0.15,0.2,0.05000000000000002,0.018972125491465146
P3_dev_run0,9,summer,0,7,0.2,0.3,0.09999999999999998,0.01705222377411789
P3_dev_run0,9,summer,0,8,0.3,0.5,0.2,0.013238336052350738
P3_dev_run0,9,summer,1,0,0.0,0.01,0.01,0.02119216082898112
P3_dev_run0,9,summer,1,1,0.01,0.025,0.015000000000000001,0.020871759787807753
P3_dev_run0,9,summer,1,2,0.025,0.05,0.025,0.02035940799171243
P3_dev_run0,9,summer,1,3,0.05,0.075,0.024999999999999994,0.01971978024197463
P3_dev_run0,9,summer,1,4,0.075,0.1,0.02500000000000001,0.01908108671281438
P3_dev_run0,9,summer,1,5,0.1,0.15,0.04999999999999999,0.018124907419337092
P3_dev_run0,9,summer,1,6,0.15,0.2,0.05000000000000002,0.016853088461991066
P3_dev_run0,9,summer,1,7,0.2,0.3,0.09999999999999998,0.014952715537795844
P3_dev_run0,9,summer,1,8,0.3,0.5,0.2,0.011177389247790104
P3_dev_run0,9,summer,2,0,0.0,0.01,0.01,0.02027678872463662
P3_dev_run0,9,summer,2,1,0.01,0.025,0.015000000000000001,0.019957827956199048
P3_dev_run0,9,summer,2,2,0.025,0.05,0.025,0.019447721052894273
P3_dev_run0,9,summer,2,3,0.05,0.075,0.024999999999999994,0.018810892693449936
P3_dev_run0,9,summer,2,4,0.075,0.1,0.02500000000000001,0.018174990812949147
P3_dev_run0,9,summer,2,5,0.1,0.15,0.04999999999999999,0.017222983608135293
P3_dev_run0,9,summer,2,6,0.15,0.2,0.05000000000000002,0.015956701966016444
P3_dev_run0,9,summer,2,7,0.2,0.3,0.09999999999999998,0.014064574465005173
P3_dev_run0,9,summer,2,8,0.3,0.5,0.2,0.01030553081203145
P3_dev_run0,9,summer,3,0,0.0,0.01,0.01,0.01972084381061806
P3_dev_run0,9,summer,3,1,0.01,0.025,0.015000000000000001,0.019402770594066178
P3_dev_run0,9,summer,3,2,0.025,0.05,0.025,0.01889402579605126
P3_dev_run0,9,summer,3,3,0.05,0.075,0.024999999999999994,0.018258895997541606
P3_dev_run0,9,summer,3,4,0.075,0.1,0.02500000000000001,0.017624688004738147
P3_dev_run0,9,summer,3,5,0.1,0.15,0.04999999999999999,0.016675212311844104
P3_dev_run0,9,summer,3,6,0.15,0.2,0.05000000000000002,0.015412290612661356
P3_dev_run0,9,summer,3,7,0.2,0.3,0.09999999999999998,0.013525166396935604
P3_dev_run0,9,summer,3,8,0.3,0.5,0.2,0.009776003340575684
P3_dev_run0,9,summer,4,0,0.0,0.01,0.01,0.019389273629548398
P3_dev_run0,9,summer,4,1,0.01,0.025,0.015000000000000001,0.019071735976579813
P3_dev_run0,9,summer,4,2,0.025,0.05,0.025,0.018563803082161656
P3_dev_run0,9,summer,4,3,0.05,0.075,0.024999999999999994,0.01792968573420373
P3_dev_run0,9,summer,4,4,0.075,0.1,0.02500000000000001,0.01729648740459388
P3_dev_run0,9,summer,4,5,0.1,0.15,0.04999999999999999,0.016348520670227688
P3_dev_run0,9,summer,4,6,0.15,0.2,0.05000000000000002,0.015087601744662444
P3_dev_run0,9,summer,4,7,0.2,0.3,0.09999999999999998,0.01320345989727523
P3_dev_run0,9,summer,4,8,0.3,0.5,0.2,0.009460186613865426
P3_dev_run0,9,summer,5,0,0.0,0.01,0.01,0.01936533442211813
P3_dev_run0,9,summer,5,1,0.01,0.025,0.015000000000000001,0.019047884824576384
P3_dev_run0,9,summer,5,2,0.025,0.05,0.025,0.01854001041133979
P3_dev_run0,9,summer,5,3,0.05,0.075,0.024999999999999994,0.017905965994730048
P3_dev_run0,9,summer,5,4,0.075,0.1,0.02500000000000001,0.01727284039259313
P3_dev_run0,9,summer,5,5,0.1,0.15,0.04999999999999999,0.016324982358415233
P3_dev_run0,9,summer,5,6,0.15,0.2,0.05000000000000002,0.015064207701625526
P3_dev_run0,9,summer,5,7,0.2,0.3,0.09999999999999998,0.013180280689095023
P3_dev_run0,9,summer,5,8,0.3,0.5,0.2,0.009437431680342848
P3_dev_run0,9,summer,6,0,0.0,0.01,0.01,0.019714199108560038
P3_dev_run0,9,summer,6,1,0.01,0.025,0.015000000000000001,0.0193959352210236
P3_dev_run0,9,summer,6,2,0.025,0.05,0.025,0.018887207189721145
P3_dev_run0,9,summer,6,3,0.05,0.075,0.024999999999999994,0.01825209830314867
P3_dev_run0,9,summer,6,4,0.075,0.1,0.02500000000000001,0.017617911159578108
P3_dev_run0,9,summer,6,5,0.1,0.15,0.04999999999999999,0.0166684666320463
P3_dev_run0,9,summer,6,6,0.15,0.2,0.05000000000000002,0.015405586296697854
P3_dev_run0,9,summer,6,7,0.2,0.3,0.09999999999999998,0.01351852367451015
P3_dev_run0,9,summer,6,8,0.3,0.5,0.2,0.00976948225515327
P3_dev_run0,9,summer,7,0,0.0,0.01,0.01,0.020839091467018955
P3_dev_run0,9,summer,7,1,0.01,0.025,0.015000000000000001,0.020519101128363415
P3_dev_run0,9,summer,7,2,0.025,0.05,0.025,0.020007615878859242
P3_dev_run0,9,summer,7,3,0.05,0.075,0.024999999999999994,0.01936906871715605
P3_dev_run0,9,summer,7,4,0.075,0.1,0.02500000000000001,0.01873145278048604
P3_dev_run0,9,summer,7,5,0.1,0.15,0.04999999999999999,0.01777688393144378
P3_dev_run0,9,summer,7,6,0.15,0.2,0.05000000000000002,0.016507202394883118
P3_dev_run0,9,summer,7,7,0.2,0.3,0.09999999999999998,0.014610012200319131
P3_dev_run0,9,summer,7,8,0.3,0.5,0.2,0.010840970911219008
P3_dev_run0,9,summer,8,0,0.0,0.01,0.01,0.022644358532018793
P3_dev_run0,9,summer,8,1,0.01,0.025,0.015000000000000001,0.022321592298419714
P3_dev_run0,9,summer,8,2,0.025,0.05,0.025,0.021805673856846175
P3_dev_run0,9,summer,8,3,0.05,0.075,0.024999999999999994,0.021161598550619724
P3_dev_run0,9,summer,8,4,0.075,0.1,0.02500000000000001,0.020518469815135047
P3_dev_run0,9,summer,8,5,0.1,0.15,0.04999999999999999,0.019555662273549882
P3_dev_run0,9,summer,8,6,0.15,0.2,0.05000000000000002,0.01827504631826459
P3_dev_run0,9,summer,8,7,0.2,0.3,0.09999999999999998,0.016361574528770826
P3_dev_run0,9,summer,8,8,0.3,0.5,0.2,0.01256038283572361
P3_dev_run0,9,summer,9,0,0.0,0.01,0.01,0.025022764079579707
P3_dev_run0,9,summer,9,1,0.01,0.025,0.015000000000000001,0.024696330736514078
P3_dev_run0,9,summer,9,2,0.025,0.05,0.025,0.024174555914528995
P3_dev_run0,9,summer,9,3,0.05,0.075,0.024999999999999994,0.02352317790013326
P3_dev_run0,9,summer,9,4,0.075,0.1,0.02500000000000001,0.022872766892465528
P3_dev_run0,9,summer,9,5,0.1,0.15,0.04999999999999999,0.02189907658092183
P3_dev_run0,9,summer,9,6,0.15,0.2,0.05000000000000002,0.0206040175372113
P3_dev_run0,9,summer,9,7,0.2,0.3,0.09999999999999998,0.01866904098215078
P3_dev_run0,9,summer,9,8,0.3,0.5,0.2,0.014825389469526468
P3_dev_run0,9,summer,10,0,0.0,0.01,0.01,0.02637584870709142
P3_dev_run0,9,summer,10,1,0.01,0.025,0.015000000000000001,0.02604732408251949
P3_dev_run0,9,summer,10,2,0.025,0.05,0.025,0.02552220947115269
P3_dev_run0,9,summer,10,3,0.05,0.075,0.024999999999999994,0.02486666695460827
P3_dev_run0,9,summer,10,4,0.075,0.1,0.02500000000000001,0.024212103181239224
P3_dev_run0,9,summer,10,5,0.1,0.15,0.04999999999999999,0.02323220706213214
P3_dev_run0,9,summer,10,6,0.15,0.2,0.05000000000000002,0.021928912259074333
P3_dev_run0,9,summer,10,7,0.2,0.3,0.09999999999999998,0.019981673889037103
P3_dev_run0,9,summer,10,8,0.3,0.5,0.2,0.016113814472897003
P3_dev_run0,9,summer,11,0,0.0,0.01,0.01,0.026804927146953372
P3_dev_run0,9,summer,11,1,0.01,0.025,0.015000000000000001,0.0264757385745736
P3_dev_run0,9,summer,11,2,0.025,0.05,0.025,0.025949563655078833
P3_dev_run0,9,summer,11,3,0.05,0.075,0.024999999999999994,0.025292699012043902
P3_dev_run0,9,summer,11,4,0.075,0.1,0.02500000000000001,0.02463681684429008
P3_dev_run0,9,summer,11,5,0.1,0.15,0.04999999999999999,0.023654950581166186
P3_dev_run0,9,summer,11,6,0.15,0.2,0.05000000000000002,0.022349041219695824
P3_dev_run0,9,summer,11,7,0.2,0.3,0.09999999999999998,0.020397910276957757
P3_dev_run0,9,summer,11,8,0.3,0.5,0.2,0.016522366285285223
P3_dev_run0,9,summer,12,0,0.0,0.01,0.01,0.026626184139946774
P3_dev_run0,9,summer,12,1,0.01,0.025,0.015000000000000001,0.026297644413790046
P3_dev_run0,9,summer,12,2,0.025,0.05,0.025,0.025771910347904825
P3_dev_run0,9,summer,12,3,0.05,0.075,0.024999999999999994,0.02511559540582909
P3_dev_run0,9,summer,12,4,0.075,0.1,0.02500000000000001,0.024460261389018793
P3_dev_run0,9,summer,12,5,0.1,0.15,0.04999999999999999,0.023479214256862953
P3_dev_run0,9,summer,12,6,0.15,0.2,0.05000000000000002,0.02217439195102088
P3_dev_run0,9,summer,12,7,0.2,0.3,0.09999999999999998,0.020224879418953293
P3_dev_run0,9,summer,12,8,0.3,0.5,0.2,0.016352530413969585
P3_dev_run0,9,summer,13,0,0.0,0.01,0.01,0.025926405313336787
P3_dev_run0,9,summer,13,1,0.01,0.025,0.015000000000000001,0.0255988356393159
P3_dev_run0,9,summer,13,2,0.025,0.05,0.025,0.025074830384342883
P3_dev_run0,9,summer,13,3,0.05,0.075,0.024999999999999994,0.024420671172769033
P3_dev_run0,9,summer,13,4,0.075,0.1,0.02500000000000001,0.023767486777823692
P3_dev_run0,9,summer,13,5,0.1,0.15,0.04999999999999999,0.02278965197941796
P3_dev_run0,9,summer,13,6,0.15,0.2,0.05000000000000002,0.02148909273497756
P3_dev_run0,9,summer,13,7,0.2,0.3,0.09999999999999998,0.019545927152075097
P3_dev_run0,9,summer,13,8,0.3,0.5,0.2,0.01568610825553471
P3_dev_run0,9,summer,14,0,0.0,0.01,0.01,0.027067522415066825
P3_dev_run0,9,summer,14,1,0.01,0.025,0.015000000000000001,0.02673792730344589
P3_dev_run0,9,summer,14,2,0.025,0.05,0.025,0.02621110319116715
P3_dev_run0,9,summer,14,3,0.05,0.075,0.024999999999999994,0.025553429042747274
P3_dev_run0,9,summer,14,4,0.075,0.1,0.02500000000000001,0.024896739670259287
P3_dev_run0,9,summer,14,5,0.1,0.15,0.04999999999999999,0.023913667147740243
P3_dev_run0,9,summer,14,6,0.15,0.2,0.05000000000000002,0.022606156993151265
P3_dev_run0,9,summer,14,7,0.2,0.3,0.09999999999999998,0.02065264279989987
P3_dev_run0,9,summer,14,8,0.3,0.5,0.2,0.016772393958539855
P3_dev_run0,9,summer,15,0,0.0,0.01,0.01,0.02765687807089745
P3_dev_run0,9,summer,15,1,0.01,0.025,0.015000000000000001,0.027326370084808833
P3_dev_run0,9,summer,15,2,0.025,0.05,0.025,0.02679808813495166
P3_dev_run0,9,summer,15,3,0.05,0.075,0.024999999999999994,0.026138596180103064
P3_dev_run0,9,summer,15,4,0.075,0.1,0.02500000000000001,0.025480094146238523
P3_dev_run0,9,summer,15,5,0.1,0.15,0.04999999999999999,0.024494312905233857
P3_dev_run0,9,summer,15,6,0.15,0.2,0.05000000000000002,0.02318320810235807
P3_dev_run0,9,summer,15,7,0.2,0.3,0.09999999999999998,0.021224342269077493
P3_dev_run0,9,summer,15,8,0.3,0.5,0.2,0.01733352884233083
P3_dev_run0,9,summer,16,0,0.0,0.01,0.01,0.027980280420952797
P3_dev_run0,9,summer,16,1,0.01,0.025,0.015000000000000001,0.02764927120955107
P3_dev_run0,9,summer,16,2,0.025,0.05,0.025,0.027120188810305645
P3_dev_run0,9,summer,16,3,0.05,0.075,0.024999999999999994,0.026459698752321355
P3_dev_run0,9,summer,16,4,0.075,0.1,0.02500000000000001,0.025800201470573818
P3_dev_run0,9,summer,16,5,0.1,0.15,0.04999999999999999,0.024812932986534315
P3_dev_run0,9,summer,16,6,0.15,0.2,0.05000000000000002,0.02349985452906988
P3_dev_run0,9,summer,16,7,0.2,0.3,0.09999999999999998,0.021538050408001223
P3_dev_run0,9,summer,16,8,0.3,0.5,0.2,0.01764143668343196
P3_dev_run0,9,summer,17,0,0.0,0.01,0.01,0.028552106507731545
P3_dev_run0,9,summer,17,1,0.01,0.025,0.015000000000000001,0.028220210515903878
P3_dev_run0,9,summer,17,2,0.025,0.05,0.025,0.02768971196549508
P3_dev_run0,9,summer,17,3,0.05,0.075,0.024999999999999994,0.027027456103835286
P3_dev_run0,9,summer,17,4,0.075,0.1,0.02500000000000001,0.026366198038156863
P3_dev_run0,9,summer,17,5,0.1,0.15,0.04999999999999999,0.025376298376287305
P3_dev_run0,9,summer,17,6,0.15,0.2,0.05000000000000002,0.02405972823822599
P3_dev_run0,9,summer,17,7,0.2,0.3,0.09999999999999998,0.0220927259152387
P3_dev_run0,9,summer,17,8,0.3,0.5,0.2,0.018185850966973283
P3_dev_run0,9,summer,18,0,0.0,0.01,0.01,0.02849620718413659
P3_dev_run0,9,summer,18,1,0.01,0.025,0.015000000000000001,0.02816483561804602
P3_dev_run0,9,summer,18,2,0.025,0.05,0.025,0.02763447446199052
P3_dev_run0,9,summer,18,3,0.05,0.075,0.024999999999999994,0.026972389926902547
P3_dev_run0,9,summer,18,4,0.075,0.1,0.02500000000000001,0.02631130269092007
P3_dev_run0,9,summer,18,5,0.1,0.15,0.04999999999999999,0.02532165831177769
P3_dev_run0,9,summer,18,6,0.15,0.2,0.05000000000000002,0.02400542693687279
P3_dev_run0,9,summer,18,7,0.2,0.3,0.09999999999999998,0.022038928943810824
P3_dev_run0,9,summer,18,8,0.3,0.5,0.2,0.018133049523579997
P3_dev_run0,9,summer,19,0,0.0,0.01,0.01,0.028307875345734423
P3_dev_run0,9,summer,19,1,0.01,0.025,0.015000000000000001,0.0279767579162297
P3_dev_run0,9,summer,19,2,0.025,0.05,0.025,0.02744686335453994
P3_dev_run0,9,summer,19,3,0.05,0.075,0.024999999999999994,0.02678536060936377
P3_dev_run0,9,summer,19,4,0.075,0.1,0.02500000000000001,0.026124853512189395
P3_dev_run0,9,summer,19,5,0.1,0.15,0.04999999999999999,0.025136076036793582
P3_dev_run0,9,summer,19,6,0.15,0.2,0.05000000000000002,0.02382099508248913
P3_dev_run0,9,summer,19,7,0.2,0.3,0.09999999999999998,0.02185620975584557
P3_dev_run0,9,summer,19,8,0.3,0.5,0.2,0.01795371111047786
P3_dev_run0,9,summer,20,0,0.0,0.01,0.01,0.028075618137257674
P3_dev_run0,9,summer,20,1,0.01,0.025,0.015000000000000001,0.027744846038629808
P3_dev_run0,9,summer,20,2,0.025,0.05,0.025,0.027215526652759614
P3_dev_run0,9,summer,20,3,0.05,0.075,0.024999999999999994,0.026554741094649843
P3_dev_run0,9,summer,20,4,0.075,0.1,0.02500000000000001,0.025894949149816153
P3_dev_run0,9,summer,20,5,0.1,0.15,0.04999999999999999,0.024907240340383836
P3_dev_run0,9,summer,20,6,0.15,0.2,0.05000000000000002,0.023593577551559435
P3_dev_run0,9,summer,20,7,0.2,0.3,0.09999999999999998,0.021630903510223013
P3_dev_run0,9,summer,20,8,0.3,0.5,0.2,0.01773257254493829
P3_dev_run0,9,summer,21,0,0.0,0.01,0.01,0.027213414423837845
P3_dev_run0,9,summer,21,1,0.01,0.025,0.015000000000000001,0.026883845141698982
P3_dev_run0,9,summer,21,2,0.025,0.05,0.025,0.02635665963277245
P3_dev_run0,9,summer,21,3,0.05,0.075,0.024999999999999994,0.025698534844775807
P3_dev_run0,9,summer,21,4,0.075,0.1,0.02500000000000001,0.025041396105895945
P3_dev_run0,9,summer,21,5,0.1,0.15,0.04999999999999999,0.02405765208853717
P3_dev_run0,9,summer,21,6,0.15,0.2,0.05000000000000002,0.022749250805754732
P3_dev_run0,9,summer,21,7,0.2,0.3,0.09999999999999998,0.020794409907918813
P3_dev_run0,9,summer,21,8,0.3,0.5,0.2,0.016911542018968606
P3_dev_run0,9,summer,22,0,0.0,0.01,0.01,0.025789185259977865
P3_dev_run0,9,summer,22,1,0.01,0.025,0.015000000000000001,0.02546174488030998
P3_dev_run0,9,summer,22,2,0.025,0.05,0.025,0.024938078603564673
P3_dev_run0,9,summer,22,3,0.05,0.075,0.024999999999999994,0.024284342060547644
P3_dev_run0,9,summer,22,4,0.075,0.1,0.02500000000000001,0.023631579151843767
P3_dev_run0,9,summer,22,5,0.1,0.15,0.04999999999999999,0.02265437420726713
P3_dev_run0,9,summer,22,6,0.15,0.2,0.05000000000000002,0.021354650843469207
P3_dev_run0,9,summer,22,7,0.2,0.3,0.09999999999999998,0.019412729756537187
P3_dev_run0,9,summer,22,8,0.3,0.5,0.2,0.01555536778764438
P3_dev_run0,9,summer,23,0,0.0,0.01,0.01,0.02451792414919496
P3_dev_run0,9,summer,23,1,0.01,0.025,0.015000000000000001,0.02419244662828316
P3_dev_run0,9,summer,23,2,0.025,0.05,0.025,0.023671915948962896
P3_dev_run0,9,summer,23,3,0.05,0.075,0.024999999999999994,0.023022089328104126
P3_dev_run0,9,summer,23,4,0.075,0.1,0.02500000000000001,0.022373225351854924
P3_dev_run0,9,summer,23,5,0.1,0.15,0.04999999999999999,0.021401846924087867
P3_dev_run0,9,summer,23,6,0.15,0.2,0.05000000000000002,0.020109856049988488
P3_dev_run0,9,summer,23,7,0.2,0.3,0.09999999999999998,0.018179447660335166
P3_dev_run0,9,summer,23,8,0.3,0.5,0.2,0.014344815279879256
P3_dev_run0,9,winter,0,0,0.0,0.01,0.01,0.024535577301121325
P3_dev_run0,9,winter,0,1,0.01,0.025,0.015000000000000001,0.024210276940879922
P3_dev_run0,9,winter,0,2,0.025,0.05,0.025,0.023689702246334488
P3_dev_run0,9,winter,0,3,0.05,0.075,0.024999999999999994,0.023039820746584286
P3_dev_run0,9,winter,0,4,0.075,0.1,0.02500000000000001,0.022390902044744358
P3_dev_run0,9,winter,0,5,0.1,0.15,0.04999999999999999,0.021419441836402212
P3_dev_run0,9,winter,0,6,0.15,0.2,0.05000000000000002,0.020127342422157073
P3_dev_run0,9,winter,0,7,0.2,0.3,0.09999999999999998,0.018196772434314893
P3_dev_run0,9,winter,0,8,0.3,0.5,0.2,0.014361820995112823
P3_dev_run0,9,winter,1,0,0.0,0.01,0.01,0.02269341446376888
P3_dev_run0,9,winter,1,1,0.01,0.025,0.015000000000000001,0.022370709686229485
P3_dev_run0,9,winter,1,2,0.025,0.05,0.025,0.021854670297969392
P3_dev_run0,9,winter,1,3,0.05,0.075,0.024999999999999994,0.021210444178334512
P3_dev_run0,9,winter,1,4,0.075,0.1,0.02500000000000001,0.020567165039297446
P3_dev_run0,9,winter,1,5,0.1,0.15,0.04999999999999999,0.019604132737311156
P3_dev_run0,9,winter,1,6,0.15,0.2,0.05000000000000002,0.018323218481406937
P3_dev_run0,9,winter,1,7,0.2,0.3,0.09999999999999998,0.016409302527238687
P3_dev_run0,9,winter,1,8,0.3,0.5,0.2,0.01260723380985651
P3_dev_run0,9,winter,2,0,0.0,0.01,0.01,0.02179719438685085
P3_dev_run0,9,winter,2,1,0.01,0.025,0.015000000000000001,0.021475916009941476
P3_dev_run0,9,winter,2,2,0.025,0.05,0.025,0.020962078772570614
P3_dev_run0,9,winter,2,3,0.05,0.075,0.024999999999999994,0.02032059869495673
P3_dev_run0,9,winter,2,4,0.075,0.1,0.02500000000000001,0.01968005796841254
P3_dev_run0,9,winter,2,5,0.1,0.15,0.04999999999999999,0.018721118095046955
P3_dev_run0,9,winter,2,6,0.15,0.2,0.05000000000000002,0.017445635273465036
P3_dev_run0,9,winter,2,7,0.2,0.3,0.09999999999999998,0.01553980672856434
P3_dev_run0,9,winter,2,8,0.3,0.5,0.2,0.011753707381634282
P3_dev_run0,9,winter,3,0,0.0,0.01,0.01,0.021285745306449944
P3_dev_run0,9,winter,3,1,0.01,0.025,0.015000000000000001,0.0209652960106832
P3_dev_run0,9,winter,3,2,0.025,0.05,0.025,0.020452714312718667
P3_dev_run0,9,winter,3,3,0.05,0.075,0.024999999999999994,0.019812799876797186
P3_dev_run0,9,winter,3,4,0.075,0.1,0.02500000000000001,0.019173820454337902
P3_dev_run0,9,winter,3,5,0.1,0.15,0.04999999999999999,0.01821721390030368
P3_dev_run0,9,winter,3,6,0.15,0.2,0.05000000000000002,0.01694482787850448
P3_dev_run0,9,winter,3,7,0.2,0.3,0.09999999999999998,0.015043610567899022
P3_dev_run0,9,winter,3,8,0.3,0.5,0.2,0.011266616869173365
P3_dev_run0,9,winter,4,0,0.0,0.01,0.01,0.021077626311244435
P3_dev_run0,9,winter,4,1,0.01,0.025,0.015000000000000001,0.020757543243905364
P3_dev_run0,9,winter,4,2,0.025,0.05,0.025,0.020245472139642784
P3_dev_run0,9,winter,4,3,0.05,0.075,0.024999999999999994,0.01960619441601086
P3_dev_run0,9,winter,4,4,0.075,0.1,0.02500000000000001,0.018967849945759056
P3_dev_run0,9,winter,4,5,0.1,0.15,0.04999999999999999,0.01801219230499113
P3_dev_run0,9,winter,4,6,0.15,0.2,0.05000000000000002,0.01674106570335731
P3_dev_run0,9,winter,4,7,0.2,0.3,0.09999999999999998,0.014841723725622095
P3_dev_run0,9,winter,4,8,0.3,0.5,0.2,0.011068433255721627
P3_dev_run0,9,winter,5,0,0.0,0.01,0.01,0.021268259333982742
P3_dev_run0,9,winter,5,1,0.01,0.025,0.015000000000000001,0.02094796862890565
P3_dev_run0,9,winter,5,2,0.025,0.05,0.025,0.02043542951384647
P3_dev_run0,9,winter,5,3,0.05,0.075,0.024999999999999994,0.01979556818859141
P3_dev_run0,9,winter,5,4,0.075,0.1,0.02500000000000001,0.01915664172992159
P3_dev_run0,9,winter,5,5,0.1,0.15,0.04999999999999999,0.0182001143298996
P3_dev_run0,9,winter,5,6,0.15,0.2,0.05000000000000002,0.016927833360520776
P3_dev_run0,9,winter,5,7,0.2,0.3,0.09999999999999998,0.015026772476881837
P3_dev_run0,9,winter,5,8,0.3,0.5,0.2,0.0112500876761841
P3_dev_run0,9,winter,6,0,0.0,0.01,0.01,0.021943921565821534
P3_dev_run0,9,winter,6,1,0.01,0.025,0.015000000000000001,0.021622233132205976
P3_dev_run0,9,winter,6,2,0.025,0.05,0.025,0.021108035975740402
P3_dev_run0,9,winter,6,3,0.05,0.075,0.024999999999999994,0.020466107073496834
P3_dev_run0,9,winter,6,4,0.075,0.1,0.02500000000000001,0.019825118779622224
P3_dev_run0,9,winter,6,5,0.1,0.15,0.04999999999999999,0.018865510019613622
P3_dev_run0,9,winter,6,6,0.15,0.2,0.05000000000000002,0.01758913946044132
P3_dev_run0,9,winter,6,7,0.2,0.3,0.09999999999999998,0.01568198905264676
P3_dev_run0,9,winter,6,8,0.3,0.5,0.2,0.011893279512830979
P3_dev_run0,9,winter,7,0,0.0,0.01,0.01,0.023388038361560337
P3_dev_run0,9,winter,7,1,0.01,0.025,0.015000000000000001,0.023064126713445706
P3_dev_run0,9,winter,7,2,0.025,0.05,0.025,0.022546379025120133
P3_dev_run0,9,winter,7,3,0.05,0.075,0.024999999999999994,0.021900022707052606
P3_dev_run0,9,winter,7,4,0.075,0.1,0.02500000000000001,0.02125461930822247
P3_dev_run0,9,winter,7,5,0.1,0.15,0.04999999999999999,0.020288412431626605
P3_dev_run0,9,winter,7,6,0.15,0.2,0.05000000000000002,0.019003284973028438
P3_dev_run0,9,winter,7,7,0.2,0.3,0.09999999999999998,0.01708309570468067
P3_dev_run0,9,winter,7,8,0.3,0.5,0.2,0.013268640220630082
P3_dev_run0,9,winter,8,0,0.0,0.01,0.01,0.02568108108367828
P3_dev_run0,9,winter,8,1,0.01,0.025,0.015000000000000001,0.025353630726804296
P3_dev_run0,9,winter,8,2,0.025,0.05,0.025,0.02483023172898613
P3_dev_run0,9,winter,8,3,0.05,0.075,0.024999999999999994,0.024176828472630703
P3_dev_run0,9,winter,8,4,0.075,0.1,0.02500000000000001,0.023524397910986698
P3_dev_run0,9,winter,8,5,0.1,0.15,0.04999999999999999,0.022547689606332025
P3_dev_run0,9,winter,8,6,0.15,0.2,0.05000000000000002,0.021248625346257925
P3_dev_run0,9,winter,8,7,0.2,0.3,0.09999999999999998,0.019307685561845426
P3_dev_run0,9,winter,8,8,0.3,0.5,0.2,0.015452260926283046
P3_dev_run0,9,winter,9,0,0.0,0.01,0.01,0.028433821760887046
P3_dev_run0,9,winter,9,1,0.01,0.025,0.015000000000000001,0.02810210924489483
P3_dev_run0,9,winter,9,2,0.025,0.05,0.025,0.0275719037217792
P3_dev_run0,9,winter,9,3,0.05,0.075,0.024999999999999994,0.02691001323475551
P3_dev_run0,9,winter,9,4,0.075,0.1,0.02500000000000001,0.02624911949673735
P3_dev_run0,9,winter,9,5,0.1,0.15,0.04999999999999999,0.025259764266275526
P3_dev_run0,9,winter,9,6,0.15,0.2,0.05000000000000002,0.023943916601523167
P3_dev_run0,9,winter,9,7,0.2,0.3,0.09999999999999998,0.02197798984846844
P3_dev_run0,9,winter,9,8,0.3,0.5,0.2,0.01807323804494554
P3_dev_run0,9,winter,10,0,0.0,0.01,0.01,0.028629796192747303
P3_dev_run0,9,winter,10,1,0.01,0.025,0.015000000000000001,0.028297779670531188
P3_dev_run0,9,winter,10,2,0.025,0.05,0.025,0.027767088632506542
P3_dev_run0,9,winter,10,3,0.05,0.075,0.024999999999999994,0.02710459276628719
P3_dev_run0,9,winter,10,4,0.075,0.1,0.02500000000000001,0.026443095374094606
P3_dev_run0,9,winter,10,5,0.1,0.15,0.04999999999999999,0.025452838088956826
P3_dev_run0,9,winter,10,6,0.15,0.2,0.05000000000000002,0.024135793367457407
P3_dev_run0,9,winter,10,7,0.2,0.3,0.09999999999999998,0.02216808452409486
P3_dev_run0,9,winter,10,8,0.3,0.5,0.2,0.018259814928987816
P3_dev_run0,9,winter,11,0,0.0,0.01,0.01,0.027888033451262118
P3_dev_run0,9,winter,11,1,0.01,0.025,0.015000000000000001,0.027557446486877375
P3_dev_run0,9,winter,11,2,0.025,0.05,0.025,0.02702859174917638
P3_dev_run0,9,winter,11,3,0.05,0.075,0.024999999999999994,0.026368385571575732
P3_dev_run0,9,winter,11,4,0.075,0.1,0.02500000000000001,0.025709171358134768
P3_dev_run0,9,winter,11,5,0.1,0.15,0.04999999999999999,0.02472232586694157
P3_dev_run0,9,winter,11,6,0.15,0.2,0.05000000000000002,0.023409808744473397
P3_dev_run0,9,winter,11,7,0.2,0.3,0.09999999999999998,0.021448840316968813
P3_dev_run0,9,winter,11,8,0.3,0.5,0.2,0.017553876271048097
P3_dev_run0,9,winter,12,0,0.0,0.01,0.01,0.026764647275098752
P3_dev_run0,9,winter,12,1,0.01,0.025,0.015000000000000001,0.02643573432174843
P3_dev_run0,9,winter,12,2,0.025,0.05,0.025,0.025909658443487027
P3_dev_run0,9,winter,12,3,0.05,0.075,0.024999999999999994,0.0252529172814775
P3_dev_run0,9,winter,12,4,0.075,0.1,0.02500000000000001,0.02459715825407826
P3_dev_run0,9,winter,12,5,0.1,0.15,0.04999999999999999,0.023615476006647047
P3_dev_run0,9,winter,12,6,0.15,0.2,0.05000000000000002,0.022309810843468274
P3_dev_run0,9,winter,12,7,0.2,0.3,0.09999999999999998,0.020359043465907892
P3_dev_run0,9,winter,12,8,0.3,0.5,0.2,0.016484217202853008
P3_dev_run0,9,winter,13,0,0.0,0.01,0.01,0.025115905805900285
P3_dev_run0,9,winter,13,1,0.01,0.025,0.015000000000000001,0.02478948828209907
P3_dev_run0,9,winter,13,2,0.025,0.05,0.025,0.024267483344526664
P3_dev_run0,9,winter,13,3,0.05,0.075,0.024999999999999994,0.023615818403290863
P3_dev_run0,9,winter,13,4,0.075,0.1,0.02500000000000001,0.022965121274827187
P3_dev_run0,9,winter,13,5,0.1,0.15,0.04999999999999999,0.021991003382977884
P3_dev_run0,9,winter,13,6,0.15,0.2,0.05000000000000002,0.020695376888089638
P3_dev_run0,9,winter,13,7,0.2,0.3,0.09999999999999998,0.018759555470015402
P3_dev_run0,9,winter,13,8,0.3,0.5,0.2,0.014914235929381903
P3_dev_run0,9,winter,14,0,0.0,0.01,0.01,0.02607861229602937
P3_dev_run0,9,winter,14,1,0.01,0.025,0.015000000000000001,0.025750547383662777
P3_dev_run0,9,winter,14,2,0.025,0.05,0.025,0.025226166937749595
P3_dev_run0,9,winter,14,3,0.05,0.075,0.024999999999999994,0.024571539876753208
P3_dev_run0,9,winter,14,4,0.075,0.1,0.02500000000000001,0.023917888969000593
P3_dev_run0,9,winter,14,5,0.1,0.15,0.04999999999999999,0.02293935700909411
P3_dev_run0,9,winter,14,6,0.15,0.2,0.05000000000000002,0.021637872566701015
P3_dev_run0,9,winter,14,7,0.2,0.3,0.09999999999999998,0.01969332952067027
P3_dev_run0,9,winter,14,8,0.3,0.5,0.2,0.015830791200507066
P3_dev_run0,9,winter,15,0,0.0,0.01,0.01,0.026590188671909987
P3_dev_run0,9,winter,15,1,0.01,0.025,0.015000000000000001,0.02626133241293571
P3_dev_run0,9,winter,15,2,0.025,0.05,0.025,0.02573568822472616
P3_dev_run0,9,winter,15,3,0.05,0.075,0.024999999999999994,0.02507948534691496
P3_dev_run0,9,winter,15,4,0.075,0.1,0.02500000000000001,0.024424263078290924
P3_dev_run0,9,winter,15,5,0.1,0.15,0.04999999999999999,0.023443382937149433
P3_dev_run0,9,winter,15,6,0.15,0.2,0.05000000000000002,0.022138782242714365
P3_dev_run0,9,winter,15,7,0.2,0.3,0.09999999999999998,0.020189599649965143
P3_dev_run0,9,winter,15,8,0.3,0.5,0.2,0.0163179019948137
P3_dev_run0,9,winter,16,0,0.0,0.01,0.01,0.02712961112638912
P3_dev_run0,9,winter,16,1,0.01,0.025,0.015000000000000001,0.02679991988915701
P3_dev_run0,9,winter,16,2,0.025,0.05,0.025,0.02627294224580301
P3_dev_run0,9,winter,16,3,0.05,0.075,0.024999999999999994,0.025615076655749476
P3_dev_run0,9,winter,16,4,0.075,0.1,0.02500000000000001,0.024958196376979595
P3_dev_run0,9,winter,16,5,0.1,0.15,0.04999999999999999,0.02397483859329142
P3_dev_run0,9,winter,16,6,0.15,0.2,0.05000000000000002,0.02266694986295669
P3_dev_run0,9,winter,16,7,0.2,0.3,0.09999999999999998,0.02071287205503203
P3_dev_run0,9,winter,16,8,0.3,0.5,0.2,0.016831510577430542
P3_dev_run0,9,winter,17,0,0.0,0.01,0.01,0.02793244836117037
P3_dev_run0,9,winter,17,1,0.01,0.025,0.015000000000000001,0.027601513285996356
P3_dev_run0,9,winter,17,2,0.025,0.05,0.025,0.027072549293803982
P3_dev_run0,9,winter,17,3,0.05,0.075,0.024999999999999994,0.026412206891391905
P3_dev_run0,9,winter,17,4,0.075,0.1,0.02500000000000001,0.025752856834038156
P3_dev_run0,9,winter,17,5,0.1,0.15,0.04999999999999999,0.024765808354922376
P3_dev_run0,9,winter,17,6,0.15,0.2,0.05000000000000002,0.023453021855506788
P3_dev_run0,9,winter,17,7,0.2,0.3,0.09999999999999998,0.02149165238843648
P3_dev_run0,9,winter,17,8,0.3,0.5,0.2,0.017595896681842776
P3_dev_run0,9,winter,18,0,0.0,0.01,0.01,0.027917296570745265
P3_dev_run0,9,winter,18,1,0.01,0.025,0.015000000000000001,0.02758682249788998
P3_dev_run0,9,winter,18,2,0.025,0.05,0.025,0.027057894922530856
P3_dev_run0,9,winter,18,3,0.05,0.075,0.024999999999999994,0.026397597937005697
P3_dev_run0,9,winter,18,4,0.075,0.1,0.02500000000000001,0.025738293167266717
P3_dev_run0,9,winter,18,5,0.1,0.15,0.04999999999999999,0.024751312359839746
P3_dev_run0,9,winter,18,6,0.15,0.2,0.05000000000000002,0.0234386156668187
P3_dev_run0,9,winter,18,7,0.2,0.3,0.09999999999999998,0.021477379898806607
P3_dev_run0,9,winter,18,8,0.3,0.5,0.2,0.017581888117424588
P3_dev_run0,9,winter,19,0,0.0,0.01,0.01,0.02748418919316653
P3_dev_run0,9,winter,19,1,0.01,0.025,0.015000000000000001,0.02715427929892248
P3_dev_run0,9,winter,19,2,0.025,0.05,0.025,0.02662642381003666
P3_dev_run0,9,winter,19,3,0.05,0.075,0.024999999999999994,0.025967463616736193
P3_dev_run0,9,winter,19,4,0.075,0.1,0.02500000000000001,0.025309491842065983
P3_dev_run0,9,winter,19,5,0.1,0.15,0.04999999999999999,0.024324502976992853
P3_dev_run0,9,winter,19,6,0.15,0.2,0.05000000000000002,0.023014449709927158
P3_dev_run0,9,winter,19,7,0.2,0.3,0.09999999999999998,0.021057149367023634
P3_dev_run0,9,winter,19,8,0.3,0.5,0.2,0.017169426322014014
P3_dev_run0,9,winter,20,0,0.0,0.01,0.01,0.026786441388276794
P3_dev_run0,9,winter,20,1,0.01,0.025,0.015000000000000001,0.026457553105030392
P3_dev_run0,9,winter,20,2,0.025,0.05,0.025,0.025931423207400384
P3_dev_run0,9,winter,20,3,0.05,0.075,0.024999999999999994,0.02527461470024029
P3_dev_run0,9,winter,20,4,0.075,0.1,0.02500000000000001,0.024618788515393668
P3_dev_run0,9,winter,20,5,0.1,0.15,0.04999999999999999,0.02363700589708307
P3_dev_run0,9,winter,20,6,0.15,0.2,0.05000000000000002,0.022331207550008718
P3_dev_run0,9,winter,20,7,0.2,0.3,0.09999999999999998,0.02038024188268373
P3_dev_run0,9,winter,20,8,0.3,0.5,0.2,0.01650502416554872
P3_dev_run0,9,winter,21,0,0.0,0.01,0.01,0.025836092608994
P3_dev_run0,9,winter,21,1,0.01,0.025,0.015000000000000001,0.025508625959410242
P3_dev_run0,9,winter,21,2,0.025,0.05,0.025,0.024984843762951847
P3_dev_run0,9,winter,21,3,0.05,0.075,0.024999999999999994,0.024330962685776843
P3_dev_run0,9,winter,21,4,0.075,0.1,0.02500000000000001,0.02367805565469227
P3_dev_run0,9,winter,21,5,0.1,0.15,0.04999999999999999,0.022700635329898636
P3_dev_run0,9,winter,21,6,0.15,0.2,0.05000000000000002,0.0214006261325339
P3_dev_run0,9,winter,21,7,0.2,0.3,0.09999999999999998,0.01945827948925505
P3_dev_run0,9,winter,21,8,0.3,0.5,0.2,0.015600077365721249
P3_dev_run0,9,winter,22,0,0.0,0.01,0.01,0.024861250108329513
P3_dev_run0,9,winter,22,1,0.01,0.025,0.015000000000000001,0.024535275415236514
P3_dev_run0,9,winter,22,2,0.025,0.05,0.025,0.024013898340575768
P3_dev_run0,9,winter,22,3,0.05,0.075,0.024999999999999994,0.02336301630442739
P3_dev_run0,9,winter,22,4,0.075,0.1,0.02500000000000001,0.022713099881852543
P3_dev_run0,9,winter,22,5,0.1,0.15,0.04999999999999999,0.021740148671039464
P3_dev_run0,9,winter,22,6,0.15,0.2,0.05000000000000002,0.02044607050941282
P3_dev_run0,9,winter,22,7,0.2,0.3,0.09999999999999998,0.018512554370810345
P3_dev_run0,9,winter,22,8,0.3,0.5,0.2,0.014671786197467951
P3_dev_run0,9,winter,23,0,0.0,0.01,0.01,0.02454279476658272
P3_dev_run0,9,winter,23,1,0.01,0.025,0.015000000000000001,0.02421740984788571
P3_dev_run0,9,winter,23,2,0.025,0.05,0.025,0.023696817544511806
P3_dev_run0,9,winter,23,3,0.05,0.075,0.024999999999999994,0.023046914089128737
P3_dev_run0,9,winter,23,4,0.075,0.1,0.02500000000000001,0.022397973492463967
P3_dev_run0,9,winter,23,5,0.1,0.15,0.04999999999999999,0.021426480566160703
P3_dev_run0,9,winter,23,6,0.15,0.2,0.05000000000000002,0.020134337735001055
P3_dev_run0,9,winter,23,7,0.2,0.3,0.09999999999999998,0.018203703097433858
P3_dev_run0,9,winter,23,8,0.3,0.5,0.2,0.014368624019705165
P3_dev_run0,9,shoulder,0,0,0.0,0.01,0.01,0.021435094340779837
P3_dev_run0,9,shoulder,0,1,0.01,0.025,0.015000000000000001,0.021114421747429425
P3_dev_run0,9,shoulder,0,2,0.025,0.05,0.025,0.020601473460210573
P3_dev_run0,9,shoulder,0,3,0.05,0.075,0.024999999999999994,0.01996110188191236
P3_dev_run0,9,shoulder,0,4,0.075,0.1,0.02500000000000001,0.01932166659082079
P3_dev_run0,9,shoulder,0,5,0.1,0.15,0.04999999999999999,0.01836437874929098
P3_dev_run0,9,shoulder,0,6,0.15,0.2,0.05000000000000002,0.017091088513523915
P3_dev_run0,9,shoulder,0,7,0.2,0.3,0.09999999999999998,0.015188524789604838
P3_dev_run0,9,shoulder,0,8,0.3,0.5,0.2,0.011408872355404068
P3_dev_run0,9,shoulder,1,0,0.0,0.01,0.01,0.019577254322028503
P3_dev_run0,9,shoulder,1,1,0.01,0.025,0.015000000000000001,0.01925931552004175
P3_dev_run0,9,shoulder,1,2,0.025,0.05,0.025,0.01875092260246347
P3_dev_run0,9,shoulder,1,3,0.05,0.075,0.024999999999999994,0.018116231604936587
P3_dev_run0,9,shoulder,1,4,0.075,0.1,0.02500000000000001,0.017482461201697712
P3_dev_run0,9,shoulder,1,5,0.1,0.15,0.04999999999999999,0.01653363950144843
P3_dev_run0,9,shoulder,1,6,0.15,0.2,0.05000000000000002,0.015271585811473804
P3_dev_run0,9,shoulder,1,7,0.2,0.3,0.09999999999999998,0.013385754160140793
P3_dev_run0,9,shoulder,1,8,0.3,0.5,0.2,0.009639143732711256
P3_dev_run0,9,shoulder,2,0,0.0,0.01,0.01,0.018814040286220524
P3_dev_run0,9,shoulder,2,1,0.01,0.025,0.015000000000000001,0.018497322130905935
P3_dev_run0,9,shoulder,2,2,0.025,0.05,0.025,0.017990797229779365
P3_dev_run0,9,shoulder,2,3,0.05,0.075,0.024999999999999994,0.017358435680862597
P3_dev_run0,9,shoulder,2,4,0.075,0.1,0.02500000000000001,0.016726988334728736
P3_dev_run0,9,shoulder,2,5,0.1,0.15,0.04999999999999999,0.01578163848833886
P3_dev_run0,9,shoulder,2,6,0.15,0.2,0.05000000000000002,0.014524192871953884
P3_dev_run0,9,shoulder,2,7,0.2,0.3,0.09999999999999998,0.012645223256291808
P3_dev_run0,9,shoulder,2,8,0.3,0.5,0.2,0.008912164677417553
P3_dev_run0,9,shoulder,3,0,0.0,0.01,0.01,0.018407304461012797
P3_dev_run0,9,shoulder,3,1,0.01,0.025,0.015000000000000001,0.018091246957867752
P3_dev_run0,9,shoulder,3,2,0.025,0.05,0.025,0.017585716801442053
P3_dev_run0,9,shoulder,3,3,0.05,0.075,0.024999999999999994,0.01695459573305969
P3_dev_run0,9,shoulder,3,4,0.075,0.1,0.02500000000000001,0.016324385461128903
P3_dev_run0,9,shoulder,3,5,0.1,0.15,0.04999999999999999,0.01538088446985442
P3_dev_run0,9,shoulder,3,6,0.15,0.2,0.05000000000000002,0.014125892799435597
P3_dev_run0,9,shoulder,3,7,0.2,0.3,0.09999999999999998,0.01225057750272818
P3_dev_run0,9,shoulder,3,8,0.3,0.5,0.2,0.008524736056062729
P3_dev_run0,9,shoulder,4,0,0.0,0.01,0.01,0.018234875093164904
P3_dev_run0,9,shoulder,4,1,0.01,0.025,0.015000000000000001,0.01791911352878317
P3_dev_run0,9,shoulder,4,2,0.025,0.05,0.025,0.017414004885245582
P3_dev_run0,9,shoulder,4,3,0.05,0.075,0.024999999999999994,0.0167834094552799
P3_dev_run0,9,shoulder,4,4,0.075,0.1,0.02500000000000001,0.016153723385818324
P3_dev_run0,9,shoulder,4,5,0.1,0.15,0.04999999999999999,0.015211005835218675
P3_dev_run0,9,shoulder,4,6,0.15,0.2,0.05000000000000002,0.013957054015124587
P3_dev_run0,9,shoulder,4,7,0.2,0.3,0.09999999999999998,0.012083287235759719
P3_dev_run0,9,shoulder,4,8,0.3,0.5,0.2,0.008360504093409132
P3_dev_run0,9,shoulder,5,0,0.0,0.01,0.01,0.01838353492514544
P3_dev_run0,9,shoulder,5,1,0.01,0.025,0.015000000000000001,0.018067604990253578
P3_dev_run0,9,shoulder,5,2,0.025,0.05,0.025,0.017562132735318148
P3_dev_run0,9,shoulder,5,3,0.05,0.075,0.024999999999999994,0.016931083865478484
P3_dev_run0,9,shoulder,5,4,0.075,0.1,0.02500000000000001,0.016300945598322618
P3_dev_run0,9,shoulder,5,5,0.1,0.15,0.04999999999999999,0.015357552218679963
P3_dev_run0,9,shoulder,5,6,0.15,0.2,0.05000000000000002,0.014102703382533327
P3_dev_run0,9,shoulder,5,7,0.2,0.3,0.09999999999999998,0.012227600788630447
P3_dev_run0,9,shoulder,5,8,0.3,0.5,0.2,0.00850217942537014
P3_dev_run0,9,shoulder,6,0,0.0,0.01,0.01,0.018950103301214327
P3_dev_run0,9,shoulder,6,1,0.01,0.025,0.015000000000000001,0.018633010711073074
P3_dev_run0,9,shoulder,6,2,0.025,0.05,0.025,0.018126153298949066
P3_dev_run0,9,shoulder,6,3,0.05,0.075,0.024999999999999994,0.017493377112515755
P3_dev_run0,9,shoulder,6,4,0.075,0.1,0.02500000000000001,0.016861516258309665
P3_dev_run0,9,shoulder,6,5,0.1,0.15,0.04999999999999999,0.015915548417368978
P3_dev_run0,9,shoulder,6,6,0.15,0.2,0.05000000000000002,0.014657282552013312
P3_dev_run0,9,shoulder,6,7,0.2,0.3,0.09999999999999998,0.012777091465545624
P3_dev_run0,9,shoulder,6,8,0.3,0.5,0.2,0.009041620563626368
P3_dev_run0,9,shoulder,7,0,0.0,0.01,0.01,0.02006044002926255
P3_dev_run0,9,shoulder,7,1,0.01,0.025,0.015000000000000001,0.019741645008940673
P3_dev_run0,9,shoulder,7,2,0.025,0.05,0.025,0.01923206872697647
P3_dev_run0,9,shoulder,7,3,0.05,0.075,0.024999999999999994,0.01859590206476969
P3_dev_run0,9,shoulder,7,4,0.075,0.1,0.02500000000000001,0.01796066005966989
P3_dev_run0,9,shoulder,7,5,0.1,0.15,0.04999999999999999,0.017009639028139904
P3_dev_run0,9,shoulder,7,6,0.15,0.2,0.05000000000000002,0.015744666284782098
P3_dev_run0,9,shoulder,7,7,0.2,0.3,0.09999999999999998,0.013854487852129341
P3_dev_run0,9,shoulder,7,8,0.3,0.5,0.2,0.010099293225143066
P3_dev_run0,9,shoulder,8,0,0.0,0.01,0.01,0.02147356715235388
P3_dev_run0,9,shoulder,8,1,0.01,0.025,0.015000000000000001,0.021152601934885475
P3_dev_run0,9,shoulder,8,2,0.025,0.05,0.025,0.020639559773903415
P3_dev_run0,9,shoulder,8,3,0.05,0.075,0.024999999999999994,0.019999071146051265
P3_dev_run0,9,shoulder,8,4,0.075,0.1,0.02500000000000001,0.01935951912546862
P3_dev_run0,9,shoulder,8,5,0.1,0.15,0.04999999999999999,0.018402056832491635
P3_dev_run0,9,shoulder,8,6,0.15,0.2,0.05000000000000002,0.0171285350680661
P3_dev_run0,9,shoulder,8,7,0.2,0.3,0.09999999999999998,0.015225626589067818
P3_dev_run0,9,shoulder,8,8,0.3,0.5,0.2,0.01144529337321877
P3_dev_run0,9,shoulder,9,0,0.0,0.01,0.01,0.022802555243693623
P3_dev_run0,9,shoulder,9,1,0.01,0.025,0.015000000000000001,0.022479545449626454
P3_dev_run0,9,shoulder,9,2,0.025,0.05,0.025,0.021963238037364663
P3_dev_run0,9,shoulder,9,3,0.05,0.075,0.024999999999999994,0.021318677690830293
P3_dev_run0,9,shoulder,9,4,0.075,0.1,0.02500000000000001,0.020675065266517183
P3_dev_run0,9,shoulder,9,5,0.1,0.15,0.04999999999999999,0.01971153487587946
P3_dev_run0,9,shoulder,9,6,0.15,0.2,0.05000000000000002,0.018429959573646175
P3_dev_run0,9,shoulder,9,7,0.2,0.3,0.09999999999999998,0.01651505933511391
P3_dev_run0,9,shoulder,9,8,0.3,0.5,0.2,0.012711047101071488
P3_dev_run0,9,shoulder,10,0,0.0,0.01,0.01,0.022847941250800363
P3_dev_run0,9,shoulder,10,1,0.01,0.025,0.015000000000000001,0.02252521737316215
P3_dev_run0,9,shoulder,10,2,0.025,0.05,0.025,0.022008797473705988
P3_dev_run0,9,shoulder,10,3,0.05,0.075,0.024999999999999994,0.021364096861865026
P3_dev_run0,9,shoulder,10,4,0.075,0.1,0.02500000000000001,0.020720344560289365
P3_dev_run0,9,shoulder,10,5,0.1,0.15,0.04999999999999999,0.019756605134770015
P3_dev_run0,9,shoulder,10,6,0.15,0.2,0.05000000000000002,0.018474752402303223
P3_dev_run0,9,shoulder,10,7,0.2,0.3,0.09999999999999998,0.01655943907965488
P3_dev_run0,9,shoulder,10,8,0.3,0.5,0.2,0.012754611193421528
P3_dev_run0,9,shoulder,11,0,0.0,0.01,0.01,0.022447537917255622
P3_dev_run0,9,shoulder,11,1,0.01,0.025,0.015000000000000001,0.022125335486379107
P3_dev_run0,9,shoulder,11,2,0.025,0.05,0.025,0.021609900239549784
P3_dev_run0,9,shoulder,11,3,0.05,0.075,0.024999999999999994,0.020966427456597384
P3_dev_run0,9,shoulder,11,4,0.075,0.1,0.02500000000000001,0.020323899575858666
P3_dev_run0,9,shoulder,11,5,0.1,0.15,0.04999999999999999,0.019361989968039454
P3_dev_run0,9,shoulder,11,6,0.15,0.2,0.05000000000000002,0.01808256574116817
P3_dev_run0,9,shoulder,11,7,0.2,0.3,0.09999999999999998,0.016170868419957133
P3_dev_run0,9,shoulder,11,8,0.3,0.5,0.2,0.012373180533440664
P3_dev_run0,9,shoulder,12,0,0.0,0.01,0.01,0.021727459079563805
P3_dev_run0,9,shoulder,12,1,0.01,0.025,0.015000000000000001,0.021406307814326543
P3_dev_run0,9,shoulder,12,2,0.025,0.05,0.025,0.020892641779311494
P3_dev_run0,9,shoulder,12,3,0.05,0.075,0.024999999999999994,0.020251375191795987
P3_dev_run0,9,shoulder,12,4,0.075,0.1,0.02500000000000001,0.019611047367880656
P3_dev_run0,9,shoulder,12,5,0.1,0.15,0.04999999999999999,0.018652425658384212
P3_dev_run0,9,shoulder,12,6,0.15,0.2,0.05000000000000002,0.01737736511256776
P3_dev_run0,9,shoulder,12,7,0.2,0.3,0.09999999999999998,0.015472165340191944
P3_dev_run0,9,shoulder,12,8,0.3,0.5,0.2,0.011687307599401384
P3_dev_run0,9,shoulder,13,0,0.0,0.01,0.01,0.020714534646719407
P3_dev_run0,9,shoulder,13,1,0.01,0.025,0.015000000000000001,0.020394897161556586
P3_dev_run0,9,shoulder,13,2,0.025,0.05,0.025,0.019883717004439694
P3_dev_run0,9,shoulder,13,3,0.05,0.075,0.024999999999999994,0.019245550305643237
P3_dev_run0,9,shoulder,13,4,0.075,0.1,0.02500000000000001,0.01860831377439142
P3_dev_run0,9,shoulder,13,5,0.1,0.15,0.04999999999999999,0.017654311946468385
P3_dev_run0,9,shoulder,13,6,0.15,0.2,0.05000000000000002,0.016385382974058442
P3_dev_run0,9,shoulder,13,7,0.2,0.3,0.09999999999999998,0.014489313393578066
P3_dev_run0,9,shoulder,13,8,0.3,0.5,0.2,0.010722485033328108
P3_dev_run0,9,shoulder,14,0,0.0,0.01,0.01,0.02179040559413814
P3_dev_run0,9,shoulder,14,1,0.01,0.025,0.015000000000000001,0.021468953253953038
P3_dev_run0,9,shoulder,14,2,0.025,0.05,0.025,0.020955133145117988
P3_dev_run0,9,shoulder,14,3,0.05,0.075,0.024999999999999994,0.020313674425712084
P3_dev_run0,9,shoulder,14,4,0.075,0.1,0.02500000000000001,0.01967315499223076
P3_dev_run0,9,shoulder,14,5,0.1,0.15,0.04999999999999999,0.018714246948352
P3_dev_run0,9,shoulder,14,6,0.15,0.2,0.05000000000000002,0.017438806366201202
P3_dev_run0,9,shoulder,14,7,0.2,0.3,0.09999999999999998,0.015533040719143552
P3_dev_run0,9,shoulder,14,8,0.3,0.5,0.2,0.011747065571610094
P3_dev_run0,9,shoulder,15,0,0.0,0.01,0.01,0.022430265788585257
P3_dev_run0,9,shoulder,15,1,0.01,0.025,0.015000000000000001,0.022107829094378247
P3_dev_run0,9,shoulder,15,2,0.025,0.05,0.025,0.021592436936981874
P3_dev_run0,9,shoulder,15,3,0.05,0.075,0.024999999999999994,0.020949017901477632
P3_dev_run0,9,shoulder,15,4,0.075,0.1,0.02500000000000001,0.020306543598105346
P3_dev_run0,9,shoulder,15,5,0.1,0.15,0.04999999999999999,0.019344714084499618
P3_dev_run0,9,shoulder,15,6,0.15,0.2,0.05000000000000002,0.018065396147490247
P3_dev_run0,9,shoulder,15,7,0.2,0.3,0.09999999999999998,0.0161538570895263
P3_dev_run0,9,shoulder,15,8,0.3,0.5,0.2,0.012356481709499753
P3_dev_run0,9,shoulder,16,0,0.0,0.01,0.01,0.023038501802184752
P3_dev_run0,9,shoulder,16,1,0.01,0.025,0.015000000000000001,0.022715128651198953
P3_dev_run0,9,shoulder,16,2,0.025,0.05,0.025,0.022198240941683767
P3_dev_run0,9,shoulder,16,3,0.05,0.075,0.024999999999999994,0.021552956989584485
P3_dev_run0,9,shoulder,16,4,0.075,0.1,0.02500000000000001,0.02090862297457529
P3_dev_run0,9,shoulder,16,5,0.1,0.15,0.04999999999999999,0.01994401421022002
P3_dev_run0,9,shoulder,16,6,0.15,0.2,0.05000000000000002,0.018661007716490867
P3_dev_run0,9,shoulder,16,7,0.2,0.3,0.09999999999999998,0.016743976475848275
P3_dev_run0,9,shoulder,16,8,0.3,0.5,0.2,0.012935756516214425
P3_dev_run0,9,shoulder,17,0,0.0,0.01,0.01,0.02387706881077367
P3_dev_run0,9,shoulder,17,1,0.01,0.025,0.015000000000000001,0.023552403356562796
P3_dev_run0,9,shoulder,17,2,0.025,0.05,0.025,0.0230334518372749
P3_dev_run0,9,shoulder,17,3,0.05,0.075,0.024999999999999994,0.02238559437268917
P3_dev_run0,9,shoulder,17,4,0.075,0.1,0.02500000000000001,0.021738694031647736
P3_dev_run0,9,shoulder,17,5,0.1,0.15,0.04999999999999999,0.020770250086998846
P3_dev_run0,9,shoulder,17,6,0.15,0.2,0.05000000000000002,0.019482153686095897
P3_dev_run0,9,shoulder,17,7,0.2,0.3,0.09999999999999998,0.017557543845294208
P3_dev_run0,9,shoulder,17,8,0.3,0.5,0.2,0.013734360119558447
P3_dev_run0,9,shoulder,18,0,0.0,0.01,0.01,0.024122372771553935
P3_dev_run0,9,shoulder,18,1,0.01,0.025,0.015000000000000001,0.02379732901990709
P3_dev_run0,9,shoulder,18,2,0.025,0.05,0.025,0.023277773359478005
P3_dev_run0,9,shoulder,18,3,0.05,0.075,0.024999999999999994,0.022629162544611784
P3_dev_run0,9,shoulder,18,4,0.075,0.1,0.02500000000000001,0.021981510968069877
P3_dev_run0,9,shoulder,18,5,0.1,0.15,0.04999999999999999,0.02101194436479104
P3_dev_run0,9,shoulder,18,6,0.15,0.2,0.05000000000000002,0.019722358027866864
P3_dev_run0,9,shoulder,18,7,0.2,0.3,0.09999999999999998,0.017795529785786666
P3_dev_run0,9,shoulder,18,8,0.3,0.5,0.2,0.01396796600388911
P3_dev_run0,9,shoulder,19,0,0.0,0.01,0.01,0.02430402368769069
P3_dev_run0,9,shoulder,19,1,0.01,0.025,0.015000000000000001,0.023978699733486392
P3_dev_run0,9,shoulder,19,2,0.025,0.05,0.025,0.02345869656441124
P3_dev_run0,9,shoulder,19,3,0.05,0.075,0.024999999999999994,0.022809527737919225
P3_dev_run0,9,shoulder,19,4,0.075,0.1,0.02500000000000001,0.02216131970841139
P3_dev_run0,9,shoulder,19,5,0.1,0.15,0.04999999999999999,0.021190921535358957
P3_dev_run0,9,shoulder,19,6,0.15,0.2,0.05000000000000002,0.019900231592742672
P3_dev_run0,9,shoulder,19,7,0.2,0.3,0.09999999999999998,0.017971760169444715
P3_dev_run0,9,shoulder,19,8,0.3,0.5,0.2,0.014140952094150935
P3_dev_run0,9,shoulder,20,0,0.0,0.01,0.01,0.024107812172524667
P3_dev_run0,9,shoulder,20,1,0.01,0.025,0.015000000000000001,0.02378311605331825
P3_dev_run0,9,shoulder,20,2,0.025,0.05,0.025,0.023263595453565378
P3_dev_run0,9,shoulder,20,3,0.05,0.075,0.024999999999999994,0.02261502836466978
P3_dev_run0,9,shoulder,20,4,0.075,0.1,0.02500000000000001,0.021967420392393626
P3_dev_run0,9,shoulder,20,5,0.1,0.15,0.04999999999999999,0.020997918940812436
P3_dev_run0,9,shoulder,20,6,0.15,0.2,0.05000000000000002,0.019708419081222443
P3_dev_run0,9,shoulder,20,7,0.2,0.3,0.09999999999999998,0.01778171958784214
P3_dev_run0,9,shoulder,20,8,0.3,0.5,0.2,0.013954410013178598
P3_dev_run0,9,shoulder,21,0,0.0,0.01,0.01,0.023363067195278364
P3_dev_run0,9,shoulder,21,1,0.01,0.025,0.015000000000000001,0.02303941483286683
P3_dev_run0,9,shoulder,21,2,0.025,0.05,0.025,0.022521728043377043
P3_dev_run0,9,shoulder,21,3,0.05,0.075,0.024999999999999994,0.0218754476722044
P3_dev_run0,9,shoulder,21,4,0.075,0.1,0.02500000000000001,0.021230120013047686
P3_dev_run0,9,shoulder,21,5,0.1,0.15,0.04999999999999999,0.02026402631821939
P3_dev_run0,9,shoulder,21,6,0.15,0.2,0.05000000000000002,0.01897904907053271
P3_dev_run0,9,shoulder,21,7,0.2,0.3,0.09999999999999998,0.01705908346003954
P3_dev_run0,9,shoulder,21,8,0.3,0.5,0.2,0.01324506958481679
P3_dev_run0,9,shoulder,22,0,0.0,0.01,0.01,0.022535306041258918
P3_dev_run0,9,shoulder,22,1,0.01,0.025,0.015000000000000001,0.022212908097590797
P3_dev_run0,9,shoulder,22,2,0.025,0.05,0.025,0.021697257262512926
P3_dev_run0,9,shoulder,22,3,0.05,0.075,0.024999999999999994,0.021053515641165647
P3_dev_run0,9,shoulder,22,4,0.075,0.1,0.02500000000000001,0.02041071967036289
P3_dev_run0,9,shoulder,22,5,0.1,0.15,0.04999999999999999,0.01944840941825649
P3_dev_run0,9,shoulder,22,6,0.15,0.2,0.05000000000000002,0.018168453460826732
P3_dev_run0,9,shoulder,22,7,0.2,0.3,0.09999999999999998,0.016255964398506493
P3_dev_run0,9,shoulder,22,8,0.3,0.5,0.2,0.012456713161371064
P3_dev_run0,9,shoulder,23,0,0.0,0.01,0.01,0.02198908666403293
P3_dev_run0,9,shoulder,23,1,0.01,0.025,0.015000000000000001,0.021667560230558453
P3_dev_run0,9,shoulder,23,2,0.025,0.05,0.025,0.02115325155659209
P3_dev_run0,9,shoulder,23,3,0.05,0.075,0.024999999999999994,0.020511183608040166
P3_dev_run0,9,shoulder,23,4,0.075,0.1,0.02500000000000001,0.019870056633457527
P3_dev_run0,9,shoulder,23,5,0.1,0.15,0.04999999999999999,0.018910240642878443
P3_dev_run0,9,shoulder,23,6,0.15,0.2,0.05000000000000002,0.017633595038923082
P3_dev_run0,9,shoulder,23,7,0.2,0.3,0.09999999999999998,0.015726035088793337
P3_dev_run0,9,shoulder,23,8,0.3,0.5,0.2,0.011936516857890475
