point_id,b,S,E,E_over_S,method,day_group,scenario,t,P_net_mw,Q_mvar,p_slack_mw,line_loss_mw,lp_status,solver_name,lp_objective,lp_pk_proxy_mw
P1_old_full_opt,15,0.176,0.419,2.3806818181818183,A0_no_peak_loss,AVG,summer,0,0.15720747701041124,0.07913159401920951,6.286226258177757,0.14683605797347407,optimal,CLARABEL,-25854.642912365325,nan
P1_old_full_opt,15,0.176,0.419,2.3806818181818183,A0_no_peak_loss,AVG,summer,1,0.02166264263091209,0.1746588404788267,5.880035738030478,0.12648332458303563,optimal,CLARABEL,-25854.642912365325,nan
P1_old_full_opt,15,0.176,0.419,2.3806818181818183,A0_no_peak_loss,AVG,summer,2,-1.618465029594981e-16,0.17594699209053177,5.668024657421546,0.1174750652488275,optimal,CLARABEL,-25854.642912365325,nan
P1_old_full_opt,15,0.176,0.419,2.3806818181818183,A0_no_peak_loss,AVG,summer,3,-0.05520798631020806,0.16711695978437313,5.5808906386443935,0.11452673612349261,optimal,CLARABEL,-25854.642912365325,nan
P1_old_full_opt,15,0.176,0.419,2.3806818181818183,A0_no_peak_loss,AVG,summer,4,-0.14389492711467944,0.10134224168953948,5.587297850649563,0.11738098333332339,optimal,CLARABEL,-25854.642912365325,nan
P1_old_full_opt,15,0.176,0.419,2.3806818181818183,A0_no_peak_loss,AVG,summer,5,-0.14389492711467977,0.10134224168953893,5.581082353260294,0.11711717227905516,optimal,CLARABEL,-25854.642912365325,nan
P1_old_full_opt,15,0.176,0.419,2.3806818181818183,A0_no_peak_loss,AVG,summer,6,-0.05451260994021901,0.1673278999000684,5.578398824566865,0.11441040895240975,optimal,CLARABEL,-25854.642912365325,nan
P1_old_full_opt,15,0.176,0.419,2.3806818181818183,A0_no_peak_loss,AVG,summer,7,-1.1716873844476679e-05,0.17594699209053186,5.8128578553718055,0.12370763030475641,optimal,CLARABEL,-25854.642912365325,nan
P1_old_full_opt,15,0.176,0.419,2.3806818181818183,A0_no_peak_loss,AVG,summer,8,-1.1716873844071758e-05,0.17594699209053186,6.2742309362917075,0.1446559224346538,optimal,CLARABEL,-25854.642912365325,nan
P1_old_full_opt,15,0.176,0.419,2.3806818181818183,A0_no_peak_loss,AVG,summer,9,-2.798318751811234e-18,0.1759469920905319,6.87358987043119,0.1743648156034738,optimal,CLARABEL,-25854.642912365325,nan
P1_old_full_opt,15,0.176,0.419,2.3806818181818183,A0_no_peak_loss,AVG,summer,10,2.856246891645986e-17,0.1759469920905319,7.2103655071693264,0.19230011296661115,optimal,CLARABEL,-25854.642912365325,nan
P1_old_full_opt,15,0.176,0.419,2.3806818181818183,A0_no_peak_loss,AVG,summer,11,1.4401512682543539e-16,0.1759469920905319,7.31653378976804,0.19813996877532497,optimal,CLARABEL,-25854.642912365325,nan
P1_old_full_opt,15,0.176,0.419,2.3806818181818183,A0_no_peak_loss,AVG,summer,12,1.1583073259646087e-16,0.1759469920905319,7.272435506808469,0.19570349016075236,optimal,CLARABEL,-25854.642912365325,nan
P1_old_full_opt,15,0.176,0.419,2.3806818181818183,A0_no_peak_loss,AVG,summer,13,2.5294918755479797e-17,0.1759469920905319,7.098900302154847,0.18626478017213294,optimal,CLARABEL,-25854.642912365325,nan
P1_old_full_opt,15,0.176,0.419,2.3806818181818183,A0_no_peak_loss,AVG,summer,14,1.4449462098617007e-15,0.1759469920905319,7.381360835854416,0.20174966970169872,optimal,CLARABEL,-25854.642912365325,nan
P1_old_full_opt,15,0.176,0.419,2.3806818181818183,A0_no_peak_loss,AVG,summer,15,0.07807987830928678,0.15770490149545627,7.440929502424433,0.2048509762315793,optimal,CLARABEL,-25854.642912365325,nan
P1_old_full_opt,15,0.176,0.419,2.3806818181818183,A0_no_peak_loss,AVG,summer,16,0.07913159401922379,0.15720747701040388,7.519106798643363,0.20928959874816405,optimal,CLARABEL,-25854.642912365325,nan
P1_old_full_opt,15,0.176,0.419,2.3806818181818183,A0_no_peak_loss,AVG,summer,17,0.021544278835072917,0.17467639808937152,7.721957364898571,0.22103789008869634,optimal,CLARABEL,-25854.642912365325,nan
P1_old_full_opt,15,0.176,0.419,2.3806818181818183,A0_no_peak_loss,AVG,summer,18,2.5002925316681996e-16,0.1759469920905319,7.73221870763957,0.22186382944185326,optimal,CLARABEL,-25854.642912365325,nan
P1_old_full_opt,15,0.176,0.419,2.3806818181818183,A0_no_peak_loss,AVG,summer,19,9.840731832594213e-17,0.1759469920905319,7.6861603019822144,0.2191677099395007,optimal,CLARABEL,-25854.642912365325,nan
P1_old_full_opt,15,0.176,0.419,2.3806818181818183,A0_no_peak_loss,AVG,summer,20,8.178735718839512e-17,0.17594699209053194,7.629289292084993,0.2158618770572754,optimal,CLARABEL,-25854.642912365325,nan
P1_old_full_opt,15,0.176,0.419,2.3806818181818183,A0_no_peak_loss,AVG,summer,21,2.273030603055524e-17,0.1759469920905319,7.417391091263846,0.20377028891113097,optimal,CLARABEL,-25854.642912365325,nan
P1_old_full_opt,15,0.176,0.419,2.3806818181818183,A0_no_peak_loss,AVG,summer,22,5.09665805282261e-18,0.1759469920905319,7.064762367647888,0.18443600005517322,optimal,CLARABEL,-25854.642912365325,nan
P1_old_full_opt,15,0.176,0.419,2.3806818181818183,A0_no_peak_loss,AVG,summer,23,-2.9796160972385033e-18,0.1759469920905319,6.747206107986722,0.16786502076400825,optimal,CLARABEL,-25854.642912365325,nan
P1_old_full_opt,15,0.176,0.419,2.3806818181818183,A0_no_peak_loss,AVG,winter,0,0.11802464695619344,0.13048969118998688,6.623975701963781,0.16194879378717675,optimal,CLARABEL,-29731.110836442505,nan
P1_old_full_opt,15,0.176,0.419,2.3806818181818183,A0_no_peak_loss,AVG,winter,1,3.780759174380778e-16,0.17594699209053055,6.28671273792916,0.14524571678144382,optimal,CLARABEL,-29731.110836442505,nan
P1_old_full_opt,15,0.176,0.419,2.3806818181818183,A0_no_peak_loss,AVG,winter,2,-4.1367919977800385e-15,0.17594699209052966,6.0584565036832725,0.13465115421555118,optimal,CLARABEL,-29731.110836442505,nan
P1_old_full_opt,15,0.176,0.419,2.3806818181818183,A0_no_peak_loss,AVG,winter,3,-0.10828075994221686,0.1387489712622579,6.039789665428866,0.13593580161491386,optimal,CLARABEL,-29731.110836442505,nan
P1_old_full_opt,15,0.176,0.419,2.3806818181818183,A0_no_peak_loss,AVG,winter,4,-0.12746748659948368,0.12135913587369326,6.006570136595518,0.13511960222402114,optimal,CLARABEL,-29731.110836442505,nan
P1_old_full_opt,15,0.176,0.419,2.3806818181818183,A0_no_peak_loss,AVG,winter,5,-0.09415958090564344,0.14869422760051856,6.020531677062327,0.13462656143901897,optimal,CLARABEL,-29731.110836442505,nan
P1_old_full_opt,15,0.176,0.419,2.3806818181818183,A0_no_peak_loss,AVG,winter,6,-1.1716873850986876e-05,0.17594699209052989,6.095887463503413,0.13636063064635404,optimal,CLARABEL,-29731.110836442505,nan
P1_old_full_opt,15,0.176,0.419,2.3806818181818183,A0_no_peak_loss,AVG,winter,7,-1.171687384391571e-05,0.17594699209053066,6.4626677415864435,0.15369189677439832,optimal,CLARABEL,-29731.110836442505,nan
P1_old_full_opt,15,0.176,0.419,2.3806818181818183,A0_no_peak_loss,AVG,winter,8,-7.483317810033071e-16,0.17594699209053125,7.037818231556116,0.18299909111339646,optimal,CLARABEL,-29731.110836442505,nan
P1_old_full_opt,15,0.176,0.419,2.3806818181818183,A0_no_peak_loss,AVG,winter,9,0.0469414453154066,0.16962458758004106,7.665155759147045,0.21760307477190938,optimal,CLARABEL,-29731.110836442505,nan
P1_old_full_opt,15,0.176,0.419,2.3806818181818183,A0_no_peak_loss,AVG,winter,10,0.1332687569851398,0.11495842035986525,7.619812212707734,0.21611389138742704,optimal,CLARABEL,-29731.110836442505,nan
P1_old_full_opt,15,0.176,0.419,2.3806818181818183,A0_no_peak_loss,AVG,winter,11,0.07132247126738062,0.16090091700263776,7.505043275285993,0.20843870158139377,optimal,CLARABEL,-29731.110836442505,nan
P1_old_full_opt,15,0.176,0.419,2.3806818181818183,A0_no_peak_loss,AVG,winter,12,2.438330936620201e-15,0.17594699209053155,7.306632757633201,0.19759158659548526,optimal,CLARABEL,-29731.110836442505,nan
P1_old_full_opt,15,0.176,0.419,2.3806818181818183,A0_no_peak_loss,AVG,winter,13,0.0,0.1759469920905313,6.896909183423143,0.17557786506542228,optimal,CLARABEL,-29731.110836442505,nan
P1_old_full_opt,15,0.176,0.419,2.3806818181818183,A0_no_peak_loss,AVG,winter,14,3.701698176487576e-17,0.1759469920905314,7.1366430237510095,0.18829738375829053,optimal,CLARABEL,-29731.110836442505,nan
P1_old_full_opt,15,0.176,0.419,2.3806818181818183,A0_no_peak_loss,AVG,winter,15,2.4819902979124305e-16,0.1759469920905315,7.2634378571292295,0.19520824953151278,optimal,CLARABEL,-29731.110836442505,nan
P1_old_full_opt,15,0.176,0.419,2.3806818181818183,A0_no_peak_loss,AVG,winter,16,1.2352492644612984e-15,0.17594699209053155,7.396672364079795,0.20260710254207862,optimal,CLARABEL,-29731.110836442505,nan
P1_old_full_opt,15,0.176,0.419,2.3806818181818183,A0_no_peak_loss,AVG,winter,17,2.0853307587933775e-15,0.17594699209053163,7.594097070987003,0.21382905125428892,optimal,CLARABEL,-29731.110836442505,nan
P1_old_full_opt,15,0.176,0.419,2.3806818181818183,A0_no_peak_loss,AVG,winter,18,5.18782303009978e-16,0.1759469920905316,7.590488197466861,0.2136211413541449,optimal,CLARABEL,-29731.110836442505,nan
P1_old_full_opt,15,0.176,0.419,2.3806818181818183,A0_no_peak_loss,AVG,winter,19,1.2562007432643656e-16,0.17594699209053155,7.484075794758439,0.2075371654357186,optimal,CLARABEL,-29731.110836442505,nan
P1_old_full_opt,15,0.176,0.419,2.3806818181818183,A0_no_peak_loss,AVG,winter,20,0.0,0.17594699209053144,7.312033218840467,0.1978906023727538,optimal,CLARABEL,-29731.110836442505,nan
P1_old_full_opt,15,0.176,0.419,2.3806818181818183,A0_no_peak_loss,AVG,winter,21,-7.02980140843846e-17,0.17594699209053133,7.076440040532669,0.18506054117495113,optimal,CLARABEL,-29731.110836442505,nan
P1_old_full_opt,15,0.176,0.419,2.3806818181818183,A0_no_peak_loss,AVG,winter,22,-0.004319256220009033,0.1759469920905314,6.837708234539713,0.17255275166630332,optimal,CLARABEL,-29731.110836442505,nan
P1_old_full_opt,15,0.176,0.419,2.3806818181818183,A0_no_peak_loss,AVG,winter,23,-0.07649286714175103,0.15845550187664625,6.833179396375983,0.173688374531743,optimal,CLARABEL,-29731.110836442505,nan
P1_old_full_opt,15,0.176,0.419,2.3806818181818183,A0_no_peak_loss,AVG,shoulder,0,0.15728625112306305,0.07896504015163368,5.7979152856300695,0.12453837145702568,optimal,CLARABEL,-24611.163467979928,nan
P1_old_full_opt,15,0.176,0.419,2.3806818181818183,A0_no_peak_loss,AVG,shoulder,1,0.021583870718073394,0.17467052518830753,5.463671985838182,0.10880136421929557,optimal,CLARABEL,-24611.163467979928,nan
P1_old_full_opt,15,0.176,0.419,2.3806818181818183,A0_no_peak_loss,AVG,shoulder,2,-6.395012183596659e-16,0.1759469920905316,5.288569408272444,0.10192292343972575,optimal,CLARABEL,-24611.163467979928,nan
P1_old_full_opt,15,0.176,0.419,2.3806818181818183,A0_no_peak_loss,AVG,shoulder,3,-0.12300985412233957,0.1258167683508418,5.308989002252783,0.10505153168799698,optimal,CLARABEL,-24611.163467979928,nan
P1_old_full_opt,15,0.176,0.419,2.3806818181818183,A0_no_peak_loss,AVG,shoulder,4,-0.1531353104351365,0.08675008183243521,5.295582639361193,0.10578450792411133,optimal,CLARABEL,-24611.163467979928,nan
P1_old_full_opt,15,0.176,0.419,2.3806818181818183,A0_no_peak_loss,AVG,shoulder,5,-0.12135913587373488,0.12746748659944632,5.301063170291869,0.10467732835934378,optimal,CLARABEL,-24611.163467979928,nan
P1_old_full_opt,15,0.176,0.419,2.3806818181818183,A0_no_peak_loss,AVG,shoulder,6,-1.1716873844353361e-05,0.17594699209053166,5.323994922894982,0.10332743648293338,optimal,CLARABEL,-24611.163467979928,nan
P1_old_full_opt,15,0.176,0.419,2.3806818181818183,A0_no_peak_loss,AVG,shoulder,7,-1.1716873844239369e-05,0.1759469920905317,5.6121086226579635,0.11511284212091114,optimal,CLARABEL,-24611.163467979928,nan
P1_old_full_opt,15,0.176,0.419,2.3806818181818183,A0_no_peak_loss,AVG,shoulder,8,-8.496567203012092e-17,0.17594699209053177,5.975641164252069,0.13090821894935067,optimal,CLARABEL,-24611.163467979928,nan
P1_old_full_opt,15,0.176,0.419,2.3806818181818183,A0_no_peak_loss,AVG,shoulder,9,1.4176470998863673e-15,0.17594699209053186,6.314382268696806,0.14655777949409354,optimal,CLARABEL,-24611.163467979928,nan
P1_old_full_opt,15,0.176,0.419,2.3806818181818183,A0_no_peak_loss,AVG,shoulder,10,0.08675008183243194,0.15313531043513826,6.2320495181029365,0.14252289118534117,optimal,CLARABEL,-24611.163467979928,nan
P1_old_full_opt,15,0.176,0.419,2.3806818181818183,A0_no_peak_loss,AVG,shoulder,11,0.06180128143096847,0.16475784106784994,6.157210884042612,0.13891543228600894,optimal,CLARABEL,-24611.163467979928,nan
P1_old_full_opt,15,0.176,0.419,2.3806818181818183,A0_no_peak_loss,AVG,shoulder,12,4.819538512486588e-16,0.1759469920905318,6.040642003575584,0.13384147220787032,optimal,CLARABEL,-24611.163467979928,nan
P1_old_full_opt,15,0.176,0.419,2.3806818181818183,A0_no_peak_loss,AVG,shoulder,13,0.0,0.17594699209053177,5.78084606564855,0.12231587854083434,optimal,CLARABEL,-24611.163467979928,nan
P1_old_full_opt,15,0.176,0.419,2.3806818181818183,A0_no_peak_loss,AVG,shoulder,14,6.676747970287709e-17,0.1759469920905318,6.056674936424098,0.13457006876638178,optimal,CLARABEL,-24611.163467979928,nan
P1_old_full_opt,15,0.176,0.419,2.3806818181818183,A0_no_peak_loss,AVG,shoulder,15,4.588352213753774e-16,0.17594699209053186,6.219796397802837,0.14209744453012335,optimal,CLARABEL,-24611.163467979928,nan
P1_old_full_opt,15,0.176,0.419,2.3806818181818183,A0_no_peak_loss,AVG,shoulder,16,0.00431925622002558,0.1759469920905316,6.369487061638907,0.1491436754705348,optimal,CLARABEL,-24611.163467979928,nan
P1_old_full_opt,15,0.176,0.419,2.3806818181818183,A0_no_peak_loss,AVG,shoulder,17,0.012947363193521874,0.17552312037545018,6.571895269595644,0.15893173912497188,optimal,CLARABEL,-24611.163467979928,nan
P1_old_full_opt,15,0.176,0.419,2.3806818181818183,A0_no_peak_loss,AVG,shoulder,18,1.0561850593147851e-14,0.17594699209053186,6.6478056939292145,0.1628413471615074,optimal,CLARABEL,-24611.163467979928,nan
P1_old_full_opt,15,0.176,0.419,2.3806818181818183,A0_no_peak_loss,AVG,shoulder,19,0.012947363193561172,0.17552312037544734,6.679288965616624,0.16429652654599047,optimal,CLARABEL,-24611.163467979928,nan
P1_old_full_opt,15,0.176,0.419,2.3806818181818183,A0_no_peak_loss,AVG,shoulder,20,2.7150464631845885e-15,0.17594699209053186,6.644225225663284,0.1626618425155711,optimal,CLARABEL,-24611.163467979928,nan
P1_old_full_opt,15,0.176,0.419,2.3806818181818183,A0_no_peak_loss,AVG,shoulder,21,1.1611755727804974e-16,0.1759469920905318,6.456399511894091,0.15338671879637517,optimal,CLARABEL,-24611.163467979928,nan
P1_old_full_opt,15,0.176,0.419,2.3806818181818183,A0_no_peak_loss,AVG,shoulder,22,0.0,0.1759469920905318,6.246558509854128,0.14335232943141027,optimal,CLARABEL,-24611.163467979928,nan
P1_old_full_opt,15,0.176,0.419,2.3806818181818183,A0_no_peak_loss,AVG,shoulder,23,0.0,0.1759469920905318,6.107459817746754,0.1368912185040357,optimal,CLARABEL,-24611.163467979928,nan
P1_old_full_opt,15,0.176,0.419,2.3806818181818183,A0_no_peak_loss,PEAK,summer_peak,0,-0.012249963885173992,0.0016123871115593554,7.083154537509666,0.19160224151101518,optimal,CLARABEL,8.362475012742465,8.362475012742465
P1_old_full_opt,15,0.176,0.419,2.3806818181818183,A0_no_peak_loss,PEAK,summer_peak,1,-0.012974327160399951,0.001235805274847267,6.3603756947714665,0.15424485392010134,optimal,CLARABEL,8.362475012742465,8.362475012742465
P1_old_full_opt,15,0.176,0.419,2.3806818181818183,A0_no_peak_loss,PEAK,summer_peak,2,-0.013378630340643169,0.0011122598977128867,6.081331356216744,0.14092199245944495,optimal,CLARABEL,8.362475012742465,8.362475012742465
P1_old_full_opt,15,0.176,0.419,2.3806818181818183,A0_no_peak_loss,PEAK,summer_peak,3,-0.01383170164838153,0.0010323908606864618,5.907131247812422,0.13291626053783157,optimal,CLARABEL,8.362475012742465,8.362475012742465
P1_old_full_opt,15,0.176,0.419,2.3806818181818183,A0_no_peak_loss,PEAK,summer_peak,4,-0.014372462203596476,0.000983280666321181,5.801768622361089,0.12819168859988786,optimal,CLARABEL,8.362475012742465,8.362475012742465
P1_old_full_opt,15,0.176,0.419,2.3806818181818183,A0_no_peak_loss,PEAK,summer_peak,5,-0.014999120162896742,0.0009785903222120445,5.791752706270285,0.12775205660918462,optimal,CLARABEL,8.362475012742465,8.362475012742465
P1_old_full_opt,15,0.176,0.419,2.3806818181818183,A0_no_peak_loss,PEAK,summer_peak,6,-0.015717749752791027,0.001028323577175226,5.898437385757946,0.13253938740669652,optimal,CLARABEL,8.362475012742465,8.362475012742465
P1_old_full_opt,15,0.176,0.419,2.3806818181818183,A0_no_peak_loss,PEAK,summer_peak,7,-0.016474039698480325,0.0011812619290660874,6.236323293336118,0.14827768213553683,optimal,CLARABEL,8.362475012742465,8.362475012742465
P1_old_full_opt,15,0.176,0.419,2.3806818181818183,A0_no_peak_loss,PEAK,summer_peak,8,-0.017275493273060633,0.0014414953967894805,6.80108245622182,0.17658308911235374,optimal,CLARABEL,8.362475012742465,8.362475012742465
P1_old_full_opt,15,0.176,0.419,2.3806818181818183,A0_no_peak_loss,PEAK,summer_peak,9,-0.017892576557633155,0.0019682210550665646,7.5415114030348125,0.2174954919507936,optimal,CLARABEL,8.362475012742465,8.362475012742465
P1_old_full_opt,15,0.176,0.419,2.3806818181818183,A0_no_peak_loss,PEAK,summer_peak,10,-0.018985529885806054,0.002296776339755103,8.001277777510474,0.24509585947182952,optimal,CLARABEL,8.362475012742465,8.362475012742465
P1_old_full_opt,15,0.176,0.419,2.3806818181818183,A0_no_peak_loss,PEAK,summer_peak,11,-0.020916673530593524,0.0023424978496952103,8.17659535788582,0.2560865131506652,optimal,CLARABEL,8.362475012742465,8.362475012742465
P1_old_full_opt,15,0.176,0.419,2.3806818181818183,A0_no_peak_loss,PEAK,summer_peak,12,-0.023757212875246014,0.0023406072900938745,8.190559100295381,0.2570072975400147,optimal,CLARABEL,8.362475012742465,8.362475012742465
P1_old_full_opt,15,0.176,0.419,2.3806818181818183,A0_no_peak_loss,PEAK,summer_peak,13,-0.027846820476894872,0.0023061889321106628,8.060703079980039,0.2488979142504181,optimal,CLARABEL,8.362475012742465,8.362475012742465
P1_old_full_opt,15,0.176,0.419,2.3806818181818183,A0_no_peak_loss,PEAK,summer_peak,14,-0.03239300848608278,0.0023350539280872313,8.394342730664919,0.27020450772561083,optimal,CLARABEL,8.362475012742465,8.362475012742465
P1_old_full_opt,15,0.176,0.419,2.3806818181818183,A0_no_peak_loss,PEAK,summer_peak,15,-0.039030478145499835,0.0023439327895179627,8.573547864169349,0.2820770525592284,optimal,CLARABEL,8.362475012742465,8.362475012742465
P1_old_full_opt,15,0.176,0.419,2.3806818181818183,A0_no_peak_loss,PEAK,summer_peak,16,-0.011658213511939398,0.002312712332946661,8.644037301423042,0.28640754902897037,optimal,CLARABEL,8.362475012742465,8.362475012742465
P1_old_full_opt,15,0.176,0.419,2.3806818181818183,A0_no_peak_loss,PEAK,summer_peak,17,0.1382335772998612,0.0006668656899321543,8.647487956474839,0.28501291732863165,optimal,CLARABEL,8.362475012742465,8.362475012742465
P1_old_full_opt,15,0.176,0.419,2.3806818181818183,A0_no_peak_loss,PEAK,summer_peak,18,0.13993405786862498,0.0006176267250455913,8.647473457782004,0.28499842476055526,optimal,CLARABEL,8.362475012742465,8.362475012742465
P1_old_full_opt,15,0.176,0.419,2.3806818181818183,A0_no_peak_loss,PEAK,summer_peak,19,0.07956695597872791,0.001544024639907706,8.648081324552217,0.28560588539316645,optimal,CLARABEL,8.362475012742465,8.362475012742465
P1_old_full_opt,15,0.176,0.419,2.3806818181818183,A0_no_peak_loss,PEAK,summer_peak,20,-0.0008738888629055588,0.0022396926333701135,8.648775030694978,0.2865861744300225,optimal,CLARABEL,8.362475012742465,8.362475012742465
P1_old_full_opt,15,0.176,0.419,2.3806818181818183,A0_no_peak_loss,PEAK,summer_peak,21,-0.07111201464406622,0.0021987460653588287,8.42634323880045,0.272840161708927,optimal,CLARABEL,8.362475012742465,8.362475012742465
P1_old_full_opt,15,0.176,0.419,2.3806818181818183,A0_no_peak_loss,PEAK,summer_peak,22,-0.06915230286791174,0.0021080337320612636,7.9738920172250225,0.24406819661375467,optimal,CLARABEL,8.362475012742465,8.362475012742465
P1_old_full_opt,15,0.176,0.419,2.3806818181818183,A0_no_peak_loss,PEAK,summer_peak,23,-0.0684694128902375,0.0018055592963564988,7.540808303747834,0.2180827753244784,optimal,CLARABEL,8.362475012742465,8.362475012742465
P1_old_full_opt,15,0.176,0.419,2.3806818181818183,A0_no_peak_loss,PEAK,winter_peak,0,-0.019530048019521157,0.001553112401065328,7.206115857507382,0.198453961561269,optimal,CLARABEL,8.092645813130106,8.092645813130106
P1_old_full_opt,15,0.176,0.419,2.3806818181818183,A0_no_peak_loss,PEAK,winter_peak,1,-0.02025268673814104,0.0013027031903033329,6.737884500684194,0.1733263125617897,optimal,CLARABEL,8.092645813130106,8.092645813130106
P1_old_full_opt,15,0.176,0.419,2.3806818181818183,A0_no_peak_loss,PEAK,winter_peak,2,-0.021019456546755216,0.001190070233309824,6.507566684335087,0.16160412561898685,optimal,CLARABEL,8.092645813130106,8.092645813130106
P1_old_full_opt,15,0.176,0.419,2.3806818181818183,A0_no_peak_loss,PEAK,winter_peak,3,-0.022043059083434888,0.0011242970450394487,6.37089991841079,0.15485100679651725,optimal,CLARABEL,8.092645813130106,8.092645813130106
P1_old_full_opt,15,0.176,0.419,2.3806818181818183,A0_no_peak_loss,PEAK,winter_peak,4,-0.023407014548670946,0.0010895139396753684,6.299060954598987,0.15136794105144824,optimal,CLARABEL,8.092645813130106,8.092645813130106
P1_old_full_opt,15,0.176,0.419,2.3806818181818183,A0_no_peak_loss,PEAK,winter_peak,5,-0.02517474544514489,0.001102839016472904,6.330425463336669,0.1529068049719622,optimal,CLARABEL,8.092645813130106,8.092645813130106
P1_old_full_opt,15,0.176,0.419,2.3806818181818183,A0_no_peak_loss,PEAK,winter_peak,6,-0.02747421671589681,0.001178903542196309,6.495634800947104,0.161072792498616,optimal,CLARABEL,8.092645813130106,8.092645813130106
P1_old_full_opt,15,0.176,0.419,2.3806818181818183,A0_no_peak_loss,PEAK,winter_peak,7,-0.030523007457247814,0.001357209845423016,6.867269115791988,0.18020915830882328,optimal,CLARABEL,8.092645813130106,8.092645813130106
P1_old_full_opt,15,0.176,0.419,2.3806818181818183,A0_no_peak_loss,PEAK,winter_peak,8,-0.034815653864796625,0.001710140833788914,7.4910994743081725,0.21478077328874087,optimal,CLARABEL,8.092645813130106,8.092645813130106
P1_old_full_opt,15,0.176,0.419,2.3806818181818183,A0_no_peak_loss,PEAK,winter_peak,9,-0.032606592209624946,0.0022981009385595347,8.323666374114365,0.26563345307942055,optimal,CLARABEL,8.092645813130106,8.092645813130106
P1_old_full_opt,15,0.176,0.419,2.3806818181818183,A0_no_peak_loss,PEAK,winter_peak,10,0.17594698911372014,-5.186023549249066e-05,8.358411295259401,0.26576548301883296,optimal,CLARABEL,8.092645813130106,8.092645813130106
P1_old_full_opt,15,0.176,0.419,2.3806818181818183,A0_no_peak_loss,PEAK,winter_peak,11,0.14183312084455832,0.0010400120369327877,8.35604592231011,0.2658464865556065,optimal,CLARABEL,8.092645813130106,8.092645813130106
P1_old_full_opt,15,0.176,0.419,2.3806818181818183,A0_no_peak_loss,PEAK,winter_peak,12,-0.00918413066604623,0.002359273357451548,8.342840294326365,0.2665615112860668,optimal,CLARABEL,8.092645813130106,8.092645813130106
P1_old_full_opt,15,0.176,0.419,2.3806818181818183,A0_no_peak_loss,PEAK,winter_peak,13,-0.06106577821075812,0.0019746000996795653,8.00594421077485,0.2459460802903914,optimal,CLARABEL,8.092645813130106,8.092645813130106
P1_old_full_opt,15,0.176,0.419,2.3806818181818183,A0_no_peak_loss,PEAK,winter_peak,14,-0.056736381155489096,0.002151828403383242,8.228978230479663,0.2598987636551575,optimal,CLARABEL,8.092645813130106,8.092645813130106
P1_old_full_opt,15,0.176,0.419,2.3806818181818183,A0_no_peak_loss,PEAK,winter_peak,15,-0.05052732319207975,0.002239870937199477,8.31581969382467,0.2653742068199354,optimal,CLARABEL,8.092645813130106,8.092645813130106
P1_old_full_opt,15,0.176,0.419,2.3806818181818183,A0_no_peak_loss,PEAK,winter_peak,16,-0.009496943730713844,0.0023524506268210624,8.344087880062013,0.26664637815886527,optimal,CLARABEL,8.092645813130106,8.092645813130106
P1_old_full_opt,15,0.176,0.419,2.3806818181818183,A0_no_peak_loss,PEAK,winter_peak,17,0.12312573469937814,0.001390143124507521,8.33258453783761,0.2644891583446808,optimal,CLARABEL,8.092645813130106,8.092645813130106
P1_old_full_opt,15,0.176,0.419,2.3806818181818183,A0_no_peak_loss,PEAK,winter_peak,18,0.009497910725266304,0.0022830419813694765,8.350798101842539,0.266844721735361,optimal,CLARABEL,8.092645813130106,8.092645813130106
P1_old_full_opt,15,0.176,0.419,2.3806818181818183,A0_no_peak_loss,PEAK,winter_peak,19,-0.041950179703557015,0.0021661654879329513,8.16667318843604,0.2557417562724279,optimal,CLARABEL,8.092645813130106,8.092645813130106
P1_old_full_opt,15,0.176,0.419,2.3806818181818183,A0_no_peak_loss,PEAK,winter_peak,20,-0.039228589357723914,0.001991986791040073,7.910790390911797,0.23979792198575334,optimal,CLARABEL,8.092645813130106,8.092645813130106
P1_old_full_opt,15,0.176,0.419,2.3806818181818183,A0_no_peak_loss,PEAK,winter_peak,21,-0.037409468009808794,0.0017875397339191866,7.613066763778108,0.22192242794138273,optimal,CLARABEL,8.092645813130106,8.092645813130106
P1_old_full_opt,15,0.176,0.419,2.3806818181818183,A0_no_peak_loss,PEAK,winter_peak,22,-0.036376825649431226,0.0016007249567433048,7.323241321907711,0.20520694245032126,optimal,CLARABEL,8.092645813130106,8.092645813130106
P1_old_full_opt,15,0.176,0.419,2.3806818181818183,A0_no_peak_loss,PEAK,winter_peak,23,-0.03583096833275324,0.0015392047143143743,7.218169933036344,0.19930942059256757,optimal,CLARABEL,8.092645813130106,8.092645813130106
P1_old_full_opt,15,0.176,0.419,2.3806818181818183,A_peak_Q,AVG,summer,0,0.15720747701041124,0.07913159401920951,6.286226258218758,0.1468360580144763,optimal,CLARABEL,-25854.642912365325,nan
P1_old_full_opt,15,0.176,0.419,2.3806818181818183,A_peak_Q,AVG,summer,1,0.02166264263091209,0.1746588404788267,5.880035738030454,0.12648332458301262,optimal,CLARABEL,-25854.642912365325,nan
P1_old_full_opt,15,0.176,0.419,2.3806818181818183,A_peak_Q,AVG,summer,2,-1.618465029594981e-16,0.17594699209053177,5.668024657421572,0.11747506524885283,optimal,CLARABEL,-25854.642912365325,nan
P1_old_full_opt,15,0.176,0.419,2.3806818181818183,A_peak_Q,AVG,summer,3,-0.05520798631020806,0.16711695978437313,5.580890638644361,0.11452673612346143,optimal,CLARABEL,-25854.642912365325,nan
P1_old_full_opt,15,0.176,0.419,2.3806818181818183,A_peak_Q,AVG,summer,4,-0.14389492711467944,0.10134224168953948,5.587297850649532,0.11738098333329293,optimal,CLARABEL,-25854.642912365325,nan
P1_old_full_opt,15,0.176,0.419,2.3806818181818183,A_peak_Q,AVG,summer,5,-0.14389492711467977,0.10134224168953893,5.581082353260334,0.1171171722790962,optimal,CLARABEL,-25854.642912365325,nan
P1_old_full_opt,15,0.176,0.419,2.3806818181818183,A_peak_Q,AVG,summer,6,-0.05451260994021901,0.1673278999000684,5.578398824566861,0.11441040895240509,optimal,CLARABEL,-25854.642912365325,nan
P1_old_full_opt,15,0.176,0.419,2.3806818181818183,A_peak_Q,AVG,summer,7,-1.1716873844476679e-05,0.17594699209053186,5.812857855371792,0.12370763030474265,optimal,CLARABEL,-25854.642912365325,nan
P1_old_full_opt,15,0.176,0.419,2.3806818181818183,A_peak_Q,AVG,summer,8,-1.1716873844071758e-05,0.17594699209053186,6.274230936291673,0.1446559224346241,optimal,CLARABEL,-25854.642912365325,nan
P1_old_full_opt,15,0.176,0.419,2.3806818181818183,A_peak_Q,AVG,summer,9,-2.798318751811234e-18,0.1759469920905319,6.873589870431298,0.17436481560358125,optimal,CLARABEL,-25854.642912365325,nan
P1_old_full_opt,15,0.176,0.419,2.3806818181818183,A_peak_Q,AVG,summer,10,2.856246891645986e-17,0.1759469920905319,7.210365507169342,0.19230011296662575,optimal,CLARABEL,-25854.642912365325,nan
P1_old_full_opt,15,0.176,0.419,2.3806818181818183,A_peak_Q,AVG,summer,11,1.4401512682543539e-16,0.1759469920905319,7.316533789768113,0.19813996877539541,optimal,CLARABEL,-25854.642912365325,nan
P1_old_full_opt,15,0.176,0.419,2.3806818181818183,A_peak_Q,AVG,summer,12,1.1583073259646087e-16,0.1759469920905319,7.272435506808472,0.19570349016075336,optimal,CLARABEL,-25854.642912365325,nan
P1_old_full_opt,15,0.176,0.419,2.3806818181818183,A_peak_Q,AVG,summer,13,2.5294918755479797e-17,0.1759469920905319,7.098900302154838,0.18626478017212264,optimal,CLARABEL,-25854.642912365325,nan
P1_old_full_opt,15,0.176,0.419,2.3806818181818183,A_peak_Q,AVG,summer,14,1.4449462098617007e-15,0.1759469920905319,7.381360835854416,0.2017496697017016,optimal,CLARABEL,-25854.642912365325,nan
P1_old_full_opt,15,0.176,0.419,2.3806818181818183,A_peak_Q,AVG,summer,15,0.07807987830928678,0.15770490149545627,7.440929502424385,0.20485097623152793,optimal,CLARABEL,-25854.642912365325,nan
P1_old_full_opt,15,0.176,0.419,2.3806818181818183,A_peak_Q,AVG,summer,16,0.07913159401922379,0.15720747701040388,7.519106798643394,0.20928959874819458,optimal,CLARABEL,-25854.642912365325,nan
P1_old_full_opt,15,0.176,0.419,2.3806818181818183,A_peak_Q,AVG,summer,17,0.021544278835072917,0.17467639808937152,7.721957364898637,0.22103789008876323,optimal,CLARABEL,-25854.642912365325,nan
P1_old_full_opt,15,0.176,0.419,2.3806818181818183,A_peak_Q,AVG,summer,18,2.5002925316681996e-16,0.1759469920905319,7.732218707639606,0.2218638294418887,optimal,CLARABEL,-25854.642912365325,nan
P1_old_full_opt,15,0.176,0.419,2.3806818181818183,A_peak_Q,AVG,summer,19,9.840731832594213e-17,0.1759469920905319,7.686160301982184,0.2191677099394696,optimal,CLARABEL,-25854.642912365325,nan
P1_old_full_opt,15,0.176,0.419,2.3806818181818183,A_peak_Q,AVG,summer,20,8.178735718839512e-17,0.17594699209053194,7.629289292084984,0.2158618770572654,optimal,CLARABEL,-25854.642912365325,nan
P1_old_full_opt,15,0.176,0.419,2.3806818181818183,A_peak_Q,AVG,summer,21,2.273030603055524e-17,0.1759469920905319,7.417391091263787,0.2037702889110736,optimal,CLARABEL,-25854.642912365325,nan
P1_old_full_opt,15,0.176,0.419,2.3806818181818183,A_peak_Q,AVG,summer,22,5.09665805282261e-18,0.1759469920905319,7.064762367647897,0.18443600005517874,optimal,CLARABEL,-25854.642912365325,nan
P1_old_full_opt,15,0.176,0.419,2.3806818181818183,A_peak_Q,AVG,summer,23,-2.9796160972385033e-18,0.1759469920905319,6.747206107986741,0.16786502076402438,optimal,CLARABEL,-25854.642912365325,nan
P1_old_full_opt,15,0.176,0.419,2.3806818181818183,A_peak_Q,AVG,winter,0,0.11802464695619344,0.13048969118998688,6.623975701963764,0.1619487937871616,optimal,CLARABEL,-29731.110836442505,nan
P1_old_full_opt,15,0.176,0.419,2.3806818181818183,A_peak_Q,AVG,winter,1,3.780759174380778e-16,0.17594699209053055,6.286712737929125,0.14524571678140913,optimal,CLARABEL,-29731.110836442505,nan
P1_old_full_opt,15,0.176,0.419,2.3806818181818183,A_peak_Q,AVG,winter,2,-4.1367919977800385e-15,0.17594699209052966,6.058456503683221,0.1346511542154982,optimal,CLARABEL,-29731.110836442505,nan
P1_old_full_opt,15,0.176,0.419,2.3806818181818183,A_peak_Q,AVG,winter,3,-0.10828075994221686,0.1387489712622579,6.039789665428787,0.1359358016148356,optimal,CLARABEL,-29731.110836442505,nan
P1_old_full_opt,15,0.176,0.419,2.3806818181818183,A_peak_Q,AVG,winter,4,-0.12746748659948368,0.12135913587369326,6.006570136595421,0.13511960222392183,optimal,CLARABEL,-29731.110836442505,nan
P1_old_full_opt,15,0.176,0.419,2.3806818181818183,A_peak_Q,AVG,winter,5,-0.09415958090564344,0.14869422760051856,6.020531677062252,0.13462656143894702,optimal,CLARABEL,-29731.110836442505,nan
P1_old_full_opt,15,0.176,0.419,2.3806818181818183,A_peak_Q,AVG,winter,6,-1.1716873850986876e-05,0.17594699209052989,6.095887463503416,0.136360630646357,optimal,CLARABEL,-29731.110836442505,nan
P1_old_full_opt,15,0.176,0.419,2.3806818181818183,A_peak_Q,AVG,winter,7,-1.171687384391571e-05,0.17594699209053066,6.462667741586517,0.15369189677447126,optimal,CLARABEL,-29731.110836442505,nan
P1_old_full_opt,15,0.176,0.419,2.3806818181818183,A_peak_Q,AVG,winter,8,-7.483317810033071e-16,0.17594699209053125,7.037818231556137,0.18299909111342055,optimal,CLARABEL,-29731.110836442505,nan
P1_old_full_opt,15,0.176,0.419,2.3806818181818183,A_peak_Q,AVG,winter,9,0.0469414453154066,0.16962458758004106,7.665155759147166,0.21760307477203358,optimal,CLARABEL,-29731.110836442505,nan
P1_old_full_opt,15,0.176,0.419,2.3806818181818183,A_peak_Q,AVG,winter,10,0.1332687569851398,0.11495842035986525,7.619812212707698,0.2161138913873919,optimal,CLARABEL,-29731.110836442505,nan
P1_old_full_opt,15,0.176,0.419,2.3806818181818183,A_peak_Q,AVG,winter,11,0.07132247126738062,0.16090091700263776,7.50504327528607,0.2084387015814691,optimal,CLARABEL,-29731.110836442505,nan
P1_old_full_opt,15,0.176,0.419,2.3806818181818183,A_peak_Q,AVG,winter,12,2.438330936620201e-15,0.17594699209053155,7.306632757633228,0.19759158659551598,optimal,CLARABEL,-29731.110836442505,nan
P1_old_full_opt,15,0.176,0.419,2.3806818181818183,A_peak_Q,AVG,winter,13,0.0,0.1759469920905313,6.896909183423029,0.17557786506530945,optimal,CLARABEL,-29731.110836442505,nan
P1_old_full_opt,15,0.176,0.419,2.3806818181818183,A_peak_Q,AVG,winter,14,3.701698176487576e-17,0.1759469920905314,7.136643023750979,0.18829738375826227,optimal,CLARABEL,-29731.110836442505,nan
P1_old_full_opt,15,0.176,0.419,2.3806818181818183,A_peak_Q,AVG,winter,15,2.4819902979124305e-16,0.1759469920905315,7.263437857129191,0.19520824953147664,optimal,CLARABEL,-29731.110836442505,nan
P1_old_full_opt,15,0.176,0.419,2.3806818181818183,A_peak_Q,AVG,winter,16,1.2352492644612984e-15,0.17594699209053155,7.396672364079805,0.2026071025420907,optimal,CLARABEL,-29731.110836442505,nan
P1_old_full_opt,15,0.176,0.419,2.3806818181818183,A_peak_Q,AVG,winter,17,2.0853307587933775e-15,0.17594699209053163,7.594097070987052,0.2138290512543372,optimal,CLARABEL,-29731.110836442505,nan
P1_old_full_opt,15,0.176,0.419,2.3806818181818183,A_peak_Q,AVG,winter,18,5.18782303009978e-16,0.1759469920905316,7.590488197466849,0.21362114135413296,optimal,CLARABEL,-29731.110836442505,nan
P1_old_full_opt,15,0.176,0.419,2.3806818181818183,A_peak_Q,AVG,winter,19,1.2562007432643656e-16,0.17594699209053155,7.484075794758475,0.20753716543576026,optimal,CLARABEL,-29731.110836442505,nan
P1_old_full_opt,15,0.176,0.419,2.3806818181818183,A_peak_Q,AVG,winter,20,0.0,0.17594699209053144,7.312033218840548,0.19789060237283368,optimal,CLARABEL,-29731.110836442505,nan
P1_old_full_opt,15,0.176,0.419,2.3806818181818183,A_peak_Q,AVG,winter,21,-7.02980140843846e-17,0.17594699209053133,7.076440040532579,0.1850605411748617,optimal,CLARABEL,-29731.110836442505,nan
P1_old_full_opt,15,0.176,0.419,2.3806818181818183,A_peak_Q,AVG,winter,22,-0.004319256220009033,0.1759469920905314,6.837708234539647,0.17255275166623854,optimal,CLARABEL,-29731.110836442505,nan
P1_old_full_opt,15,0.176,0.419,2.3806818181818183,A_peak_Q,AVG,winter,23,-0.07649286714175103,0.15845550187664625,6.833179396375988,0.173688374531755,optimal,CLARABEL,-29731.110836442505,nan
P1_old_full_opt,15,0.176,0.419,2.3806818181818183,A_peak_Q,AVG,shoulder,0,0.15728625112306305,0.07896504015163368,5.79791528563002,0.12453837145697862,optimal,CLARABEL,-24611.163467979928,nan
P1_old_full_opt,15,0.176,0.419,2.3806818181818183,A_peak_Q,AVG,shoulder,1,0.021583870718073394,0.17467052518830753,5.463671985838173,0.10880136421928711,optimal,CLARABEL,-24611.163467979928,nan
P1_old_full_opt,15,0.176,0.419,2.3806818181818183,A_peak_Q,AVG,shoulder,2,-6.395012183596659e-16,0.1759469920905316,5.288569408272447,0.10192292343972882,optimal,CLARABEL,-24611.163467979928,nan
P1_old_full_opt,15,0.176,0.419,2.3806818181818183,A_peak_Q,AVG,shoulder,3,-0.12300985412233957,0.1258167683508418,5.308989002252752,0.10505153168796778,optimal,CLARABEL,-24611.163467979928,nan
P1_old_full_opt,15,0.176,0.419,2.3806818181818183,A_peak_Q,AVG,shoulder,4,-0.1531353104351365,0.08675008183243521,5.29558263936125,0.10578450792416737,optimal,CLARABEL,-24611.163467979928,nan
P1_old_full_opt,15,0.176,0.419,2.3806818181818183,A_peak_Q,AVG,shoulder,5,-0.12135913587373488,0.12746748659944632,5.301063170291895,0.10467732835937181,optimal,CLARABEL,-24611.163467979928,nan
P1_old_full_opt,15,0.176,0.419,2.3806818181818183,A_peak_Q,AVG,shoulder,6,-1.1716873844353361e-05,0.17594699209053166,5.323994922894973,0.10332743648292395,optimal,CLARABEL,-24611.163467979928,nan
P1_old_full_opt,15,0.176,0.419,2.3806818181818183,A_peak_Q,AVG,shoulder,7,-1.1716873844239369e-05,0.1759469920905317,5.6121086226579875,0.11511284212093785,optimal,CLARABEL,-24611.163467979928,nan
P1_old_full_opt,15,0.176,0.419,2.3806818181818183,A_peak_Q,AVG,shoulder,8,-8.496567203012092e-17,0.17594699209053177,5.975641164252073,0.13090821894935517,optimal,CLARABEL,-24611.163467979928,nan
P1_old_full_opt,15,0.176,0.419,2.3806818181818183,A_peak_Q,AVG,shoulder,9,1.4176470998863673e-15,0.17594699209053186,6.314382268696787,0.1465577794940729,optimal,CLARABEL,-24611.163467979928,nan
P1_old_full_opt,15,0.176,0.419,2.3806818181818183,A_peak_Q,AVG,shoulder,10,0.08675008183243194,0.15313531043513826,6.232049518102915,0.14252289118531897,optimal,CLARABEL,-24611.163467979928,nan
P1_old_full_opt,15,0.176,0.419,2.3806818181818183,A_peak_Q,AVG,shoulder,11,0.06180128143096847,0.16475784106784994,6.157210884042579,0.13891543228597436,optimal,CLARABEL,-24611.163467979928,nan
P1_old_full_opt,15,0.176,0.419,2.3806818181818183,A_peak_Q,AVG,shoulder,12,4.819538512486588e-16,0.1759469920905318,6.040642003575573,0.13384147220785766,optimal,CLARABEL,-24611.163467979928,nan
P1_old_full_opt,15,0.176,0.419,2.3806818181818183,A_peak_Q,AVG,shoulder,13,0.0,0.17594699209053177,5.780846065648502,0.12231587854078657,optimal,CLARABEL,-24611.163467979928,nan
P1_old_full_opt,15,0.176,0.419,2.3806818181818183,A_peak_Q,AVG,shoulder,14,6.676747970287709e-17,0.1759469920905318,6.056674936424072,0.13457006876635852,optimal,CLARABEL,-24611.163467979928,nan
P1_old_full_opt,15,0.176,0.419,2.3806818181818183,A_peak_Q,AVG,shoulder,15,4.588352213753774e-16,0.17594699209053186,6.219796397802891,0.14209744453017564,optimal,CLARABEL,-24611.163467979928,nan
P1_old_full_opt,15,0.176,0.419,2.3806818181818183,A_peak_Q,AVG,shoulder,16,0.00431925622002558,0.1759469920905316,6.369487061638994,0.1491436754706201,optimal,CLARABEL,-24611.163467979928,nan
P1_old_full_opt,15,0.176,0.419,2.3806818181818183,A_peak_Q,AVG,shoulder,17,0.012947363193521874,0.17552312037545018,6.571895269595698,0.15893173912502817,optimal,CLARABEL,-24611.163467979928,nan
P1_old_full_opt,15,0.176,0.419,2.3806818181818183,A_peak_Q,AVG,shoulder,18,1.0561850593147851e-14,0.17594699209053186,6.647805693929267,0.16284134716155854,optimal,CLARABEL,-24611.163467979928,nan
P1_old_full_opt,15,0.176,0.419,2.3806818181818183,A_peak_Q,AVG,shoulder,19,0.012947363193561172,0.17552312037544734,6.679288965616654,0.16429652654602134,optimal,CLARABEL,-24611.163467979928,nan
P1_old_full_opt,15,0.176,0.419,2.3806818181818183,A_peak_Q,AVG,shoulder,20,2.7150464631845885e-15,0.17594699209053186,6.64422522566323,0.1626618425155158,optimal,CLARABEL,-24611.163467979928,nan
P1_old_full_opt,15,0.176,0.419,2.3806818181818183,A_peak_Q,AVG,shoulder,21,1.1611755727804974e-16,0.1759469920905318,6.45639951189407,0.15338671879635513,optimal,CLARABEL,-24611.163467979928,nan
P1_old_full_opt,15,0.176,0.419,2.3806818181818183,A_peak_Q,AVG,shoulder,22,0.0,0.1759469920905318,6.246558509854076,0.14335232943135975,optimal,CLARABEL,-24611.163467979928,nan
P1_old_full_opt,15,0.176,0.419,2.3806818181818183,A_peak_Q,AVG,shoulder,23,0.0,0.1759469920905318,6.1074598177467285,0.13689121850401142,optimal,CLARABEL,-24611.163467979928,nan
P1_old_full_opt,15,0.176,0.419,2.3806818181818183,A_peak_Q,PEAK,summer_peak,0,-0.012352706191366289,0.001570254511347164,7.083265873262201,0.19161102259431118,optimal,CLARABEL,8.356208553180597,8.356208553180597
P1_old_full_opt,15,0.176,0.419,2.3806818181818183,A_peak_Q,PEAK,summer_peak,1,-0.01306244612413611,0.0011915072122122268,6.360470670441808,0.1542518454026609,optimal,CLARABEL,8.356208553180597,8.356208553180597
P1_old_full_opt,15,0.176,0.419,2.3806818181818183,A_peak_Q,PEAK,summer_peak,2,-0.013465944622867973,0.0010674720243410336,6.081425184098593,0.14092862339935197,optimal,CLARABEL,8.356208553180597,8.356208553180597
P1_old_full_opt,15,0.176,0.419,2.3806818181818183,A_peak_Q,PEAK,summer_peak,3,-0.01392032363335309,0.0009891437279663368,5.907226219412804,0.13292271144036882,optimal,CLARABEL,8.356208553180597,8.356208553180597
P1_old_full_opt,15,0.176,0.419,2.3806818181818183,A_peak_Q,PEAK,summer_peak,4,-0.014465900703627077,0.0009415395101000384,5.8018685190499495,0.12819823641056985,optimal,CLARABEL,8.356208553180597,8.356208553180597
P1_old_full_opt,15,0.176,0.419,2.3806818181818183,A_peak_Q,PEAK,summer_peak,5,-0.0151029470296523,0.0009369910858919285,5.79186355737821,0.12775916639813534,optimal,CLARABEL,8.356208553180597,8.356208553180597
P1_old_full_opt,15,0.176,0.419,2.3806818181818183,A_peak_Q,PEAK,summer_peak,6,-0.015838769097202374,0.0009851161704253937,5.898566595360116,0.13254766757319922,optimal,CLARABEL,8.356208553180597,8.356208553180597
P1_old_full_opt,15,0.176,0.419,2.3806818181818183,A_peak_Q,PEAK,summer_peak,7,-0.016620734534678105,0.0011361476206717502,6.236480291321785,0.14828809058099676,optimal,CLARABEL,8.356208553180597,8.356208553180597
P1_old_full_opt,15,0.176,0.419,2.3806818181818183,A_peak_Q,PEAK,summer_peak,8,-0.017451037804130667,0.0014009151308777838,6.801271059034583,0.17659626426776015,optimal,CLARABEL,8.356208553180597,8.356208553180597
P1_old_full_opt,15,0.176,0.419,2.3806818181818183,A_peak_Q,PEAK,summer_peak,9,-0.01813558526346798,0.0019150940293519167,7.541774499552074,0.21751579256212117,optimal,CLARABEL,8.356208553180597,8.356208553180597
P1_old_full_opt,15,0.176,0.419,2.3806818181818183,A_peak_Q,PEAK,summer_peak,10,-0.01926055212968987,0.0022653600194864703,8.001575852336,0.245119081775593,optimal,CLARABEL,8.356208553180597,8.356208553180597
P1_old_full_opt,15,0.176,0.419,2.3806818181818183,A_peak_Q,PEAK,summer_peak,11,-0.021197326398047667,0.0023526665379861246,8.176898301526903,0.2561088219666755,optimal,CLARABEL,8.356208553180597,8.356208553180597
P1_old_full_opt,15,0.176,0.419,2.3806818181818183,A_peak_Q,PEAK,summer_peak,12,-0.024085159364060096,0.002355089735562624,8.19091306702424,0.25703332238978704,optimal,CLARABEL,8.356208553180597,8.356208553180597
P1_old_full_opt,15,0.176,0.419,2.3806818181818183,A_peak_Q,PEAK,summer_peak,13,-0.028271209045793243,0.0022855865794261443,8.061162337182166,0.24893287570095732,optimal,CLARABEL,8.356208553180597,8.356208553180597
P1_old_full_opt,15,0.176,0.419,2.3806818181818183,A_peak_Q,PEAK,summer_peak,14,-0.0328226788063807,0.002442481903998855,8.394803476693522,0.2702353824264486,optimal,CLARABEL,8.356208553180597,8.356208553180597
P1_old_full_opt,15,0.176,0.419,2.3806818181818183,A_peak_Q,PEAK,summer_peak,15,-0.03928934729721149,0.0027597218976775487,8.57380920608023,0.282078730747496,optimal,CLARABEL,8.356208553180597,8.356208553180597
P1_old_full_opt,15,0.176,0.419,2.3806818181818183,A_peak_Q,PEAK,summer_peak,16,-0.007829923438423678,0.013938773735075537,8.639554948541203,0.28551557718001175,optimal,CLARABEL,8.356208553180597,8.356208553180597
P1_old_full_opt,15,0.176,0.419,2.3806818181818183,A_peak_Q,PEAK,summer_peak,17,0.13901575042945308,0.10790397179137227,8.642582181977813,0.279780463529077,optimal,CLARABEL,8.356208553180597,8.356208553180597
P1_old_full_opt,15,0.176,0.419,2.3806818181818183,A_peak_Q,PEAK,summer_peak,18,0.14084039354085634,0.10543645993794873,8.642485184951896,0.279863712524961,optimal,CLARABEL,8.356208553180597,8.356208553180597
P1_old_full_opt,15,0.176,0.419,2.3806818181818183,A_peak_Q,PEAK,summer_peak,19,0.07787792268200702,0.15779754709795218,8.645638583223343,0.2785318322946915,optimal,CLARABEL,8.356208553180597,8.356208553180597
P1_old_full_opt,15,0.176,0.419,2.3806818181818183,A_peak_Q,PEAK,summer_peak,20,-0.0005950675516069911,0.11784868430871388,8.646676044146806,0.2812942632515827,optimal,CLARABEL,8.356208553180597,8.356208553180597
P1_old_full_opt,15,0.176,0.419,2.3806818181818183,A_peak_Q,PEAK,summer_peak,21,-0.07125656676282502,0.0023025355715692933,8.426495205433373,0.27284747999351755,optimal,CLARABEL,8.356208553180597,8.356208553180597
P1_old_full_opt,15,0.176,0.419,2.3806818181818183,A_peak_Q,PEAK,summer_peak,22,-0.06924483261750966,0.002068929206405656,7.973993738934381,0.2440774252273368,optimal,CLARABEL,8.356208553180597,8.356208553180597
P1_old_full_opt,15,0.176,0.419,2.3806818181818183,A_peak_Q,PEAK,summer_peak,23,-0.06856310358007553,0.0017542903407388156,7.540911242993954,0.2180920647716021,optimal,CLARABEL,8.356208553180597,8.356208553180597
P1_old_full_opt,15,0.176,0.419,2.3806818181818183,A_peak_Q,PEAK,winter_peak,0,-0.019523025664011512,0.0015706217708001582,7.206107665277213,0.19845274913404387,optimal,CLARABEL,8.092432976811985,8.092432976811985
P1_old_full_opt,15,0.176,0.419,2.3806818181818183,A_peak_Q,PEAK,winter_peak,1,-0.020245510661434804,0.00131401990085583,6.737876445642843,0.173325411258489,optimal,CLARABEL,8.092432976811985,8.092432976811985
P1_old_full_opt,15,0.176,0.419,2.3806818181818183,A_peak_Q,PEAK,winter_peak,2,-0.021011924584695293,0.0011994690506934446,6.507558348509639,0.16160330538710924,optimal,CLARABEL,8.092432976811985,8.092432976811985
P1_old_full_opt,15,0.176,0.419,2.3806818181818183,A_peak_Q,PEAK,winter_peak,3,-0.022034963207435504,0.0011327560346367082,6.370891032862795,0.15485020382923112,optimal,CLARABEL,8.092432976811985,8.092432976811985
P1_old_full_opt,15,0.176,0.419,2.3806818181818183,A_peak_Q,PEAK,winter_peak,4,-0.023398119984188087,0.0010975189259685954,6.299051245352425,0.15136711486945736,optimal,CLARABEL,8.092432976811985,8.092432976811985
P1_old_full_opt,15,0.176,0.419,2.3806818181818183,A_peak_Q,PEAK,winter_peak,5,-0.02516477617673135,0.0011110137024950768,6.330414602004147,0.15290590184416916,optimal,CLARABEL,8.092432976811985,8.092432976811985
P1_old_full_opt,15,0.176,0.419,2.3806818181818183,A_peak_Q,PEAK,winter_peak,6,-0.027462858079988946,0.0011881390714824777,6.495622398576763,0.16107173652160334,optimal,CLARABEL,8.092432976811985,8.092432976811985
P1_old_full_opt,15,0.176,0.419,2.3806818181818183,A_peak_Q,PEAK,winter_peak,7,-0.030509974589009885,0.0013696790326996437,6.86725473896823,0.18020779726698696,optimal,CLARABEL,8.092432976811985,8.092432976811985
P1_old_full_opt,15,0.176,0.419,2.3806818181818183,A_peak_Q,PEAK,winter_peak,8,-0.03480103713745053,0.0017341091534620536,7.491082786352432,0.21477866599348738,optimal,CLARABEL,8.092432976811985,8.092432976811985
P1_old_full_opt,15,0.176,0.419,2.3806818181818183,A_peak_Q,PEAK,winter_peak,9,-0.03258102484480457,0.0029133016750852686,8.3236106347833,0.26560180793688604,optimal,CLARABEL,8.092432976811985,8.092432976811985
P1_old_full_opt,15,0.176,0.419,2.3806818181818183,A_peak_Q,PEAK,winter_peak,10,0.17552270896081437,0.012947456983083099,8.3582433185286,0.26515891973525163,optimal,CLARABEL,8.092432976811985,8.092432976811985
P1_old_full_opt,15,0.176,0.419,2.3806818181818183,A_peak_Q,PEAK,winter_peak,11,0.14156324611523152,0.010874162796090946,8.355867388055602,0.26538568092756687,optimal,CLARABEL,8.092432976811985,8.092432976811985
P1_old_full_opt,15,0.176,0.419,2.3806818181818183,A_peak_Q,PEAK,winter_peak,12,-0.009132993300193779,0.005832483864121551,8.342662615934966,0.26639281120572017,optimal,CLARABEL,8.092432976811985,8.092432976811985
P1_old_full_opt,15,0.176,0.419,2.3806818181818183,A_peak_Q,PEAK,winter_peak,13,-0.06083580569075627,0.002035538043383677,8.005692983482678,0.24592476168021615,optimal,CLARABEL,8.092432976811985,8.092432976811985
P1_old_full_opt,15,0.176,0.419,2.3806818181818183,A_peak_Q,PEAK,winter_peak,14,-0.05651095905758491,0.002316377929804059,8.228726533478357,0.259872288867398,optimal,CLARABEL,8.092432976811985,8.092432976811985
P1_old_full_opt,15,0.176,0.419,2.3806818181818183,A_peak_Q,PEAK,winter_peak,15,-0.05033575539390084,0.0027037681048051702,8.315590557568143,0.2653359501184937,optimal,CLARABEL,8.092432976811985,8.092432976811985
P1_old_full_opt,15,0.176,0.419,2.3806818181818183,A_peak_Q,PEAK,winter_peak,16,-0.009445431584734702,0.005091673396321259,8.343931998916588,0.26651207096975116,optimal,CLARABEL,8.092432976811985,8.092432976811985
P1_old_full_opt,15,0.176,0.419,2.3806818181818183,A_peak_Q,PEAK,winter_peak,17,0.12314915245959454,0.010056505814693277,8.332148784430577,0.2640647601955912,optimal,CLARABEL,8.092432976811985,8.092432976811985
P1_old_full_opt,15,0.176,0.419,2.3806818181818183,A_peak_Q,PEAK,winter_peak,18,0.00952290699948128,0.005673416821701739,8.350648528099846,0.2666814027684068,optimal,CLARABEL,8.092432976811985,8.092432976811985
P1_old_full_opt,15,0.176,0.419,2.3806818181818183,A_peak_Q,PEAK,winter_peak,19,-0.041997839311370924,0.0022827295374005362,8.166719447900725,0.25574017307181685,optimal,CLARABEL,8.092432976811985,8.092432976811985
P1_old_full_opt,15,0.176,0.419,2.3806818181818183,A_peak_Q,PEAK,winter_peak,20,-0.039276580113458505,0.002041228336303909,7.910840004065589,0.23979947048653433,optimal,CLARABEL,8.092432976811985,8.092432976811985
P1_old_full_opt,15,0.176,0.419,2.3806818181818183,A_peak_Q,PEAK,winter_peak,21,-0.037454520194733325,0.0018158913081371892,7.61311402403597,0.22192459668525744,optimal,CLARABEL,8.092432976811985,8.092432976811985
P1_old_full_opt,15,0.176,0.419,2.3806818181818183,A_peak_Q,PEAK,winter_peak,22,-0.036419762209706885,0.0016201639440427847,7.323286578600512,0.20520923806469143,optimal,CLARABEL,8.092432976811985,8.092432976811985
P1_old_full_opt,15,0.176,0.419,2.3806818181818183,A_peak_Q,PEAK,winter_peak,23,-0.035872860281004386,0.0015565297658147014,7.218214117579396,0.19931169193823134,optimal,CLARABEL,8.092432976811985,8.092432976811985
P1_old_full_opt,15,0.176,0.419,2.3806818181818183,B_peak_PQ,AVG,summer,0,0.15720747701041893,0.07913159401919319,6.286226258218805,0.14683605801453412,optimal,CLARABEL,-26832.67558253543,nan
P1_old_full_opt,15,0.176,0.419,2.3806818181818183,B_peak_PQ,AVG,summer,1,0.021662642630904436,0.17465884047882768,5.8800357380304265,0.1264833245829767,optimal,CLARABEL,-26832.67558253543,nan
P1_old_full_opt,15,0.176,0.419,2.3806818181818183,B_peak_PQ,AVG,summer,2,-3.294731323618721e-16,0.17594699209053163,5.668024657421519,0.11747506524879937,optimal,CLARABEL,-26832.67558253543,nan
P1_old_full_opt,15,0.176,0.419,2.3806818181818183,B_peak_PQ,AVG,summer,3,-0.05520798631021347,0.16711695978437083,5.5808906386444015,0.11452673612349323,optimal,CLARABEL,-26832.67558253543,nan
P1_old_full_opt,15,0.176,0.419,2.3806818181818183,B_peak_PQ,AVG,summer,4,-0.143894927114677,0.10134224168954276,5.58729785064958,0.11738098333334414,optimal,CLARABEL,-26832.67558253543,nan
P1_old_full_opt,15,0.176,0.419,2.3806818181818183,B_peak_PQ,AVG,summer,5,-0.14389492711467813,0.10134224168954117,5.581082353260309,0.11711717227906931,optimal,CLARABEL,-26832.67558253543,nan
P1_old_full_opt,15,0.176,0.419,2.3806818181818183,B_peak_PQ,AVG,summer,6,-0.05451260994021738,0.1673278999000687,5.57839882456682,0.11441040895236448,optimal,CLARABEL,-26832.67558253543,nan
P1_old_full_opt,15,0.176,0.419,2.3806818181818183,B_peak_PQ,AVG,summer,7,-1.1716873844393788e-05,0.1759469920905317,5.81285785537178,0.12370763030473181,optimal,CLARABEL,-26832.67558253543,nan
P1_old_full_opt,15,0.176,0.419,2.3806818181818183,B_peak_PQ,AVG,summer,8,-1.1716873844434884e-05,0.1759469920905318,6.274230936291723,0.14465592243466752,optimal,CLARABEL,-26832.67558253543,nan
P1_old_full_opt,15,0.176,0.419,2.3806818181818183,B_peak_PQ,AVG,summer,9,-2.788931460921594e-17,0.17594699209053186,6.873589870431235,0.17436481560351727,optimal,CLARABEL,-26832.67558253543,nan
P1_old_full_opt,15,0.176,0.419,2.3806818181818183,B_peak_PQ,AVG,summer,10,0.0,0.17594699209053186,7.210365507169367,0.19230011296665217,optimal,CLARABEL,-26832.67558253543,nan
P1_old_full_opt,15,0.176,0.419,2.3806818181818183,B_peak_PQ,AVG,summer,11,1.2009220229110452e-16,0.1759469920905319,7.316533789768012,0.19813996877529258,optimal,CLARABEL,-26832.67558253543,nan
P1_old_full_opt,15,0.176,0.419,2.3806818181818183,B_peak_PQ,AVG,summer,12,1.2074424062939957e-16,0.1759469920905319,7.272435506808473,0.19570349016075686,optimal,CLARABEL,-26832.67558253543,nan
P1_old_full_opt,15,0.176,0.419,2.3806818181818183,B_peak_PQ,AVG,summer,13,0.0,0.1759469920905319,7.09890030215487,0.18626478017215412,optimal,CLARABEL,-26832.67558253543,nan
P1_old_full_opt,15,0.176,0.419,2.3806818181818183,B_peak_PQ,AVG,summer,14,9.141192907267023e-16,0.1759469920905319,7.381360835854377,0.20174966970166258,optimal,CLARABEL,-26832.67558253543,nan
P1_old_full_opt,15,0.176,0.419,2.3806818181818183,B_peak_PQ,AVG,summer,15,0.06953438745284717,0.1616415655694244,7.450203995620178,0.2053239783914241,optimal,CLARABEL,-26832.67558253543,nan
P1_old_full_opt,15,0.176,0.419,2.3806818181818183,B_peak_PQ,AVG,summer,16,0.07913159401920371,0.15720747701041393,7.519106798643568,0.2092895987483474,optimal,CLARABEL,-26832.67558253543,nan
P1_old_full_opt,15,0.176,0.419,2.3806818181818183,B_peak_PQ,AVG,summer,17,0.03008929242171442,0.17340886506046826,7.71254703430512,0.22042892348948806,optimal,CLARABEL,-26832.67558253543,nan
P1_old_full_opt,15,0.176,0.419,2.3806818181818183,B_peak_PQ,AVG,summer,18,4.760821119345589e-16,0.1759469920905319,7.732218707639004,0.22186382944128413,optimal,CLARABEL,-26832.67558253543,nan
P1_old_full_opt,15,0.176,0.419,2.3806818181818183,B_peak_PQ,AVG,summer,19,1.3808007190263674e-16,0.1759469920905319,7.686160301982198,0.21916770993948165,optimal,CLARABEL,-26832.67558253543,nan
P1_old_full_opt,15,0.176,0.419,2.3806818181818183,B_peak_PQ,AVG,summer,20,1.0196677145605249e-16,0.1759469920905319,7.629289292084986,0.21586187705726917,optimal,CLARABEL,-26832.67558253543,nan
P1_old_full_opt,15,0.176,0.419,2.3806818181818183,B_peak_PQ,AVG,summer,21,0.0,0.1759469920905319,7.417391091263813,0.20377028891109678,optimal,CLARABEL,-26832.67558253543,nan
P1_old_full_opt,15,0.176,0.419,2.3806818181818183,B_peak_PQ,AVG,summer,22,0.0,0.1759469920905319,7.0647623676478934,0.18443600005517413,optimal,CLARABEL,-26832.67558253543,nan
P1_old_full_opt,15,0.176,0.419,2.3806818181818183,B_peak_PQ,AVG,summer,23,-3.134606899950448e-17,0.17594699209053183,6.747206107986729,0.16786502076401583,optimal,CLARABEL,-26832.67558253543,nan
P1_old_full_opt,15,0.176,0.419,2.3806818181818183,B_peak_PQ,AVG,winter,0,0.1213591358737529,0.12746748659942775,6.620436647385555,0.16184267535051916,optimal,CLARABEL,-30791.101304632728,nan
P1_old_full_opt,15,0.176,0.419,2.3806818181818183,B_peak_PQ,AVG,winter,1,2.9695638429345565e-16,0.17594699209053002,6.286712737916535,0.14524571676881742,optimal,CLARABEL,-30791.101304632728,nan
P1_old_full_opt,15,0.176,0.419,2.3806818181818183,B_peak_PQ,AVG,winter,2,-9.960696186117454e-15,0.17594699209052855,6.058456503683226,0.13465115421549798,optimal,CLARABEL,-30791.101304632728,nan
P1_old_full_opt,15,0.176,0.419,2.3806818181818183,B_peak_PQ,AVG,winter,3,-0.11072209789347907,0.1367454169844127,6.042356701447337,0.13613621513800955,optimal,CLARABEL,-30791.101304632728,nan
P1_old_full_opt,15,0.176,0.419,2.3806818181818183,B_peak_PQ,AVG,winter,4,-0.12873066003901196,0.119965438753312,6.007908819430498,0.13523409022960484,optimal,CLARABEL,-30791.101304632728,nan
P1_old_full_opt,15,0.176,0.419,2.3806818181818183,B_peak_PQ,AVG,winter,5,-0.09415958110019033,0.14869422748390507,6.020531677265476,0.13462656145329177,optimal,CLARABEL,-30791.101304632728,nan
P1_old_full_opt,15,0.176,0.419,2.3806818181818183,B_peak_PQ,AVG,winter,6,-1.1716873847058517e-05,0.17594699209052891,6.095887463503354,0.13636063064630294,optimal,CLARABEL,-30791.101304632728,nan
P1_old_full_opt,15,0.176,0.419,2.3806818181818183,B_peak_PQ,AVG,winter,7,-1.1716873843751397e-05,0.17594699209053016,6.462667741586403,0.15369189677435563,optimal,CLARABEL,-30791.101304632728,nan
P1_old_full_opt,15,0.176,0.419,2.3806818181818183,B_peak_PQ,AVG,winter,8,-9.970173000222862e-16,0.17594699209053105,7.037818231556117,0.18299909111339657,optimal,CLARABEL,-30791.101304632728,nan
P1_old_full_opt,15,0.176,0.419,2.3806818181818183,B_peak_PQ,AVG,winter,9,0.05781029872257011,0.16618583751458207,7.653269962419514,0.21691358105086994,optimal,CLARABEL,-30791.101304632728,nan
P1_old_full_opt,15,0.176,0.419,2.3806818181818183,B_peak_PQ,AVG,winter,10,0.13874897126227748,0.10828075994219545,7.614039309695955,0.2159856090811017,optimal,CLARABEL,-30791.101304632728,nan
P1_old_full_opt,15,0.176,0.419,2.3806818181818183,B_peak_PQ,AVG,winter,11,0.07913159402037864,0.15720747700978643,7.496568116198431,0.2080069389294229,optimal,CLARABEL,-30791.101304632728,nan
P1_old_full_opt,15,0.176,0.419,2.3806818181818183,B_peak_PQ,AVG,winter,12,3.71335601650342e-15,0.1759469920905315,7.306632757630635,0.1975915865929206,optimal,CLARABEL,-30791.101304632728,nan
P1_old_full_opt,15,0.176,0.419,2.3806818181818183,B_peak_PQ,AVG,winter,13,0.0,0.17594699209053108,6.896909183423005,0.17557786506528483,optimal,CLARABEL,-30791.101304632728,nan
P1_old_full_opt,15,0.176,0.419,2.3806818181818183,B_peak_PQ,AVG,winter,14,0.0,0.17594699209053127,7.136643023750912,0.18829738375819377,optimal,CLARABEL,-30791.101304632728,nan
P1_old_full_opt,15,0.176,0.419,2.3806818181818183,B_peak_PQ,AVG,winter,15,2.610086999534433e-16,0.17594699209053138,7.263437857129111,0.1952082495313973,optimal,CLARABEL,-30791.101304632728,nan
P1_old_full_opt,15,0.176,0.419,2.3806818181818183,B_peak_PQ,AVG,winter,16,1.921901570646682e-15,0.17594699209053152,7.396672364079811,0.2026071025420953,optimal,CLARABEL,-30791.101304632728,nan
P1_old_full_opt,15,0.176,0.419,2.3806818181818183,B_peak_PQ,AVG,winter,17,6.679027725627443e-15,0.17594699209053163,7.594097070986975,0.21382905125426827,optimal,CLARABEL,-30791.101304632728,nan
P1_old_full_opt,15,0.176,0.419,2.3806818181818183,B_peak_PQ,AVG,winter,18,9.070513356669767e-16,0.1759469920905316,7.590488197466878,0.21362114135416166,optimal,CLARABEL,-30791.101304632728,nan
P1_old_full_opt,15,0.176,0.419,2.3806818181818183,B_peak_PQ,AVG,winter,19,1.7158271487774423e-16,0.1759469920905315,7.484075794758425,0.20753716543570822,optimal,CLARABEL,-30791.101304632728,nan
P1_old_full_opt,15,0.176,0.419,2.3806818181818183,B_peak_PQ,AVG,winter,20,0.0,0.17594699209053133,7.312033218840464,0.1978906023727518,optimal,CLARABEL,-30791.101304632728,nan
P1_old_full_opt,15,0.176,0.419,2.3806818181818183,B_peak_PQ,AVG,winter,21,-3.132419172859843e-17,0.17594699209053116,7.076440040532617,0.18506054117490323,optimal,CLARABEL,-30791.101304632728,nan
P1_old_full_opt,15,0.176,0.419,2.3806818181818183,B_peak_PQ,AVG,winter,22,-0.021544278835028196,0.17467639808937488,6.855567790505056,0.17370403569507423,optimal,CLARABEL,-30791.101304632728,nan
P1_old_full_opt,15,0.176,0.419,2.3806818181818183,B_peak_PQ,AVG,winter,23,-0.08609997663297285,0.1534827989037881,6.843297954803016,0.17448711010058954,optimal,CLARABEL,-30791.101304632728,nan
P1_old_full_opt,15,0.176,0.419,2.3806818181818183,B_peak_PQ,AVG,shoulder,0,0.16090091700377365,0.07132247126497805,5.794237193040715,0.12458325196959755,optimal,CLARABEL,-25275.436605278457,nan
P1_old_full_opt,15,0.176,0.419,2.3806818181818183,B_peak_PQ,AVG,shoulder,1,0.017969305779195074,0.17502850220260713,5.467575303802829,0.10898319614603172,optimal,CLARABEL,-25275.436605278457,nan
P1_old_full_opt,15,0.176,0.419,2.3806818181818183,B_peak_PQ,AVG,shoulder,2,-3.216595700528209e-15,0.17594699209052922,5.288569408272008,0.1019229234392867,optimal,CLARABEL,-25275.436605278457,nan
P1_old_full_opt,15,0.176,0.419,2.3806818181818183,B_peak_PQ,AVG,shoulder,3,-0.12300985412209517,0.12581676835108124,5.308989002252518,0.10505153168796653,optimal,CLARABEL,-25275.436605278457,nan
P1_old_full_opt,15,0.176,0.419,2.3806818181818183,B_peak_PQ,AVG,shoulder,4,-0.15313531043516804,0.08675008183237269,5.295582639361204,0.10578450792409068,optimal,CLARABEL,-25275.436605278457,nan
P1_old_full_opt,15,0.176,0.419,2.3806818181818183,B_peak_PQ,AVG,shoulder,5,-0.12135913587394148,0.1274674865992374,5.30106317029204,0.10467732835931523,optimal,CLARABEL,-25275.436605278457,nan
P1_old_full_opt,15,0.176,0.419,2.3806818181818183,B_peak_PQ,AVG,shoulder,6,-1.1716873844310174e-05,0.17594699209052939,5.323994922894986,0.10332743648293685,optimal,CLARABEL,-25275.436605278457,nan
P1_old_full_opt,15,0.176,0.419,2.3806818181818183,B_peak_PQ,AVG,shoulder,7,-1.1716873843627044e-05,0.17594699209052983,5.612108622658013,0.11511284212096304,optimal,CLARABEL,-25275.436605278457,nan
P1_old_full_opt,15,0.176,0.419,2.3806818181818183,B_peak_PQ,AVG,shoulder,8,-9.347967650500847e-16,0.1759469920905301,5.975641164252037,0.13090821894931787,optimal,CLARABEL,-25275.436605278457,nan
P1_old_full_opt,15,0.176,0.419,2.3806818181818183,B_peak_PQ,AVG,shoulder,9,1.7634570718867877e-15,0.1759469920905303,6.314382268696811,0.1465577794940985,optimal,CLARABEL,-25275.436605278457,nan
P1_old_full_opt,15,0.176,0.419,2.3806818181818183,B_peak_PQ,AVG,shoulder,10,0.07154527715597014,0.1607955376654724,6.248381858395223,0.1431944589465024,optimal,CLARABEL,-25275.436605278457,nan
P1_old_full_opt,15,0.176,0.419,2.3806818181818183,B_peak_PQ,AVG,shoulder,11,0.0469414453148281,0.1696245875801837,6.17325550079764,0.1396534414369152,optimal,CLARABEL,-25275.436605278457,nan
P1_old_full_opt,15,0.176,0.419,2.3806818181818183,B_peak_PQ,AVG,shoulder,12,1.2091228871632293e-15,0.17594699209053016,6.040642003576438,0.13384147220872544,optimal,CLARABEL,-25275.436605278457,nan
P1_old_full_opt,15,0.176,0.419,2.3806818181818183,B_peak_PQ,AVG,shoulder,13,0.0,0.17594699209053005,5.780846065648567,0.12231587854084709,optimal,CLARABEL,-25275.436605278457,nan
P1_old_full_opt,15,0.176,0.419,2.3806818181818183,B_peak_PQ,AVG,shoulder,14,1.2804933681764868e-16,0.17594699209053016,6.056674936424177,0.1345700687664637,optimal,CLARABEL,-25275.436605278457,nan
P1_old_full_opt,15,0.176,0.419,2.3806818181818183,B_peak_PQ,AVG,shoulder,15,1.3952471624059667e-15,0.17594699209053025,6.2197963978027895,0.14209744453007497,optimal,CLARABEL,-25275.436605278457,nan
P1_old_full_opt,15,0.176,0.419,2.3806818181818183,B_peak_PQ,AVG,shoulder,16,0.0043192562194383985,0.17594699209053047,6.36948706163956,0.14914367547058224,optimal,CLARABEL,-25275.436605278457,nan
P1_old_full_opt,15,0.176,0.419,2.3806818181818183,B_peak_PQ,AVG,shoulder,17,0.021544278834261788,0.1746763980894496,6.562511842238254,0.1584031348775461,optimal,CLARABEL,-25275.436605278457,nan
P1_old_full_opt,15,0.176,0.419,2.3806818181818183,B_peak_PQ,AVG,shoulder,18,0.004319256239485038,0.17594699208957573,6.643074270387078,0.1625571673087608,optimal,CLARABEL,-25275.436605278457,nan
P1_old_full_opt,15,0.176,0.419,2.3806818181818183,B_peak_PQ,AVG,shoulder,19,0.030089292420851777,0.17340886506059397,6.6605764175959346,0.16324016562941152,optimal,CLARABEL,-25275.436605278457,nan
P1_old_full_opt,15,0.176,0.419,2.3806818181818183,B_peak_PQ,AVG,shoulder,20,5.790920742066268e-14,0.17594699209053036,6.644225225663048,0.1626618425153908,optimal,CLARABEL,-25275.436605278457,nan
P1_old_full_opt,15,0.176,0.419,2.3806818181818183,B_peak_PQ,AVG,shoulder,21,4.578654552253025e-16,0.17594699209053025,6.456399511894064,0.15338671879634724,optimal,CLARABEL,-25275.436605278457,nan
P1_old_full_opt,15,0.176,0.419,2.3806818181818183,B_peak_PQ,AVG,shoulder,22,0.0,0.17594699209053016,6.246558509854141,0.143352329431425,optimal,CLARABEL,-25275.436605278457,nan
P1_old_full_opt,15,0.176,0.419,2.3806818181818183,B_peak_PQ,AVG,shoulder,23,0.0,0.17594699209053014,6.107459817746817,0.13689121850409802,optimal,CLARABEL,-25275.436605278457,nan
P1_old_full_opt,15,0.176,0.419,2.3806818181818183,B_peak_PQ,PEAK,summer_peak,0,-0.012479121112958277,0.0015344673521353641,7.083402287275174,0.19162118418983393,optimal,CLARABEL,8.347375290622965,8.347375290622965
P1_old_full_opt,15,0.176,0.419,2.3806818181818183,B_peak_PQ,PEAK,summer_peak,1,-0.013190382390296934,0.001159347768834382,6.360607508637537,0.15426084868233683,optimal,CLARABEL,8.347375290622965,8.347375290622965
P1_old_full_opt,15,0.176,0.419,2.3806818181818183,B_peak_PQ,PEAK,summer_peak,2,-0.013599007032591356,0.0010358577054602788,6.081567020314627,0.1409374826952317,optimal,CLARABEL,8.347375290622965,8.347375290622965
P1_old_full_opt,15,0.176,0.419,2.3806818181818183,B_peak_PQ,PEAK,summer_peak,3,-0.014060795060190576,0.0009589488919141924,5.907375578623544,0.13293167231899627,optimal,CLARABEL,8.347375290622965,8.347375290622965
P1_old_full_opt,15,0.176,0.419,2.3806818181818183,B_peak_PQ,PEAK,summer_peak,4,-0.014617853871768519,0.0009125575503991911,5.802029798319788,0.12820762706728853,optimal,CLARABEL,8.347375290622965,8.347375290622965
P1_old_full_opt,15,0.176,0.419,2.3806818181818183,B_peak_PQ,PEAK,summer_peak,5,-0.015272266893936084,0.0009081246310698462,5.792043152375055,0.1277695033876952,optimal,CLARABEL,8.347375290622965,8.347375290622965
P1_old_full_opt,15,0.176,0.419,2.3806818181818183,B_peak_PQ,PEAK,summer_peak,6,-0.016032758804472996,0.0009549687114845498,5.8987725053586315,0.13255965357407934,optimal,CLARABEL,8.347375290622965,8.347375290622965
P1_old_full_opt,15,0.176,0.419,2.3806818181818183,B_peak_PQ,PEAK,summer_peak,7,-0.0168477987294975,0.0011038793580380555,6.236722074765444,0.14830288968879496,optimal,CLARABEL,8.347375290622965,8.347375290622965
P1_old_full_opt,15,0.176,0.419,2.3806818181818183,B_peak_PQ,PEAK,summer_peak,8,-0.01771629627340189,0.0013686530138382245,6.801555011677583,0.17661505900175306,optimal,CLARABEL,8.347375290622965,8.347375290622965
P1_old_full_opt,15,0.176,0.419,2.3806818181818183,B_peak_PQ,PEAK,summer_peak,9,-0.01846143403347944,0.0018663319815595074,7.542126405593189,0.2175420519768676,optimal,CLARABEL,8.347375290622965,8.347375290622965
P1_old_full_opt,15,0.176,0.419,2.3806818181818183,B_peak_PQ,PEAK,summer_peak,10,-0.019616347632497005,0.002221778562400494,8.001961610585573,0.2451492648491509,optimal,CLARABEL,8.347375290622965,8.347375290622965
P1_old_full_opt,15,0.176,0.419,2.3806818181818183,B_peak_PQ,PEAK,summer_peak,11,-0.021581311379704524,0.0023287559894641127,8.177314446910971,0.2561411287790276,optimal,CLARABEL,8.347375290622965,8.347375290622965
P1_old_full_opt,15,0.176,0.419,2.3806818181818183,B_peak_PQ,PEAK,summer_peak,12,-0.024581362717635682,0.0023328489713186863,8.191450604932024,0.25707478952241314,optimal,CLARABEL,8.347375290622965,8.347375290622965
P1_old_full_opt,15,0.176,0.419,2.3806818181818183,B_peak_PQ,PEAK,summer_peak,13,-0.028986454691548515,0.002245739012446455,8.061936599454919,0.24899205354796286,optimal,CLARABEL,8.347375290622965,8.347375290622965
P1_old_full_opt,15,0.176,0.419,2.3806818181818183,B_peak_PQ,PEAK,summer_peak,14,-0.033531497406263926,0.0024547850446580916,8.395571208618929,0.27029432626900984,optimal,CLARABEL,8.347375290622965,8.347375290622965
P1_old_full_opt,15,0.176,0.419,2.3806818181818183,B_peak_PQ,PEAK,summer_peak,15,-0.03845645594222645,0.002878128088556834,8.572898997521202,0.2820010911215074,optimal,CLARABEL,8.347375290622965,8.347375290622965
P1_old_full_opt,15,0.176,0.419,2.3806818181818183,B_peak_PQ,PEAK,summer_peak,16,-0.0020607444823691826,0.032675058470844384,8.633096382849859,0.2841505379028293,optimal,CLARABEL,8.347375290622965,8.347375290622965
P1_old_full_opt,15,0.176,0.419,2.3806818181818183,B_peak_PQ,PEAK,summer_peak,17,0.13576510913961098,0.11191349428640954,8.64601417069943,0.27986530196140336,optimal,CLARABEL,8.347375290622965,8.347375290622965
P1_old_full_opt,15,0.176,0.419,2.3806818181818183,B_peak_PQ,PEAK,summer_peak,18,0.13741914611439526,0.10989838960935397,8.64608731994086,0.2799412112254762,optimal,CLARABEL,8.347375290622965,8.347375290622965
P1_old_full_opt,15,0.176,0.419,2.3806818181818183,B_peak_PQ,PEAK,summer_peak,19,0.07983086368992615,0.15683028635544743,8.643503228058863,0.27840769364008744,optimal,CLARABEL,8.347375290622965,8.347375290622965
P1_old_full_opt,15,0.176,0.419,2.3806818181818183,B_peak_PQ,PEAK,summer_peak,20,0.004718332219537187,0.17592640435792412,8.640073969149658,0.27838510159682783,optimal,CLARABEL,8.347375290622965,8.347375290622965
P1_old_full_opt,15,0.176,0.419,2.3806818181818183,B_peak_PQ,PEAK,summer_peak,21,-0.07140774955140534,0.002311010139317462,8.426658912535082,0.2728599984590002,optimal,CLARABEL,8.347375290622965,8.347375290622965
P1_old_full_opt,15,0.176,0.419,2.3806818181818183,B_peak_PQ,PEAK,summer_peak,22,-0.06938731094639788,0.0020128449119252473,7.974150188527299,0.24409144786085848,optimal,CLARABEL,8.347375290622965,8.347375290622965
P1_old_full_opt,15,0.176,0.419,2.3806818181818183,B_peak_PQ,PEAK,summer_peak,23,-0.06872431408154288,0.001701340207431307,7.541086883055286,0.21810653583443235,optimal,CLARABEL,8.347375290622965,8.347375290622965
P1_old_full_opt,15,0.176,0.419,2.3806818181818183,B_peak_PQ,PEAK,winter_peak,0,-0.019919117392430866,0.0016258399801722344,7.206529544041861,0.19847844119196398,optimal,CLARABEL,8.077528587696175,8.077528587696175
P1_old_full_opt,15,0.176,0.419,2.3806818181818183,B_peak_PQ,PEAK,winter_peak,1,-0.020664085317060876,0.0013708293046739125,6.738320399122024,0.17335070543119102,optimal,CLARABEL,8.077528587696175,8.077528587696175
P1_old_full_opt,15,0.176,0.419,2.3806818181818183,B_peak_PQ,PEAK,winter_peak,2,-0.021459224242607614,0.0012545366379875915,6.508031964701806,0.16162954897276058,optimal,CLARABEL,8.077528587696175,8.077528587696175
P1_old_full_opt,15,0.176,0.419,2.3806818181818183,B_peak_PQ,PEAK,winter_peak,3,-0.02252313046739171,0.0011855577052572973,6.371407528778609,0.15487846996462717,optimal,CLARABEL,8.077528587696175,8.077528587696175
P1_old_full_opt,15,0.176,0.419,2.3806818181818183,B_peak_PQ,PEAK,winter_peak,4,-0.02394381858477819,0.0011487560200830092,6.299628508272116,0.15139862473703491,optimal,CLARABEL,8.077528587696175,8.077528587696175
P1_old_full_opt,15,0.176,0.419,2.3806818181818183,B_peak_PQ,PEAK,winter_peak,5,-0.025792265041723772,0.001162712684777491,6.3310788589931715,0.15294261954593813,optimal,CLARABEL,8.077528587696175,8.077528587696175
P1_old_full_opt,15,0.176,0.419,2.3806818181818183,B_peak_PQ,PEAK,winter_peak,6,-0.028216646348475975,0.001242352009798623,6.496421932204581,0.1611174324697644,optimal,CLARABEL,8.077528587696175,8.077528587696175
P1_old_full_opt,15,0.176,0.419,2.3806818181818183,B_peak_PQ,PEAK,winter_peak,7,-0.031488538313892166,0.001425157755202998,6.868297034619728,0.18027148402536397,optimal,CLARABEL,8.077528587696175,8.077528587696175
P1_old_full_opt,15,0.176,0.419,2.3806818181818183,B_peak_PQ,PEAK,winter_peak,8,-0.036268076123976076,0.0017863826571966337,7.492656371144035,0.21488518811146948,optimal,CLARABEL,8.077528587696175,8.077528587696175
P1_old_full_opt,15,0.176,0.419,2.3806818181818183,B_peak_PQ,PEAK,winter_peak,9,-0.02893694110313707,0.0032395095821613437,8.319649627834071,0.2652833613962815,optimal,CLARABEL,8.077528587696175,8.077528587696175
P1_old_full_opt,15,0.176,0.419,2.3806818181818183,B_peak_PQ,PEAK,winter_peak,10,0.17594558205087002,0.004346011765609906,8.35819711839985,0.2655482893161475,optimal,CLARABEL,8.077528587696175,8.077528587696175
P1_old_full_opt,15,0.176,0.419,2.3806818181818183,B_peak_PQ,PEAK,winter_peak,11,0.14551717446715998,0.01036062017357841,8.351628021143291,0.26510170246179776,optimal,CLARABEL,8.077528587696175,8.077528587696175
P1_old_full_opt,15,0.176,0.419,2.3806818181818183,B_peak_PQ,PEAK,winter_peak,12,-0.0013640943363727315,0.006330435984053312,8.334339307965005,0.2657361577008171,optimal,CLARABEL,8.077528587696175,8.077528587696175
P1_old_full_opt,15,0.176,0.419,2.3806818181818183,B_peak_PQ,PEAK,winter_peak,13,-0.06482947069642833,0.0020664250709454064,8.01000713000104,0.24624527677778943,optimal,CLARABEL,8.077528587696175,8.077528587696175
P1_old_full_opt,15,0.176,0.419,2.3806818181818183,B_peak_PQ,PEAK,winter_peak,14,-0.05956512618828187,0.0023580384326334016,8.232031988061534,0.2601236002563536,optimal,CLARABEL,8.077528587696175,8.077528587696175
P1_old_full_opt,15,0.176,0.419,2.3806818181818183,B_peak_PQ,PEAK,winter_peak,15,-0.049228832784421604,0.0029438072411296823,8.314380043150454,0.2652318970512927,optimal,CLARABEL,8.077528587696175,8.077528587696175
P1_old_full_opt,15,0.176,0.419,2.3806818181818183,B_peak_PQ,PEAK,winter_peak,16,0.0017363370763562869,0.005607075522078615,8.331895710573338,0.2655720972128128,optimal,CLARABEL,8.077528587696175,8.077528587696175
P1_old_full_opt,15,0.176,0.419,2.3806818181818183,B_peak_PQ,PEAK,winter_peak,17,0.10971311151494967,0.009208352235480123,8.346684278026412,0.26516493809665687,optimal,CLARABEL,8.077528587696175,8.077528587696175
P1_old_full_opt,15,0.176,0.419,2.3806818181818183,B_peak_PQ,PEAK,winter_peak,18,0.019026866799824703,0.006007504594147226,8.340328473461645,0.26588438941695475,optimal,CLARABEL,8.077528587696175,8.077528587696175
P1_old_full_opt,15,0.176,0.419,2.3806818181818183,B_peak_PQ,PEAK,winter_peak,19,-0.04403056644524082,0.002317445729171264,8.168916738755403,0.25590476820058006,optimal,CLARABEL,8.077528587696175,8.077528587696175
P1_old_full_opt,15,0.176,0.419,2.3806818181818183,B_peak_PQ,PEAK,winter_peak,20,-0.041160364744347706,0.0020879957742649348,7.912870226906138,0.2399459110951435,optimal,CLARABEL,8.077528587696175,8.077528587696175
P1_old_full_opt,15,0.176,0.419,2.3806818181818183,B_peak_PQ,PEAK,winter_peak,21,-0.03920723777344184,0.0018705422030620162,7.614996794029543,0.22205463104356782,optimal,CLARABEL,8.077528587696175,8.077528587696175
P1_old_full_opt,15,0.176,0.419,2.3806818181818183,B_peak_PQ,PEAK,winter_peak,22,-0.03810518739069932,0.0016755148420578092,7.325091692484457,0.20532890277696214,optimal,CLARABEL,8.077528587696175,8.077528587696175
P1_old_full_opt,15,0.176,0.419,2.3806818181818183,B_peak_PQ,PEAK,winter_peak,23,-0.03752559941497546,0.0016123347107378594,7.219982297959761,0.19942710711900863,optimal,CLARABEL,8.077528587696175,8.077528587696175
P2_dev_run1,17,0.303,0.404,1.3333333333333335,A0_no_peak_loss,AVG,summer,0,0.17246777322978604,0.24906596469571335,6.268422642002313,0.14094203278916448,optimal,CLARABEL,-38039.52524877846,nan
P2_dev_run1,17,0.303,0.404,1.3333333333333335,A0_no_peak_loss,AVG,summer,1,-1.4581443299623452e-15,0.3029087420649476,5.9047026944575345,0.12503040996058418,optimal,CLARABEL,-38039.52524877846,nan
P2_dev_run1,17,0.303,0.404,1.3333333333333335,A0_no_peak_loss,AVG,summer,2,-5.946008038519928e-07,0.3029087420649467,5.669342954547273,0.11498393311252501,optimal,CLARABEL,-38039.52524877846,nan
P2_dev_run1,17,0.303,0.404,1.3333333333333335,A0_no_peak_loss,AVG,summer,3,-5.94600813323802e-07,0.30290874206494606,5.525684245650579,0.10906425082582541,optimal,CLARABEL,-38039.52524877846,nan
P2_dev_run1,17,0.303,0.404,1.3333333333333335,A0_no_peak_loss,AVG,summer,4,-0.18910419758580807,0.23666214126021654,5.634983792972332,0.1174058955579045,optimal,CLARABEL,-38039.52524877846,nan
P2_dev_run1,17,0.303,0.404,1.3333333333333335,A0_no_peak_loss,AVG,summer,5,-0.1941635773972192,0.23251001555424464,5.634066836096384,0.11753347049514601,optimal,CLARABEL,-38039.52524877846,nan
P2_dev_run1,17,0.303,0.404,1.3333333333333335,A0_no_peak_loss,AVG,summer,6,-1.1297415357098635e-05,0.30290874206494606,5.523922670327556,0.1089927755763862,optimal,CLARABEL,-38039.52524877846,nan
P2_dev_run1,17,0.303,0.404,1.3333333333333335,A0_no_peak_loss,AVG,summer,7,-1.1297415353175972e-05,0.30290874206494717,5.814069236120223,0.12111056543406308,optimal,CLARABEL,-38039.52524877846,nan
P2_dev_run1,17,0.303,0.404,1.3333333333333335,A0_no_peak_loss,AVG,summer,8,-1.1297415350749077e-05,0.30290874206494817,6.2751020065560095,0.14171854707984566,optimal,CLARABEL,-38039.52524877846,nan
P2_dev_run1,17,0.303,0.404,1.3333333333333335,A0_no_peak_loss,AVG,summer,9,-4.4160298935905985e-16,0.30290874206494883,6.874012449749015,0.17097854242206822,optimal,CLARABEL,-38039.52524877846,nan
P2_dev_run1,17,0.303,0.404,1.3333333333333335,A0_no_peak_loss,AVG,summer,10,3.501130665797624e-17,0.302908742064949,7.210532412759933,0.18865816605798869,optimal,CLARABEL,-38039.52524877846,nan
P2_dev_run1,17,0.303,0.404,1.3333333333333335,A0_no_peak_loss,AVG,summer,11,1.3206861230283446e-15,0.30290874206494917,7.316619572603639,0.19441689911169016,optimal,CLARABEL,-38039.52524877846,nan
P2_dev_run1,17,0.303,0.404,1.3333333333333335,A0_no_peak_loss,AVG,summer,12,1.0050131568378487e-15,0.3029087420649491,7.27255501551527,0.1920141463683219,optimal,CLARABEL,-38039.52524877846,nan
P2_dev_run1,17,0.303,0.404,1.3333333333333335,A0_no_peak_loss,AVG,summer,13,0.0,0.302908742064949,7.099152107778301,0.1827077332963522,optimal,CLARABEL,-38039.52524877846,nan
P2_dev_run1,17,0.303,0.404,1.3333333333333335,A0_no_peak_loss,AVG,summer,14,3.3995784536317253e-15,0.30290874206494917,7.381396960672462,0.19797694202051933,optimal,CLARABEL,-38039.52524877846,nan
P2_dev_run1,17,0.303,0.404,1.3333333333333335,A0_no_peak_loss,AVG,summer,15,0.07731144997107248,0.2929014824076122,7.441175550882413,0.2004968154165213,optimal,CLARABEL,-38039.52524877846,nan
P2_dev_run1,17,0.303,0.404,1.3333333333333335,A0_no_peak_loss,AVG,summer,16,0.09504556734076704,0.2877070387197182,7.501005127109481,0.20376931973547302,optimal,CLARABEL,-38039.52524877846,nan
P2_dev_run1,17,0.303,0.404,1.3333333333333335,A0_no_peak_loss,AVG,summer,17,9.063256803461845e-15,0.30290874206494933,7.745523924278766,0.21860658000682764,optimal,CLARABEL,-38039.52524877846,nan
P2_dev_run1,17,0.303,0.404,1.3333333333333335,A0_no_peak_loss,AVG,summer,18,1.842726180079812e-15,0.3029087420649493,7.731984429136179,0.21782069843923277,optimal,CLARABEL,-38039.52524877846,nan
P2_dev_run1,17,0.303,0.404,1.3333333333333335,A0_no_peak_loss,AVG,summer,19,8.477823570920568e-16,0.3029087420649493,7.685961679396236,0.21516023485428581,optimal,CLARABEL,-38039.52524877846,nan
P2_dev_run1,17,0.303,0.404,1.3333333333333335,A0_no_peak_loss,AVG,summer,20,6.820707239366568e-16,0.3029087420649492,7.629134629368792,0.2118983618418445,optimal,CLARABEL,-38039.52524877846,nan
P2_dev_run1,17,0.303,0.404,1.3333333333333335,A0_no_peak_loss,AVG,summer,21,0.0,0.3029087420649491,7.41739957587174,0.19996992101979028,optimal,CLARABEL,-38039.52524877846,nan
P2_dev_run1,17,0.303,0.404,1.3333333333333335,A0_no_peak_loss,AVG,summer,22,-8.888806778027803e-17,0.30290874206494894,7.06504012008617,0.1809048999942175,optimal,CLARABEL,-38039.52524877846,nan
P2_dev_run1,17,0.303,0.404,1.3333333333333335,A0_no_peak_loss,AVG,summer,23,-7.30475623049534e-16,0.3029087420649487,6.747723991453984,0.16457405173203588,optimal,CLARABEL,-38039.52524877846,nan
P2_dev_run1,17,0.303,0.404,1.3333333333333335,A0_no_peak_loss,AVG,winter,0,0.17246777322978316,0.24906596469571707,6.5648047628134885,0.1550441731403389,optimal,CLARABEL,-44927.745739606195,nan
P2_dev_run1,17,0.303,0.404,1.3333333333333335,A0_no_peak_loss,AVG,winter,1,-1.830072484959461e-16,0.3029087420649498,6.287574939906356,0.14229906625940836,optimal,CLARABEL,-44927.745739606195,nan
P2_dev_run1,17,0.303,0.404,1.3333333333333335,A0_no_peak_loss,AVG,winter,2,-5.946008071574176e-07,0.3029087420649497,6.059488302620205,0.1318735238904576,optimal,CLARABEL,-44927.745739606195,nan
P2_dev_run1,17,0.303,0.404,1.3333333333333335,A0_no_peak_loss,AVG,winter,3,-0.13047273371006574,0.27337100349892357,6.06365084851721,0.1344634517422178,optimal,CLARABEL,-44927.745739606195,nan
P2_dev_run1,17,0.303,0.404,1.3333333333333335,A0_no_peak_loss,AVG,winter,4,-0.18641517194593712,0.23886896757085546,6.068800818470871,0.13636102931331384,optimal,CLARABEL,-44927.745739606195,nan
P2_dev_run1,17,0.303,0.404,1.3333333333333335,A0_no_peak_loss,AVG,winter,5,-0.06638767576750094,0.29563774540168003,5.992660423462401,0.129884055822925,optimal,CLARABEL,-44927.745739606195,nan
P2_dev_run1,17,0.303,0.404,1.3333333333333335,A0_no_peak_loss,AVG,winter,6,-1.1297415353690402e-05,0.3029087420649497,6.09689061453703,0.13355533606086775,optimal,CLARABEL,-44927.745739606195,nan
P2_dev_run1,17,0.303,0.404,1.3333333333333335,A0_no_peak_loss,AVG,winter,7,-1.1297415353511561e-05,0.3029087420649498,6.463398517829323,0.15061422739816177,optimal,CLARABEL,-44927.745739606195,nan
P2_dev_run1,17,0.303,0.404,1.3333333333333335,A0_no_peak_loss,AVG,winter,8,-2.439666719452409e-16,0.3029087420649498,7.038116444911427,0.17948845196947807,optimal,CLARABEL,-44927.745739606195,nan
P2_dev_run1,17,0.303,0.404,1.3333333333333335,A0_no_peak_loss,AVG,winter,9,0.02229006277074001,0.3021790083736391,7.691935282957922,0.21518167456178233,optimal,CLARABEL,-44927.745739606195,nan
P2_dev_run1,17,0.303,0.404,1.3333333333333335,A0_no_peak_loss,AVG,winter,10,0.22609893845931425,0.20159135425838967,7.518094104756768,0.2062033061225853,optimal,CLARABEL,-44927.745739606195,nan
P2_dev_run1,17,0.303,0.404,1.3333333333333335,A0_no_peak_loss,AVG,winter,11,0.09651985479534585,0.28717953023361426,7.476877191424943,0.20241695425054942,optimal,CLARABEL,-44927.745739606195,nan
P2_dev_run1,17,0.303,0.404,1.3333333333333335,A0_no_peak_loss,AVG,winter,12,2.0682568700807905e-16,0.30290874206494983,7.3067261164325,0.1938760928955484,optimal,CLARABEL,-44927.745739606195,nan
P2_dev_run1,17,0.303,0.404,1.3333333333333335,A0_no_peak_loss,AVG,winter,13,-1.1259656172371881e-17,0.30290874206494983,6.897314139739478,0.17217396888252462,optimal,CLARABEL,-44927.745739606195,nan
P2_dev_run1,17,0.303,0.404,1.3333333333333335,A0_no_peak_loss,AVG,winter,14,0.0,0.30290874206494983,7.1368661126580895,0.1847116201661407,optimal,CLARABEL,-44927.745739606195,nan
P2_dev_run1,17,0.303,0.404,1.3333333333333335,A0_no_peak_loss,AVG,winter,15,0.0,0.30290874206494983,7.263564241800788,0.19152578170384132,optimal,CLARABEL,-44927.745739606195,nan
P2_dev_run1,17,0.303,0.404,1.3333333333333335,A0_no_peak_loss,AVG,winter,16,5.275898245162966e-17,0.30290874206494983,7.396696746390461,0.19882263235351255,optimal,CLARABEL,-44927.745739606195,nan
P2_dev_run1,17,0.303,0.404,1.3333333333333335,A0_no_peak_loss,AVG,winter,17,6.355550964791235e-17,0.30290874206494983,7.593969574205465,0.20989270197351753,optimal,CLARABEL,-44927.745739606195,nan
P2_dev_run1,17,0.303,0.404,1.3333333333333335,A0_no_peak_loss,AVG,winter,18,-5.3032331583614924e-17,0.30290874206494983,7.590363484956658,0.20968757634470558,optimal,CLARABEL,-44927.745739606195,nan
P2_dev_run1,17,0.303,0.404,1.3333333333333335,A0_no_peak_loss,AVG,winter,19,-9.618911163353404e-17,0.30290874206494983,7.4840330459255,0.2036855641035526,optimal,CLARABEL,-44927.745739606195,nan
P2_dev_run1,17,0.303,0.404,1.3333333333333335,A0_no_peak_loss,AVG,winter,20,-1.9162842331042105e-16,0.30290874206494983,7.312122445654483,0.19417097668753458,optimal,CLARABEL,-44927.745739606195,nan
P2_dev_run1,17,0.303,0.404,1.3333333333333335,A0_no_peak_loss,AVG,winter,21,-1.181156169775051e-15,0.30290874206494983,7.076708920162453,0.18152056830550287,optimal,CLARABEL,-44927.745739606195,nan
P2_dev_run1,17,0.303,0.404,1.3333333333333335,A0_no_peak_loss,AVG,winter,22,-0.029528387429938973,0.3014660956199997,6.864342029954462,0.17092642623551108,optimal,CLARABEL,-44927.745739606195,nan
P2_dev_run1,17,0.303,0.404,1.3333333333333335,A0_no_peak_loss,AVG,winter,23,-0.16210427882578515,0.25599063027066427,6.923648553362814,0.17730303910680195,optimal,CLARABEL,-44927.745739606195,nan
P2_dev_run1,17,0.303,0.404,1.3333333333333335,A0_no_peak_loss,AVG,shoulder,0,0.17246777322978948,0.24906596469571207,5.780784458504873,0.11923586523172804,optimal,CLARABEL,-35650.08195703629,nan
P2_dev_run1,17,0.303,0.404,1.3333333333333335,A0_no_peak_loss,AVG,shoulder,1,-1.8295422424142928e-15,0.3029087420649475,5.48846615730279,0.10755685725083945,optimal,CLARABEL,-35650.08195703629,nan
P2_dev_run1,17,0.303,0.404,1.3333333333333335,A0_no_peak_loss,AVG,shoulder,2,-5.946008090296108e-07,0.30290874206494534,5.290163111193283,0.09970719709853128,optimal,CLARABEL,-35650.08195703629,nan
P2_dev_run1,17,0.303,0.404,1.3333333333333335,A0_no_peak_loss,AVG,shoulder,3,-0.08081396551442166,0.29202414793613474,5.2667283041647,0.09990959114570966,optimal,CLARABEL,-35650.08195703629,nan
P2_dev_run1,17,0.303,0.404,1.3333333333333335,A0_no_peak_loss,AVG,shoulder,4,-0.23607255338963634,0.1898226124847555,5.382745017139727,0.10869004375560992,optimal,CLARABEL,-35650.08195703629,nan
P2_dev_run1,17,0.303,0.404,1.3333333333333335,A0_no_peak_loss,AVG,shoulder,5,-0.06638767576690957,0.2956377454017956,5.245731569866819,0.09885804423791578,optimal,CLARABEL,-35650.08195703629,nan
P2_dev_run1,17,0.303,0.404,1.3333333333333335,A0_no_peak_loss,AVG,shoulder,6,-1.1297415353132851e-05,0.302908742064946,5.325562032176084,0.10108610014492259,optimal,CLARABEL,-35650.08195703629,nan
P2_dev_run1,17,0.303,0.404,1.3333333333333335,A0_no_peak_loss,AVG,shoulder,7,-1.1297415353047675e-05,0.3029087420649478,5.613466680723075,0.11266245456691189,optimal,CLARABEL,-35650.08195703629,nan
P2_dev_run1,17,0.303,0.404,1.3333333333333335,A0_no_peak_loss,AVG,shoulder,8,-8.509092618413326e-16,0.30290874206494883,5.976733389839518,0.12819159203756722,optimal,CLARABEL,-35650.08195703629,nan
P2_dev_run1,17,0.303,0.404,1.3333333333333335,A0_no_peak_loss,AVG,shoulder,9,6.384459772711132e-16,0.3029087420649494,6.3152239107948835,0.14359056909294088,optimal,CLARABEL,-35650.08195703629,nan
P2_dev_run1,17,0.303,0.404,1.3333333333333335,A0_no_peak_loss,AVG,shoulder,10,0.1205706734876578,0.27792405162843564,6.19581089682128,0.1373109613215179,optimal,CLARABEL,-35650.08195703629,nan
P2_dev_run1,17,0.303,0.404,1.3333333333333335,A0_no_peak_loss,AVG,shoulder,11,0.05180145229424602,0.29853912564386637,6.16869738154892,0.136291129376994,optimal,CLARABEL,-35650.08195703629,nan
P2_dev_run1,17,0.303,0.404,1.3333333333333335,A0_no_peak_loss,AVG,shoulder,12,5.921828484302245e-16,0.3029087420649491,6.041686333467485,0.13107694960053906,optimal,CLARABEL,-35650.08195703629,nan
P2_dev_run1,17,0.303,0.404,1.3333333333333335,A0_no_peak_loss,AVG,shoulder,13,-3.436724948646889e-17,0.3029087420649486,5.782081293178526,0.11974225357157584,optimal,CLARABEL,-35650.08195703629,nan
P2_dev_run1,17,0.303,0.404,1.3333333333333335,A0_no_peak_loss,AVG,shoulder,14,5.472104433359327e-17,0.3029087420649491,6.05770743877248,0.13179371861553485,optimal,CLARABEL,-35650.08195703629,nan
P2_dev_run1,17,0.303,0.404,1.3333333333333335,A0_no_peak_loss,AVG,shoulder,15,5.68448982025401e-16,0.3029087420649493,6.220708255196992,0.13920044942504228,optimal,CLARABEL,-35650.08195703629,nan
P2_dev_run1,17,0.303,0.404,1.3333333333333335,A0_no_peak_loss,AVG,shoulder,16,2.9896205562521094e-15,0.30290874206494944,6.375002860508549,0.14640337817160354,optimal,CLARABEL,-35650.08195703629,nan
P2_dev_run1,17,0.303,0.404,1.3333333333333335,A0_no_peak_loss,AVG,shoulder,17,3.8567313383887504e-15,0.3029087420649495,6.586696392713311,0.1565898158913682,optimal,CLARABEL,-35650.08195703629,nan
P2_dev_run1,17,0.303,0.404,1.3333333333333335,A0_no_peak_loss,AVG,shoulder,18,2.3207416163293537e-15,0.3029087420649495,6.648398288962774,0.15962508969582703,optimal,CLARABEL,-35650.08195703629,nan
P2_dev_run1,17,0.303,0.404,1.3333333333333335,A0_no_peak_loss,AVG,shoulder,19,4.727711866311429e-15,0.30290874206494955,6.694024282706069,0.16188879728412509,optimal,CLARABEL,-35650.08195703629,nan
P2_dev_run1,17,0.303,0.404,1.3333333333333335,A0_no_peak_loss,AVG,shoulder,20,1.6826655763367143e-15,0.3029087420649495,6.644820507846813,0.1594482721998663,optimal,CLARABEL,-35650.08195703629,nan
P2_dev_run1,17,0.303,0.404,1.3333333333333335,A0_no_peak_loss,AVG,shoulder,21,1.3376534403568255e-16,0.3029087420649494,6.457135368570822,0.15031372297387596,optimal,CLARABEL,-35650.08195703629,nan
P2_dev_run1,17,0.303,0.404,1.3333333333333335,A0_no_peak_loss,AVG,shoulder,22,0.0,0.3029087420649492,6.24745051991299,0.14043548699103905,optimal,CLARABEL,-35650.08195703629,nan
P2_dev_run1,17,0.303,0.404,1.3333333333333335,A0_no_peak_loss,AVG,shoulder,23,-6.750041868523918e-17,0.30290874206494905,6.1084548200233915,0.13407736828143907,optimal,CLARABEL,-35650.08195703629,nan
P2_dev_run1,17,0.303,0.404,1.3333333333333335,A0_no_peak_loss,PEAK,summer_peak,0,-0.014395862469648135,0.005340715964378789,7.0853532654761455,0.1916294781718491,optimal,CLARABEL,8.366745349373641,8.366745349373641
P2_dev_run1,17,0.303,0.404,1.3333333333333335,A0_no_peak_loss,PEAK,summer_peak,1,-0.01642587850209154,0.004115366126801852,6.36397987200734,0.15438401080233494,optimal,CLARABEL,8.366745349373641,8.366745349373641
P2_dev_run1,17,0.303,0.404,1.3333333333333335,A0_no_peak_loss,PEAK,summer_peak,2,-0.01711199295169752,0.0037771933852677295,6.0852335400008135,0.14107984072193014,optimal,CLARABEL,8.366745349373641,8.366745349373641
P2_dev_run1,17,0.303,0.404,1.3333333333333335,A0_no_peak_loss,PEAK,summer_peak,3,-0.01777891144876667,0.0035408262598962295,5.911259452937786,0.13308793517463408,optimal,CLARABEL,8.366745349373641,8.366745349373641
P2_dev_run1,17,0.303,0.404,1.3333333333333335,A0_no_peak_loss,PEAK,summer_peak,4,-0.01853704634359643,0.0033881080251021733,5.80612679005331,0.12837706741838778,optimal,CLARABEL,8.366745349373641,8.366745349373641
P2_dev_run1,17,0.303,0.404,1.3333333333333335,A0_no_peak_loss,PEAK,summer_peak,5,-0.019370605764177484,0.0033756375374501763,5.796330431161522,0.12795049468972144,optimal,CLARABEL,8.366745349373641,8.366745349373641
P2_dev_run1,17,0.303,0.404,1.3333333333333335,A0_no_peak_loss,PEAK,summer_peak,6,-0.02028875753981274,0.003535956874969782,5.903228400493854,0.1327512278029977,optimal,CLARABEL,8.366745349373641,8.366745349373641
P2_dev_run1,17,0.303,0.404,1.3333333333333335,A0_no_peak_loss,PEAK,summer_peak,7,-0.021128109555122426,0.003981676039063965,6.24120860240666,0.14849903300473455,optimal,CLARABEL,8.366745349373641,8.366745349373641
P2_dev_run1,17,0.303,0.404,1.3333333333333335,A0_no_peak_loss,PEAK,summer_peak,8,-0.021834405114652122,0.004751006312821439,6.805873592660229,0.1768017873562414,optimal,CLARABEL,8.366745349373641,8.366745349373641
P2_dev_run1,17,0.303,0.404,1.3333333333333335,A0_no_peak_loss,PEAK,summer_peak,9,-0.021142353752067522,0.006727182554498846,7.544872320864569,0.21757853705123348,optimal,CLARABEL,8.366745349373641,8.366745349373641
P2_dev_run1,17,0.303,0.404,1.3333333333333335,A0_no_peak_loss,PEAK,summer_peak,10,-0.022059202643800763,0.0074679121653021055,8.004442297771064,0.24515396531214484,optimal,CLARABEL,8.366745349373641,8.366745349373641
P2_dev_run1,17,0.303,0.404,1.3333333333333335,A0_no_peak_loss,PEAK,summer_peak,11,-0.025345469887912017,0.007182525683439099,8.181244663273205,0.2562810032575777,optimal,CLARABEL,8.366745349373641,8.366745349373641
P2_dev_run1,17,0.303,0.404,1.3333333333333335,A0_no_peak_loss,PEAK,summer_peak,12,-0.030387589471619278,0.007131824493830138,8.197602152087287,0.25739865284525226,optimal,CLARABEL,8.366745349373641,8.366745349373641
P2_dev_run1,17,0.303,0.404,1.3333333333333335,A0_no_peak_loss,PEAK,summer_peak,13,-0.037896514761350364,0.007391667855367169,8.071439098955281,0.24956567474859453,optimal,CLARABEL,8.366745349373641,8.366745349373641
P2_dev_run1,17,0.303,0.404,1.3333333333333335,A0_no_peak_loss,PEAK,summer_peak,14,-0.046947842200594087,0.006705046993848252,8.410052487827613,0.27134766112341163,optimal,CLARABEL,8.366745349373641,8.366745349373641
P2_dev_run1,17,0.303,0.404,1.3333333333333335,A0_no_peak_loss,PEAK,summer_peak,15,-0.05596054452151214,0.006456064074196606,8.591908479527014,0.28349857564383674,optimal,CLARABEL,8.366745349373641,8.366745349373641
P2_dev_run1,17,0.303,0.404,1.3333333333333335,A0_no_peak_loss,PEAK,summer_peak,16,-0.008094408369222768,0.005054325246660543,8.640085710945,0.2859831263743319,optimal,CLARABEL,8.366745349373641,8.366745349373641
P2_dev_run1,17,0.303,0.404,1.3333333333333335,A0_no_peak_loss,PEAK,summer_peak,17,0.13396365174346228,-0.0013607663829834952,8.651924425729137,0.2851793019535179,optimal,CLARABEL,8.366745349373641,8.366745349373641
P2_dev_run1,17,0.303,0.404,1.3333333333333335,A0_no_peak_loss,PEAK,summer_peak,18,0.13566413400715904,-0.0016291997385335189,8.651918761807286,0.2851735523474814,optimal,CLARABEL,8.366745349373641,8.366745349373641
P2_dev_run1,17,0.303,0.404,1.3333333333333335,A0_no_peak_loss,PEAK,summer_peak,19,0.07529707714582498,0.002527876821089088,8.652473876145518,0.2857277349149371,optimal,CLARABEL,8.366745349373641,8.366745349373641
P2_dev_run1,17,0.303,0.404,1.3333333333333335,A0_no_peak_loss,PEAK,summer_peak,20,-0.0041224043860638385,0.005193396951092057,8.652191453541578,0.2867247418578575,optimal,CLARABEL,8.366745349373641,8.366745349373641
P2_dev_run1,17,0.303,0.404,1.3333333333333335,A0_no_peak_loss,PEAK,summer_peak,21,-0.07797116237584681,0.006854231100540829,8.43380089472458,0.2734306687624494,optimal,CLARABEL,8.366745349373641,8.366745349373641
P2_dev_run1,17,0.303,0.404,1.3333333333333335,A0_no_peak_loss,PEAK,summer_peak,22,-0.06967971244344608,0.007502897103271531,7.974415651889442,0.24405330198656483,optimal,CLARABEL,8.366745349373641,8.366745349373641
P2_dev_run1,17,0.303,0.404,1.3333333333333335,A0_no_peak_loss,PEAK,summer_peak,23,-0.06744381005139104,0.006718085052097376,7.539675459977386,0.21796623540508014,optimal,CLARABEL,8.366745349373641,8.366745349373641
P2_dev_run1,17,0.303,0.404,1.3333333333333335,A0_no_peak_loss,PEAK,winter_peak,0,-0.01976703763153831,0.005473778214432626,7.206271155920312,0.19835180348712114,optimal,CLARABEL,8.077846869814053,8.077846869814053
P2_dev_run1,17,0.303,0.404,1.3333333333333335,A0_no_peak_loss,PEAK,winter_peak,1,-0.021447893632680848,0.004755717559004624,6.739083696253579,0.17331592908680998,optimal,CLARABEL,8.077846869814053,8.077846869814053
P2_dev_run1,17,0.303,0.404,1.3333333333333335,A0_no_peak_loss,PEAK,winter_peak,2,-0.02296614369049768,0.004434569467077228,6.509573613735421,0.1616526511186298,optimal,CLARABEL,8.077846869814053,8.077846869814053
P2_dev_run1,17,0.303,0.404,1.3333333333333335,A0_no_peak_loss,PEAK,winter_peak,3,-0.024962952946363012,0.004230799346608907,6.373946528122683,0.1549679026632945,optimal,CLARABEL,8.077846869814053,8.077846869814053
P2_dev_run1,17,0.303,0.404,1.3333333333333335,A0_no_peak_loss,PEAK,winter_peak,4,-0.027691493427824676,0.004120819608549241,6.303561349320858,0.15157546915064446,optimal,CLARABEL,8.077846869814053,8.077846869814053
P2_dev_run1,17,0.303,0.404,1.3333333333333335,A0_no_peak_loss,PEAK,winter_peak,5,-0.03135297411545482,0.00417715076091184,6.336943162306939,0.15323868851513942,optimal,CLARABEL,8.077846869814053,8.077846869814053
P2_dev_run1,17,0.303,0.404,1.3333333333333335,A0_no_peak_loss,PEAK,winter_peak,6,-0.03640278105537048,0.00443836560156137,6.505091525301531,0.16159362376378314,optimal,CLARABEL,8.077846869814053,8.077846869814053
P2_dev_run1,17,0.303,0.404,1.3333333333333335,A0_no_peak_loss,PEAK,winter_peak,7,-0.043796023935340045,0.0049700424301510554,6.881401786103512,0.18106128386194986,optimal,CLARABEL,8.077846869814053,8.077846869814053
P2_dev_run1,17,0.303,0.404,1.3333333333333335,A0_no_peak_loss,PEAK,winter_peak,8,-0.05638425801445297,0.006096498861494728,7.514236893888484,0.21634098904055615,optimal,CLARABEL,8.077846869814053,8.077846869814053
P2_dev_run1,17,0.303,0.404,1.3333333333333335,A0_no_peak_loss,PEAK,winter_peak,9,-0.034257185577833194,0.007024846276996218,8.325335518410125,0.2656330451056559,optimal,CLARABEL,8.077846869814053,8.077846869814053
P2_dev_run1,17,0.303,0.404,1.3333333333333335,A0_no_peak_loss,PEAK,winter_peak,10,0.19074600248960202,-0.00044749331350125255,8.342154103465617,0.2643072890828403,optimal,CLARABEL,8.077846869814053,8.077846869814053
P2_dev_run1,17,0.303,0.404,1.3333333333333335,A0_no_peak_loss,PEAK,winter_peak,11,0.15418567810270886,0.001562736050998284,8.342403105005308,0.26455610331941054,optimal,CLARABEL,8.077846869814053,8.077846869814053
P2_dev_run1,17,0.303,0.404,1.3333333333333335,A0_no_peak_loss,PEAK,winter_peak,12,-0.0053151915475845996,0.006781510716445404,8.338542799888266,0.2660428692773463,optimal,CLARABEL,8.077846869814053,8.077846869814053
P2_dev_run1,17,0.303,0.404,1.3333333333333335,A0_no_peak_loss,PEAK,winter_peak,13,-0.10969900498306986,0.006759008866341339,8.058654345859086,0.2500177052615621,optimal,CLARABEL,8.077846869814053,8.077846869814053
P2_dev_run1,17,0.303,0.404,1.3333333333333335,A0_no_peak_loss,PEAK,winter_peak,14,-0.09451680395444133,0.007016934995575954,8.269976034349142,0.2631095651349842,optimal,CLARABEL,8.077846869814053,8.077846869814053
P2_dev_run1,17,0.303,0.404,1.3333333333333335,A0_no_peak_loss,PEAK,winter_peak,15,-0.05342949867082136,0.007001672630029542,8.318895509577667,0.26553563132665603,optimal,CLARABEL,8.077846869814053,8.077846869814053
P2_dev_run1,17,0.303,0.404,1.3333333333333335,A0_no_peak_loss,PEAK,winter_peak,16,0.0028705098114261834,0.006442578381536857,8.330615610411275,0.26542469407208225,optimal,CLARABEL,8.077846869814053,8.077846869814053
P2_dev_run1,17,0.303,0.404,1.3333333333333335,A0_no_peak_loss,PEAK,winter_peak,17,0.12217955006375507,0.0030325659598577385,8.333267786771009,0.26422532918840524,optimal,CLARABEL,8.077846869814053,8.077846869814053
P2_dev_run1,17,0.303,0.404,1.3333333333333335,A0_no_peak_loss,PEAK,winter_peak,18,0.03994865338831756,0.00583990188202131,8.317592824524423,0.2640855653023142,optimal,CLARABEL,8.077846869814053,8.077846869814053
P2_dev_run1,17,0.303,0.404,1.3333333333333335,A0_no_peak_loss,PEAK,winter_peak,19,-0.056071039188483635,0.0070001490949306204,8.181888483752093,0.25682481054395756,optimal,CLARABEL,8.077846869814053,8.077846869814053
P2_dev_run1,17,0.303,0.404,1.3333333333333335,A0_no_peak_loss,PEAK,winter_peak,20,-0.04687756053984471,0.006836629210268827,7.918956926173935,0.24030212522186303,optimal,CLARABEL,8.077846869814053,8.077846869814053
P2_dev_run1,17,0.303,0.404,1.3333333333333335,A0_no_peak_loss,PEAK,winter_peak,21,-0.041396410237995215,0.00634207224356094,7.617270389646976,0.22212590218609946,optimal,CLARABEL,8.077846869814053,8.077846869814053
P2_dev_run1,17,0.303,0.404,1.3333333333333335,A0_no_peak_loss,PEAK,winter_peak,22,-0.038588855128831465,0.005733445496377334,7.325541919061649,0.20528385800240034,optimal,CLARABEL,8.077846869814053,8.077846869814053
P2_dev_run1,17,0.303,0.404,1.3333333333333335,A0_no_peak_loss,PEAK,winter_peak,23,-0.037124307654062286,0.0055301184682749515,7.219487002838211,0.1993218535378297,optimal,CLARABEL,8.077846869814053,8.077846869814053
P2_dev_run1,17,0.303,0.404,1.3333333333333335,A_peak_Q,AVG,summer,0,0.17246777322978604,0.24906596469571335,6.268422642002305,0.1409420327891557,optimal,CLARABEL,-38039.52524877846,nan
P2_dev_run1,17,0.303,0.404,1.3333333333333335,A_peak_Q,AVG,summer,1,-1.4581443299623452e-15,0.3029087420649476,5.904702694457542,0.12503040996059175,optimal,CLARABEL,-38039.52524877846,nan
P2_dev_run1,17,0.303,0.404,1.3333333333333335,A_peak_Q,AVG,summer,2,-5.946008038519928e-07,0.3029087420649467,5.669342954547278,0.11498393311252934,optimal,CLARABEL,-38039.52524877846,nan
P2_dev_run1,17,0.303,0.404,1.3333333333333335,A_peak_Q,AVG,summer,3,-5.94600813323802e-07,0.30290874206494606,5.5256842456505755,0.10906425082582087,optimal,CLARABEL,-38039.52524877846,nan
P2_dev_run1,17,0.303,0.404,1.3333333333333335,A_peak_Q,AVG,summer,4,-0.18910419758580807,0.23666214126021654,5.63498379297242,0.11740589555799284,optimal,CLARABEL,-38039.52524877846,nan
P2_dev_run1,17,0.303,0.404,1.3333333333333335,A_peak_Q,AVG,summer,5,-0.1941635773972192,0.23251001555424464,5.634066836096375,0.1175334704951379,optimal,CLARABEL,-38039.52524877846,nan
P2_dev_run1,17,0.303,0.404,1.3333333333333335,A_peak_Q,AVG,summer,6,-1.1297415357098635e-05,0.30290874206494606,5.523922670327531,0.10899277557636312,optimal,CLARABEL,-38039.52524877846,nan
P2_dev_run1,17,0.303,0.404,1.3333333333333335,A_peak_Q,AVG,summer,7,-1.1297415353175972e-05,0.30290874206494717,5.81406923612023,0.12111056543406779,optimal,CLARABEL,-38039.52524877846,nan
P2_dev_run1,17,0.303,0.404,1.3333333333333335,A_peak_Q,AVG,summer,8,-1.1297415350749077e-05,0.30290874206494817,6.275102006555958,0.14171854707979514,optimal,CLARABEL,-38039.52524877846,nan
P2_dev_run1,17,0.303,0.404,1.3333333333333335,A_peak_Q,AVG,summer,9,-4.4160298935905985e-16,0.30290874206494883,6.874012449748982,0.17097854242203311,optimal,CLARABEL,-38039.52524877846,nan
P2_dev_run1,17,0.303,0.404,1.3333333333333335,A_peak_Q,AVG,summer,10,3.501130665797624e-17,0.302908742064949,7.210532412759956,0.18865816605800995,optimal,CLARABEL,-38039.52524877846,nan
P2_dev_run1,17,0.303,0.404,1.3333333333333335,A_peak_Q,AVG,summer,11,1.3206861230283446e-15,0.30290874206494917,7.316619572603562,0.19441689911161125,optimal,CLARABEL,-38039.52524877846,nan
P2_dev_run1,17,0.303,0.404,1.3333333333333335,A_peak_Q,AVG,summer,12,1.0050131568378487e-15,0.3029087420649491,7.272555015515347,0.1920141463683978,optimal,CLARABEL,-38039.52524877846,nan
P2_dev_run1,17,0.303,0.404,1.3333333333333335,A_peak_Q,AVG,summer,13,0.0,0.302908742064949,7.099152107778211,0.1827077332962601,optimal,CLARABEL,-38039.52524877846,nan
P2_dev_run1,17,0.303,0.404,1.3333333333333335,A_peak_Q,AVG,summer,14,3.3995784536317253e-15,0.30290874206494917,7.3813969606724585,0.1979769420205134,optimal,CLARABEL,-38039.52524877846,nan
P2_dev_run1,17,0.303,0.404,1.3333333333333335,A_peak_Q,AVG,summer,15,0.07731144997107248,0.2929014824076122,7.441175550882449,0.200496815416557,optimal,CLARABEL,-38039.52524877846,nan
P2_dev_run1,17,0.303,0.404,1.3333333333333335,A_peak_Q,AVG,summer,16,0.09504556734076704,0.2877070387197182,7.501005127109417,0.20376931973540688,optimal,CLARABEL,-38039.52524877846,nan
P2_dev_run1,17,0.303,0.404,1.3333333333333335,A_peak_Q,AVG,summer,17,9.063256803461845e-15,0.30290874206494933,7.7455239242787846,0.21860658000684574,optimal,CLARABEL,-38039.52524877846,nan
P2_dev_run1,17,0.303,0.404,1.3333333333333335,A_peak_Q,AVG,summer,18,1.842726180079812e-15,0.3029087420649493,7.73198442913607,0.21782069843912413,optimal,CLARABEL,-38039.52524877846,nan
P2_dev_run1,17,0.303,0.404,1.3333333333333335,A_peak_Q,AVG,summer,19,8.477823570920568e-16,0.3029087420649493,7.685961679396218,0.21516023485427152,optimal,CLARABEL,-38039.52524877846,nan
P2_dev_run1,17,0.303,0.404,1.3333333333333335,A_peak_Q,AVG,summer,20,6.820707239366568e-16,0.3029087420649492,7.629134629368825,0.21189836184187888,optimal,CLARABEL,-38039.52524877846,nan
P2_dev_run1,17,0.303,0.404,1.3333333333333335,A_peak_Q,AVG,summer,21,0.0,0.3029087420649491,7.417399575871822,0.19996992101987332,optimal,CLARABEL,-38039.52524877846,nan
P2_dev_run1,17,0.303,0.404,1.3333333333333335,A_peak_Q,AVG,summer,22,-8.888806778027803e-17,0.30290874206494894,7.065040120086222,0.18090489999427023,optimal,CLARABEL,-38039.52524877846,nan
P2_dev_run1,17,0.303,0.404,1.3333333333333335,A_peak_Q,AVG,summer,23,-7.30475623049534e-16,0.3029087420649487,6.7477239914539595,0.16457405173201448,optimal,CLARABEL,-38039.52524877846,nan
P2_dev_run1,17,0.303,0.404,1.3333333333333335,A_peak_Q,AVG,winter,0,0.17246777322978316,0.24906596469571707,6.564804762813494,0.1550441731403423,optimal,CLARABEL,-44927.745739606195,nan
P2_dev_run1,17,0.303,0.404,1.3333333333333335,A_peak_Q,AVG,winter,1,-1.830072484959461e-16,0.3029087420649498,6.28757493990642,0.14229906625947086,optimal,CLARABEL,-44927.745739606195,nan
P2_dev_run1,17,0.303,0.404,1.3333333333333335,A_peak_Q,AVG,winter,2,-5.946008071574176e-07,0.3029087420649497,6.059488302620198,0.13187352389044898,optimal,CLARABEL,-44927.745739606195,nan
P2_dev_run1,17,0.303,0.404,1.3333333333333335,A_peak_Q,AVG,winter,3,-0.13047273371006574,0.27337100349892357,6.063650848517267,0.13446345174227162,optimal,CLARABEL,-44927.745739606195,nan
P2_dev_run1,17,0.303,0.404,1.3333333333333335,A_peak_Q,AVG,winter,4,-0.18641517194593712,0.23886896757085546,6.068800818470934,0.13636102931337826,optimal,CLARABEL,-44927.745739606195,nan
P2_dev_run1,17,0.303,0.404,1.3333333333333335,A_peak_Q,AVG,winter,5,-0.06638767576750094,0.29563774540168003,5.992660423462401,0.12988405582292553,optimal,CLARABEL,-44927.745739606195,nan
P2_dev_run1,17,0.303,0.404,1.3333333333333335,A_peak_Q,AVG,winter,6,-1.1297415353690402e-05,0.3029087420649497,6.096890614536966,0.13355533606080283,optimal,CLARABEL,-44927.745739606195,nan
P2_dev_run1,17,0.303,0.404,1.3333333333333335,A_peak_Q,AVG,winter,7,-1.1297415353511561e-05,0.3029087420649498,6.463398517829349,0.15061422739818947,optimal,CLARABEL,-44927.745739606195,nan
P2_dev_run1,17,0.303,0.404,1.3333333333333335,A_peak_Q,AVG,winter,8,-2.439666719452409e-16,0.3029087420649498,7.038116444911515,0.179488451969565,optimal,CLARABEL,-44927.745739606195,nan
P2_dev_run1,17,0.303,0.404,1.3333333333333335,A_peak_Q,AVG,winter,9,0.02229006277074001,0.3021790083736391,7.691935282957918,0.21518167456178,optimal,CLARABEL,-44927.745739606195,nan
P2_dev_run1,17,0.303,0.404,1.3333333333333335,A_peak_Q,AVG,winter,10,0.22609893845931425,0.20159135425838967,7.518094104756781,0.2062033061226006,optimal,CLARABEL,-44927.745739606195,nan
P2_dev_run1,17,0.303,0.404,1.3333333333333335,A_peak_Q,AVG,winter,11,0.09651985479534585,0.28717953023361426,7.476877191424919,0.202416954250527,optimal,CLARABEL,-44927.745739606195,nan
P2_dev_run1,17,0.303,0.404,1.3333333333333335,A_peak_Q,AVG,winter,12,2.0682568700807905e-16,0.30290874206494983,7.306726116432525,0.19387609289557484,optimal,CLARABEL,-44927.745739606195,nan
P2_dev_run1,17,0.303,0.404,1.3333333333333335,A_peak_Q,AVG,winter,13,-1.1259656172371881e-17,0.30290874206494983,6.897314139739395,0.17217396888244013,optimal,CLARABEL,-44927.745739606195,nan
P2_dev_run1,17,0.303,0.404,1.3333333333333335,A_peak_Q,AVG,winter,14,0.0,0.30290874206494983,7.136866112658004,0.1847116201660528,optimal,CLARABEL,-44927.745739606195,nan
P2_dev_run1,17,0.303,0.404,1.3333333333333335,A_peak_Q,AVG,winter,15,0.0,0.30290874206494983,7.263564241800754,0.19152578170380463,optimal,CLARABEL,-44927.745739606195,nan
P2_dev_run1,17,0.303,0.404,1.3333333333333335,A_peak_Q,AVG,winter,16,5.275898245162966e-17,0.30290874206494983,7.396696746390451,0.19882263235349948,optimal,CLARABEL,-44927.745739606195,nan
P2_dev_run1,17,0.303,0.404,1.3333333333333335,A_peak_Q,AVG,winter,17,6.355550964791235e-17,0.30290874206494983,7.593969574205454,0.20989270197350945,optimal,CLARABEL,-44927.745739606195,nan
P2_dev_run1,17,0.303,0.404,1.3333333333333335,A_peak_Q,AVG,winter,18,-5.3032331583614924e-17,0.30290874206494983,7.590363484956538,0.20968757634458712,optimal,CLARABEL,-44927.745739606195,nan
P2_dev_run1,17,0.303,0.404,1.3333333333333335,A_peak_Q,AVG,winter,19,-9.618911163353404e-17,0.30290874206494983,7.484033045925427,0.2036855641034745,optimal,CLARABEL,-44927.745739606195,nan
P2_dev_run1,17,0.303,0.404,1.3333333333333335,A_peak_Q,AVG,winter,20,-1.9162842331042105e-16,0.30290874206494983,7.312122445654502,0.1941709766875574,optimal,CLARABEL,-44927.745739606195,nan
P2_dev_run1,17,0.303,0.404,1.3333333333333335,A_peak_Q,AVG,winter,21,-1.181156169775051e-15,0.30290874206494983,7.076708920162475,0.18152056830552465,optimal,CLARABEL,-44927.745739606195,nan
P2_dev_run1,17,0.303,0.404,1.3333333333333335,A_peak_Q,AVG,winter,22,-0.029528387429938973,0.3014660956199997,6.864342029954392,0.1709264262354389,optimal,CLARABEL,-44927.745739606195,nan
P2_dev_run1,17,0.303,0.404,1.3333333333333335,A_peak_Q,AVG,winter,23,-0.16210427882578515,0.25599063027066427,6.923648553362756,0.17730303910674405,optimal,CLARABEL,-44927.745739606195,nan
P2_dev_run1,17,0.303,0.404,1.3333333333333335,A_peak_Q,AVG,shoulder,0,0.17246777322978948,0.24906596469571207,5.780784458504929,0.11923586523178431,optimal,CLARABEL,-35650.08195703629,nan
P2_dev_run1,17,0.303,0.404,1.3333333333333335,A_peak_Q,AVG,shoulder,1,-1.8295422424142928e-15,0.3029087420649475,5.488466157302813,0.10755685725086564,optimal,CLARABEL,-35650.08195703629,nan
P2_dev_run1,17,0.303,0.404,1.3333333333333335,A_peak_Q,AVG,shoulder,2,-5.946008090296108e-07,0.30290874206494534,5.290163111193262,0.09970719709850982,optimal,CLARABEL,-35650.08195703629,nan
P2_dev_run1,17,0.303,0.404,1.3333333333333335,A_peak_Q,AVG,shoulder,3,-0.08081396551442166,0.29202414793613474,5.266728304164679,0.09990959114568711,optimal,CLARABEL,-35650.08195703629,nan
P2_dev_run1,17,0.303,0.404,1.3333333333333335,A_peak_Q,AVG,shoulder,4,-0.23607255338963634,0.1898226124847555,5.382745017139724,0.10869004375560876,optimal,CLARABEL,-35650.08195703629,nan
P2_dev_run1,17,0.303,0.404,1.3333333333333335,A_peak_Q,AVG,shoulder,5,-0.06638767576690957,0.2956377454017956,5.245731569866836,0.09885804423793548,optimal,CLARABEL,-35650.08195703629,nan
P2_dev_run1,17,0.303,0.404,1.3333333333333335,A_peak_Q,AVG,shoulder,6,-1.1297415353132851e-05,0.302908742064946,5.32556203217612,0.10108610014495732,optimal,CLARABEL,-35650.08195703629,nan
P2_dev_run1,17,0.303,0.404,1.3333333333333335,A_peak_Q,AVG,shoulder,7,-1.1297415353047675e-05,0.3029087420649478,5.613466680723062,0.11266245456689798,optimal,CLARABEL,-35650.08195703629,nan
P2_dev_run1,17,0.303,0.404,1.3333333333333335,A_peak_Q,AVG,shoulder,8,-8.509092618413326e-16,0.30290874206494883,5.97673338983955,0.12819159203759928,optimal,CLARABEL,-35650.08195703629,nan
P2_dev_run1,17,0.303,0.404,1.3333333333333335,A_peak_Q,AVG,shoulder,9,6.384459772711132e-16,0.3029087420649494,6.315223910794813,0.14359056909286752,optimal,CLARABEL,-35650.08195703629,nan
P2_dev_run1,17,0.303,0.404,1.3333333333333335,A_peak_Q,AVG,shoulder,10,0.1205706734876578,0.27792405162843564,6.195810896821292,0.13731096132152903,optimal,CLARABEL,-35650.08195703629,nan
P2_dev_run1,17,0.303,0.404,1.3333333333333335,A_peak_Q,AVG,shoulder,11,0.05180145229424602,0.29853912564386637,6.168697381548932,0.1362911293770065,optimal,CLARABEL,-35650.08195703629,nan
P2_dev_run1,17,0.303,0.404,1.3333333333333335,A_peak_Q,AVG,shoulder,12,5.921828484302245e-16,0.3029087420649491,6.041686333467566,0.13107694960061805,optimal,CLARABEL,-35650.08195703629,nan
P2_dev_run1,17,0.303,0.404,1.3333333333333335,A_peak_Q,AVG,shoulder,13,-3.436724948646889e-17,0.3029087420649486,5.782081293178516,0.11974225357156708,optimal,CLARABEL,-35650.08195703629,nan
P2_dev_run1,17,0.303,0.404,1.3333333333333335,A_peak_Q,AVG,shoulder,14,5.472104433359327e-17,0.3029087420649491,6.057707438772426,0.13179371861548073,optimal,CLARABEL,-35650.08195703629,nan
P2_dev_run1,17,0.303,0.404,1.3333333333333335,A_peak_Q,AVG,shoulder,15,5.68448982025401e-16,0.3029087420649493,6.220708255197007,0.13920044942505683,optimal,CLARABEL,-35650.08195703629,nan
P2_dev_run1,17,0.303,0.404,1.3333333333333335,A_peak_Q,AVG,shoulder,16,2.9896205562521094e-15,0.30290874206494944,6.375002860508513,0.14640337817156995,optimal,CLARABEL,-35650.08195703629,nan
P2_dev_run1,17,0.303,0.404,1.3333333333333335,A_peak_Q,AVG,shoulder,17,3.8567313383887504e-15,0.3029087420649495,6.586696392713314,0.1565898158913702,optimal,CLARABEL,-35650.08195703629,nan
P2_dev_run1,17,0.303,0.404,1.3333333333333335,A_peak_Q,AVG,shoulder,18,2.3207416163293537e-15,0.3029087420649495,6.648398288962696,0.15962508969574474,optimal,CLARABEL,-35650.08195703629,nan
P2_dev_run1,17,0.303,0.404,1.3333333333333335,A_peak_Q,AVG,shoulder,19,4.727711866311429e-15,0.30290874206494955,6.694024282706041,0.16188879728409658,optimal,CLARABEL,-35650.08195703629,nan
P2_dev_run1,17,0.303,0.404,1.3333333333333335,A_peak_Q,AVG,shoulder,20,1.6826655763367143e-15,0.3029087420649495,6.644820507846907,0.1594482721999599,optimal,CLARABEL,-35650.08195703629,nan
P2_dev_run1,17,0.303,0.404,1.3333333333333335,A_peak_Q,AVG,shoulder,21,1.3376534403568255e-16,0.3029087420649494,6.4571353685708734,0.15031372297392515,optimal,CLARABEL,-35650.08195703629,nan
P2_dev_run1,17,0.303,0.404,1.3333333333333335,A_peak_Q,AVG,shoulder,22,0.0,0.3029087420649492,6.247450519912957,0.14043548699100716,optimal,CLARABEL,-35650.08195703629,nan
P2_dev_run1,17,0.303,0.404,1.3333333333333335,A_peak_Q,AVG,shoulder,23,-6.750041868523918e-17,0.30290874206494905,6.108454820023338,0.13407736828138586,optimal,CLARABEL,-35650.08195703629,nan
P2_dev_run1,17,0.303,0.404,1.3333333333333335,A_peak_Q,PEAK,summer_peak,0,-0.014519379549246675,0.005094748388954152,7.0854927881611545,0.19164820879706274,optimal,CLARABEL,8.35230798570965,8.35230798570965
P2_dev_run1,17,0.303,0.404,1.3333333333333335,A_peak_Q,PEAK,summer_peak,1,-0.016452495399648992,0.003871897983722034,6.3640152176697455,0.1543944863590913,optimal,CLARABEL,8.35230798570965,8.35230798570965
P2_dev_run1,17,0.303,0.404,1.3333333333333335,A_peak_Q,PEAK,summer_peak,2,-0.01713043098812489,0.0035150931654871903,6.085260464829899,0.14108997739995227,optimal,CLARABEL,8.35230798570965,8.35230798570965
P2_dev_run1,17,0.303,0.404,1.3333333333333335,A_peak_Q,PEAK,summer_peak,3,-0.017779047071923015,0.003280211311803136,5.911266823680566,0.1330966432772347,optimal,CLARABEL,8.35230798570965,8.35230798570965
P2_dev_run1,17,0.303,0.404,1.3333333333333335,A_peak_Q,PEAK,summer_peak,4,-0.018520583391038792,0.00313324506182264,5.8061164112154025,0.12838446917028876,optimal,CLARABEL,8.35230798570965,8.35230798570965
P2_dev_run1,17,0.303,0.404,1.3333333333333335,A_peak_Q,PEAK,summer_peak,5,-0.01935261952125361,0.0031209832190972953,5.7963184839265205,0.12795779026415116,optimal,CLARABEL,8.35230798570965,8.35230798570965
P2_dev_run1,17,0.303,0.404,1.3333333333333335,A_peak_Q,PEAK,summer_peak,6,-0.020292942981559592,0.003274148276526369,5.90324026450839,0.1327602079488211,optimal,CLARABEL,8.35230798570965,8.35230798570965
P2_dev_run1,17,0.303,0.404,1.3333333333333335,A_peak_Q,PEAK,summer_peak,7,-0.021182186101844525,0.00372495600658198,6.241273736616028,0.1485114970364851,optimal,CLARABEL,8.35230798570965,8.35230798570965
P2_dev_run1,17,0.303,0.404,1.3333333333333335,A_peak_Q,PEAK,summer_peak,8,-0.021961878417121494,0.004532418545157448,6.8060168567225725,0.17681902106926659,optimal,CLARABEL,8.35230798570965,8.35230798570965
P2_dev_run1,17,0.303,0.404,1.3333333333333335,A_peak_Q,PEAK,summer_peak,9,-0.021669961203671206,0.006359831074593488,7.545452390808202,0.21763491336048132,optimal,CLARABEL,8.35230798570965,8.35230798570965
P2_dev_run1,17,0.303,0.404,1.3333333333333335,A_peak_Q,PEAK,summer_peak,10,-0.022666529007607697,0.007281824951349948,8.00510530721943,0.24521231392503662,optimal,CLARABEL,8.35230798570965,8.35230798570965
P2_dev_run1,17,0.303,0.404,1.3333333333333335,A_peak_Q,PEAK,summer_peak,11,-0.025828234892030955,0.00729801621590059,8.181762952877962,0.2563161316787688,optimal,CLARABEL,8.35230798570965,8.35230798570965
P2_dev_run1,17,0.303,0.404,1.3333333333333335,A_peak_Q,PEAK,summer_peak,12,-0.031047586680035877,0.007288122300706764,8.198311044997979,0.25744700095405326,optimal,CLARABEL,8.35230798570965,8.35230798570965
P2_dev_run1,17,0.303,0.404,1.3333333333333335,A_peak_Q,PEAK,summer_peak,13,-0.039115420247295876,0.007310024796051814,8.072762400386006,0.24967117888727472,optimal,CLARABEL,8.35230798570965,8.35230798570965
P2_dev_run1,17,0.303,0.404,1.3333333333333335,A_peak_Q,PEAK,summer_peak,14,-0.04764423642436409,0.0073622604532252245,8.410780314535884,0.27137642101764725,optimal,CLARABEL,8.35230798570965,8.35230798570965
P2_dev_run1,17,0.303,0.404,1.3333333333333335,A_peak_Q,PEAK,summer_peak,15,-0.053012984343014005,0.008384212481876251,8.58860705232743,0.283136076954091,optimal,CLARABEL,8.35230798570965,8.35230798570965
P2_dev_run1,17,0.303,0.404,1.3333333333333335,A_peak_Q,PEAK,summer_peak,16,-0.004307120738167299,0.04344271846724532,8.635265961162485,0.28381365924541246,optimal,CLARABEL,8.35230798570965,8.35230798570965
P2_dev_run1,17,0.303,0.404,1.3333333333333335,A_peak_Q,PEAK,summer_peak,17,0.13429070935549958,0.2715632190306782,8.644586194926216,0.27310846458281746,optimal,CLARABEL,8.35230798570965,8.35230798570965
P2_dev_run1,17,0.303,0.404,1.3333333333333335,A_peak_Q,PEAK,summer_peak,18,0.13603156534516309,0.2707227109336981,8.644497061626312,0.2731111985615412,optimal,CLARABEL,8.35230798570965,8.35230798570965
P2_dev_run1,17,0.303,0.404,1.3333333333333335,A_peak_Q,PEAK,summer_peak,19,0.07460451678506973,0.293559255686751,8.647634668463633,0.2733486493334133,optimal,CLARABEL,8.35230798570965,8.35230798570965
P2_dev_run1,17,0.303,0.404,1.3333333333333335,A_peak_Q,PEAK,summer_peak,20,-0.0013689926873779934,0.21033658420446485,8.646430137244094,0.27752292338962553,optimal,CLARABEL,8.35230798570965,8.35230798570965
P2_dev_run1,17,0.303,0.404,1.3333333333333335,A_peak_Q,PEAK,summer_peak,21,-0.07879571282043508,0.007495174253317417,8.434669067507485,0.2734726415445596,optimal,CLARABEL,8.35230798570965,8.35230798570965
P2_dev_run1,17,0.303,0.404,1.3333333333333335,A_peak_Q,PEAK,summer_peak,22,-0.07065468853039575,0.007248096242137496,7.975482960434147,0.24414659387709012,optimal,CLARABEL,8.35230798570965,8.35230798570965
P2_dev_run1,17,0.303,0.404,1.3333333333333335,A_peak_Q,PEAK,summer_peak,23,-0.06834309700400894,0.006327233863201041,7.540661154181891,0.21805388779431764,optimal,CLARABEL,8.35230798570965,8.35230798570965
P2_dev_run1,17,0.303,0.404,1.3333333333333335,A_peak_Q,PEAK,winter_peak,0,-0.01997906022120091,0.0052745705275911514,7.206505070592457,0.19837547629023145,optimal,CLARABEL,8.065407693248757,8.065407693248757
P2_dev_run1,17,0.303,0.404,1.3333333333333335,A_peak_Q,PEAK,winter_peak,1,-0.02171487574391312,0.004510152524373883,6.739376498500693,0.17334347403208017,optimal,CLARABEL,8.065407693248757,8.065407693248757
P2_dev_run1,17,0.303,0.404,1.3333333333333335,A_peak_Q,PEAK,winter_peak,2,-0.023271126084923793,0.004173744925768868,6.509906613733626,0.16168225562739186,optimal,CLARABEL,8.065407693248757,8.065407693248757
P2_dev_run1,17,0.303,0.404,1.3333333333333335,A_peak_Q,PEAK,winter_peak,3,-0.025316963647882357,0.003969633076473166,6.374331258897829,0.1550000225952914,optimal,CLARABEL,8.065407693248757,8.065407693248757
P2_dev_run1,17,0.303,0.404,1.3333333333333335,A_peak_Q,PEAK,winter_peak,4,-0.028126865154268627,0.00386210500328515,6.304032337797886,0.15161231647824647,optimal,CLARABEL,8.065407693248757,8.065407693248757
P2_dev_run1,17,0.303,0.404,1.3333333333333335,A_peak_Q,PEAK,winter_peak,5,-0.031930291828256435,0.003916510867801791,6.337565604936279,0.15328494554890498,optimal,CLARABEL,8.065407693248757,8.065407693248757
P2_dev_run1,17,0.303,0.404,1.3333333333333335,A_peak_Q,PEAK,winter_peak,6,-0.037220297214527104,0.004175539643033128,6.505971563719842,0.1616572287238383,optimal,CLARABEL,8.065407693248757,8.065407693248757
P2_dev_run1,17,0.303,0.404,1.3333333333333335,A_peak_Q,PEAK,winter_peak,7,-0.04502535650569757,0.004735114303368712,6.882725824556829,0.18115697378541318,optimal,CLARABEL,8.065407693248757,8.065407693248757
P2_dev_run1,17,0.303,0.404,1.3333333333333335,A_peak_Q,PEAK,winter_peak,8,-0.05859167121507827,0.005913728532782659,7.516623221239655,0.21652083162892394,optimal,CLARABEL,8.065407693248757,8.065407693248757
P2_dev_run1,17,0.303,0.404,1.3333333333333335,A_peak_Q,PEAK,winter_peak,9,-0.02749324775608991,0.012517941497676224,8.317786490525846,0.2647878709609078,optimal,CLARABEL,8.065407693248757,8.065407693248757
P2_dev_run1,17,0.303,0.404,1.3333333333333335,A_peak_Q,PEAK,winter_peak,10,0.1913742378960851,0.2347964219219931,8.334542034543862,0.2539774484382167,optimal,CLARABEL,8.065407693248757,8.065407693248757
P2_dev_run1,17,0.303,0.404,1.3333333333333335,A_peak_Q,PEAK,winter_peak,11,0.15355793337136095,0.26111068823187217,8.336511025389282,0.25355573853423835,optimal,CLARABEL,8.065407693248757,8.065407693248757
P2_dev_run1,17,0.303,0.404,1.3333333333333335,A_peak_Q,PEAK,winter_peak,12,-0.002593743083766176,0.13367937834962268,8.333898106114097,0.26028533251846153,optimal,CLARABEL,8.065407693248757,8.065407693248757
P2_dev_run1,17,0.303,0.404,1.3333333333333335,A_peak_Q,PEAK,winter_peak,13,-0.11975028550459242,0.006784282654705138,8.06957254284482,0.25088510187520996,optimal,CLARABEL,8.065407693248757,8.065407693248757
P2_dev_run1,17,0.303,0.404,1.3333333333333335,A_peak_Q,PEAK,winter_peak,14,-0.10145091343527392,0.008061753558519735,8.277472927143991,0.26367055754375235,optimal,CLARABEL,8.065407693248757,8.065407693248757
P2_dev_run1,17,0.303,0.404,1.3333333333333335,A_peak_Q,PEAK,winter_peak,15,-0.048556525645648246,0.011421221798614488,8.313412458814748,0.2648995038473856,optimal,CLARABEL,8.065407693248757,8.065407693248757
P2_dev_run1,17,0.303,0.404,1.3333333333333335,A_peak_Q,PEAK,winter_peak,16,0.011029553935386807,0.014573268306271798,8.321467510624258,0.26434370801150975,optimal,CLARABEL,8.065407693248757,8.065407693248757
P2_dev_run1,17,0.303,0.404,1.3333333333333335,A_peak_Q,PEAK,winter_peak,17,0.1311903342258274,0.017489619023426554,8.322856286495066,0.2627909215960815,optimal,CLARABEL,8.065407693248757,8.065407693248757
P2_dev_run1,17,0.303,0.404,1.3333333333333335,A_peak_Q,PEAK,winter_peak,18,0.04216686557345549,0.015229249077797519,8.314801682060835,0.2634453967052051,optimal,CLARABEL,8.065407693248757,8.065407693248757
P2_dev_run1,17,0.303,0.404,1.3333333333333335,A_peak_Q,PEAK,winter_peak,19,-0.05792141489479438,0.007418046077667511,8.183878204646481,0.25696302140277905,optimal,CLARABEL,8.065407693248757,8.065407693248757
P2_dev_run1,17,0.303,0.404,1.3333333333333335,A_peak_Q,PEAK,winter_peak,20,-0.048645657403703316,0.006810531536646655,7.9208706840024306,0.24044843031566704,optimal,CLARABEL,8.065407693248757,8.065407693248757
P2_dev_run1,17,0.303,0.404,1.3333333333333335,A_peak_Q,PEAK,winter_peak,21,-0.042921170800826317,0.00617483256389053,7.618920854271391,0.22225283928094203,optimal,CLARABEL,8.065407693248757,8.065407693248757
P2_dev_run1,17,0.303,0.404,1.3333333333333335,A_peak_Q,PEAK,winter_peak,22,-0.03992089655571272,0.005535967371771932,7.326980989499526,0.20539213466071968,optimal,CLARABEL,8.065407693248757,8.065407693248757
P2_dev_run1,17,0.303,0.404,1.3333333333333335,A_peak_Q,PEAK,winter_peak,23,-0.038360973564677395,0.005325313568528096,7.220822171359368,0.1994216089554144,optimal,CLARABEL,8.065407693248757,8.065407693248757
P2_dev_run1,17,0.303,0.404,1.3333333333333335,B_peak_PQ,AVG,summer,0,0.17246777322978343,0.24906596469571676,6.26842264200225,0.14094203278909861,optimal,CLARABEL,-38922.4106422843,nan
P2_dev_run1,17,0.303,0.404,1.3333333333333335,B_peak_PQ,AVG,summer,1,-1.5196353057469366e-16,0.30290874206494967,5.904702694457521,0.12503040996057518,optimal,CLARABEL,-38922.4106422843,nan
P2_dev_run1,17,0.303,0.404,1.3333333333333335,B_peak_PQ,AVG,summer,2,-5.946008081876607e-07,0.30290874206494955,5.669342954547328,0.11498393311257342,optimal,CLARABEL,-38922.4106422843,nan
P2_dev_run1,17,0.303,0.404,1.3333333333333335,B_peak_PQ,AVG,summer,3,-5.946008075143995e-07,0.3029087420649495,5.525684245650562,0.10906425082581536,optimal,CLARABEL,-38922.4106422843,nan
P2_dev_run1,17,0.303,0.404,1.3333333333333335,B_peak_PQ,AVG,summer,4,-0.19020830078675435,0.2357560271803164,5.636139279206648,0.11749086044199118,optimal,CLARABEL,-38922.4106422843,nan
P2_dev_run1,17,0.303,0.404,1.3333333333333335,B_peak_PQ,AVG,summer,5,-0.19305950502906535,0.23341610433033114,5.63291037524953,0.11744822486387017,optimal,CLARABEL,-38922.4106422843,nan
P2_dev_run1,17,0.303,0.404,1.3333333333333335,B_peak_PQ,AVG,summer,6,-1.1297415353855378e-05,0.30290874206494955,5.523922670378854,0.10899277562769104,optimal,CLARABEL,-38922.4106422843,nan
P2_dev_run1,17,0.303,0.404,1.3333333333333335,B_peak_PQ,AVG,summer,7,-1.1297415353523045e-05,0.30290874206494967,5.814069236120261,0.12111056543409739,optimal,CLARABEL,-38922.4106422843,nan
P2_dev_run1,17,0.303,0.404,1.3333333333333335,B_peak_PQ,AVG,summer,8,-1.1297415353463553e-05,0.3029087420649498,6.275102006556035,0.14171854707987078,optimal,CLARABEL,-38922.4106422843,nan
P2_dev_run1,17,0.303,0.404,1.3333333333333335,B_peak_PQ,AVG,summer,9,-6.056673547109924e-17,0.3029087420649498,6.874012449748975,0.17097854242202415,optimal,CLARABEL,-38922.4106422843,nan
P2_dev_run1,17,0.303,0.404,1.3333333333333335,B_peak_PQ,AVG,summer,10,3.186115106038937e-18,0.3029087420649498,7.210532412759918,0.18865816605797192,optimal,CLARABEL,-38922.4106422843,nan
P2_dev_run1,17,0.303,0.404,1.3333333333333335,B_peak_PQ,AVG,summer,11,7.705691933048531e-17,0.30290874206494983,7.316619572603584,0.19441689911163593,optimal,CLARABEL,-38922.4106422843,nan
P2_dev_run1,17,0.303,0.404,1.3333333333333335,B_peak_PQ,AVG,summer,12,6.867604672504464e-17,0.3029087420649498,7.272555015515327,0.19201414636838152,optimal,CLARABEL,-38922.4106422843,nan
P2_dev_run1,17,0.303,0.404,1.3333333333333335,B_peak_PQ,AVG,summer,13,1.6730899737867448e-18,0.3029087420649498,7.099152107778206,0.18270773329625875,optimal,CLARABEL,-38922.4106422843,nan
P2_dev_run1,17,0.303,0.404,1.3333333333333335,B_peak_PQ,AVG,summer,14,2.514343255318773e-16,0.30290874206494983,7.3813969606724665,0.19797694202052102,optimal,CLARABEL,-38922.4106422843,nan
P2_dev_run1,17,0.303,0.404,1.3333333333333335,B_peak_PQ,AVG,summer,15,0.07515129483979105,0.2934425730999892,7.44354322429217,0.20064012710752438,optimal,CLARABEL,-38922.4106422843,nan
P2_dev_run1,17,0.303,0.404,1.3333333333333335,B_peak_PQ,AVG,summer,16,0.09504556734086704,0.2877070387196889,7.501005127109297,0.20376931973539064,optimal,CLARABEL,-38922.4106422843,nan
P2_dev_run1,17,0.303,0.404,1.3333333333333335,B_peak_PQ,AVG,summer,17,0.0021600344854878517,0.3029087420649499,7.7431256335938095,0.218432893797591,optimal,CLARABEL,-38922.4106422843,nan
P2_dev_run1,17,0.303,0.404,1.3333333333333335,B_peak_PQ,AVG,summer,18,1.973053106471063e-16,0.30290874206494983,7.731984429136157,0.2178206984392085,optimal,CLARABEL,-38922.4106422843,nan
P2_dev_run1,17,0.303,0.404,1.3333333333333335,B_peak_PQ,AVG,summer,19,8.72591724091332e-17,0.3029087420649498,7.685961679396164,0.21516023485421565,optimal,CLARABEL,-38922.4106422843,nan
P2_dev_run1,17,0.303,0.404,1.3333333333333335,B_peak_PQ,AVG,summer,20,6.924588101677705e-17,0.30290874206494983,7.629134629368807,0.211898361841861,optimal,CLARABEL,-38922.4106422843,nan
P2_dev_run1,17,0.303,0.404,1.3333333333333335,B_peak_PQ,AVG,summer,21,6.592901331527876e-18,0.3029087420649498,7.417399575871747,0.19996992101979752,optimal,CLARABEL,-38922.4106422843,nan
P2_dev_run1,17,0.303,0.404,1.3333333333333335,B_peak_PQ,AVG,summer,22,0.0,0.3029087420649498,7.065040120086131,0.180904899994183,optimal,CLARABEL,-38922.4106422843,nan
P2_dev_run1,17,0.303,0.404,1.3333333333333335,B_peak_PQ,AVG,summer,23,-5.580941341686492e-17,0.3029087420649498,6.747723991453922,0.1645740517319761,optimal,CLARABEL,-38922.4106422843,nan
P2_dev_run1,17,0.303,0.404,1.3333333333333335,B_peak_PQ,AVG,winter,0,0.1724677732297946,0.24906596469570652,6.564804762813472,0.15504417314033353,optimal,CLARABEL,-45943.99427198304,nan
P2_dev_run1,17,0.303,0.404,1.3333333333333335,B_peak_PQ,AVG,winter,1,-2.8110553400867215e-15,0.3029087420649449,6.287574939906431,0.14229906625947836,optimal,CLARABEL,-45943.99427198304,nan
P2_dev_run1,17,0.303,0.404,1.3333333333333335,B_peak_PQ,AVG,winter,2,-5.946008177992431e-07,0.302908742064943,6.0594883026201884,0.1318735238904287,optimal,CLARABEL,-45943.99427198304,nan
P2_dev_run1,17,0.303,0.404,1.3333333333333335,B_peak_PQ,AVG,winter,3,-0.12626348197885684,0.2753618313006404,6.059262738080323,0.13415773289462574,optimal,CLARABEL,-45943.99427198304,nan
P2_dev_run1,17,0.303,0.404,1.3333333333333335,B_peak_PQ,AVG,winter,4,-0.1761976135056852,0.24644682536962995,6.058058146743081,0.13553074399035447,optimal,CLARABEL,-45943.99427198304,nan
P2_dev_run1,17,0.303,0.404,1.3333333333333335,B_peak_PQ,AVG,winter,5,-0.08081396551840007,0.29202414793494824,6.007591866289289,0.13082199759144408,optimal,CLARABEL,-45943.99427198304,nan
P2_dev_run1,17,0.303,0.404,1.3333333333333335,B_peak_PQ,AVG,winter,6,-1.1297415358383972e-05,0.3029087420649432,6.096890614529198,0.13355533605303144,optimal,CLARABEL,-45943.99427198304,nan
P2_dev_run1,17,0.303,0.404,1.3333333333333335,B_peak_PQ,AVG,winter,7,-1.1297415352571307e-05,0.30290874206494517,6.463398517829399,0.15061422739823782,optimal,CLARABEL,-45943.99427198304,nan
P2_dev_run1,17,0.303,0.404,1.3333333333333335,B_peak_PQ,AVG,winter,8,-5.214031633661918e-15,0.30290874206494667,7.038116444911503,0.17948845196954732,optimal,CLARABEL,-45943.99427198304,nan
P2_dev_run1,17,0.303,0.404,1.3333333333333335,B_peak_PQ,AVG,winter,9,0.037663745334417686,0.30063625636728025,7.6749403899362925,0.2140220846714182,optimal,CLARABEL,-45943.99427198304,nan
P2_dev_run1,17,0.303,0.404,1.3333333333333335,B_peak_PQ,AVG,winter,10,0.21944686613409684,0.2089307850555264,7.525146542577673,0.20640167368079404,optimal,CLARABEL,-45943.99427198304,nan
P2_dev_run1,17,0.303,0.404,1.3333333333333335,B_peak_PQ,AVG,winter,11,0.08779891742120301,0.2899052859400798,7.486417210726683,0.20297611337270582,optimal,CLARABEL,-45943.99427198304,nan
P2_dev_run1,17,0.303,0.404,1.3333333333333335,B_peak_PQ,AVG,winter,12,2.777284447014035e-15,0.30290874206494733,7.306726116441887,0.19387609290493918,optimal,CLARABEL,-45943.99427198304,nan
P2_dev_run1,17,0.303,0.404,1.3333333333333335,B_peak_PQ,AVG,winter,13,-3.11052992818593e-16,0.3029087420649467,6.897314139739279,0.1721739688823268,optimal,CLARABEL,-45943.99427198304,nan
P2_dev_run1,17,0.303,0.404,1.3333333333333335,B_peak_PQ,AVG,winter,14,0.0,0.302908742064947,7.136866112658054,0.18471162016610518,optimal,CLARABEL,-45943.99427198304,nan
P2_dev_run1,17,0.303,0.404,1.3333333333333335,B_peak_PQ,AVG,winter,15,0.0,0.3029087420649472,7.263564241800694,0.19152578170374623,optimal,CLARABEL,-45943.99427198304,nan
P2_dev_run1,17,0.303,0.404,1.3333333333333335,B_peak_PQ,AVG,winter,16,4.684025320194152e-16,0.3029087420649474,7.396696746390498,0.19882263235355196,optimal,CLARABEL,-45943.99427198304,nan
P2_dev_run1,17,0.303,0.404,1.3333333333333335,B_peak_PQ,AVG,winter,17,1.427256655714738e-15,0.30290874206494756,7.593969574205562,0.20989270197361487,optimal,CLARABEL,-45943.99427198304,nan
P2_dev_run1,17,0.303,0.404,1.3333333333333335,B_peak_PQ,AVG,winter,18,-5.354668791539253e-16,0.3029087420649475,7.590363484956598,0.20968757634464702,optimal,CLARABEL,-45943.99427198304,nan
P2_dev_run1,17,0.303,0.404,1.3333333333333335,B_peak_PQ,AVG,winter,19,-8.623704901738682e-16,0.3029087420649474,7.4840330459254645,0.20368556410351163,optimal,CLARABEL,-45943.99427198304,nan
P2_dev_run1,17,0.303,0.404,1.3333333333333335,B_peak_PQ,AVG,winter,20,-1.3244833115183586e-15,0.3029087420649471,7.312122445654496,0.19417097668754946,optimal,CLARABEL,-45943.99427198304,nan
P2_dev_run1,17,0.303,0.404,1.3333333333333335,B_peak_PQ,AVG,winter,21,-6.19030672004265e-15,0.30290874206494683,7.076708920162384,0.18152056830542931,optimal,CLARABEL,-45943.99427198304,nan
P2_dev_run1,17,0.303,0.404,1.3333333333333335,B_peak_PQ,AVG,winter,22,-0.04228487024510214,0.2999507772401137,6.877618352897766,0.171828725802865,optimal,CLARABEL,-45943.99427198304,nan
P2_dev_run1,17,0.303,0.404,1.3333333333333335,B_peak_PQ,AVG,winter,23,-0.1493481522434447,0.26363635830710125,6.910141394858208,0.176169323387067,optimal,CLARABEL,-45943.99427198304,nan
P2_dev_run1,17,0.303,0.404,1.3333333333333335,B_peak_PQ,AVG,shoulder,0,0.17246777322979023,0.24906596469570902,5.7807844585048604,0.11923586523171477,optimal,CLARABEL,-36214.275058346866,nan
P2_dev_run1,17,0.303,0.404,1.3333333333333335,B_peak_PQ,AVG,shoulder,1,-2.1413015476288892e-15,0.3029087420649449,5.488466157302859,0.10755685725090874,optimal,CLARABEL,-36214.275058346866,nan
P2_dev_run1,17,0.303,0.404,1.3333333333333335,B_peak_PQ,AVG,shoulder,2,-5.946008096024536e-07,0.3029087420649422,5.290163111193312,0.09970719709856064,optimal,CLARABEL,-36214.275058346866,nan
P2_dev_run1,17,0.303,0.404,1.3333333333333335,B_peak_PQ,AVG,shoulder,3,-0.0830130215575151,0.2913570715784141,5.268986473564406,0.10003610674633968,optimal,CLARABEL,-36214.275058346866,nan
P2_dev_run1,17,0.303,0.404,1.3333333333333335,B_peak_PQ,AVG,shoulder,4,-0.21944686613428743,0.20893078505533055,5.365252497212856,0.10732215674759606,optimal,CLARABEL,-36214.275058346866,nan
P2_dev_run1,17,0.303,0.404,1.3333333333333335,B_peak_PQ,AVG,shoulder,5,-0.08081396551467249,0.2920241479360643,5.2605362965825515,0.0996692698983199,optimal,CLARABEL,-36214.275058346866,nan
P2_dev_run1,17,0.303,0.404,1.3333333333333335,B_peak_PQ,AVG,shoulder,6,-1.1297415352865544e-05,0.30290874206494295,5.32556203216773,0.10108610013656782,optimal,CLARABEL,-36214.275058346866,nan
P2_dev_run1,17,0.303,0.404,1.3333333333333335,B_peak_PQ,AVG,shoulder,7,-1.1297415352737442e-05,0.3029087420649452,5.61346668072302,0.11266245456685799,optimal,CLARABEL,-36214.275058346866,nan
P2_dev_run1,17,0.303,0.404,1.3333333333333335,B_peak_PQ,AVG,shoulder,8,-1.9318621427185896e-15,0.302908742064947,5.976733389839486,0.128191592037534,optimal,CLARABEL,-36214.275058346866,nan
P2_dev_run1,17,0.303,0.404,1.3333333333333335,B_peak_PQ,AVG,shoulder,9,1.8641781909450603e-15,0.30290874206494806,6.3152239107948205,0.1435905690928784,optimal,CLARABEL,-36214.275058346866,nan
P2_dev_run1,17,0.303,0.404,1.3333333333333335,B_peak_PQ,AVG,shoulder,10,0.10025852068687734,0.285841814187539,6.217741006942179,0.13832063113219956,optimal,CLARABEL,-36214.275058346866,nan
P2_dev_run1,17,0.303,0.404,1.3333333333333335,B_peak_PQ,AVG,shoulder,11,0.0445776848795197,0.2996106703170766,6.176550911442329,0.13670691569291854,optimal,CLARABEL,-36214.275058346866,nan
P2_dev_run1,17,0.303,0.404,1.3333333333333335,B_peak_PQ,AVG,shoulder,12,9.23336623872592e-16,0.30290874206494756,6.04168633346798,0.131076949601032,optimal,CLARABEL,-36214.275058346866,nan
P2_dev_run1,17,0.303,0.404,1.3333333333333335,B_peak_PQ,AVG,shoulder,13,-3.6251556330079054e-16,0.3029087420649466,5.782081293178561,0.1197422535716103,optimal,CLARABEL,-36214.275058346866,nan
P2_dev_run1,17,0.303,0.404,1.3333333333333335,B_peak_PQ,AVG,shoulder,14,1.591523054350674e-17,0.3029087420649475,6.057707438772494,0.1317937186155472,optimal,CLARABEL,-36214.275058346866,nan
P2_dev_run1,17,0.303,0.404,1.3333333333333335,B_peak_PQ,AVG,shoulder,15,1.0733703073776984e-15,0.3029087420649479,6.220708255197023,0.13920044942507648,optimal,CLARABEL,-36214.275058346866,nan
P2_dev_run1,17,0.303,0.404,1.3333333333333335,B_peak_PQ,AVG,shoulder,16,1.1154541255156528e-14,0.30290874206494817,6.375002860508546,0.14640337817161075,optimal,CLARABEL,-36214.275058346866,nan
P2_dev_run1,17,0.303,0.404,1.3333333333333335,B_peak_PQ,AVG,shoulder,17,0.005239432580381335,0.30290874206494933,6.5809492114888135,0.15623789092413737,optimal,CLARABEL,-36214.275058346866,nan
P2_dev_run1,17,0.303,0.404,1.3333333333333335,B_peak_PQ,AVG,shoulder,18,1.959342391966489e-14,0.3029087420649484,6.648398288962537,0.15962508969560582,optimal,CLARABEL,-36214.275058346866,nan
P2_dev_run1,17,0.303,0.404,1.3333333333333335,B_peak_PQ,AVG,shoulder,19,0.022290062094156054,0.3021790084068917,6.6695720554732585,0.1603925962707373,optimal,CLARABEL,-36214.275058346866,nan
P2_dev_run1,17,0.303,0.404,1.3333333333333335,B_peak_PQ,AVG,shoulder,20,8.17997931209687e-15,0.30290874206494833,6.644820507846845,0.15944827219990337,optimal,CLARABEL,-36214.275058346866,nan
P2_dev_run1,17,0.303,0.404,1.3333333333333335,B_peak_PQ,AVG,shoulder,21,3.2121653861187095e-16,0.3029087420649481,6.457135368570823,0.15031372297387618,optimal,CLARABEL,-36214.275058346866,nan
P2_dev_run1,17,0.303,0.404,1.3333333333333335,B_peak_PQ,AVG,shoulder,22,0.0,0.3029087420649477,6.2474505199129595,0.14043548699101244,optimal,CLARABEL,-36214.275058346866,nan
P2_dev_run1,17,0.303,0.404,1.3333333333333335,B_peak_PQ,AVG,shoulder,23,-3.0604595827787237e-16,0.3029087420649474,6.108454820023363,0.13407736828140995,optimal,CLARABEL,-36214.275058346866,nan
P2_dev_run1,17,0.303,0.404,1.3333333333333335,B_peak_PQ,PEAK,summer_peak,0,-0.014668595599612366,0.004698575464766259,7.085664642622909,0.19167486042513976,optimal,CLARABEL,8.342887856637365,8.342887856637365
P2_dev_run1,17,0.303,0.404,1.3333333333333335,B_peak_PQ,PEAK,summer_peak,1,-0.01647566677272619,0.0035178081381706974,6.364050310986262,0.15440875116326938,optimal,CLARABEL,8.342887856637365,8.342887856637365
P2_dev_run1,17,0.303,0.404,1.3333333333333335,B_peak_PQ,PEAK,summer_peak,2,-0.017144035221159593,0.0031425902774233233,6.085285591802664,0.1411036384208193,optimal,CLARABEL,8.342887856637365,8.342887856637365
P2_dev_run1,17,0.303,0.404,1.3333333333333335,B_peak_PQ,PEAK,summer_peak,3,-0.017766562621824855,0.0029129563221846695,5.911263996906016,0.13310818641480926,optimal,CLARABEL,8.342887856637365,8.342887856637365
P2_dev_run1,17,0.303,0.404,1.3333333333333335,B_peak_PQ,PEAK,summer_peak,4,-0.018482026422940667,0.0027755404717198255,5.806085689284586,0.1283939817840593,optimal,CLARABEL,8.342887856637365,8.342887856637365
P2_dev_run1,17,0.303,0.404,1.3333333333333335,B_peak_PQ,PEAK,summer_peak,5,-0.019305693126654172,0.0027637490153322275,5.796278960601219,0.12796678999498812,optimal,CLARABEL,8.342887856637365,8.342887856637365
P2_dev_run1,17,0.303,0.404,1.3333333333333335,B_peak_PQ,PEAK,summer_peak,6,-0.02026617584650775,0.002905520059810854,5.903222581547324,0.13277094859111227,optimal,CLARABEL,8.342887856637365,8.342887856637365
P2_dev_run1,17,0.303,0.404,1.3333333333333335,B_peak_PQ,PEAK,summer_peak,7,-0.021206328092944426,0.0033564482220326407,6.241310616782863,0.14852606670849894,optimal,CLARABEL,8.342887856637365,8.342887856637365
P2_dev_run1,17,0.303,0.404,1.3333333333333335,B_peak_PQ,PEAK,summer_peak,8,-0.022062262160508578,0.00419304565668428,6.806135287334725,0.17683910481058268,optimal,CLARABEL,8.342887856637365,8.342887856637365
P2_dev_run1,17,0.303,0.404,1.3333333333333335,B_peak_PQ,PEAK,summer_peak,9,-0.022281331761106915,0.005752662081746788,7.5461315258795825,0.2177081782393041,optimal,CLARABEL,8.342887856637365,8.342887856637365
P2_dev_run1,17,0.303,0.404,1.3333333333333335,B_peak_PQ,PEAK,summer_peak,10,-0.023343398131720067,0.006846988512150808,8.00585304222238,0.24528790512272208,optimal,CLARABEL,8.342887856637365,8.342887856637365
P2_dev_run1,17,0.303,0.404,1.3333333333333335,B_peak_PQ,PEAK,summer_peak,11,-0.026304675395652108,0.007214407213261872,8.182282247223833,0.2563601818415694,optimal,CLARABEL,8.342887856637365,8.342887856637365
P2_dev_run1,17,0.303,0.404,1.3333333333333335,B_peak_PQ,PEAK,summer_peak,12,-0.031726521371496785,0.007254090719438199,8.19904825836745,0.2575060356027272,optimal,CLARABEL,8.342887856637365,8.342887856637365
P2_dev_run1,17,0.303,0.404,1.3333333333333335,B_peak_PQ,PEAK,summer_peak,13,-0.040544333941186866,0.007002550474272484,8.07432272493625,0.24980489751273618,optimal,CLARABEL,8.342887856637365,8.342887856637365
P2_dev_run1,17,0.303,0.404,1.3333333333333335,B_peak_PQ,PEAK,summer_peak,14,-0.0485693689135049,0.007837779716313607,8.411765137566862,0.2714342256216504,optimal,CLARABEL,8.342887856637365,8.342887856637365
P2_dev_run1,17,0.303,0.404,1.3333333333333335,B_peak_PQ,PEAK,summer_peak,15,-0.049967075393476695,0.009590934868409381,8.5852344587462,0.2828017951944306,optimal,CLARABEL,8.342887856637365,8.342887856637365
P2_dev_run1,17,0.303,0.404,1.3333333333333335,B_peak_PQ,PEAK,summer_peak,16,-0.0013841667570572355,0.105283075705392,8.63123145802799,0.2807653275676688,optimal,CLARABEL,8.342887856637365,8.342887856637365
P2_dev_run1,17,0.303,0.404,1.3333333333333335,B_peak_PQ,PEAK,summer_peak,17,0.13174375481947892,0.27275230299429415,8.647379296690483,0.27327970555284764,optimal,CLARABEL,8.342887856637365,8.342887856637365
P2_dev_run1,17,0.303,0.404,1.3333333333333335,B_peak_PQ,PEAK,summer_peak,18,0.1333330789623765,0.27200915307807366,8.647455248115019,0.2732913642765648,optimal,CLARABEL,8.342887856637365,8.342887856637365
P2_dev_run1,17,0.303,0.404,1.3333333333333335,B_peak_PQ,PEAK,summer_peak,19,0.07714346445266217,0.2929113602768129,8.644821208578543,0.27315004265490384,optimal,CLARABEL,8.342887856637365,8.342887856637365
P2_dev_run1,17,0.303,0.404,1.3333333333333335,B_peak_PQ,PEAK,summer_peak,20,0.0027050789125016754,0.302905919455035,8.641364246458325,0.2737938780291749,optimal,CLARABEL,8.342887856637365,8.342887856637365
P2_dev_run1,17,0.303,0.404,1.3333333333333335,B_peak_PQ,PEAK,summer_peak,21,-0.07871972044248841,0.007901978284196714,8.434567454634056,0.27344582293572195,optimal,CLARABEL,8.342887856637365,8.342887856637365
P2_dev_run1,17,0.303,0.404,1.3333333333333335,B_peak_PQ,PEAK,summer_peak,22,-0.07145147058992486,0.006736965000401873,7.976368434826844,0.24423690311799967,optimal,CLARABEL,8.342887856637365,8.342887856637365
P2_dev_run1,17,0.303,0.404,1.3333333333333335,B_peak_PQ,PEAK,summer_peak,23,-0.0690976449138195,0.005698828080037978,7.541500646639654,0.218140562051794,optimal,CLARABEL,8.342887856637365,8.342887856637365
P2_dev_run1,17,0.303,0.404,1.3333333333333335,B_peak_PQ,PEAK,winter_peak,0,-0.02024226013720576,0.005263168793322083,7.206787585880745,0.198395136161084,optimal,CLARABEL,8.050979207438974,8.050979207438974
P2_dev_run1,17,0.303,0.404,1.3333333333333335,B_peak_PQ,PEAK,winter_peak,1,-0.022029420854373455,0.00450249432440339,6.739712437669128,0.17336510858314264,optimal,CLARABEL,8.050979207438974,8.050979207438974
P2_dev_run1,17,0.303,0.404,1.3333333333333335,B_peak_PQ,PEAK,winter_peak,2,-0.02364679807971501,0.004161912355904282,6.510307060145765,0.16170726592055898,optimal,CLARABEL,8.050979207438974,8.050979207438974
P2_dev_run1,17,0.303,0.404,1.3333333333333335,B_peak_PQ,PEAK,winter_peak,3,-0.025779826009088277,0.003955234780766269,6.3748240453353455,0.1550301769470288,optimal,CLARABEL,8.050979207438974,8.050979207438974
P2_dev_run1,17,0.303,0.404,1.3333333333333335,B_peak_PQ,PEAK,winter_peak,4,-0.028717072020445697,0.003846661628868104,6.304660277795042,0.15165027249680768,optimal,CLARABEL,8.050979207438974,8.050979207438974
P2_dev_run1,17,0.303,0.404,1.3333333333333335,B_peak_PQ,PEAK,winter_peak,5,-0.03270987099112878,0.003901663504274293,6.338395301820743,0.15333528599532684,optimal,CLARABEL,8.050979207438974,8.050979207438974
P2_dev_run1,17,0.303,0.404,1.3333333333333335,B_peak_PQ,PEAK,winter_peak,6,-0.0383003552475642,0.004163851017570944,6.507123029018748,0.1617288702854011,optimal,CLARABEL,8.050979207438974,8.050979207438974
P2_dev_run1,17,0.303,0.404,1.3333333333333335,B_peak_PQ,PEAK,winter_peak,7,-0.0466645844175734,0.004729039875508205,6.884480381545826,0.18127258155519904,optimal,CLARABEL,8.050979207438974,8.050979207438974
P2_dev_run1,17,0.303,0.404,1.3333333333333335,B_peak_PQ,PEAK,winter_peak,8,-0.06184670592201598,0.005893561908905181,7.5201325712945915,0.21677567229255063,optimal,CLARABEL,8.050979207438974,8.050979207438974
P2_dev_run1,17,0.303,0.404,1.3333333333333335,B_peak_PQ,PEAK,winter_peak,9,-0.015987658619710313,0.01698610675469952,8.305230171113317,0.26359844016744033,optimal,CLARABEL,8.050979207438974,8.050979207438974
P2_dev_run1,17,0.303,0.404,1.3333333333333335,B_peak_PQ,PEAK,winter_peak,10,0.189163952870239,0.2366107583193811,8.336924360861364,0.2540824783530343,optimal,CLARABEL,8.050979207438974,8.050979207438974
P2_dev_run1,17,0.303,0.404,1.3333333333333335,B_peak_PQ,PEAK,winter_peak,11,0.15456629030252908,0.2604944146101153,8.335413359756554,0.2534972129922658,optimal,CLARABEL,8.050979207438974,8.050979207438974
P2_dev_run1,17,0.303,0.404,1.3333333333333335,B_peak_PQ,PEAK,winter_peak,12,0.0012001722944052818,0.3028875478243781,8.328757987380014,0.25382176043472704,optimal,CLARABEL,8.050979207438974,8.050979207438974
P2_dev_run1,17,0.303,0.404,1.3333333333333335,B_peak_PQ,PEAK,winter_peak,13,-0.14521534045981965,0.006601755813567841,8.097269324377313,0.25311808954723036,optimal,CLARABEL,8.050979207438974,8.050979207438974
P2_dev_run1,17,0.303,0.404,1.3333333333333335,B_peak_PQ,PEAK,winter_peak,14,-0.10879113313180576,0.009418688225939657,8.285400344142136,0.26425514044621473,optimal,CLARABEL,8.050979207438974,8.050979207438974
P2_dev_run1,17,0.303,0.404,1.3333333333333335,B_peak_PQ,PEAK,winter_peak,15,-0.03344634778688853,0.014053587797779021,8.296920557905098,0.26347255719741103,optimal,CLARABEL,8.050979207438974,8.050979207438974
P2_dev_run1,17,0.303,0.404,1.3333333333333335,B_peak_PQ,PEAK,winter_peak,16,0.024378296710483402,0.016865159902270548,8.306821453189231,0.263105847330407,optimal,CLARABEL,8.050979207438974,8.050979207438974
P2_dev_run1,17,0.303,0.404,1.3333333333333335,B_peak_PQ,PEAK,winter_peak,17,0.13409068047421527,0.018730125583807246,8.319668845409184,0.26249959262310696,optimal,CLARABEL,8.050979207438974,8.050979207438974
P2_dev_run1,17,0.303,0.404,1.3333333333333335,B_peak_PQ,PEAK,winter_peak,18,0.055946996066361436,0.017499875162679337,8.29977192008733,0.2621955493960687,optimal,CLARABEL,8.050979207438974,8.050979207438974
P2_dev_run1,17,0.303,0.404,1.3333333333333335,B_peak_PQ,PEAK,winter_peak,19,-0.059801244092444125,0.0074982435416242905,8.185914888593086,0.25712002109297316,optimal,CLARABEL,8.050979207438974,8.050979207438974
P2_dev_run1,17,0.303,0.404,1.3333333333333335,B_peak_PQ,PEAK,winter_peak,20,-0.05061037739727858,0.0067990081705248855,7.922996777518172,0.2406103974027844,optimal,CLARABEL,8.050979207438974,8.050979207438974
P2_dev_run1,17,0.303,0.404,1.3333333333333335,B_peak_PQ,PEAK,winter_peak,21,-0.04455700137241114,0.006152369246904769,7.620685524690374,0.22238225347792373,optimal,CLARABEL,8.050979207438974,8.050979207438974
P2_dev_run1,17,0.303,0.404,1.3333333333333335,B_peak_PQ,PEAK,winter_peak,22,-0.04135648544096823,0.0055217189688322186,7.328524550690145,0.20550055785252028,optimal,CLARABEL,8.050979207438974,8.050979207438974
P2_dev_run1,17,0.303,0.404,1.3333333333333335,B_peak_PQ,PEAK,winter_peak,23,-0.039699115360384715,0.0053143174886138185,7.222259189633689,0.19952089788285693,optimal,CLARABEL,8.050979207438974,8.050979207438974
P3_dev_run0,31,1.045,0.405,0.38755980861244027,A0_no_peak_loss,AVG,summer,0,0.1728946736586109,1.0304696257668524,6.268695377693285,0.11939679096839315,optimal,CLARABEL,-117165.14232774048,nan
P3_dev_run0,31,1.045,0.405,0.38755980861244027,A0_no_peak_loss,AVG,summer,1,-2.3444846582062417e-14,1.0446852655374794,5.908208914745316,0.10628333454417091,optimal,CLARABEL,-117165.14232774048,nan
P3_dev_run0,31,1.045,0.405,0.38755980861244027,A0_no_peak_loss,AVG,summer,2,-5.960726013458132e-07,1.0446852655374608,5.674112693369746,0.09750037480319282,optimal,CLARABEL,-117165.14232774048,nan
P3_dev_run0,31,1.045,0.405,0.38755980861244027,A0_no_peak_loss,AVG,summer,3,-5.960726096621785e-07,1.0446852655374466,5.531221070775365,0.09234777881880277,optimal,CLARABEL,-117165.14232774048,nan
P3_dev_run0,31,1.045,0.405,0.38755980861244027,A0_no_peak_loss,AVG,summer,4,-0.1786551737588557,1.029615136295467,5.62752881053534,0.09782450397425622,optimal,CLARABEL,-117165.14232774048,nan
P3_dev_run0,31,1.045,0.405,0.38755980861244027,A0_no_peak_loss,AVG,summer,5,-0.20556097896843495,1.0242632388849948,5.648820218961652,0.09897836384722712,optimal,CLARABEL,-117165.14232774048,nan
P3_dev_run0,31,1.045,0.405,0.38755980861244027,A0_no_peak_loss,AVG,summer,6,-1.1325379266059126e-05,1.0446852655374466,5.529468890822032,0.09228567324617558,optimal,CLARABEL,-117165.14232774048,nan
P3_dev_run0,31,1.045,0.405,0.38755980861244027,A0_no_peak_loss,AVG,summer,7,-1.132537925172937e-05,1.0446852655374705,5.818063021894771,0.10285102838392864,optimal,CLARABEL,-117165.14232774048,nan
P3_dev_run0,31,1.045,0.405,0.38755980861244027,A0_no_peak_loss,AVG,summer,8,-1.132537922501544e-05,1.0446852655374939,6.2766025112725865,0.12096572897177005,optimal,CLARABEL,-117165.14232774048,nan
P3_dev_run0,31,1.045,0.405,0.38755980861244027,A0_no_peak_loss,AVG,summer,9,-1.5159743692968218e-14,1.0446852655375058,6.872224496979461,0.14693729394832108,optimal,CLARABEL,-117165.14232774048,nan
P3_dev_run0,31,1.045,0.405,0.38755980861244027,A0_no_peak_loss,AVG,summer,10,3.6414444437898604e-16,1.04468526553751,7.2068716582301455,0.1627441158240219,optimal,CLARABEL,-117165.14232774048,nan
P3_dev_run0,31,1.045,0.405,0.38755980861244027,A0_no_peak_loss,AVG,summer,11,1.1497653550821142e-14,1.0446852655375116,7.312364628225167,0.16790865902905167,optimal,CLARABEL,-117165.14232774048,nan
P3_dev_run0,31,1.045,0.405,0.38755980861244027,A0_no_peak_loss,AVG,summer,12,9.004733696936635e-15,1.0446852655375112,7.268547096960135,0.16575293210901842,optimal,CLARABEL,-117165.14232774048,nan
P3_dev_run0,31,1.045,0.405,0.38755980861244027,A0_no_peak_loss,AVG,summer,13,-4.093286325069703e-16,1.044685265537509,7.096113226654752,0.15741555646862504,optimal,CLARABEL,-117165.14232774048,nan
P3_dev_run0,31,1.045,0.405,0.38755980861244027,A0_no_peak_loss,AVG,summer,14,2.1439195633734833e-14,1.0446852655375125,7.376778300153497,0.1711049857973917,optimal,CLARABEL,-117165.14232774048,nan
P3_dev_run0,31,1.045,0.405,0.38755980861244027,A0_no_peak_loss,AVG,summer,15,0.044863576536139614,1.0437411460958137,7.471791568034418,0.1754383628797715,optimal,CLARABEL,-117165.14232774048,nan
P3_dev_run0,31,1.045,0.405,0.38755980861244027,A0_no_peak_loss,AVG,summer,16,0.12791915558470274,1.037141113655396,7.459865898084493,0.1742298866017375,optimal,CLARABEL,-117165.14232774048,nan
P3_dev_run0,31,1.045,0.405,0.38755980861244027,A0_no_peak_loss,AVG,summer,17,3.90806315870251e-14,1.044685265537516,7.738847934394406,0.18967729441832248,optimal,CLARABEL,-117165.14232774048,nan
P3_dev_run0,31,1.045,0.405,0.38755980861244027,A0_no_peak_loss,AVG,summer,18,1.3908862036409795e-14,1.0446852655375158,7.725385329189107,0.18896830278799448,optimal,CLARABEL,-117165.14232774048,nan
P3_dev_run0,31,1.045,0.405,0.38755980861244027,A0_no_peak_loss,AVG,summer,19,7.686475104589795e-15,1.044685265537515,7.679623713417606,0.18656897317148768,optimal,CLARABEL,-117165.14232774048,nan
P3_dev_run0,31,1.045,0.405,0.38755980861244027,A0_no_peak_loss,AVG,summer,20,6.555641681617672e-15,1.0446852655375145,7.62311861772877,0.1836290544976525,optimal,CLARABEL,-117165.14232774048,nan
P3_dev_run0,31,1.045,0.405,0.38755980861244027,A0_no_peak_loss,AVG,summer,21,-4.632026375077109e-16,1.0446852655375118,7.412578469465677,0.1728955189095502,optimal,CLARABEL,-117165.14232774048,nan
P3_dev_run0,31,1.045,0.405,0.38755980861244027,A0_no_peak_loss,AVG,summer,22,-6.730260307689365e-15,1.044685265537508,7.062191296814569,0.15580278101843228,optimal,CLARABEL,-117165.14232774048,nan
P3_dev_run0,31,1.045,0.405,0.38755980861244027,A0_no_peak_loss,AVG,summer,23,-1.7619159373422542e-14,1.044685265537504,6.746634175552709,0.1412309401265709,optimal,CLARABEL,-117165.14232774048,nan
P3_dev_run0,31,1.045,0.405,0.38755980861244027,A0_no_peak_loss,AVG,winter,0,0.1728946736585832,1.0304696257668737,6.563465031156222,0.13188646397130266,optimal,CLARABEL,-143018.60709022108,nan
P3_dev_run0,31,1.045,0.405,0.38755980861244027,A0_no_peak_loss,AVG,winter,1,-9.051742963492843e-15,1.044685265537509,6.289007538326158,0.12147836897502313,optimal,CLARABEL,-143018.60709022108,nan
P3_dev_run0,31,1.045,0.405,0.38755980861244027,A0_no_peak_loss,AVG,winter,2,-5.96072564848459e-07,1.0446852655375019,6.062158937023969,0.11229086116245064,optimal,CLARABEL,-143018.60709022108,nan
P3_dev_run0,31,1.045,0.405,0.38755980861244027,A0_no_peak_loss,AVG,winter,3,-5.960729708878312e-07,1.0446852655374967,5.932085691194705,0.10720302836779325,optimal,CLARABEL,-143018.60709022108,nan
P3_dev_run0,31,1.045,0.405,0.38755980861244027,A0_no_peak_loss,AVG,winter,4,-0.38421056761212774,0.9716139552661812,6.27313349464874,0.12657753428282367,optimal,CLARABEL,-143018.60709022108,nan
P3_dev_run0,31,1.045,0.405,0.38755980861244027,A0_no_peak_loss,AVG,winter,5,-1.1325379291282344e-05,1.0446852655374974,5.9276747599151784,0.1070328941842974,optimal,CLARABEL,-143018.60709022108,nan
P3_dev_run0,31,1.045,0.405,0.38755980861244027,A0_no_peak_loss,AVG,winter,6,-1.1325379261087168e-05,1.0446852655375025,6.099358783119299,0.11377018181844512,optimal,CLARABEL,-143018.60709022108,nan
P3_dev_run0,31,1.045,0.405,0.38755980861244027,A0_no_peak_loss,AVG,winter,7,-1.1325379250552574e-05,1.0446852655375112,6.463871221678108,0.1288336084222693,optimal,CLARABEL,-143018.60709022108,nan
P3_dev_run0,31,1.045,0.405,0.38755980861244027,A0_no_peak_loss,AVG,winter,8,-1.132537922525038e-05,1.0446852655375205,7.035429143803566,0.15453686953774926,optimal,CLARABEL,-143018.60709022108,nan
P3_dev_run0,31,1.045,0.405,0.38755980861244027,A0_no_peak_loss,AVG,winter,9,4.2782932744774165e-15,1.0446852655375267,7.710129525099979,0.18816659408385328,optimal,CLARABEL,-143018.60709022108,nan
P3_dev_run0,31,1.045,0.405,0.38755980861244027,A0_no_peak_loss,AVG,winter,10,0.34577539821807374,0.9858243247965,7.381043922270566,0.17016626717868494,optimal,CLARABEL,-143018.60709022108,nan
P3_dev_run0,31,1.045,0.405,0.38755980861244027,A0_no_peak_loss,AVG,winter,11,9.375912568322816e-15,1.044685265537526,7.57739575917437,0.18126848209825241,optimal,CLARABEL,-143018.60709022108,nan
P3_dev_run0,31,1.045,0.405,0.38755980861244027,A0_no_peak_loss,AVG,winter,12,0.0,1.0446852655375243,7.30252666225602,0.1674233430148926,optimal,CLARABEL,-143018.60709022108,nan
P3_dev_run0,31,1.045,0.405,0.38755980861244027,A0_no_peak_loss,AVG,winter,13,-2.223936130007118e-14,1.0446852655375203,6.895397094277869,0.1480036277167176,optimal,CLARABEL,-143018.60709022108,nan
P3_dev_run0,31,1.045,0.405,0.38755980861244027,A0_no_peak_loss,AVG,winter,14,-7.010764165050562e-15,1.0446852655375225,7.133616886248538,0.15920909805240174,optimal,CLARABEL,-143018.60709022108,nan
P3_dev_run0,31,1.045,0.405,0.38755980861244027,A0_no_peak_loss,AVG,winter,15,-5.883445200473776e-15,1.0446852655375236,7.259606686721152,0.16531493092002159,optimal,CLARABEL,-143018.60709022108,nan
P3_dev_run0,31,1.045,0.405,0.38755980861244027,A0_no_peak_loss,AVG,winter,16,-5.401889897280751e-15,1.044685265537525,7.391992079696953,0.17186466995582006,optimal,CLARABEL,-143018.60709022108,nan
P3_dev_run0,31,1.045,0.405,0.38755980861244027,A0_no_peak_loss,AVG,winter,17,-7.0697143820076276e-15,1.0446852655375258,7.58815252357019,0.18182235563405835,optimal,CLARABEL,-143018.60709022108,nan
P3_dev_run0,31,1.045,0.405,0.38755980861244027,A0_no_peak_loss,AVG,winter,18,-1.1090060513878463e-14,1.0446852655375256,7.584566826276936,0.18163762196080036,optimal,CLARABEL,-143018.60709022108,nan
P3_dev_run0,31,1.045,0.405,0.38755980861244027,A0_no_peak_loss,AVG,winter,19,-1.705249971714383e-14,1.044685265537525,7.478836694130832,0.17623591660468915,optimal,CLARABEL,-143018.60709022108,nan
P3_dev_run0,31,1.045,0.405,0.38755980861244027,A0_no_peak_loss,AVG,winter,20,-3.033238322022775e-14,1.0446852655375236,7.307892726641064,0.16768796196990937,optimal,CLARABEL,-143018.60709022108,nan
P3_dev_run0,31,1.045,0.405,0.38755980861244027,A0_no_peak_loss,AVG,winter,21,-5.96072494163881e-07,1.0446852655375212,7.0737957174651145,0.1563534917136658,optimal,CLARABEL,-143018.60709022108,nan
P3_dev_run0,31,1.045,0.405,0.38755980861244027,A0_no_peak_loss,AVG,winter,22,-5.960725931625801e-07,1.0446852655375183,6.8321290757955975,0.14510213529905214,optimal,CLARABEL,-143018.60709022108,nan
P3_dev_run0,31,1.045,0.405,0.38755980861244027,A0_no_peak_loss,AVG,winter,23,-0.19210558184255688,1.0269396837814124,6.950764001777176,0.1530646215677821,optimal,CLARABEL,-143018.60709022108,nan
P3_dev_run0,31,1.045,0.405,0.38755980861244027,A0_no_peak_loss,AVG,shoulder,0,0.17289467365857297,1.0304696257668888,5.783681181993486,0.10031461120855732,optimal,CLARABEL,-106905.78957245639,nan
P3_dev_run0,31,1.045,0.405,0.38755980861244027,A0_no_peak_loss,AVG,shoulder,1,-1.3050537329270772e-15,1.0446852655375292,5.494201204854725,0.09103860909859864,optimal,CLARABEL,-106905.78957245639,nan
P3_dev_run0,31,1.045,0.405,0.38755980861244027,A0_no_peak_loss,AVG,shoulder,2,-5.960725925128005e-07,1.044685265537527,5.296950803923812,0.08424159269726268,optimal,CLARABEL,-106905.78957245639,nan
P3_dev_run0,31,1.045,0.405,0.38755980861244027,A0_no_peak_loss,AVG,shoulder,3,-5.960725904799832e-07,1.0446852655375254,5.19140837211585,0.08072806948930351,optimal,CLARABEL,-106905.78957245639,nan
P3_dev_run0,31,1.045,0.405,0.38755980861244027,A0_no_peak_loss,AVG,shoulder,4,-0.3842105676125922,0.9716139552660094,5.537843224224097,0.09783745591272604,optimal,CLARABEL,-106905.78957245639,nan
P3_dev_run0,31,1.045,0.405,0.38755980861244027,A0_no_peak_loss,AVG,shoulder,5,-1.1325379253975798e-05,1.0446852655375254,5.18526533208285,0.08052630836200729,optimal,CLARABEL,-106905.78957245639,nan
P3_dev_run0,31,1.045,0.405,0.38755980861244027,A0_no_peak_loss,AVG,shoulder,6,-1.132537925263769e-05,1.0446852655375276,5.332162260211699,0.08543300535585352,optimal,CLARABEL,-106905.78957245639,nan
P3_dev_run0,31,1.045,0.405,0.38755980861244027,A0_no_peak_loss,AVG,shoulder,7,-1.132537925260767e-05,1.0446852655375296,5.61853515594463,0.09547760696378642,optimal,CLARABEL,-106905.78957245639,nan
P3_dev_run0,31,1.045,0.405,0.38755980861244027,A0_no_peak_loss,AVG,shoulder,8,-1.651741446704431e-15,1.0446852655375314,5.979851222038683,0.10905612853255456,optimal,CLARABEL,-106905.78957245639,nan
P3_dev_run0,31,1.045,0.405,0.38755980861244027,A0_no_peak_loss,AVG,shoulder,9,3.352483042416175e-16,1.044685265537532,6.3165058829345435,0.12261924552841931,optimal,CLARABEL,-106905.78957245639,nan
P3_dev_run0,31,1.045,0.405,0.38755980861244027,A0_no_peak_loss,AVG,shoulder,10,0.17280023966909835,1.0304836337259744,6.141163980956815,0.11420287174457268,optimal,CLARABEL,-106905.78957245639,nan
P3_dev_run0,31,1.045,0.405,0.38755980861244027,A0_no_peak_loss,AVG,shoulder,11,4.90118736083586e-15,1.044685265537532,6.226937048592951,0.1189247425918326,optimal,CLARABEL,-106905.78957245639,nan
P3_dev_run0,31,1.045,0.405,0.38755980861244027,A0_no_peak_loss,AVG,shoulder,12,3.762799049079007e-16,1.0446852655375316,6.044453256760697,0.11159057718957176,optimal,CLARABEL,-106905.78957245639,nan
P3_dev_run0,31,1.045,0.405,0.38755980861244027,A0_no_peak_loss,AVG,shoulder,13,-2.4837056262469187e-16,1.0446852655375307,5.786246855515334,0.10165452020420805,optimal,CLARABEL,-106905.78957245639,nan
P3_dev_run0,31,1.045,0.405,0.38755980861244027,A0_no_peak_loss,AVG,shoulder,14,6.985812746299247e-17,1.0446852655375316,6.0603877079266,0.11222069206547604,optimal,CLARABEL,-106905.78957245639,nan
P3_dev_run0,31,1.045,0.405,0.38755980861244027,A0_no_peak_loss,AVG,shoulder,15,3.576304537597563e-16,1.044685265537532,6.222504636975069,0.11874353549894263,optimal,CLARABEL,-106905.78957245639,nan
P3_dev_run0,31,1.045,0.405,0.38755980861244027,A0_no_peak_loss,AVG,shoulder,16,1.147645044670605e-15,1.044685265537532,6.375958761229331,0.12510598318820657,optimal,CLARABEL,-106905.78957245639,nan
P3_dev_run0,31,1.045,0.405,0.38755980861244027,A0_no_peak_loss,AVG,shoulder,17,1.3064007833452287e-15,1.044685265537532,6.586493081100876,0.13413320857475378,optimal,CLARABEL,-106905.78957245639,nan
P3_dev_run0,31,1.045,0.405,0.38755980861244027,A0_no_peak_loss,AVG,shoulder,18,9.936977878339206e-16,1.044685265537532,6.647855775472779,0.13682928050165244,optimal,CLARABEL,-106905.78957245639,nan
P3_dev_run0,31,1.045,0.405,0.38755980861244027,A0_no_peak_loss,AVG,shoulder,19,1.4341740889058159e-15,1.0446852655375318,6.6932305560862435,0.13884177496012035,optimal,CLARABEL,-106905.78957245639,nan
P3_dev_run0,31,1.045,0.405,0.38755980861244027,A0_no_peak_loss,AVG,shoulder,20,8.207789006898803e-16,1.044685265537532,6.644297679399675,0.13667214804854985,optimal,CLARABEL,-106905.78957245639,nan
P3_dev_run0,31,1.045,0.405,0.38755980861244027,A0_no_peak_loss,AVG,shoulder,21,1.2101801554343065e-16,1.044685265537532,6.457642355792782,0.12856741449165518,optimal,CLARABEL,-106905.78957245639,nan
P3_dev_run0,31,1.045,0.405,0.38755980861244027,A0_no_peak_loss,AVG,shoulder,22,-1.0530206296257024e-16,1.044685265537532,6.249101495677593,0.11983316705146563,optimal,CLARABEL,-106905.78957245639,nan
P3_dev_run0,31,1.045,0.405,0.38755980861244027,A0_no_peak_loss,AVG,shoulder,23,-4.943379790599143e-16,1.0446852655375316,6.110860347648706,0.11422960020257578,optimal,CLARABEL,-106905.78957245639,nan
P3_dev_run0,31,1.045,0.405,0.38755980861244027,A0_no_peak_loss,PEAK,summer_peak,0,-0.038218175936289844,0.030370662553505977,7.10954537958663,0.19171010526448287,optimal,CLARABEL,8.366459601365804,8.366459601365804
P3_dev_run0,31,1.045,0.405,0.38755980861244027,A0_no_peak_loss,PEAK,summer_peak,1,-0.05267118719005165,0.0234064140578764,6.401351177233823,0.15537624011045925,optimal,CLARABEL,8.366459601365804,8.366459601365804
P3_dev_run0,31,1.045,0.405,0.38755980861244027,A0_no_peak_loss,PEAK,summer_peak,2,-0.05264562231351749,0.02213684569554767,6.121832276848223,0.14202336147784383,optimal,CLARABEL,8.366459601365804,8.366459601365804
P3_dev_run0,31,1.045,0.405,0.38755980861244027,A0_no_peak_loss,PEAK,summer_peak,3,-0.05275776684625144,0.020960693343171317,5.947268288347689,0.13400804962630147,optimal,CLARABEL,8.366459601365804,8.366459601365804
P3_dev_run0,31,1.045,0.405,0.38755980861244027,A0_no_peak_loss,PEAK,summer_peak,4,-0.05351461603971441,0.020086494512669216,5.842130471712226,0.12930302632963292,optimal,CLARABEL,8.366459601365804,8.366459601365804
P3_dev_run0,31,1.045,0.405,0.38755980861244027,A0_no_peak_loss,PEAK,summer_peak,5,-0.05477264527517317,0.02001672583095379,5.832771662535889,0.1288921550838797,optimal,CLARABEL,8.366459601365804,8.366459601365804
P3_dev_run0,31,1.045,0.405,0.38755980861244027,A0_no_peak_loss,PEAK,summer_peak,6,-0.05698328837657418,0.020952821017149834,5.941013246741165,0.1337388147669172,optimal,CLARABEL,8.366459601365804,8.366459601365804
P3_dev_run0,31,1.045,0.405,0.38755980861244027,A0_no_peak_loss,PEAK,summer_peak,7,-0.0599093324649439,0.02301803515173281,6.2811899490371275,0.14958222066490945,optimal,CLARABEL,8.366459601365804,8.366459601365804
P3_dev_run0,31,1.045,0.405,0.38755980861244027,A0_no_peak_loss,PEAK,summer_peak,8,-0.06196445847518256,0.02651836212008989,6.847281757597047,0.17793214729245516,optimal,CLARABEL,8.366459601365804,8.366459601365804
P3_dev_run0,31,1.045,0.405,0.38755980861244027,A0_no_peak_loss,PEAK,summer_peak,9,-0.04725397784242269,0.041194664484579466,7.571092957913855,0.21725582602213603,optimal,CLARABEL,8.366459601365804,8.366459601365804
P3_dev_run0,31,1.045,0.405,0.38755980861244027,A0_no_peak_loss,PEAK,summer_peak,10,-0.03688726097805256,0.04494942093411975,8.018553654781114,0.24383635404520415,optimal,CLARABEL,8.366459601365804,8.366459601365804
P3_dev_run0,31,1.045,0.405,0.38755980861244027,A0_no_peak_loss,PEAK,summer_peak,11,-0.04021135224274752,0.040346458563047784,8.195433757578408,0.25513160591563144,optimal,CLARABEL,8.366459601365804,8.366459601365804
P3_dev_run0,31,1.045,0.405,0.38755980861244027,A0_no_peak_loss,PEAK,summer_peak,12,-0.05490831374551636,0.03968916020326617,8.222002530478557,0.2569178070361835,optimal,CLARABEL,8.366459601365804,8.366459601365804
P3_dev_run0,31,1.045,0.405,0.38755980861244027,A0_no_peak_loss,PEAK,summer_peak,13,-0.09286814424320117,0.044279614869584656,8.128086057242934,0.2509619434425161,optimal,CLARABEL,8.366459601365804,8.366459601365804
P3_dev_run0,31,1.045,0.405,0.38755980861244027,A0_no_peak_loss,PEAK,summer_peak,14,-0.09475128263102933,0.031407577783004875,8.459506784695604,0.27286071623674857,optimal,CLARABEL,8.366459601365804,8.366459601365804
P3_dev_run0,31,1.045,0.405,0.38755980861244027,A0_no_peak_loss,PEAK,summer_peak,15,-0.0635669665543194,0.022541364539254486,8.598460841300367,0.2823392999541787,optimal,CLARABEL,8.366459601365804,8.366459601365804
P3_dev_run0,31,1.045,0.405,0.38755980861244027,A0_no_peak_loss,PEAK,summer_peak,16,-0.01224609404126234,0.014351903827486693,8.64400138212845,0.28559195311178953,optimal,CLARABEL,8.366459601365804,8.366459601365804
P3_dev_run0,31,1.045,0.405,0.38755980861244027,A0_no_peak_loss,PEAK,summer_peak,17,0.1342490722763682,-0.018452161921515373,8.65422563069514,0.2877282698028979,optimal,CLARABEL,8.366459601365804,8.366459601365804
P3_dev_run0,31,1.045,0.405,0.38755980861244027,A0_no_peak_loss,PEAK,summer_peak,18,0.13594955293296465,-0.019275492388675132,8.65427757037595,0.2877772828978973,optimal,CLARABEL,8.366459601365804,8.366459601365804
P3_dev_run0,31,1.045,0.405,0.38755980861244027,A0_no_peak_loss,PEAK,summer_peak,19,0.0755824570884881,-0.0031209877875445513,8.653369065108986,0.28690764417547854,optimal,CLARABEL,8.366459601365804,8.366459601365804
P3_dev_run0,31,1.045,0.405,0.38755980861244027,A0_no_peak_loss,PEAK,summer_peak,20,-0.002772920944471801,0.013822384290457235,8.650391217779703,0.2860094912966432,optimal,CLARABEL,8.366459601365804,8.366459601365804
P3_dev_run0,31,1.045,0.405,0.38755980861244027,A0_no_peak_loss,PEAK,summer_peak,21,-0.10997209385061008,0.03320522738472506,8.465770895299716,0.2732616474487573,optimal,CLARABEL,8.366459601365804,8.366459601365804
P3_dev_run0,31,1.045,0.405,0.38755980861244027,A0_no_peak_loss,PEAK,summer_peak,22,-0.10048014022308549,0.04683944286379028,8.004670137897783,0.24320801368213765,optimal,CLARABEL,8.366459601365804,8.366459601365804
P3_dev_run0,31,1.045,0.405,0.38755980861244027,A0_no_peak_loss,PEAK,summer_peak,23,-0.09563185086875808,0.04199090069867331,7.567388355498502,0.21723671894757413,optimal,CLARABEL,8.366459601365804,8.366459601365804
P3_dev_run0,31,1.045,0.405,0.38755980861244027,A0_no_peak_loss,PEAK,winter_peak,0,-0.044842551093490446,0.0313089579283069,7.231686699399536,0.19841869671128742,optimal,CLARABEL,8.077420191267171,8.077420191267171
P3_dev_run0,31,1.045,0.405,0.38755980861244027,A0_no_peak_loss,PEAK,winter_peak,1,-0.050704735238286835,0.02776923912915456,6.768963519434335,0.173741353297315,optimal,CLARABEL,8.077420191267171,8.077420191267171
P3_dev_run0,31,1.045,0.405,0.38755980861244027,A0_no_peak_loss,PEAK,winter_peak,2,-0.051743018575274524,0.026154295021548906,6.538953263678389,0.16208111924163354,optimal,CLARABEL,8.077420191267171,8.077420191267171
P3_dev_run0,31,1.045,0.405,0.38755980861244027,A0_no_peak_loss,PEAK,winter_peak,3,-0.052725501078734416,0.024983877630621695,6.4022553117850585,0.15535622418045747,optimal,CLARABEL,8.077420191267171,8.077420191267171
P3_dev_run0,31,1.045,0.405,0.38755980861244027,A0_no_peak_loss,PEAK,winter_peak,4,-0.05473882512091588,0.024311271804155755,6.331099921596603,0.15192118105744057,optimal,CLARABEL,8.077420191267171,8.077420191267171
P3_dev_run0,31,1.045,0.405,0.38755980861244027,A0_no_peak_loss,PEAK,winter_peak,5,-0.05875984773708892,0.02466722494730093,6.364813304743474,0.1535612394618995,optimal,CLARABEL,8.077420191267171,8.077420191267171
P3_dev_run0,31,1.045,0.405,0.38755980861244027,A0_no_peak_loss,PEAK,winter_peak,6,-0.06778554705111689,0.02624856921539422,6.537065984879536,0.16204626441367115,optimal,CLARABEL,8.077420191267171,8.077420191267171
P3_dev_run0,31,1.045,0.405,0.38755980861244027,A0_no_peak_loss,PEAK,winter_peak,7,-0.0884437282240475,0.02915910217837799,6.9272823759025846,0.18216211907090196,optimal,CLARABEL,8.077420191267171,8.077420191267171
P3_dev_run0,31,1.045,0.405,0.38755980861244027,A0_no_peak_loss,PEAK,winter_peak,8,-0.13728256698852964,0.03635498601148486,7.598481733963966,0.21955541370684387,optimal,CLARABEL,8.077420191267171,8.077420191267171
P3_dev_run0,31,1.045,0.405,0.38755980861244027,A0_no_peak_loss,PEAK,winter_peak,9,-0.037548941799670194,0.037034740877510026,8.327108287199616,0.26367971492488584,optimal,CLARABEL,8.077420191267171,8.077420191267171
P3_dev_run0,31,1.045,0.405,0.38755980861244027,A0_no_peak_loss,PEAK,winter_peak,10,0.19117279698804174,0.016294185947255402,8.342624688209742,0.2651838897924455,optimal,CLARABEL,8.077420191267171,8.077420191267171
P3_dev_run0,31,1.045,0.405,0.38755980861244027,A0_no_peak_loss,PEAK,winter_peak,11,0.15461242028522118,0.02196754061326398,8.342356928469624,0.2648903228022344,optimal,CLARABEL,8.077420191267171,8.077420191267171
P3_dev_run0,31,1.045,0.405,0.38755980861244027,A0_no_peak_loss,PEAK,winter_peak,12,-0.005527351943220456,0.033256905282058005,8.337894427066367,0.26443579592717137,optimal,CLARABEL,8.077420191267171,8.077420191267171
P3_dev_run0,31,1.045,0.405,0.38755980861244027,A0_no_peak_loss,PEAK,winter_peak,13,-0.2337515901990358,0.04308438899461508,8.18858681799802,0.25578571011310225,optimal,CLARABEL,8.077420191267171,8.077420191267171
P3_dev_run0,31,1.045,0.405,0.38755980861244027,A0_no_peak_loss,PEAK,winter_peak,14,-0.11500050138908391,0.038956178806076276,8.289092425089907,0.2615574912928086,optimal,CLARABEL,8.077420191267171,8.077420191267171
P3_dev_run0,31,1.045,0.405,0.38755980861244027,A0_no_peak_loss,PEAK,winter_peak,15,-0.048468796006582604,0.03544560273536367,8.31155254564867,0.26281973518931123,optimal,CLARABEL,8.077420191267171,8.077420191267171
P3_dev_run0,31,1.045,0.405,0.38755980861244027,A0_no_peak_loss,PEAK,winter_peak,16,0.009687598663474961,0.03197597649898628,8.322408305868686,0.26344824699166525,optimal,CLARABEL,8.077420191267171,8.077420191267171
P3_dev_run0,31,1.045,0.405,0.38755980861244027,A0_no_peak_loss,PEAK,winter_peak,17,0.13299927562189484,0.02361276625389912,8.321797252955532,0.2635132543221623,optimal,CLARABEL,8.077420191267171,8.077420191267171
P3_dev_run0,31,1.045,0.405,0.38755980861244027,A0_no_peak_loss,PEAK,winter_peak,18,0.03863281044816447,0.030694165383949635,8.318276800694564,0.26314516292938783,optimal,CLARABEL,8.077420191267171,8.077420191267171
P3_dev_run0,31,1.045,0.405,0.38755980861244027,A0_no_peak_loss,PEAK,winter_peak,19,-0.10167623816690063,0.039330346028305145,8.228474239255437,0.2575981711923516,optimal,CLARABEL,8.077420191267171,8.077420191267171
P3_dev_run0,31,1.045,0.405,0.38755980861244027,A0_no_peak_loss,PEAK,winter_peak,20,-0.08932617186434616,0.039524529033824016,7.96225190078364,0.24091275525233907,optimal,CLARABEL,8.077420191267171,8.077420191267171
P3_dev_run0,31,1.045,0.405,0.38755980861244027,A0_no_peak_loss,PEAK,winter_peak,21,-0.07108598245961678,0.03632420492945366,7.64713384183554,0.22205198234557283,optimal,CLARABEL,8.077420191267171,8.077420191267171
P3_dev_run0,31,1.045,0.405,0.38755980861244027,A0_no_peak_loss,PEAK,winter_peak,22,-0.06319218043221414,0.03244970740205325,7.3501651389861795,0.20508112048536148,optimal,CLARABEL,8.077420191267171,8.077420191267171
P3_dev_run0,31,1.045,0.405,0.38755980861244027,A0_no_peak_loss,PEAK,winter_peak,23,-0.058489981921833634,0.031182435808058323,7.240738165528957,0.19898584342294642,optimal,CLARABEL,8.077420191267171,8.077420191267171
P3_dev_run0,31,1.045,0.405,0.38755980861244027,A_peak_Q,AVG,summer,0,0.1728946736586109,1.0304696257668524,6.268695377693287,0.11939679096839612,optimal,CLARABEL,-117165.14232774048,nan
P3_dev_run0,31,1.045,0.405,0.38755980861244027,A_peak_Q,AVG,summer,1,-2.3444846582062417e-14,1.0446852655374794,5.908208914745323,0.10628333454417532,optimal,CLARABEL,-117165.14232774048,nan
P3_dev_run0,31,1.045,0.405,0.38755980861244027,A_peak_Q,AVG,summer,2,-5.960726013458132e-07,1.0446852655374608,5.674112693369761,0.0975003748032058,optimal,CLARABEL,-117165.14232774048,nan
P3_dev_run0,31,1.045,0.405,0.38755980861244027,A_peak_Q,AVG,summer,3,-5.960726096621785e-07,1.0446852655374466,5.53122107077529,0.09234777881872977,optimal,CLARABEL,-117165.14232774048,nan
P3_dev_run0,31,1.045,0.405,0.38755980861244027,A_peak_Q,AVG,summer,4,-0.1786551737588557,1.029615136295467,5.627528810535317,0.0978245039742336,optimal,CLARABEL,-117165.14232774048,nan
P3_dev_run0,31,1.045,0.405,0.38755980861244027,A_peak_Q,AVG,summer,5,-0.20556097896843495,1.0242632388849948,5.648820218961634,0.09897836384721,optimal,CLARABEL,-117165.14232774048,nan
P3_dev_run0,31,1.045,0.405,0.38755980861244027,A_peak_Q,AVG,summer,6,-1.1325379266059126e-05,1.0446852655374466,5.52946889082208,0.0922856732462233,optimal,CLARABEL,-117165.14232774048,nan
P3_dev_run0,31,1.045,0.405,0.38755980861244027,A_peak_Q,AVG,summer,7,-1.132537925172937e-05,1.0446852655374705,5.818063021894738,0.10285102838389554,optimal,CLARABEL,-117165.14232774048,nan
P3_dev_run0,31,1.045,0.405,0.38755980861244027,A_peak_Q,AVG,summer,8,-1.132537922501544e-05,1.0446852655374939,6.276602511272526,0.12096572897170776,optimal,CLARABEL,-117165.14232774048,nan
P3_dev_run0,31,1.045,0.405,0.38755980861244027,A_peak_Q,AVG,summer,9,-1.5159743692968218e-14,1.0446852655375058,6.872224496979416,0.1469372939482766,optimal,CLARABEL,-117165.14232774048,nan
P3_dev_run0,31,1.045,0.405,0.38755980861244027,A_peak_Q,AVG,summer,10,3.6414444437898604e-16,1.04468526553751,7.20687165823018,0.16274411582405524,optimal,CLARABEL,-117165.14232774048,nan
P3_dev_run0,31,1.045,0.405,0.38755980861244027,A_peak_Q,AVG,summer,11,1.1497653550821142e-14,1.0446852655375116,7.31236462822511,0.16790865902899743,optimal,CLARABEL,-117165.14232774048,nan
P3_dev_run0,31,1.045,0.405,0.38755980861244027,A_peak_Q,AVG,summer,12,9.004733696936635e-15,1.0446852655375112,7.268547096960057,0.16575293210894065,optimal,CLARABEL,-117165.14232774048,nan
P3_dev_run0,31,1.045,0.405,0.38755980861244027,A_peak_Q,AVG,summer,13,-4.093286325069703e-16,1.044685265537509,7.096113226654698,0.15741555646857253,optimal,CLARABEL,-117165.14232774048,nan
P3_dev_run0,31,1.045,0.405,0.38755980861244027,A_peak_Q,AVG,summer,14,2.1439195633734833e-14,1.0446852655375125,7.376778300153558,0.17110498579745426,optimal,CLARABEL,-117165.14232774048,nan
P3_dev_run0,31,1.045,0.405,0.38755980861244027,A_peak_Q,AVG,summer,15,0.044863576536139614,1.0437411460958137,7.471791568034407,0.17543836287976,optimal,CLARABEL,-117165.14232774048,nan
P3_dev_run0,31,1.045,0.405,0.38755980861244027,A_peak_Q,AVG,summer,16,0.12791915558470274,1.037141113655396,7.459865898084481,0.1742298866017255,optimal,CLARABEL,-117165.14232774048,nan
P3_dev_run0,31,1.045,0.405,0.38755980861244027,A_peak_Q,AVG,summer,17,3.90806315870251e-14,1.044685265537516,7.738847934394409,0.18967729441832276,optimal,CLARABEL,-117165.14232774048,nan
P3_dev_run0,31,1.045,0.405,0.38755980861244027,A_peak_Q,AVG,summer,18,1.3908862036409795e-14,1.0446852655375158,7.725385329189143,0.18896830278803056,optimal,CLARABEL,-117165.14232774048,nan
P3_dev_run0,31,1.045,0.405,0.38755980861244027,A_peak_Q,AVG,summer,19,7.686475104589795e-15,1.044685265537515,7.679623713417519,0.18656897317139876,optimal,CLARABEL,-117165.14232774048,nan
P3_dev_run0,31,1.045,0.405,0.38755980861244027,A_peak_Q,AVG,summer,20,6.555641681617672e-15,1.0446852655375145,7.623118617728779,0.1836290544976597,optimal,CLARABEL,-117165.14232774048,nan
P3_dev_run0,31,1.045,0.405,0.38755980861244027,A_peak_Q,AVG,summer,21,-4.632026375077109e-16,1.0446852655375118,7.4125784694657035,0.17289551890957594,optimal,CLARABEL,-117165.14232774048,nan
P3_dev_run0,31,1.045,0.405,0.38755980861244027,A_peak_Q,AVG,summer,22,-6.730260307689365e-15,1.044685265537508,7.062191296814548,0.15580278101841583,optimal,CLARABEL,-117165.14232774048,nan
P3_dev_run0,31,1.045,0.405,0.38755980861244027,A_peak_Q,AVG,summer,23,-1.7619159373422542e-14,1.044685265537504,6.746634175552735,0.14123094012659615,optimal,CLARABEL,-117165.14232774048,nan
P3_dev_run0,31,1.045,0.405,0.38755980861244027,A_peak_Q,AVG,winter,0,0.1728946736585832,1.0304696257668737,6.563465031156289,0.13188646397136977,optimal,CLARABEL,-143018.60709022108,nan
P3_dev_run0,31,1.045,0.405,0.38755980861244027,A_peak_Q,AVG,winter,1,-9.051742963492843e-15,1.044685265537509,6.2890075383261035,0.1214783689749699,optimal,CLARABEL,-143018.60709022108,nan
P3_dev_run0,31,1.045,0.405,0.38755980861244027,A_peak_Q,AVG,winter,2,-5.96072564848459e-07,1.0446852655375019,6.062158937023944,0.11229086116242595,optimal,CLARABEL,-143018.60709022108,nan
P3_dev_run0,31,1.045,0.405,0.38755980861244027,A_peak_Q,AVG,winter,3,-5.960729708878312e-07,1.0446852655374967,5.932085691194726,0.10720302836781606,optimal,CLARABEL,-143018.60709022108,nan
P3_dev_run0,31,1.045,0.405,0.38755980861244027,A_peak_Q,AVG,winter,4,-0.38421056761212774,0.9716139552661812,6.2731334946488015,0.12657753428288576,optimal,CLARABEL,-143018.60709022108,nan
P3_dev_run0,31,1.045,0.405,0.38755980861244027,A_peak_Q,AVG,winter,5,-1.1325379291282344e-05,1.0446852655374974,5.927674759915098,0.10703289418421628,optimal,CLARABEL,-143018.60709022108,nan
P3_dev_run0,31,1.045,0.405,0.38755980861244027,A_peak_Q,AVG,winter,6,-1.1325379261087168e-05,1.0446852655375025,6.099358783119324,0.11377018181847408,optimal,CLARABEL,-143018.60709022108,nan
P3_dev_run0,31,1.045,0.405,0.38755980861244027,A_peak_Q,AVG,winter,7,-1.1325379250552574e-05,1.0446852655375112,6.463871221678098,0.12883360842225963,optimal,CLARABEL,-143018.60709022108,nan
P3_dev_run0,31,1.045,0.405,0.38755980861244027,A_peak_Q,AVG,winter,8,-1.132537922525038e-05,1.0446852655375205,7.035429143803558,0.15453686953774187,optimal,CLARABEL,-143018.60709022108,nan
P3_dev_run0,31,1.045,0.405,0.38755980861244027,A_peak_Q,AVG,winter,9,4.2782932744774165e-15,1.0446852655375267,7.710129525099951,0.18816659408382846,optimal,CLARABEL,-143018.60709022108,nan
P3_dev_run0,31,1.045,0.405,0.38755980861244027,A_peak_Q,AVG,winter,10,0.34577539821807374,0.9858243247965,7.381043922270523,0.17016626717863842,optimal,CLARABEL,-143018.60709022108,nan
P3_dev_run0,31,1.045,0.405,0.38755980861244027,A_peak_Q,AVG,winter,11,9.375912568322816e-15,1.044685265537526,7.577395759174392,0.18126848209827406,optimal,CLARABEL,-143018.60709022108,nan
P3_dev_run0,31,1.045,0.405,0.38755980861244027,A_peak_Q,AVG,winter,12,0.0,1.0446852655375243,7.30252666225606,0.16742334301493345,optimal,CLARABEL,-143018.60709022108,nan
P3_dev_run0,31,1.045,0.405,0.38755980861244027,A_peak_Q,AVG,winter,13,-2.223936130007118e-14,1.0446852655375203,6.895397094277871,0.14800362771672007,optimal,CLARABEL,-143018.60709022108,nan
P3_dev_run0,31,1.045,0.405,0.38755980861244027,A_peak_Q,AVG,winter,14,-7.010764165050562e-15,1.0446852655375225,7.133616886248424,0.1592090980522905,optimal,CLARABEL,-143018.60709022108,nan
P3_dev_run0,31,1.045,0.405,0.38755980861244027,A_peak_Q,AVG,winter,15,-5.883445200473776e-15,1.0446852655375236,7.259606686721103,0.16531493091997324,optimal,CLARABEL,-143018.60709022108,nan
P3_dev_run0,31,1.045,0.405,0.38755980861244027,A_peak_Q,AVG,winter,16,-5.401889897280751e-15,1.044685265537525,7.391992079696925,0.1718646699557918,optimal,CLARABEL,-143018.60709022108,nan
P3_dev_run0,31,1.045,0.405,0.38755980861244027,A_peak_Q,AVG,winter,17,-7.0697143820076276e-15,1.0446852655375258,7.588152523570126,0.18182235563399363,optimal,CLARABEL,-143018.60709022108,nan
P3_dev_run0,31,1.045,0.405,0.38755980861244027,A_peak_Q,AVG,winter,18,-1.1090060513878463e-14,1.0446852655375256,7.584566826276914,0.18163762196077843,optimal,CLARABEL,-143018.60709022108,nan
P3_dev_run0,31,1.045,0.405,0.38755980861244027,A_peak_Q,AVG,winter,19,-1.705249971714383e-14,1.044685265537525,7.478836694130779,0.17623591660463384,optimal,CLARABEL,-143018.60709022108,nan
P3_dev_run0,31,1.045,0.405,0.38755980861244027,A_peak_Q,AVG,winter,20,-3.033238322022775e-14,1.0446852655375236,7.307892726641023,0.16768796196986913,optimal,CLARABEL,-143018.60709022108,nan
P3_dev_run0,31,1.045,0.405,0.38755980861244027,A_peak_Q,AVG,winter,21,-5.96072494163881e-07,1.0446852655375212,7.073795717465126,0.15635349171367707,optimal,CLARABEL,-143018.60709022108,nan
P3_dev_run0,31,1.045,0.405,0.38755980861244027,A_peak_Q,AVG,winter,22,-5.960725931625801e-07,1.0446852655375183,6.832129075795569,0.1451021352990225,optimal,CLARABEL,-143018.60709022108,nan
P3_dev_run0,31,1.045,0.405,0.38755980861244027,A_peak_Q,AVG,winter,23,-0.19210558184255688,1.0269396837814124,6.950764001777148,0.15306462156775416,optimal,CLARABEL,-143018.60709022108,nan
P3_dev_run0,31,1.045,0.405,0.38755980861244027,A_peak_Q,AVG,shoulder,0,0.17289467365857297,1.0304696257668888,5.783681181993499,0.10031461120856827,optimal,CLARABEL,-106905.78957245639,nan
P3_dev_run0,31,1.045,0.405,0.38755980861244027,A_peak_Q,AVG,shoulder,1,-1.3050537329270772e-15,1.0446852655375292,5.494201204854729,0.09103860909860288,optimal,CLARABEL,-106905.78957245639,nan
P3_dev_run0,31,1.045,0.405,0.38755980861244027,A_peak_Q,AVG,shoulder,2,-5.960725925128005e-07,1.044685265537527,5.29695080392381,0.08424159269726114,optimal,CLARABEL,-106905.78957245639,nan
P3_dev_run0,31,1.045,0.405,0.38755980861244027,A_peak_Q,AVG,shoulder,3,-5.960725904799832e-07,1.0446852655375254,5.191408372115822,0.08072806948927726,optimal,CLARABEL,-106905.78957245639,nan
P3_dev_run0,31,1.045,0.405,0.38755980861244027,A_peak_Q,AVG,shoulder,4,-0.3842105676125922,0.9716139552660094,5.537843224224072,0.09783745591269978,optimal,CLARABEL,-106905.78957245639,nan
P3_dev_run0,31,1.045,0.405,0.38755980861244027,A_peak_Q,AVG,shoulder,5,-1.1325379253975798e-05,1.0446852655375254,5.185265332082826,0.08052630836198352,optimal,CLARABEL,-106905.78957245639,nan
P3_dev_run0,31,1.045,0.405,0.38755980861244027,A_peak_Q,AVG,shoulder,6,-1.132537925263769e-05,1.0446852655375276,5.332162260211672,0.08543300535583036,optimal,CLARABEL,-106905.78957245639,nan
P3_dev_run0,31,1.045,0.405,0.38755980861244027,A_peak_Q,AVG,shoulder,7,-1.132537925260767e-05,1.0446852655375296,5.618535155944687,0.09547760696384106,optimal,CLARABEL,-106905.78957245639,nan
P3_dev_run0,31,1.045,0.405,0.38755980861244027,A_peak_Q,AVG,shoulder,8,-1.651741446704431e-15,1.0446852655375314,5.979851222038729,0.10905612853259868,optimal,CLARABEL,-106905.78957245639,nan
P3_dev_run0,31,1.045,0.405,0.38755980861244027,A_peak_Q,AVG,shoulder,9,3.352483042416175e-16,1.044685265537532,6.316505882934558,0.12261924552843305,optimal,CLARABEL,-106905.78957245639,nan
P3_dev_run0,31,1.045,0.405,0.38755980861244027,A_peak_Q,AVG,shoulder,10,0.17280023966909835,1.0304836337259744,6.141163980956775,0.11420287174453299,optimal,CLARABEL,-106905.78957245639,nan
P3_dev_run0,31,1.045,0.405,0.38755980861244027,A_peak_Q,AVG,shoulder,11,4.90118736083586e-15,1.044685265537532,6.226937048592947,0.11892474259182677,optimal,CLARABEL,-106905.78957245639,nan
P3_dev_run0,31,1.045,0.405,0.38755980861244027,A_peak_Q,AVG,shoulder,12,3.762799049079007e-16,1.0446852655375316,6.044453256760724,0.11159057718959933,optimal,CLARABEL,-106905.78957245639,nan
P3_dev_run0,31,1.045,0.405,0.38755980861244027,A_peak_Q,AVG,shoulder,13,-2.4837056262469187e-16,1.0446852655375307,5.786246855515317,0.10165452020418857,optimal,CLARABEL,-106905.78957245639,nan
P3_dev_run0,31,1.045,0.405,0.38755980861244027,A_peak_Q,AVG,shoulder,14,6.985812746299247e-17,1.0446852655375316,6.060387707926528,0.11222069206540274,optimal,CLARABEL,-106905.78957245639,nan
P3_dev_run0,31,1.045,0.405,0.38755980861244027,A_peak_Q,AVG,shoulder,15,3.576304537597563e-16,1.044685265537532,6.222504636975091,0.11874353549896598,optimal,CLARABEL,-106905.78957245639,nan
P3_dev_run0,31,1.045,0.405,0.38755980861244027,A_peak_Q,AVG,shoulder,16,1.147645044670605e-15,1.044685265537532,6.375958761229287,0.12510598318816402,optimal,CLARABEL,-106905.78957245639,nan
P3_dev_run0,31,1.045,0.405,0.38755980861244027,A_peak_Q,AVG,shoulder,17,1.3064007833452287e-15,1.044685265537532,6.586493081100858,0.1341332085747357,optimal,CLARABEL,-106905.78957245639,nan
P3_dev_run0,31,1.045,0.405,0.38755980861244027,A_peak_Q,AVG,shoulder,18,9.936977878339206e-16,1.044685265537532,6.647855775472854,0.1368292805017266,optimal,CLARABEL,-106905.78957245639,nan
P3_dev_run0,31,1.045,0.405,0.38755980861244027,A_peak_Q,AVG,shoulder,19,1.4341740889058159e-15,1.0446852655375318,6.693230556086213,0.13884177496008931,optimal,CLARABEL,-106905.78957245639,nan
P3_dev_run0,31,1.045,0.405,0.38755980861244027,A_peak_Q,AVG,shoulder,20,8.207789006898803e-16,1.044685265537532,6.644297679399685,0.13667214804855762,optimal,CLARABEL,-106905.78957245639,nan
P3_dev_run0,31,1.045,0.405,0.38755980861244027,A_peak_Q,AVG,shoulder,21,1.2101801554343065e-16,1.044685265537532,6.457642355792801,0.12856741449167675,optimal,CLARABEL,-106905.78957245639,nan
P3_dev_run0,31,1.045,0.405,0.38755980861244027,A_peak_Q,AVG,shoulder,22,-1.0530206296257024e-16,1.044685265537532,6.249101495677607,0.1198331670514812,optimal,CLARABEL,-106905.78957245639,nan
P3_dev_run0,31,1.045,0.405,0.38755980861244027,A_peak_Q,AVG,shoulder,23,-4.943379790599143e-16,1.0446852655375316,6.110860347648746,0.11422960020261669,optimal,CLARABEL,-106905.78957245639,nan
P3_dev_run0,31,1.045,0.405,0.38755980861244027,A_peak_Q,PEAK,summer_peak,0,-0.039712771182190076,0.031073604224862782,7.1111022103885295,0.19176891223286552,optimal,CLARABEL,8.303687541212573,8.303687541212573
P3_dev_run0,31,1.045,0.405,0.38755980861244027,A_peak_Q,PEAK,summer_peak,1,-0.05271819888050727,0.023367191955633713,6.401401858867308,0.15538050863414074,optimal,CLARABEL,8.303687541212573,8.303687541212573
P3_dev_run0,31,1.045,0.405,0.38755980861244027,A_peak_Q,PEAK,summer_peak,2,-0.052699131831755064,0.021637057329305875,6.121902952444052,0.1420464037790854,optimal,CLARABEL,8.303687541212573,8.303687541212573
P3_dev_run0,31,1.045,0.405,0.38755980861244027,A_peak_Q,PEAK,summer_peak,3,-0.05273141691963873,0.020322894118070187,5.947258691699139,0.1340317216090226,optimal,CLARABEL,8.303687541212573,8.303687541212573
P3_dev_run0,31,1.045,0.405,0.38755980861244027,A_peak_Q,PEAK,summer_peak,4,-0.0533505993242977,0.019423019325577117,5.841977159773747,0.12932032789277567,optimal,CLARABEL,8.303687541212573,8.303687541212573
P3_dev_run0,31,1.045,0.405,0.38755980861244027,A_peak_Q,PEAK,summer_peak,5,-0.05444500903449978,0.01934711817006293,5.83244708498357,0.12890144260308795,optimal,CLARABEL,8.303687541212573,8.303687541212573
P3_dev_run0,31,1.045,0.405,0.38755980861244027,A_peak_Q,PEAK,summer_peak,6,-0.05644864563397278,0.020294280528351534,5.940471226534766,0.13373722295054372,optimal,CLARABEL,8.303687541212573,8.303687541212573
P3_dev_run0,31,1.045,0.405,0.38755980861244027,A_peak_Q,PEAK,summer_peak,7,-0.0590569241774242,0.022713919071449488,6.280302222781554,0.14954847345085626,optimal,CLARABEL,8.303687541212573,8.303687541212573
P3_dev_run0,31,1.045,0.405,0.38755980861244027,A_peak_Q,PEAK,summer_peak,8,-0.061122770491539635,0.02715291495134255,6.846370574787032,0.17785293852116177,optimal,CLARABEL,8.303687541212573,8.303687541212573
P3_dev_run0,31,1.045,0.405,0.38755980861244027,A_peak_Q,PEAK,summer_peak,9,-0.04985087385455983,0.04140157906353728,7.573836471279124,0.21741698985217117,optimal,CLARABEL,8.303687541212573,8.303687541212573
P3_dev_run0,31,1.045,0.405,0.38755980861244027,A_peak_Q,PEAK,summer_peak,10,-0.04046807115633222,0.04782885501111387,8.022258882498985,0.24393306011994143,optimal,CLARABEL,8.303687541212573,8.303687541212573
P3_dev_run0,31,1.045,0.405,0.38755980861244027,A_peak_Q,PEAK,summer_peak,11,-0.04223920370347212,0.046812499280270314,8.197374124506302,0.2549222871994929,optimal,CLARABEL,8.303687541212573,8.303687541212573
P3_dev_run0,31,1.045,0.405,0.38755980861244027,A_peak_Q,PEAK,summer_peak,12,-0.058730711514650036,0.04696295107625567,8.225809164731288,0.2567932801782156,optimal,CLARABEL,8.303687541212573,8.303687541212573
P3_dev_run0,31,1.045,0.405,0.38755980861244027,A_peak_Q,PEAK,summer_peak,13,-0.10629625461836567,0.04921840477942628,8.14224613596448,0.2516691393467459,optimal,CLARABEL,8.303687541212573,8.303687541212573
P3_dev_run0,31,1.045,0.405,0.38755980861244027,A_peak_Q,PEAK,summer_peak,14,-0.09577832979542872,0.051124632605465944,8.459712339849059,0.2718075986159171,optimal,CLARABEL,8.303687541212573,8.303687541212573
P3_dev_run0,31,1.045,0.405,0.38755980861244027,A_peak_Q,PEAK,summer_peak,15,-0.03497839740220679,0.09816560897565027,8.565336138091785,0.2758425325571445,optimal,CLARABEL,8.303687541212573,8.303687541212573
P3_dev_run0,31,1.045,0.405,0.38755980861244027,A_peak_Q,PEAK,summer_peak,16,-0.0027437789816309906,0.7844330227158692,8.620119474304571,0.24796015057407436,optimal,CLARABEL,8.303687541212573,8.303687541212573
P3_dev_run0,31,1.045,0.405,0.38755980861244027,A_peak_Q,PEAK,summer_peak,17,0.13419975123353214,1.0361998084969355,8.632667934777857,0.2388394941621186,optimal,CLARABEL,8.303687541212573,8.303687541212573
P3_dev_run0,31,1.045,0.405,0.38755980861244027,A_peak_Q,PEAK,summer_peak,18,0.1359010128835797,1.0359431724517119,8.632604143185343,0.23882855785454896,optimal,CLARABEL,8.303687541212573,8.303687541212573
P3_dev_run0,31,1.045,0.405,0.38755980861244027,A_peak_Q,PEAK,summer_peak,19,0.07568019913994681,1.0422265000520614,8.634773535363664,0.23933307651622768,optimal,CLARABEL,8.303687541212573,8.303687541212573
P3_dev_run0,31,1.045,0.405,0.38755980861244027,A_peak_Q,PEAK,summer_peak,20,-0.00048075997837892896,0.9824047060858417,8.633125257053457,0.2419177153928076,optimal,CLARABEL,8.303687541212573,8.303687541212573
P3_dev_run0,31,1.045,0.405,0.38755980861244027,A_peak_Q,PEAK,summer_peak,21,-0.10145798052952204,0.05205500573932687,8.455758509121344,0.27153324555539476,optimal,CLARABEL,8.303687541212573,8.303687541212573
P3_dev_run0,31,1.045,0.405,0.38755980861244027,A_peak_Q,PEAK,summer_peak,22,-0.10759546219430677,0.04925514735708977,8.012176204142706,0.2435880422257402,optimal,CLARABEL,8.303687541212573,8.303687541212573
P3_dev_run0,31,1.045,0.405,0.38755980861244027,A_peak_Q,PEAK,summer_peak,23,-0.09790145974204223,0.04194519227668529,7.569806666354497,0.21739158909968434,optimal,CLARABEL,8.303687541212573,8.303687541212573
P3_dev_run0,31,1.045,0.405,0.38755980861244027,A_peak_Q,PEAK,winter_peak,0,-0.044725239049716925,0.03184324842412696,7.231546161553036,0.19838559146088935,optimal,CLARABEL,8.017118730378098,8.017118730378098
P3_dev_run0,31,1.045,0.405,0.38755980861244027,A_peak_Q,PEAK,winter_peak,1,-0.05110155310386383,0.027455205736231936,6.769391824727012,0.17377877321949556,optimal,CLARABEL,8.017118730378098,8.017118730378098
P3_dev_run0,31,1.045,0.405,0.38755980861244027,A_peak_Q,PEAK,winter_peak,2,-0.052074843982953534,0.025520112699265508,6.539321836429923,0.16212738716202826,optimal,CLARABEL,8.017118730378098,8.017118730378098
P3_dev_run0,31,1.045,0.405,0.38755980861244027,A_peak_Q,PEAK,winter_peak,3,-0.052944009780884094,0.024264106465631503,6.402506692247119,0.15539883110000444,optimal,CLARABEL,8.017118730378098,8.017118730378098
P3_dev_run0,31,1.045,0.405,0.38755980861244027,A_peak_Q,PEAK,winter_peak,4,-0.05492704572731033,0.02357768564273227,6.331319908135465,0.15196222597193856,optimal,CLARABEL,8.017118730378098,8.017118730378098
P3_dev_run0,31,1.045,0.405,0.38755980861244027,A_peak_Q,PEAK,winter_peak,5,-0.059110769947939235,0.023930674006161168,6.3652054124630935,0.15361164236661434,optimal,CLARABEL,8.017118730378098,8.017118730378098
P3_dev_run0,31,1.045,0.405,0.38755980861244027,A_peak_Q,PEAK,winter_peak,6,-0.06876577393620337,0.02558991993671384,6.538121689805836,0.16213067018522148,optimal,CLARABEL,8.017118730378098,8.017118730378098
P3_dev_run0,31,1.045,0.405,0.38755980861244027,A_peak_Q,PEAK,winter_peak,7,-0.091312038714776,0.02906622990834246,6.9303250838410335,0.1823415635329922,optimal,CLARABEL,8.017118730378098,8.017118730378098
P3_dev_run0,31,1.045,0.405,0.38755980861244027,A_peak_Q,PEAK,winter_peak,8,-0.14736860101663396,0.037486770945285845,7.609200019255737,0.2201888371917865,optimal,CLARABEL,8.017118730378098,8.017118730378098
P3_dev_run0,31,1.045,0.405,0.38755980861244027,A_peak_Q,PEAK,winter_peak,9,-0.005957476849079622,0.28608142216465515,8.288245213226954,0.24845825501099694,optimal,CLARABEL,8.017118730378098,8.017118730378098
P3_dev_run0,31,1.045,0.405,0.38755980861244027,A_peak_Q,PEAK,winter_peak,10,0.19119418114985484,1.0271187251162859,8.323557089747869,0.2205514286926332,optimal,CLARABEL,8.017118730378098,8.017118730378098
P3_dev_run0,31,1.045,0.405,0.38755980861244027,A_peak_Q,PEAK,winter_peak,11,0.15459173380545632,1.0331810060907038,8.324884371649897,0.22074093925871627,optimal,CLARABEL,8.017118730378098,8.017118730378098
P3_dev_run0,31,1.045,0.405,0.38755980861244027,A_peak_Q,PEAK,winter_peak,12,-0.0018842693960214839,0.9159779758278275,8.322023969972332,0.2256311246011181,optimal,CLARABEL,8.017118730378098,8.017118730378098
P3_dev_run0,31,1.045,0.405,0.38755980861244027,A_peak_Q,PEAK,winter_peak,13,-0.3024889419412191,0.06946271511328327,8.261295354346013,0.25963882309724223,optimal,CLARABEL,8.017118730378098,8.017118730378098
P3_dev_run0,31,1.045,0.405,0.38755980861244027,A_peak_Q,PEAK,winter_peak,14,-0.09482652654890797,0.08885307966183698,8.265541729325657,0.2573196438687619,optimal,CLARABEL,8.017118730378098,8.017118730378098
P3_dev_run0,31,1.045,0.405,0.38755980861244027,A_peak_Q,PEAK,winter_peak,15,-0.014811676982718208,0.12070195099654045,8.273695131164,0.2557629089474772,optimal,CLARABEL,8.017118730378098,8.017118730378098
P3_dev_run0,31,1.045,0.405,0.38755980861244027,A_peak_Q,PEAK,winter_peak,16,0.048248855650231806,0.15304301446720472,8.27708672222599,0.2540330431640945,optimal,CLARABEL,8.017118730378098,8.017118730378098
P3_dev_run0,31,1.045,0.405,0.38755980861244027,A_peak_Q,PEAK,winter_peak,17,0.1709044178855261,0.16374731048721744,8.275281807816379,0.25299182093773165,optimal,CLARABEL,8.017118730378098,8.017118730378098
P3_dev_run0,31,1.045,0.405,0.38755980861244027,A_peak_Q,PEAK,winter_peak,18,0.0741193900108228,0.1556873949629918,8.276001594463075,0.253728478950161,optimal,CLARABEL,8.017118730378098,8.017118730378098
P3_dev_run0,31,1.045,0.405,0.38755980861244027,A_peak_Q,PEAK,winter_peak,19,-0.09290013178593082,0.05649660938435139,8.218359507284262,0.2560048914736135,optimal,CLARABEL,8.017118730378098,8.017118730378098
P3_dev_run0,31,1.045,0.405,0.38755980861244027,A_peak_Q,PEAK,winter_peak,20,-0.1040503947377518,0.0435662589785887,7.977818770330877,0.24174343591618624,optimal,CLARABEL,8.017118730378098,8.017118730378098
P3_dev_run0,31,1.045,0.405,0.38755980861244027,A_peak_Q,PEAK,winter_peak,21,-0.07841078923863615,0.03786094482756941,7.654872432464262,0.2224681903014257,optimal,CLARABEL,8.017118730378098,8.017118730378098
P3_dev_run0,31,1.045,0.405,0.38755980861244027,A_peak_Q,PEAK,winter_peak,22,-0.06638626733937908,0.03329777438436218,7.353524775755972,0.2052455299219251,optimal,CLARABEL,8.017118730378098,8.017118730378098
P3_dev_run0,31,1.045,0.405,0.38755980861244027,A_peak_Q,PEAK,winter_peak,23,-0.06017093462801837,0.03184635961176243,7.242496969317703,0.19906024398381045,optimal,CLARABEL,8.017118730378098,8.017118730378098
P3_dev_run0,31,1.045,0.405,0.38755980861244027,B_peak_PQ,AVG,summer,0,0.17289467365858618,1.0304696257668757,6.268695377693339,0.11939679096841921,optimal,CLARABEL,-118007.48574736125,nan
P3_dev_run0,31,1.045,0.405,0.38755980861244027,B_peak_PQ,AVG,summer,1,-1.1301375808533373e-14,1.0446852655374985,5.908208914745258,0.10628333454412442,optimal,CLARABEL,-118007.48574736125,nan
P3_dev_run0,31,1.045,0.405,0.38755980861244027,B_peak_PQ,AVG,summer,2,-5.960725931976481e-07,1.0446852655374812,5.674112693369741,0.09750037480319436,optimal,CLARABEL,-118007.48574736125,nan
P3_dev_run0,31,1.045,0.405,0.38755980861244027,B_peak_PQ,AVG,summer,3,-5.96072607091079e-07,1.0446852655374659,5.531221070775369,0.0923477788188101,optimal,CLARABEL,-118007.48574736125,nan
P3_dev_run0,31,1.045,0.405,0.38755980861244027,B_peak_PQ,AVG,summer,4,-0.18863318070419732,1.027630387312288,5.637711065302762,0.09833409703258825,optimal,CLARABEL,-118007.48574736125,nan
P3_dev_run0,31,1.045,0.405,0.38755980861244027,B_peak_PQ,AVG,summer,5,-0.19558325066527998,1.0262479324428706,5.63862912574123,0.09846470324443415,optimal,CLARABEL,-118007.48574736125,nan
P3_dev_run0,31,1.045,0.405,0.38755980861244027,B_peak_PQ,AVG,summer,6,-1.1325379260697933e-05,1.0446852655374659,5.529468890863852,0.09228567328800089,optimal,CLARABEL,-118007.48574736125,nan
P3_dev_run0,31,1.045,0.405,0.38755980861244027,B_peak_PQ,AVG,summer,7,-1.132537925149668e-05,1.044685265537491,5.818063021894733,0.10285102838389036,optimal,CLARABEL,-118007.48574736125,nan
P3_dev_run0,31,1.045,0.405,0.38755980861244027,B_peak_PQ,AVG,summer,8,-1.1325379246635324e-05,1.0446852655375125,6.276602511272589,0.12096572897174716,optimal,CLARABEL,-118007.48574736125,nan
P3_dev_run0,31,1.045,0.405,0.38755980861244027,B_peak_PQ,AVG,summer,9,-7.6235161179026e-15,1.0446852655375212,6.872224496979389,0.1469372939482557,optimal,CLARABEL,-118007.48574736125,nan
P3_dev_run0,31,1.045,0.405,0.38755980861244027,B_peak_PQ,AVG,summer,10,-2.846309265957579e-16,1.0446852655375212,7.206871658230121,0.16274411582399517,optimal,CLARABEL,-118007.48574736125,nan
P3_dev_run0,31,1.045,0.405,0.38755980861244027,B_peak_PQ,AVG,summer,11,2.4578730092317908e-15,1.0446852655375212,7.312364628225133,0.16790865902900798,optimal,CLARABEL,-118007.48574736125,nan
P3_dev_run0,31,1.045,0.405,0.38755980861244027,B_peak_PQ,AVG,summer,12,3.7256727101326075e-15,1.0446852655375214,7.26854709696012,0.16575293210899764,optimal,CLARABEL,-118007.48574736125,nan
P3_dev_run0,31,1.045,0.405,0.38755980861244027,B_peak_PQ,AVG,summer,13,-7.726442778065649e-16,1.0446852655375214,7.096113226654703,0.15741555646857636,optimal,CLARABEL,-118007.48574736125,nan
P3_dev_run0,31,1.045,0.405,0.38755980861244027,B_peak_PQ,AVG,summer,14,9.786739797363502e-15,1.0446852655375216,7.376778300153598,0.17110498579748304,optimal,CLARABEL,-118007.48574736125,nan
P3_dev_run0,31,1.045,0.405,0.38755980861244027,B_peak_PQ,AVG,summer,15,0.05357943670166515,1.043312963342856,7.462255823491514,0.17488046582014094,optimal,CLARABEL,-118007.48574736125,nan
P3_dev_run0,31,1.045,0.405,0.38755980861244027,B_peak_PQ,AVG,summer,16,0.11920353881514843,1.037999526982247,7.469371581145041,0.1747638317115038,optimal,CLARABEL,-118007.48574736125,nan
P3_dev_run0,31,1.045,0.405,0.38755980861244027,B_peak_PQ,AVG,summer,17,2.6676976402827348e-14,1.0446852655375223,7.738847934456442,0.1896772944803453,optimal,CLARABEL,-118007.48574736125,nan
P3_dev_run0,31,1.045,0.405,0.38755980861244027,B_peak_PQ,AVG,summer,18,7.821579534878781e-15,1.0446852655375223,7.725385329189187,0.1889683027880699,optimal,CLARABEL,-118007.48574736125,nan
P3_dev_run0,31,1.045,0.405,0.38755980861244027,B_peak_PQ,AVG,summer,19,3.977906369556119e-15,1.044685265537522,7.679623713417615,0.18656897317149346,optimal,CLARABEL,-118007.48574736125,nan
P3_dev_run0,31,1.045,0.405,0.38755980861244027,B_peak_PQ,AVG,summer,20,3.232790663386585e-15,1.0446852655375218,7.6231186177287755,0.18362905449765393,optimal,CLARABEL,-118007.48574736125,nan
P3_dev_run0,31,1.045,0.405,0.38755980861244027,B_peak_PQ,AVG,summer,21,-1.222530444681793e-16,1.0446852655375214,7.412578469465706,0.17289551890958238,optimal,CLARABEL,-118007.48574736125,nan
P3_dev_run0,31,1.045,0.405,0.38755980861244027,B_peak_PQ,AVG,summer,22,-3.433711408512997e-15,1.0446852655375214,7.0621912968145715,0.15580278101844205,optimal,CLARABEL,-118007.48574736125,nan
P3_dev_run0,31,1.045,0.405,0.38755980861244027,B_peak_PQ,AVG,summer,23,-1.2082083055995398e-14,1.0446852655375205,6.746634175552763,0.1412309401266248,optimal,CLARABEL,-118007.48574736125,nan
P3_dev_run0,31,1.045,0.405,0.38755980861244027,B_peak_PQ,AVG,winter,0,0.17289467365857708,1.030469625766882,6.563465031156258,0.1318864639713319,optimal,CLARABEL,-143870.5790275337,nan
P3_dev_run0,31,1.045,0.405,0.38755980861244027,B_peak_PQ,AVG,winter,1,-4.2016256324688345e-15,1.04468526553752,6.289007538326164,0.12147836897503728,optimal,CLARABEL,-143870.5790275337,nan
P3_dev_run0,31,1.045,0.405,0.38755980861244027,B_peak_PQ,AVG,winter,2,-5.960725777066677e-07,1.0446852655375158,6.062158937023934,0.11229086116240253,optimal,CLARABEL,-143870.5790275337,nan
P3_dev_run0,31,1.045,0.405,0.38755980861244027,B_peak_PQ,AVG,winter,3,-0.08604011957804915,1.0412658386830254,6.019868891857137,0.11152401262330634,optimal,CLARABEL,-143870.5790275337,nan
P3_dev_run0,31,1.045,0.405,0.38755980861244027,B_peak_PQ,AVG,winter,4,-0.29817344681519425,1.001243282351348,6.1843416479131115,0.12124536910704382,optimal,CLARABEL,-143870.5790275337,nan
P3_dev_run0,31,1.045,0.405,0.38755980861244027,B_peak_PQ,AVG,winter,5,-1.1325379340980453e-05,1.0446852655375132,5.927674758415344,0.10703289268441521,optimal,CLARABEL,-143870.5790275337,nan
P3_dev_run0,31,1.045,0.405,0.38755980861244027,B_peak_PQ,AVG,winter,6,-1.1325379255512785e-05,1.0446852655375165,6.099358783119324,0.11377018181847694,optimal,CLARABEL,-143870.5790275337,nan
P3_dev_run0,31,1.045,0.405,0.38755980861244027,B_peak_PQ,AVG,winter,7,-1.132537925176001e-05,1.0446852655375214,6.463871221678097,0.12883360842225888,optimal,CLARABEL,-143870.5790275337,nan
P3_dev_run0,31,1.045,0.405,0.38755980861244027,B_peak_PQ,AVG,winter,8,-1.1325379238613216e-05,1.044685265537527,7.035429143803519,0.15453686953768997,optimal,CLARABEL,-143870.5790275337,nan
P3_dev_run0,31,1.045,0.405,0.38755980861244027,B_peak_PQ,AVG,winter,9,3.568735173076506e-15,1.04468526553753,7.71012952509993,0.1881665940838051,optimal,CLARABEL,-143870.5790275337,nan
P3_dev_run0,31,1.045,0.405,0.38755980861244027,B_peak_PQ,AVG,winter,10,0.3457753982179258,0.985824324796557,7.381043922270672,0.1701662671786376,optimal,CLARABEL,-143870.5790275337,nan
P3_dev_run0,31,1.045,0.405,0.38755980861244027,B_peak_PQ,AVG,winter,11,8.393635868008317e-15,1.0446852655375298,7.577395759174376,0.18126848209825958,optimal,CLARABEL,-143870.5790275337,nan
P3_dev_run0,31,1.045,0.405,0.38755980861244027,B_peak_PQ,AVG,winter,12,0.0,1.044685265537529,7.302526662256062,0.16742334301493783,optimal,CLARABEL,-143870.5790275337,nan
P3_dev_run0,31,1.045,0.405,0.38755980861244027,B_peak_PQ,AVG,winter,13,-8.969017102385312e-15,1.0446852655375265,6.895397094277865,0.14800362771672657,optimal,CLARABEL,-143870.5790275337,nan
P3_dev_run0,31,1.045,0.405,0.38755980861244027,B_peak_PQ,AVG,winter,14,-2.543873444983204e-15,1.044685265537528,7.133616886248464,0.15920909805233402,optimal,CLARABEL,-143870.5790275337,nan
P3_dev_run0,31,1.045,0.405,0.38755980861244027,B_peak_PQ,AVG,winter,15,-2.0990590646809413e-15,1.0446852655375285,7.259606686721078,0.16531493091995086,optimal,CLARABEL,-143870.5790275337,nan
P3_dev_run0,31,1.045,0.405,0.38755980861244027,B_peak_PQ,AVG,winter,16,-1.9368988433480923e-15,1.0446852655375292,7.391992079696917,0.17186466995578725,optimal,CLARABEL,-143870.5790275337,nan
P3_dev_run0,31,1.045,0.405,0.38755980861244027,B_peak_PQ,AVG,winter,17,-2.5797968692359815e-15,1.0446852655375296,7.588152523570177,0.1818223556340477,optimal,CLARABEL,-143870.5790275337,nan
P3_dev_run0,31,1.045,0.405,0.38755980861244027,B_peak_PQ,AVG,winter,18,-4.106812803462389e-15,1.0446852655375296,7.58456682627694,0.18163762196081237,optimal,CLARABEL,-143870.5790275337,nan
P3_dev_run0,31,1.045,0.405,0.38755980861244027,B_peak_PQ,AVG,winter,19,-6.229647688326776e-15,1.0446852655375292,7.478836694130731,0.1762359166045986,optimal,CLARABEL,-143870.5790275337,nan
P3_dev_run0,31,1.045,0.405,0.38755980861244027,B_peak_PQ,AVG,winter,20,-9.707519739383777e-15,1.0446852655375285,7.307892726641072,0.16768796196993563,optimal,CLARABEL,-143870.5790275337,nan
P3_dev_run0,31,1.045,0.405,0.38755980861244027,B_peak_PQ,AVG,winter,21,-5.960725137384826e-07,1.0446852655375272,7.073795717465183,0.1563534917137156,optimal,CLARABEL,-143870.5790275337,nan
P3_dev_run0,31,1.045,0.405,0.38755980861244027,B_peak_PQ,AVG,winter,22,-5.960726000338904e-07,1.0446852655375254,6.832129075795602,0.14510213529904942,optimal,CLARABEL,-143870.5790275337,nan
P3_dev_run0,31,1.045,0.405,0.38755980861244027,B_peak_PQ,AVG,winter,23,-0.19210558184257157,1.0269396837814178,6.95076400177714,0.15306462156773007,optimal,CLARABEL,-143870.5790275337,nan
P3_dev_run0,31,1.045,0.405,0.38755980861244027,B_peak_PQ,AVG,shoulder,0,0.17289467365857547,1.0304696257668868,5.783681181993511,0.10031461120858179,optimal,CLARABEL,-107356.4216279237,nan
P3_dev_run0,31,1.045,0.405,0.38755980861244027,B_peak_PQ,AVG,shoulder,1,-2.286182924047666e-15,1.0446852655375263,5.494201204854708,0.09103860909858023,optimal,CLARABEL,-107356.4216279237,nan
P3_dev_run0,31,1.045,0.405,0.38755980861244027,B_peak_PQ,AVG,shoulder,2,-5.960725894634374e-07,1.0446852655375232,5.296950803923837,0.08424159269729105,optimal,CLARABEL,-107356.4216279237,nan
P3_dev_run0,31,1.045,0.405,0.38755980861244027,B_peak_PQ,AVG,shoulder,3,-5.960725989379463e-07,1.0446852655375207,5.191408372115819,0.08072806948926492,optimal,CLARABEL,-107356.4216279237,nan
P3_dev_run0,31,1.045,0.405,0.38755980861244027,B_peak_PQ,AVG,shoulder,4,-0.38421056761258043,0.9716139552660116,5.5378432242240425,0.09783745591268289,optimal,CLARABEL,-107356.4216279237,nan
P3_dev_run0,31,1.045,0.405,0.38755980861244027,B_peak_PQ,AVG,shoulder,5,-1.132537925688442e-05,1.0446852655375207,5.185265332082795,0.08052630836194782,optimal,CLARABEL,-107356.4216279237,nan
P3_dev_run0,31,1.045,0.405,0.38755980861244027,B_peak_PQ,AVG,shoulder,6,-1.1325379252358212e-05,1.0446852655375238,5.332162260211646,0.08543300535580327,optimal,CLARABEL,-107356.4216279237,nan
P3_dev_run0,31,1.045,0.405,0.38755980861244027,B_peak_PQ,AVG,shoulder,7,-1.1325379252350894e-05,1.044685265537527,5.618535155944652,0.09547760696380525,optimal,CLARABEL,-107356.4216279237,nan
P3_dev_run0,31,1.045,0.405,0.38755980861244027,B_peak_PQ,AVG,shoulder,8,-2.0359161380546655e-15,1.0446852655375296,5.979851222038772,0.10905612853264249,optimal,CLARABEL,-107356.4216279237,nan
P3_dev_run0,31,1.045,0.405,0.38755980861244027,B_peak_PQ,AVG,shoulder,9,1.2776978987347212e-15,1.0446852655375312,6.316505882934536,0.1226192455284127,optimal,CLARABEL,-107356.4216279237,nan
P3_dev_run0,31,1.045,0.405,0.38755980861244027,B_peak_PQ,AVG,shoulder,10,0.17280023966894936,1.0304836337259957,6.141163980956983,0.11420287174458864,optimal,CLARABEL,-107356.4216279237,nan
P3_dev_run0,31,1.045,0.405,0.38755980861244027,B_peak_PQ,AVG,shoulder,11,1.2966570219396297e-13,1.0446852655375312,6.226937048592746,0.11892474259175365,optimal,CLARABEL,-107356.4216279237,nan
P3_dev_run0,31,1.045,0.405,0.38755980861244027,B_peak_PQ,AVG,shoulder,12,8.146242249853562e-16,1.0446852655375303,6.0444532567606934,0.11159057718956686,optimal,CLARABEL,-107356.4216279237,nan
P3_dev_run0,31,1.045,0.405,0.38755980861244027,B_peak_PQ,AVG,shoulder,13,-5.171450800569109e-16,1.0446852655375287,5.786246855515366,0.10165452020424065,optimal,CLARABEL,-107356.4216279237,nan
P3_dev_run0,31,1.045,0.405,0.38755980861244027,B_peak_PQ,AVG,shoulder,14,1.5029474685320008e-16,1.04468526553753,6.060387707926515,0.11222069206539306,optimal,CLARABEL,-107356.4216279237,nan
P3_dev_run0,31,1.045,0.405,0.38755980861244027,B_peak_PQ,AVG,shoulder,15,8.816768668098632e-16,1.0446852655375307,6.222504636975153,0.1187435354990294,optimal,CLARABEL,-107356.4216279237,nan
P3_dev_run0,31,1.045,0.405,0.38755980861244027,B_peak_PQ,AVG,shoulder,16,3.8128809956890175e-15,1.0446852655375312,6.375958761229354,0.12510598318823254,optimal,CLARABEL,-107356.4216279237,nan
P3_dev_run0,31,1.045,0.405,0.38755980861244027,B_peak_PQ,AVG,shoulder,17,6.25434719434599e-15,1.0446852655375314,6.586493081100847,0.13413320857472832,optimal,CLARABEL,-107356.4216279237,nan
P3_dev_run0,31,1.045,0.405,0.38755980861244027,B_peak_PQ,AVG,shoulder,18,4.302545605658229e-15,1.0446852655375312,6.64785577547281,0.13682928050168577,optimal,CLARABEL,-107356.4216279237,nan
P3_dev_run0,31,1.045,0.405,0.38755980861244027,B_peak_PQ,AVG,shoulder,19,9.32363831753466e-15,1.044685265537531,6.693230556086158,0.13884177496004135,optimal,CLARABEL,-107356.4216279237,nan
P3_dev_run0,31,1.045,0.405,0.38755980861244027,B_peak_PQ,AVG,shoulder,20,3.183923154098551e-15,1.0446852655375314,6.644297679399605,0.13667214804848182,optimal,CLARABEL,-107356.4216279237,nan
P3_dev_run0,31,1.045,0.405,0.38755980861244027,B_peak_PQ,AVG,shoulder,21,3.6349678023772257e-16,1.0446852655375312,6.457642355792823,0.1285674144916955,optimal,CLARABEL,-107356.4216279237,nan
P3_dev_run0,31,1.045,0.405,0.38755980861244027,B_peak_PQ,AVG,shoulder,22,-7.888797580972289e-17,1.0446852655375307,6.249101495677577,0.11983316705145072,optimal,CLARABEL,-107356.4216279237,nan
P3_dev_run0,31,1.045,0.405,0.38755980861244027,B_peak_PQ,AVG,shoulder,23,-7.331477256570798e-16,1.04468526553753,6.110860347648701,0.1142296002025711,optimal,CLARABEL,-107356.4216279237,nan
P3_dev_run0,31,1.045,0.405,0.38755980861244027,B_peak_PQ,PEAK,summer_peak,0,-0.04010015742613715,0.03102549609150037,7.111512393191102,0.1917950443954538,optimal,CLARABEL,8.295847383556204,8.295847383556204
P3_dev_run0,31,1.045,0.405,0.38755980861244027,B_peak_PQ,PEAK,summer_peak,1,-0.052707504182014975,0.023362903621465064,6.401390729082811,0.155380098157608,optimal,CLARABEL,8.295847383556204,8.295847383556204
P3_dev_run0,31,1.045,0.405,0.38755980861244027,B_peak_PQ,PEAK,summer_peak,2,-0.05272666050856173,0.02148728173180588,6.121936233515416,0.14205391879981866,optimal,CLARABEL,8.295847383556204,8.295847383556204
P3_dev_run0,31,1.045,0.405,0.38755980861244027,B_peak_PQ,PEAK,summer_peak,3,-0.0527489757883049,0.020117895978583107,5.947282960406618,0.13404066795749825,optimal,CLARABEL,8.295847383556204,8.295847383556204
P3_dev_run0,31,1.045,0.405,0.38755980861244027,B_peak_PQ,PEAK,summer_peak,4,-0.05333735008811863,0.01920332387596685,5.841969489153844,0.1293281264595614,optimal,CLARABEL,8.295847383556204,8.295847383556204
P3_dev_run0,31,1.045,0.405,0.38755980861244027,B_peak_PQ,PEAK,summer_peak,5,-0.054391427248583146,0.01912578026764691,5.83239720490832,0.1289072654476332,optimal,CLARABEL,8.295847383556204,8.295847383556204
P3_dev_run0,31,1.045,0.405,0.38755980861244027,B_peak_PQ,PEAK,summer_peak,6,-0.0563390225250614,0.020085028272167557,5.940362267140506,0.13373981014274147,optimal,CLARABEL,8.295847383556204,8.295847383556204
P3_dev_run0,31,1.045,0.405,0.38755980861244027,B_peak_PQ,PEAK,summer_peak,7,-0.05880428492982337,0.022632282492048565,6.280038858233567,0.14953812209150263,optimal,CLARABEL,8.295847383556204,8.295847383556204
P3_dev_run0,31,1.045,0.405,0.38755980861244027,B_peak_PQ,PEAK,summer_peak,8,-0.06083343679188763,0.02723817623697367,6.84606187570558,0.17783177861710353,optimal,CLARABEL,8.295847383556204,8.295847383556204
P3_dev_run0,31,1.045,0.405,0.38755980861244027,B_peak_PQ,PEAK,summer_peak,9,-0.050785311153571155,0.04080031364604161,7.574845248333197,0.2175090631125547,optimal,CLARABEL,8.295847383556204,8.295847383556204
P3_dev_run0,31,1.045,0.405,0.38755980861244027,B_peak_PQ,PEAK,summer_peak,10,-0.04172817448891819,0.047609899070103975,8.023600805440154,0.24403299116778376,optimal,CLARABEL,8.295847383556204,8.295847383556204
P3_dev_run0,31,1.045,0.405,0.38755980861244027,B_peak_PQ,PEAK,summer_peak,11,-0.042755618180970845,0.04739929134712041,8.197903436199027,0.2549272285125257,optimal,CLARABEL,8.295847383556204,8.295847383556204
P3_dev_run0,31,1.045,0.405,0.38755980861244027,B_peak_PQ,PEAK,summer_peak,12,-0.05959524705550934,0.04772295927993232,8.226703150281269,0.2568141701824625,optimal,CLARABEL,8.295847383556204,8.295847383556204
P3_dev_run0,31,1.045,0.405,0.38755980861244027,B_peak_PQ,PEAK,summer_peak,13,-0.11011972986189278,0.04946067119963302,8.146328177545353,0.2519350295411351,optimal,CLARABEL,8.295847383556204,8.295847383556204
P3_dev_run0,31,1.045,0.405,0.38755980861244027,B_peak_PQ,PEAK,summer_peak,14,-0.09283208032214524,0.053898849574749684,8.456436928585429,0.27142677727642506,optimal,CLARABEL,8.295847383556204,8.295847383556204
P3_dev_run0,31,1.045,0.405,0.38755980861244027,B_peak_PQ,PEAK,summer_peak,15,-0.029579699355753025,0.1125251301256092,8.559265453972612,0.2746444808398735,optimal,CLARABEL,8.295847383556204,8.295847383556204
P3_dev_run0,31,1.045,0.405,0.38755980861244027,B_peak_PQ,PEAK,summer_peak,16,-0.0013298133175179434,0.8792388439274277,8.618073167044743,0.24444132915961145,optimal,CLARABEL,8.295847383556204,8.295847383556204
P3_dev_run0,31,1.045,0.405,0.38755980861244027,B_peak_PQ,PEAK,summer_peak,17,0.1317887747281267,1.036562339075949,8.635321614712407,0.23900828704920196,optimal,CLARABEL,8.295847383556204,8.295847383556204
P3_dev_run0,31,1.045,0.405,0.38755980861244027,B_peak_PQ,PEAK,summer_peak,18,0.13336403659796747,1.0363271753140797,8.635396283592025,0.23900599562566685,optimal,CLARABEL,8.295847383556204,8.295847383556204
P3_dev_run0,31,1.045,0.405,0.38755980861244027,B_peak_PQ,PEAK,summer_peak,19,0.07755669013947908,1.042100830619423,8.632702454359702,0.2391944136056941,optimal,CLARABEL,8.295847383556204,8.295847383556204
P3_dev_run0,31,1.045,0.405,0.38755980861244027,B_peak_PQ,PEAK,summer_peak,20,0.0030709815531921743,1.0446841289918047,8.629145290861414,0.23969868280864193,optimal,CLARABEL,8.295847383556204,8.295847383556204
P3_dev_run0,31,1.045,0.405,0.38755980861244027,B_peak_PQ,PEAK,summer_peak,21,-0.0977498308246102,0.05440030810713212,8.451682368401872,0.27111895312202383,optimal,CLARABEL,8.295847383556204,8.295847383556204
P3_dev_run0,31,1.045,0.405,0.38755980861244027,B_peak_PQ,PEAK,summer_peak,22,-0.11005124936896438,0.048890774705934115,8.014816659865708,0.24378371807671367,optimal,CLARABEL,8.295847383556204,8.295847383556204
P3_dev_run0,31,1.045,0.405,0.38755980861244027,B_peak_PQ,PEAK,summer_peak,23,-0.09915962247852844,0.04128973829715341,7.5711719242324325,0.2175093100493784,optimal,CLARABEL,8.295847383556204,8.295847383556204
P3_dev_run0,31,1.045,0.405,0.38755980861244027,B_peak_PQ,PEAK,winter_peak,0,-0.044482274126849686,0.031919664399484036,7.2312869378819915,0.19836664058207903,optimal,CLARABEL,8.005272638163964,8.005272638163964
P3_dev_run0,31,1.045,0.405,0.38755980861244027,B_peak_PQ,PEAK,winter_peak,1,-0.05109092174875568,0.027635483840519094,6.769375070455124,0.17377004570444265,optimal,CLARABEL,8.005272638163964,8.005272638163964
P3_dev_run0,31,1.045,0.405,0.38755980861244027,B_peak_PQ,PEAK,winter_peak,2,-0.052079419963385554,0.025704699180406413,6.539321101505099,0.1621196464485347,optimal,CLARABEL,8.005272638163964,8.005272638163964
P3_dev_run0,31,1.045,0.405,0.38755980861244027,B_peak_PQ,PEAK,winter_peak,3,-0.052964806354127425,0.024432813886061618,6.402523546059503,0.15539283103492887,optimal,CLARABEL,8.005272638163964,8.005272638163964
P3_dev_run0,31,1.045,0.405,0.38755980861244027,B_peak_PQ,PEAK,winter_peak,4,-0.054982460946390976,0.023735210485436194,6.3313734907917265,0.15195866035401423,optimal,CLARABEL,8.005272638163964,8.005272638163964
P3_dev_run0,31,1.045,0.405,0.38755980861244027,B_peak_PQ,PEAK,winter_peak,5,-0.05922447333890257,0.024096046868707335,6.365320035625004,0.1536109468219785,optimal,CLARABEL,8.005272638163964,8.005272638163964
P3_dev_run0,31,1.045,0.405,0.38755980861244027,B_peak_PQ,PEAK,winter_peak,6,-0.06897540892087445,0.02578053680029264,6.538336606894968,0.16213435049262118,optimal,CLARABEL,8.005272638163964,8.005272638163964
P3_dev_run0,31,1.045,0.405,0.38755980861244027,B_peak_PQ,PEAK,winter_peak,7,-0.09163648264031266,0.02924140062290237,6.930662408137902,0.1823533077352458,optimal,CLARABEL,8.005272638163964,8.005272638163964
P3_dev_run0,31,1.045,0.405,0.38755980861244027,B_peak_PQ,PEAK,winter_peak,8,-0.14699274820117525,0.03757666575937085,7.6087948120252085,0.2201584667458718,optimal,CLARABEL,8.005272638163964,8.005272638163964
P3_dev_run0,31,1.045,0.405,0.38755980861244027,B_peak_PQ,PEAK,winter_peak,9,-0.0035839586599511614,0.4445782344662567,8.283191087909897,0.2409529653076158,optimal,CLARABEL,8.005272638163964,8.005272638163964
P3_dev_run0,31,1.045,0.405,0.38755980861244027,B_peak_PQ,PEAK,winter_peak,10,0.18882365525311867,1.0275871486289319,8.32615266059315,0.22070447302824237,optimal,CLARABEL,8.005272638163964,8.005272638163964
P3_dev_run0,31,1.045,0.405,0.38755980861244027,B_peak_PQ,PEAK,winter_peak,11,0.15486466501046742,1.0331091250550348,8.32458501977848,0.2207236264400878,optimal,CLARABEL,8.005272638163964,8.005272638163964
P3_dev_run0,31,1.045,0.405,0.38755980861244027,B_peak_PQ,PEAK,winter_peak,12,0.002095178145662325,1.04462759262582,8.317759647460944,0.22149308349872637,optimal,CLARABEL,8.005272638163964,8.005272638163964
P3_dev_run0,31,1.045,0.405,0.38755980861244027,B_peak_PQ,PEAK,winter_peak,13,-0.2880053132122561,0.13333867571030714,8.24295451733066,0.25513674840880896,optimal,CLARABEL,8.005272638163964,8.005272638163964
P3_dev_run0,31,1.045,0.405,0.38755980861244027,B_peak_PQ,PEAK,winter_peak,14,-0.08732281573197075,0.15652043940709215,8.255628593766149,0.2532066562868971,optimal,CLARABEL,8.005272638163964,8.005272638163964
P3_dev_run0,31,1.045,0.405,0.38755980861244027,B_peak_PQ,PEAK,winter_peak,15,-0.008474605750021305,0.18486511569089134,8.265667010429524,0.25197818988833576,optimal,CLARABEL,8.005272638163964,8.005272638163964
P3_dev_run0,31,1.045,0.405,0.38755980861244027,B_peak_PQ,PEAK,winter_peak,16,0.05220105772011871,0.21126885835360434,8.271428679843776,0.25073115168352245,optimal,CLARABEL,8.005272638163964,8.005272638163964
P3_dev_run0,31,1.045,0.405,0.38755980861244027,B_peak_PQ,PEAK,winter_peak,17,0.16589148293657013,0.21981448240478843,8.278995750582743,0.25038146793922095,optimal,CLARABEL,8.005272638163964,8.005272638163964
P3_dev_run0,31,1.045,0.405,0.38755980861244027,B_peak_PQ,PEAK,winter_peak,18,0.07604532925858758,0.21277460169437143,8.272518233670935,0.2506230807723531,optimal,CLARABEL,8.005272638163964,8.005272638163964
P3_dev_run0,31,1.045,0.405,0.38755980861244027,B_peak_PQ,PEAK,winter_peak,19,-0.08255519239617498,0.05924222390890996,8.207204889137989,0.2550984163930812,optimal,CLARABEL,8.005272638163964,8.005272638163964
P3_dev_run0,31,1.045,0.405,0.38755980861244027,B_peak_PQ,PEAK,winter_peak,20,-0.10702463233843768,0.04396719099358372,7.980981637153669,0.2419342643693369,optimal,CLARABEL,8.005272638163964,8.005272638163964
P3_dev_run0,31,1.045,0.405,0.38755980861244027,B_peak_PQ,PEAK,winter_peak,21,-0.0813196060329815,0.03797163051957309,7.657965589009628,0.2226595405458779,optimal,CLARABEL,8.005272638163964,8.005272638163964
P3_dev_run0,31,1.045,0.405,0.38755980861244027,B_peak_PQ,PEAK,winter_peak,22,-0.06807565538955096,0.033377014444237435,7.355315175460653,0.20535076171651528,optimal,CLARABEL,8.005272638163964,8.005272638163964
P3_dev_run0,31,1.045,0.405,0.38755980861244027,B_peak_PQ,PEAK,winter_peak,23,-0.06115950080779653,0.03192973316391391,7.243541932965629,0.1991188834723488,optimal,CLARABEL,8.005272638163964,8.005272638163964
P4_normal,15,0.176,0.412,2.340909090909091,A0_no_peak_loss,AVG,summer,0,0.15720747701041046,0.07913159401921102,6.286226258218782,0.146836058014501,optimal,CLARABEL,-24956.223630161716,nan
P4_normal,15,0.176,0.412,2.340909090909091,A0_no_peak_loss,AVG,summer,1,0.01867443235248538,0.17495905329686137,5.883274794832495,0.12664585247758312,optimal,CLARABEL,-24956.223630161716,nan
P4_normal,15,0.176,0.412,2.340909090909091,A0_no_peak_loss,AVG,summer,2,-2.607315586632165e-16,0.1759469920905317,5.668024657420742,0.11747506524802336,optimal,CLARABEL,-24956.223630161716,nan
P4_normal,15,0.176,0.412,2.340909090909091,A0_no_peak_loss,AVG,summer,3,-0.055207986310192046,0.16711695978437793,5.580890638644361,0.11452673612347403,optimal,CLARABEL,-24956.223630161716,nan
P4_normal,15,0.176,0.412,2.340909090909091,A0_no_peak_loss,AVG,summer,4,-0.14389492711473176,0.10134224168946092,5.587297850649562,0.117380983333276,optimal,CLARABEL,-24956.223630161716,nan
P4_normal,15,0.176,0.412,2.340909090909091,A0_no_peak_loss,AVG,summer,5,-0.1448254103406126,0.09994967513154432,5.5820725597704035,0.11720580415593304,optimal,CLARABEL,-24956.223630161716,nan
P4_normal,15,0.176,0.412,2.340909090909091,A0_no_peak_loss,AVG,summer,6,-0.04694144531558661,0.16962458757999557,5.570600242933849,0.1139553669877303,optimal,CLARABEL,-24956.223630161716,nan
P4_normal,15,0.176,0.412,2.340909090909091,A0_no_peak_loss,AVG,summer,7,-1.1521126548694816e-05,0.1759469920905317,5.81285765499362,0.12370761980183376,optimal,CLARABEL,-24956.223630161716,nan
P4_normal,15,0.176,0.412,2.340909090909091,A0_no_peak_loss,AVG,summer,8,-1.1521126548346828e-05,0.17594699209053177,6.274230735009257,0.1446559110274681,optimal,CLARABEL,-24956.223630161716,nan
P4_normal,15,0.176,0.412,2.340909090909091,A0_no_peak_loss,AVG,summer,9,-5.043998808245176e-18,0.1759469920905318,6.873589870431229,0.17436481560351424,optimal,CLARABEL,-24956.223630161716,nan
P4_normal,15,0.176,0.412,2.340909090909091,A0_no_peak_loss,AVG,summer,10,4.534854354425059e-17,0.17594699209053186,7.210365507169381,0.19230011296666866,optimal,CLARABEL,-24956.223630161716,nan
P4_normal,15,0.176,0.412,2.340909090909091,A0_no_peak_loss,AVG,summer,11,2.1854678530562245e-16,0.17594699209053186,7.316533789768038,0.19813996877532108,optimal,CLARABEL,-24956.223630161716,nan
P4_normal,15,0.176,0.412,2.340909090909091,A0_no_peak_loss,AVG,summer,12,1.5376516632784616e-16,0.17594699209053186,7.272435506808521,0.19570349016080196,optimal,CLARABEL,-24956.223630161716,nan
P4_normal,15,0.176,0.412,2.340909090909091,A0_no_peak_loss,AVG,summer,13,3.201044395399067e-17,0.17594699209053186,7.098900302154869,0.18626478017215303,optimal,CLARABEL,-24956.223630161716,nan
P4_normal,15,0.176,0.412,2.340909090909091,A0_no_peak_loss,AVG,summer,14,1.0204794155656384e-15,0.17594699209053186,7.381360835854396,0.20174966970168062,optimal,CLARABEL,-24956.223630161716,nan
P4_normal,15,0.176,0.412,2.340909090909091,A0_no_peak_loss,AVG,summer,15,0.07509344835593772,0.1591173776690571,7.444168156717198,0.20501445480446667,optimal,CLARABEL,-24956.223630161716,nan
P4_normal,15,0.176,0.412,2.340909090909091,A0_no_peak_loss,AVG,summer,16,0.07913159401923617,0.15720747701039725,7.519106798643463,0.20928959874827602,optimal,CLARABEL,-24956.223630161716,nan
P4_normal,15,0.176,0.412,2.340909090909091,A0_no_peak_loss,AVG,summer,17,0.021544278835054765,0.17467639808937335,7.721957364898558,0.22103789008866442,optimal,CLARABEL,-24956.223630161716,nan
P4_normal,15,0.176,0.412,2.340909090909091,A0_no_peak_loss,AVG,summer,18,2.80289757086868e-16,0.17594699209053186,7.7322187076394915,0.22186382944177185,optimal,CLARABEL,-24956.223630161716,nan
P4_normal,15,0.176,0.412,2.340909090909091,A0_no_peak_loss,AVG,summer,19,1.1993075532088896e-16,0.17594699209053186,7.68616030198226,0.21916770993954243,optimal,CLARABEL,-24956.223630161716,nan
P4_normal,15,0.176,0.412,2.340909090909091,A0_no_peak_loss,AVG,summer,20,1.0046496241383433e-16,0.17594699209053186,7.629289292084931,0.2158618770572151,optimal,CLARABEL,-24956.223630161716,nan
P4_normal,15,0.176,0.412,2.340909090909091,A0_no_peak_loss,AVG,summer,21,2.756099410465992e-17,0.17594699209053186,7.41739109126386,0.2037702889111433,optimal,CLARABEL,-24956.223630161716,nan
P4_normal,15,0.176,0.412,2.340909090909091,A0_no_peak_loss,AVG,summer,22,4.522237813878031e-18,0.17594699209053186,7.064762367647893,0.18443600005517558,optimal,CLARABEL,-24956.223630161716,nan
P4_normal,15,0.176,0.412,2.340909090909091,A0_no_peak_loss,AVG,summer,23,-1.152320605716688e-17,0.1759469920905318,6.747206107986702,0.16786502076398702,optimal,CLARABEL,-24956.223630161716,nan
P4_normal,15,0.176,0.412,2.340909090909091,A0_no_peak_loss,AVG,winter,0,0.12135913600126218,0.12746748647191697,6.62043664725057,0.16184267534700045,optimal,CLARABEL,-28670.331671921824,nan
P4_normal,15,0.176,0.412,2.340909090909091,A0_no_peak_loss,AVG,winter,1,1.891096733313575e-15,0.17594699209052042,6.286712737916502,0.1452457167687849,optimal,CLARABEL,-28670.331671921824,nan
P4_normal,15,0.176,0.412,2.340909090909091,A0_no_peak_loss,AVG,winter,2,-1.9425414090930057e-14,0.1759469920905132,6.058456503683242,0.13465115421550888,optimal,CLARABEL,-28670.331671921824,nan
P4_normal,15,0.176,0.412,2.340909090909091,A0_no_peak_loss,AVG,winter,3,-0.10828075994422941,0.1387489712605974,6.039789665430915,0.1359358016150139,optimal,CLARABEL,-28670.331671921824,nan
P4_normal,15,0.176,0.412,2.340909090909091,A0_no_peak_loss,AVG,winter,4,-0.12785088602105155,0.12093611979919344,6.006976372510139,0.13515433326018392,optimal,CLARABEL,-28670.331671921824,nan
P4_normal,15,0.176,0.412,2.340909090909091,A0_no_peak_loss,AVG,winter,5,-0.09415958109728055,0.14869422748563682,6.0205316772626345,0.13462656145327387,optimal,CLARABEL,-28670.331671921824,nan
P4_normal,15,0.176,0.412,2.340909090909091,A0_no_peak_loss,AVG,winter,6,-1.1521126570369113e-05,0.1759469920905151,6.095887262572773,0.13636061959096465,optimal,CLARABEL,-28670.331671921824,nan
P4_normal,15,0.176,0.412,2.340909090909091,A0_no_peak_loss,AVG,winter,7,-1.152112654500067e-05,0.1759469920905213,6.462667539930201,0.15369188499342268,optimal,CLARABEL,-28670.331671921824,nan
P4_normal,15,0.176,0.412,2.340909090909091,A0_no_peak_loss,AVG,winter,8,-4.6406383757048495e-15,0.17594699209052597,7.037818231556109,0.18299909111338836,optimal,CLARABEL,-28670.331671921824,nan
P4_normal,15,0.176,0.412,2.340909090909091,A0_no_peak_loss,AVG,winter,9,0.04694144531379423,0.1696245875804416,7.66515575914889,0.21760307477209784,optimal,CLARABEL,-28670.331671921824,nan
P4_normal,15,0.176,0.412,2.340909090909091,A0_no_peak_loss,AVG,winter,10,0.13326875698537197,0.11495842035957977,7.619812212707466,0.21611389138740225,optimal,CLARABEL,-28670.331671921824,nan
P4_normal,15,0.176,0.412,2.340909090909091,A0_no_peak_loss,AVG,winter,11,0.07913159401892363,0.15720747701054194,7.4965681162065385,0.20800693893602962,optimal,CLARABEL,-28670.331671921824,nan
P4_normal,15,0.176,0.412,2.340909090909091,A0_no_peak_loss,AVG,winter,12,1.260599891758377e-14,0.1759469920905278,7.306632757630546,0.19759158659284337,optimal,CLARABEL,-28670.331671921824,nan
P4_normal,15,0.176,0.412,2.340909090909091,A0_no_peak_loss,AVG,winter,13,0.0,0.175946992090526,6.8969091834231735,0.1755778650654531,optimal,CLARABEL,-28670.331671921824,nan
P4_normal,15,0.176,0.412,2.340909090909091,A0_no_peak_loss,AVG,winter,14,1.8208473690682507e-16,0.17594699209052697,7.136643023750963,0.18829738375824778,optimal,CLARABEL,-28670.331671921824,nan
P4_normal,15,0.176,0.412,2.340909090909091,A0_no_peak_loss,AVG,winter,15,1.349620105401505e-15,0.17594699209052747,7.263437857129318,0.19520824953160676,optimal,CLARABEL,-28670.331671921824,nan
P4_normal,15,0.176,0.412,2.340909090909091,A0_no_peak_loss,AVG,winter,16,6.641784063173487e-15,0.175946992090528,7.396672364079793,0.20260710254208678,optimal,CLARABEL,-28670.331671921824,nan
P4_normal,15,0.176,0.412,2.340909090909091,A0_no_peak_loss,AVG,winter,17,1.0903901482167885e-14,0.17594699209052853,7.594097070986977,0.21382905125427074,optimal,CLARABEL,-28670.331671921824,nan
P4_normal,15,0.176,0.412,2.340909090909091,A0_no_peak_loss,AVG,winter,18,2.841524119236401e-15,0.17594699209052833,7.590488197466823,0.21362114135411045,optimal,CLARABEL,-28670.331671921824,nan
P4_normal,15,0.176,0.412,2.340909090909091,A0_no_peak_loss,AVG,winter,19,6.751147095212396e-16,0.17594699209052791,7.484075794758444,0.20753716543573109,optimal,CLARABEL,-28670.331671921824,nan
P4_normal,15,0.176,0.412,2.340909090909091,A0_no_peak_loss,AVG,winter,20,0.0,0.17594699209052733,7.312033218840528,0.19789060237281336,optimal,CLARABEL,-28670.331671921824,nan
P4_normal,15,0.176,0.412,2.340909090909091,A0_no_peak_loss,AVG,winter,21,-5.26792413874783e-16,0.17594699209052625,7.076440040532595,0.18506054117487955,optimal,CLARABEL,-28670.331671921824,nan
P4_normal,15,0.176,0.412,2.340909090909091,A0_no_peak_loss,AVG,winter,22,-0.012947363193169026,0.1755231203754582,6.846645909164746,0.1731211625273698,optimal,CLARABEL,-28670.331671921824,nan
P4_normal,15,0.176,0.412,2.340909090909091,A0_no_peak_loss,AVG,winter,23,-0.07985579333341968,0.15682038441231205,6.836717981925779,0.17396404572547103,optimal,CLARABEL,-28670.331671921824,nan
P4_normal,15,0.176,0.412,2.340909090909091,A0_no_peak_loss,AVG,shoulder,0,0.1609009170036412,0.07132247126525698,5.794237193040806,0.12458325196955441,optimal,CLARABEL,-23760.396921742915,nan
P4_normal,15,0.176,0.412,2.340909090909091,A0_no_peak_loss,AVG,shoulder,1,0.014981095500885454,0.17532281522643986,5.470804410028635,0.10913404935780686,optimal,CLARABEL,-23760.396921742915,nan
P4_normal,15,0.176,0.412,2.340909090909091,A0_no_peak_loss,AVG,shoulder,2,-8.080311443782752e-15,0.17594699209052356,5.28856940827162,0.10192292343889393,optimal,CLARABEL,-23760.396921742915,nan
P4_normal,15,0.176,0.412,2.340909090909091,A0_no_peak_loss,AVG,shoulder,3,-0.12135913587367458,0.12746748659948617,5.3072633427690175,0.10492581450155102,optimal,CLARABEL,-23760.396921742915,nan
P4_normal,15,0.176,0.412,2.340909090909091,A0_no_peak_loss,AVG,shoulder,4,-0.15313531043512021,0.0867500818324508,5.295582639360796,0.10578450792372884,optimal,CLARABEL,-23760.396921742915,nan
P4_normal,15,0.176,0.412,2.340909090909091,A0_no_peak_loss,AVG,shoulder,5,-0.11636906484760008,0.13199022334718002,5.2958543894117955,0.1043100092451635,optimal,CLARABEL,-23760.396921742915,nan
P4_normal,15,0.176,0.412,2.340909090909091,A0_no_peak_loss,AVG,shoulder,6,-1.1521126546883878e-05,0.17594699209052386,5.323994723480591,0.10332742694380734,optimal,CLARABEL,-23760.396921742915,nan
P4_normal,15,0.176,0.412,2.340909090909091,A0_no_peak_loss,AVG,shoulder,7,-1.152112654657572e-05,0.17594699209052528,5.612108422672695,0.11511283201091024,optimal,CLARABEL,-23760.396921742915,nan
P4_normal,15,0.176,0.412,2.340909090909091,A0_no_peak_loss,AVG,shoulder,8,-1.613615993719659e-15,0.17594699209052678,5.975641164252043,0.13090821894932497,optimal,CLARABEL,-23760.396921742915,nan
P4_normal,15,0.176,0.412,2.340909090909091,A0_no_peak_loss,AVG,shoulder,9,8.733151679770585e-15,0.1759469920905279,6.3143822686967805,0.1465577794940738,optimal,CLARABEL,-23760.396921742915,nan
P4_normal,15,0.176,0.412,2.340909090909091,A0_no_peak_loss,AVG,shoulder,10,0.0867500818326001,0.1531353104350309,6.232049518102802,0.14252289118538253,optimal,CLARABEL,-23760.396921742915,nan
P4_normal,15,0.176,0.412,2.340909090909091,A0_no_peak_loss,AVG,shoulder,11,0.06334152643002293,0.16420673259495386,6.15555088809641,0.13884091228433573,optimal,CLARABEL,-23760.396921742915,nan
P4_normal,15,0.176,0.412,2.340909090909091,A0_no_peak_loss,AVG,shoulder,12,5.355036707684664e-15,0.1759469920905274,6.040642003575481,0.1338414722077707,optimal,CLARABEL,-23760.396921742915,nan
P4_normal,15,0.176,0.412,2.340909090909091,A0_no_peak_loss,AVG,shoulder,13,0.0,0.17594699209052653,5.780846065648561,0.1223158785408425,optimal,CLARABEL,-23760.396921742915,nan
P4_normal,15,0.176,0.412,2.340909090909091,A0_no_peak_loss,AVG,shoulder,14,7.429115953569418e-16,0.17594699209052728,6.056674936424104,0.13457006876639205,optimal,CLARABEL,-23760.396921742915,nan
P4_normal,15,0.176,0.412,2.340909090909091,A0_no_peak_loss,AVG,shoulder,15,5.090845440068961e-15,0.1759469920905277,6.2197963978028366,0.14209744453012774,optimal,CLARABEL,-23760.396921742915,nan
P4_normal,15,0.176,0.412,2.340909090909091,A0_no_peak_loss,AVG,shoulder,16,0.004319256219211618,0.17594699209052705,6.3694870616398065,0.14914367547059393,optimal,CLARABEL,-23760.396921742915,nan
P4_normal,15,0.176,0.412,2.340909090909091,A0_no_peak_loss,AVG,shoulder,17,0.008421289225524107,0.17574547213131766,6.576841850076017,0.15921804981399565,optimal,CLARABEL,-23760.396921742915,nan
P4_normal,15,0.176,0.412,2.340909090909091,A0_no_peak_loss,AVG,shoulder,18,7.793162338088793e-14,0.17594699209052844,6.647805693929451,0.1628413471618128,optimal,CLARABEL,-23760.396921742915,nan
P4_normal,15,0.176,0.412,2.340909090909091,A0_no_peak_loss,AVG,shoulder,19,0.012947363193616628,0.17552312037543494,6.679288965616661,0.16429652654608518,optimal,CLARABEL,-23760.396921742915,nan
P4_normal,15,0.176,0.412,2.340909090909091,A0_no_peak_loss,AVG,shoulder,20,2.6745623262022417e-14,0.17594699209052841,6.6442252256632015,0.16266184251551288,optimal,CLARABEL,-23760.396921742915,nan
P4_normal,15,0.176,0.412,2.340909090909091,A0_no_peak_loss,AVG,shoulder,21,1.2997656666577478e-15,0.17594699209052794,6.456399511894076,0.15338671879636018,optimal,CLARABEL,-23760.396921742915,nan
P4_normal,15,0.176,0.412,2.340909090909091,A0_no_peak_loss,AVG,shoulder,22,0.0,0.17594699209052747,6.246558509854111,0.14335232943139387,optimal,CLARABEL,-23760.396921742915,nan
P4_normal,15,0.176,0.412,2.340909090909091,A0_no_peak_loss,AVG,shoulder,23,0.0,0.17594699209052708,6.107459817746807,0.13689121850409006,optimal,CLARABEL,-23760.396921742915,nan
P4_normal,15,0.176,0.412,2.340909090909091,A0_no_peak_loss,PEAK,summer_peak,0,-0.012043455872939701,0.0016395709941169477,7.082932850870939,0.19158689989729924,optimal,CLARABEL,8.364467135401568,8.364467135401568
P4_normal,15,0.176,0.412,2.340909090909091,A0_no_peak_loss,PEAK,summer_peak,1,-0.012774015602589436,0.0012609345402285889,6.360162291136647,0.1542316610203195,optimal,CLARABEL,8.364467135401568,8.364467135401568
P4_normal,15,0.176,0.412,2.340909090909091,A0_no_peak_loss,PEAK,summer_peak,2,-0.013177178256686378,0.001136892701414524,6.081117368685072,0.1409093730790695,optimal,CLARABEL,8.364467135401568,8.364467135401568
P4_normal,15,0.176,0.412,2.340909090909091,A0_no_peak_loss,PEAK,summer_peak,3,-0.013627842070364535,0.0010558919719762514,5.90691512778426,0.13290392900961268,optimal,CLARABEL,8.364467135401568,8.364467135401568
P4_normal,15,0.176,0.412,2.340909090909091,A0_no_peak_loss,PEAK,summer_peak,4,-0.014164533946217125,0.00100584447232784,5.801548462271306,0.12817939459483685,optimal,CLARABEL,8.364467135401568,8.364467135401568
P4_normal,15,0.176,0.412,2.340909090909091,A0_no_peak_loss,PEAK,summer_peak,5,-0.014784770881193454,0.0010010737321608585,5.791525786957495,0.1277394276815964,optimal,CLARABEL,8.364467135401568,8.364467135401568
P4_normal,15,0.176,0.412,2.340909090909091,A0_no_peak_loss,PEAK,summer_peak,6,-0.015494373789135069,0.0010518120679880872,5.898200643008044,0.13252595892491403,optimal,CLARABEL,8.364467135401568,8.364467135401568
P4_normal,15,0.176,0.412,2.340909090909091,A0_no_peak_loss,PEAK,summer_peak,7,-0.0162385678974539,0.0012064871337371214,6.236072840603916,0.14826262736488832,optimal,CLARABEL,8.364467135401568,8.364467135401568
P4_normal,15,0.176,0.412,2.340909090909091,A0_no_peak_loss,PEAK,summer_peak,8,-0.01702784384349436,0.0014664933869441895,6.800817551503767,0.17656574391744206,optimal,CLARABEL,8.364467135401568,8.364467135401568
P4_normal,15,0.176,0.412,2.340909090909091,A0_no_peak_loss,PEAK,summer_peak,9,-0.0176154855348631,0.0020048730150391708,7.541212370482454,0.21747337658314692,optimal,CLARABEL,8.364467135401568,8.364467135401568
P4_normal,15,0.176,0.412,2.340909090909091,A0_no_peak_loss,PEAK,summer_peak,10,-0.018698330041358055,0.002331791335272996,8.000966422221849,0.24507151168749242,optimal,CLARABEL,8.364467135401568,8.364467135401568
P4_normal,15,0.176,0.412,2.340909090909091,A0_no_peak_loss,PEAK,summer_peak,11,-0.02063557732700498,0.0023648584566175984,8.176290520055762,0.25606264240609006,optimal,CLARABEL,8.364467135401568,8.364467135401568
P4_normal,15,0.176,0.412,2.340909090909091,A0_no_peak_loss,PEAK,summer_peak,12,-0.023467686392274978,0.0023617195717440514,8.190245109776287,0.2569827280017558,optimal,CLARABEL,8.364467135401568,8.364467135401568
P4_normal,15,0.176,0.412,2.340909090909091,A0_no_peak_loss,PEAK,summer_peak,13,-0.027533367565745905,0.0023380737598432265,8.060363150743743,0.24887132509047102,optimal,CLARABEL,8.364467135401568,8.364467135401568
P4_normal,15,0.176,0.412,2.340909090909091,A0_no_peak_loss,PEAK,summer_peak,14,-0.03210337519259742,0.0023337178037083324,8.394028864348721,0.27018025492024667,optimal,CLARABEL,8.364467135401568,8.364467135401568
P4_normal,15,0.176,0.412,2.340909090909091,A0_no_peak_loss,PEAK,summer_peak,15,-0.038739711335224095,0.0023223482085102483,8.573233090081416,0.28205306840502925,optimal,CLARABEL,8.364467135401568,8.364467135401568
P4_normal,15,0.176,0.412,2.340909090909091,A0_no_peak_loss,PEAK,summer_peak,16,-0.012807827635983579,0.002265933008071468,8.645287393179455,0.28650887513572293,optimal,CLARABEL,8.364467135401568,8.364467135401568
P4_normal,15,0.176,0.412,2.340909090909091,A0_no_peak_loss,PEAK,summer_peak,17,0.1362414400016829,0.0006138589293486257,8.649645372371571,0.28517820269578487,optimal,CLARABEL,8.364467135401568,8.364467135401568
P4_normal,15,0.176,0.412,2.340909090909091,A0_no_peak_loss,PEAK,summer_peak,18,0.1379419217719442,0.0005656783205698065,8.649630715776198,0.2851635527519079,optimal,CLARABEL,8.364467135401568,8.364467135401568
P4_normal,15,0.176,0.412,2.340909090909091,A0_no_peak_loss,PEAK,summer_peak,19,0.07757482062583615,0.0014885253213040579,8.650242421737014,0.2857748682242621,optimal,CLARABEL,8.364467135401568,8.364467135401568
P4_normal,15,0.176,0.412,2.340909090909091,A0_no_peak_loss,PEAK,summer_peak,20,-0.0021743488485612746,0.0021882254249814834,8.65016957755026,0.2866988547534278,optimal,CLARABEL,8.364467135401568,8.364467135401568
P4_normal,15,0.176,0.412,2.340909090909091,A0_no_peak_loss,PEAK,summer_peak,21,-0.06993339117368466,0.002194650887922087,8.425064060891009,0.2727395939529718,optimal,CLARABEL,8.364467135401568,8.364467135401568
P4_normal,15,0.176,0.412,2.340909090909091,A0_no_peak_loss,PEAK,summer_peak,22,-0.06774776735046507,0.0021368082021694912,7.972373291918869,0.24395395982510376,optimal,CLARABEL,8.364467135401568,8.364467135401568
P4_normal,15,0.176,0.412,2.340909090909091,A0_no_peak_loss,PEAK,summer_peak,23,-0.06705414542640142,0.001835483472126696,7.539284761264183,0.2179744608743161,optimal,CLARABEL,8.364467135401568,8.364467135401568
P4_normal,15,0.176,0.412,2.340909090909091,A0_no_peak_loss,PEAK,winter_peak,0,-0.019236711283077926,0.0015530178186685159,7.205801855376523,0.19843326827980584,optimal,CLARABEL,8.09264581329945,8.09264581329945
P4_normal,15,0.176,0.412,2.340909090909091,A0_no_peak_loss,PEAK,winter_peak,1,-0.019961547411388503,0.0013026199918820564,6.73757428977158,0.17330722286413097,optimal,CLARABEL,8.09264581329945,8.09264581329945
P4_normal,15,0.176,0.412,2.340909090909091,A0_no_peak_loss,PEAK,winter_peak,2,-0.02073299107503071,0.001189995007844664,6.507262140025888,0.16158603298028168,optimal,CLARABEL,8.09264581329945,8.09264581329945
P4_normal,15,0.176,0.412,2.340909090909091,A0_no_peak_loss,PEAK,winter_peak,3,-0.02176451520444829,0.001124233923258601,6.370604184615782,0.15483380599143903,optimal,CLARABEL,8.09264581329945,8.09264581329945
P4_normal,15,0.176,0.412,2.340909090909091,A0_no_peak_loss,PEAK,winter_peak,4,-0.02314066953094103,0.0010894673404643037,6.29877836023982,0.15135168303465146,optimal,CLARABEL,8.09264581329945,8.09264581329945
P4_normal,15,0.176,0.412,2.340909090909091,A0_no_peak_loss,PEAK,winter_peak,5,-0.024926451415931722,0.0011028143011926033,6.3301619251856085,0.15289155367471455,optimal,CLARABEL,8.09264581329945,8.09264581329945
P4_normal,15,0.176,0.412,2.340909090909091,A0_no_peak_loss,PEAK,winter_peak,6,-0.02725244465944187,0.0011789071095618517,6.495399011774832,0.161058769211941,optimal,CLARABEL,8.09264581329945,8.09264581329945
P4_normal,15,0.176,0.412,2.340909090909091,A0_no_peak_loss,PEAK,winter_peak,7,-0.03034104012135319,0.0013572492892191957,6.867074913058476,0.18019691743739458,optimal,CLARABEL,8.09264581329945,8.09264581329945
P4_normal,15,0.176,0.412,2.340909090909091,A0_no_peak_loss,PEAK,winter_peak,8,-0.034697720029899674,0.0017102052122824494,7.4909728031223795,0.21477203156782326,optimal,CLARABEL,8.09264581329945,8.09264581329945
P4_normal,15,0.176,0.412,2.340909090909091,A0_no_peak_loss,PEAK,winter_peak,9,-0.03261429542678984,0.0022981636541798954,8.323674714671258,0.26563409085860945,optimal,CLARABEL,8.09264581329945,8.09264581329945
P4_normal,15,0.176,0.412,2.340909090909091,A0_no_peak_loss,PEAK,winter_peak,10,0.17594698900448671,-5.0975073562075565e-05,8.358411251528782,0.26576543918674733,optimal,CLARABEL,8.09264581329945,8.09264581329945
P4_normal,15,0.176,0.412,2.340909090909091,A0_no_peak_loss,PEAK,winter_peak,11,0.14178953926950721,0.0010400970553875112,8.356092909499626,0.2658498921162071,optimal,CLARABEL,8.09264581329945,8.09264581329945
P4_normal,15,0.176,0.412,2.340909090909091,A0_no_peak_loss,PEAK,winter_peak,12,-0.008866532430865319,0.002361377359321082,8.342496687926252,0.26653517704897056,optimal,CLARABEL,8.09264581329945,8.09264581329945
P4_normal,15,0.176,0.412,2.340909090909091,A0_no_peak_loss,PEAK,winter_peak,13,-0.062148000791477406,0.0019702283704143043,8.00711379648278,0.24603346424297068,optimal,CLARABEL,8.09264581329945,8.09264581329945
P4_normal,15,0.176,0.412,2.340909090909091,A0_no_peak_loss,PEAK,winter_peak,14,-0.057674688503147366,0.0021483366256478944,8.22999446132996,0.2599767109552452,optimal,CLARABEL,8.09264581329945,8.09264581329945
P4_normal,15,0.176,0.412,2.340909090909091,A0_no_peak_loss,PEAK,winter_peak,15,-0.051346538942599315,0.0022373916287802957,8.31670754451083,0.2654428687237367,optimal,CLARABEL,8.09264581329945,8.09264581329945
P4_normal,15,0.176,0.412,2.340909090909091,A0_no_peak_loss,PEAK,winter_peak,16,-0.009374759768232717,0.0023529014780091914,8.343955690048606,0.26663625994516854,optimal,CLARABEL,8.09264581329945,8.09264581329945
P4_normal,15,0.176,0.412,2.340909090909091,A0_no_peak_loss,PEAK,winter_peak,17,0.12296135417317998,0.0013930428711893175,8.332761689505602,0.2645019281873091,optimal,CLARABEL,8.09264581329945,8.09264581329945
P4_normal,15,0.176,0.412,2.340909090909091,A0_no_peak_loss,PEAK,winter_peak,18,0.009421874944317336,0.0022835460749781045,8.35088043650438,0.26685095339137027,optimal,CLARABEL,8.09264581329945,8.09264581329945
P4_normal,15,0.176,0.412,2.340909090909091,A0_no_peak_loss,PEAK,winter_peak,19,-0.04200680110285497,0.0021659651000325163,8.16673444445186,0.25574639345554545,optimal,CLARABEL,8.09264581329945,8.09264581329945
P4_normal,15,0.176,0.412,2.340909090909091,A0_no_peak_loss,PEAK,winter_peak,20,-0.03912790640704581,0.0019920836743065502,7.910681771751541,0.23978998173175775,optimal,CLARABEL,8.09264581329945,8.09264581329945
P4_normal,15,0.176,0.412,2.340909090909091,A0_no_peak_loss,PEAK,winter_peak,21,-0.03723145397340553,0.0017877373115305275,7.6128753067369805,0.22190897853707486,optimal,CLARABEL,8.09264581329945,8.09264581329945
P4_normal,15,0.176,0.412,2.340909090909091,A0_no_peak_loss,PEAK,winter_peak,22,-0.03615858417604188,0.0016009446604604285,7.323007293126263,0.2051911484829096,optimal,CLARABEL,8.09264581329945,8.09264581329945
P4_normal,15,0.176,0.412,2.340909090909091,A0_no_peak_loss,PEAK,winter_peak,23,-0.03559499739475892,0.0015394307623755044,7.217917163964524,0.1992926155999076,optimal,CLARABEL,8.09264581329945,8.09264581329945
P4_normal,15,0.176,0.412,2.340909090909091,A_peak_Q,AVG,summer,0,0.15720747701041046,0.07913159401921102,6.286226258218818,0.14683605801453967,optimal,CLARABEL,-24956.223630161716,nan
P4_normal,15,0.176,0.412,2.340909090909091,A_peak_Q,AVG,summer,1,0.01867443235248538,0.17495905329686137,5.883274794832527,0.1266458524776107,optimal,CLARABEL,-24956.223630161716,nan
P4_normal,15,0.176,0.412,2.340909090909091,A_peak_Q,AVG,summer,2,-2.607315586632165e-16,0.1759469920905317,5.668024657420683,0.11747506524796353,optimal,CLARABEL,-24956.223630161716,nan
P4_normal,15,0.176,0.412,2.340909090909091,A_peak_Q,AVG,summer,3,-0.055207986310192046,0.16711695978437793,5.580890638644383,0.11452673612349736,optimal,CLARABEL,-24956.223630161716,nan
P4_normal,15,0.176,0.412,2.340909090909091,A_peak_Q,AVG,summer,4,-0.14389492711473176,0.10134224168946092,5.587297850649564,0.11738098333327601,optimal,CLARABEL,-24956.223630161716,nan
P4_normal,15,0.176,0.412,2.340909090909091,A_peak_Q,AVG,summer,5,-0.1448254103406126,0.09994967513154432,5.582072559770473,0.11720580415600101,optimal,CLARABEL,-24956.223630161716,nan
P4_normal,15,0.176,0.412,2.340909090909091,A_peak_Q,AVG,summer,6,-0.04694144531558661,0.16962458757999557,5.570600242933848,0.11395536698772786,optimal,CLARABEL,-24956.223630161716,nan
P4_normal,15,0.176,0.412,2.340909090909091,A_peak_Q,AVG,summer,7,-1.1521126548694816e-05,0.1759469920905317,5.812857654993661,0.12370761980187574,optimal,CLARABEL,-24956.223630161716,nan
P4_normal,15,0.176,0.412,2.340909090909091,A_peak_Q,AVG,summer,8,-1.1521126548346828e-05,0.17594699209053177,6.2742307350092545,0.1446559110274676,optimal,CLARABEL,-24956.223630161716,nan
P4_normal,15,0.176,0.412,2.340909090909091,A_peak_Q,AVG,summer,9,-5.043998808245176e-18,0.1759469920905318,6.873589870431244,0.17436481560353045,optimal,CLARABEL,-24956.223630161716,nan
P4_normal,15,0.176,0.412,2.340909090909091,A_peak_Q,AVG,summer,10,4.534854354425059e-17,0.17594699209053186,7.210365507169305,0.19230011296659044,optimal,CLARABEL,-24956.223630161716,nan
P4_normal,15,0.176,0.412,2.340909090909091,A_peak_Q,AVG,summer,11,2.1854678530562245e-16,0.17594699209053186,7.316533789768046,0.19813996877532947,optimal,CLARABEL,-24956.223630161716,nan
P4_normal,15,0.176,0.412,2.340909090909091,A_peak_Q,AVG,summer,12,1.5376516632784616e-16,0.17594699209053186,7.272435506808455,0.19570349016073332,optimal,CLARABEL,-24956.223630161716,nan
P4_normal,15,0.176,0.412,2.340909090909091,A_peak_Q,AVG,summer,13,3.201044395399067e-17,0.17594699209053186,7.098900302154861,0.18626478017214604,optimal,CLARABEL,-24956.223630161716,nan
P4_normal,15,0.176,0.412,2.340909090909091,A_peak_Q,AVG,summer,14,1.0204794155656384e-15,0.17594699209053186,7.381360835854455,0.20174966970173996,optimal,CLARABEL,-24956.223630161716,nan
P4_normal,15,0.176,0.412,2.340909090909091,A_peak_Q,AVG,summer,15,0.07509344835593772,0.1591173776690571,7.44416815671727,0.20501445480453562,optimal,CLARABEL,-24956.223630161716,nan
P4_normal,15,0.176,0.412,2.340909090909091,A_peak_Q,AVG,summer,16,0.07913159401923617,0.15720747701039725,7.519106798643515,0.20928959874832503,optimal,CLARABEL,-24956.223630161716,nan
P4_normal,15,0.176,0.412,2.340909090909091,A_peak_Q,AVG,summer,17,0.021544278835054765,0.17467639808937335,7.721957364898593,0.22103789008870084,optimal,CLARABEL,-24956.223630161716,nan
P4_normal,15,0.176,0.412,2.340909090909091,A_peak_Q,AVG,summer,18,2.80289757086868e-16,0.17594699209053186,7.732218707639579,0.22186382944186406,optimal,CLARABEL,-24956.223630161716,nan
P4_normal,15,0.176,0.412,2.340909090909091,A_peak_Q,AVG,summer,19,1.1993075532088896e-16,0.17594699209053186,7.68616030198224,0.21916770993952484,optimal,CLARABEL,-24956.223630161716,nan
P4_normal,15,0.176,0.412,2.340909090909091,A_peak_Q,AVG,summer,20,1.0046496241383433e-16,0.17594699209053186,7.629289292084991,0.21586187705727522,optimal,CLARABEL,-24956.223630161716,nan
P4_normal,15,0.176,0.412,2.340909090909091,A_peak_Q,AVG,summer,21,2.756099410465992e-17,0.17594699209053186,7.417391091263835,0.20377028891111937,optimal,CLARABEL,-24956.223630161716,nan
P4_normal,15,0.176,0.412,2.340909090909091,A_peak_Q,AVG,summer,22,4.522237813878031e-18,0.17594699209053186,7.064762367647938,0.18443600005521676,optimal,CLARABEL,-24956.223630161716,nan
P4_normal,15,0.176,0.412,2.340909090909091,A_peak_Q,AVG,summer,23,-1.152320605716688e-17,0.1759469920905318,6.747206107986683,0.1678650207639699,optimal,CLARABEL,-24956.223630161716,nan
P4_normal,15,0.176,0.412,2.340909090909091,A_peak_Q,AVG,winter,0,0.12135913600126218,0.12746748647191697,6.6204366472504965,0.1618426753469281,optimal,CLARABEL,-28670.331671921824,nan
P4_normal,15,0.176,0.412,2.340909090909091,A_peak_Q,AVG,winter,1,1.891096733313575e-15,0.17594699209052042,6.2867127379165195,0.14524571676880546,optimal,CLARABEL,-28670.331671921824,nan
P4_normal,15,0.176,0.412,2.340909090909091,A_peak_Q,AVG,winter,2,-1.9425414090930057e-14,0.1759469920905132,6.058456503683248,0.13465115421551088,optimal,CLARABEL,-28670.331671921824,nan
P4_normal,15,0.176,0.412,2.340909090909091,A_peak_Q,AVG,winter,3,-0.10828075994422941,0.1387489712605974,6.039789665430919,0.13593580161501706,optimal,CLARABEL,-28670.331671921824,nan
P4_normal,15,0.176,0.412,2.340909090909091,A_peak_Q,AVG,winter,4,-0.12785088602105155,0.12093611979919344,6.006976372510152,0.13515433326019588,optimal,CLARABEL,-28670.331671921824,nan
P4_normal,15,0.176,0.412,2.340909090909091,A_peak_Q,AVG,winter,5,-0.09415958109728055,0.14869422748563682,6.020531677262647,0.13462656145328672,optimal,CLARABEL,-28670.331671921824,nan
P4_normal,15,0.176,0.412,2.340909090909091,A_peak_Q,AVG,winter,6,-1.1521126570369113e-05,0.1759469920905151,6.0958872625727185,0.1363606195909126,optimal,CLARABEL,-28670.331671921824,nan
P4_normal,15,0.176,0.412,2.340909090909091,A_peak_Q,AVG,winter,7,-1.152112654500067e-05,0.1759469920905213,6.4626675399302185,0.1536918849934413,optimal,CLARABEL,-28670.331671921824,nan
P4_normal,15,0.176,0.412,2.340909090909091,A_peak_Q,AVG,winter,8,-4.6406383757048495e-15,0.17594699209052597,7.037818231556107,0.18299909111338356,optimal,CLARABEL,-28670.331671921824,nan
P4_normal,15,0.176,0.412,2.340909090909091,A_peak_Q,AVG,winter,9,0.04694144531379423,0.1696245875804416,7.665155759148883,0.21760307477209026,optimal,CLARABEL,-28670.331671921824,nan
P4_normal,15,0.176,0.412,2.340909090909091,A_peak_Q,AVG,winter,10,0.13326875698537197,0.11495842035957977,7.619812212707568,0.21611389138750103,optimal,CLARABEL,-28670.331671921824,nan
P4_normal,15,0.176,0.412,2.340909090909091,A_peak_Q,AVG,winter,11,0.07913159401892363,0.15720747701054194,7.496568116206571,0.20800693893606037,optimal,CLARABEL,-28670.331671921824,nan
P4_normal,15,0.176,0.412,2.340909090909091,A_peak_Q,AVG,winter,12,1.260599891758377e-14,0.1759469920905278,7.306632757630637,0.19759158659292986,optimal,CLARABEL,-28670.331671921824,nan
P4_normal,15,0.176,0.412,2.340909090909091,A_peak_Q,AVG,winter,13,0.0,0.175946992090526,6.89690918342309,0.17557786506537326,optimal,CLARABEL,-28670.331671921824,nan
P4_normal,15,0.176,0.412,2.340909090909091,A_peak_Q,AVG,winter,14,1.8208473690682507e-16,0.17594699209052697,7.136643023750933,0.18829738375821803,optimal,CLARABEL,-28670.331671921824,nan
P4_normal,15,0.176,0.412,2.340909090909091,A_peak_Q,AVG,winter,15,1.349620105401505e-15,0.17594699209052747,7.263437857129249,0.1952082495315359,optimal,CLARABEL,-28670.331671921824,nan
P4_normal,15,0.176,0.412,2.340909090909091,A_peak_Q,AVG,winter,16,6.641784063173487e-15,0.175946992090528,7.396672364079789,0.20260710254207862,optimal,CLARABEL,-28670.331671921824,nan
P4_normal,15,0.176,0.412,2.340909090909091,A_peak_Q,AVG,winter,17,1.0903901482167885e-14,0.17594699209052853,7.594097070986969,0.21382905125426316,optimal,CLARABEL,-28670.331671921824,nan
P4_normal,15,0.176,0.412,2.340909090909091,A_peak_Q,AVG,winter,18,2.841524119236401e-15,0.17594699209052833,7.590488197466748,0.21362114135403337,optimal,CLARABEL,-28670.331671921824,nan
P4_normal,15,0.176,0.412,2.340909090909091,A_peak_Q,AVG,winter,19,6.751147095212396e-16,0.17594699209052791,7.484075794758459,0.20753716543574352,optimal,CLARABEL,-28670.331671921824,nan
P4_normal,15,0.176,0.412,2.340909090909091,A_peak_Q,AVG,winter,20,0.0,0.17594699209052733,7.312033218840548,0.19789060237283443,optimal,CLARABEL,-28670.331671921824,nan
P4_normal,15,0.176,0.412,2.340909090909091,A_peak_Q,AVG,winter,21,-5.26792413874783e-16,0.17594699209052625,7.0764400405326064,0.18506054117489013,optimal,CLARABEL,-28670.331671921824,nan
P4_normal,15,0.176,0.412,2.340909090909091,A_peak_Q,AVG,winter,22,-0.012947363193169026,0.1755231203754582,6.84664590916473,0.17312116252735482,optimal,CLARABEL,-28670.331671921824,nan
P4_normal,15,0.176,0.412,2.340909090909091,A_peak_Q,AVG,winter,23,-0.07985579333341968,0.15682038441231205,6.836717981925686,0.17396404572537702,optimal,CLARABEL,-28670.331671921824,nan
P4_normal,15,0.176,0.412,2.340909090909091,A_peak_Q,AVG,shoulder,0,0.1609009170036412,0.07132247126525698,5.794237193040816,0.12458325196956485,optimal,CLARABEL,-23760.396921742915,nan
P4_normal,15,0.176,0.412,2.340909090909091,A_peak_Q,AVG,shoulder,1,0.014981095500885454,0.17532281522643986,5.4708044100286095,0.10913404935778437,optimal,CLARABEL,-23760.396921742915,nan
P4_normal,15,0.176,0.412,2.340909090909091,A_peak_Q,AVG,shoulder,2,-8.080311443782752e-15,0.17594699209052356,5.288569408271571,0.10192292343884539,optimal,CLARABEL,-23760.396921742915,nan
P4_normal,15,0.176,0.412,2.340909090909091,A_peak_Q,AVG,shoulder,3,-0.12135913587367458,0.12746748659948617,5.307263342769015,0.10492581450154867,optimal,CLARABEL,-23760.396921742915,nan
P4_normal,15,0.176,0.412,2.340909090909091,A_peak_Q,AVG,shoulder,4,-0.15313531043512021,0.0867500818324508,5.295582639360779,0.10578450792371247,optimal,CLARABEL,-23760.396921742915,nan
P4_normal,15,0.176,0.412,2.340909090909091,A_peak_Q,AVG,shoulder,5,-0.11636906484760008,0.13199022334718002,5.295854389411783,0.10431000924514934,optimal,CLARABEL,-23760.396921742915,nan
P4_normal,15,0.176,0.412,2.340909090909091,A_peak_Q,AVG,shoulder,6,-1.1521126546883878e-05,0.17594699209052386,5.323994723480524,0.10332742694374003,optimal,CLARABEL,-23760.396921742915,nan
P4_normal,15,0.176,0.412,2.340909090909091,A_peak_Q,AVG,shoulder,7,-1.152112654657572e-05,0.17594699209052528,5.612108422672707,0.1151128320109217,optimal,CLARABEL,-23760.396921742915,nan
P4_normal,15,0.176,0.412,2.340909090909091,A_peak_Q,AVG,shoulder,8,-1.613615993719659e-15,0.17594699209052678,5.975641164251993,0.1309082189492733,optimal,CLARABEL,-23760.396921742915,nan
P4_normal,15,0.176,0.412,2.340909090909091,A_peak_Q,AVG,shoulder,9,8.733151679770585e-15,0.1759469920905279,6.314382268696797,0.14655777949409182,optimal,CLARABEL,-23760.396921742915,nan
P4_normal,15,0.176,0.412,2.340909090909091,A_peak_Q,AVG,shoulder,10,0.0867500818326001,0.1531353104350309,6.232049518102778,0.14252289118535716,optimal,CLARABEL,-23760.396921742915,nan
P4_normal,15,0.176,0.412,2.340909090909091,A_peak_Q,AVG,shoulder,11,0.06334152643002293,0.16420673259495386,6.155550888096398,0.138840912284325,optimal,CLARABEL,-23760.396921742915,nan
P4_normal,15,0.176,0.412,2.340909090909091,A_peak_Q,AVG,shoulder,12,5.355036707684664e-15,0.1759469920905274,6.040642003575431,0.13384147220772008,optimal,CLARABEL,-23760.396921742915,nan
P4_normal,15,0.176,0.412,2.340909090909091,A_peak_Q,AVG,shoulder,13,0.0,0.17594699209052653,5.7808460656485225,0.12231587854080518,optimal,CLARABEL,-23760.396921742915,nan
P4_normal,15,0.176,0.412,2.340909090909091,A_peak_Q,AVG,shoulder,14,7.429115953569418e-16,0.17594699209052728,6.056674936424075,0.13457006876636235,optimal,CLARABEL,-23760.396921742915,nan
P4_normal,15,0.176,0.412,2.340909090909091,A_peak_Q,AVG,shoulder,15,5.090845440068961e-15,0.1759469920905277,6.219796397802804,0.14209744453009637,optimal,CLARABEL,-23760.396921742915,nan
P4_normal,15,0.176,0.412,2.340909090909091,A_peak_Q,AVG,shoulder,16,0.004319256219211618,0.17594699209052705,6.369487061639798,0.1491436754705879,optimal,CLARABEL,-23760.396921742915,nan
P4_normal,15,0.176,0.412,2.340909090909091,A_peak_Q,AVG,shoulder,17,0.008421289225524107,0.17574547213131766,6.576841850076058,0.15921804981403886,optimal,CLARABEL,-23760.396921742915,nan
P4_normal,15,0.176,0.412,2.340909090909091,A_peak_Q,AVG,shoulder,18,7.793162338088793e-14,0.17594699209052844,6.647805693929474,0.1628413471618363,optimal,CLARABEL,-23760.396921742915,nan
P4_normal,15,0.176,0.412,2.340909090909091,A_peak_Q,AVG,shoulder,19,0.012947363193616628,0.17552312037543494,6.679288965616621,0.16429652654604332,optimal,CLARABEL,-23760.396921742915,nan
P4_normal,15,0.176,0.412,2.340909090909091,A_peak_Q,AVG,shoulder,20,2.6745623262022417e-14,0.17594699209052841,6.644225225663266,0.16266184251557614,optimal,CLARABEL,-23760.396921742915,nan
P4_normal,15,0.176,0.412,2.340909090909091,A_peak_Q,AVG,shoulder,21,1.2997656666577478e-15,0.17594699209052794,6.4563995118940385,0.15338671879632587,optimal,CLARABEL,-23760.396921742915,nan
P4_normal,15,0.176,0.412,2.340909090909091,A_peak_Q,AVG,shoulder,22,0.0,0.17594699209052747,6.246558509854106,0.14335232943139084,optimal,CLARABEL,-23760.396921742915,nan
P4_normal,15,0.176,0.412,2.340909090909091,A_peak_Q,AVG,shoulder,23,0.0,0.17594699209052708,6.107459817746775,0.13689121850405406,optimal,CLARABEL,-23760.396921742915,nan
P4_normal,15,0.176,0.412,2.340909090909091,A_peak_Q,PEAK,summer_peak,0,-0.012176801414231914,0.0015557355615958258,7.083078397320994,0.19159946415604912,optimal,CLARABEL,8.358096332351076,8.358096332351076
P4_normal,15,0.176,0.412,2.340909090909091,A_peak_Q,PEAK,summer_peak,1,-0.012880355675316563,0.0011782319529610825,6.360277862369371,0.15424114135849165,optimal,CLARABEL,8.358096332351076,8.358096332351076
P4_normal,15,0.176,0.412,2.340909090909091,A_peak_Q,PEAK,summer_peak,2,-0.013279777374575752,0.0010544933171512145,6.081228556930806,0.1409181767792423,optimal,CLARABEL,8.358096332351076,8.358096332351076
P4_normal,15,0.176,0.412,2.340909090909091,A_peak_Q,PEAK,summer_peak,3,-0.013729187438889415,0.0009767772340416503,5.907024643207939,0.1329122833024362,optimal,CLARABEL,8.358096332351076,8.358096332351076
P4_normal,15,0.176,0.412,2.340909090909091,A_peak_Q,PEAK,summer_peak,4,-0.014269406907321633,0.0009296790396301266,5.801661469367568,0.12818769118694828,optimal,CLARABEL,8.358096332351076,8.358096332351076
P4_normal,15,0.176,0.412,2.340909090909091,A_peak_Q,PEAK,summer_peak,5,-0.014901373719469438,0.0009251856359650297,5.7916511606347365,0.1277483532902575,optimal,CLARABEL,8.358096332351076,8.358096332351076
P4_normal,15,0.176,0.412,2.340909090909091,A_peak_Q,PEAK,summer_peak,6,-0.01563280918385078,0.0009727969334936953,5.8983493607743265,0.13253640392612032,optimal,CLARABEL,8.358096332351076,8.358096332351076
P4_normal,15,0.176,0.412,2.340909090909091,A_peak_Q,PEAK,summer_peak,7,-0.01641153880172004,0.0011229202880351555,6.23625895322218,0.14827596066418566,optimal,CLARABEL,8.358096332351076,8.358096332351076
P4_normal,15,0.176,0.412,2.340909090909091,A_peak_Q,PEAK,summer_peak,8,-0.01723832669682207,0.0013877566218090478,6.801044767357292,0.176582694809646,optimal,CLARABEL,8.358096332351076,8.358096332351076
P4_normal,15,0.176,0.412,2.340909090909091,A_peak_Q,PEAK,summer_peak,9,-0.017928125843027484,0.0018957424106471974,7.541552464689833,0.21750124366771978,optimal,CLARABEL,8.358096332351076,8.358096332351076
P4_normal,15,0.176,0.412,2.340909090909091,A_peak_Q,PEAK,summer_peak,10,-0.019048925138868716,0.002246767089209833,8.001348296437776,0.24510317453036928,optimal,CLARABEL,8.358096332351076,8.358096332351076
P4_normal,15,0.176,0.412,2.340909090909091,A_peak_Q,PEAK,summer_peak,11,-0.020972609115286908,0.0023405594245591937,8.17665590905208,0.2560911455825266,optimal,CLARABEL,8.358096332351076,8.358096332351076
P4_normal,15,0.176,0.412,2.340909090909091,A_peak_Q,PEAK,summer_peak,12,-0.02384915346320439,0.0023437601043781154,8.190658375318447,0.25701463596951557,optimal,CLARABEL,8.358096332351076,8.358096332351076
P4_normal,15,0.176,0.412,2.340909090909091,A_peak_Q,PEAK,summer_peak,13,-0.02802053429533214,0.002269151774695647,8.060892320168568,0.2489135487045543,optimal,CLARABEL,8.358096332351076,8.358096332351076
P4_normal,15,0.176,0.412,2.340909090909091,A_peak_Q,PEAK,summer_peak,14,-0.03251775460668867,0.0024424379220625275,8.394472973292006,0.2702097778648084,optimal,CLARABEL,8.358096332351076,8.358096332351076
P4_normal,15,0.176,0.412,2.340909090909091,A_peak_Q,PEAK,summer_peak,15,-0.03886012763563009,0.0027587664192621434,8.57334307519061,0.2820417895532286,optimal,CLARABEL,8.358096332351076,8.358096332351076
P4_normal,15,0.176,0.412,2.340909090909091,A_peak_Q,PEAK,summer_peak,16,-0.00902983466341594,0.011837914709399433,8.64088808279314,0.2857177579329901,optimal,CLARABEL,8.358096332351076,8.358096332351076
P4_normal,15,0.176,0.412,2.340909090909091,A_peak_Q,PEAK,summer_peak,17,0.13700076115561857,0.11040669051649946,8.644708421730122,0.27983209973276146,optimal,CLARABEL,8.358096332351076,8.358096332351076
P4_normal,15,0.176,0.412,2.340909090909091,A_peak_Q,PEAK,summer_peak,18,0.13881257156676402,0.10819100784389307,8.644616403478583,0.2799044535408356,optimal,CLARABEL,8.358096332351076,8.358096332351076
P4_normal,15,0.176,0.412,2.340909090909091,A_peak_Q,PEAK,summer_peak,19,0.07594445355492285,0.15870363078614488,8.647754496866991,0.27865717930476996,optimal,CLARABEL,8.358096332351076,8.358096332351076
P4_normal,15,0.176,0.412,2.340909090909091,A_peak_Q,PEAK,summer_peak,20,-0.0008430940159888721,0.08695088959535834,8.647365750680036,0.2826702404073107,optimal,CLARABEL,8.358096332351076,8.358096332351076
P4_normal,15,0.176,0.412,2.340909090909091,A_peak_Q,PEAK,summer_peak,21,-0.07038418106118097,0.0022987634834713503,8.425548417455065,0.27277306759190967,optimal,CLARABEL,8.358096332351076,8.358096332351076
P4_normal,15,0.176,0.412,2.340909090909091,A_peak_Q,PEAK,summer_peak,22,-0.06813918318349488,0.0020477723007037312,7.972800147879552,0.24398948773545032,optimal,CLARABEL,8.358096332351076,8.358096332351076
P4_normal,15,0.176,0.412,2.340909090909091,A_peak_Q,PEAK,summer_peak,23,-0.06743641514081983,0.0017351595693610954,7.539700154817344,0.21800766863453935,optimal,CLARABEL,8.358096332351076,8.358096332351076
P4_normal,15,0.176,0.412,2.340909090909091,A_peak_Q,PEAK,winter_peak,0,-0.019229804897722483,0.0015705449277130378,7.2057937873940165,0.1984320634458317,optimal,CLARABEL,8.092432992799369,8.092432992799369
P4_normal,15,0.176,0.412,2.340909090909091,A_peak_Q,PEAK,winter_peak,1,-0.019954484369923045,0.001313955708129167,6.737566354925994,0.17330632836158583,optimal,CLARABEL,8.092432992799369,8.092432992799369
P4_normal,15,0.176,0.412,2.340909090909091,A_peak_Q,PEAK,winter_peak,2,-0.020725566419711544,0.0011994126451258277,6.507253917957666,0.16158521894215727,optimal,CLARABEL,8.092432992799369,8.092432992799369
P4_normal,15,0.176,0.412,2.340909090909091,A_peak_Q,PEAK,winter_peak,3,-0.021756517299108963,0.0011327112455184543,6.370595402734688,0.15483300852270043,optimal,CLARABEL,8.092432992799369,8.092432992799369
P4_normal,15,0.176,0.412,2.340909090909091,A_peak_Q,PEAK,winter_peak,4,-0.023131859379640074,0.0010974903138116264,6.298768740186939,0.15135086147546173,optimal,CLARABEL,8.092432992799369,8.092432992799369
P4_normal,15,0.176,0.412,2.340909090909091,A_peak_Q,PEAK,winter_peak,5,-0.0249165490892823,0.001111007189375723,6.330151134503608,0.15289065412068092,optimal,CLARABEL,8.092432992799369,8.092432992799369
P4_normal,15,0.176,0.412,2.340909090909091,A_peak_Q,PEAK,winter_peak,6,-0.027241138437739024,0.0011881616023899826,6.495386664675978,0.16105771596682772,optimal,CLARABEL,8.092432992799369,8.092432992799369
P4_normal,15,0.176,0.412,2.340909090909091,A_peak_Q,PEAK,winter_peak,7,-0.030328089477673806,0.0013697377120584467,6.867060623478561,0.18019556128617703,optimal,CLARABEL,8.092432992799369,8.092432992799369
P4_normal,15,0.176,0.412,2.340909090909091,A_peak_Q,PEAK,winter_peak,8,-0.034683537617461645,0.0017341916429791959,7.490956581112284,0.214769955766928,optimal,CLARABEL,8.092432992799369,8.092432992799369
P4_normal,15,0.176,0.412,2.340909090909091,A_peak_Q,PEAK,winter_peak,9,-0.032591770478261665,0.0029148214085580153,8.323622204141946,0.26560262888248787,optimal,CLARABEL,8.092432992799369,8.092432992799369
P4_normal,15,0.176,0.412,2.340909090909091,A_peak_Q,PEAK,winter_peak,10,0.1755226919772526,0.012947499740348993,8.35824333483119,0.26515891895853116,optimal,CLARABEL,8.092432992799369,8.092432992799369
P4_normal,15,0.176,0.412,2.340909090909091,A_peak_Q,PEAK,winter_peak,11,0.14150874240216413,0.011030193033281739,8.355918919875302,0.26538234302744756,optimal,CLARABEL,8.092432992799369,8.092432992799369
P4_normal,15,0.176,0.412,2.340909090909091,A_peak_Q,PEAK,winter_peak,12,-0.0088402045519324,0.006020576988560226,8.342341474438575,0.2663599003952716,optimal,CLARABEL,8.092432992799369,8.092432992799369
P4_normal,15,0.176,0.412,2.340909090909091,A_peak_Q,PEAK,winter_peak,13,-0.061901709421704,0.0020312839037463803,8.006844918349268,0.24601081458304158,optimal,CLARABEL,8.092432992799369,8.092432992799369
P4_normal,15,0.176,0.412,2.340909090909091,A_peak_Q,PEAK,winter_peak,14,-0.05743427773731191,0.002313685411843068,8.229726483148175,0.25994894597826135,optimal,CLARABEL,8.092432992799369,8.092432992799369
P4_normal,15,0.176,0.412,2.340909090909091,A_peak_Q,PEAK,winter_peak,15,-0.05114226164747564,0.002707935552656848,8.316464307543908,0.2654032215164569,optimal,CLARABEL,8.092432992799369,8.092432992799369
P4_normal,15,0.176,0.412,2.340909090909091,A_peak_Q,PEAK,winter_peak,16,-0.009321679188836487,0.0051545548925608625,8.343796443752746,0.26649891016161387,optimal,CLARABEL,8.092432992799369,8.092432992799369
P4_normal,15,0.176,0.412,2.340909090909091,A_peak_Q,PEAK,winter_peak,17,0.12298382532001875,0.01009227511638161,8.332325465296906,0.2640760098358983,optimal,CLARABEL,8.092432992799369,8.092432992799369
P4_normal,15,0.176,0.412,2.340909090909091,A_peak_Q,PEAK,winter_peak,18,0.009450913781331012,0.005712043142933889,8.350725546598918,0.2666855239691486,optimal,CLARABEL,8.092432992799369,8.092432992799369
P4_normal,15,0.176,0.412,2.340909090909091,A_peak_Q,PEAK,winter_peak,19,-0.04205897883415244,0.0022825649509187734,8.166785589321737,0.2557451779370894,optimal,CLARABEL,8.092432992799369,8.092432992799369
P4_normal,15,0.176,0.412,2.340909090909091,A_peak_Q,PEAK,winter_peak,20,-0.03917853196111149,0.002041336818507509,7.910734226772815,0.23979173720255842,optimal,CLARABEL,8.092432992799369,8.092432992799369
P4_normal,15,0.176,0.412,2.340909090909091,A_peak_Q,PEAK,winter_peak,21,-0.03727869055014759,0.0018161063916093752,7.612924915373011,0.22191131113522988,optimal,CLARABEL,8.092432992799369,8.092432992799369
P4_normal,15,0.176,0.412,2.340909090909091,A_peak_Q,PEAK,winter_peak,22,-0.03620351372913959,0.001620402124006394,7.323054685923079,0.20519358710033253,optimal,CLARABEL,8.092432992799369,8.092432992799369
P4_normal,15,0.176,0.412,2.340909090909091,A_peak_Q,PEAK,winter_peak,23,-0.035638803009843546,0.0015567745493655356,7.217963397324342,0.19929502198999888,optimal,CLARABEL,8.092432992799369,8.092432992799369
P4_normal,15,0.176,0.412,2.340909090909091,B_peak_PQ,AVG,summer,0,0.15964625840689906,0.07397522398744154,6.283745388873398,0.14686856026953155,optimal,CLARABEL,-25932.505398996094,nan
P4_normal,15,0.176,0.412,2.340909090909091,B_peak_PQ,AVG,summer,1,0.01623571906051089,0.17519924559137354,5.885919681613821,0.12677895242127635,optimal,CLARABEL,-25932.505398996094,nan
P4_normal,15,0.176,0.412,2.340909090909091,B_peak_PQ,AVG,summer,2,-3.89383312129803e-16,0.17594699209053158,5.668024657419895,0.11747506524717584,optimal,CLARABEL,-25932.505398996094,nan
P4_normal,15,0.176,0.412,2.340909090909091,B_peak_PQ,AVG,summer,3,-0.05520798631023067,0.16711695978436472,5.580890638644472,0.11452673612354927,optimal,CLARABEL,-25932.505398996094,nan
P4_normal,15,0.176,0.412,2.340909090909091,B_peak_PQ,AVG,summer,4,-0.14389492711468166,0.1013422416895359,5.5872978506495565,0.11738098333331475,optimal,CLARABEL,-25932.505398996094,nan
P4_normal,15,0.176,0.412,2.340909090909091,B_peak_PQ,AVG,summer,5,-0.14389492711468121,0.10134224168953654,5.581082353260346,0.11711717227910673,optimal,CLARABEL,-25932.505398996094,nan
P4_normal,15,0.176,0.412,2.340909090909091,B_peak_PQ,AVG,summer,6,-0.047871902557195756,0.16934233646151509,5.571557916173233,0.11401113202739194,optimal,CLARABEL,-25932.505398996094,nan
P4_normal,15,0.176,0.412,2.340909090909091,B_peak_PQ,AVG,summer,7,-1.1521126548691396e-05,0.17594699209053158,5.812857654994032,0.12370761980224734,optimal,CLARABEL,-25932.505398996094,nan
P4_normal,15,0.176,0.412,2.340909090909091,B_peak_PQ,AVG,summer,8,-1.152112654835062e-05,0.1759469920905316,6.27423073500923,0.14465591102744307,optimal,CLARABEL,-25932.505398996094,nan
P4_normal,15,0.176,0.412,2.340909090909091,B_peak_PQ,AVG,summer,9,-6.539121661189825e-17,0.17594699209053163,6.873589870431263,0.17436481560354763,optimal,CLARABEL,-25932.505398996094,nan
P4_normal,15,0.176,0.412,2.340909090909091,B_peak_PQ,AVG,summer,10,0.0,0.1759469920905317,7.210365507169384,0.19230011296666993,optimal,CLARABEL,-25932.505398996094,nan
P4_normal,15,0.176,0.412,2.340909090909091,B_peak_PQ,AVG,summer,11,1.917315379537887e-16,0.17594699209053172,7.316533789768089,0.19813996877536968,optimal,CLARABEL,-25932.505398996094,nan
P4_normal,15,0.176,0.412,2.340909090909091,B_peak_PQ,AVG,summer,12,1.0311652425020905e-16,0.17594699209053172,7.272435506808441,0.19570349016072364,optimal,CLARABEL,-25932.505398996094,nan
P4_normal,15,0.176,0.412,2.340909090909091,B_peak_PQ,AVG,summer,13,0.0,0.17594699209053172,7.098900302154881,0.18626478017216813,optimal,CLARABEL,-25932.505398996094,nan
P4_normal,15,0.176,0.412,2.340909090909091,B_peak_PQ,AVG,summer,14,7.346946300465433e-16,0.17594699209053172,7.381360835854299,0.20174966970158198,optimal,CLARABEL,-25932.505398996094,nan
P4_normal,15,0.176,0.412,2.340909090909091,B_peak_PQ,AVG,summer,15,0.07132247126486244,0.16090091700382797,7.448261107544954,0.20522171085275892,optimal,CLARABEL,-25932.505398996094,nan
P4_normal,15,0.176,0.412,2.340909090909091,B_peak_PQ,AVG,summer,16,0.07913159401920199,0.1572074770104148,7.519106798643542,0.2092895987483171,optimal,CLARABEL,-25932.505398996094,nan
P4_normal,15,0.176,0.412,2.340909090909091,B_peak_PQ,AVG,summer,17,0.025315045315261495,0.17411705771975589,7.717802664529827,0.2207686474977786,optimal,CLARABEL,-25932.505398996094,nan
P4_normal,15,0.176,0.412,2.340909090909091,B_peak_PQ,AVG,summer,18,4.736837590783263e-16,0.17594699209053175,7.732218707639343,0.22186382944162725,optimal,CLARABEL,-25932.505398996094,nan
P4_normal,15,0.176,0.412,2.340909090909091,B_peak_PQ,AVG,summer,19,1.3622451016773675e-16,0.17594699209053175,7.686160301982158,0.21916770993943674,optimal,CLARABEL,-25932.505398996094,nan
P4_normal,15,0.176,0.412,2.340909090909091,B_peak_PQ,AVG,summer,20,9.654104087124702e-17,0.17594699209053175,7.629289292084934,0.21586187705721488,optimal,CLARABEL,-25932.505398996094,nan
P4_normal,15,0.176,0.412,2.340909090909091,B_peak_PQ,AVG,summer,21,0.0,0.17594699209053172,7.417391091263783,0.20377028891106727,optimal,CLARABEL,-25932.505398996094,nan
P4_normal,15,0.176,0.412,2.340909090909091,B_peak_PQ,AVG,summer,22,0.0,0.1759469920905317,7.06476236764789,0.1844360000551698,optimal,CLARABEL,-25932.505398996094,nan
P4_normal,15,0.176,0.412,2.340909090909091,B_peak_PQ,AVG,summer,23,-4.84414790575614e-17,0.17594699209053163,6.747206107986677,0.1678650207639628,optimal,CLARABEL,-25932.505398996094,nan
P4_normal,15,0.176,0.412,2.340909090909091,B_peak_PQ,AVG,winter,0,0.1274674865997883,0.12135913587334897,6.6139717156194795,0.1616693448322598,optimal,CLARABEL,-29749.197949838817,nan
P4_normal,15,0.176,0.412,2.340909090909091,B_peak_PQ,AVG,winter,1,1.9701641544464e-15,0.175946992090522,6.28671273788823,0.14524571674051256,optimal,CLARABEL,-29749.197949838817,nan
P4_normal,15,0.176,0.412,2.340909090909091,B_peak_PQ,AVG,winter,2,-2.9516592974778077e-14,0.1759469920905189,6.058456503683291,0.13465115421554585,optimal,CLARABEL,-29749.197949838817,nan
P4_normal,15,0.176,0.412,2.340909090909091,B_peak_PQ,AVG,winter,3,-0.11043542727419974,0.13698068148159712,6.042055157371957,0.13611265642646014,optimal,CLARABEL,-29749.197949838817,nan
P4_normal,15,0.176,0.412,2.340909090909091,B_peak_PQ,AVG,winter,4,-0.1324823380353269,0.11582609996066898,6.011889349742956,0.135575154816237,optimal,CLARABEL,-29749.197949838817,nan
P4_normal,15,0.176,0.412,2.340909090909091,B_peak_PQ,AVG,winter,5,-0.0941595810997699,0.14869422748414893,6.0205316772641755,0.13462656145239923,optimal,CLARABEL,-29749.197949838817,nan
P4_normal,15,0.176,0.412,2.340909090909091,B_peak_PQ,AVG,winter,6,-1.1521126564374854e-05,0.17594699209051953,6.095887262572741,0.13636061959093937,optimal,CLARABEL,-29749.197949838817,nan
P4_normal,15,0.176,0.412,2.340909090909091,B_peak_PQ,AVG,winter,7,-1.152112654682686e-05,0.1759469920905226,6.462667539930243,0.15369188499346367,optimal,CLARABEL,-29749.197949838817,nan
P4_normal,15,0.176,0.412,2.340909090909091,B_peak_PQ,AVG,winter,8,-5.442033926369921e-15,0.17594699209052603,7.037818231556099,0.18299909111337742,optimal,CLARABEL,-29749.197949838817,nan
P4_normal,15,0.176,0.412,2.340909090909091,B_peak_PQ,AVG,winter,9,0.06215494275048145,0.16463129902431606,7.648528408742827,0.2166464192688176,optimal,CLARABEL,-29749.197949838817,nan
P4_normal,15,0.176,0.412,2.340909090909091,B_peak_PQ,AVG,winter,10,0.13874897126239366,0.10828075994203776,7.614039309702267,0.21598560908753545,optimal,CLARABEL,-29749.197949838817,nan
P4_normal,15,0.176,0.412,2.340909090909091,B_peak_PQ,AVG,winter,11,0.0867500818298682,0.15313531043650352,7.488320413521586,0.2076062786963528,optimal,CLARABEL,-29749.197949838817,nan
P4_normal,15,0.176,0.412,2.340909090909091,B_peak_PQ,AVG,winter,12,1.565191909747533e-14,0.17594699209052722,7.306632757626937,0.19759158658923504,optimal,CLARABEL,-29749.197949838817,nan
P4_normal,15,0.176,0.412,2.340909090909091,B_peak_PQ,AVG,winter,13,0.0,0.17594699209052606,6.896909183423149,0.17557786506542905,optimal,CLARABEL,-29749.197949838817,nan
P4_normal,15,0.176,0.412,2.340909090909091,B_peak_PQ,AVG,winter,14,0.0,0.1759469920905267,7.136643023750925,0.18829738375821065,optimal,CLARABEL,-29749.197949838817,nan
P4_normal,15,0.176,0.412,2.340909090909091,B_peak_PQ,AVG,winter,15,1.1194020802902825e-15,0.175946992090527,7.2634378571291816,0.1952082495314671,optimal,CLARABEL,-29749.197949838817,nan
P4_normal,15,0.176,0.412,2.340909090909091,B_peak_PQ,AVG,winter,16,8.65517439323719e-15,0.17594699209052733,7.396672364079781,0.20260710254207498,optimal,CLARABEL,-29749.197949838817,nan
P4_normal,15,0.176,0.412,2.340909090909091,B_peak_PQ,AVG,winter,17,2.5325858711353907e-14,0.17594699209052764,7.594097070986908,0.2138290512542178,optimal,CLARABEL,-29749.197949838817,nan
P4_normal,15,0.176,0.412,2.340909090909091,B_peak_PQ,AVG,winter,18,4.178374251187698e-15,0.17594699209052753,7.590488197466832,0.21362114135412244,optimal,CLARABEL,-29749.197949838817,nan
P4_normal,15,0.176,0.412,2.340909090909091,B_peak_PQ,AVG,winter,19,6.865100204227836e-16,0.1759469920905273,7.484075794758531,0.2075371654358113,optimal,CLARABEL,-29749.197949838817,nan
P4_normal,15,0.176,0.412,2.340909090909091,B_peak_PQ,AVG,winter,20,0.0,0.1759469920905269,7.312033218840521,0.19789060237280837,optimal,CLARABEL,-29749.197949838817,nan
P4_normal,15,0.176,0.412,2.340909090909091,B_peak_PQ,AVG,winter,21,-3.140282295122055e-16,0.17594699209052625,7.076440040532645,0.18506054117493198,optimal,CLARABEL,-29749.197949838817,nan
P4_normal,15,0.176,0.412,2.340909090909091,B_peak_PQ,AVG,winter,22,-0.03008929242152557,0.17340886506048717,6.864452403765003,0.17429998577612138,optimal,CLARABEL,-29749.197949838817,nan
P4_normal,15,0.176,0.412,2.340909090909091,B_peak_PQ,AVG,winter,23,-0.09415958109908618,0.14869422748456504,6.851810161940268,0.17518100447915508,optimal,CLARABEL,-29749.197949838817,nan
P4_normal,15,0.176,0.412,2.340909090909091,B_peak_PQ,AVG,shoulder,0,0.16090091700382222,0.07132247126487631,5.794237193040625,0.12458325196955995,optimal,CLARABEL,-24427.512539716212,nan
P4_normal,15,0.176,0.412,2.340909090909091,B_peak_PQ,AVG,shoulder,1,0.014981095500723022,0.17532281522646215,5.470804410028868,0.10913404935787537,optimal,CLARABEL,-24427.512539716212,nan
P4_normal,15,0.176,0.412,2.340909090909091,B_peak_PQ,AVG,shoulder,2,-1.8651234181879553e-16,0.17594699209053155,5.288569408271563,0.10192292343884259,optimal,CLARABEL,-24427.512539716212,nan
P4_normal,15,0.176,0.412,2.340909090909091,B_peak_PQ,AVG,shoulder,3,-0.12135913587372618,0.12746748659945548,5.307263342769077,0.10492581450156105,optimal,CLARABEL,-24427.512539716212,nan
P4_normal,15,0.176,0.412,2.340909090909091,B_peak_PQ,AVG,shoulder,4,-0.15313531043513343,0.08675008183244134,5.295582639360782,0.10578450792370082,optimal,CLARABEL,-24427.512539716212,nan
P4_normal,15,0.176,0.412,2.340909090909091,B_peak_PQ,AVG,shoulder,5,-0.11636906484756954,0.13199022334721722,5.295854389411744,0.10431000924514304,optimal,CLARABEL,-24427.512539716212,nan
P4_normal,15,0.176,0.412,2.340909090909091,B_peak_PQ,AVG,shoulder,6,-1.1521126548756163e-05,0.17594699209053158,5.323994723480502,0.10332742694371777,optimal,CLARABEL,-24427.512539716212,nan
P4_normal,15,0.176,0.412,2.340909090909091,B_peak_PQ,AVG,shoulder,7,-1.1521126548772767e-05,0.1759469920905317,5.612108422672743,0.11511283201095726,optimal,CLARABEL,-24427.512539716212,nan
P4_normal,15,0.176,0.412,2.340909090909091,B_peak_PQ,AVG,shoulder,8,-4.76020856447285e-17,0.17594699209053177,5.975641164252018,0.13090821894930105,optimal,CLARABEL,-24427.512539716212,nan
P4_normal,15,0.176,0.412,2.340909090909091,B_peak_PQ,AVG,shoulder,9,2.035568533462712e-16,0.1759469920905318,6.314382268696807,0.14655777949409088,optimal,CLARABEL,-24427.512539716212,nan
P4_normal,15,0.176,0.412,2.340909090909091,B_peak_PQ,AVG,shoulder,10,0.0791315940192095,0.1572074770104109,6.240224663718423,0.14285099435320991,optimal,CLARABEL,-24427.512539716212,nan
P4_normal,15,0.176,0.412,2.340909090909091,B_peak_PQ,AVG,shoulder,11,0.0469414453155802,0.1696245875799974,6.173255500796591,0.1396534414366402,optimal,CLARABEL,-24427.512539716212,nan
P4_normal,15,0.176,0.412,2.340909090909091,B_peak_PQ,AVG,shoulder,12,8.536256129651917e-17,0.17594699209053177,6.040642003576386,0.13384147220867376,optimal,CLARABEL,-24427.512539716212,nan
P4_normal,15,0.176,0.412,2.340909090909091,B_peak_PQ,AVG,shoulder,13,0.0,0.17594699209053177,5.780846065648493,0.12231587854077677,optimal,CLARABEL,-24427.512539716212,nan
P4_normal,15,0.176,0.412,2.340909090909091,B_peak_PQ,AVG,shoulder,14,2.184083242052377e-17,0.1759469920905318,6.056674936424089,0.13457006876637612,optimal,CLARABEL,-24427.512539716212,nan
P4_normal,15,0.176,0.412,2.340909090909091,B_peak_PQ,AVG,shoulder,15,9.588760705393261e-17,0.1759469920905318,6.2197963978028925,0.14209744453017892,optimal,CLARABEL,-24427.512539716212,nan
P4_normal,15,0.176,0.412,2.340909090909091,B_peak_PQ,AVG,shoulder,16,1.018778555277786e-14,0.17594699209053177,6.374205726790182,0.1494150969524773,optimal,CLARABEL,-24427.512539716212,nan
P4_normal,15,0.176,0.412,2.340909090909091,B_peak_PQ,AVG,shoulder,17,0.01570459094487393,0.17525155714484528,6.568883974200694,0.15876177408169703,optimal,CLARABEL,-24427.512539716212,nan
P4_normal,15,0.176,0.412,2.340909090909091,B_peak_PQ,AVG,shoulder,18,0.004319256220042246,0.17594699209053144,6.6430742704090475,0.16255716731068887,optimal,CLARABEL,-24427.512539716212,nan
P4_normal,15,0.176,0.412,2.340909090909091,B_peak_PQ,AVG,shoulder,19,0.02967721790244488,0.1734699905412235,6.661025467195274,0.16326507039642835,optimal,CLARABEL,-24427.512539716212,nan
P4_normal,15,0.176,0.412,2.340909090909091,B_peak_PQ,AVG,shoulder,20,1.8005036724573152e-15,0.1759469920905318,6.644225225663109,0.16266184251539367,optimal,CLARABEL,-24427.512539716212,nan
P4_normal,15,0.176,0.412,2.340909090909091,B_peak_PQ,AVG,shoulder,21,4.105325715218524e-17,0.17594699209053177,6.456399511894054,0.1533867187963377,optimal,CLARABEL,-24427.512539716212,nan
P4_normal,15,0.176,0.412,2.340909090909091,B_peak_PQ,AVG,shoulder,22,2.5600022662157053e-18,0.17594699209053177,6.246558509854064,0.14335232943134912,optimal,CLARABEL,-24427.512539716212,nan
P4_normal,15,0.176,0.412,2.340909090909091,B_peak_PQ,AVG,shoulder,23,0.0,0.17594699209053177,6.107459817746794,0.13689121850407499,optimal,CLARABEL,-24427.512539716212,nan
P4_normal,15,0.176,0.412,2.340909090909091,B_peak_PQ,PEAK,summer_peak,0,-0.012291369233280322,0.0015349854640305802,7.08320159968009,0.1916082038079677,optimal,CLARABEL,8.348942357368557,8.348942357368557
P4_normal,15,0.176,0.412,2.340909090909091,B_peak_PQ,PEAK,summer_peak,1,-0.013000990078749483,0.0011598515304024409,6.3604064943583625,0.15424920323586394,optimal,CLARABEL,8.348942357368557,8.348942357368557
P4_normal,15,0.176,0.412,2.340909090909091,B_peak_PQ,PEAK,summer_peak,2,-0.013406835009383472,0.0010363540016667884,6.081363608847022,0.14092622521335915,optimal,CLARABEL,8.348942357368557,8.348942357368557
P4_normal,15,0.176,0.412,2.340909090909091,B_peak_PQ,PEAK,summer_peak,3,-0.013864949047022915,0.0009594209638624005,5.907168627583826,0.132920552506884,optimal,CLARABEL,8.348942357368557,8.348942357368557
P4_normal,15,0.176,0.412,2.340909090909091,B_peak_PQ,PEAK,summer_peak,4,-0.014417635406187942,0.0009130113773476006,5.80181844043115,0.128196474952128,optimal,CLARABEL,8.348942357368557,8.348942357368557
P4_normal,15,0.176,0.412,2.340909090909091,B_peak_PQ,PEAK,summer_peak,5,-0.01506718160850358,0.0009085834442585099,5.791826673211392,0.1277580976856359,optimal,CLARABEL,8.348942357368557,8.348942357368557
P4_normal,15,0.176,0.412,2.340909090909091,B_peak_PQ,PEAK,summer_peak,6,-0.015822526666614586,0.000955463245203532,5.898550355956027,0.1325477241091324,optimal,CLARABEL,8.348942357368557,8.348942357368557
P4_normal,15,0.176,0.412,2.340909090909091,B_peak_PQ,PEAK,summer_peak,7,-0.016632325280727167,0.0011044342720872098,6.236493624510201,0.1482898977702265,optimal,CLARABEL,8.348942357368557,8.348942357368557
P4_normal,15,0.176,0.412,2.340909090909091,B_peak_PQ,PEAK,summer_peak,8,-0.017495727452957174,0.0013692172824455464,6.801319844890565,0.17660043981006981,optimal,CLARABEL,8.348942357368557,8.348942357368557
P4_normal,15,0.176,0.412,2.340909090909091,B_peak_PQ,PEAK,summer_peak,9,-0.01823559200177273,0.0018671998270138462,7.541883816530791,0.21752526751443618,optimal,CLARABEL,8.348942357368557,8.348942357368557
P4_normal,15,0.176,0.412,2.340909090909091,B_peak_PQ,PEAK,summer_peak,10,-0.019386604322312526,0.0022225507302703782,8.001713679907429,0.2451310305422953,optimal,CLARABEL,8.348942357368557,8.348942357368557
P4_normal,15,0.176,0.412,2.340909090909091,B_peak_PQ,PEAK,summer_peak,11,-0.021348874185189923,0.0023291009349860623,8.177063158884833,0.25612223614539575,optimal,CLARABEL,8.348942357368557,8.348942357368557
P4_normal,15,0.176,0.412,2.340909090909091,B_peak_PQ,PEAK,summer_peak,12,-0.024343845564445854,0.0023332410301975686,8.19119375399686,0.2570554224362773,optimal,CLARABEL,8.348942357368557,8.348942357368557
P4_normal,15,0.176,0.412,2.340909090909091,B_peak_PQ,PEAK,summer_peak,13,-0.028740365339377252,0.0022467408540763085,8.06167075993279,0.24897227879029918,optimal,CLARABEL,8.348942357368557,8.348942357368557
P4_normal,15,0.176,0.412,2.340909090909091,B_peak_PQ,PEAK,summer_peak,14,-0.03328664945043602,0.0024540719133151513,8.39530584395099,0.2702737913814787,optimal,CLARABEL,8.348942357368557,8.348942357368557
P4_normal,15,0.176,0.412,2.340909090909091,B_peak_PQ,PEAK,summer_peak,15,-0.03834418595671984,0.0028647484125003233,8.572777698715825,0.2819920828555145,optimal,CLARABEL,8.348942357368557,8.348942357368557
P4_normal,15,0.176,0.412,2.340909090909091,B_peak_PQ,PEAK,summer_peak,16,-0.002833513315297735,0.024678592473671997,8.634047179280753,0.28458872607110886,optimal,CLARABEL,8.348942357368557,8.348942357368557
P4_normal,15,0.176,0.412,2.340909090909091,B_peak_PQ,PEAK,summer_peak,17,0.13423707750871194,0.1137762448752872,8.647630078950243,0.2799066699835484,optimal,CLARABEL,8.348942357368557,8.348942357368557
P4_normal,15,0.176,0.412,2.340909090909091,B_peak_PQ,PEAK,summer_peak,18,0.13589119184967924,0.11175966630620393,8.647701782762265,0.2799823107075861,optimal,CLARABEL,8.348942357368557,8.348942357368557
P4_normal,15,0.176,0.412,2.340909090909091,B_peak_PQ,PEAK,summer_peak,19,0.0783545930256736,0.1575709615625708,8.645117142576634,0.27850110523338234,optimal,CLARABEL,8.348942357368557,8.348942357368557
P4_normal,15,0.176,0.412,2.340909090909091,B_peak_PQ,PEAK,summer_peak,20,0.003274222521850198,0.1759462310116635,8.641687256615473,0.27851134523072507,optimal,CLARABEL,8.348942357368557,8.348942357368557
P4_normal,15,0.176,0.412,2.340909090909091,B_peak_PQ,PEAK,summer_peak,21,-0.07047321154720812,0.002312559055680121,8.425644400607526,0.27278000814674064,optimal,CLARABEL,8.348942357368557,8.348942357368557
P4_normal,15,0.176,0.412,2.340909090909091,B_peak_PQ,PEAK,summer_peak,22,-0.06831462751629891,0.0020169172532459342,7.972991075748727,0.24400500116670085,optimal,CLARABEL,8.348942357368557,8.348942357368557
P4_normal,15,0.176,0.412,2.340909090909091,B_peak_PQ,PEAK,summer_peak,23,-0.0676266402910868,0.0017053747682246442,7.53990601818362,0.21802333145574693,optimal,CLARABEL,8.348942357368557,8.348942357368557
P4_normal,15,0.176,0.412,2.340909090909091,B_peak_PQ,PEAK,winter_peak,0,-0.019619945325038565,0.0016187216125022792,7.206209562483275,0.19845761909847892,optimal,CLARABEL,8.077528961999002,8.077528961999002
P4_normal,15,0.176,0.412,2.340909090909091,B_peak_PQ,PEAK,winter_peak,1,-0.020367084804888663,0.0013635675183247603,6.738004198091042,0.17333149967833456,optimal,CLARABEL,8.077528961999002,8.077528961999002
P4_normal,15,0.176,0.412,2.340909090909091,B_peak_PQ,PEAK,winter_peak,2,-0.021166826143822814,0.0012474544287818673,6.507721353503442,0.16161133325063815,optimal,CLARABEL,8.077528961999002,8.077528961999002
P4_normal,15,0.176,0.412,2.340909090909091,B_peak_PQ,PEAK,winter_peak,3,-0.022238883880697072,0.0011787398644821584,6.371105966747842,0.1548611534384131,optimal,CLARABEL,8.077528961999002,8.077528961999002
P4_normal,15,0.176,0.412,2.340909090909091,B_peak_PQ,PEAK,winter_peak,4,-0.0236726916015383,0.0011421307865324604,6.299341058115679,0.15138230171785302,optimal,CLARABEL,8.077528961999002,8.077528961999002
P4_normal,15,0.176,0.412,2.340909090909091,B_peak_PQ,PEAK,winter_peak,5,-0.025541579251002935,0.0011560404377282286,6.3308130038292845,0.15292745154458037,optimal,CLARABEL,8.077528961999002,8.077528961999002
P4_normal,15,0.176,0.412,2.340909090909091,B_peak_PQ,PEAK,winter_peak,6,-0.027997745031111673,0.0012353908687391466,6.496189434421564,0.16110383883010826,optimal,CLARABEL,8.077528961999002,8.077528961999002
P4_normal,15,0.176,0.412,2.340909090909091,B_peak_PQ,PEAK,winter_peak,7,-0.03132133218366435,0.0014180498403167721,6.868118847000861,0.18026050704802063,optimal,CLARABEL,8.077528961999002,8.077528961999002
P4_normal,15,0.176,0.412,2.340909090909091,B_peak_PQ,PEAK,winter_peak,8,-0.036200013876968584,0.001779268813818196,7.492583557226232,0.21488044446152693,optimal,CLARABEL,8.077528961999002,8.077528961999002
P4_normal,15,0.176,0.412,2.340909090909091,B_peak_PQ,PEAK,winter_peak,9,-0.028959324709238295,0.003251801484334476,8.319673318183114,0.2652846312330772,optimal,CLARABEL,8.077528961999002,8.077528961999002
P4_normal,15,0.176,0.412,2.340909090909091,B_peak_PQ,PEAK,winter_peak,10,0.17594355956985785,0.004383938712908166,8.35819745578879,0.26554657598641934,optimal,CLARABEL,8.077528961999002,8.077528961999002
P4_normal,15,0.176,0.412,2.340909090909091,B_peak_PQ,PEAK,winter_peak,11,0.14520904188512465,0.010544221554384958,8.351951680129815,0.265116810019716,optimal,CLARABEL,8.077528961999002,8.077528961999002
P4_normal,15,0.176,0.412,2.340909090909091,B_peak_PQ,PEAK,winter_peak,12,-0.001870344319804651,0.006551592869941581,8.334871107323096,0.265766766591839,optimal,CLARABEL,8.077528961999002,8.077528961999002
P4_normal,15,0.176,0.412,2.340909090909091,B_peak_PQ,PEAK,winter_peak,13,-0.06587962772465253,0.002054620733732819,8.011142569087074,0.24633058564384708,optimal,CLARABEL,8.077528961999002,8.077528961999002
P4_normal,15,0.176,0.412,2.340909090909091,B_peak_PQ,PEAK,winter_peak,14,-0.06047541419228963,0.002351696637202167,8.233018115971536,0.26019946861732945,optimal,CLARABEL,8.077528961999002,8.077528961999002
P4_normal,15,0.176,0.412,2.340909090909091,B_peak_PQ,PEAK,winter_peak,15,-0.049686956318412016,0.002969339020966417,8.31487526563367,0.2652689747853616,optimal,CLARABEL,8.077528961999002,8.077528961999002
P4_normal,15,0.176,0.412,2.340909090909091,B_peak_PQ,PEAK,winter_peak,16,0.001672465716149714,0.005664682883363021,8.331965316662837,0.26557481626509266,optimal,CLARABEL,8.077528961999002,8.077528961999002
P4_normal,15,0.176,0.412,2.340909090909091,B_peak_PQ,PEAK,winter_peak,17,0.10942151829750091,0.009240789775268017,8.346997476574842,0.2651864309489853,optimal,CLARABEL,8.077528961999002,8.077528961999002
P4_normal,15,0.176,0.412,2.340909090909091,B_peak_PQ,PEAK,winter_peak,18,0.019096644266680965,0.0060613691710057205,8.340250803818524,0.26587610715054577,optimal,CLARABEL,8.077528961999002,8.077528961999002
P4_normal,15,0.176,0.412,2.340909090909091,B_peak_PQ,PEAK,winter_peak,19,-0.04391773705538771,0.0023134215509400423,8.168794865578803,0.2558957260792235,optimal,CLARABEL,8.077528961999002,8.077528961999002
P4_normal,15,0.176,0.412,2.340909090909091,B_peak_PQ,PEAK,winter_peak,20,-0.040881347191279865,0.0020817976076071797,7.912569478089772,0.23992417847981956,optimal,CLARABEL,8.077528961999002,8.077528961999002
P4_normal,15,0.176,0.412,2.340909090909091,B_peak_PQ,PEAK,winter_peak,21,-0.03885810637166559,0.001863639431935275,7.614621579120068,0.22202854546792936,optimal,CLARABEL,8.077528961999002,8.077528961999002
P4_normal,15,0.176,0.412,2.340909090909091,B_peak_PQ,PEAK,winter_peak,22,-0.03772083580025042,0.0016687272432237101,7.324679800773401,0.20530136043023434,optimal,CLARABEL,8.077528961999002,8.077528961999002
P4_normal,15,0.176,0.412,2.340909090909091,B_peak_PQ,PEAK,winter_peak,23,-0.03712604234244304,0.0016055498153962524,7.219554555724061,0.19939891960095713,optimal,CLARABEL,8.077528961999002,8.077528961999002
