n_ess,run,gen,batch_size,eval_cumulative,gbest_f,mean_f,std_f,worst_f,elapsed_s,coef_cache_hit_rate_cumulative
2,0,0,72,72,28035387.759007156,219493250.61690217,103511690.09699689,453767586.3587267,224.95428989996435,0.0078125
2,0,1,72,144,-420344.9627483655,157481309.47716904,97578181.4330454,356723622.82359684,187.43749929999467,0.01593625498007968
2,0,2,69,213,-420344.9627483655,100553681.23536013,78098774.48583199,295567449.978459,157.5066158999689,0.019886363636363636
2,0,3,68,281,-420344.9627483655,64648571.943205565,58447460.70669654,290094063.04518294,146.95721510000294,0.020454545454545454
2,0,4,67,348,-420344.9627483655,39930021.48040954,43268995.43760906,190689497.23042613,107.31876180000836,0.023809523809523808
2,0,5,65,413,-1679430.0183216035,31104725.462446053,38824388.37240769,178356094.97033674,100.09639330004575,0.024955436720142603
2,0,6,64,477,-2376942.6659770925,18895028.923014395,18235652.305399098,91072657.37385064,96.58522760000778,0.02593192868719611
2,0,7,63,540,-2703915.1796329767,14926238.155549966,16244489.933008645,70281203.24547711,87.27207260002615,0.028400597907324365
2,0,8,62,602,-3351008.638237236,10833443.052758832,17427870.803422693,121361298.34737894,78.23068129998865,0.029288702928870293
2,0,9,61,663,-3351008.638237236,8316491.235939367,9389985.742727745,39284301.31376269,92.37739519996103,0.02990897269180754
2,0,10,59,722,-3351008.638237236,7015776.977203765,11351313.827927591,67128776.56075847,82.77324329997646,0.03418803418803419
2,0,11,58,780,-3706732.726796897,2178873.5773351514,5797511.121531723,26773182.119683415,89.99037700000918,0.040137614678899085
2,0,12,57,837,-3706732.726796897,2025551.569529354,4006058.4163703285,17429720.158329047,94.66353020002134,0.047311827956989246
2,0,13,56,893,-3706732.726796897,2870982.2657210645,5981060.043449145,23452497.100918572,80.17052010004409,0.054989816700611
2,0,14,55,948,-3706732.726796897,1846475.3882264947,5678254.253381976,26947889.317899015,104.41229740000563,0.061068702290076333
2,0,15,54,1002,-3799209.3184654415,2177088.77528285,6326030.235600351,29108652.771989994,92.64220290002413,0.06949458483754513
2,0,16,53,1055,-3799209.3184654415,806426.9333622905,5895641.276340567,29729296.711282667,95.75659989996348,0.08091993185689948
2,0,17,52,1107,-3799209.3184654415,1864316.156440442,5921508.290495194,26679172.3110912,90.98167120001744,0.09450726978998385
2,0,18,51,1158,-3842623.406903427,126673.28723609693,4287211.558010216,15355734.214145329,86.93566189997364,0.10384615384615385
2,0,19,50,1208,-3910701.2630245835,351148.783103136,3895901.4082254996,12068198.081542078,93.05512470001122,0.11168258633357825
2,0,20,49,1257,-3927941.610971421,603584.1334514418,4759371.589527332,16649086.286177784,74.11212260002503,0.12570621468926554
2,0,21,48,1305,-3927941.610971421,575037.0283476654,5913452.6895396765,19140537.844400812,76.72281690000091,0.13636363636363635
2,0,22,47,1352,-3927941.610971421,1188339.4411742461,5921447.315737126,20351075.491309695,74.21605139999883,0.15003261578604044
2,0,23,46,1398,-3927941.610971421,323165.077032156,4463383.668622586,16759900.256612243,79.58546949998708,0.1574307304785894
2,0,24,46,1444,-3927941.610971421,-1310479.6293491756,3215144.66740375,11951953.211194923,77.70613690000027,0.17393939393939395
2,0,25,45,1489,-3927941.610971421,-331274.9782275632,5308899.004049084,17593410.9757865,71.86042340000859,0.18251173708920188
2,0,26,44,1533,-3927941.610971421,-732787.4872061289,4835027.691588459,18947906.287817836,57.47132230002899,0.19680547632629777
2,0,27,43,1576,-3927941.610971421,-539989.5007660744,3973466.676696683,12561045.683376063,69.59929640003247,0.20641947980077477
2,0,28,42,1618,-3927941.610971421,232493.4587670143,6276646.508029229,29272257.92507296,61.327152299985755,0.2172043010752688
2,0,29,41,1659,-3927941.610971421,-756209.0045775415,4176888.64247263,14817691.289278092,57.175099699990824,0.2301255230125523
2,0,30,41,1700,-3927941.610971421,1168947.7745436113,6949375.962036765,23168839.355034277,62.61498660000507,0.23865374808771037
2,0,31,40,1740,-3927941.610971421,-583050.2995771527,5050411.768255259,18087668.070580892,65.23500720004085,0.24689518132141083
2,0,32,39,1779,-3927941.610971421,-2012014.433772034,2889552.0168434503,12068198.101530878,63.252858499996364,0.2547215496368039
2,0,33,38,1817,-3931112.442479307,-1069512.4028690578,4543829.092948132,16040410.95230911,51.74017569998978,0.26350710900473934
2,0,34,38,1855,-3931112.442479307,-1530801.7041206206,3720232.582529966,10536650.718595045,56.9960996999871,0.270032422417786
2,0,35,37,1892,-3936481.558618538,448718.95821386686,5606709.012668429,16550553.927078508,54.17447479994735,0.27586206896551724
2,0,36,36,1928,-3936481.558618538,-417548.84628656355,5767190.051388104,18591088.627514888,45.95086049998645,0.28546020453534904
2,0,37,36,1964,-3943252.720870832,-1769688.685326208,3258393.0465509044,9142431.090078235,48.433859800046775,0.2933740191804708
2,0,38,35,1999,-3943252.720870832,-975516.8387972338,5884817.612640337,20662347.07431513,43.25924280000618,0.3003427592116538
2,0,39,34,2033,-3943252.720870832,-2448000.356159038,2765240.9595485134,6979636.921911435,43.31102609995287,0.308242220353238
2,0,40,34,2067,-3943252.720870832,-1766870.99032001,3162559.2574520023,6804423.767849868,47.71353220002493,0.31572430870821294
2,0,41,33,2100,-3943252.7212367915,-1264768.453626359,5482769.5346407015,26293962.943147156,40.43795850005699,0.32222673709874033
2,0,42,32,2132,-3943252.7212367915,-3038916.448742481,1580168.364366161,2301897.14549784,43.43098070000997,0.328537170263789
2,0,43,32,2164,-3948246.1219506264,-2844021.3427547733,2604762.6869914914,10683661.846117124,35.48194939998211,0.3350393700787402
2,0,44,31,2195,-3955043.0244951863,-3254239.148906937,2330139.267017755,9234997.776560012,38.5091632999829,0.34147286821705425
2,0,45,31,2226,-3955043.0244951863,-1596436.107943708,4065753.9659642293,10284666.792013887,37.68188520002877,0.3480916030534351
2,0,46,30,2256,-3961651.5910208337,-3069442.18159675,1983013.9132147038,4099097.078128917,32.067798600008246,0.35544666415378817
2,0,47,29,2285,-3962113.6130407397,-3252396.2615343877,2131271.706688648,7436017.152173035,27.41152449999936,0.3618763961280715
2,0,48,29,2314,-3962113.6130407397,-3829275.929933228,393121.38393191644,-1788881.5066403206,26.86815580003895,0.36851783744023536
2,0,49,28,2342,-3962113.6130407397,-3901304.8787895115,126373.47146387938,-3257550.719301464,30.571398600004613,0.3738181818181818
2,0,50,28,2370,-3962113.6130407397,-3902259.019344869,86081.94789966971,-3619031.7412596866,24.915490499988664,0.37908731584620914
2,0,51,27,2397,-3962113.6130407397,-3887438.674572235,146591.45524556385,-3248620.0576153826,15.307589499978349,0.38469750889679716
2,0,52,27,2424,-3962113.6130407397,-3930167.9449417256,25935.23865764551,-3875209.886504382,17.380744500027504,0.3906305036984854
2,0,53,26,2450,-3962113.6130407397,-3940951.282098425,20260.338434135272,-3869002.611845568,19.513397299975622,0.3956082258626699
2,0,54,26,2476,-3962113.6130407397,-3940355.8317369586,41472.4985438371,-3754261.1629559807,18.8742382999626,0.40075940628236106
2,0,55,25,2501,-3962113.6130407397,-3927807.110822922,84546.1144802374,-3541196.81591185,14.056594499968924,0.4057475196715703
2,0,56,25,2526,-3962113.6130407397,-3923945.4917343743,97588.09691110732,-3489455.1200942136,15.97224599996116,0.41064767717870465
2,0,57,24,2550,-3962113.6130407397,-3935139.516644065,90809.3623318373,-3503578.359422704,18.397860100027174,0.4151260504201681
2,0,58,24,2574,-3962184.3317864705,-3950309.5162607394,16892.904764934567,-3888303.241268998,18.407135699992068,0.4195268243918694
2,0,59,23,2597,-3962304.157572245,-3957823.892711407,3368.668226506291,-3951860.7875752915,17.27371400000993,0.4239920687376074
2,0,60,23,2620,-3962373.7101347856,-3931033.0042350213,56626.13997190851,-3755784.8851688113,15.418181899993215,0.4280563749590298
2,0,61,23,2643,-3962373.9619628508,-3941759.678665393,45900.32673180873,-3742325.873363087,17.176860700012185,0.4320546163849155
2,0,62,22,2665,-3962373.9619628508,-3940474.191445276,54188.820186425284,-3757157.980372442,15.505886300001293,0.43594707970313007
2,0,63,22,2687,-3962373.9619628508,-3952995.85615228,9717.511454099513,-3925952.212677328,16.63548139994964,0.43978219090326715
2,0,64,21,2708,-3962373.9619628508,-3952318.8492356753,23730.052394027207,-3850969.146335533,14.153805700014345,0.44338422391857507
2,0,65,21,2729,-3962462.2937079687,-3954427.7505809255,9235.058348768305,-3925748.6788331494,12.398230600054376,0.4469361970941251
2,0,66,20,2749,-3962462.2937079687,-3959912.679014729,4357.324613720995,-3946787.103734402,4.348718599998392,0.45040803515379785
2,0,67,20,2769,-3962462.2937079687,-3956928.136420074,7138.666534887129,-3940717.762278527,7.23804409999866,0.4538365564566438
2,0,68,20,2789,-3962462.2937079687,-3960628.9591094055,3088.9327632472778,-3948286.1366517358,4.517238000000361,0.45722256664600125
2,0,69,19,2808,-3962462.2937079687,-3961093.2904200773,3513.856139910774,-3946230.582167277,4.645501899998635,0.4604006163328197
2,0,70,19,2827,-3962462.2937079687,-3955320.4526064037,7839.405367185621,-3942685.904686855,4.806581399985589,0.4635416666666667
2,0,71,19,2846,-3962462.2937079687,-3956466.691777757,7106.182702712633,-3945329.1167502105,6.091936299984809,0.4666463600365519
2,0,72,18,2864,-3962462.2937079687,-3958072.9834970767,6411.956439749059,-3945795.7843911685,4.4684077999554574,0.4695546803998788
2,0,73,18,2882,-3962462.2937079687,-3959110.118514886,6019.2732565770375,-3945123.2189268954,4.426584900007583,0.4724314552576077
2,0,74,18,2900,-3962462.2937079687,-3961638.5606168252,902.3827606006649,-3958741.2668239735,4.742029600020032,0.47527719508540606
2,0,75,17,2917,-3962462.2937079687,-3958923.3444583663,5887.012299778849,-3946003.4483244084,6.964727300044615,0.47793679189028027
2,0,76,17,2934,-3962462.2937079687,-3959272.4634080045,6274.772086580667,-3944402.6187860407,4.0660279000294395,0.4805695639276179
2,0,77,17,2951,-3962462.2937079687,-3959977.422171868,5160.4015097354895,-3945698.5408722647,4.286285600042902,0.4831759149940968
2,0,78,16,2967,-3962462.2937079687,-3961708.398800918,1290.537538913615,-3956976.616011111,6.686631399963517,0.48560517038777906
2,0,79,16,2983,-3962462.2937079687,-3961089.344801589,3666.3686963465234,-3947022.4927648436,3.686295200022869,0.48801169590643273
2,0,80,16,2999,-3962462.2937086876,-3962115.776174938,437.7491380680943,-3960648.8554895464,4.013246799993794,0.490395809080326
2,0,81,15,3014,-3962462.2937086876,-3961225.8172228415,4151.388161665062,-3945696.0169858,3.4176376999821514,0.49261083743842365
2,0,82,15,3029,-3962462.2937086876,-3962162.5516687226,435.4267553837507,-3960671.0901727807,3.425072599959094,0.4948066935949221
2,0,83,15,3044,-3962470.034450598,-3961279.5897699767,2123.3040588119225,-3956914.214410782,3.3172973999753594,0.49698362539500146
2,0,84,15,3059,-3962473.6771258935,-3962317.8934350973,236.069714542938,-3961529.7536283825,3.5649013000074774,0.49914187643020597
2,0,85,14,3073,-3962473.6771258935,-3962418.134350055,31.641323653823104,-3962347.4099250957,3.1412795999785885,0.5011396011396011
2,0,86,14,3087,-3962473.6771258935,-3962355.600897128,127.68102055521767,-3962052.5789250396,3.230543299985584,0.5031214528944381
2,0,87,14,3101,-3962473.6771258935,-3962378.1707281866,124.01565724902511,-3961981.1576309837,3.4302975999889895,0.505087620124364
2,0,88,13,3114,-3962474.703690637,-3962443.3517995826,35.05275373999181,-3962338.352379484,2.9867852000170387,0.5068994649394537
2,0,89,13,3127,-3962474.703690637,-3962421.2533282954,63.0784287723112,-3962241.536479149,2.973851700022351,0.5086980920314254
2,0,90,13,3140,-3962474.703690637,-3962445.424958519,32.43765834268747,-3962368.508400541,3.2861343000549823,0.5104836455129997
2,0,91,13,3153,-3962474.703690637,-3962005.363916917,1362.613118799308,-3957292.0501520075,3.2366134999901988,0.5122562674094707
2,0,92,12,3165,-3962474.703690637,-3962452.751520392,26.793307314305775,-3962398.033942636,3.2255480000167154,0.5138811771238201
2,0,93,12,3177,-3962474.703690637,-3962452.893243855,29.831538936127156,-3962363.473175196,2.9166918999981135,0.5154952960708357
2,0,94,12,3189,-3962474.703690637,-3962457.8992605377,13.63328373763969,-3962420.3783671334,2.75488329998916,0.5170987313844456
2,0,95,12,3201,-3962474.703690637,-3961094.6643617176,4499.953080368231,-3946170.3664839026,2.901170799974352,0.5186915887850467
2,0,96,12,3213,-3962474.703693023,-3962463.5027285516,10.393521002232372,-3962442.7706494704,2.965214600029867,0.5202739726027398
2,0,97,11,3224,-3962474.9155932013,-3962000.5472259927,1480.838575580588,-3957317.758803269,2.8276443000067957,0.5217153783119366
2,0,98,11,3235,-3962474.9155932013,-3962468.0574897896,9.493938877843137,-3962447.538637122,3.031330199970398,0.5231481481481481
2,0,99,11,3246,-3962474.9155932013,-3962470.8793632095,4.879313170913497,-3962456.345384259,3.014981600048486,0.5245723594895466
2,0,100,11,3257,-3962474.9155932013,-3962472.6401082356,1.698898175023782,-3962468.874686096,2.9920323999831453,0.5259880887926367
2,0,101,10,3267,-3962474.9155932013,-3962470.4377243025,8.173169123800013,-3962446.5290534943,2.6775085999979638,0.527267818574514
2,0,102,10,3277,-3962474.9155932013,-3962473.4145691283,1.9324902604134924,-3962468.084463617,2.636835200013593,0.5285406569736134
2,0,103,10,3287,-3962475.048501052,-3962474.0453283377,0.6404411110639995,-3962472.9689707793,2.7201189000043087,0.5298066595059077
2,0,104,10,3297,-3962475.048501052,-3961956.065300698,1552.9352151122682,-3957297.261897806,2.5904139999765903,0.5310658810926621
2,0,105,10,3307,-3962475.048501052,-3962471.9928985597,5.68689317193458,-3962455.0746907443,2.6160744999651797,0.5323183760683761
2,0,106,10,3317,-3962475.048501052,-3962474.4318360514,0.5336112150714846,-3962473.252095904,2.6895865999977104,0.5335641981885988
2,0,107,9,3326,-3962475.4868984986,-3962474.40805735,0.6138000014530758,-3962473.4342727177,2.7005339000024833,0.5346797767738507
2,0,108,9,3335,-3962475.4868984986,-3961899.630037131,1624.1870972768877,-3957305.7363169137,2.550342299975455,0.5357900318133616
2,0,109,9,3344,-3962475.4868984986,-3962474.754524894,0.2504660127601231,-3962474.2871282417,2.7715973000158556,0.5368950013224015
2,0,110,9,3353,-3962475.4868984986,-3962474.29231945,0.9056490474828172,-3962472.1901542023,2.5430577999795787,0.5379947229551452
2,0,111,9,3362,-3962475.4868984986,-3962473.6653919946,1.4809426290822691,-3962470.4426384084,2.5746464000549167,0.5390892340089497
2,0,112,8,3370,-3962475.4868984986,-3961826.312272624,1714.5590033137617,-3957290.015734222,1.668299599958118,0.5400577882847386
2,0,113,8,3378,-3962475.545556193,-3961827.6083342573,1712.202085365914,-3957297.5477256533,1.837592699972447,0.5410222804718218
2,0,114,8,3386,-3962475.545556193,-3962474.6776703605,0.6527688356669913,-3962473.234922016,1.8470671999966726,0.5419827360711483
2,0,115,8,3394,-3962475.545556193,-3962474.6601736657,0.9183876975669759,-3962472.4206351824,2.1995222000405192,0.5429391803706604
2,0,116,8,3402,-3962475.545556193,-3962474.435756499,0.432761801183939,-3962473.526162762,2.0902619999833405,0.5438916384475124
2,0,117,8,3410,-3962475.545556193,-3962474.4371542702,0.958120350424538,-3962472.1149895955,1.8379329000017606,0.5448401351702625
2,0,118,8,3418,-3962475.545556193,-3962470.5135218203,7.544507194109498,-3962452.963347947,2.0773069000570104,0.5457846952010376
2,0,119,7,3425,-3962475.545556193,-3962474.022416086,1.1100030700448988,-3962472.3916929383,1.7938867000048049,0.5466079751424132
2,0,120,7,3432,-3962475.545556193,-3961734.1981624556,1813.4835880264172,-3957292.089052841,1.6194118999992497,0.5474282760403205
2,0,121,7,3439,-3962475.5459512323,-3961735.769814335,1811.299184361487,-3957299.0110685136,1.7865027000079863,0.5482456140350878
2,0,122,7,3446,-3962475.5459512323,-3962474.8955347054,0.36757283775555816,-3962474.201018866,1.5005801999941468,0.5490600051506567
2,0,123,7,3453,-3962475.5459512323,-3962474.1074650446,1.1992638984347437,-3962472.2257513925,1.8020990999648347,0.5498714652956298
2,0,124,7,3460,-3962475.545960238,-3962474.5452012788,0.6842171625457578,-3962473.2894270755,1.5095650000148453,0.5506800102643059
2,0,125,7,3467,-3962475.545960238,-3962474.621782664,0.42860120076698754,-3962473.775718216,1.465894400025718,0.5514856557377049
2,0,126,7,3474,-3962475.545960238,-3962474.5549423085,1.0766337566620252,-3962472.1817264315,1.5098094000131823,0.552288417284582
2,0,127,6,3480,-3962475.545960238,-3962474.502414314,0.99190130679561,-3962472.405640874,1.3860502999741584,0.5529742149604289
2,0,128,6,3486,-3962475.545960238,-3962475.271995845,0.2491891446914253,-3962474.9092144836,1.6811105000087991,0.5536579148610757
2,0,129,6,3492,-3962475.545960238,-3962474.8749249154,0.6631809890770175,-3962473.451152105,1.4063603000249714,0.5543395265970985
2,0,130,6,3498,-3962475.545960238,-3962474.864674212,0.6979273055290474,-3962473.774783911,1.6691641000215895,0.5550190597204574
2,0,131,6,3504,-3962475.545960238,-3962474.5857488047,1.0465795326973923,-3962472.5107711777,1.7577719999826513,0.5556965237249429
2,0,132,6,3510,-3962475.545960238,-3962474.3300148747,0.8806832801946807,-3962473.145636771,1.6433925000019372,0.5563719280466177
2,0,133,6,3516,-3962475.545964854,-3962475.040034078,0.5013362800328154,-3962474.180893855,1.6319801000063308,0.557045282064255
2,0,134,6,3522,-3962475.545964854,-3962474.8469232866,0.6582631853941345,-3962473.558118107,1.340771900024265,0.5577165950997727
2,0,135,5,3527,-3962475.545964854,-3961438.7609299035,2071.671683826199,-3957295.41782213,4.818248299998231,0.5582744702320888
2,0,136,5,3532,-3962475.545964854,-3962474.975591415,0.38695423905759796,-3962474.4515758175,1.1008566999807954,0.5588309397833208
2,0,137,5,3537,-3962475.545964854,-3962475.4000354586,0.13467929290552114,-3962475.2361150663,1.5756601000321098,0.5593860090588827
2,0,138,5,3542,-3962475.545964854,-3962475.404072804,0.13770319715156004,-3962475.236120915,1.299619699944742,0.559939683337522
2,0,139,5,3547,-3962475.545964854,-3962474.650314825,0.8800762769753617,-3962473.1196434833,1.2833746999967843,0.5604919678714859
2,0,140,5,3552,-3962475.545964854,-3962475.0384828746,0.6232744507538297,-3962473.9984329958,1.2804250000044703,0.5610428678866884
2,0,141,5,3557,-3962475.545964854,-3962474.741744034,0.7595433883003189,-3962473.3139389083,1.2869173000217415,0.5615923885828743
2,0,142,5,3562,-3962475.545964854,-3962475.0504577695,0.8066818459806862,-3962473.4524371456,1.3173615000559948,0.5621405351337835
2,0,143,5,3567,-3962475.545964854,-3961436.2035723208,2068.946475128339,-3957298.3275223,1.267458299989812,0.5626873126873126
2,0,144,5,3572,-3962475.545964854,-3962474.8220070777,0.6161939615984883,-3962474.1368941013,1.5620907000266016,0.5632327263656772
2,0,145,5,3577,-3962475.545964854,-3962472.4590465487,3.403820069629999,-3962466.3070578612,1.2875702999881469,0.5637767812655705
2,0,146,4,3581,-3962475.545964854,-3962475.0830796864,0.43825363449840016,-3962474.513223801,1.2336567999445833,0.5642110502737681
2,0,147,4,3585,-3962475.545964854,-3961179.217232521,2243.9082018929153,-3957292.654310096,1.593001400004141,0.5646444554947787
2,0,148,4,3589,-3962475.545964854,-3961178.6393951993,2242.057459868851,-3957295.2822485585,4.838767600012943,0.565076999503229
2,0,149,4,3593,-3962475.545964854,-3962474.7552819084,1.2973049908636258,-3962472.508906802,1.4224553999956697,0.5655086848635236
2,0,150,4,3597,-3962475.545964854,-3961179.4979459587,2242.760238967997,-3957294.923477685,1.4317953999852762,0.5659395141298958
2,1,0,72,72,17289036.417424306,227189855.2390676,109717159.83892295,510092926.8278005,187.66764880000846,0.09375
2,1,1,72,144,9114458.738304343,182297114.34300032,106654303.01750267,422788286.16945505,178.53019740001764,0.1076923076923077
2,1,2,69,213,6337615.344089977,114204445.5425582,84405044.81278491,347516214.92608833,149.68377600004897,0.1111111111111111
2,1,3,68,281,3612831.0381677896,70047944.13596578,60640662.75465421,227806787.5640654,133.69379229994956,0.11637931034482758
2,1,4,67,348,-487412.1774980072,44793970.64340431,43983112.44194223,184785788.12693393,113.12619949999498,0.12177121771217712
2,1,5,65,413,-487412.1774980072,23511267.436285693,28600342.95013313,126605777.65293586,79.45664590003435,0.12919463087248323
2,1,6,64,477,-1031699.5854796404,16575455.021142533,20357029.645255923,89326925.07390642,69.64031019998947,0.1437403400309119
2,1,7,63,540,-2988373.5245645605,8381870.41436809,11608363.226552201,67935608.18020602,66.57644889998483,0.1548480463096961
2,1,8,62,602,-3100704.2447739793,6578125.149896443,9556753.214507744,64364722.75863835,67.15060799999628,0.16168478260869565
2,1,9,61,663,-3266608.065720925,4443123.966794954,6199244.321863609,26788861.062434815,63.565166699991096,0.16838046272493573
2,1,10,59,722,-3404795.799570743,2097293.037530543,3813017.032020712,13606434.38288838,57.055501299968455,0.17747858017135862
2,1,11,58,780,-3404795.799570743,2039719.6670262078,4526249.791402021,15611523.41720041,55.7687292000046,0.1888111888111888
2,1,12,57,837,-3736046.4277846515,2037134.6588545588,5179188.857061355,24512018.58855303,59.28664800000843,0.20288248337028825
2,1,13,56,893,-3736046.4277846515,1525631.785642119,5114518.869164578,18136570.75279557,61.46822580002481,0.22350472193074503
2,1,14,55,948,-3736046.4277846515,2556192.2976481756,5967090.563289687,22191129.560160827,63.765054899966344,0.23776223776223776
2,1,15,54,1002,-3736046.4277846515,1949821.1145625438,5817020.728772759,17066524.994224265,62.31507060001604,0.2521408182683159
2,1,16,53,1055,-3736046.4277846515,1442072.057613961,6583100.162240163,32000580.68067758,49.91910930001177,0.26666666666666666
2,1,17,52,1107,-3751498.850627685,624431.9554993415,5480739.639140616,23611816.521337062,59.84409520000918,0.2857142857142857
2,1,18,51,1158,-3751498.850627685,771604.3834539574,5159674.483105812,13320146.493507948,53.137962399981916,0.297569153394803
2,1,19,50,1208,-3751498.850627685,400991.93100449996,5346818.092898598,17525017.928434826,51.62041039997712,0.3159163987138264
2,1,20,49,1257,-3782493.450239215,456729.2843927893,6341519.979877336,23436677.31021362,56.9883400000399,0.3333333333333333
2,1,21,48,1305,-3818657.922644863,-1992762.814148871,3505549.0749673373,14630684.701624952,63.00042209995445,0.3532448377581121
2,1,22,47,1352,-3912470.8133172914,689269.37959427,6427516.995158129,22290067.01410184,59.925391800003126,0.3638948116560057
2,1,23,46,1398,-3912470.8133172914,-350218.44948614796,5334803.963634103,16554015.9269094,54.75079179997556,0.375
2,1,24,46,1444,-3912470.8133172914,-1869266.935224253,3804211.9590154225,17562071.384175263,58.26674390002154,0.38726790450928383
2,1,25,45,1489,-3914731.068640126,-1782061.991931158,3844740.913814945,15909561.076025074,54.37068300001556,0.3998716302952503
2,1,26,44,1533,-3914731.068640126,-1380520.2261057184,3993392.4397992194,11471267.846782835,55.273392500006594,0.41143567433188316
2,1,27,43,1576,-3914731.068640126,-2114574.3919990477,3357996.215757113,12357302.797646772,64.95900540001458,0.42206235011990406
2,1,28,42,1618,-3914731.068640126,-1934854.2089668356,3655001.1875291057,12526202.95493825,49.89771029999247,0.43564356435643564
2,1,29,41,1659,-3922857.7214237507,-2100495.559189772,3347705.5685520866,12298725.714929637,45.020543200022075,0.44645892351274785
2,1,30,41,1700,-3947215.104353495,-3284445.951248019,1104252.1950155715,1699456.9184641559,51.4177684999886,0.4555494202098288
2,1,31,40,1740,-3951127.7157831155,-3326809.585220087,936861.0333340188,1167202.3680587728,45.52845380001236,0.46609257265877285
2,1,32,39,1779,-3951127.7157831155,-2410336.107260972,3242386.104505403,11430604.957258852,47.17533539998112,0.4745139253809774
2,1,33,38,1817,-3958051.8173539955,-3226090.5471539036,1733732.6634707262,5594538.073452569,38.819428999966476,0.48459958932238195
2,1,34,38,1855,-3958051.8173539955,-3351976.646740388,1201735.269234429,1432701.5254938789,43.96431690000463,0.4934738955823293
2,1,35,37,1892,-3958051.8173539955,-3520250.4690480167,1816939.1192274436,7290876.131866854,34.932971699978225,0.5009832841691249
2,1,36,36,1928,-3958051.8173539955,-3291812.9511653655,2506006.9535349607,10706419.22730105,35.43476950004697,0.5091698841698842
2,1,37,36,1964,-3958051.8173539955,-3790841.6856268477,462695.9990770463,-1230798.800455112,33.81485859997338,0.516816674561819
2,1,38,35,1999,-3960883.047189351,-3870653.6348142787,175974.48254358518,-2880183.4994436055,34.811017800006084,0.5237209302325582
2,1,39,34,2033,-3960883.047189351,-3313460.242790792,2366097.3775802823,6492611.6165087335,23.12239390000468,0.5308924485125858
2,1,40,34,2067,-3960883.047189351,-3920516.2724824697,32689.895756944417,-3783339.829194734,26.675875899964012,0.5378378378378378
2,1,41,33,2100,-3960883.047189351,-3696773.3090799274,1294852.464750525,3626172.222973531,21.166218900005333,0.5448092280390417
2,1,42,32,2132,-3960883.047189351,-3935191.8931783745,27643.155786158008,-3801807.3317538574,20.556378600012977,0.5509400961958898
2,1,43,32,2164,-3960883.047189351,-3932970.1895825323,22312.463106971416,-3856030.085159749,14.905357499956153,0.5571366968520914
2,1,44,31,2195,-3961440.354643509,-3650382.9772662614,1547695.6193272097,4825597.585064361,19.148350799980108,0.5627392598894088
2,1,45,31,2226,-3961440.354643509,-3942689.429474582,13227.969354341616,-3903707.5085561834,15.708596599986777,0.5681913554343265
2,1,46,30,2256,-3961440.354643509,-3942981.7682074285,16941.70259650843,-3879740.5092681516,11.935319199983496,0.5735598839618732
2,1,47,29,2285,-3962161.58171203,-3944021.497171154,18829.3750919519,-3861622.4878357854,8.774556900025345,0.5786240786240786
2,1,48,29,2314,-3962161.58171203,-3944862.394914325,18001.09642495795,-3873052.2628196403,5.669031199999154,0.5835694050991501
2,1,49,28,2342,-3962161.58171203,-3945867.690072711,13320.2040550121,-3916982.830978671,7.439852499985136,0.5882352941176471
2,1,50,28,2370,-3962161.58171203,-3945266.6681967056,13863.249223724279,-3908013.533476861,9.25290290004341,0.592797783933518
2,1,51,27,2397,-3962161.58171203,-3951063.456051594,12029.461430981268,-3908660.6590080466,5.585393099987414,0.5971025841816758
2,1,52,27,2424,-3962161.58171203,-3948477.276070444,13868.614827270616,-3908537.2785425074,8.31754830002319,0.6013173188686556
2,1,53,26,2450,-3962161.58171203,-3953706.7861862606,6911.61933769185,-3932922.780489957,5.584765900042839,0.6052934407364787
2,1,54,26,2476,-3962161.58171203,-3955529.767417497,5695.631095090139,-3936722.2187081147,9.610648499976378,0.6093394077448747
2,1,55,25,2501,-3962161.58171203,-3951989.6889236444,10806.036259171327,-3913175.943096012,8.308040199975949,0.613012410680707
2,1,56,25,2526,-3962170.8778093792,-3952180.642199595,11177.000962736452,-3921310.8374470733,14.53065470000729,0.6161578555472822
2,1,57,24,2550,-3962170.8778093792,-3954432.5772141167,13145.560962231406,-3899608.7394147627,4.7669859000016,0.6195571955719558
2,1,58,24,2574,-3962170.8778093792,-3956388.401315695,7627.458217405646,-3932990.7643658165,5.055117700016126,0.6228968544257498
2,1,59,23,2597,-3962427.257980805,-3958561.9508931823,4867.8796012929115,-3946090.165069308,5.890033899981063,0.6260428001450853
2,1,60,23,2620,-3962427.257980805,-3958059.678705201,6721.699637984649,-3937878.2267151847,5.216076800017618,0.629136690647482
2,1,61,23,2643,-3962427.257980805,-3957640.603907275,7724.5137285639685,-3932866.4683849085,4.675315200001933,0.6321798073492686
2,1,62,22,2665,-3962427.257980805,-3956468.4954098286,7712.158527344797,-3937572.8148172814,4.5402666999725625,0.6350442477876106
2,1,63,22,2687,-3962427.257980805,-3960231.709153719,4357.876152849811,-3946355.1646020766,4.949351100018248,0.6378644186863365
2,1,64,21,2708,-3962427.257980805,-3960259.629132131,4664.174947492098,-3944616.1805510726,4.689980200026184,0.6405160390516039
2,1,65,21,2729,-3962427.258070901,-3961712.2559107863,1016.2971738052328,-3957802.841115458,4.655947500024922,0.64312911041883
2,1,66,20,2749,-3962427.258070901,-3959927.3441632874,5140.507125877125,-3943657.2699530125,4.311188599967863,0.6455826744585769
2,1,67,20,2769,-3962427.258070901,-3959687.1767877326,5770.484206406922,-3945718.831754191,4.682735199981835,0.6480027313076135
2,1,68,20,2789,-3962427.258070901,-3960377.059949383,4801.60359266104,-3946098.241645625,4.6263920000055805,0.6503899626992201
2,1,69,19,2808,-3962427.258070901,-3960418.1910506305,5290.774119684815,-3943423.714997275,4.203348099952564,0.6526280323450134
2,1,70,19,2827,-3962427.258134987,-3962235.634884763,182.74068244831298,-3961747.4954162035,4.283859500021208,0.6548376297288249
2,1,71,19,2846,-3962446.6377483867,-3960432.8777375557,4932.815879532504,-3946071.9954780154,4.2180167000042275,0.6570192947438457
2,1,72,18,2864,-3962446.6377483867,-3960444.3054246474,5100.242952922574,-3945804.9862855542,4.226863800024148,0.6590608465608465
2,1,73,18,2882,-3962446.6377483867,-3960470.6069123745,5098.595769698503,-3945963.5964447,4.5168200000189245,0.6610782380013149
2,1,74,18,2900,-3962446.6377483867,-3958628.0021828106,6776.844091288042,-3945491.987729432,4.457083599991165,0.6630718954248366
2,1,75,17,2917,-3962469.13314363,-3960433.880459236,5268.030426198359,-3945776.165843576,4.081564399995841,0.6649333766655834
2,1,76,17,2934,-3962469.1331441216,-3961911.930312574,1631.954967299462,-3955436.493131332,4.012392899952829,0.6667744020685197
2,1,77,17,2951,-3962469.1331441216,-3958415.9727329314,6854.6940471494645,-3945877.8782880213,4.027280700043775,0.6685953069752492
2,1,78,16,2967,-3962469.1331441216,-3957276.421780905,7544.869925259187,-3945864.585975874,3.42208920000121,0.6702910137511993
2,1,79,16,2983,-3962469.1331441216,-3960370.0646646135,5365.038511747234,-3946142.741855452,3.5530115999863483,0.6719694559338212
2,1,80,16,2999,-3962469.1331441216,-3960414.722319642,5277.356327023195,-3946372.8777496815,3.3597542000352405,0.6736308958531181
2,1,81,15,3014,-3962473.438598167,-3962385.3099790323,64.14527078888798,-3962240.087633768,2.976494200003799,0.6751732829237556
2,1,82,15,3029,-3962473.438598167,-3958099.351608726,7155.935177243207,-3946099.867489295,3.0152697000303306,0.6767011602383193
2,1,83,15,3044,-3962473.438598167,-3961337.969901695,4060.5831422159004,-3946145.6775578894,3.3509787000366487,0.6782147315855181
2,1,84,15,3059,-3962473.438598167,-3961348.4095455194,4049.839230475274,-3946195.889970986,3.3579606999992393,0.6797141969555762
2,1,85,14,3073,-3962473.438598167,-3958949.3680652073,6701.358134533137,-3946047.816810023,3.322697600000538,0.6811011444478813
2,1,86,14,3087,-3962473.438598167,-3960133.310163934,5694.644341899838,-3946174.354322452,2.9626550000393763,0.6824761318139821
2,1,87,14,3101,-3962474.461189715,-3958953.697522781,6685.002502732892,-3946112.9097441304,2.924338800017722,0.6838393130941429
2,1,88,13,3114,-3962474.461189715,-3958702.7503345367,6871.768364476419,-3946119.7220797613,2.8100267000263557,0.6850946854001222
2,1,89,13,3127,-3962474.461189715,-3957423.4878487783,7540.434279713369,-3946030.0310228094,3.0897475999663584,0.6863401277760877
2,1,90,13,3140,-3962474.60466172,-3959960.598236155,5882.000046220437,-3946141.3811716307,2.7843105000210926,0.6875757575757576
2,1,91,13,3153,-3962474.60466172,-3961206.2731999527,4362.461781958769,-3946094.3073003814,3.1655212999903597,0.6888016903108964
2,1,92,12,3165,-3962474.60466172,-3958381.2520790063,7069.427161691298,-3946126.236851981,3.17649069998879,0.6899248120300752
2,1,93,12,3177,-3962474.60466172,-3961100.9704632326,4520.174064596608,-3946109.293064242,2.7297183999908157,0.6910398561582259
2,1,94,12,3189,-3962474.8657247853,-3961111.2515291856,4508.757154973994,-3946157.4143876713,2.741848999983631,0.6921469095252314
2,1,95,12,3201,-3962474.8657247853,-3962466.336599848,12.013253499253155,-3962437.674583312,2.7522036000154912,0.6932460577209164
2,1,96,12,3213,-3962474.9625947345,-3959747.2011267194,6077.703035272816,-3946154.1893842462,3.063242000003811,0.6943373851171064
2,1,97,11,3224,-3962475.012518257,-3962472.241342394,6.275101789719858,-3962452.4708690606,2.931748599978164,0.6953309692671394
2,1,98,11,3235,-3962475.012518257,-3962473.856330667,1.2244366018371835,-3962471.747821605,2.619662099983543,0.6963181148748159
2,1,99,11,3246,-3962475.163623603,-3960990.3397901505,4690.567834797608,-3946157.462284891,2.6771100999903865,0.6972988843217851
2,1,100,11,3257,-3962475.163623603,-3962474.019323598,0.889952635475924,-3962472.3854407333,3.0437389999860898,0.6982733391864209
2,1,101,10,3267,-3962475.163623603,-3962471.2535399226,7.158604615766302,-3962451.432667041,2.5869832999887876,0.6991537788152904
2,1,102,10,3277,-3962475.163623603,-3959211.376635512,6525.456389458075,-3946155.8626416884,2.557432700006757,0.7000290951411114
2,1,103,10,3287,-3962475.163623603,-3962471.0349584846,5.972206450815502,-3962455.736602526,2.56389940000372,0.7008993327531187
2,1,104,10,3297,-3962475.163623603,-3962474.267841892,0.9504246126399354,-3962471.886655785,2.5469550999696366,0.7017645357246167
2,1,105,10,3307,-3962475.163623603,-3962473.6060706535,3.5084967115973322,-3962463.2380927075,2.5519162000273354,0.7026247476204212
2,1,106,10,3317,-3962475.163623603,-3962474.3832726656,0.6227193101271475,-3962473.281407656,2.9068587999790907,0.7034800115041703
2,1,107,9,3326,-3962475.163623603,-3958847.838210077,6784.0092355638135,-3946155.709930824,2.5206537999911234,0.704245553643144
2,1,108,9,3335,-3962475.163623603,-3962473.2140466636,1.829879898850519,-3962469.8382194415,2.519022100022994,0.7050071530758226
2,1,109,9,3344,-3962475.163623603,-3960659.2748824325,5123.723791134999,-3946167.2152067423,2.4999316000030376,0.7057648401826484
2,1,110,9,3353,-3962475.163623603,-3962473.332482746,1.3157548085226947,-3962471.4983625226,2.5117217000224628,0.7065186450327355
2,1,111,9,3362,-3962475.163623603,-3962472.9089422226,3.0826834133203223,-3962465.213410558,2.5006225999677554,0.7072685973878479
2,1,112,8,3370,-3962475.163623603,-3962474.4885661677,0.8621678395567636,-3962472.688943075,1.8843742000171915,0.7079320113314448
2,1,113,8,3378,-3962475.258802779,-3962473.496261355,1.8267462333337592,-3962469.3457274996,1.556958700006362,0.708592425098926
2,1,114,8,3386,-3962475.3531381506,-3962474.5534703657,0.8661912654327942,-3962472.4469003044,1.5503525999956764,0.7092498589960519
2,1,115,8,3394,-3962475.3531381506,-3962473.2835849132,2.1512381531390696,-3962467.9605050646,1.55199339997489,0.7099043331457513
2,1,116,8,3402,-3962475.3531381506,-3962472.2647765437,2.724741273947246,-3962467.200462781,1.8871580999693833,0.7105558674901741
2,1,117,8,3410,-3962475.3531381506,-3962472.8382588066,3.1512053840537555,-3962465.5307853855,1.5355809000320733,0.7112044817927171
2,1,118,8,3418,-3962475.3531381506,-3962472.483039218,2.403870439729282,-3962467.923102392,1.560170799959451,0.7118501956400224
2,1,119,7,3425,-3962475.3531381506,-3962472.8402121183,3.310280311500406,-3962465.034089895,1.4492976000183262,0.7124128312412831
2,1,120,7,3432,-3962475.3531381506,-3960141.633081334,5709.253048679888,-3946156.8794877063,1.7598192000295967,0.7129732739420935
2,1,121,7,3439,-3962475.3531381506,-3962471.1968890624,4.946854641746729,-3962462.4525255077,1.744757300009951,0.7135315365379272
2,1,122,7,3446,-3962475.3531381506,-3962474.071336593,1.1096346760020492,-3962472.271395374,1.7254631000105292,0.714087631724903
2,1,123,7,3453,-3962475.3531381506,-3962471.558714804,3.6379252383448004,-3962465.1497611627,1.7994670000043698,0.7146415721007473
2,1,124,7,3460,-3962475.3531381506,-3962472.797412701,2.9636983094173743,-3962466.69747648,1.7562684000004083,0.7151933701657458
2,1,125,7,3467,-3962475.3531381506,-3962474.3529996774,1.0472127601661942,-3962471.9318296853,1.4279494999791496,0.7157430383236835
2,1,126,7,3474,-3962475.3531381506,-3962474.988549962,0.2984179580760848,-3962474.344179714,1.4558045999729075,0.7162905888827737
2,1,127,6,3480,-3962475.3531381506,-3962466.9515707474,5.8578136766307365,-3962456.4354470875,1.3985604000044987,0.7167582417582418
2,1,128,6,3486,-3962475.3531381506,-3962466.3855355536,15.001825274572326,-3962432.9906762205,1.681388099968899,0.7172243554580362
2,1,129,6,3492,-3962475.3531381506,-3962466.5039660945,12.142354708972405,-3962440.2019689083,1.3640590999857523,0.7176889375684556
2,1,130,6,3498,-3962475.4329812787,-3962471.2764378744,4.091704958336894,-3962464.7284674533,1.6822630999959074,0.7181519956260252
2,1,131,6,3504,-3962475.4329812787,-3962473.0038734623,1.8371786222769777,-3962469.888593048,1.351371900003869,0.7186135371179039
2,1,132,6,3510,-3962475.4570295867,-3962474.6440383866,0.7374538906486431,-3962473.2093835752,1.370628000004217,0.7190735694822888
2,1,133,6,3516,-3962475.4570295867,-3962473.206153106,2.163718090156932,-3962469.556391999,1.3682223000214435,0.719532100108814
2,1,134,6,3522,-3962475.4570295867,-3959754.039998718,6080.941283884489,-3946156.6429960392,1.7436707000015303,0.7199891363389462
2,1,135,5,3527,-3962475.478645917,-3962474.6107089208,0.7683572124237735,-3962473.7113513313,1.5876765999710187,0.720368863574722
2,1,136,5,3532,-3962475.478645917,-3959211.0745868934,6527.120788295435,-3946156.833045149,1.271682900027372,0.7207475622968581
2,1,137,5,3537,-3962475.479985198,-3959211.2222022414,6527.165577445072,-3946156.891105285,1.2770210999879055,0.7211252366783879
2,1,138,5,3542,-3962475.479985198,-3959210.3478033305,6529.15078040339,-3946152.0462807436,1.609213899995666,0.7215018908698001
2,1,139,5,3547,-3962475.479985198,-3959210.82785538,6528.615738853039,-3946153.596394494,1.2572747999802232,0.7218775289991907
2,1,140,5,3552,-3962475.479985198,-3955945.8305587815,7995.831798785274,-3946149.3143778257,1.5799838000093587,0.7222521551724138
2,1,141,5,3557,-3962475.479985198,-3955949.0747029693,7992.287264891922,-3946156.680865323,1.248950200038962,0.7226257734732311
2,1,142,5,3562,-3962475.4856042154,-3959212.5560941314,6525.073875817863,-3946162.4083631616,1.2749742000014521,0.7229983879634605
2,1,143,5,3567,-3962475.486863848,-3962474.7408731654,0.4709785667529474,-3962474.0050886385,1.5690935999737121,0.7233700026831231
2,1,144,5,3572,-3962475.488211615,-3959210.165632643,6529.793080126816,-3946150.5794941857,1.2470910000265576,0.7237406216505895
2,1,145,5,3577,-3962475.496675346,-3962474.500548874,1.065167675075143,-3962472.6449844707,1.2741195999551564,0.7241102488627241
2,1,146,4,3581,-3962475.496675346,-3962474.305071766,0.6789635389600183,-3962473.864083195,1.2051321999751963,0.7244052392408447
2,1,147,4,3585,-3962475.496675346,-3962473.9428081815,0.07184605042517919,-3962473.867882669,1.555536400002893,0.7246995994659546
2,1,148,4,3589,-3962475.496675346,-3962474.3208417236,0.673611568604381,-3962473.901553264,1.5121505999704823,0.7249933315550814
2,1,149,4,3593,-3962475.496675346,-3958395.472577407,7066.0749997737585,-3946156.671700636,1.2123374000075273,0.7252864375166533
2,1,150,4,3597,-3962475.496675346,-3962475.1975819687,0.5040006622433327,-3962474.3246500343,1.2017739999573678,0.7255789193505456
2,2,0,72,72,28237183.22908978,225756604.61774442,89390988.0845436,418222040.02329695,183.80578039999818,0.125
2,2,1,72,144,2504807.948554834,180407001.47464806,84728635.32756957,377458766.44508123,167.311385900015,0.15891472868217055
2,2,2,69,213,2504807.948554834,121671996.54516079,70032611.89195594,301612659.60098517,147.5597433000221,0.1827956989247312
2,2,3,68,281,2504807.948554834,71731769.06283045,60317408.84712144,240126151.83259988,114.03517869999632,0.2039045553145336
2,2,4,67,348,2033840.075438965,41265174.339525275,43465076.9889796,164855564.52838364,103.32235329999821,0.20224719101123595
2,2,5,65,413,-0.019072534546902276,26659703.63731054,30052223.498946052,131021577.66368613,87.95830850000493,0.21
2,2,6,64,477,-0.06074683668561498,14551901.724990377,20202993.90882704,115326349.41538775,63.757471000018995,0.2208398133748056
2,2,7,63,540,-1798539.1562103946,6268160.818375169,10035879.153505491,50170281.19011749,57.75388820003718,0.22205882352941175
2,2,8,62,602,-2668069.5001912843,4726530.488511033,6742582.984508268,33268125.289757833,50.73266259999946,0.2244039270687237
2,2,9,61,663,-3576505.183802381,3086011.6136948164,5517601.449904646,27940532.39088392,62.65570860001026,0.23412698412698413
2,2,10,59,722,-3576505.183802381,2040554.0460210869,3920243.87655731,18491093.19790063,63.27792610001052,0.24438902743142144
2,2,11,58,780,-3576505.183802381,1371005.700699208,3994851.253521425,16461112.906149589,70.56897069996921,0.25844004656577413
2,2,12,57,837,-3576505.183802381,673593.2132164704,3558481.6623500152,14368805.448918663,56.577652300009504,0.27832783278327833
2,2,13,56,893,-3665925.0681173727,1592976.9939793567,5034789.3427323345,16246520.667345569,66.9967217000085,0.28779979144942647
2,2,14,55,948,-3814064.4179282617,-114811.57840581317,3415661.734791654,15331822.54081082,69.34809059998952,0.3021653543307087
2,2,15,54,1002,-3814064.4179282617,-342179.0126586088,2754037.2300397167,10700838.511048796,62.44162340002367,0.31711880261927033
2,2,16,53,1055,-3884643.107133111,23750.393068220113,4215928.191770205,13766121.026877556,62.67380799999228,0.33570159857904086
2,2,17,52,1107,-3884643.1071331855,206132.90772633284,4861020.798179811,14827502.328902049,75.88385540002491,0.3451178451178451
2,2,18,51,1158,-3884643.1071331855,-831959.5053075748,4501148.188988638,17950756.619596638,63.500061200000346,0.36509207365892715
2,2,19,50,1208,-3884643.1071331855,-1003811.8546219382,4203042.999313664,12891778.763395902,65.36816349998116,0.3837386018237082
2,2,20,49,1257,-3940247.477012936,226923.7706366801,5414000.590651174,13606663.388510467,56.163992599991616,0.3992727272727273
2,2,21,48,1305,-3940247.477012936,611957.7393263541,5786304.941545205,17559569.068983752,59.48109940002905,0.4110258199581298
2,2,22,47,1352,-3940247.477012936,-1345817.4156565263,3764675.1396464254,13519164.132815402,56.946985300048254,0.428380187416332
2,2,23,46,1398,-3940247.477012936,127582.6533383755,5722784.090570317,19915958.58532972,61.2664969000034,0.4395109395109395
2,2,24,46,1444,-3940247.477012936,-1497226.1686881995,4343465.083125398,13250053.862926517,66.04517550003948,0.44891640866873067
2,2,25,45,1489,-3940247.477012936,-2057078.592472271,3584400.5122441608,11223572.78538466,56.92575999995461,0.46117084826762245
2,2,26,44,1533,-3940247.477012936,-3086765.468588907,2153482.5954602906,9879809.632017465,49.79336010001134,0.47368421052631576
2,2,27,43,1576,-3953303.526025163,-1275159.4707879992,5120618.113124289,17974449.093118463,47.04105900001014,0.48428731762065097
2,2,28,42,1618,-3953303.526025163,-2872738.3627673113,2435927.365741885,7711573.285377799,45.3439870000002,0.49344978165938863
2,2,29,41,1659,-3953303.526025163,-2309222.729103864,2815914.733222301,7967726.132276938,46.27983419998782,0.5023898035050451
2,2,30,41,1700,-3953303.526025163,-2017617.671654361,4101525.1746277735,11559701.851043317,47.07965470000636,0.5103305785123967
2,2,31,40,1740,-3953303.526025163,-2688158.3365198723,2733686.03957187,9048733.66412173,44.328747499966994,0.5179021684316691
2,2,32,39,1779,-3961216.3287128657,-3334355.9563689986,1817125.6340959603,5083688.284230122,38.55363089998718,0.5251231527093596
2,2,33,38,1817,-3961216.3287128657,-3195677.9831976797,2320831.848943836,9113098.252416702,45.2994069000124,0.5310245310245311
2,2,34,38,1855,-3961216.328716293,-3865098.2756581544,112344.41097550631,-3392186.0397873856,41.78413869999349,0.5376293508936971
2,2,35,37,1892,-3961216.328716293,-3828327.0650575194,315436.11077108904,-2024251.6220039502,38.69513740000548,0.543778801843318
2,2,36,36,1928,-3961216.328716293,-3863941.8597577033,318952.5422107775,-1996319.4961777888,31.893773600051645,0.5497287522603979
2,2,37,36,1964,-3961216.328716293,-3784971.2988593504,613658.4317204686,-214863.3449205812,27.118384800036438,0.5561972456685917
2,2,38,35,1999,-3961912.452588305,-3884634.039123095,282450.27889499365,-2240624.2565506063,31.727553000033367,0.5615183246073299
2,2,39,34,2033,-3961912.452588305,-3935033.432650854,20314.40234248698,-3877415.5482701063,28.455330900033005,0.5664665523156089
2,2,40,34,2067,-3961912.452588305,-3926769.7833569916,50544.975859412014,-3696343.9106405172,24.59554750000825,0.5719712959054454
2,2,41,33,2100,-3961912.452588305,-3944428.6147770314,14778.400532247806,-3892361.4621266015,19.562526100024115,0.5776113191843529
2,2,42,32,2132,-3961912.452588305,-3939900.979837747,28036.15663760695,-3815013.231681755,18.77005290001398,0.5829228243021346
2,2,43,32,2164,-3961996.1148230974,-3946183.6814953056,17809.478715128258,-3863320.68462936,17.212798799970187,0.5880923450789793
2,2,44,31,2195,-3961996.1148230974,-3941307.735579961,32431.29053682043,-3826642.7583207637,16.825793299998622,0.5929628148740503
2,2,45,31,2226,-3961996.1148230974,-3949542.7110762596,9746.720404337206,-3914608.285416942,10.90603650000412,0.5979462875197472
2,2,46,30,2256,-3961996.1148230974,-3944541.3741580793,17550.121986783586,-3866759.3120929543,14.198258700023871,0.6021840873634945
2,2,47,29,2285,-3961996.1148230974,-3953484.2548717405,7255.607709291136,-3924871.208298929,15.720492899999954,0.6061657032755299
2,2,48,29,2314,-3961996.1148230974,-3949381.9251947515,14566.50552756804,-3884771.0641892552,13.177805199986324,0.6102857142857143
2,2,49,28,2342,-3961996.1148230974,-3949227.938839802,14360.979574248631,-3898992.846372852,8.485158300027251,0.6143987938183189
2,2,50,28,2370,-3961996.1148230974,-3952384.345735647,11171.965930252223,-3915626.8312461935,12.400170799985062,0.6181953765846383
2,2,51,27,2397,-3961996.1148230974,-3946250.6414203066,23918.75499502757,-3847177.851235021,8.942275600042194,0.6220007382798081
2,2,52,27,2424,-3962025.059110133,-3953075.246263866,14142.148876628084,-3899384.8595880903,14.940725399996154,0.6255023748629887
2,2,53,26,2450,-3962025.059110133,-3953430.9996165605,9558.029402457025,-3927601.212487582,7.574232599989045,0.6290264205573651
2,2,54,26,2476,-3962160.5763141774,-3957602.6231769193,5128.502146232025,-3941121.9168249406,5.453306600044016,0.6324847615632844
2,2,55,25,2501,-3962160.5763141774,-3955630.582307901,11806.568275170319,-3907607.471235035,6.119686399993952,0.6357498223169865
2,2,56,25,2526,-3962160.5763141774,-3957671.8250058056,5877.725936039088,-3942030.7463129945,6.556946899974719,0.6389573793589292
2,2,57,24,2550,-3962207.9061293025,-3959349.437623909,6328.465901738465,-3930501.0343127325,4.981700500007719,0.6419839329374781
2,2,58,24,2574,-3962351.5837520007,-3959860.7402416593,4170.338314088845,-3942819.820984157,4.967105800053105,0.6449601662625563
2,2,59,23,2597,-3962351.5837520007,-3960452.983768353,2015.5448163481874,-3956254.7297812216,5.023193700006232,0.647766323024055
2,2,60,23,2620,-3962351.5837520007,-3960952.374180588,3412.1752800331988,-3945196.1937182713,4.872477199998684,0.6505284691442209
2,2,61,23,2643,-3962351.5837616324,-3959365.852964431,5565.5252931978475,-3945569.4313389175,4.577541699982248,0.6532476319350473
2,2,62,22,2665,-3962434.103114644,-3960151.0926638558,3938.028192977029,-3946047.379977882,4.507984299969394,0.6558092679650772
2,2,63,22,2687,-3962448.2045792453,-3961275.6248412686,2021.1674551790225,-3955847.554008793,4.826464999991003,0.6583333333333333
2,2,64,21,2708,-3962448.2045792453,-3959468.5222767307,4724.140898376789,-3946068.1684817076,8.235285000002477,0.6607083747103608
2,2,65,21,2729,-3962448.2045792453,-3960860.345992752,3422.320720655911,-3947107.5832199324,7.6655958000337705,0.6630506245890861
2,2,66,20,2749,-3962448.2045792453,-3961685.7856455147,1222.5008582813443,-3956989.974299142,4.0401423999574035,0.6652514696276943
2,2,67,20,2769,-3962448.2045792453,-3961909.8496205835,1112.224166387377,-3957202.987952037,4.6638681999756955,0.6674237508111616
2,2,68,20,2789,-3962448.2045792453,-3960713.8266415023,3775.713084235985,-3946236.48339526,4.6742550999624655,0.6695680206318504
2,2,69,19,2808,-3962457.8699610624,-3961125.876047657,3741.7592610905394,-3946052.121853931,4.214455499954056,0.6715796219160526
2,2,70,19,2827,-3962457.8699610624,-3962069.48165756,1151.151082216305,-3957214.8663967196,4.256414700008463,0.6735668789808917
2,2,71,19,2846,-3962457.8699610624,-3960614.822874207,4940.414428225899,-3946174.753713716,4.2854748999816366,0.6755302310857867
2,2,72,18,2864,-3962457.8699610624,-3962085.8385455566,1148.6516856797323,-3957358.5770793073,4.469840999983717,0.6773685867170286
2,2,73,18,2882,-3962457.8699610624,-3960559.4626654107,5117.039976264168,-3945946.413479125,6.654820399999153,0.6791862284820032
2,2,74,18,2900,-3962457.8699610624,-3961175.3185378728,3835.119068565476,-3946119.5909273103,3.93015029997332,0.6809835045129162
2,2,75,17,2917,-3962464.4229660854,-3961436.132709433,3825.9471509169784,-3946133.631004315,4.135728800029028,0.6826625386996904
2,2,76,17,2934,-3962464.4229660854,-3962417.9679816673,31.102343396203153,-3962349.6599188857,4.079477499995846,0.6843239913766553
2,2,77,17,2951,-3962473.606955394,-3961481.92192265,3779.2598669574013,-3946366.052436352,4.08653020003112,0.6859681372549019
2,2,78,16,2967,-3962473.606955394,-3961417.565037947,3929.136673049939,-3946200.685491804,3.3681817000033334,0.6875
2,2,79,16,2983,-3962473.606955394,-3962100.4358870033,1259.6406519187017,-3957223.7613422666,3.5429884000332095,0.6890169902912622
2,2,80,16,2999,-3962473.606955394,-3961403.711553415,3960.3856829101405,-3946066.054036323,3.1623219000175595,0.6905193236714976
2,2,81,15,3014,-3962473.606955394,-3961349.9471925767,4063.2375359158937,-3946146.9572387096,3.3390489000012167,0.6919146378118425
2,2,82,15,3029,-3962473.606955394,-3961356.553907724,4039.4104657431453,-3946242.7977333274,3.2977841999963857,0.6932974266906045
2,2,83,15,3044,-3962473.7171011977,-3962449.7410012605,38.25657908633514,-3962314.8990631867,3.0125313000171445,0.6946678582067322
2,2,84,15,3059,-3962473.7171011977,-3961351.5325633944,4052.9230421467123,-3946187.2458875347,3.3902527000172995,0.6960260972716489
2,2,85,14,3073,-3962473.7171011977,-3961282.39414322,4206.02398468625,-3946117.9730917104,2.9684751000022516,0.6972829297105729
2,2,86,14,3087,-3962473.7171011977,-3961258.2884849682,4193.194629346214,-3946140.49617061,2.906468200031668,0.6985294117647058
2,2,87,14,3101,-3962474.134219341,-3962446.936610487,25.72452816684801,-3962387.464020526,2.9059236999601126,0.6997656707674282
2,2,88,13,3114,-3962474.8400611375,-3962460.3319451436,14.910840179740148,-3962432.9069299344,2.9524528000038117,0.7009045812664138
2,2,89,13,3127,-3962474.8400611375,-3962470.0211878996,5.413015268260967,-3962453.0873512086,2.795221999986097,0.7020348837209303
2,2,90,13,3140,-3962475.071714269,-3962066.433645903,1374.863878137499,-3957304.007661419,3.1678414999623783,0.703156675354764
2,2,91,13,3153,-3962475.071714269,-3959955.6653518504,5890.188780344226,-3946141.8232793473,3.1659939999808557,0.704270051933064
2,2,92,12,3165,-3962475.071714269,-3962466.0739600654,8.777073906335698,-3962439.9289513715,2.779111900017597,0.7052903967797585
2,2,93,12,3177,-3962475.071714269,-3961112.322756762,4507.709436633209,-3946161.9466170333,2.7215031000087038,0.7063037249283668
2,2,94,12,3189,-3962475.071714269,-3960241.9605424367,4664.395346877687,-3946132.194741966,2.7443484000395983,0.7073101085094232
2,2,95,12,3201,-3962475.071714269,-3960665.9979247954,4600.996503366366,-3946147.938460421,2.737000499968417,0.7083096186681844
2,2,96,12,3213,-3962475.071714269,-3962469.2276010434,9.52697831515956,-3962439.0982968416,3.0594308000290766,0.7093023255813954
2,2,97,11,3224,-3962475.071719425,-3961999.465379663,1486.375399938798,-3957299.197277615,2.6839776000124402,0.7102063895957026
2,2,98,11,3235,-3962475.071719425,-3962458.7884149295,29.526394942631875,-3962377.0576042067,2.705134999996517,0.7111048478015783
2,2,99,11,3246,-3962475.071719425,-3962466.6308758105,14.186136116323354,-3962430.122691838,2.7063121999963187,0.711997752177578
2,2,100,11,3257,-3962475.0722435173,-3962464.6078417967,14.904896758291422,-3962426.9729130417,2.6586093999794684,0.7128851540616247
2,2,101,10,3267,-3962475.0722435173,-3962469.4519661115,10.14237329995052,-3962440.377857035,2.568491099984385,0.7136871508379888
2,2,102,10,3277,-3962475.0722435173,-3962472.986810574,1.9348474827048538,-3962468.5673160236,2.5502997000003234,0.7144846796657381
2,2,103,10,3287,-3962475.0722435173,-3962462.400221077,28.876067811383574,-3962377.0426565167,2.5555587999988347,0.7152777777777778
2,2,104,10,3297,-3962475.0722435173,-3962472.169289101,2.7571883457911706,-3962466.3684276473,2.577749499992933,0.7160664819944599
2,2,105,10,3307,-3962475.0722435173,-3960840.162071365,4896.525579241463,-3946150.590566531,2.5868262999574654,0.7168508287292817
2,2,106,10,3317,-3962475.0722435173,-3961954.280820706,1553.866760844321,-3957292.703933971,2.657333299983293,0.7176308539944903
2,2,107,9,3326,-3962475.0722435173,-3962473.7498658756,1.873152361285137,-3962469.2312009167,2.5954914999892935,0.7183292113217917
2,2,108,9,3335,-3962475.0722435173,-3962474.0408487585,1.7382149420643533,-3962469.2108833436,2.4797580000013113,0.7190241228070176
2,2,109,9,3344,-3962475.0722435173,-3962473.062587853,4.098888137047585,-3962461.5640146043,2.5012672999873757,0.7197156138911677
2,2,110,9,3353,-3962475.0722435173,-3962473.0361202634,3.253456680108898,-3962464.4809595253,2.4429714999860153,0.7204037097654119
2,2,111,9,3362,-3962475.0722435173,-3962474.3437532964,0.6648960456209234,-3962472.7550401706,2.491187700012233,0.7210884353741497
2,2,112,8,3370,-3962475.0722435173,-3962472.4092465783,4.031305699231672,-3962462.7897639126,1.4299412000109442,0.7216942709747488
2,2,113,8,3378,-3962475.0722435173,-3962474.163517206,1.0478708358900235,-3962471.538408583,1.5607475999859162,0.7222974803576266
2,2,114,8,3386,-3962475.0722435173,-3962473.9804138816,1.0211652925529389,-3962471.790786715,1.530192399979569,0.7228980805623142
2,2,115,8,3394,-3962475.3964092117,-3962474.425449119,0.9621362165590155,-3962472.0816234313,1.8798917999956757,0.7234960884812517
2,2,116,8,3402,-3962475.3964092117,-3962471.936193166,3.555569641971946,-3962465.106182387,1.8024425999610685,0.7240915208613729
2,2,117,8,3410,-3962475.3964092117,-3962473.3442522194,1.9722112011521629,-3962470.0313382857,1.8837996000074781,0.7246843943056674
2,2,118,8,3418,-3962475.58808643,-3962474.935386725,0.4485405204846204,-3962474.078828804,1.7963213000330143,0.7252747252747253
2,2,119,7,3425,-3962475.58808643,-3962474.2162383436,1.279668385203237,-3962471.1816374194,1.7708530999952927,0.7257891920813269
2,2,120,7,3432,-3962475.58808643,-3962473.582542498,1.58566074878123,-3962470.110914573,1.4486218999954872,0.7263017356475301
2,2,121,7,3439,-3962475.58808643,-3962474.843176043,0.47389740728630386,-3962473.970020702,1.7870328999706544,0.7268123667377399
2,2,122,7,3446,-3962475.58808643,-3962474.806426964,0.18416905534781586,-3962474.5421460215,1.4174956000060774,0.7273210960361798
2,2,123,7,3453,-3962475.58808643,-3962474.495812995,1.0176518357189457,-3962472.0498370547,1.4559567000251263,0.7278279341476368
2,2,124,7,3460,-3962475.58808643,-3962474.396405802,0.773248992893529,-3962472.606447585,1.4552449000184424,0.7283328915981977
2,2,125,7,3467,-3962475.58808643,-3962474.5135380276,0.335115602469161,-3962473.9823441673,1.4471642000135034,0.7288359788359788
2,2,126,7,3474,-3962475.58808643,-3962474.9573333696,0.21650610406132587,-3962474.706906939,1.7732312000007369,0.7293372062318458
2,2,127,6,3480,-3962475.58808643,-3962475.0453150324,0.2127317337209544,-3962474.7821477707,1.6478220000280999,0.7297653572370155
2,2,128,6,3486,-3962475.58808643,-3962474.6315889047,0.3310215194885374,-3962474.115834696,1.6350343000376597,0.7301921558304817
2,2,129,6,3492,-3962475.58808643,-3962474.32509236,0.8931225827189069,-3962472.526756067,1.6261179999564774,0.7306176084099869
2,2,130,6,3498,-3962475.58808643,-3962474.9630033914,0.30274822364932236,-3962474.541644858,1.3403934999951161,0.7310417213329835
2,2,131,6,3504,-3962475.58808643,-3962474.912644474,0.29882299537406876,-3962474.6403451897,1.3666732999845408,0.7314645009169505
2,2,132,6,3510,-3962475.58808643,-3962474.841349935,0.39606733899483126,-3962474.063579509,1.7025774999638088,0.7318859534397071
2,2,133,6,3516,-3962475.58808643,-3962475.0238392036,0.3690242705774765,-3962474.2263580933,1.631815499975346,0.7323060851397232
2,2,134,6,3522,-3962475.58808643,-3962473.663954618,2.7814732429996307,-3962467.5291726794,1.6375036999816075,0.7327249022164276
2,2,135,5,3527,-3962475.58808643,-3962474.607836202,0.45581533255856826,-3962474.138617931,1.246987899998203,0.7330729166666666
2,2,136,5,3532,-3962475.58808643,-3962469.291918376,9.35712933132518,-3962450.8089803364,1.273393900017254,0.7334200260078023
2,2,137,5,3537,-3962475.58808643,-3962474.532930769,0.387675276159673,-3962473.932569787,1.5787541000172496,0.7337662337662337
2,2,138,5,3542,-3962475.58808643,-3962474.3467513868,0.6763322065658015,-3962473.23906547,1.242527499969583,0.7341115434500648
2,2,139,5,3547,-3962475.58808643,-3962475.0281756944,0.38371069515192985,-3962474.391572859,1.2721511999843642,0.7344559585492227
2,2,140,5,3552,-3962475.58808643,-3962475.23986693,0.22438343713400105,-3962474.8338325564,1.2709352999809198,0.7347994825355757
2,2,141,5,3557,-3962475.58808643,-3962474.5066838874,0.28034922208724083,-3962474.172819555,1.2810572999878787,0.7351421188630491
2,2,142,5,3562,-3962475.58808643,-3962472.2231779965,3.254774028217543,-3962466.0268483404,1.270356900000479,0.7354838709677419
2,2,143,5,3567,-3962475.58808643,-3962474.135222105,1.1596215198782474,-3962471.9234447703,1.5660213999799453,0.7358247422680413
2,2,144,5,3572,-3962475.58808643,-3962473.3487975923,1.775720665778736,-3962471.0882903915,1.6184054999612272,0.7361647361647362
2,2,145,5,3577,-3962475.58808643,-3962473.2734528286,1.9914752713694515,-3962469.7093518153,1.587555899983272,0.7365038560411311
2,2,146,4,3581,-3962475.58808643,-3962472.83417429,2.9537322553083687,-3962468.2352097146,1.1656164999585599,0.7367745249101181
2,2,147,4,3585,-3962475.58808643,-3962473.2290318147,1.688738645930652,-3962470.5465714,1.19769100000849,0.7370446382760389
2,2,148,4,3589,-3962475.58808643,-3962471.145374789,7.222469781006402,-3962458.6367400363,1.2091417000046931,0.7373141978472578
2,2,149,4,3593,-3962475.58808643,-3962474.2349238205,0.24420253798746047,-3962473.9103255775,1.2025965999928303,0.7375832053251408
2,2,150,4,3597,-3962475.5991498455,-3962474.865165847,0.4344954841112658,-3962474.527032191,1.197098700038623,0.7378516624040921
2,3,0,72,72,52432946.03947516,226270342.8143674,94632142.70219152,451542495.8144423,172.81991090002703,0.234375
2,3,1,72,144,31027899.47527668,188087487.27935064,90135868.46533835,464860548.9611268,181.4448890000349,0.2546816479400749
2,3,2,69,213,10702883.41429491,140484813.36503047,87625980.90759495,365899628.23816293,159.54371910000918,0.26109660574412535
2,3,3,68,281,5453165.4880729625,92895973.52164693,71713656.57942666,295537670.8092997,144.82592720002867,0.2540983606557377
2,3,4,67,348,3609795.570580084,78178401.04253143,72309601.99235025,304821423.7013044,117.18921759998193,0.25524475524475526
2,3,5,65,413,3609795.570580084,43067496.38444715,42728956.130201004,170894645.06424475,101.81923289998667,0.26053042121684866
2,3,6,64,477,-20362.09501131624,26582859.10367945,23597109.36547588,120129418.1998952,90.42006120004226,0.2680851063829787
2,3,7,63,540,-20362.09501131624,22625555.03835765,26907247.12016312,120672719.31140527,78.51984670001548,0.271523178807947
2,3,8,62,602,-1523560.5638397485,14156781.551323403,20275759.297359042,103354018.7121326,61.06749300000956,0.2810539523212045
2,3,9,61,663,-3580746.5952929202,12097555.575895427,19073161.737827826,94348198.95397986,56.27634449995821,0.28588516746411485
2,3,10,59,722,-3580746.5952929202,6633876.096569406,8339226.2150772335,36292966.702116705,54.901896800030954,0.28768699654775604
2,3,11,58,780,-3580746.5952929202,4074627.958465543,5625383.691121491,28511657.116468888,62.31853600003524,0.2983606557377049
2,3,12,57,837,-3580746.5952929202,4853031.666438858,7596282.708716822,40535122.19709952,63.56376970000565,0.30761209593326383
2,3,13,56,893,-3671980.1256209835,2938014.281875121,6851093.4015878495,34834932.26353279,60.48797109996667,0.3230616302186879
2,3,14,55,948,-3671980.1256320477,2941945.332268183,6353020.165639524,34553841.54773982,56.93739199999254,0.3342857142857143
2,3,15,54,1002,-3671980.1256320477,1717497.2686470372,4162762.17862666,13283352.967055224,53.820429100014735,0.3521897810218978
2,3,16,53,1055,-3886470.141900517,1603610.9771395042,5446302.80632514,17789825.12883324,61.80388459999813,0.36387434554973824
2,3,17,52,1107,-3891468.612878302,65256.923749574584,4287208.760461581,17661834.638218336,61.31144280004082,0.379281537176274
2,3,18,51,1158,-3911648.820206262,-225978.30808729207,3651501.172599861,12063145.091099337,64.09803870000178,0.39185953711093374
2,3,19,50,1208,-3911648.820206262,127408.30663074648,5086909.274931469,22645719.440048914,62.66966980003053,0.40565317035905274
2,3,20,49,1257,-3929980.1819029935,-278072.81081683416,3725259.82983517,11288383.304851511,70.26967910001986,0.4224326292789512
2,3,21,48,1305,-3929980.1819029935,-347464.8791778569,5775131.336519232,25865883.318405017,58.87465169996722,0.4366689993002099
2,3,22,47,1352,-3931143.9360178746,483394.3494245471,4755583.332309916,13232259.788492538,51.79524730000412,0.45030425963488846
2,3,23,46,1398,-3931143.9360178746,-237740.0728488231,5228936.096394348,20155856.62427029,53.40599659999134,0.4611365120836055
2,3,24,46,1444,-3931143.9360178746,-348621.3149506022,4670385.393589095,12650411.171656515,61.498732800013386,0.46999368288060644
2,3,25,45,1489,-3931143.9360178746,-1063404.6373142488,4667041.322405853,13468109.413811268,50.016797499964014,0.4807103490508267
2,3,26,44,1533,-3935138.1527674813,-274621.3645442994,5360088.408040392,15658006.609125022,51.49467859999277,0.49108204518430437
2,3,27,43,1576,-3935138.1527674813,-1566608.4638696222,3875979.6637261943,12493914.24641526,49.21082320000278,0.5023068050749712
2,3,28,42,1618,-3944858.3239395954,-1995550.607151282,3810697.6593077416,12650411.171665363,46.08078509999905,0.5103991006183249
2,3,29,41,1659,-3944858.3239395954,-2600400.0294112572,2878465.6282859445,11140323.336875493,38.02173540001968,0.5206157229246839
2,3,30,41,1700,-3955091.3345154636,-2651356.562462356,3286704.3857584554,12269392.489505015,34.7923089999822,0.5308310991957105
2,3,31,40,1740,-3955091.3345154636,-2033150.4573429846,3444637.0567251635,8997269.508079305,42.09163800004171,0.5372117400419287
2,3,32,39,1779,-3955091.3345154636,-3269532.1491375016,1964427.6052056216,8410828.64807173,36.263612999988254,0.545687885010267
2,3,33,38,1817,-3955091.3345154636,-3030872.009873434,2682287.231372013,8686760.234553987,33.42078759998549,0.5543259557344065
2,3,34,38,1855,-3957233.0678659845,-3706241.652531972,605758.8897415235,-844308.3605102524,30.264416699996218,0.5623459832429768
2,3,35,37,1892,-3957233.0678659845,-3765601.98846018,508357.5392488839,-773149.9981351346,26.60034750000341,0.5701160541586073
2,3,36,36,1928,-3957233.0678659845,-3783629.5435539186,526218.4687768653,-730448.7739473581,24.750461400020868,0.5774714828897338
2,3,37,36,1964,-3957233.0678659845,-3325517.722508436,2287922.3598523405,9223019.379642064,31.557950799993705,0.5841121495327103
2,3,38,35,1999,-3957753.1595799867,-3865306.313251697,123176.9917139496,-3382031.106393937,26.665921600011643,0.5905330882352942
2,3,39,34,2033,-3960026.68971782,-3898587.684123526,85378.98125705462,-3607249.7083617765,18.345019100001082,0.5968325791855204
2,3,40,34,2067,-3960026.68971782,-3909424.2650838136,53876.75340978886,-3704984.4850458913,29.213146099995356,0.6028495102404274
2,3,41,33,2100,-3961127.8480762187,-3871286.773123607,132788.70717996208,-3467495.178395057,24.88857160002226,0.6080666374397194
2,3,42,32,2132,-3961127.8480762187,-3894047.7138611665,124874.93683703784,-3302369.7003233656,19.979641300044023,0.6132238547968885
2,3,43,32,2164,-3961127.8480762187,-3909904.304111927,88031.73126432343,-3507529.3890837375,23.377138300042134,0.6182360460161909
2,3,44,31,2195,-3961127.8480762187,-3915472.9949390315,81974.15466359051,-3540594.6913231146,14.163437100010924,0.6232127838519764
2,3,45,31,2226,-3961127.8480762187,-3940353.7551182127,19385.88654737828,-3871582.304654753,13.303064199979417,0.6280614362806144
2,3,46,30,2256,-3961127.8480762187,-3938843.1437690915,28090.566550976837,-3822714.814074481,11.096151200006716,0.6326363263632636
2,3,47,29,2285,-3961127.8480762187,-3944364.0044312705,32855.90894748829,-3782463.3682810646,11.459847300022375,0.6369529983792545
2,3,48,29,2314,-3962167.7280763723,-3946389.0568186026,21566.23014723026,-3858774.853117507,11.208112600026652,0.6411694032839407
2,3,49,28,2342,-3962167.7280763723,-3954034.8499939716,13318.060771458631,-3906729.246414885,7.837108800013084,0.6451485148514852
2,3,50,28,2370,-3962167.7280763723,-3953040.5053396374,8451.405033701794,-3929006.9561504796,9.331031600013375,0.6490403446925186
2,3,51,27,2397,-3962167.7280763723,-3957270.7744159363,4833.980960632797,-3943216.6752680186,8.476417500001844,0.6527131782945736
2,3,52,27,2424,-3962184.7407529242,-3956950.7798710307,6196.910907258466,-3935854.8737472426,6.493852900050115,0.6563099347909475
2,3,53,26,2450,-3962184.7407529242,-3959500.792394438,2375.438555380341,-3953103.3206089307,7.682594499958213,0.6597037599696164
2,3,54,26,2476,-3962426.839707004,-3956881.961726589,6451.517753898199,-3935762.174417775,6.4577403999865055,0.6630312147423844
2,3,55,25,2501,-3962426.839707004,-3958444.096297325,4404.436522973887,-3942209.0227843598,5.766339999972843,0.6661698956780924
2,3,56,25,2526,-3962426.839707004,-3959247.343534844,4548.688504913813,-3943045.878158439,5.868084600020666,0.6692506459948321
2,3,57,24,2550,-3962426.839707004,-3959379.7339175693,4548.163644058983,-3942163.3905285522,5.433094000036363,0.6721551408708379
2,3,58,24,2574,-3962457.522864856,-3961414.3178493422,1602.3199820011096,-3956432.5728279334,9.19145700003719,0.6750090678273486
2,3,59,23,2597,-3962457.522864856,-3960407.802950152,3197.5332073647346,-3950205.4130586963,4.9591996999806724,0.6776978417266187
2,3,60,23,2620,-3962457.522864856,-3961518.972832852,1410.4989908112318,-3956481.636975292,5.363416399981361,0.6803424901890831
2,3,61,23,2643,-3962457.522864856,-3960369.231658773,2295.3582671490494,-3956561.3258111365,5.715958599990699,0.6829440905874027
2,3,62,22,2665,-3962466.544988623,-3960682.066224249,2011.0415203890143,-3957061.2203567773,5.04632289998699,0.6853932584269663
2,3,63,22,2687,-3962466.544988623,-3961747.152184764,953.8127574536214,-3958788.1686549746,5.197993499983568,0.6878048780487804
2,3,64,21,2708,-3962466.544988623,-3960822.685961003,2228.148211240899,-3954839.83523692,4.7867875000229105,0.6900726392251816
2,3,65,21,2729,-3962466.544988623,-3960891.167586057,1910.597556563217,-3957135.67713142,4.77077449997887,0.6923076923076923
2,3,66,20,2749,-3962466.544988623,-3961872.5922402455,1233.6069661038978,-3957089.318105269,4.563294799998403,0.694406548431105
2,3,67,20,2769,-3962466.544988623,-3962075.164905445,1114.5511003902996,-3957228.011853339,4.786871100019198,0.6964769647696477
2,3,68,20,2789,-3962466.544988623,-3962230.304670169,231.96107752632255,-3961484.6541371886,4.692397200036794,0.6985195154777928
2,3,69,19,2808,-3962467.294234136,-3962069.510332269,1131.7075258248974,-3957292.0744601395,4.37926229997538,0.7004346372450685
2,3,70,19,2827,-3962467.294234136,-3960956.4685426787,2238.8888293910554,-3956951.072413437,4.548741400009021,0.7023255813953488
2,3,71,19,2846,-3962471.2876525167,-3961849.8987020347,1579.1309120692063,-3957242.7665359974,4.521959999983665,0.7041928029052492
2,3,72,18,2864,-3962471.2876525167,-3960929.1745545664,2274.110038937528,-3957199.400255196,4.413556499988772,0.7059402691171645
2,3,73,18,2882,-3962473.087831311,-3961257.0615618695,2162.606248070593,-3957180.5264357347,4.303024600027129,0.7076672104404568
2,3,74,18,2900,-3962473.087831311,-3962065.5332010067,1170.5505667599004,-3957263.784766352,4.554707499977667,0.7093739863769056
2,3,75,17,2917,-3962473.087831311,-3961144.1604339294,2227.9566094762963,-3956834.37119177,4.3140077000134625,0.7109677419354838
2,3,76,17,2934,-3962473.087831311,-3962328.6925278753,170.90205811420316,-3961737.401159115,4.175918199995067,0.7125441129290985
2,3,77,17,2951,-3962473.087831311,-3961500.359998731,1939.521938244601,-3957293.401693538,4.265609699999914,0.7141033822590938
2,3,78,16,2967,-3962473.087831311,-3961751.448250006,1706.7205870889857,-3957211.4953151774,3.8545801999862306,0.7155555555555555
2,3,79,16,2983,-3962473.087831311,-3961062.2229975495,4049.6007708472507,-3946148.011266373,3.8291442999616265,0.7169930511686671
2,3,80,16,2999,-3962473.087831311,-3962058.291826738,1241.7835137005998,-3957276.895389747,3.761919600015972,0.7184160905091138
2,3,81,15,3014,-3962473.087831311,-3962443.8400775953,27.38916643054214,-3962393.971996134,3.2409295000252314,0.7197372536753206
2,3,82,15,3029,-3962473.42136061,-3962455.5694478094,18.001888382058883,-3962410.774777038,3.2148400000296533,0.7210460772104608
2,3,83,15,3044,-3962474.700684931,-3961734.5883440054,1760.0163602860334,-3957228.113889629,3.4151060999720357,0.7223427331887202
2,3,84,15,3059,-3962474.700684931,-3962460.9213890927,8.382516773495608,-3962449.19614253,3.6659634999814443,0.7236273904996916
2,3,85,14,3073,-3962474.700684931,-3961337.7787829265,2141.7420474061546,-3957209.070423754,3.142686799983494,0.7248157248157249
2,3,86,14,3087,-3962474.700684931,-3962466.1768871187,11.204535674745793,-3962433.706969954,3.453018600004725,0.7259938837920489
2,3,87,14,3101,-3962474.700684931,-3962096.7746930607,1327.7934166148561,-3957309.494512437,3.1599382999702357,0.7271619975639464
2,3,88,13,3114,-3962474.700684931,-3961202.6018171553,4363.5713626729,-3946086.896629192,2.901760999986436,0.7282377919320594
2,3,89,13,3127,-3962474.708970325,-3962070.2364145196,1376.5643431524302,-3957301.730767425,3.24451589997625,0.7293051359516616
2,3,90,13,3140,-3962474.9212090448,-3962470.204214471,7.383846611862668,-3962447.6417398844,3.154762199963443,0.7303641287992778
2,3,91,13,3153,-3962474.9213137925,-3962072.1175567056,1373.6889875551062,-3957313.5752463546,3.1773603999754414,0.7314148681055156
2,3,92,12,3165,-3962474.9624612387,-3962469.6643152884,11.51357020995236,-3962432.139983775,2.8694955999962986,0.7323775388291517
2,3,93,12,3177,-3962474.995082803,-3962472.200862441,3.12301078258937,-3962465.6122018658,3.195263299974613,0.7333333333333333
2,3,94,12,3189,-3962475.0483353306,-3962041.2199657783,1429.22779881579,-3957301.017798623,3.0837822999455966,0.734282325029656
2,3,95,12,3201,-3962475.0483353306,-3962473.155469322,2.6248735842787214,-3962464.9474477433,2.8112116000265814,0.735224586288416
2,3,96,12,3213,-3962475.0483353306,-3962474.0017939606,0.9246410436109682,-3962471.9118426926,3.0891548999934457,0.7361601884570083
2,3,97,11,3224,-3962475.0483353306,-3959505.1041881163,6294.1089401532245,-3946150.4819879197,5.270479600003455,0.7370120340475491
2,3,98,11,3235,-3962475.0483353306,-3962472.319969563,3.32313349441874,-3962463.5009060316,2.5366285999771208,0.73785839672323
2,3,99,11,3246,-3962475.0483543854,-3962474.449536421,0.5927958854354123,-3962473.351342818,3.004360699967947,0.7386993292505104
2,3,100,11,3257,-3962475.0483543854,-3962473.810260439,1.3388530528402536,-3962471.0218268055,2.7571379999862984,0.7395348837209302
2,3,101,10,3267,-3962475.0483543854,-3960323.8022055887,4968.294021239003,-3946154.1096527036,2.648930700030178,0.7402898550724638
2,3,102,10,3277,-3962475.0483543854,-3962470.8614647947,8.457774847536145,-3962445.9313126802,3.0291694999905303,0.7410404624277457
2,3,103,10,3287,-3962475.0502395052,-3962473.7686664658,1.2669009021542539,-3962471.759701865,2.6690931000048295,0.7417867435158502
2,3,104,10,3297,-3962475.2950838935,-3962474.269857546,1.0370089054329288,-3962471.584843265,2.649428899982013,0.7425287356321839
2,3,105,10,3307,-3962475.2950838935,-3962473.8997463174,2.205347467122138,-3962467.5459967144,2.6416033999994397,0.7432664756446992
2,3,106,10,3317,-3962475.2950838935,-3962474.402037519,0.542630145389231,-3962473.4553665407,2.5682919999817386,0.744
2,3,107,9,3326,-3962475.2950838935,-3962472.714563186,5.81857058518741,-3962456.285132995,2.6262030000216328,0.7446565973211742
2,3,108,9,3335,-3962475.2950838935,-3961898.824638773,1627.081748409407,-3957296.743296461,2.610481299983803,0.7453098351335986
2,3,109,9,3344,-3962475.2950838935,-3962474.717777761,0.40429254097506345,-3962473.7999681234,2.505262800026685,0.7459597391550893
2,3,110,9,3353,-3962475.2950838935,-3961899.2903464576,1627.1564523879651,-3957296.997163251,2.53795159998117,0.746606334841629
2,3,111,9,3362,-3962475.2950838935,-3962474.6689627003,0.2995589640107374,-3962474.163980592,2.5109445999842137,0.7472496473906911
2,3,112,8,3370,-3962475.468082154,-3962475.093171238,0.17614515869856662,-3962474.9365455266,2.1503523000283167,0.7478187447227694
2,3,113,8,3378,-3962475.468082154,-3962474.6095737377,0.39919911132246383,-3962473.681085475,1.9664784999913536,0.7483852850322943
2,3,114,8,3386,-3962475.4706384186,-3962474.8671557624,0.3623460725735191,-3962474.318779964,1.7624681000015698,0.7489492855141496
2,3,115,8,3394,-3962475.473785186,-3962475.0371088684,0.28614118684489626,-3962474.4959673304,1.9205587999895215,0.7495107632093934
2,3,116,8,3402,-3962475.473785186,-3962473.6779400236,3.120174898967826,-3962465.4514580593,1.8345967999775894,0.7500697350069735
2,3,117,8,3410,-3962475.473785186,-3962474.8691400103,0.25950911042385405,-3962474.195460614,1.8426631999900565,0.7506262176454217
2,3,118,8,3418,-3962475.473785186,-3962475.0219464186,0.21810473303734979,-3962474.5328972414,1.837679400050547,0.7511802277145238
2,3,119,7,3425,-3962475.473785186,-3962474.911053335,0.29695481654632644,-3962474.497914603,1.7644987999810837,0.7516629711751663
2,3,120,7,3432,-3962475.473785186,-3962474.447678637,0.47640452287334756,-3962473.631919451,1.7704148000339046,0.7521438450899032
2,3,121,7,3439,-3962475.473785186,-3962474.890809335,0.3113709844798019,-3962474.1944677643,1.5160559000214562,0.7526228602981778
2,3,122,7,3446,-3962475.473785186,-3960143.137897133,5711.369571041259,-3946153.196724914,1.4760852999752387,0.7531000275558005
2,3,123,7,3453,-3962475.473785186,-3961735.1672421205,1811.8539660256586,-3957297.049635552,1.616823599964846,0.7535753575357536
2,3,124,7,3460,-3962475.473785186,-3960143.2107103146,5710.178835530231,-3946156.1863493416,1.9307766000274569,0.7540488608289871
2,3,125,7,3467,-3962475.473785186,-3961734.4246489904,1812.7417022495185,-3957294.1326977853,1.6776405000127852,0.7545205479452055
2,3,126,7,3474,-3962475.473785186,-3957812.404277978,7371.909543684713,-3946155.848121468,1.711376500024926,0.754990429313645
2,3,127,6,3480,-3962475.473785186,-3962474.7944140253,0.3124583497837036,-3962474.460372785,1.6915873000398278,0.7553917553917554
2,3,128,6,3486,-3962475.473785186,-3962474.8344201683,0.22476054609022872,-3962474.5743074175,1.5141413999954239,0.7557917688743527
2,3,129,6,3492,-3962475.473785186,-3961611.841527334,1929.6657250224905,-3957296.9778309204,1.7021540999994613,0.7561904761904762
2,3,130,6,3498,-3962475.473785186,-3962474.3123148247,0.5809125734423345,-3962473.236022899,1.5126295000081882,0.7565878837272481
2,3,131,6,3504,-3962475.473785186,-3961611.8225234724,1929.1505790035544,-3957298.1107907947,1.5291053999681026,0.7569839978302143
2,3,132,6,3510,-3962475.473785186,-3962474.1647058614,0.5342986970917355,-3962473.1974627934,1.7939627000014298,0.7573788248036827
2,3,133,6,3516,-3962475.473785186,-3962474.5706557804,0.5672005407604318,-3962473.509585997,1.5384557000361383,0.7577723709110571
2,3,134,6,3522,-3962475.473785186,-3962474.6782181547,0.6138808712262702,-3962473.5087131634,1.5429799999692477,0.7581646423751687
2,3,135,5,3527,-3962475.473785186,-3962475.001366279,0.24281513044665856,-3962474.6767487526,1.439769399992656,0.7584905660377359
2,3,136,5,3532,-3962475.4739650674,-3961439.768277983,2069.239871039258,-3957301.288736932,1.4405262999935076,0.7588156123822342
2,3,137,5,3537,-3962475.4739650674,-3962474.6402918235,0.27340394872222007,-3962474.1866932884,1.655412400024943,0.7591397849462366
2,3,138,5,3542,-3962475.4739650674,-3961439.5405626968,2069.5138374170406,-3957300.5130110383,1.6446154000004753,0.7594630872483221
2,3,139,5,3547,-3962475.4739650674,-3961439.3405681914,2071.567035445896,-3957296.206501581,1.6784112000023015,0.7597855227882038
2,3,140,5,3552,-3962475.4739650674,-3961439.7335135536,2069.1673141375763,-3957301.399008075,1.3698610999854282,0.760107095046854
2,3,141,5,3557,-3962475.5563931987,-3962474.6234730883,0.7705182528505399,-3962473.2292589713,1.5997303000185639,0.760427807486631
2,3,142,5,3562,-3962475.5563931987,-3962474.2347210003,0.9219280967005996,-3962472.5101654194,1.9528950999956578,0.7607476635514019
2,3,143,5,3567,-3962475.5563931987,-3962474.8110886007,0.4433370364165388,-3962474.1029123254,1.7576386000146158,0.7610666666666667
2,3,144,5,3572,-3962475.5563931987,-3962474.2612183676,0.38314406833562187,-3962473.5309340023,1.7714857999817468,0.7613848202396805
2,3,145,5,3577,-3962475.5563931987,-3962474.603789516,0.6016551039644273,-3962473.699178027,1.76427500002319,0.7617021276595745
2,3,146,4,3581,-3962475.5563931987,-3962475.032328312,0.26646977755074897,-3962474.57109287,1.7501859000185505,0.7619553666312433
2,3,147,4,3585,-3962475.5563931987,-3962474.324758429,0.8098083694682426,-3962473.435235774,1.5178078999742866,0.7622080679405521
2,3,148,4,3589,-3962475.5563931987,-3962474.5974082607,0.5983637583994852,-3962473.56296554,1.2887495000031777,0.7624602332979852
2,3,149,4,3593,-3962475.5563931987,-3962474.8292063167,0.42792682180675995,-3962474.1004776526,1.3083707999903709,0.7627118644067796
2,3,150,4,3597,-3962475.5563931987,-3962474.2419056552,0.41872575532949274,-3962473.542879518,1.4243344999849796,0.762962962962963
2,4,0,72,72,13201136.783029854,217834092.4564214,109315518.12012884,446321401.9095219,188.6438202999998,0.3046875
2,4,1,72,144,3661794.346980281,163912817.55872816,96143371.48115814,443652817.6966624,167.41254160000244,0.33073929961089493
2,4,2,69,213,1815956.134704845,95035467.49609987,74148032.69280437,294619423.9621637,126.09824389999267,0.3352272727272727
2,4,3,68,281,1398632.165816322,63428846.11055953,60592952.60348701,309879880.25901884,106.01756110001588,0.3541666666666667
2,4,4,67,348,-942011.7010008506,35114730.68757197,43640485.23034101,222714566.9980347,90.14246030000504,0.35685483870967744
2,4,5,65,413,-1894706.7426063195,17573178.81731832,20348413.49429103,102352398.48215741,80.77172309998423,0.3810375670840787
2,4,6,64,477,-2042061.8569063023,11475685.406228323,13893131.834367706,66783283.232438244,70.19543419999536,0.3918032786885246
2,4,7,63,540,-3547774.7835104223,7103182.863944377,8140715.500541817,35869531.94187218,72.75594730000012,0.3899848254931715
2,4,8,62,602,-3547774.7835104223,4801129.079655081,6076523.196739182,23873032.266907524,60.88243309996324,0.4045261669024045
2,4,9,61,663,-3547774.7835104223,3692157.7770136455,5865313.016865943,28302552.708686322,59.06087919999845,0.40963855421686746
2,4,10,59,722,-3682942.729851231,2584545.8002981204,5224156.452264752,16821653.29907524,68.5059229999897,0.42351453855878635
2,4,11,58,780,-3688191.1154521387,2869035.334138578,5841550.210309598,29034698.774087798,68.30737120000413,0.4397163120567376
2,4,12,57,837,-3688191.1154521387,3657487.428425794,6700027.574159601,22219511.504565943,67.26548259996343,0.4488888888888889
2,4,13,56,893,-3688191.1154521387,2065993.1280299986,4917267.203492238,18954795.07217932,68.02131889999146,0.45855194123819515
2,4,14,55,948,-3688191.1154521387,2211465.316693049,5187061.614100633,15734018.008568471,63.757480299973395,0.46865671641791046
2,4,15,54,1002,-3688191.1154521387,481378.36159349093,3829153.4461174947,14623615.355400763,56.888607700006105,0.4849056603773585
2,4,16,53,1055,-3688191.1154521387,1171873.301160318,5664472.503642706,18360102.095469423,69.792451300018,0.49508489722966936
2,4,17,52,1107,-3688191.1154521387,1699524.622680688,6517038.273477268,23240975.365106568,58.47682649997296,0.5042808219178082
2,4,18,51,1158,-3688191.115473924,972344.832740834,6081476.789219318,22661962.639827143,62.12842929997714,0.516734693877551
2,4,19,50,1208,-3688191.115473924,1525565.9949127752,6140372.5391216,24075541.792647675,55.38761360000353,0.5301016419077405
2,4,20,49,1257,-3846004.1658121236,55733.749139368156,4752690.817197782,19008475.503249392,59.11574910004856,0.5419790104947526
2,4,21,48,1305,-3846004.1658121236,886835.3559452943,6072256.199909049,26917387.429208,63.81648209999548,0.5525179856115108
2,4,22,47,1352,-3846004.1658121236,899496.2528767205,5596355.607937482,20693491.356088873,47.39073670003563,0.5594405594405595
2,4,23,46,1398,-3846004.1658121236,1319453.716805564,5065268.052810797,17548222.890181143,55.271835100022145,0.5675675675675675
2,4,24,46,1444,-3846004.1658121236,358030.0260604091,4476961.204815995,11673301.137827601,55.75006610003766,0.5757180156657964
2,4,25,45,1489,-3865671.0108645316,96141.974134326,5455330.031931518,23683138.931477137,59.24419110000599,0.5818066961465572
2,4,26,44,1533,-3896449.1514608506,-91754.76671099146,5160720.718313195,19879194.833095487,51.46585319994483,0.5897121861604409
2,4,27,43,1576,-3896449.1514608506,837102.8815127115,6998542.325584723,33094179.269323085,53.72727329999907,0.5959595959595959
2,4,28,42,1618,-3896449.1514608506,35644.46002847919,4877137.791336485,14047866.512494866,48.56721430004109,0.6036972848064702
2,4,29,41,1659,-3917155.6972732544,-350406.8758164759,5055367.1791582145,21095164.892332904,44.92333640001016,0.6107042253521127
2,4,30,41,1700,-3917155.6972732544,-605396.8297607085,4750742.650753994,19052912.196922597,49.59313860000111,0.615934065934066
2,4,31,40,1740,-3917155.6972732544,1377026.5429930491,7583192.279561097,24691415.760975167,49.690230300009716,0.6196351931330472
2,4,32,39,1779,-3917155.6972732544,-287241.0015225066,4370423.631671917,11940250.403644076,44.358931399998255,0.6252620545073375
2,4,33,38,1817,-3917155.6972732544,771013.3577055082,6038839.367204371,22720872.792170197,41.36568940000143,0.6311475409836066
2,4,34,38,1855,-3936388.9815605227,-21805.198148119274,4749859.292953458,12397383.871222246,45.72742790001212,0.6350877192982456
2,4,35,37,1892,-3936388.9815605227,-691741.3377136475,4675654.432782146,16235938.880004592,43.485274699982256,0.6394891944990176
2,4,36,36,1928,-3936388.9815605227,-1085604.5193455648,4336759.019840299,11693984.400613384,41.03340399998706,0.6432015429122468
2,4,37,36,1964,-3940329.7947021686,1492575.4868642678,7592606.810186408,33624078.690892674,44.79431879997719,0.6453598484848485
2,4,38,35,1999,-3954104.486230092,-719360.1314870229,4505832.718708552,12977762.103573512,45.3401136000175,0.6487238979118329
2,4,39,34,2033,-3954104.486230092,-840985.1048163039,4424918.963467931,11960272.562753968,39.096223399974406,0.6523917995444192
2,4,40,34,2067,-3954104.486230092,1066317.8800903712,7313648.822474786,21535337.23514909,34.98394270002609,0.6551414458913336
2,4,41,33,2100,-3954104.486230092,-452637.9163208349,4380662.898894331,11592003.391448237,37.81970049999654,0.6576855123674912
2,4,42,32,2132,-3954104.486230092,-666328.9051472838,5044078.264936409,20657740.07698671,37.84636199998204,0.6600086843247938
2,4,43,32,2164,-3954104.486230092,-2128452.8201372717,2982774.3808153816,6838746.784648227,35.44616350001888,0.6628205128205128
2,4,44,31,2195,-3954104.486230092,-894815.0824696945,6475496.397914928,28861379.88395688,35.16987700003665,0.6661045531197302
2,4,45,31,2226,-3954104.486230092,-2212434.5093141655,3331177.108038099,8097060.8806904685,27.277864600007888,0.6701287910261736
2,4,46,30,2256,-3954104.486230092,-1280586.2073194825,5196802.855162421,21453364.026978962,28.231461899995338,0.6724067240672407
2,4,47,29,2285,-3954104.486230092,-1582086.7359419218,4322923.033648627,11897016.37685641,25.783559400006197,0.6759821790198461
2,4,48,29,2314,-3954104.486230092,-1101551.9221447725,5877025.226496377,21621005.80690194,25.03600900003221,0.6788
2,4,49,28,2342,-3954104.486230092,-3270060.22029947,1417588.4643933964,3219198.9651774615,28.033900499984156,0.6806158705092775
2,4,50,28,2370,-3954104.486230092,-2031294.1428829886,3986691.7379440013,8621782.913554765,23.242560799990315,0.6835739367928209
2,4,51,27,2397,-3954104.486230092,-2520090.514351178,2891256.4000762403,8648834.418523204,24.551814599952195,0.6870905587668593
2,4,52,27,2424,-3954104.486230092,-2606413.5505142063,2284991.7291559177,7252242.681444778,36.001810499990825,0.6894977168949772
2,4,53,26,2450,-3954104.486230092,-1759642.9774925583,5512729.371101675,21112714.272290472,21.654772499983665,0.6922787193973635
2,4,54,26,2476,-3959224.3261802457,-1234463.799621758,5123959.046038232,14916381.502045197,21.417377400037367,0.6947761194029851
2,4,55,25,2501,-3959224.3261802457,-2987820.7988842004,1888606.9703545303,3905419.085814652,24.297843599983025,0.697339246119734
2,4,56,25,2526,-3959224.3261802457,-2435538.213725416,3673856.6421775213,14423215.773373175,21.582053799997084,0.6993775173928963
2,4,57,24,2550,-3959868.629584817,-2255969.365687844,3668845.6966478284,8458307.686169099,16.478165399981663,0.7024284160927873
2,4,58,24,2574,-3959945.4569895826,-2929078.283544484,1915903.2940781596,4596019.505004516,23.307461799995508,0.7040889526542324
2,4,59,23,2597,-3959945.4569895826,-2281982.6728335274,3491275.1272896947,8256350.139325665,19.3451734999544,0.7061122956645345
2,4,60,23,2620,-3960112.523900211,-2020931.6422964109,4927150.320212312,15682187.013383962,20.589096000010613,0.7082452431289641
2,4,61,23,2643,-3960112.523900211,-2389181.869985793,2933994.9929331057,7426154.777812097,24.03409400000237,0.710195530726257
2,4,62,22,2665,-3960999.262463331,-3705980.779494238,631681.3486663846,-1515580.4192005182,16.29141309997067,0.7126038781163435
2,4,63,22,2687,-3961440.6331474595,-3237270.5262175943,1750388.4117123825,3383717.5604093308,21.13849639997352,0.7142857142857143
2,4,64,21,2708,-3961440.6331474595,-3823807.431955985,309658.0806411865,-2630416.493265588,13.88545309996698,0.7165247018739352
2,4,65,21,2729,-3961440.6331474595,-2625093.593952757,4765148.158928632,17879580.220794465,13.699821799993515,0.7182955698342915
2,4,66,20,2749,-3961591.640282253,-3952558.957434525,16251.376346546489,-3889866.0410015807,8.48892460000934,0.720188108834397
2,4,67,20,2769,-3962126.206308076,-3958226.5666452236,3796.412330153895,-3946024.756925201,6.140086200030055,0.7220553887220554
2,4,68,20,2789,-3962126.206308076,-3959692.513105943,1606.2738524153165,-3956099.845589323,4.562318000011146,0.7238979118329466
2,4,69,19,2808,-3962126.206308076,-3956410.80173077,6204.032757812088,-3939810.687046297,7.2029855999862775,0.7256258234519104
2,4,70,19,2827,-3962288.409909969,-3959518.3918648153,2628.6290436555137,-3952660.459693322,4.336512300011236,0.7273322422258592
2,4,71,19,2846,-3962288.409909969,-3956151.8084310857,6832.64391976647,-3943084.0321322735,7.026537699974142,0.7290175666883539
2,4,72,18,2864,-3962288.409909969,-3958688.7988172974,5282.64339448499,-3945345.164487766,4.072230999998283,0.7305950840879689
2,4,73,18,2882,-3962371.7671550196,-3958384.319147038,6175.076724198924,-3942437.375133723,7.347573399951216,0.7321543408360128
2,4,74,18,2900,-3962371.7671550196,-3959440.293152127,2699.272081048991,-3951687.073596813,4.074303400004283,0.7336956521739131
2,4,75,17,2917,-3962371.7671550196,-3960929.065778075,1090.3605850153115,-3957615.963224001,4.171742200036533,0.7351351351351352
2,4,76,17,2934,-3962371.7671550196,-3960738.086486995,1823.5081220964023,-3955756.466765154,4.069946700008586,0.7365591397849462
2,4,77,17,2951,-3962371.7671550196,-3961439.853387382,1156.643828797325,-3957463.2625966035,4.286431699991226,0.7379679144385026
2,4,78,16,2967,-3962371.7671550196,-3960029.7935252064,4000.778822339779,-3945612.925199043,3.7863130000187084,0.7392801251956181
2,4,79,16,2983,-3962371.7671550196,-3960771.3504117057,3941.4111882128245,-3945777.930869704,3.734948400000576,0.7405792587978823
2,4,80,16,2999,-3962375.057973884,-3959283.570846563,5884.583134721919,-3941431.625180736,4.050044999981765,0.7418655097613883
2,4,81,15,3014,-3962388.6835225,-3959482.99248871,5620.4280860501485,-3945257.8980699424,3.328376700053923,0.743059839605182
2,4,82,15,3029,-3962388.6835225,-3956852.067444748,7426.519182909619,-3945953.8993190117,6.084837000002153,0.7442431685600246
2,4,83,15,3044,-3962451.2072172463,-3959798.942163015,5290.195669437526,-3946017.047278531,3.603983099979814,0.7454156479217604
2,4,84,15,3059,-3962451.2072172463,-3956547.7207573177,7533.9983812606515,-3945300.2216357347,3.523220300034154,0.7465774262245208
2,4,85,14,3073,-3962451.2072172463,-3959813.4380559092,5532.643519542826,-3946108.9707594924,3.5062991000013426,0.7476522265980006
2,4,86,14,3087,-3962458.972987078,-3959707.5662897816,5767.4801568410885,-3944337.228809135,3.616508100007195,0.7487179487179487
2,4,87,14,3101,-3962458.972987078,-3959929.634897367,5702.917085016732,-3945806.1285909247,3.301805700000841,0.749774707119255
2,4,88,13,3114,-3962459.3903265335,-3959813.325628027,5925.909087122367,-3945608.8763599377,3.3212699000141583,0.7507480550568522
2,4,89,13,3127,-3962460.7141492087,-3958566.2528003845,6921.186564532873,-3945653.863055894,3.160357800021302,0.7517138599105813
2,4,90,13,3140,-3962460.7141492087,-3959791.936569267,5914.817910757262,-3945672.9219188616,3.040156200004276,0.7526722090261283
2,4,91,13,3153,-3962466.874803014,-3961076.764735552,4244.3093695475545,-3946386.189584084,2.9380081999697722,0.7536231884057971
2,4,92,12,3165,-3962474.6609731317,-3960934.280678723,4447.375991459485,-3946209.1652357727,3.0635458000469953,0.7544945475979958
2,4,93,12,3177,-3962474.6609731317,-3962375.0862072804,81.099445284334,-3962204.017878825,3.0625593999866396,0.755359765051395
2,4,94,12,3189,-3962474.6609731317,-3962441.357684946,19.102596322411806,-3962410.4370490722,3.065926600014791,0.7562189054726368
2,4,95,12,3201,-3962474.6609731317,-3959678.285625544,6097.285812109996,-3945977.802746635,3.024317700008396,0.7570720326625838
2,4,96,12,3213,-3962474.6609731317,-3962389.0782279572,174.2649139033031,-3961822.891927883,3.1013590999646112,0.7579192095321128
2,4,97,11,3224,-3962474.6609731317,-3959481.6949477657,6275.64727147304,-3946148.0592899173,2.764025499986019,0.7586906141367323
2,4,98,11,3235,-3962475.2325496376,-3960969.5471869544,4684.36205240723,-3946156.457822766,2.706228099996224,0.7594571181056887
2,4,99,11,3246,-3962475.2325496376,-3962378.8623939333,177.5766229331651,-3961839.369998278,2.889337999979034,0.7602187679907887
2,4,100,11,3257,-3962475.2325496376,-3962461.184689762,24.729142966856475,-3962386.53697099,2.7876441000262275,0.7609756097560976
2,4,101,10,3267,-3962475.2325496376,-3962440.4307979792,38.94158142720974,-3962368.128092071,2.673133800039068,0.761659513590844
2,4,102,10,3277,-3962475.2325496376,-3962458.530959389,20.264451611032374,-3962410.3186108656,2.691856999997981,0.762339514978602
2,4,103,10,3287,-3962475.2325496376,-3962469.3734280565,5.1234285143941705,-3962460.550435528,2.9128360000322573,0.7630156472261735
2,4,104,10,3297,-3962475.2325496376,-3962471.4973498518,3.389644691285382,-3962462.6235977225,2.602982599986717,0.7636879432624113
2,4,105,10,3307,-3962475.2325496376,-3962470.112881259,8.75005258834814,-3962444.7350388337,2.604175499989651,0.7643564356435644
2,4,106,10,3317,-3962475.2325496376,-3962471.75924023,6.969390056790127,-3962450.90649659,2.704860700003337,0.7650211565585332
2,4,107,9,3326,-3962475.2325496376,-3962473.5744471764,0.8841227719251468,-3962472.1585128233,2.575023000012152,0.7656162070906022
2,4,108,9,3335,-3962475.2325496376,-3962471.704110566,7.7891672882204634,-3962449.704679085,2.86417779995827,0.7662082514734774
2,4,109,9,3344,-3962475.2325496376,-3962461.5820229333,24.942225639643482,-3962394.683395393,2.494063699967228,0.7667973124300111
2,4,110,9,3353,-3962475.2325496376,-3962471.3085069973,7.0512889931238805,-3962452.0280386787,2.7410968000185676,0.7673834124546216
2,4,111,9,3362,-3962475.2325496376,-3962470.9652173454,7.289532606886085,-3962450.5371376537,2.4560609000036493,0.767966573816156
2,4,112,8,3370,-3962475.2325496376,-3962474.2800448174,0.8241795623690762,-3962472.50938919,1.807929200003855,0.7684824902723736
2,4,113,8,3378,-3962475.2325496376,-3962474.347730447,0.6798041005983974,-3962472.9667438753,2.20633389998693,0.7689961175818081
2,4,114,8,3386,-3962475.2325496376,-3962473.989479585,1.437942642863024,-3962470.491833983,2.122699500003364,0.7695074709463199
2,4,115,8,3394,-3962475.2325496376,-3962472.849670898,3.3270169288519607,-3962464.482010288,1.9690106000052765,0.7700165654334622
2,4,116,8,3402,-3962475.2325496376,-3962474.056324302,0.7791673443080377,-3962472.9868465755,1.8979399999952875,0.7705234159779615
2,4,117,8,3410,-3962475.2325496376,-3962472.336460312,4.094571194137307,-3962461.879463097,2.2516453999560326,0.7710280373831776
2,4,118,8,3418,-3962475.2325496376,-3962473.9810359282,1.5730651601573642,-3962470.4466105867,1.8472526000114158,0.7715304443225453
2,4,119,7,3425,-3962475.542615719,-3960143.4923426993,5710.4636070353845,-3946155.770387266,1.723065200028941,0.7719682452778538
2,4,120,7,3432,-3962475.542615719,-3962471.2762465077,7.914425662459062,-3962451.9174235407,1.550238800002262,0.7724043715846994
2,4,121,7,3439,-3962475.542615719,-3962474.505525855,0.8952303815862264,-3962472.321318608,1.4866458000033163,0.7728388328333787
2,4,122,7,3446,-3962475.542615719,-3962474.874637782,0.272426833844183,-3962474.3539723568,1.7707452999893576,0.7732716385410996
2,4,123,7,3453,-3962475.542615719,-3962474.673721648,0.16639674609055985,-3962474.42126514,1.5375141999684274,0.773702798152676
2,4,124,7,3460,-3962475.542615719,-3962474.537242208,0.688190140832983,-3962472.88069308,1.5071470999973826,0.7741323210412148
2,4,125,7,3467,-3962475.542615719,-3962474.778585691,0.2810726980857428,-3962474.388100419,1.7677899000118487,0.7745602165087957
2,4,126,7,3474,-3962475.542615719,-3962473.883000377,1.5299796190180062,-3962470.274304522,1.9184075000230223,0.7749864937871421
2,4,127,6,3480,-3962475.542615719,-3962473.636444069,2.5496919496074595,-3962468.0155653767,1.4378487999783829,0.7753505933117584
2,4,128,6,3486,-3962475.542616375,-3962472.5480570546,3.9083050040976963,-3962464.2894807123,1.4081169000128284,0.7757135164243404
2,4,129,6,3492,-3962475.542616375,-3962473.5865294468,2.2795631257122313,-3962468.522893971,1.4002493000007235,0.7760752688172043
2,4,130,6,3498,-3962475.542616375,-3962474.9059564434,0.2994814337120197,-3962474.465903653,1.4230714999721386,0.7764358561460011
2,4,131,6,3504,-3962475.542616375,-3962470.799956282,8.430957637674394,-3962451.953088697,1.687070699990727,0.7767952840300107
2,4,132,6,3510,-3962475.542616375,-3962473.6030311477,1.1836408780754932,-3962472.0778449047,1.6656409000279382,0.7771535580524345
2,4,133,6,3516,-3962475.542616375,-3961605.799154388,1927.2439445330597,-3957296.3861169573,1.7000165000208654,0.7775106837606838
2,4,134,6,3522,-3962475.542616375,-3962474.153157038,1.0440553190391544,-3962472.1269824617,1.4238732000230812,0.7778666666666667
2,4,135,5,3527,-3962475.542616375,-3962473.966665551,1.0123976187178085,-3962472.11853694,1.2851287999656051,0.7781624500665779
2,4,136,5,3532,-3962475.5426180568,-3962474.575033446,1.0027805422652603,-3962473.229230307,1.2920686999568716,0.7784574468085106
2,4,137,5,3537,-3962475.5426180568,-3962473.172774715,2.0342783168228964,-3962470.0784051977,1.2785795999807306,0.7787516600265604
2,4,138,5,3542,-3962475.5426180568,-3962474.0357864546,1.2646452863285966,-3962472.4387429543,1.6237988999928348,0.7790450928381963
2,4,139,5,3547,-3962475.5433175676,-3962474.0572420047,1.0407609198478407,-3962472.6491804607,1.2732541000004858,0.7793377483443709
2,4,140,5,3552,-3962475.5433175676,-3959211.0358813345,6526.998860425546,-3946157.0382569265,1.6419929999974556,0.7796296296296297
2,4,141,5,3557,-3962475.5433175676,-3959211.4121892266,6526.561472720484,-3946158.289331101,1.2574057999881916,0.7799207397622193
2,4,142,5,3562,-3962475.5437998064,-3962470.4564481154,6.0165034906509165,-3962460.9127497654,1.601947100018151,0.7802110817941953
2,4,143,5,3567,-3962475.5437998064,-3955947.449377188,7993.171010387909,-3946157.0756642893,1.6467982000322081,0.7805006587615283
2,4,144,5,3572,-3962475.5437998064,-3955944.9245491386,7988.136713568263,-3946158.545456806,1.2969468999654055,0.7807894736842105
2,4,145,5,3577,-3962475.5437998064,-3962474.1870572073,1.3304141881212284,-3962471.615722658,1.2915159999975003,0.78107752956636
2,4,146,4,3581,-3962475.5437998064,-3958394.722792719,7065.207263178768,-3946157.4249714017,1.2160102999769151,0.7813074297715936
2,4,147,4,3585,-3962475.5437998064,-3958395.656560019,7065.948987439699,-3946157.0739225857,1.2183771000127308,0.7815368476265407
2,4,148,4,3589,-3962475.5437998064,-3958395.601089045,7065.917028991011,-3946157.0738056656,1.235264399962034,0.781765784647629
2,4,149,4,3593,-3962475.5437998064,-3950236.891726768,7064.936310956891,-3946157.937166285,1.232185099972412,0.7819942423449359
2,4,150,4,3597,-3962475.5437998064,-3954312.634249085,8161.120248158592,-3946145.967869794,1.53665359999286,0.7822222222222223
2,5,0,72,72,28650434.43879284,209770431.19500884,91452582.2084389,420784824.1193685,174.68144419998862,0.359375
2,5,1,72,144,4719694.265727654,165036868.0007378,82374569.06462018,369361470.0818347,167.59246290003648,0.3241106719367589
2,5,2,69,213,871171.9617329855,97825646.32545574,70706149.88244128,292699105.1395278,137.66322899999795,0.356353591160221
2,5,3,68,281,871171.9617329855,61421037.00373929,50857391.24345354,210713208.09682584,108.32950969995,0.36711711711711714
2,5,4,67,348,766866.6143759936,35599104.64801558,42041409.427152656,163664430.20535767,92.53066700004274,0.368836291913215
2,5,5,65,413,-1540816.3797287624,17265785.8055323,29434227.49341368,185856484.63816974,60.51738599996315,0.39059674502712477
2,5,6,64,477,-2052151.2314347737,12470577.7032016,19989118.703481697,96952662.41392164,60.608754399989266,0.40672268907563025
2,5,7,63,540,-2328988.85487685,7788190.499944898,9297972.509039203,42098710.9933024,63.361045699974056,0.41809672386895474
2,5,8,62,602,-3192768.6433072425,3277188.6902852673,4597137.099908633,26748302.928622767,62.89255459996639,0.43641618497109824
2,5,9,61,663,-3192768.6433072425,3306297.5881569013,5459159.314740745,32017488.020635866,60.38687159999972,0.44925575101488496
2,5,10,59,722,-3851600.3409841266,2754727.160536009,6554303.854343455,38222616.15443378,52.666993999970146,0.4629156010230179
2,5,11,58,780,-3851600.3409841266,2455965.9028887884,6567878.398052042,34851345.94144144,56.524757000035606,0.4813477737665463
2,5,12,57,837,-3934156.7708402183,2468024.3150865315,5643480.918713563,22241048.592489,51.40200930001447,0.500570125427594
2,5,13,56,893,-3934156.7708402183,2514921.0246233675,6528712.66098551,21472835.18112119,54.60679530003108,0.521505376344086
2,5,14,55,948,-3934156.7708402183,571470.3554985555,3611208.262582249,12808960.282450931,57.63358030002564,0.5361875637104995
2,5,15,54,1002,-3934156.7708402183,267695.05949213135,4749103.381219417,23151178.425762326,56.830746399995405,0.5483558994197292
2,5,16,53,1055,-3934156.7708402183,-321428.89831372985,4319229.363421804,19944945.49284093,53.17696060001617,0.5674931129476584
2,5,17,52,1107,-3934156.7708402183,206369.18382242892,4756610.254194129,15009132.956473581,52.77102990000276,0.581945661700263
2,5,18,51,1158,-3934156.7708402183,301492.02854277386,4919606.993551694,17169066.097130757,61.340999600011855,0.5948419301164726
2,5,19,50,1208,-3934156.7708402183,-1283622.6885415039,3550419.7643784583,12385545.742634162,52.85717890004162,0.6095238095238096
2,5,20,49,1257,-3934156.7708402183,-1507021.1707364116,3142670.88871721,10397113.021560892,49.41963309998391,0.623574144486692
2,5,21,48,1305,-3934156.7708402183,-1152483.5625627646,3286875.363835149,12144645.49100251,49.87456419999944,0.6353026987600292
2,5,22,47,1352,-3934156.7708402183,-1234227.0483546448,2951728.4467951716,7359600.853061134,56.567893300030846,0.6454099509460406
2,5,23,46,1398,-3934156.7708402183,-1014327.3038437616,4094175.557537119,11838004.470653351,51.60435599996708,0.6558704453441295
2,5,24,46,1444,-3934156.7708402183,-986121.1757696472,3621921.0185236167,15441136.377197305,46.29153020004742,0.665580182529335
2,5,25,45,1489,-3934156.7708402183,-925252.8719286631,4505769.85545582,14698156.895772928,54.35266309999861,0.6725552050473186
2,5,26,44,1533,-3934156.7708402183,-141460.23799694158,5614223.017898787,17700233.783993468,46.015658600023016,0.6795343137254902
2,5,27,43,1576,-3934156.7708402183,-2020275.0346727916,2751805.7829179736,8173887.025046241,51.37081990001025,0.6872037914691943
2,5,28,42,1618,-3947092.508013958,-1919934.386475229,3198656.178154563,10891505.77376577,43.96796140004881,0.693371757925072
2,5,29,41,1659,-3947092.508013958,-2125637.5659166425,2517888.691060139,7805027.759543775,47.22169789997861,0.6991596638655462
2,5,30,41,1700,-3947092.508013958,-1791387.6054186444,3719512.0581040233,11065007.344288342,46.48719339998206,0.7047930283224401
2,5,31,40,1740,-3947092.508013958,-1894910.9301743873,5293992.531388656,28743543.737755362,37.933656900015194,0.7099521021820117
2,5,32,39,1779,-3947092.5080201495,-2358883.921200534,3229837.8206094177,13073968.245963808,36.62258319999091,0.7146569646569647
2,5,33,38,1817,-3949917.022346992,-2739720.4161918624,2975255.771297965,10396130.082067022,32.23617039999226,0.7202441505595117
2,5,34,38,1855,-3949917.022346992,-2144534.335364869,3837337.2490331316,9521757.203550044,31.65170180000132,0.7232453957192633
2,5,35,37,1892,-3949917.022346992,-1965495.8944759888,4516115.7623348,12521823.723382778,25.348346899962053,0.7276283618581907
2,5,36,36,1928,-3949917.022346992,-2557790.9302745713,3194047.0255918484,9070711.351556763,28.985548299970105,0.7312859884836852
2,5,37,36,1964,-3950048.0714549534,-3254175.491957473,2034154.1269374383,7996508.401524984,30.349273699976038,0.7349340866290018
2,5,38,35,1999,-3950048.0714549534,-3848254.2666272265,170807.81557219877,-3000511.318877386,28.26486739999382,0.7375231053604436
2,5,39,34,2033,-3950089.4958213978,-3205976.596334113,2660757.465590242,10341597.325948915,21.739251399994828,0.740909090909091
2,5,40,34,2067,-3950089.4958213978,-3738118.195119328,451583.76058324333,-1737627.6399808545,21.813017699983902,0.7443004023245418
2,5,41,33,2100,-3956992.6235921793,-3290576.4431319833,3350905.780164402,15649845.295211643,18.22264350001933,0.7481285777190665
2,5,42,32,2132,-3956992.6235921793,-3851938.015526558,247058.67488031994,-2627256.519394722,21.46587080002064,0.7509761388286335
2,5,43,32,2164,-3956992.6235921793,-2659915.5730707413,4632518.481088166,15677888.26975204,19.686378200014587,0.7538527397260274
2,5,44,31,2195,-3958395.800899025,-3182056.198463729,3085834.2270045048,12348837.552044228,13.811748699983582,0.7566539923954373
2,5,45,31,2226,-3959891.031571761,-3910187.450313179,155488.52743504138,-3066924.720302809,15.516742500010878,0.7594831179658191
2,5,46,30,2256,-3959891.031571761,-3933043.6131301294,34880.27660530287,-3781924.35743789,15.614732200047001,0.7624536846438864
2,5,47,29,2285,-3960717.960274853,-3928483.5741784605,44192.04969846297,-3782399.6812742017,16.635791400040034,0.7652563059397884
2,5,48,29,2314,-3961059.149760278,-3943569.693798989,27701.25015501725,-3825017.191958815,12.884828299982473,0.7679935665460395
2,5,49,28,2342,-3961534.889789466,-3951495.743365696,9202.118843142953,-3924536.478457134,13.682227200013585,0.7705765407554672
2,5,50,28,2370,-3961932.03749986,-3953368.247670495,7401.760469895846,-3931885.819547111,14.052329700032715,0.7731026346834448
2,5,51,27,2397,-3961932.03749986,-3943519.3795264107,33345.99395919448,-3834143.238322487,12.492802300024778,0.7754863813229572
2,5,52,27,2424,-3961932.03749986,-3942424.8535038587,30941.629409413785,-3847240.1018837783,12.194141299987677,0.777820562187139
2,5,53,26,2450,-3961986.4309545998,-3956682.7676023175,4944.528734106557,-3943987.0954725575,8.416761700005736,0.7800228745711018
2,5,54,26,2476,-3961986.4309545998,-3956591.704088343,3789.937634906746,-3945521.6949630715,11.341992000001483,0.7821819554548887
2,5,55,25,2501,-3962214.4909342807,-3958407.348843772,4693.464442246628,-3944469.5170707814,6.707586199976504,0.7842183994016455
2,5,56,25,2526,-3962401.8819030896,-3957696.9787573395,6581.1817609503105,-3942205.676558215,9.197844700014684,0.7862171174509077
2,5,57,24,2550,-3962401.8819030896,-3959620.060941355,4681.7732991307075,-3944040.3635697104,8.644916100020055,0.7881013587954462
2,5,58,24,2574,-3962401.8819030896,-3959124.2245690417,5119.813029875196,-3946282.0160028897,5.518174899974838,0.7899526756461595
2,5,59,23,2597,-3962401.8819030896,-3958310.1865425445,6526.20575885817,-3942024.6823601406,5.392159599985462,0.7916967509025271
2,5,60,23,2620,-3962405.937938994,-3959312.8660529493,4566.844885787558,-3945450.265707245,5.393682499998249,0.7934121016827784
2,5,61,23,2643,-3962465.85554472,-3959226.8011058997,5371.876611017219,-3940492.831612775,5.1136458000401035,0.7950994318181818
2,5,62,22,2665,-3962465.85554472,-3960927.447142291,2049.625089082595,-3955757.14810442,5.318027600005735,0.7966878083157153
2,5,63,22,2687,-3962465.85554472,-3959111.525911087,5793.836051237725,-3942644.4877099767,4.7708888000342995,0.7982517482517483
2,5,64,21,2708,-3962465.85554472,-3960405.5776847075,4797.196129281399,-3946031.476631088,7.272702899994329,0.7997223186393614
2,5,65,21,2729,-3962465.85554472,-3960646.14614609,4933.938298217212,-3945221.6979770325,4.583183400041889,0.801171605789111
2,5,66,20,2749,-3962465.85554472,-3961061.940885628,2058.060343816533,-3957059.341300532,5.128294099995401,0.8025325119780972
2,5,67,20,2769,-3962465.85554472,-3959943.4054046804,3801.614395073589,-3946324.20132434,4.523626399983186,0.8038749150237934
2,5,68,20,2789,-3962470.57262134,-3960083.5094153197,4827.337439876497,-3946018.839161394,4.481210800004192,0.8051991897366644
2,5,69,19,2808,-3962470.57262134,-3961183.38751122,1980.374044688983,-3956949.672087766,4.335962699959055,0.8064407916806441
2,5,70,19,2827,-3962470.57262134,-3960400.9641513815,2440.2199393014066,-3956799.8191466704,4.9550761000136845,0.8076666666666666
2,5,71,19,2846,-3962470.57262134,-3958947.420401614,4913.790043248343,-3946162.1866287384,4.444149199989624,0.8088771116263663
2,5,72,18,2864,-3962470.57262134,-3961165.0045343954,1990.285373308192,-3957311.4018443935,4.6175704000052065,0.810009878169246
2,5,73,18,2882,-3962470.57262134,-3960317.8675267664,4051.198491464532,-3945947.301326275,4.467031199950725,0.8111292962356792
2,5,74,18,2900,-3962470.57262134,-3959459.0997568164,5100.40962245784,-3946190.12605791,4.3792107999906875,0.8122356003904979
2,5,75,17,2917,-3962470.57262134,-3961561.51829693,1862.2573686942776,-3957224.8470704816,4.6123141999705695,0.8132686084142395
2,5,76,17,2934,-3962470.57262134,-3961513.964831558,1966.0078521410621,-3957243.497829726,4.0771628000075,0.814290312198262
2,5,77,17,2951,-3962471.837124236,-3961826.9507122617,1650.5316875601861,-3957306.3628124855,4.416364900011104,0.8153008962868118
2,5,78,16,2967,-3962471.837124236,-3960829.9391578757,2377.1498635730522,-3957249.2242190465,3.5732443000306375,0.8162420382165605
2,5,79,16,2983,-3962472.1362981647,-3961469.2956307377,2031.6863132298984,-3957201.1292932425,3.860031699994579,0.8171736375158428
2,5,80,16,2999,-3962472.557194818,-3961811.479795361,1703.6207301836005,-3957297.648710884,4.0169782000011764,0.8180958385876419
2,5,81,15,3014,-3962473.566175215,-3962437.9716956704,54.13337236119684,-3962277.695381958,3.419222600001376,0.818951992469407
2,5,82,15,3029,-3962473.566175215,-3961773.970159198,1756.4821228235894,-3957288.376827363,3.5380373999942094,0.8198001249219238
2,5,83,15,3044,-3962473.6471863557,-3961436.990504795,2064.1379136138376,-3957298.270673074,3.6380491000018083,0.8206403481504507
2,5,84,15,3059,-3962475.0115640033,-3961779.363937233,1752.6014182151698,-3957308.816753056,3.88744909997331,0.8214727722772277
2,5,85,14,3073,-3962475.0115640033,-3961719.2194845704,1800.7779743990152,-3957306.2178206258,3.312542600033339,0.8222427603203943
2,5,86,14,3087,-3962475.0115640033,-3961720.184193873,1801.185865297709,-3957307.8709045835,3.6796251999912784,0.8230061349693252
2,5,87,14,3101,-3962475.0115640033,-3960983.348023553,2335.3511701371795,-3957267.2854960747,3.2574609000002965,0.82376298106292
2,5,88,13,3114,-3962475.0115640033,-3961275.277679883,2173.855055585321,-3957296.3497513756,3.2195849000127055,0.8244599939154243
2,5,89,13,3127,-3962475.0115640033,-3960876.5301251668,2383.6246747552295,-3957292.784532765,3.0265148000326008,0.8251515151515152
2,5,90,13,3140,-3962475.0115640033,-3961278.516580406,2178.2853411233436,-3957296.7980929315,3.2363202999695204,0.8258376094174464
2,5,91,13,3153,-3962475.0115640033,-3961674.7572134854,1867.859837175477,-3957289.0049598515,2.8707663000095636,0.8265183403487673
2,5,92,12,3165,-3962475.0115640033,-3962016.417423039,1421.5037647416261,-3957305.326435197,3.0063192000379786,0.8271420011983224
2,5,93,12,3177,-3962475.0115640033,-3961610.4078500997,1929.346198914999,-3957294.2459907066,2.9186326999915764,0.8277611940298507
2,5,94,12,3189,-3962475.0115640033,-3962041.3897832744,1431.1649290415564,-3957294.755397776,3.2088179000420496,0.8283759666864962
2,5,95,12,3201,-3962475.0115640033,-3959882.31502739,2591.578418067997,-3957277.422782231,3.04794670001138,0.8289863663307647
2,5,96,12,3213,-3962475.0115640033,-3961610.2770862207,1929.2399751940384,-3957292.693338437,2.9241596999927424,0.8295924394565859
2,5,97,11,3224,-3962475.0115640033,-3961533.1125250338,1995.9828673692427,-3957294.8822881076,3.086492599977646,0.83014424492199
2,5,98,11,3235,-3962475.0115640033,-3960119.592472494,2579.0854693629235,-3957289.64753058,2.9643386999960057,0.8306924882629108
2,5,99,11,3246,-3962475.01798084,-3962003.3685945827,1488.5050877468327,-3957296.302642226,2.829535200027749,0.831237203860778
2,5,100,11,3257,-3962475.01798084,-3962003.276368028,1488.9152360122555,-3957294.9145872816,2.8516835999907926,0.8317784256559767
2,5,101,10,3267,-3962475.01798084,-3960915.892524801,2377.551997051094,-3957259.3664657623,2.756197799986694,0.8322674418604651
2,5,102,10,3277,-3962475.01798084,-3962474.526702074,0.45228387635708067,-3962473.383920716,2.5747504999744706,0.8327536231884058
2,5,103,10,3287,-3962475.0592562687,-3961953.517148898,1560.8327944567175,-3957271.0269565564,2.5644266000017524,0.8332369942196531
2,5,104,10,3297,-3962475.0592562687,-3962474.838842442,0.23291006554480997,-3962474.1744866557,2.7836688999668695,0.8337175792507204
2,5,105,10,3307,-3962475.0592562687,-3962474.554164765,0.7534211233378518,-3962472.89927575,2.737113099952694,0.8341954022988506
2,5,106,10,3317,-3962475.0592562687,-3962474.793899726,0.5156547365665348,-3962473.257270824,2.6426975000067614,0.8346704871060172
2,5,107,9,3326,-3962475.0592562687,-3962474.9045420075,0.22903054719523966,-3962474.3167517427,2.651149599987548,0.8350957416404687
2,5,108,9,3335,-3962475.0592562687,-3961899.2109072837,1628.461145305936,-3957293.2272364926,2.7132496000267565,0.8355188141391106
2,5,109,9,3344,-3962475.065419676,-3962475.0411022305,0.025222414797306306,-3962474.982345544,2.51939599995967,0.8359397213534262
2,5,110,9,3353,-3962475.0812131204,-3961899.5171345025,1627.8712927136417,-3957295.2018151674,2.5154340000008233,0.8363584798638684
2,5,111,9,3362,-3962475.0812131204,-3962474.901434294,0.33403446028342987,-3962473.9700148962,2.6716007000068203,0.8367751060820368
2,5,112,8,3370,-3962475.319168348,-3962475.006163774,0.18560715239899475,-3962474.722907748,2.0557525999611244,0.8371436635619531
2,5,113,8,3378,-3962475.319168348,-3962474.92689518,0.17638182131370156,-3962474.527278604,1.9794822999974713,0.8375105604055195
2,5,114,8,3386,-3962475.319168348,-3962474.8638095446,0.15006089695873015,-3962474.693335278,1.9816058000433259,0.8378758078111829
2,5,115,8,3394,-3962475.319168348,-3962474.670343653,0.1881474912050648,-3962474.3738832865,1.9777819000300951,0.8382394168769274
2,5,116,8,3402,-3962475.407975195,-3962474.8620963898,0.26525480394295037,-3962474.522258697,1.8780494999955408,0.8386013986013986
2,5,117,8,3410,-3962475.4952010084,-3962474.8217856907,0.31271795250287787,-3962474.26618097,1.958236999984365,0.8389617638850125
2,5,118,8,3418,-3962475.4952010084,-3962474.467303428,0.6519639660548618,-3962473.4654431697,2.0377746999729425,0.8393205235310498
2,5,119,7,3425,-3962475.4952010084,-3962474.3962759776,0.39183912457231684,-3962473.595978232,1.8781330999918282,0.839633129516398
2,5,120,7,3432,-3962475.4952010084,-3962474.7631419175,0.2393897604161318,-3962474.184276564,1.6610516000073403,0.8399445214979195
2,5,121,7,3439,-3962475.4952010084,-3962474.848693364,0.27321959803985224,-3962474.3140040785,1.8003085000091232,0.8402547065337763
2,5,122,7,3446,-3962475.5008659028,-3962474.9442901495,0.29446566700422216,-3962474.535557611,1.8559087000321597,0.8405636916275214
2,5,123,7,3453,-3962475.5008659028,-3962474.695727851,0.34201468978810984,-3962474.1283584572,1.8609266999992542,0.8408714837286266
2,5,124,7,3460,-3962475.5008659028,-3962474.8375165504,0.34185183093755106,-3962474.170253806,1.6417279000161216,0.841178089733003
2,5,125,7,3467,-3962475.539025089,-3962474.9431588254,0.40703931347367567,-3962474.2164068185,1.9486612000036985,0.8414835164835165
2,5,126,7,3474,-3962475.539025089,-3962474.729092418,0.3365187632728842,-3962474.128899427,1.7503826000029221,0.8417877707704963
2,5,127,6,3480,-3962475.539025089,-3962474.922517454,0.2010604279313553,-3962474.6353849024,1.6715865999576636,0.8420476320832193
2,5,128,6,3486,-3962475.539025089,-3962474.918955311,0.32546193181516864,-3962474.5121317264,1.3778002999606542,0.8423066411587865
2,5,129,6,3492,-3962475.539025089,-3962475.1019148217,0.31888040015282854,-3962474.638015529,1.3795196999562904,0.8425648021828104
2,5,130,6,3498,-3962475.5661967825,-3962474.806286274,0.6353950736684074,-3962473.7380620856,1.392894399992656,0.8428221193135386
2,5,131,6,3504,-3962475.5753600784,-3962474.86143492,0.3777421452718321,-3962474.5022806395,1.3877968000015244,0.8430785966820777
2,5,132,6,3510,-3962475.5753600784,-3962474.608323507,0.7320658451243096,-3962473.721509723,1.3865113999927416,0.8433342383926147
2,5,133,6,3516,-3962475.5753600784,-3962474.9958793283,0.2750397393116856,-3962474.7132651247,1.8582125999964774,0.8435890485226348
2,5,134,6,3522,-3962475.5753600784,-3962474.8996955194,0.6953430967898273,-3962473.47452713,1.7373456000350416,0.8438430311231394
2,5,135,5,3527,-3962475.5753600784,-3962474.2385651455,0.4865092402919998,-3962473.515351046,1.3361892999964766,0.8440540540540541
2,5,136,5,3532,-3962475.5753600784,-3962474.49069723,0.6585035159712848,-3962473.486935012,1.5842701999936253,0.8442645074224021
2,5,137,5,3537,-3962475.5763992276,-3962474.8034252413,0.7843520223827319,-3962473.464420058,1.2699388000182807,0.8444743935309973
2,5,138,5,3542,-3962475.5763992276,-3962474.735741158,0.8179478306011743,-3962473.4564691484,1.6829943000338972,0.8446837146702557
2,5,139,5,3547,-3962475.5763992276,-3962474.787027307,0.7727028098438935,-3962473.4614321534,1.378807400004007,0.8448924731182795
2,5,140,5,3552,-3962475.5763992276,-3962474.535988885,0.6632386299184316,-3962473.4722548705,1.6079620000091381,0.8451006711409396
2,5,141,5,3557,-3962475.5784932207,-3962474.9555054447,0.819153932691774,-3962473.5361532606,1.3438563999952748,0.8453083109919571
2,5,142,5,3562,-3962475.5784932207,-3962474.9410661473,0.8462112914089068,-3962473.4590929337,1.7007343000150286,0.8455153949129853
2,5,143,5,3567,-3962475.5784932207,-3962473.8925604536,0.8424307124558363,-3962473.4582848363,1.6776126000331715,0.8457219251336898
2,5,144,5,3572,-3962475.5784932207,-3962473.905402067,0.8365140053794038,-3962473.469282398,1.693644899991341,0.8459279038718291
2,5,145,5,3577,-3962475.5784932207,-3962474.7366445065,1.0280282801851353,-3962473.4424281437,1.2715211000177078,0.8461333333333333
2,5,146,4,3581,-3962475.5801349096,-3962474.52048436,1.0580981531195095,-3962473.4504010845,1.2769321000087075,0.8462972828982419
2,5,147,4,3585,-3962475.5801349096,-3962473.9840989383,0.919095794183065,-3962473.4468236156,1.348853199975565,0.8464608834486429
2,5,148,4,3589,-3962475.5801349096,-3962474.7653780654,0.8881041547616809,-3962473.4422354996,1.3405237999977544,0.8466241360978203
2,5,149,4,3593,-3962475.5801349096,-3962475.236926909,0.5899679479907635,-3962474.215075668,1.3899080000119284,0.8467870419543282
2,5,150,4,3597,-3962475.5801349096,-3962475.043599896,0.9220563422868241,-3962473.446556093,1.2646403000107966,0.8469496021220159
2,6,0,72,72,7191465.376890148,205492589.5452907,104267041.84788583,430169938.0515048,182.3664909999934,0.3203125
2,6,1,72,144,5104244.576211482,164048603.48799205,95113714.54623061,425867616.50478244,157.8352184999967,0.3661417322834646
2,6,2,69,213,3066991.3337600697,118932128.22356503,87167811.55067202,321008343.7850364,135.55949209997198,0.36944444444444446
2,6,3,68,281,3066991.3337600697,86983119.73073986,78599842.97929654,297954812.25219524,119.93857339996612,0.3835920177383592
2,6,4,67,348,2902832.915640097,66354246.55335103,65545453.23139155,270547518.9130099,94.89039209997281,0.3923076923076923
2,6,5,65,413,1121766.9593046277,43220406.35795082,51252003.358415924,247930998.9829026,83.68219399999361,0.38128249566724437
2,6,6,64,477,1121766.9593046277,31018294.189816575,43771902.068590686,229013471.36899504,72.52065550000407,0.3853503184713376
2,6,7,63,540,-1983794.8977314588,22629767.806484547,27456587.73367339,136667874.67151278,66.61310280003818,0.39644970414201186
2,6,8,62,602,-3396987.712546598,13227766.418616658,22179360.01167255,108995162.06839287,52.473877000040375,0.41143654114365413
2,6,9,61,663,-3396987.712546598,7051941.734487728,16771304.958663134,119404089.16939491,45.24314990005223,0.4197860962566845
2,6,10,59,722,-3425161.872564722,2993477.631640316,5057723.745873694,20816822.103756104,47.20452849997673,0.4329501915708812
2,6,11,58,780,-3489605.0323945116,2680357.594963044,5367000.333903988,17423308.924332388,58.292722399986815,0.4412121212121212
2,6,12,57,837,-3612560.523144286,2774821.7530383733,6153920.245880304,24100742.883901972,53.545993600040674,0.4580941446613088
2,6,13,56,893,-3676041.2480377667,1520779.0341456064,5356405.002341459,17803524.275472023,58.55746790004196,0.47619047619047616
2,6,14,55,948,-3676041.2480377667,1414093.1418288173,5772937.846141841,23110573.51050717,63.21120709995739,0.48975409836065575
2,6,15,54,1002,-3676041.2480377667,-145953.32563857478,4281476.917767617,18723322.30486823,67.91406440001447,0.5086538461538461
2,6,16,53,1055,-3676041.2480377667,7110.118565370909,5330494.2472935375,20022142.49537206,68.32030779996421,0.5306859205776173
2,6,17,52,1107,-3908074.544241732,612080.9854435532,5529434.745979075,18544237.86558441,60.78011210000841,0.5492716366752356
2,6,18,51,1158,-3925979.9201931786,-93332.91250731939,5479450.948239068,18044399.37698237,58.5952060999698,0.5657142857142857
2,6,19,50,1208,-3925979.9201995637,-871474.8162178976,5250750.525567928,24394342.529721264,57.44051790004596,0.5825545171339563
2,6,20,49,1257,-3925979.9201995637,-1615863.257558752,3264401.047613667,10360136.509894146,56.7627106999862,0.5974702380952381
2,6,21,48,1305,-3925979.9201995637,-1848619.2545720546,2814550.7818137654,7594725.1631968105,54.913834400009364,0.6109921484653819
2,6,22,47,1352,-3925979.9201995637,-2016247.4520758074,3373149.8661023853,14713683.258784346,55.30493490002118,0.6249144421629022
2,6,23,46,1398,-3925979.9201995637,-2702555.2693777527,1710983.66223233,5383322.7232078,55.09698580001714,0.6369008535784636
2,6,24,46,1444,-3948705.8365664445,-2245370.132819921,3334222.1220216174,12558680.891306434,56.631049899966456,0.6460176991150443
2,6,25,45,1489,-3948705.8365664445,-2590803.1591266426,2766404.8948081457,10934310.354446141,59.777061600005254,0.6538461538461539
2,6,26,44,1533,-3953711.239922529,-2956232.702113545,2421206.6779501983,8294849.65060788,52.3454563000123,0.6611570247933884
2,6,27,43,1576,-3957428.3551458158,-3187694.3320003212,1636625.047536518,6644986.852826614,50.837879900005646,0.6687643020594966
2,6,28,42,1618,-3957428.3551458158,-3591154.776086271,404581.5906150063,-1485292.6668744888,50.03361089999089,0.6746252082176568
2,6,29,41,1659,-3957428.3551458158,-3209165.42932828,2016659.8553816886,8427242.049384987,47.62904289999278,0.6805405405405406
2,6,30,41,1700,-3957428.3551458158,-3460253.1512963604,1633862.351207165,6769379.93592858,43.75345000001835,0.6870068385060495
2,6,31,40,1740,-3957428.3551458158,-3115408.287894084,2560203.1920681656,9403638.277550919,44.518994999991264,0.6918335901386748
2,6,32,39,1779,-3957428.3551458158,-3113321.3421708485,2889371.3458189205,9882010.478795769,42.25891480001155,0.695281124497992
2,6,33,38,1817,-3957428.3551458158,-3658024.8025967455,1076375.7407824341,2789025.2273135334,42.06703610002296,0.7003929273084479
2,6,34,38,1855,-3960880.905113522,-3455705.8156136563,1411263.790772937,3424711.6511482242,46.36841299996013,0.7026378896882494
2,6,35,37,1892,-3960880.905113522,-3568048.805427561,1888852.6491780195,7757891.6051983535,39.211609499994665,0.7064349459840301
2,6,36,36,1928,-3960880.905113522,-3902327.7598699834,53274.29020243952,-3744560.345837893,33.525232000043616,0.7100046104195482
2,6,37,36,1964,-3960880.905113522,-3315565.5256711105,2562627.519042455,9697028.13649295,30.920735199993942,0.7129923042100498
2,6,38,35,1999,-3960880.905113522,-3326116.4124811976,2353714.546668937,8324559.393417781,27.37422840000363,0.7157473309608541
2,6,39,34,2033,-3960880.905113522,-3531532.401200119,1998100.47042299,7902441.381911801,34.76314090000233,0.7176573426573427
2,6,40,34,2067,-3960880.905113522,-3926847.0455614547,29419.875650114533,-3852810.116063323,23.66097909997916,0.7208602150537634
2,6,41,33,2100,-3960880.905113522,-3939123.2447520024,24120.803014411933,-3833624.474472996,22.424438799964264,0.7241525423728814
2,6,42,32,2132,-3960880.905113522,-3941905.3342807256,22411.314290705337,-3861971.270881327,20.800057599961292,0.727234753550543
2,6,43,32,2164,-3961987.59205867,-3890513.744864121,262375.91876118915,-2436704.156827256,23.891018800029997,0.7299300123507616
2,6,44,31,2195,-3961987.59205867,-3949935.5862628515,13031.694890673549,-3891288.5089759566,22.703532700019423,0.7321428571428571
2,6,45,31,2226,-3961987.59205867,-3941246.4098468134,27442.428018362774,-3854250.5965417065,7.769301199994516,0.7354709418837675
2,6,46,30,2256,-3961987.59205867,-3946756.272352822,22552.209155645152,-3843172.6964961328,10.117027500004042,0.7386138613861386
2,6,47,29,2285,-3961987.5920632947,-3954576.629680617,8983.88077890041,-3931286.987218611,16.328424000006635,0.7412915851272016
2,6,48,29,2314,-3961987.5920632947,-3952957.3744151643,10293.456306775317,-3919450.4037171155,6.3124136999831535,0.7441950464396285
2,6,49,28,2342,-3962113.4310539514,-3957454.975103407,5625.07824750622,-3937742.9022639617,6.800014800042845,0.746937212863706
2,6,50,28,2370,-3962113.4310539514,-3955506.0643305704,9713.856293212453,-3926330.8494333066,6.559969900001306,0.7496212121212121
2,6,51,27,2397,-3962113.4310539514,-3956769.593387187,7865.398212868274,-3933683.5079138186,10.465063699986786,0.7521559805024371
2,6,52,27,2424,-3962113.4310539514,-3957332.931525754,6937.197655561008,-3934808.2159982305,6.033635600004345,0.7546399406087602
2,6,53,26,2450,-3962253.617868405,-3958684.551607002,5938.780924920088,-3938090.8567273933,6.042392400035169,0.756985294117647
2,6,54,26,2476,-3962353.326221492,-3956779.8192104227,8368.700772473343,-3928950.6131558698,6.028020399971865,0.7592862345229424
2,6,55,25,2501,-3962353.326221492,-3960279.294129549,3873.7786412688793,-3942537.3426902425,6.181477100006305,0.7614579574160952
2,6,56,25,2526,-3962353.326221492,-3960777.388389155,3835.767416307941,-3942581.272664612,5.789909200044349,0.7635908440629471
2,6,57,24,2550,-3962392.131488949,-3961542.8147104084,743.892831886852,-3959065.9413580094,5.432480100018438,0.7656028368794326
2,6,58,24,2574,-3962392.131488949,-3961433.1046892977,1016.4820623704768,-3957400.3877511844,5.613506800029427,0.7675808720112518
2,6,59,23,2597,-3962392.131488949,-3961737.5596899544,736.4757077689213,-3959182.6061299257,5.298691299976781,0.769445413324032
2,6,60,23,2620,-3962392.131488949,-3959978.2118397458,4529.342262821486,-3945404.239887202,8.368172299989965,0.771280276816609
2,6,61,23,2643,-3962392.131488949,-3960494.985540637,4476.973248665024,-3946444.5337095223,4.9924336999538355,0.7730861654651562
2,6,62,22,2665,-3962428.382007744,-3961234.5098398123,3327.029121871442,-3946228.511687614,5.177141599997412,0.7747870528109029
2,6,63,22,2687,-3962458.3253709897,-3960756.6884202976,3676.299659454442,-3947099.050076142,5.486078799993265,0.776462631044978
2,6,64,21,2708,-3962463.474169133,-3962063.184536373,576.1941909845226,-3959875.035658637,4.861621899995953,0.7780389523169913
2,6,65,21,2729,-3962463.474169133,-3961874.6732652197,1308.4508956175184,-3956346.7071294636,5.014326100004837,0.7795931977325775
2,6,66,20,2749,-3962463.8206995483,-3960898.0352641284,3680.8294625403787,-3946299.1683079824,8.769236799969804,0.7810533289168599
2,6,67,20,2769,-3962463.8206995483,-3960863.6237081625,3741.2639267608224,-3945983.7526120264,4.7048150999471545,0.782494241526818
2,6,68,20,2789,-3962463.8206995483,-3962341.4918532344,112.56828442293552,-3961964.2380397934,4.751201100007165,0.7839163125204315
2,6,69,19,2808,-3962463.8206995483,-3961882.551935599,1176.1746296288452,-3957288.1674933005,4.798071399971377,0.7852501624431449
2,6,70,19,2827,-3962463.8206995483,-3962087.7753542606,1136.0041629351413,-3957281.4379400443,5.011564399988856,0.7865676461091379
2,6,71,19,2846,-3962463.8206995483,-3961200.0801868048,2065.6923504966853,-3957182.6536434274,4.881725799990818,0.7878690629011553
2,6,72,18,2864,-3962463.8206995483,-3962311.4070495996,155.82876133541765,-3961818.425669683,4.4803990999935195,0.7890874282067645
2,6,73,18,2882,-3962466.5369481165,-3962071.76815116,1169.6635080511908,-3957269.797428459,4.368110899988096,0.7902918781725888
2,6,74,18,2900,-3962466.5369481165,-3961813.622185043,1596.2925306400912,-3957300.082239853,4.859337100002449,0.7914826498422713
2,6,75,17,2917,-3962466.5369481165,-3961517.548092509,1966.8803108091165,-3957205.610946238,4.200344600016251,0.792594916849702
2,6,76,17,2934,-3962471.7153089847,-3962132.1171979327,1207.4664397449294,-3957303.619819034,4.566229299991392,0.7936953807740325
2,6,77,17,2951,-3962471.823365841,-3962427.900836871,47.27177370147856,-3962273.4486441463,4.119414100016002,0.7947842285004657
2,6,78,16,2967,-3962471.823365841,-3961479.141318824,2024.690628679805,-3957249.9239486847,3.5611325999489054,0.7957985789311091
2,6,79,16,2983,-3962471.823365841,-3961807.9967399705,1711.6171684479684,-3957252.0135812256,3.575648999947589,0.7968029511220412
2,6,80,16,2999,-3962473.3516194467,-3962454.8021389293,13.630311548454758,-3962422.8407948446,3.8252521000104025,0.7977974915876415
2,6,81,15,3014,-3962473.3516194467,-3961772.5132512874,1756.5458346489813,-3957272.275635699,3.425701799977105,0.798721071863581
2,6,82,15,3029,-3962473.3516194467,-3962115.858668399,1305.528801899553,-3957231.0992886983,3.3831407999969088,0.7996362534101242
2,6,83,15,3044,-3962473.3516194467,-3962122.231773136,1287.125010417331,-3957306.3200112022,3.279201600002125,0.8005431502715752
2,6,84,15,3059,-3962474.652349349,-3962469.3386178813,4.136928948348843,-3962457.8694722857,3.4364024000242352,0.8014418744367678
2,6,85,14,3073,-3962474.652349349,-3960988.3264205293,2340.060800650088,-3957268.1834825967,3.193361099984031,0.8022734071193539
2,6,86,14,3087,-3962475.0078999344,-3962469.418191873,6.797735660150615,-3962447.8482145835,3.173218199983239,0.8030980041703902
2,6,87,14,3101,-3962475.0078999344,-3961730.904244335,1812.1031241215878,-3957273.8588228803,3.4780835999990813,0.8039157520023732
2,6,88,13,3114,-3962475.0078999344,-3962074.2622649497,1379.7548911502538,-3957294.656459132,3.1360927000059746,0.8046690307328606
2,6,89,13,3127,-3962475.0078999344,-3962470.599042691,4.509273423601028,-3962461.3809453044,2.958241200016346,0.8054165440094201
2,6,90,13,3140,-3962475.0078999344,-3962472.205742203,2.8948563385934114,-3962464.0058336314,2.9960327000007965,0.806158357771261
2,6,91,13,3153,-3962475.0078999344,-3962473.463983993,0.9715594282851243,-3962471.8113169745,3.1084525999613106,0.8068945369558866
2,6,92,12,3165,-3962475.0078999344,-3962039.8422266035,1435.2396014442115,-3957279.696331132,3.033009500009939,0.8075691411935954
2,6,93,12,3177,-3962475.0078999344,-3962040.836516956,1431.7972151752988,-3957292.1110087465,3.0265416000038385,0.8082390484479257
2,6,94,12,3189,-3962475.0313480627,-3962473.291359227,2.3325505317421964,-3962466.6261366103,3.0658148000366054,0.8089043076033535
2,6,95,12,3201,-3962475.0313480627,-3962473.757957012,0.9678507332179622,-3962472.368971696,3.212283100001514,0.8095649668683377
2,6,96,12,3213,-3962475.0313480627,-3962474.007097605,1.067007268048019,-3962471.231143011,2.798464299994521,0.8102210737869653
2,6,97,11,3224,-3962475.0313480627,-3962474.01421167,1.819972523795223,-3962468.330184128,2.7676592999487184,0.8108185460789925
2,6,98,11,3235,-3962475.0313480627,-3962474.261558148,0.7553946410810425,-3962472.6372344755,2.7439235000056215,0.8114122681883025
2,6,99,11,3246,-3962475.049241133,-3962003.2006319836,1488.8546238620643,-3957295.0300015043,2.8030937999719754,0.8120022753128555
2,6,100,11,3257,-3962475.049241133,-3962474.26429233,0.9606062988004684,-3962471.504842315,2.7032369000371546,0.8125886022115112
2,6,101,10,3267,-3962475.049241133,-3962473.6563059925,3.047476054379158,-3962464.5960643236,2.6636153000290506,0.8131184619734239
2,6,102,10,3277,-3962475.049241133,-3962474.266173412,0.7928494696519499,-3962472.39413739,2.6005992999998853,0.8136453340851424
2,6,103,10,3287,-3962475.049241133,-3962473.655321906,1.0993042668358033,-3962472.0529943164,2.6042120000347495,0.8141692437447287
2,6,104,10,3297,-3962475.049241133,-3962474.3611340066,0.7296612492511046,-3962472.8447384927,2.6702935000066645,0.8146902158676759
2,6,105,10,3307,-3962475.049460899,-3962474.6445443495,0.5156915045486002,-3962473.2988838665,2.7183777000172995,0.8152082750908582
2,6,106,10,3317,-3962475.049460899,-3962474.647671298,0.5218525644441218,-3962473.558995327,2.7213893000152893,0.8157234457764149
2,6,107,9,3326,-3962475.049460899,-3962473.8864018833,1.2072750119447382,-3962470.942804629,2.6062466999865137,0.8161846496106785
2,6,108,9,3335,-3962475.049460899,-3962474.1876953533,1.1896923964363513,-3962471.073833376,2.5664820999954827,0.8166435506241332
2,6,109,9,3344,-3962475.123182684,-3961899.1113014105,1627.8920265918855,-3957294.737598095,2.5065228000166826,0.8171001660210293
2,6,110,9,3353,-3962475.123182684,-3962474.748537479,0.48923609117853567,-3962473.448556412,2.517879899998661,0.8175545128346674
2,6,111,9,3362,-3962475.360503774,-3962474.6868060073,0.31824539740484414,-3962474.304359326,2.515355199982878,0.8180066079295154
2,6,112,8,3370,-3962475.464713186,-3962474.6325127827,0.6362101782883199,-3962473.4483609386,1.7671331000165083,0.8184065934065934
2,6,113,8,3378,-3962475.466344226,-3962474.7748691435,0.5570072359078526,-3962473.5238711145,1.850165100011509,0.8188048245614035
2,6,114,8,3386,-3962475.509827178,-3962474.9540748433,0.4499615684746239,-3962474.2741538305,1.9812927999882959,0.8192013129102844
2,6,115,8,3394,-3962475.5164105203,-3962474.900591855,0.3427860070868402,-3962474.236958284,2.2869153999490663,0.8195960698689956
2,6,116,8,3402,-3962475.5164105203,-3962474.6736199902,0.35456364543521296,-3962474.047269251,1.7447910999762826,0.8199891067538126
2,6,117,8,3410,-3962475.5407801345,-3962474.69626169,0.6752701363778224,-3962473.5343199223,1.8404586999677122,0.8203804347826087
2,6,118,8,3418,-3962475.5407801345,-3962474.7091695564,0.1862744664417863,-3962474.4810648486,1.9982131000142545,0.8207700650759219
2,6,119,7,3425,-3962475.5407801345,-3962474.4351294492,0.5544900151775299,-3962473.4747061282,1.7698795000324026,0.8211096075778078
2,6,120,7,3432,-3962475.5407801345,-3962474.60188104,0.4158435437235902,-3962474.1006591935,1.52168259996688,0.8214478660183685
2,6,121,7,3439,-3962475.5407801345,-3962474.482369219,0.5168949839337698,-3962473.7850621957,1.7611711000208743,0.821784847667835
2,6,122,7,3446,-3962475.541430043,-3962474.8065688876,0.47085552079957654,-3962474.151646683,1.5938004999770783,0.8221205597416577
2,6,123,7,3453,-3962475.541430043,-3962474.8541469513,0.41141450768781207,-3962474.289755799,1.8062585000297986,0.8224550094010207
2,6,124,7,3460,-3962475.541430043,-3962474.91614862,0.43671887979982915,-3962474.205934057,1.512879200046882,0.8227882037533512
2,6,125,7,3467,-3962475.541430043,-3962474.6996554583,0.5563647456875339,-3962473.5151183773,1.5749777000164613,0.8231201498528231
2,6,126,7,3474,-3962475.541430043,-3962474.7652730355,0.6824392520114991,-3962473.3898993265,1.6696865999838337,0.8234508547008547
2,6,127,6,3480,-3962475.541430043,-3962474.6399894953,0.6325401908435513,-3962473.687700784,1.7828890000237152,0.8237333333333333
2,6,128,6,3486,-3962475.541430043,-3962474.5516870245,0.5231799773614593,-3962473.5189021733,1.3715881000389345,0.8240149094781682
2,6,129,6,3492,-3962475.541430043,-3962475.0317530707,0.6112963015166906,-3962473.779212797,1.3790768000180833,0.8242955874534822
2,6,130,6,3498,-3962475.541430043,-3962475.056783028,0.3536639441628007,-3962474.6575826127,1.728768500033766,0.8245753715498938
2,6,131,6,3504,-3962475.541430043,-3962474.779415645,0.6731866229489816,-3962474.060200583,1.386064600024838,0.8248542660307366
2,6,132,6,3510,-3962475.544844378,-3962475.0420152456,0.5104829878862247,-3962474.1915879995,1.376207199995406,0.8251322751322752
2,6,133,6,3516,-3962475.544844378,-3962475.5082529397,0.016890288894404654,-3962475.490479842,1.379127399995923,0.8254094030639197
2,6,134,6,3522,-3962475.544844378,-3962474.84762195,0.5975804282139938,-3962473.6108856145,1.6254934999742545,0.8256856540084389
2,6,135,5,3527,-3962475.544844378,-3962474.7314422457,0.22865588137302936,-3962474.387822671,1.314618900010828,0.8259151962075323
2,6,136,5,3532,-3962475.544844378,-3962474.893471063,0.4206374280747655,-3962474.2576710694,1.6165137000498362,0.8261441346659653
2,6,137,5,3537,-3962475.544844378,-3962475.1051689074,0.4724984514851753,-3962474.4879168216,1.5748791999649256,0.8263724717625427
2,6,138,5,3542,-3962475.544844378,-3962475.133324097,0.6201257508391688,-3962473.9110226575,1.277605399955064,0.8266002098635886
2,6,139,5,3547,-3962475.544844378,-3962474.370228252,0.8166704432311145,-3962473.415311506,1.5907344000297599,0.8268273513230285
2,6,140,5,3552,-3962475.544844378,-3962474.8561030673,0.639455338465723,-3962473.7838042863,1.2650615000166,0.8270538984824699
2,6,141,5,3557,-3962475.544844378,-3962474.7372732298,0.7325662223214016,-3962473.49641202,1.2676949999877252,0.827279853671283
2,6,142,5,3562,-3962475.544844378,-3962475.137969402,0.35117206203167217,-3962474.734730212,1.6185175999999046,0.8275052192066806
2,6,143,5,3567,-3962475.544844378,-3962474.9315066775,0.45986966317812134,-3962474.4450710975,1.5873478000285104,0.8277299973937973
2,6,144,5,3572,-3962475.5691605154,-3962475.285664676,0.32456171397340605,-3962474.8318703678,1.2825501000043005,0.8279541905257678
2,6,145,5,3577,-3962475.5691605154,-3962475.4165488807,0.22030888149766933,-3962474.978627285,1.270000499964226,0.8281778008838055
2,6,146,4,3581,-3962475.5691605154,-3962474.4870390752,0.609521483223729,-3962474.047628112,1.603285999968648,0.828356271098416
2,6,147,4,3585,-3962475.5691605154,-3958395.5268425154,7065.887768317228,-3946157.0502411053,1.2489865999668837,0.8285343709468224
2,6,148,4,3589,-3962475.5691605154,-3962474.9883182994,0.6523267184456378,-3962473.964034112,1.6693274000426754,0.8287121015807204
2,6,149,4,3593,-3962475.5691605154,-3958395.570202995,7065.890586862487,-3946157.088719234,1.251050499966368,0.828889464147036
2,6,150,4,3597,-3962475.569171421,-3958395.735801149,7065.986178498402,-3946157.0887471884,1.2553466000244953,0.8290664597879494
2,7,0,72,72,26134580.075003516,236453944.0011049,94259301.68410459,430051456.5767647,176.06389290001243,0.390625
2,7,1,72,144,5625767.616740324,188395891.17920628,90762389.85560335,402912638.08245975,158.9902036000276,0.40076335877862596
2,7,2,69,213,4081134.3643918503,120489727.70286413,75384527.56603904,315384650.74516034,143.50022409996018,0.3956639566395664
2,7,3,68,281,1937767.6508150809,80853361.58461846,70276748.49886703,291164505.72269464,120.99292789999163,0.4004329004329004
2,7,4,67,348,1937767.6508150809,45723388.30169903,51302895.74428629,237145111.14573312,100.14795350003988,0.4105461393596987
2,7,5,65,413,1361196.6602425016,29978764.97608371,32863712.814126235,177265488.96038115,95.05346500000451,0.41008403361344536
2,7,6,64,477,-1732641.4926000666,18672814.102571823,25824338.273911897,102757351.23543094,72.32860840001376,0.4179566563467492
2,7,7,63,540,-1732641.4926000666,13754661.814122008,20832349.814457335,125681893.94189142,74.17776719998801,0.42714285714285716
2,7,8,62,602,-2316966.87887696,9254085.808472125,12774717.584796814,65344635.03257547,71.4393084999756,0.4363395225464191
2,7,9,61,663,-2447748.9955360163,5314080.5722512975,4743282.948147212,19446978.794990163,57.02615629998036,0.4493116395494368
2,7,10,59,722,-3622643.3733876627,4507154.8266454255,5813372.87924023,25772823.834746845,62.631341699976474,0.4647887323943662
2,7,11,58,780,-3622643.3733876627,4585093.401180534,6651692.658094502,28797382.89960886,50.07524730003206,0.47592385218365063
2,7,12,57,837,-3622643.3733876627,5181803.626174019,7803907.8913402865,33064739.523473788,60.72327039996162,0.4888888888888889
2,7,13,56,893,-3697307.4902073927,3456220.321285146,6843653.485776412,24509460.784107737,64.16800710000098,0.5074626865671642
2,7,14,55,948,-3697307.4902073927,2375356.6578048547,5615852.089459106,26035133.781588614,54.554223000013735,0.5171102661596958
2,7,15,54,1002,-3795359.325485062,1873887.4778544237,5798124.495399545,17734715.395496093,63.99893180001527,0.5266968325791855
2,7,16,53,1055,-3946538.685818322,2587088.1761369985,6316122.166536906,23682374.423819575,65.15077579999343,0.5378006872852233
2,7,17,52,1107,-3946538.685818322,1982778.3112346376,5132556.817486977,18041266.049794715,51.34150550002232,0.5495049504950495
2,7,18,51,1158,-3946538.685818322,1704954.1415997758,6225371.398833536,20808028.946688604,57.36326569999801,0.5616113744075829
2,7,19,50,1208,-3946538.685818322,1459706.8101240771,5582779.046854659,17873482.66217434,51.70676510001067,0.5752279635258358
2,7,20,49,1257,-3946538.685818322,-1047653.2374570041,3785774.30143871,17878032.330566183,54.718209900020156,0.5874635568513119
2,7,21,48,1305,-3946538.685818322,-20120.351759426452,5261796.657950874,19854622.9596756,56.32115390000399,0.5956552207428171
2,7,22,47,1352,-3946538.685819082,-1284199.101007839,3415197.246187879,9381360.933349987,54.682777200010605,0.6076975016880486
2,7,23,46,1398,-3946538.685819082,1220435.5882624667,5391466.211034487,17476916.556769487,41.693783700000495,0.6166448230668414
2,7,24,46,1444,-3946538.685819082,-828651.2452015072,4898118.231972491,16107207.272545688,48.15899929997977,0.626031746031746
2,7,25,45,1489,-3946538.685819082,116563.89346639512,4967808.916171167,12251327.833630988,49.23612899996806,0.6329426280074029
2,7,26,44,1533,-3946538.685819082,-2592281.070297959,2637328.810887727,10142818.828755401,49.83271859999513,0.6405502392344498
2,7,27,43,1576,-3949426.178695364,-2202947.8263953156,3672266.929368861,16117783.182326438,49.531286699988414,0.6467517401392111
2,7,28,42,1618,-3954793.0165211186,-2830632.2599966144,2261438.084225768,10128430.925485954,44.70700389996637,0.6540632054176072
2,7,29,41,1659,-3954793.0165211186,-2840379.4981090454,2778531.4766452964,11528130.130502984,47.58831130003091,0.6597145993413831
2,7,30,41,1700,-3958006.6894967705,-3284702.4760927414,1569717.8029314561,5370666.741145246,46.6358677999815,0.66524064171123
2,7,31,40,1740,-3958006.6894967705,-2854493.035609104,2147241.4479304575,4921263.430231737,48.31493809999665,0.6701352757544224
2,7,32,39,1779,-3958006.6894967705,-3220665.1308495137,2338635.7923390344,10881762.066767853,45.23036560002947,0.6744421906693712
2,7,33,38,1817,-3960497.741818227,-3468643.526312318,1713666.9713425438,6596108.884519167,47.50036200002069,0.6765578635014837
2,7,34,38,1855,-3960497.741818227,-3065810.037288496,2930864.239342789,10984738.140038714,46.31382409995422,0.6790720154664089
2,7,35,37,1892,-3960497.741818227,-3841645.487645371,138211.2724300666,-3373127.4823734127,44.45952909998596,0.6822695035460993
2,7,36,36,1928,-3960497.741818227,-3775892.3593974095,274268.8413334805,-2867691.592716694,39.6623284999514,0.6855025474756832
2,7,37,36,1964,-3960497.741818227,-3794067.8191898298,477466.63590598607,-1081700.308988342,37.09787440003129,0.6889191643960036
2,7,38,35,1999,-3960497.741818227,-3900972.488180227,55844.33064349882,-3750761.468291495,43.47312709997641,0.6916221033868093
2,7,39,34,2033,-3961647.518634826,-3920097.0251713945,48375.26072989083,-3709663.5281690657,33.08489599998575,0.6948336252189142
2,7,40,34,2067,-3961647.518634826,-3902106.2562224227,64322.617226532326,-3702409.145347664,33.389094099984504,0.6978045630650022
2,7,41,33,2100,-3961647.518634826,-3919362.6922699357,55124.64100295712,-3686413.846731825,22.98643519997131,0.7017394993635978
2,7,42,32,2132,-3961647.518634826,-3897415.227381767,180506.76533137413,-2923387.480118106,16.347828800033312,0.7057346169945584
2,7,43,32,2164,-3961647.518634826,-3943510.6634678505,19913.60426011154,-3856705.869398823,14.938807200000156,0.7096241222635274
2,7,44,31,2195,-3961684.492036298,-3815815.624221635,378256.768134759,-2593455.718812201,19.84216000000015,0.7127139364303179
2,7,45,31,2226,-3961877.5707433634,-3937723.106949231,47776.8686803322,-3733866.0115391705,21.99369910004316,0.7154340836012861
2,7,46,30,2256,-3961877.5707433634,-3951911.26744316,15014.801792460461,-3879463.6751085967,20.17610139999306,0.7185391028185788
2,7,47,29,2285,-3962103.483131757,-3953107.1064313347,12119.757317113827,-3904285.7210406065,12.595762800017837,0.7214593958415064
2,7,48,29,2314,-3962106.6412103195,-3724013.570072269,1183694.0353607787,2538195.6542511825,15.62165659997845,0.7243117487398216
2,7,49,28,2342,-3962106.6412103195,-3956678.2776120263,4563.816042907365,-3941362.3855470065,10.09693729999708,0.7272727272727273
2,7,50,28,2370,-3962211.3876382466,-3957301.043656291,5386.012145732771,-3941774.159525076,10.498309799993876,0.7301707779886148
2,7,51,27,2397,-3962211.3876382466,-3954250.7683257456,9607.414951991344,-3920008.1991508845,13.447310400020797,0.7326323695080736
2,7,52,27,2424,-3962321.9952217303,-3509756.974344359,2284619.140633936,8139514.728754651,14.132616799965035,0.7349442379182156
2,7,53,26,2450,-3962321.9952217303,-3135617.793340665,2892975.0567593854,8611422.40717646,12.027192099951208,0.7371134020618557
2,7,54,26,2476,-3962321.9952217303,-3958473.5802234937,4594.090659557085,-3940539.1250051484,10.925344999996014,0.7396061269146609
2,7,55,25,2501,-3962321.9952217303,-3959521.5329273283,2462.8544658852443,-3953436.1661060434,5.737148400046863,0.741958800144561
2,7,56,25,2526,-3962321.9952217303,-3960016.6476891832,2882.6422227232015,-3951641.547489552,6.045863199979067,0.744269340974212
2,7,57,24,2550,-3962321.9952217303,-3959912.6858303337,3652.445418833476,-3945484.0144925583,6.212809499993455,0.7464488636363636
2,7,58,24,2574,-3962321.9952217303,-3960335.203138133,4913.192366747895,-3937318.8629363365,5.730457500030752,0.7485915492957746
2,7,59,23,2597,-3962321.9952217303,-3413871.66024669,2558040.0208282056,8584379.283188868,10.842447299975902,0.7502619629758994
2,7,60,23,2620,-3962381.8699358664,-3959078.666091293,4696.395652383825,-3945263.3278074823,5.724976800032891,0.7522522522522522
2,7,61,23,2643,-3962381.8699358664,-3958812.750514393,5689.213381182223,-3943878.9309085067,7.793905799975619,0.7542110690959093
2,7,62,22,2665,-3962405.7496304046,-3958454.1446691006,6184.419198341509,-3942538.6718212534,6.087122600001749,0.7560559535994541
2,7,63,22,2687,-3962405.7496304046,-3959373.418711098,5797.509097596141,-3943383.9984696135,5.604179400019348,0.7578733491364714
2,7,64,21,2708,-3962410.878931025,-3961262.8518357673,3647.290579191176,-3945033.4280380495,4.962773200008087,0.7595830531271015
2,7,65,21,2729,-3962420.6061946526,-3960274.3048633123,5130.866271212725,-3944093.4250668883,5.039228799985722,0.7612687813021702
2,7,66,20,2749,-3962448.5480678715,-3961760.5344598806,1268.1872252058076,-3956752.6546696853,4.611021900025662,0.7628524046434494
2,7,67,20,2769,-3962448.5480678715,-3961694.0612087026,1500.7008121315073,-3957240.293133294,4.928836600040086,0.7644151565074135
2,7,68,20,2789,-3962462.8336271644,-3960828.97845961,3723.5320588597365,-3946093.57114633,4.561766300001182,0.7659574468085106
2,7,69,19,2808,-3962462.8336271644,-3962292.460071361,178.36971740972862,-3961603.4479703363,4.64596499997424,0.7674040338321405
2,7,70,19,2827,-3962462.8336271644,-3961216.868158861,3747.8970386316837,-3946061.2826309763,4.554581000003964,0.7688328483672809
2,7,71,19,2846,-3962462.8336271644,-3962125.094309003,1132.5674206699646,-3957325.1936028674,4.525934299977962,0.7702442159383034
2,7,72,18,2864,-3962462.8336271644,-3961810.299765045,1580.9510747161612,-3957311.7695276383,4.557939099962823,0.7715654952076677
2,7,73,18,2882,-3962466.5808511917,-3961850.177059846,1602.659908325098,-3957266.1172252893,4.142559700005222,0.77287166454892
2,7,74,18,2900,-3962473.1800252777,-3962144.5978247393,1155.4843752652291,-3957385.9500879757,4.290766399994027,0.7741629816803538
2,7,75,17,2917,-3962473.1800252777,-3962442.916799109,37.79734961634802,-3962310.0448825657,4.209398000035435,0.7753691486019478
2,7,76,17,2934,-3962473.1800252777,-3962442.3538918924,40.78956326645072,-3962306.767141957,4.4315950000309385,0.7765625
2,7,77,17,2951,-3962474.7169157937,-3961197.263047476,3950.448668070709,-3946164.0737862587,4.28618200001074,0.7777432390425862
2,7,78,16,2967,-3962474.9738283698,-3958062.9390806593,6984.632373950049,-3946151.5723116696,6.873384399979841,0.7788431797092483
2,7,79,16,2983,-3962474.989863636,-3962143.359415798,1256.7254239412248,-3957276.1261025183,3.2146712000248954,0.7799322868574946
2,7,80,16,2999,-3962474.989863636,-3959782.405316898,5422.707446451397,-3946141.9603726827,3.5792794000008143,0.781010719754977
2,7,81,15,3014,-3962475.0097905006,-3959207.7437468893,6523.507085242569,-3946155.6789339073,3.4229770000092685,0.7820121951219512
2,7,82,15,3029,-3962475.0097905006,-3961031.369397226,4170.7851304164315,-3946183.161781797,3.4925471000024118,0.7830045523520486
2,7,83,15,3044,-3962475.0097905006,-3962122.9266364896,1291.8079602606508,-3957289.569029996,3.5375749999657273,0.783987915407855
2,7,84,15,3059,-3962475.0097905006,-3961035.9485478895,4184.305379993202,-3946143.935457086,3.174949799955357,0.7849624060150376
2,7,85,14,3073,-3962475.0097905006,-3960937.942622605,4309.710806600338,-3946157.346230751,3.0484833999653347,0.7858640311470501
2,7,86,14,3087,-3962475.0097905006,-3962104.253605214,1331.1603293739142,-3957304.689249499,3.0006595000158995,0.7867581270504026
2,7,87,14,3101,-3962475.0501324497,-3959403.9187198738,5694.754499686065,-3946148.806865344,3.367713999992702,0.7876447876447876
2,7,88,13,3114,-3962475.0501324497,-3962473.223330764,3.578906306645124,-3962461.014741741,2.973780100001022,0.7884615384615384
2,7,89,13,3127,-3962475.0501324497,-3962473.9285821775,0.9475576264726339,-3962472.422881348,3.3915680999634787,0.789272030651341
2,7,90,13,3140,-3962475.1770528164,-3962474.609013469,0.5519834399086407,-3962473.065395195,3.240499900013674,0.7900763358778626
2,7,91,13,3153,-3962475.179230688,-3962077.1922084847,1375.965763573386,-3957310.707742354,3.051218400010839,0.7908745247148289
2,7,92,12,3165,-3962475.179230688,-3961114.154123539,4510.519215553006,-3946154.45444401,2.82375649997266,0.7916059457883999
2,7,93,12,3177,-3962475.179230688,-3959753.8774308166,6082.848552896741,-3946151.3099948037,3.1762033000122756,0.792332268370607
2,7,94,12,3189,-3962475.179230688,-3962473.977016218,1.0720824796688968,-3962471.388437722,2.891614899970591,0.7930535455861071
2,7,95,12,3201,-3962475.256279975,-3962474.695471549,0.3243522366978341,-3962474.103992816,3.311270100006368,0.7937698298240554
2,7,96,12,3213,-3962475.256279975,-3962474.315797955,0.7396314724780986,-3962472.0745480377,2.894119300006423,0.7944811727507904
2,7,97,11,3224,-3962475.256279975,-3962474.267653811,0.5310756618890753,-3962473.2662123013,3.1598974999506027,0.7951289398280802
2,7,98,11,3235,-3962475.256279975,-3960991.2928607087,4690.799013848054,-3946157.6839684695,2.8276120999944396,0.7957726363896029
2,7,99,11,3246,-3962475.256279975,-3962473.637416778,3.5885138614598433,-3962462.322922537,2.775445400038734,0.7964123006833713
2,7,100,11,3257,-3962475.352910541,-3962474.3315998153,1.068081042964509,-3962471.697360173,2.71987629996147,0.7970479704797048
2,7,101,10,3267,-3962475.352910541,-3962474.481324573,0.5056034587316246,-3962473.5560282804,2.800990399962757,0.7976224172091707
2,7,102,10,3277,-3962475.352910541,-3962474.015275075,1.3002100043586007,-3962471.0933225155,2.6909292999771424,0.7981936212249506
2,7,103,10,3287,-3962475.352910541,-3962474.1807431853,1.0424228929890182,-3962471.245896995,2.6401424999930896,0.7987616099071208
2,7,104,10,3297,-3962475.352910541,-3962474.466704269,0.4956458351098779,-3962473.500560347,2.9542592999641784,0.7993264103283749
2,7,105,10,3307,-3962475.494034771,-3962474.604350342,0.45780011221109973,-3962473.8607332725,2.593398900004104,0.7998880492583264
2,7,106,10,3317,-3962475.494034771,-3962474.599396666,0.6431945186404343,-3962473.525609322,2.7711938000284135,0.8004465531677365
2,7,107,9,3326,-3962475.494034771,-3962474.610010975,0.47090483581995,-3962473.7159057707,2.586537400027737,0.8009465478841871
2,7,108,9,3335,-3962475.494034771,-3962474.4475554205,0.49796070751299404,-3962473.535366876,2.637156300013885,0.8014440433212996
2,7,109,9,3344,-3962475.494034771,-3962474.733608432,0.5906658228433702,-3962473.124508688,2.537823799997568,0.8019390581717452
2,7,110,9,3353,-3962475.494034771,-3962474.661991792,0.3013881630995474,-3962473.9356414434,2.487587000010535,0.8024316109422492
2,7,111,9,3362,-3962475.494034771,-3962474.41899308,0.5553205551290514,-3962473.2606547493,2.7451683999970555,0.8029217199558986
2,7,112,8,3370,-3962475.494034771,-3962474.2933854316,0.833339339349794,-3962472.276198553,2.0164611999643967,0.8033553355335533
2,7,113,8,3378,-3962475.494034771,-3962474.0202977024,2.34480646383064,-3962467.8698901553,1.805982000019867,0.8037870472008781
2,7,114,8,3386,-3962475.4952812884,-3962471.9888379723,6.439384949221712,-3962455.149937855,1.9352549000177532,0.8042168674698795
2,7,115,8,3394,-3962475.4952812884,-3962474.733325896,0.5072669151629746,-3962473.8325947467,2.308269100030884,0.8046448087431693
2,7,116,8,3402,-3962475.503831936,-3962474.708023243,0.6393176000653829,-3962473.361314835,2.047990099992603,0.8050708833151581
2,7,117,8,3410,-3962475.5126344357,-3962474.5114954626,1.0529267038166665,-3962472.294871863,1.8978513000183739,0.8054951033732318
2,7,118,8,3418,-3962475.5126344357,-3962473.6299124807,3.5361282626742168,-3962464.360820908,1.9878977999906056,0.8059174809989142
2,7,119,7,3425,-3962475.5126344357,-3962474.2408153987,1.0277898151192535,-3962472.314506175,1.8551882000174373,0.8062855594689786
2,7,120,7,3432,-3962475.5126344357,-3962474.5033740816,0.5103402059313404,-3962473.729274096,1.8023305999813601,0.806652244456463
2,7,121,7,3439,-3962475.5126344357,-3962474.4661714933,0.5149168554508171,-3962473.762399921,1.5300134000135586,0.8070175438596491
2,7,122,7,3446,-3962475.5126344357,-3962474.1299879146,1.3255774591532443,-3962472.058043774,1.8697140999720432,0.8073814655172413
2,7,123,7,3453,-3962475.5126344357,-3962474.9374407753,0.70458078883006,-3962473.539535312,1.8345218999893405,0.8077440172089271
2,7,124,7,3460,-3962475.5126344357,-3962474.75872915,0.6747920506324544,-3962473.8912024554,1.661885200010147,0.8081052066559313
2,7,125,7,3467,-3962475.5126344357,-3962475.147380882,0.5677718351706947,-3962474.0874916483,1.6519713999587111,0.8084650415215644
2,7,126,7,3474,-3962475.5126344357,-3962475.1561296857,0.5531052328467236,-3962473.91625781,1.5937281999504194,0.8088235294117647
2,7,127,6,3480,-3962475.5126344357,-3962474.6111144014,0.5736996618546027,-3962473.944310954,1.6895854999893345,0.8091297383876135
2,7,128,6,3486,-3962475.5126844086,-3962474.749200467,0.6571312685629002,-3962473.373503521,1.3913975000032224,0.8094349680170576
2,7,129,6,3492,-3962475.5126844086,-3962475.18359389,0.3742376352653121,-3962474.5758102927,1.5592871999833733,0.8097392229909527
2,7,130,6,3498,-3962475.5126844086,-3962475.1941970065,0.543516524923217,-3962474.0056055803,1.7509907000348903,0.8100425079702445
2,7,131,6,3504,-3962475.5126844086,-3962475.2327600843,0.42723530047486713,-3962474.3448613547,1.6009866000385955,0.8103448275862069
2,7,132,6,3510,-3962475.5126844086,-3962475.1516144034,0.3753044381797692,-3962474.591642389,1.5564292999915779,0.810646186440678
2,7,133,6,3516,-3962475.5126844086,-3962475.1334119975,0.3802187935233986,-3962474.6221781224,1.7363516999757849,0.8109465891062929
2,7,134,6,3522,-3962475.5126844086,-3962475.3367304117,0.31305710294986816,-3962474.6502615605,1.3734135000267997,0.811246040126716
2,7,135,5,3527,-3962475.514875371,-3962475.106682985,0.5784148344608387,-3962474.030322084,1.6251379000023007,0.8114948589506986
2,7,136,5,3532,-3962475.514875371,-3962475.300636293,0.26150981191802786,-3962474.892589759,1.5965553999994881,0.8117430226434966
2,7,137,5,3537,-3962475.5164261702,-3962474.9723829934,0.5231776084832777,-3962474.1056716572,1.2509277999633923,0.8119905337891139
2,7,138,5,3542,-3962475.5164261702,-3962475.185315179,0.4133424309635382,-3962474.5216938555,1.3820154999848455,0.8122373949579832
2,7,139,5,3547,-3962475.5164261702,-3962474.9177308693,0.7384802715954147,-3962473.8163574804,1.5915956999524496,0.8124836087070548
2,7,140,5,3552,-3962475.5164261702,-3962475.2288183495,0.3496956819581307,-3962474.614606442,1.2835064000100829,0.8127291775798847
2,7,141,5,3557,-3962475.5164261702,-3962475.0644287253,0.28487381123300787,-3962474.640117567,1.2892175000160933,0.8129741041067224
2,7,142,5,3562,-3962475.5164261702,-3962475.371055197,0.17186557876216899,-3962475.157896282,1.682385099993553,0.8132183908045977
2,7,143,5,3567,-3962475.5164261702,-3962474.909866432,0.39493839746379783,-3962474.287229052,1.327027699968312,0.8134620401774068
2,7,144,5,3572,-3962475.5189179555,-3962475.51113815,0.005157000494769961,-3962475.504565658,1.3894846999901347,0.813705054715998
2,7,145,5,3577,-3962475.5189179555,-3962475.181561184,0.40882125392415897,-3962474.57047279,1.6345212000305764,0.8139474368982565
2,7,146,4,3581,-3962475.5189179555,-3962475.0180910113,0.4422312238950538,-3962474.337888576,1.225330799992662,0.814140889004419
2,7,147,4,3585,-3962475.5189179555,-3962475.379698339,0.23369218017566945,-3962474.9749382846,1.2955688999500126,0.8143339392365619
2,7,148,4,3589,-3962475.5189179555,-3962474.900503509,0.4258452163106463,-3962474.3981330935,1.5773850999539718,0.814526588845655
2,7,149,4,3593,-3962475.5189179555,-3962474.9388759993,0.5901275628798884,-3962474.1491931267,1.2480749000096694,0.8147188390774812
2,7,150,4,3597,-3962475.5189179555,-3962475.1961641954,0.3179524501032292,-3962474.850611469,1.2491184000391513,0.8149106911726637
2,8,0,72,72,16759802.0423202,218625975.1676665,119208153.34698987,488618302.72241724,177.31467520003207,0.375
2,8,1,72,144,8057115.576047996,163645025.20772436,103327656.547643,493971127.3620038,159.80465460004052,0.37890625
2,8,2,69,213,3953928.790035829,103153485.95853424,79567059.9602402,274374335.4608054,136.8467977999826,0.3917808219178082
2,8,3,68,281,2413511.693688845,66785005.973931566,63363933.634733856,222322501.25115287,114.03207010001643,0.4153846153846154
2,8,4,67,348,-1069687.6394221522,46063563.08494115,47416364.63568206,207827128.11035368,98.7621335000149,0.43151969981238275
2,8,5,65,413,-1069687.6394221522,29508070.53505372,36443821.99580293,223438550.58934337,79.98994499997934,0.44350758853288363
2,8,6,64,477,-2023873.2124711974,15562917.853807284,20572102.16920225,93823290.94963291,71.37750279996544,0.45131375579598143
2,8,7,63,540,-2023873.2124711974,11661614.214013085,14938097.120996103,70334951.50613028,62.800507300009485,0.46320346320346323
2,8,8,62,602,-2943139.364589762,5888810.716336567,7641479.650483294,29599168.168109722,65.54654680000385,0.47459893048128343
2,8,9,61,663,-3102520.9660719037,4622875.3024192,10422341.794422915,59213509.54347245,61.36914909997722,0.48427672955974843
2,8,10,59,722,-3224628.487956051,3123426.976634765,5518297.590140978,29574587.510461044,51.35345599998254,0.5017835909631391
2,8,11,58,780,-3224628.487956051,2823978.9423937513,5712781.9051429145,31112773.874511313,62.21572850004304,0.5178970917225951
2,8,12,57,837,-3547735.49139327,2179163.7560258675,4964298.214182121,21546721.259514306,61.16468909999821,0.5306553911205074
2,8,13,56,893,-3547735.49139327,2638136.1498472546,5894807.995248866,20716543.721623152,59.79742379998788,0.5444555444555444
2,8,14,55,948,-3890060.219122762,1199829.6462353547,5852420.767901515,22550655.145124238,69.5446308000246,0.5615671641791045
2,8,15,54,1002,-3890060.219122762,1625801.7452185554,4785140.657037161,17633689.457020827,65.49925310001709,0.573321554770318
2,8,16,53,1055,-3890060.219122762,462008.6544252162,3891769.9929352836,12442199.089112889,55.862311900011264,0.5878889823380993
2,8,17,52,1107,-3890060.219122762,1037376.0047536015,4336043.719328352,12775652.988019884,58.056103999959305,0.5967741935483871
2,8,18,51,1158,-3890060.219122762,-422091.5865326198,3517563.920677615,15794296.31727733,54.30429080000613,0.608662026295437
2,8,19,50,1208,-3890060.219122762,-315755.12650399806,3958929.3774895696,15077160.921123516,54.05953539995244,0.620919881305638
2,8,20,49,1257,-3890060.219122762,-471182.6634736347,4585162.892135804,19122670.206147257,62.98839409998618,0.6334041047416844
2,8,21,48,1305,-3890060.219122762,-284730.48871024296,3699690.9492702596,14039722.19022327,54.932366999972146,0.6425153793574846
2,8,22,47,1352,-3890060.219122762,-186254.7269524941,4300541.25500367,17983344.89053369,60.122425799956545,0.6513460275771503
2,8,23,46,1398,-3890060.219122762,-1350976.4957151366,2934703.5173728783,11118776.252903463,51.6627117000171,0.660952380952381
2,8,24,46,1444,-3949347.8376436494,-224005.75288806172,5988167.754787507,30379684.129863393,52.52279979997547,0.6705521472392638
2,8,25,45,1489,-3949347.8376436494,-897484.1724004037,3399527.4007433834,10007870.730541766,50.31423670001095,0.6803084223013048
2,8,26,44,1533,-3954238.076915942,-1440754.1111403941,3895722.886359614,18571283.244385287,48.907709799997974,0.6886846639862149
2,8,27,43,1576,-3954238.076915942,-1256890.773479951,3492000.281902531,11856302.055868084,47.14281110005686,0.6962095875139354
2,8,28,42,1618,-3954238.076915942,-511166.29695018637,4372993.03665039,12986367.250435501,49.489940899948124,0.7017353579175705
2,8,29,41,1659,-3956574.622064352,-1862715.8871804008,2793100.015561919,6817747.5133714015,48.19154890003847,0.707740916271722
2,8,30,41,1700,-3956574.622064352,-876432.1385674947,4855087.105521809,17780826.416349676,48.36633280001115,0.7133333333333334
2,8,31,40,1740,-3956574.622064352,-1906188.7068214514,2987987.8485932983,9153286.220559858,42.0841307999799,0.7188594297148574
2,8,32,39,1779,-3956574.622064352,-1391332.9597724914,3409000.4967283234,10391648.986310707,46.4921914000297,0.724609375
2,8,33,38,1817,-3956574.622064352,-1570693.0473823175,4880579.974563958,21027801.51000607,48.75067089998629,0.7296525464064731
2,8,34,38,1855,-3956574.622064352,-1383959.3961054008,4208965.670620681,15871049.111086369,44.29839280003216,0.7334883720930233
2,8,35,37,1892,-3956574.622064352,-2541430.6919556623,2943573.679890747,12809708.501079656,43.19400219997624,0.7378464334393458
2,8,36,36,1928,-3956574.622064352,-2759013.2435347037,2678677.277904225,10689224.7444996,40.260152200004086,0.7426666666666667
2,8,37,36,1964,-3956574.622064352,-3054101.071724544,1427394.2428432535,2530551.756060291,44.126439600018784,0.7468519322622666
2,8,38,35,1999,-3956574.622064352,-3570805.1191333593,596369.6384007214,-1144676.3955502883,36.88077250000788,0.7515950659293917
2,8,39,34,2033,-3956574.622064352,-2537669.7867083475,2800980.692580424,6850028.670248377,31.36340209998889,0.7540777917189461
2,8,40,34,2067,-3956574.622064352,-3431727.961147351,1095443.7163568668,1147344.8022053316,27.318628799985163,0.7569901315789473
2,8,41,33,2100,-3956574.622064352,-3662864.8579937117,649715.7108010665,-426909.409479158,27.72923080000328,0.7595959595959596
2,8,42,32,2132,-3956574.622064352,-3443806.196254381,1127981.5495967334,1841695.0235918406,32.91936449997593,0.760619293370385
2,8,43,32,2164,-3957004.184526149,-3411990.6888173316,1307776.3599198395,1868646.7449235627,34.474597099993844,0.7625927372120266
2,8,44,31,2195,-3957004.184526149,-3380874.163534526,2040735.052308739,7366723.433240415,27.444573100015987,0.7638461538461538
2,8,45,31,2226,-3957004.184526149,-3593598.157833961,805343.9098901213,571365.8808079567,26.51330869999947,0.765352539802881
2,8,46,30,2256,-3957007.370179897,-3785540.0874392707,339633.7345219297,-2518321.724164691,31.01605949999066,0.7662434652725915
2,8,47,29,2285,-3957007.370179897,-3794846.4108727765,288389.5885999667,-2665811.5213748533,35.52127909997944,0.7665441176470589
2,8,48,29,2314,-3957007.370179897,-3874491.0772251664,114801.86243964371,-3505772.914643895,34.67822110000998,0.7673069952881478
2,8,49,28,2342,-3957007.370179897,-3874348.9190485054,109287.77436368752,-3510513.7728327047,28.41290559998015,0.7685979971387696
2,8,50,28,2370,-3957007.370179897,-3696603.816201231,543538.8538318815,-1207808.8620205708,34.85277880000649,0.768688293370945
2,8,51,27,2397,-3957007.370179897,-3785316.2989977216,351792.11076034396,-2448141.9418162312,26.717473400000017,0.7694986072423399
2,8,52,27,2424,-3957007.370179897,-3787762.74292689,523043.3200341964,-1182823.1736536846,23.505802800005767,0.7701307639366827
2,8,53,26,2450,-3959993.836224783,-3832168.7694706665,347087.98440470104,-2466608.0436620843,23.88985740003409,0.7704081632653061
2,8,54,26,2476,-3959993.836224783,-3822300.5668517747,229109.5905053252,-3151211.603930451,37.83375109999906,0.7698758805769876
2,8,55,25,2501,-3959993.836224783,-3792047.887210546,302386.9117806648,-2711778.785934869,43.52485030004755,0.7681878306878307
2,8,56,25,2526,-3961120.9930615965,-3851284.1887734546,189028.36551602086,-3247212.8100615256,34.239716699987184,0.7685518143184047
2,8,57,24,2550,-3961120.9930615965,-3922862.619543459,54684.20761027571,-3747331.4021219686,24.103570899984334,0.7685095376656967
2,8,58,24,2574,-3961120.9930615965,-3719653.6793270484,391855.076332619,-2652427.1918594595,35.16599090001546,0.7679769894534996
2,8,59,23,2597,-3961120.9930615965,-3840545.8516419083,219825.06306096606,-3169691.131523624,29.049864600005094,0.7675521821631879
2,8,60,23,2620,-3961120.9930615965,-3894833.682426303,134462.70276008133,-3288902.764065407,22.65496090002125,0.7682430316316944
2,8,61,23,2643,-3961120.9930615965,-3788850.1071447134,428821.5928779921,-2150271.4494620822,28.874671800003853,0.768205763867369
2,8,62,22,2665,-3961120.9930615965,-3791157.7998953937,248088.17631951356,-2962039.4799266607,22.955945099995006,0.7687346437346437
2,8,63,22,2687,-3961120.9930615965,-3807507.7218883843,266408.3206444815,-2939526.0795719344,23.246229099982884,0.7692541856925419
2,8,64,21,2708,-3961707.6779826935,-3725008.731201378,505137.7615551744,-1611475.6032968368,21.494329000008292,0.7694628847314424
2,8,65,21,2729,-3963665.4628311004,-3873307.0288288714,106595.44722541663,-3580537.804905219,25.676347100001294,0.7698056801195815
2,8,66,20,2749,-3963665.4628311004,-3830143.1848065676,182900.28961341616,-3327333.113826625,29.44561860000249,0.7692535545023697
2,8,67,20,2769,-3963665.4628311004,-3786205.3338800007,289001.3235318666,-2863921.8249824885,22.810858500015456,0.7700440528634361
2,8,68,20,2789,-3963665.4628311004,-3511878.4951629564,717743.3761594213,-1247908.4170750156,31.450798699981533,0.7690517742873764
2,8,69,19,2808,-3968328.2373447157,-3875860.562400364,101383.23286161727,-3600999.535129668,31.497375300037675,0.7677902621722846
2,8,70,19,2827,-3968328.2373447157,-3893560.498190849,84851.98448171442,-3622714.132205786,29.002132500056177,0.7675613934894346
2,8,71,19,2846,-3968792.29688143,-3750246.3278103014,309772.60897862655,-2912182.305664256,31.30893149995245,0.7674681753889675
2,8,72,18,2864,-3968792.29688143,-3776112.520965774,388038.37035638525,-2208682.1474743634,30.99460849998286,0.7661900756938604
2,8,73,18,2882,-3968792.29688143,-3879019.032521017,106971.08897010457,-3567981.2772626374,30.532668099971488,0.7660461239233121
2,8,74,18,2900,-3968792.29688143,-3753532.7683123713,353229.0468445459,-2399401.548337387,35.93792170000961,0.7651431718061674
2,8,75,17,2917,-3968792.29688143,-3873496.3303640224,102363.91081034667,-3702153.947723439,30.959574199980125,0.7648663393344245
2,8,76,17,2934,-3969564.5369964633,-3871474.2533251713,88204.60239355576,-3728455.420279382,30.425420199986547,0.7643398268398268
2,8,77,17,2951,-3969564.5369964633,-3872684.7625894705,103117.0512804792,-3646025.396466609,33.682680499972776,0.7634754625905068
2,8,78,16,2967,-3969564.5369964633,-3887911.6382343406,101165.49235706952,-3657742.402428936,30.7218718000222,0.7625
2,8,79,16,2983,-3969564.5369964633,-3917471.3696714593,69220.00573632383,-3725555.655985603,32.29541220003739,0.7608122362869199
2,8,80,16,2999,-3969564.5369964633,-3883422.053725497,95498.50220291212,-3674662.154572781,31.18369089998305,0.7594142259414226
2,8,81,15,3014,-3969564.5369964633,-3898925.813264412,70843.06789250289,-3758200.868230192,30.889182000013534,0.7581733264141152
2,8,82,15,3029,-3974541.118944807,-3954693.8131527165,19692.29434819955,-3889025.970247196,30.039954899984878,0.7574665293511843
2,8,83,15,3044,-3974541.118944807,-3808324.573031217,340066.5459353488,-2773232.879274424,27.61204340000404,0.7577306414515717
2,8,84,15,3059,-3974541.118944807,-3838750.726137422,180544.91813442876,-3546194.227505833,24.785178099991754,0.7588130864823738
2,8,85,14,3073,-3974541.118944807,-3897507.65361869,143255.46577430755,-3522200.665671345,23.857802799961064,0.7600100730294637
2,8,86,14,3087,-3975541.8020132724,-3885345.3161165365,134487.9076681648,-3580936.951226812,17.751208500005305,0.7611902975743936
2,8,87,14,3101,-3975541.8020132724,-3863150.0935842693,186628.0472288818,-3469396.613781985,18.99813650001306,0.7623541097591259
2,8,88,13,3114,-3976178.3912131432,-3971774.1435410893,4130.5120345837795,-3960855.5031501576,9.890764100011438,0.7638786084381939
2,8,89,13,3127,-3977325.6022851784,-3915186.3353941166,124572.32383103571,-3527056.865656821,10.864173599984497,0.7653836724687424
2,8,90,13,3140,-3977325.6022851784,-3830836.7463959996,227760.52837279288,-3321002.9348389916,13.260708500049077,0.7668696711327649
2,8,91,13,3153,-3978093.424078826,-3967983.1672608117,17425.38972564112,-3913262.4495650325,9.838189199974295,0.7683369644153958
2,8,92,12,3165,-3978093.424078826,-3973738.120146642,8312.96278228536,-3946923.2287998535,4.371409600018524,0.7696750902527075
2,8,93,12,3177,-3978093.424078826,-3925392.73685277,140304.13469427003,-3461097.167883564,7.920026200008579,0.7709978463747308
2,8,94,12,3189,-3978093.424078826,-3946269.0759051326,66372.55746995368,-3737614.361831289,8.062305000028573,0.7723054960742327
2,8,95,12,3201,-3978145.01283348,-3971798.48522453,6893.6129197188775,-3959450.8940209094,7.311992799979635,0.7735982966643009
2,8,96,12,3213,-3978145.01283348,-3963206.8057833617,41373.42369325284,-3826188.0895187147,4.395963999966625,0.7748764996471419
2,8,97,11,3224,-3978145.01283348,-3962303.8930435088,26032.407763619995,-3895108.343451066,7.421783999947365,0.7760355721975193
2,8,98,11,3235,-3978417.236372862,-3958497.1713487115,56607.21712850847,-3779702.3104607854,4.227462699986063,0.7771827706635622
2,8,99,11,3246,-3978417.236372862,-3974075.604127188,7832.140708159505,-3954481.308391474,4.410909199970774,0.778318276580959
2,8,100,11,3257,-3978417.236372862,-3971883.228258748,15880.32187883023,-3922421.509345459,4.850547300011385,0.7794422678036413
2,8,101,10,3267,-3978417.236372862,-3970847.5057343184,21328.03098004676,-3906877.95287453,4.219013899972197,0.7804542326221611
2,8,102,10,3277,-3978426.377933208,-3970850.9769788086,9137.83155005213,-3949223.062975159,4.238651900028344,0.7814569536423841
2,8,103,10,3287,-3978426.377933208,-3976480.0287218606,3307.920335794243,-3967834.4101122394,4.230180000013206,0.7824505569447602
2,8,104,10,3297,-3978426.377933208,-3977787.9489731304,819.9476153511398,-3975900.4176086932,4.650147899985313,0.7834351663272233
2,8,105,10,3307,-3978426.377933208,-3978131.462420424,235.19229819868627,-3977709.1554486975,4.25081830000272,0.7844109033566119
2,8,106,10,3317,-3978426.377933208,-3978092.6671420694,341.9088908800703,-3977224.2088939436,4.240348699968308,0.7853778874187037
2,8,107,9,3326,-3978448.756595066,-3977881.609966457,1012.1700868037173,-3975065.763428366,4.337077800009865,0.7862407862407862
2,8,108,9,3335,-3978448.756595066,-3974679.566063722,7680.562656057234,-3953710.0789718274,4.083563900028821,0.7870967741935484
2,8,109,9,3344,-3978448.756595066,-3973094.740279389,8316.087824238526,-3956783.196512552,4.472042299981695,0.7879459339685353
2,8,110,9,3353,-3978464.4307206906,-3977842.296227982,1169.4708669235522,-3974639.8583318647,4.152657500002533,0.7887883469432796
2,8,111,9,3362,-3978479.4703830928,-3978286.193092457,179.2372913184307,-3977863.535372352,4.173174299998209,0.7896240932072983
2,8,112,8,3370,-3978479.4703830928,-3978325.583709172,231.4971699215525,-3977717.8570231423,3.094012000015937,0.7903614457831325
2,8,113,8,3378,-3978479.589078583,-3978424.341185876,56.80419916435586,-3978304.446020901,2.721889700042084,0.7910936476751801
2,8,114,8,3386,-3978479.589078583,-3977795.8960630605,1602.3911660370447,-3973558.98274976,3.0395307000144385,0.7918207526647814
2,8,115,8,3394,-3978479.589078583,-3978304.6033297423,345.9025024472733,-3977391.2683820985,2.9024969000020064,0.7925428137871233
2,8,116,8,3402,-3978479.589078583,-3978384.4811445307,199.11784108946645,-3977858.182822237,2.908140200015623,0.7932598833441348
2,8,117,8,3410,-3978479.589078583,-3977807.5204583164,1108.3616200207487,-3975346.5314769577,2.73859010002343,0.7939720129171152
2,8,118,8,3418,-3978481.00945838,-3978297.6266349,319.2662727985956,-3977477.675301401,2.7296362000051886,0.7946792533791032
2,8,119,7,3425,-3978481.9846637845,-3978036.5206986633,959.8279347199349,-3975688.8624898773,2.9061938000377268,0.7952941176470588
2,8,120,7,3432,-3978487.9987426065,-3978437.1671798294,68.53989739409928,-3978275.863877792,2.8809322000015527,0.7959053103007038
2,8,121,7,3439,-3978487.9987426065,-3978463.0097056404,21.87285120011449,-3978416.4755893424,2.5201184999896213,0.7965128641292791
2,8,122,7,3446,-3978490.2963485196,-3978473.3299628636,25.17328785107637,-3978413.159330372,2.753720200038515,0.7971168115327538
2,8,123,7,3453,-3978494.276599398,-3978481.9086022624,14.71606664867425,-3978447.1448943783,2.9281017999746837,0.797717184527584
2,8,124,7,3460,-3978494.276599398,-3978470.2372869477,34.52420086247796,-3978388.8059447687,2.4371123000164516,0.798314014752371
2,8,125,7,3467,-3978494.373866575,-3978480.122814766,23.939113409281518,-3978422.568669703,2.8480551000102423,0.7989073334734188
2,8,126,7,3474,-3978494.373866575,-3978309.2490727226,182.36669742389103,-3978030.488612652,2.4752417999552563,0.7994971715901948
2,8,127,6,3480,-3978494.373866575,-3978430.944555385,84.9692876559633,-3978274.9994700532,2.592996600025799,0.8
2,8,128,6,3486,-3978494.373866575,-3978458.160028823,68.70445123225244,-3978305.2134378646,2.698554000002332,0.8005003126954346
2,8,129,6,3492,-3978495.488628706,-3978492.971014794,2.125365280051993,-3978490.12051405,2.5731726000085473,0.8009981285090455
2,8,130,6,3498,-3978495.488628706,-3978493.732931958,0.9781506849003911,-3978491.825487815,2.2360300000291318,0.8014934660858744
2,8,131,6,3504,-3978495.488628706,-3978494.422481794,0.545902108688146,-3978493.4798575174,2.2371446000179276,0.8019863438857853
2,8,132,6,3510,-3978495.488628706,-3978489.6463822923,9.206743242415925,-3978469.6675045956,2.6383033000165597,0.8024767801857585
2,8,133,6,3516,-3978495.723455023,-3978492.1319917776,7.391538045973815,-3978475.607579617,2.600035899959039,0.8029647930821495
2,8,134,6,3522,-3978495.934857901,-3978495.2122189435,0.6908924216094775,-3978493.8333772365,2.523858200001996,0.8034504004929144
2,8,135,5,3527,-3978496.224893825,-3978495.8563575028,0.2309487928131742,-3978495.4961440694,2.030141499999445,0.8038532486165197
2,8,136,5,3532,-3978496.414582247,-3978495.9783407776,0.41074742505856693,-3978495.30837089,2.440723199979402,0.8042544487625282
2,8,137,5,3537,-3978496.414582247,-3978495.9521718128,0.4233010889199369,-3978495.2227659635,2.341210399987176,0.8046540110226577
2,8,138,5,3542,-3978496.414582247,-3978495.7906339318,0.3901637830820054,-3978495.265088018,2.0110614000004716,0.8050519454063965
2,8,139,5,3547,-3978496.414582247,-3978495.6070455476,0.7971555391896592,-3978494.104460478,2.039017300005071,0.8054482618418378
2,8,140,5,3552,-3978496.414582247,-3978495.206868048,1.1147490139858631,-3978493.0060110018,2.0412704999907874,0.8058429701765064
2,8,141,5,3557,-3978496.414582247,-3978467.827187245,47.587188957698785,-3978373.6219068803,2.3800785000203177,0.8062360801781737
2,8,142,5,3562,-3978496.414582247,-3978495.951176117,0.3853819840168615,-3978495.4550530817,2.4843056999961846,0.8066276015356638
2,8,143,5,3567,-3978496.612474639,-3978492.2798550734,7.750086188457055,-3978476.787743576,2.3767246000352316,0.8070175438596491
2,8,144,5,3572,-3978496.612474639,-3978495.769609292,0.5205627625810695,-3978494.8572183307,2.4064590000198223,0.8074059166834373
2,8,145,5,3577,-3978496.612474639,-3978495.3090564026,1.9484049595401023,-3978491.417054914,1.9929535999544896,0.8077927294637477
2,8,146,4,3581,-3978496.612474639,-3978495.7650372447,0.7634047561644408,-3978494.511204945,2.247863899974618,0.8081010627631843
2,8,147,4,3585,-3978496.612474639,-3978496.1952751996,0.3059548515430143,-3978495.722951347,2.227272799995262,0.8084084084084084
2,8,148,4,3589,-3978496.612474639,-3978479.7328232084,28.82095358182568,-3978429.814241836,2.216505699965637,0.8087147711373176
2,8,149,4,3593,-3978496.612474639,-3978496.2417882183,0.08242089477160736,-3978496.157269016,1.8701017000130378,0.8090201556575534
2,8,150,4,3597,-3978496.612474639,-3978496.1123543344,0.2403485226300388,-3978495.848396186,1.8878330000443384,0.8093245666467423
2,9,0,72,72,25107508.30378998,204206360.9982073,105683852.72600822,439791645.9933757,141.80786549998447,0.5546875
2,9,1,72,144,8114867.499041711,157944644.28508446,93286636.31736283,360529820.10526854,140.60628519998863,0.51171875
2,9,2,69,213,1175520.366100587,97902869.62442215,79647027.76788965,338640952.51316667,121.90821839997079,0.5
2,9,3,68,281,1175520.366100587,67625130.13242954,64115163.99432294,274627668.38240486,93.79872399999294,0.5299334811529933
2,9,4,67,348,1175520.366100587,39229814.282769844,41352041.63643041,205550418.51115477,84.99792440002784,0.5471698113207547
2,9,5,65,413,-0.019356674017650732,23014412.78040484,31701295.99023588,163846446.6287099,67.37270710000303,0.5385934819897084
2,9,6,64,477,-2486243.150681019,14991780.552153073,19196814.855738405,78863652.67642,62.70078219997231,0.5507020280811232
2,9,7,63,540,-2486243.150681019,10796393.50984599,14394993.79444344,62026312.29471007,50.781077299965546,0.5647743813682679
2,9,8,62,602,-2760057.945580434,6237034.846261327,8787019.349301726,37393210.03698514,52.913510699989274,0.5805142083897158
2,9,9,61,663,-3007533.9228172973,5011595.913073664,7330639.227848388,38489887.85644512,55.43740049999906,0.5829081632653061
2,9,10,59,722,-3319368.159733217,4850878.0274952045,7054875.371118122,27342083.18429645,53.729384700010996,0.592326139088729
2,9,11,58,780,-3383341.487062186,1799421.8683745116,3300533.2868902446,9759447.560072202,61.129925000015646,0.6104910714285714
2,9,12,57,837,-3657151.0260879267,2543565.2156724855,5271205.04644751,18304552.353037685,53.92479620000813,0.620507399577167
2,9,13,56,893,-3657151.0260879267,1006696.5355743441,4307038.270715401,17910778.000156876,57.953410500020254,0.6355511420059583
2,9,14,55,948,-3838870.918408107,2423937.634804909,5566239.759918157,22231378.82452425,53.46438920003129,0.6452830188679245
2,9,15,54,1002,-3838870.918408107,2164196.305331388,6119471.517932317,23314965.476837523,47.98190939996857,0.6552655265526552
2,9,16,53,1055,-3893949.4497466516,964117.8553486004,4642199.23273832,18610925.88311007,58.69001550000394,0.667805294619983
2,9,17,52,1107,-3893949.4497466516,2451945.3480880703,7283605.684556952,25824300.449018206,41.617068300023675,0.6795398520953163
2,9,18,51,1158,-3893949.4497466516,1548306.835839205,6196515.0308692185,20920514.82093258,52.54085699998541,0.6909803921568628
2,9,19,50,1208,-3893949.4497466516,616037.6542139021,5029539.433964684,14683302.048857685,50.191717299981974,0.6990218209179835
2,9,20,49,1257,-3893949.4497466516,707196.162162655,5375277.760587518,13154384.722273573,49.84305819997098,0.7076700434153401
2,9,21,48,1305,-3902081.123458486,886027.3254819094,6396620.801289219,22045556.933045816,45.22600250004325,0.7159804605722261
2,9,22,47,1352,-3907156.9424961936,788045.1678236339,6908690.807319949,25992916.66735188,47.153398900001775,0.7235333782872556
2,9,23,46,1398,-3907156.9424961936,-232397.0478499874,6632305.145919721,37529366.20870492,46.81965850002598,0.7312947299934938
2,9,24,46,1444,-3921181.0356006455,-203078.68131659942,5366253.192806715,18017029.751668308,41.68307899998035,0.7383354350567465
2,9,25,45,1489,-3940459.342937866,250051.8675257551,7595801.779180843,24381907.73147264,43.98059910000302,0.7466422466422467
2,9,26,44,1533,-3940459.342937866,-1201783.4314328027,4055906.0483505223,11323335.160064764,44.96697030001087,0.7536916715888955
2,9,27,43,1576,-3940459.342937866,-828698.7859395933,5311716.75309218,21877702.386199784,36.05798559996765,0.7585014409221902
2,9,28,42,1618,-3954109.3638813086,-800859.6536554883,4818315.301433778,14059944.003355578,38.32750309997937,0.7626262626262627
2,9,29,41,1659,-3955100.086690303,-696575.2635880259,5772725.7323926035,20789073.671367873,38.683313700021245,0.7667031763417306
2,9,30,41,1700,-3955100.086690303,-1435605.0190549896,5409283.101871661,21092970.213632397,37.84126339998329,0.7710779082177162
2,9,31,40,1740,-3955100.086690303,-2724579.654965863,2876506.6975792293,11776684.709227651,42.38085359998513,0.7752867570385819
2,9,32,39,1779,-3955100.086690303,-2150822.7784399027,3957641.4617875987,13391793.02270713,39.34382170002209,0.7782874617737003
2,9,33,38,1817,-3955100.086690303,-2755992.2437241366,2770358.0767665044,8331836.378792211,27.46017680002842,0.7821089455272364
2,9,34,38,1855,-3955100.086690303,-1810042.1626932516,4679685.62102992,20084659.759503666,35.74615060002543,0.7864125122189638
2,9,35,37,1892,-3959980.9076728113,-2801648.1138198785,3069474.125419933,11174752.699887468,30.613085399963893,0.7892462794047047
2,9,36,36,1928,-3959980.9076728113,-2732476.0090600904,4017334.237648193,18559524.186924443,19.99004409997724,0.7928268050967437
2,9,37,36,1964,-3959980.9076879434,-2870939.7362194783,3464305.1681996402,16846817.930371918,30.40404579997994,0.7956441149212233
2,9,38,35,1999,-3959980.9076879434,-3784793.927933601,356016.8349838276,-2240374.4072314464,27.058186499984004,0.7987249544626593
2,9,39,34,2033,-3959980.9076879434,-3809463.2960647265,332659.1347974808,-2219665.728322411,18.736281999968924,0.8017937219730942
2,9,40,34,2067,-3959980.9076879434,-3845886.9054666595,362790.0701793927,-1818898.5650054663,25.39654819999123,0.8044150110375275
2,9,41,33,2100,-3960282.1351763736,-3901437.379121182,97634.75058768991,-3527607.992567925,15.422218699997757,0.8072236727589208
2,9,42,32,2132,-3960617.459683841,-3897215.9666246586,176436.6996976306,-2959980.855249727,16.00592319999123,0.8098712446351931
2,9,43,32,2164,-3960617.459683841,-3929929.3199919937,38678.62652293214,-3783873.9527020566,16.050274599983823,0.8124470787468248
2,9,44,31,2195,-3962121.587958537,-3939260.1997751775,17179.76656945352,-3890558.4534615763,11.443542499968316,0.8148767237776849
2,9,45,31,2226,-3962121.587958537,-3941298.049319525,29583.52235666917,-3795328.4668058883,12.733503900002688,0.8172442244224423
2,9,46,30,2256,-3962121.587958537,-3944976.6021224856,22849.876703130787,-3852536.4976560976,10.7191931999987,0.819478402607987
2,9,47,29,2285,-3962121.587958537,-3941442.429290212,20193.642757414476,-3889255.112478113,13.236253100039903,0.8215867901731776
2,9,48,29,2314,-3962325.6331715025,-3949674.882534673,12153.985274596185,-3918509.6978066377,11.234407900017686,0.8236464968152867
2,9,49,28,2342,-3962325.6331715025,-3951080.1459403816,17325.985607932238,-3879526.1859500688,10.043472699995618,0.8255905511811024
2,9,50,28,2370,-3962325.6331715025,-3952908.5691400343,14059.234367251313,-3893889.7676354963,8.745034900028259,0.8274922118380063
2,9,51,27,2397,-3962331.5644842647,-3954741.601369517,8982.204699677313,-3918896.892328767,7.1194481999846175,0.8292870905587668
2,9,52,27,2424,-3962331.5644842647,-3955797.46423196,5652.1149423036495,-3941955.9537805896,8.976315899984911,0.8310450038138826
2,9,53,26,2450,-3962331.5644842647,-3954992.838984283,12568.856743394968,-3915847.580734009,5.753643300035037,0.8327039274924471
2,9,54,26,2476,-3962331.5644842647,-3958116.5921879252,4804.711517505901,-3944729.579674378,5.779905500006862,0.8343305908750935
2,9,55,25,2501,-3962331.5644842647,-3958248.8025745223,6613.767881282685,-3931133.180551626,5.8049633000046015,0.8358651352352723
2,9,56,25,2526,-3962346.5982759837,-3957675.601460344,7223.305447760608,-3930940.932362493,6.306121599976905,0.8373715124816447
2,9,57,24,2550,-3962346.5982759837,-3957973.071111919,8197.675979308277,-3927117.414334867,8.270557500014547,0.8387918486171762
2,9,58,24,2574,-3962347.9499362987,-3959779.912713056,4568.922389138741,-3940457.1270781755,8.36882750003133,0.8401875901875901
2,9,59,23,2597,-3962347.9499362987,-3961246.1076438413,1858.0293311099865,-3956127.8816912435,4.539566799998283,0.8415026833631485
2,9,60,23,2620,-3962351.4378336426,-3960677.8764289124,2623.6550047373435,-3953498.367297871,6.4991863000323065,0.8427963094393187
2,9,61,23,2643,-3962365.545553671,-3960272.245531239,4801.965237982035,-3943350.2078420874,4.690852300031111,0.8440689897923267
2,9,62,22,2665,-3962371.102762088,-3960421.033714892,6635.218966046947,-3930103.179634236,4.783613500010688,0.8452672022354174
2,9,63,22,2687,-3962371.102762088,-3961371.23120856,1991.4255356297604,-3953114.817053709,4.540545600000769,0.8464471403812825
2,9,64,21,2708,-3962371.102762088,-3959747.8194806008,7771.37250251246,-3925653.2732837982,6.421318500011694,0.8475567790777702
2,9,65,21,2729,-3962444.7548621334,-3960914.0129693937,3573.547085204997,-3946522.5025358964,4.205330999975558,0.848650495387769
2,9,66,20,2749,-3962444.7548621334,-3961346.678859533,3425.1305507055094,-3946455.2910704315,5.928395499999169,0.8496776382762131
2,9,67,20,2769,-3962444.7548621334,-3962255.6647039903,140.16484013066955,-3961813.577063117,4.297605899977498,0.850690933602966
2,9,68,20,2789,-3962444.7548621334,-3962260.6914862236,294.79849923529287,-3961096.0627297275,4.366940599982627,0.8516906595246067
2,9,69,19,2808,-3962444.7548621334,-3962313.7863022247,159.50043867039216,-3961729.4828048237,4.2982463000225835,0.8526280771789754
2,9,70,19,2827,-3962444.7548621334,-3961980.138738081,1176.0771774581306,-3957152.886272244,4.248444000026211,0.8535537190082645
2,9,71,19,2846,-3962459.976229893,-3962301.88378388,248.85022355093673,-3961295.5201112553,4.581285200023558,0.8544678055190539
2,9,72,18,2864,-3962459.976229893,-3962413.3697574926,54.27669462514159,-3962243.1774739996,4.498966699989978,0.8553233180927499
2,9,73,18,2882,-3962463.5125325304,-3962419.509745034,35.76179312400103,-3962346.521547893,4.0772401000140235,0.8561688311688311
2,9,74,18,2900,-3962474.4261373654,-3960608.9029380986,5110.020918502265,-3946119.9756374545,4.209776999952737,0.8570045190445449
2,9,75,17,2917,-3962474.4261373654,-3960502.902526637,5282.587199726196,-3946034.9176300354,4.115440100023989,0.8577849117174959
2,9,76,17,2934,-3962474.4261373654,-3961450.7041861415,3836.955047941056,-3946104.403580997,5.661540000000969,0.8585568326947637
2,9,77,17,2951,-3962474.4261373654,-3959521.9090895397,6259.874140895468,-3945887.2004787177,4.004596999962814,0.8593204191806922
2,9,78,16,2967,-3962474.437603634,-3961424.1032121293,3983.610383320788,-3945996.064750226,3.3424110999912955,0.8600315955766192
2,9,79,16,2983,-3962474.437603634,-3961423.31156029,3989.7590672320416,-3945971.474491328,3.4405544999754056,0.8607356177302735
2,9,80,16,2999,-3962474.5810982883,-3961441.9573744605,3945.7574011562137,-3946160.3284896147,3.411544199974742,0.86143259305599
2,9,81,15,3014,-3962474.5810982883,-3962450.0560570913,58.86970858650862,-3962247.029768793,2.9902125999797136,0.862079701120797
2,9,82,15,3029,-3962474.5810982883,-3962467.9090689174,7.6013392543374785,-3962447.0147663485,3.450349599996116,0.8627207933064766
2,9,83,15,3044,-3962474.8597121965,-3962465.1075022956,20.326906411624815,-3962394.7545312513,3.0298334000399336,0.8633559531153608
2,9,84,15,3059,-3962474.890658457,-3962470.1775200004,11.090352700848971,-3962429.0688505806,3.3330986999790184,0.8639852625115136
2,9,85,14,3073,-3962474.967590533,-3962473.8722283137,0.9584451197927241,-3962471.9093184117,2.8970564999617636,0.864567410577805
2,9,86,14,3087,-3962474.967590533,-3960198.426504958,4426.059022624998,-3946155.6443152744,3.262848300044425,0.8651445966514459
2,9,87,14,3101,-3962474.967590533,-3960993.413253003,2340.5584607288815,-3957284.4203899205,2.8820927999913692,0.8657168839042134
2,9,88,13,3114,-3962474.9940890856,-3962076.053363354,1380.063652413446,-3957295.372880159,2.8550764999818057,0.866243961352657
2,9,89,13,3127,-3962475.1753606796,-3960883.123230622,2386.9820354364347,-3957297.369605124,2.888085799990222,0.8667669172932331
2,9,90,13,3140,-3962475.2847760376,-3960086.737664319,2579.1364684079817,-3957294.9693297613,3.19957700005034,0.8672857998801677
2,9,91,13,3153,-3962475.359798925,-3961280.6123394393,2179.432395369592,-3957298.8417026307,3.1159334999974817,0.8678006565204417
2,9,92,12,3165,-3962475.359798925,-3962043.9910346665,1428.7818411576593,-3957305.257816253,3.051635100040585,0.8682723758548915
2,9,93,12,3177,-3962475.359798925,-3960750.443579079,2438.2753729870833,-3957294.4155908357,3.0178150999709032,0.8687407407407407
2,9,94,12,3189,-3962475.359798925,-3962043.904708583,1427.9342289824076,-3957307.982855128,2.7297506000031717,0.8692057868320048
2,9,95,12,3201,-3962475.359798925,-3962042.455598394,1429.6177907804415,-3957300.9511734936,3.0728209000080824,0.8696675492791998
2,9,96,12,3213,-3962475.359798925,-3962474.5259611956,0.4743022811614629,-3962473.1735783033,2.714273299963679,0.8701260627381999
2,9,97,11,3224,-3962475.359798925,-3962474.427905691,0.5361157776945122,-3962473.092838755,2.7353236000053585,0.8705435417884279
2,9,98,11,3235,-3962475.359798925,-3962003.974109315,1486.997789947253,-3957301.67462058,2.6532066999934614,0.870958345470434
2,9,99,11,3246,-3962475.359798925,-3961533.950547569,1994.9399441819821,-3957300.193557406,3.1119459999608807,0.8713704994192799
2,9,100,11,3257,-3962475.359798925,-3962474.487890042,0.3018505099118528,-3962473.9419357125,2.6762847999925725,0.8717800289435601
2,9,101,10,3267,-3962475.359798925,-3962474.770300207,0.19843933713891226,-3962474.463272851,2.5900291000143625,0.8721500721500721
2,9,102,10,3277,-3962475.359798925,-3962474.6808719886,0.411068492491754,-3962473.8432976007,2.5674985999939963,0.8725179856115108
2,9,103,10,3287,-3962475.359798925,-3962474.3927217014,0.6264199997712063,-3962473.085987717,2.5759569000219926,0.8728837876614061
2,9,104,10,3297,-3962475.359798925,-3961957.2654565065,1551.301784692554,-3957303.360270843,2.604471399972681,0.8732474964234621
2,9,105,10,3307,-3962475.359798925,-3961957.0678372206,1552.759309994886,-3957298.790011367,3.015757000015583,0.8736091298145506
2,9,106,10,3317,-3962475.359798925,-3962474.4349845336,0.5242999933823165,-3962472.934650561,2.7966387000051327,0.8739687055476529
2,9,107,9,3326,-3962475.359798925,-3962474.6539287544,0.5146688516493624,-3962473.6315835007,2.7406103999819607,0.8742905788876277
2,9,108,9,3335,-3962475.359798925,-3962474.4907836597,0.5020367744876992,-3962473.5473310817,2.674120199983008,0.8746108123407869
2,9,109,9,3344,-3962475.359798925,-3962474.448285224,0.650622198272334,-3962472.956388777,3.1881477999850176,0.8749294184076792
2,9,110,9,3353,-3962475.359798925,-3961899.7444230574,1626.1658158815703,-3957300.2529925182,2.781403800006956,0.8752464094621234
2,9,111,9,3362,-3962475.359798925,-3962474.7141207806,0.2829213522833335,-3962474.405385457,2.7406756000127643,0.875561797752809
2,9,112,8,3370,-3962475.42696278,-3962474.7100263108,0.3521923252973063,-3962474.2474697307,1.8273410000256263,0.8758408071748879
2,9,113,8,3378,-3962475.42696278,-3962474.636516103,0.49369518652877553,-3962473.690357797,1.540474199980963,0.8761185682326622
2,9,114,8,3386,-3962475.42696278,-3962474.5724063627,0.305795745588791,-3962473.8305963464,1.5477226999937557,0.8763950892857143
2,9,115,8,3394,-3962475.42696278,-3962474.4075315488,0.5709244721827459,-3962473.3793505244,1.5575134999817237,0.8766703786191536
2,9,116,8,3402,-3962475.499780191,-3962474.6106968336,0.5638850453107771,-3962473.8037305064,1.9007317999494262,0.8769444444444444
2,9,117,8,3410,-3962475.499780191,-3962474.6543700467,0.4261410996289043,-3962473.888429163,1.5256584000308067,0.8772172949002217
2,9,118,8,3418,-3962475.499780191,-3962474.4345219145,0.855705025113535,-3962472.34524386,1.9433134999708273,0.8774889380530974
2,9,119,7,3425,-3962475.499780191,-3961736.0138365156,1809.8579795585238,-3957302.7854254115,1.7821212999988347,0.8777256417333701
2,9,120,7,3432,-3962475.509554973,-3961735.767904009,1809.8426969402415,-3957302.576917408,1.8530892999842763,0.8779614325068871
2,9,121,7,3439,-3962475.509554973,-3962474.54347348,0.6647500517207465,-3962473.531534834,1.451215900015086,0.8781963156447622
2,9,122,7,3446,-3962475.509554973,-3962474.620894971,0.38928424190216737,-3962474.2601356115,1.7896172000328079,0.8784302963776071
2,9,123,7,3453,-3962475.509554973,-3961737.0098571526,1807.37134984295,-3957309.872447457,1.4319051000056788,0.8786633798959189
2,9,124,7,3460,-3962475.5108401254,-3962474.867173241,0.4716060708728464,-3962474.210146144,1.7881476000184193,0.8788955713504647
2,9,125,7,3467,-3962475.5108401254,-3962474.6731793084,0.7496523411912184,-3962473.5481986497,1.4369440999580547,0.8791268758526603
2,9,126,7,3474,-3962475.5117763653,-3962475.139355833,0.5063412611571608,-3962473.9940358493,1.4701845000381581,0.8793572984749455
2,9,127,6,3480,-3962475.51365925,-3962475.1292165103,0.5431928573289995,-3962474.199699376,1.3664260999648832,0.8795541054921153
2,9,128,6,3486,-3962475.51365925,-3962474.5604421385,0.966318052150881,-3962472.6056951564,1.6848588999710046,0.8797502714440825
2,9,129,6,3492,-3962475.51365925,-3962474.609803226,1.0136042851945706,-3962472.627650181,1.334174100018572,0.8799457994579946
2,9,130,6,3498,-3962475.51365925,-3962474.9479455985,0.4160560966330078,-3962474.4376945086,1.3853309000260197,0.8801406926406926
2,9,131,6,3504,-3962475.51365925,-3962475.3973866776,0.24105193901317606,-3962474.8585065305,1.3744865999906324,0.8803349540788763
2,9,132,6,3510,-3962475.5143077597,-3962475.510473831,0.0028214791321032147,-3962475.506655952,1.7128221999737434,0.8805285868392665
2,9,133,6,3516,-3962475.536219312,-3962475.3707129564,0.26264164348477825,-3962474.8006281145,1.6678076999960467,0.8807215939687668
2,9,134,6,3522,-3962475.536219312,-3962475.401244679,0.11494515317892397,-3962475.215375496,1.6957744999672286,0.8809139784946236
2,9,135,5,3527,-3962475.536219312,-3962474.615646732,0.34539348210735715,-3962474.283220209,1.2666403999901377,0.8810738255033557
2,9,136,5,3532,-3962475.536219312,-3962474.290091785,0.1466841704221958,-3962474.136743609,1.6313158000120893,0.8812332439678284
2,9,137,5,3537,-3962475.536219312,-3962475.044083213,0.5176490488842254,-3962474.1173440963,1.6228376000071876,0.8813922356091031
2,9,138,5,3542,-3962475.549960492,-3962474.980527982,0.3292683351984182,-3962474.642098896,1.2735136999981478,0.8815508021390375
2,9,139,5,3547,-3962475.549960492,-3962475.036616374,0.34188313429691897,-3962474.5323287547,1.2776089999824762,0.8817089452603472
2,9,140,5,3552,-3962475.549960492,-3962474.8598919585,0.4671883534311322,-3962474.2462294437,1.2861505000037141,0.8818666666666667
2,9,141,5,3557,-3962475.549960492,-3962474.7673456133,0.41108973562029205,-3962473.9677550364,1.2818096000119112,0.8820239680426099
2,9,142,5,3562,-3962475.549960492,-3962474.7450608434,0.3824474922959053,-3962474.205590211,1.2787907000165433,0.8821808510638298
2,9,143,5,3567,-3962475.549960492,-3962474.9883193662,0.4230809476825168,-3962474.521479141,1.2744795000180602,0.8823373173970783
2,9,144,5,3572,-3962475.549960492,-3962474.128397183,0.7047662648565168,-3962472.7512592617,1.62134180002613,0.8824933687002653
2,9,145,5,3577,-3962475.549960492,-3962475.2777849524,0.2550130766331662,-3962474.879762143,1.267843100009486,0.8826490066225166
2,9,146,4,3581,-3962475.549960492,-3962474.5858014524,0.8109373700950673,-3962473.2477210313,1.2121059999917634,0.8827732204286849
2,9,147,4,3585,-3962475.549960492,-3962474.901751647,0.49163509626234386,-3962474.1410216894,1.2149680000147782,0.8828971715569653
2,9,148,4,3589,-3962475.549960492,-3962474.5092163933,0.6522050380106345,-3962473.748699041,1.2126231999718584,0.8830208608397148
2,9,149,4,3593,-3962475.5786301587,-3962474.751672209,0.5080639548660992,-3962474.2120960653,1.223190299991984,0.8831442891057768
2,9,150,4,3597,-3962475.5786301587,-3962474.432318141,0.2902042202311156,-3962474.069411909,1.2107812999747694,0.8832674571805007
2,10,0,72,72,35110158.21948006,221963811.74768317,89619645.56508076,405408881.8231368,153.29985560005298,0.5
2,10,1,72,144,15128205.007215403,187922547.13102388,85216156.25415781,395672950.7624954,149.55166390002705,0.49242424242424243
2,10,2,69,213,-1332814.5747898277,136229387.69763124,70958994.80988266,304049242.4741246,134.9971910000313,0.47780678851174935
2,10,3,68,281,-1332814.5747898277,91176852.13390498,66127488.88306216,282963318.61493576,116.23052029998507,0.48041237113402063
2,10,4,67,348,-1332814.5747898277,64131254.92821837,48750589.613518536,193966636.3541382,102.47962940001162,0.48596491228070177
2,10,5,65,413,-1332814.5747898277,39286125.197568305,38448776.89752165,150458930.28496432,70.28591660002712,0.49920760697305866
2,10,6,64,477,-1332814.5747898277,28815207.138089888,32534871.566319138,132946022.35935691,55.35806659999071,0.5066469719350074
2,10,7,63,540,-1450637.8512318097,19940991.122152153,30229990.4144045,162705633.5292866,44.98949459998403,0.5216783216783217
2,10,8,62,602,-1450637.8512332477,9223547.5840389,11970741.687469918,60200188.263732865,48.82947569998214,0.5304232804232805
2,10,9,61,663,-2547537.319977533,7388990.658850304,9444692.038094874,38448421.53218224,55.16830790002132,0.5429638854296388
2,10,10,59,722,-3018832.4182257336,5233244.079754398,10703496.637998858,67184115.37906195,46.168577199976426,0.5550295857988166
2,10,11,58,780,-3709281.4039504156,3536588.233943025,6298837.974911155,28964991.724595137,52.551657299976796,0.5677491601343785
2,10,12,57,837,-3709281.4039504156,4139608.1764111053,8982985.900594423,40478459.63701383,50.8952698999783,0.5741728922091782
2,10,13,56,893,-3709281.4039504156,3333229.0875797463,8287980.272961925,44086586.8737118,56.1123981999699,0.5846774193548387
2,10,14,55,948,-3709281.4039504156,1481065.1636606157,3764136.6024128944,12685898.303559039,53.118765599967446,0.6017191977077364
2,10,15,54,1002,-3709281.4039504156,357725.87825024046,2916533.8825531914,12283401.538264886,52.2863468999858,0.6179673321234119
2,10,16,53,1055,-3867518.167354837,1916466.207064685,7025034.390224863,38268370.64923707,51.59666380000999,0.6288927335640139
2,10,17,52,1107,-3867518.167354837,2086945.4177862825,6474428.439055181,24823885.503787346,57.036297200014815,0.6412151067323482
2,10,18,51,1158,-3867518.167354837,1188044.2623533232,5864517.539680653,23210001.916579414,51.97077209997224,0.6504320502749411
2,10,19,50,1208,-3867518.167358931,-44579.69745855581,4295576.711460683,16289746.965848753,52.403304799983744,0.66190833959429
2,10,20,49,1257,-3867518.167358931,230692.7462669712,4317368.807412626,15885061.765464343,50.930039300001226,0.6719538572458543
2,10,21,48,1305,-3867518.167358931,-473515.0182694515,4528259.697291229,18409643.531278275,51.83877749997191,0.6830110497237569
2,10,22,47,1352,-3867518.167358931,-1213180.5175361277,2900367.9169554254,12671526.631838147,53.86289829999441,0.6927152317880795
2,10,23,46,1398,-3867518.167358931,-1416988.8139945809,3253495.3780052536,10693883.357800126,51.81846449995646,0.7017208413001912
2,10,24,46,1444,-3867518.167358931,-468726.2455779383,3862541.4185734433,10693883.357798547,50.78626709996024,0.7084870848708487
2,10,25,45,1489,-3867518.167358931,-1018939.0197125133,3487082.136728666,12175580.481256288,47.89871939999284,0.7144556811421773
2,10,26,44,1533,-3867518.167358931,-1023244.943246865,3253083.1240382134,8647332.86271635,50.324984600010794,0.7198847262247838
2,10,27,43,1576,-3867518.167358931,-2580246.571806818,1761692.320221346,5130305.6866654605,44.38079070003005,0.7263570229434807
2,10,28,42,1618,-3867518.167358931,-2155861.9660373996,2578077.689523466,6468923.959924219,42.79102349997265,0.7331521739130434
2,10,29,41,1659,-3918809.700512536,-2723049.368887119,2068375.1221748816,8155599.199765943,39.768978899985086,0.7384859714134463
2,10,30,41,1700,-3936644.9149053264,-1719232.906626397,3323185.479879068,7989072.420146693,42.17534760001581,0.7438144329896907
2,10,31,40,1740,-3936644.9149053264,-2103210.2594671296,2386055.2383239167,5078686.362560186,51.3195961000165,0.7473684210526316
2,10,32,39,1779,-3936644.9149053264,-2728753.0280507877,2509305.132843788,8467905.441955235,38.05595789995277,0.7513487003433056
2,10,33,38,1817,-3936644.9149053264,-2992211.8680736474,1682675.0503700469,3467843.2021751786,38.24096689996077,0.7548076923076923
2,10,34,38,1855,-3943720.4746518526,-2852588.7487045326,2369124.642305025,6645028.650507045,39.125501699978486,0.7583608101742817
2,10,35,37,1892,-3952268.183159752,-3229438.143009713,1150555.096529828,1887091.4312330745,37.134017499978654,0.7613111726685133
2,10,36,36,1928,-3952268.183159752,-3583182.5831892653,628958.3898038263,-575452.42502339,35.38968860002933,0.7647325475974615
2,10,37,36,1964,-3952268.183159752,-3678638.025178529,338201.67066124204,-2292197.4617340025,33.649236399971414,0.7666666666666667
2,10,38,35,1999,-3959595.845625004,-3459458.8978118543,1267304.7710794767,3235408.2947177105,30.20911910000723,0.7694323144104803
2,10,39,34,2033,-3959595.845625004,-3787309.235957166,248343.57912018558,-2847774.779920507,33.25282799999695,0.7708154506437769
2,10,40,34,2067,-3959595.845636988,-3800178.99746849,222580.16438538904,-2772805.808800904,33.542634700017516,0.7726697595951075
2,10,41,33,2100,-3959595.845636988,-3195825.75702074,2375236.531974284,9082067.140823012,29.650044000009075,0.7754677754677755
2,10,42,32,2132,-3959595.845636988,-3515838.3047821894,1192902.1966734699,2618256.3086925317,28.13719310000306,0.7782786885245901
2,10,43,32,2164,-3959595.845636988,-3361723.4245953835,2268530.786793684,9072754.456160218,24.478608699981123,0.7802907915993538
2,10,44,31,2195,-3959595.845636988,-3617701.913769454,931870.7074211246,371810.66831226274,20.632465299975593,0.7830940988835726
2,10,45,31,2226,-3959595.845636988,-3832620.176084149,539597.2094181685,-879678.464039471,17.933563900005538,0.7857424182749114
2,10,46,30,2256,-3961436.1630285513,-3827886.033432616,397042.2260828973,-1811355.2098392993,14.923266700003296,0.7882444530945893
2,10,47,29,2285,-3961436.1630285513,-3933643.267885907,30501.637960675398,-3787190.301344741,16.866074699966703,0.7906081601231717
2,10,48,29,2314,-3961436.1630285513,-3932227.470384061,41109.130260144695,-3734054.1104891393,12.63125440001022,0.7929196802436239
2,10,49,28,2342,-3961436.1630285513,-3394541.972592118,2681913.624857936,10535465.198150517,8.675272699969355,0.7950263752825923
2,10,50,28,2370,-3961646.3445830885,-3482400.824640026,2421489.9709943975,9099920.561651453,8.865292899950873,0.7970906378217083
2,10,51,27,2397,-3961646.3445830885,-3465201.8138180226,2479210.6915918468,9176269.238788135,8.586452000017744,0.7990395271518286
2,10,52,27,2424,-3961646.3445830885,-3943461.385630462,33756.89369836725,-3786533.083516881,9.26328569999896,0.8010241404535479
2,10,53,26,2450,-3961759.649762867,-3444962.4967606813,2520927.828106165,9159475.000627773,11.99633489997359,0.8028271112722001
2,10,54,26,2476,-3961759.649762867,-3953171.9313901034,9172.056927292539,-3927645.8780818507,10.07319040002767,0.8046678635547576
2,10,55,25,2501,-3961759.649762867,-3952203.3714679545,8557.729739919554,-3929659.2691330407,9.994337900017854,0.8064056939501779
2,10,56,25,2526,-3961759.649762867,-3954341.019085488,9069.36153276746,-3929408.448759049,7.0953294999781065,0.8081128747795414
2,10,57,24,2550,-3962096.9638046846,-3955529.865490718,9374.596368875487,-3923718.7385823987,5.210207200027071,0.8097236796082546
2,10,58,24,2574,-3962096.9638046846,-3954394.6256686808,7739.126729888203,-3937647.586927943,8.912646499986295,0.8113076656260839
2,10,59,23,2597,-3962099.772172641,-3956793.118976898,8273.618161642442,-3932655.824857328,5.814654299989343,0.8128011011699932
2,10,60,23,2620,-3962099.772172641,-3957496.205108462,6489.864285183108,-3937302.897696046,6.138824899971951,0.8142710822806418
2,10,61,23,2643,-3962099.772172641,-3958917.7018713523,5823.380096487394,-3938193.3518014625,6.066184800001793,0.8157181571815718
2,10,62,22,2665,-3962169.3265172355,-3959055.8279193477,4974.355034163313,-3942740.9229802936,4.902119100035634,0.8170813718897109
2,10,63,22,2687,-3962169.3265172355,-3956379.265035041,8708.950791918882,-3933442.256663969,4.879574400023557,0.8184245660881175
2,10,64,21,2708,-3962169.3265172355,-3959064.772885444,4747.548350629419,-3942010.1225205157,4.446961000037845,0.8196884322174346
2,10,65,21,2729,-3962189.8001368605,-3959672.0665914905,3693.9178735043524,-3946581.1448887195,4.4123922000289895,0.8209348255431205
2,10,66,20,2749,-3962189.8001368605,-3959747.0520839742,4470.154435641301,-3946560.377990978,4.704692700004671,0.8221059516023544
2,10,67,20,2769,-3962288.5335626546,-3960858.085889471,1924.042516369068,-3955475.7429127637,4.664025400008541,0.8232618583495777
2,10,68,20,2789,-3962303.906239543,-3961401.505092445,1153.2252912060783,-3956925.4758452736,4.313232899992727,0.8244028405422853
2,10,69,19,2808,-3962332.487615535,-3961633.041129995,720.0648404684939,-3959840.0271157194,4.334537199989427,0.8254732114212384
2,10,70,19,2827,-3962332.487615535,-3961999.8004515013,288.4120370583597,-3961141.4844910856,4.60875880002277,0.826530612244898
2,10,71,19,2846,-3962332.487615535,-3960784.155025229,3851.934333954568,-3945134.9497777447,4.595325000002049,0.8275752773375594
2,10,72,18,2864,-3962355.95249822,-3961968.6626178483,412.62401127069785,-3960775.070543941,4.141057799977716,0.8285534194768358
2,10,73,18,2882,-3962443.775200853,-3962207.0019752467,212.51123304832615,-3961440.090275768,4.554336700006388,0.829520526480727
2,10,74,18,2900,-3962443.775200853,-3961357.5205282345,3794.890455906276,-3945713.5974235404,4.219630099949427,0.8304767840448738
2,10,75,17,2917,-3962443.775200853,-3962259.7955352613,165.12498713685915,-3961873.7552134804,4.179544400016312,0.8313701177929325
2,10,76,17,2934,-3962460.5755796283,-3962284.0120867095,153.18020510020355,-3961829.3502223156,4.4470263999537565,0.8322540857230959
2,10,77,17,2951,-3962460.5755796283,-3962321.610269468,116.61987233593594,-3961983.7798653804,4.010320600005798,0.8331288343558282
2,10,78,16,2967,-3962460.5755796283,-3962349.6057556733,51.97316166385454,-3962219.8904684056,3.02267189999111,0.833943833943834
2,10,79,16,2983,-3962461.8024926167,-3962334.4199554804,177.54225403362676,-3961707.8989234157,3.5456400999682955,0.8347509113001215
2,10,80,16,2999,-3962461.8024926167,-3962307.0276371306,195.69184982149213,-3961789.4923853204,3.490961499977857,0.8355501813784765
2,10,81,15,3014,-3962461.8024926167,-3962419.3538734913,35.08053498123185,-3962348.62926412,3.353278100024909,0.8362925067709901
2,10,82,15,3029,-3962461.8024926167,-3962400.418235004,75.7271286178354,-3962192.5462452415,3.336897199973464,0.8370281605751947
2,10,83,15,3044,-3962473.516093172,-3962409.1108303666,56.59912133984454,-3962263.3461777456,3.009506300033536,0.8377572323292574
2,10,84,15,3059,-3962474.5939586107,-3962421.4839030593,60.55158825627706,-3962229.6053654104,3.336634600011166,0.838479809976247
2,10,85,14,3073,-3962474.5939586107,-3962458.038332949,10.21165721813033,-3962445.0092311986,3.245846799982246,0.8391484328799527
2,10,86,14,3087,-3962474.5939586107,-3962461.6024620123,14.453463543059666,-3962415.4558397382,2.939825200010091,0.839811542991755
2,10,87,14,3101,-3962474.5939586107,-3961712.375360165,1803.3265752062825,-3957290.4234987926,3.2695313999429345,0.8404692082111437
2,10,88,13,3114,-3962474.5939586107,-3962452.6058645495,15.394845253937701,-3962426.52172032,3.2036166000179946,0.841075080338884
2,10,89,13,3127,-3962474.5939586107,-3962049.053948541,1380.6929425807261,-3957266.888724886,6.335670900007244,0.8416763678696159
2,10,90,13,3140,-3962474.5939586107,-3962071.399383886,1374.723519686489,-3957309.319974806,2.494064799975604,0.8422731226442447
2,10,91,13,3153,-3962474.5939586107,-3962469.573754743,9.270199604470488,-3962437.8788971435,3.1926447000005282,0.8428653957250144
2,10,92,12,3165,-3962474.9168801773,-3962465.771085384,17.30081924324771,-3962409.5646963455,3.131691599963233,0.8434081750143926
2,10,93,12,3177,-3962474.9206771404,-3962467.21257575,12.089283052189261,-3962434.0813240726,2.819783099985216,0.8439472174411934
2,10,94,12,3189,-3962474.9206771404,-3962465.2065739385,17.305689084337445,-3962412.8835626654,2.7557835000334308,0.8444825614636935
2,10,95,12,3201,-3962474.9206771404,-3962038.149228928,1428.6408303906835,-3957299.9651125055,3.13163610000629,0.845014245014245
2,10,96,12,3213,-3962474.936699668,-3962466.1293932362,21.43167392268843,-3962396.277802637,2.756313299993053,0.845542305508234
2,10,97,11,3224,-3962475.0458410736,-3962003.3184259147,1489.6590282671343,-3957292.603344597,2.6817467999644578,0.8460232097367676
2,10,98,11,3235,-3962475.0458410736,-3962473.7584144846,1.405863693154857,-3962469.9405579716,2.6693307000095956,0.8465011286681715
2,10,99,11,3246,-3962475.0458410736,-3962471.5448364513,4.015647400076128,-3962461.20272862,2.701688600005582,0.8469760900140647
2,10,100,11,3257,-3962475.0458410736,-3962471.918745604,3.623372294564536,-3962462.837289052,2.707298499997705,0.8474481211441391
2,10,101,10,3267,-3962475.125020249,-3962473.994833009,0.9604595247132591,-3962472.674474038,2.663081000035163,0.8478747203579419
2,10,102,10,3277,-3962475.125020249,-3962473.6285799025,1.280702108753423,-3962470.5308417752,2.614228200051002,0.8482989403234802
2,10,103,10,3287,-3962475.226791233,-3962473.568222667,1.7545932991308024,-3962468.870029237,2.9020378999994136,0.8487208008898777
2,10,104,10,3297,-3962475.2267960794,-3962474.285512948,1.0894914598545036,-3962472.065870296,2.56010179995792,0.8491403216860788
2,10,105,10,3307,-3962475.2267960794,-3961954.8777849576,1552.0751635749116,-3957298.673499193,2.5930194000247866,0.8495575221238938
2,10,106,10,3317,-3962475.2267960794,-3962474.589449589,0.6042545862953761,-3962473.3677930553,2.629116599971894,0.8499724214009928
2,10,107,9,3326,-3962475.2267960794,-3961898.6678262334,1626.3775965441282,-3957298.5787272714,2.577370599959977,0.850343878954608
2,10,108,9,3335,-3962475.2267960794,-3961321.6607991937,2152.3656061363513,-3957286.946540728,2.4792140000499785,0.8507135016465422
2,10,109,9,3344,-3962475.2883105036,-3961899.9263274246,1624.9326958855333,-3957303.923205409,2.5075001000077464,0.8510813030385984
2,10,110,9,3353,-3962475.5051684007,-3962472.324336604,7.249575061516443,-3962451.8464120347,2.476772699970752,0.8514472965592572
2,10,111,9,3362,-3962475.5051684007,-3962474.771947422,0.6090045551944436,-3962473.1869178154,2.5183352999738418,0.8518114955053119
2,10,112,8,3370,-3962475.5051684007,-3962472.757220548,5.1576091903033765,-3962459.1365050916,1.5186040999833494,0.8521337319923893
2,10,113,8,3378,-3962475.5051684007,-3962474.572006419,0.3994002703567458,-3962473.800216062,1.913325299974531,0.8524545701112015
2,10,114,8,3386,-3962475.5051684007,-3962474.58980612,0.5449780297621675,-3962473.9222723953,1.9388946000253782,0.8527740189445197
2,10,115,8,3394,-3962475.5051684007,-3961826.758869138,1714.7202097398083,-3957290.035689406,1.5207676000427455,0.8530920874966244
2,10,116,8,3402,-3962475.5051684007,-3962474.5942102023,0.599486998096099,-3962473.468074698,1.9300061999820173,0.8534087846941525
2,10,117,8,3410,-3962475.5051684007,-3961829.429233619,1706.535898815109,-3957314.360388696,5.04299380001612,0.8537241193869319
2,10,118,8,3418,-3962475.5051684007,-3962474.7236366216,0.2851050303130077,-3962474.2716308907,1.301205400028266,0.854038100348806
2,10,119,7,3425,-3962475.5051684007,-3962474.7363013397,0.9705290647645922,-3962472.4218796734,1.363439000037033,0.8543117300482057
2,10,120,7,3432,-3962475.5051684007,-3962474.948230274,0.1901256265930916,-3962474.509338144,1.812560599995777,0.8545843357391072
2,10,121,7,3439,-3962475.5051684007,-3961733.337566338,1814.8201507923523,-3957287.95437143,1.7429965999908745,0.8548559231590181
2,10,122,7,3446,-3962475.5051684007,-3962475.053851007,0.17555321370397695,-3962474.6844476536,1.436020599969197,0.8551264980026632
2,10,123,7,3453,-3962475.5051684007,-3962474.6552989683,0.507781008998997,-3962473.7059820555,1.8298470000154339,0.8553960659223817
2,10,124,7,3460,-3962475.5051684007,-3961734.7879804648,1812.5483621962344,-3957294.9695565533,1.7593893999583088,0.8556646325285222
2,10,125,7,3467,-3962475.5051684007,-3962474.337138607,0.9272234896745759,-3962473.130563194,1.7636733999825083,0.8559322033898306
2,10,126,7,3474,-3962475.5051684007,-3962475.0224308884,0.26807393043822375,-3962474.6316924095,1.4356683000223711,0.8561987840338355
2,10,127,6,3480,-3962475.5051684007,-3962474.379436767,0.9870524994482844,-3962472.248728918,1.3722135000280105,0.856426497756664
2,10,128,6,3486,-3962475.5051684007,-3962474.4997990127,0.5678119206157038,-3962473.490287047,1.7039048000006005,0.8566534914361001
2,10,129,6,3492,-3962475.5051684007,-3961611.7745920816,1929.28367995752,-3957297.7652657535,1.686451199988369,0.8568797684819784
2,10,130,6,3498,-3962475.5051684007,-3962474.703219903,0.22874269030935165,-3962474.3892811816,1.3535733000026084,0.8571053322826373
2,10,131,6,3504,-3962475.5051684007,-3962475.0354343294,0.18955400646710416,-3962474.7259057406,1.3721288000233471,0.8573301862050878
2,10,132,6,3510,-3962475.5057888776,-3962474.57946221,1.02741581810658,-3962472.357351389,1.7051178999827243,0.857554333595182
2,10,133,6,3516,-3962475.506745776,-3962474.1609200663,1.0590259991000706,-3962472.665810596,1.6857231999747455,0.8577777777777778
2,10,134,6,3522,-3962475.506745776,-3962473.7925619185,2.7678457024361935,-3962467.6189648844,1.6810937999980524,0.8580005220569042
2,10,135,5,3527,-3962475.51465071,-3962474.98302288,0.37569556846638197,-3962474.3494667076,1.2552643000381067,0.8581856100104275
2,10,136,5,3532,-3962475.51465071,-3962474.7416246086,0.3388467379062347,-3962474.323747834,1.2854245000053197,0.85837021608956
2,10,137,5,3537,-3962475.51465071,-3961439.433115316,2069.3862562100803,-3957300.661038583,1.2799860999803059,0.858554342173687
2,10,138,5,3542,-3962475.51465071,-3962475.041984874,0.2080682847579163,-3962474.752962645,1.2899838000303134,0.8587379901324331
2,10,139,5,3547,-3962475.519019464,-3962474.931933942,0.6260588234668921,-3962473.728021972,1.6143952999846078,0.8589211618257261
2,10,140,5,3552,-3962475.519019464,-3962474.014545108,1.257661942463995,-3962472.3869267255,1.589640700025484,0.8591038591038591
2,10,141,5,3557,-3962475.519019464,-3962474.1715594186,1.2386392936450639,-3962471.834266575,1.2642454999731854,0.859286083807553
2,10,142,5,3562,-3962475.519019464,-3962474.926549828,0.5952549453356811,-3962473.7791929767,1.2764760999707505,0.8594678377680186
2,10,143,5,3567,-3962475.519023331,-3962474.836913516,0.6755177665277571,-3962473.5594360065,1.2857565999729559,0.8596491228070176
2,10,144,5,3572,-3962475.519023331,-3962473.5513739353,1.1052054567662413,-3962471.8087032996,1.6646933000301942,0.8598299407369234
2,10,145,5,3577,-3962475.519023331,-3962474.9908740013,0.33772414305683063,-3962474.387523275,1.2926376999821514,0.8600102933607823
2,10,146,4,3581,-3962475.519023331,-3962474.698622937,0.44807132591335674,-3962474.2009243835,1.5476421000203118,0.8601542416452442
2,10,147,4,3585,-3962475.5201777406,-3962475.3252538024,0.21162780476075632,-3962474.9971353225,1.1722914999700151,0.8602978941961993
2,10,148,4,3589,-3962475.5201777406,-3962475.155750075,0.29891848235824453,-3962474.682434583,1.210133799992036,0.8604412519240636
2,10,149,4,3593,-3962475.5201777406,-3962474.904957864,0.23864526635713976,-3962474.618724346,1.2107281000353396,0.8605843157355203
2,10,150,4,3597,-3962475.5201777406,-3962474.861021034,0.439962513792742,-3962474.329172928,1.5423057999578305,0.8607270865335381
2,11,0,72,72,19489512.25398786,236786368.84863532,104302644.18217108,495449677.28817254,146.21898270002566,0.5234375
2,11,1,72,144,17656972.41624859,194533831.38436598,95825382.02730809,406526705.96846014,139.09669730003225,0.5176470588235295
2,11,2,69,213,2234565.7272664444,133119269.93050495,87271292.04752134,309156059.76740915,112.35743019997608,0.5444444444444444
2,11,3,68,281,-416962.7192482203,86524235.39354436,76365243.22465928,273470575.0799111,92.29967459995532,0.5495495495495496
2,11,4,67,348,-416962.7192482203,64965847.8093626,67678199.5557076,256304042.38682717,79.87176830001408,0.5711538461538461
2,11,5,65,413,-1697649.880965949,41612542.188685335,46369103.33776274,182429757.26696548,63.17812890000641,0.577391304347826
2,11,6,64,477,-1697649.880965949,24876481.146314032,32059272.140411757,138484350.32773086,42.496184299991,0.5845648604269293
2,11,7,63,540,-1697649.880965949,9311633.177638277,20060252.57940395,111942180.4416754,47.363936199981254,0.5895061728395061
2,11,8,62,602,-2865862.4011054095,5244075.892509528,9892910.898786383,51995392.26253031,44.36079130001599,0.6005830903790087
2,11,9,61,663,-2865862.4011054095,4207458.253843648,7507348.184021631,48617568.48269391,52.479887199995574,0.6125511596180082
2,11,10,59,722,-2869943.9029316716,3045291.3753949427,4714493.772885602,19922547.003533363,42.89762130001327,0.624031007751938
2,11,11,58,780,-3682124.3200163525,1778037.7096227393,4708498.0800132565,23484537.3927277,52.47869620000711,0.6387878787878788
2,11,12,57,837,-3682124.3200163525,3115361.1464244667,5489796.5212821495,24317700.418289967,47.01389320002636,0.6540664375715922
2,11,13,56,893,-3843284.4715311993,752679.2297733075,4012907.6986565324,14439942.66549088,48.30985789996339,0.6702586206896551
2,11,14,55,948,-3843284.4715311993,1743097.0988788344,5634277.521289985,26928975.907922655,45.74038679996738,0.6827021494370522
2,11,15,54,1002,-3843284.4715311993,2153606.006258332,6072773.73321742,24560101.775546826,44.48249429999851,0.6943359375
2,11,16,53,1055,-3843284.4715311993,1307381.8047824202,5185368.562766038,19280717.215960275,45.46289349999279,0.706430568499534
2,11,17,52,1107,-3843284.4715311993,652657.2131997998,5011016.493879909,22061864.347806998,54.04427959996974,0.717948717948718
2,11,18,51,1158,-3843284.4715311993,748148.5220401144,5835355.283865656,25654743.596770927,52.71871069999179,0.7291841883936081
2,11,19,50,1208,-3843284.4715311993,-763361.5833399654,3436205.487443742,11983032.863911927,55.86105760000646,0.7371794871794872
2,11,20,49,1257,-3843284.4715311993,605918.7523764131,5832300.755270602,25842038.32883394,62.63354050001362,0.7456340167046317
2,11,21,48,1305,-3843284.4715311993,-282005.5425375276,5250111.9177099485,21958937.615169898,52.74662150000222,0.7532656023222061
2,11,22,47,1352,-3843284.4715311993,2762034.0600111005,6707673.017120233,19766195.406262778,42.190979500010144,0.7608695652173914
2,11,23,46,1398,-3843284.4715311993,57348.005861241894,4496339.9396044165,15482569.176802993,43.28179539996199,0.7677725118483413
2,11,24,46,1444,-3861610.4784518126,349351.9969233278,4438613.210413804,11779643.562243063,47.14183379994938,0.7736464448793215
2,11,25,45,1489,-3896635.460954739,827472.6922459846,6120293.661351631,19289551.039060388,46.56564350001281,0.7793190416141236
2,11,26,44,1533,-3896635.460954739,593877.6492434953,5036388.602893655,17070659.90214039,45.121876600023825,0.7838334353949785
2,11,27,43,1576,-3896635.460954739,864590.4550868231,5807067.2289258735,23021834.24166551,42.48174210003344,0.7877161598091831
2,11,28,42,1618,-3902559.1886107717,-279859.1040351049,5138964.847311657,19245069.782033224,42.581917899951804,0.7918840579710145
2,11,29,41,1659,-3902559.1886107717,-392668.07196388906,4409662.3989494555,17669015.018165108,46.38059559999965,0.795045045045045
2,11,30,41,1700,-3902559.1886107717,2364126.155188189,8273839.801619064,31955950.255854774,46.55552069999976,0.7968236582694413
2,11,31,40,1740,-3902968.728087187,104436.0946534217,8035385.922697344,32030464.39498653,39.6322111999616,0.7989304812834225
2,11,32,39,1779,-3902968.728087187,962790.9159673303,7366572.426132349,23398713.778019294,40.0973317999742,0.8015665796344648
2,11,33,38,1817,-3902968.728087187,1473274.3604240946,7156808.109925169,26286710.128686618,46.00482039997587,0.8035623409669211
2,11,34,38,1855,-3952984.8740925286,-658305.6411931765,4126380.545676537,13684591.087437293,40.35114639997482,0.805873568939771
2,11,35,37,1892,-3952984.8740925286,-2179550.9728890737,2543290.1311793737,8769368.900801599,38.325160899956245,0.8077110785749146
2,11,36,36,1928,-3952984.8740925286,-542263.2198221602,5307395.0747085,19067204.744342554,37.590465700021014,0.8105263157894737
2,11,37,36,1964,-3952984.8740925286,-1129345.7876712037,3948557.7041989085,10136782.284901725,37.05598830000963,0.8124706985466479
2,11,38,35,1999,-3952984.8740925286,-620569.0545847797,4039859.584605688,12147533.507066196,35.50968640000792,0.8139963167587477
2,11,39,34,2033,-3952984.8740925286,701713.987059997,7073740.8829043,25323056.792505242,32.89240020001307,0.8166591217745586
2,11,40,34,2067,-3952984.8740925286,-175304.06036828912,4876245.2768076835,12655117.953935178,35.47743690002244,0.8184245660881175
2,11,41,33,2100,-3952984.8740936443,-1487000.9045853105,5217090.957943485,20793789.035621922,35.67053689999739,0.8205240174672489
2,11,42,32,2132,-3958609.083711492,-2158618.2484961483,2366643.054890702,5026108.930475587,35.55168039997807,0.8226706741090597
2,11,43,32,2164,-3958609.083711492,-2737111.397117304,1334730.3193555502,310128.71736640856,36.38662310002837,0.8247683235046336
2,11,44,31,2195,-3958609.083711492,48877.86227322851,7291181.407501286,22391370.363532573,36.960407600039616,0.8262852404643449
2,11,45,31,2226,-3958609.083711492,-1374047.3354007585,3531472.067049996,7193780.080409605,27.873457100009546,0.828501429154757
2,11,46,30,2256,-3958609.083711492,-1912889.0496071086,3467855.578985417,8509710.644989535,32.363761899992824,0.8301127214170693
2,11,47,29,2285,-3958609.083711492,-1457363.9864704425,3933676.950634694,11049736.536311066,23.722283500013873,0.83220675944334
2,11,48,29,2314,-3958609.083711492,-1582336.0076170368,3219705.53468146,7000958.537696116,29.052927399985492,0.8333986671893375
2,11,49,28,2342,-3958609.083711492,-1941605.7746058456,4267981.788194743,15801567.195851512,34.2696570000262,0.834106728538283
2,11,50,28,2370,-3958609.083711492,-1622808.113322657,5051362.870395572,21323671.942550216,29.269131000037305,0.8353076041268628
2,11,51,27,2397,-3958609.083711492,-1778999.1647213968,3204176.60795541,6739752.718071348,25.246316200005822,0.8365420913552284
2,11,52,27,2424,-3958609.083711492,-665956.7103019342,5226623.389457265,10168601.19598907,30.922021500009578,0.8371226239284383
2,11,53,26,2450,-3961003.8978843316,-2715920.623424388,3504937.599633618,13599137.944567388,27.518697599996813,0.8385551050497604
2,11,54,26,2476,-3961047.5700483993,-2084131.604123658,3031598.2284107143,9197994.772020437,26.683756400016136,0.8395331874544129
2,11,55,25,2501,-3961047.5700483993,-2532658.2976739076,2949277.765183497,8209286.920258753,27.01545789994998,0.8401299169974739
2,11,56,25,2526,-3961047.5700483993,-1888494.8197054008,4240051.428278545,11414464.45368131,26.531681199965533,0.841014648088603
2,11,57,24,2550,-3961047.5700483993,-3588894.187507734,937981.42345463,243505.77179488726,22.05029410001589,0.8421238938053097
2,11,58,24,2574,-3961363.2640734017,-3458402.3875243957,1039089.074390586,435779.687590817,23.514603000017814,0.8432129077516661
2,11,59,23,2597,-3961363.2640734017,-3731025.549262403,819027.942856301,83787.81784065627,21.009391399973538,0.8438803894297635
2,11,60,23,2620,-3961363.2640734017,-3912058.5740510602,102065.74208860754,-3456151.8070497103,19.441883700026665,0.8448810754912099
2,11,61,23,2643,-3961639.297097342,-3932305.5832176534,51900.013182933064,-3741247.383443475,16.22555980004836,0.8461538461538461
2,11,62,22,2665,-3961639.297097342,-3937242.8426187267,25540.964931587,-3845566.13363258,9.90669719997095,0.8473023413640991
2,11,63,22,2687,-3961849.8055267427,-3937673.7404015367,57980.9032790057,-3677884.749018397,12.303304200002458,0.8484338160996968
2,11,64,21,2708,-3961849.8055267427,-3949670.785767963,14608.59745112798,-3909083.409969697,8.734824799990747,0.8494983277591973
2,11,65,21,2729,-3962113.932138322,-3950482.4061131817,15998.95220679515,-3888855.2698789313,7.527242899988778,0.8505479907007638
2,11,66,20,2749,-3962113.932138322,-3948558.8410812514,12219.814893674791,-3931818.270331109,5.646276700019371,0.8515341471461564
2,11,67,20,2769,-3962113.932138322,-3952210.0786743364,12772.198847047868,-3919718.1335788276,6.747337399981916,0.8525073746312685
2,11,68,20,2789,-3962113.932138322,-3954825.587926594,11361.147012254747,-3920266.949507218,4.199176900030579,0.8534679257570824
2,11,69,19,2808,-3962113.932138322,-3953696.1106642624,14851.99713370202,-3908416.944447357,7.1591076999902725,0.8543689320388349
2,11,70,19,2827,-3962142.459504472,-3958725.4015657855,3344.0474689442326,-3947305.7092757598,6.758232399995904,0.8552589256995818
2,11,71,19,2846,-3962142.459504472,-3959477.8017836027,3622.09577258014,-3947569.3779539075,4.326112999988254,0.8561381074168798
2,11,72,18,2864,-3962142.459504472,-3950264.1448477623,20937.204002881248,-3894901.059094362,5.818654600006994,0.8569612205975843
2,11,73,18,2882,-3962188.965776108,-3954860.9678086555,16790.754608672716,-3893161.8662640713,4.04989680001745,0.8577749683944375
2,11,74,18,2900,-3962375.418331243,-3949112.930162666,46930.31754566903,-3756039.674394643,4.227874799980782,0.8585795097423005
2,11,75,17,2917,-3962375.418331243,-3955996.5608614334,9983.791924619823,-3922285.7931277044,5.736411100020632,0.859331040950297
2,11,76,17,2934,-3962375.418331243,-3958853.55282276,5581.937127138784,-3947002.6852786336,4.087421799951699,0.8600746268656716
2,11,77,17,2951,-3962464.2210758403,-3960241.0603519706,5005.318889335304,-3946534.7300061956,4.1418860999983735,0.8608103928240025
2,11,78,16,2967,-3962464.2210758403,-3960146.4953459576,5023.990138714838,-3946367.1210101005,3.39350479998393,0.8614958448753463
2,11,79,16,2983,-3962464.2210758403,-3955214.9558300246,26589.262907601576,-3852238.7257406004,5.680703699996229,0.8621745788667687
2,11,80,16,2999,-3962464.2210758403,-3962136.4954964486,242.20889239404013,-3961414.3066268153,3.3661755999783054,0.8628466930813776
2,11,81,15,3014,-3962464.2210758403,-3960791.8707152177,4013.578821682108,-3946563.740159083,3.0667406000429764,0.8634708737864077
2,11,82,15,3029,-3962464.2210758403,-3959762.9750668337,5461.477828225621,-3946031.6408358645,3.0642410999862477,0.8640893989731199
2,11,83,15,3044,-3962464.2210758403,-3960559.314119988,2353.184543237463,-3957116.783045085,6.074419700016733,0.8647023451593505
2,11,84,15,3059,-3962464.2210758403,-3960896.5053154775,3964.8418688115676,-3946841.4910550434,2.758576799998991,0.8653097874887759
2,11,85,14,3073,-3962464.2210758403,-3961944.928149328,1370.3694062116942,-3957034.1567491256,2.9364755999995396,0.8658718330849479
2,11,86,14,3087,-3962464.2210758403,-3961991.954005963,1344.9311583055185,-3957151.4208976384,3.3776652000378817,0.8664292074799644
2,11,87,14,3101,-3962464.2210758403,-3960900.555520065,2331.3748198214425,-3957178.4206447117,5.519234899955336,0.8669819686668637
2,11,88,13,3114,-3962464.2210758403,-3961566.5505624143,1811.6716068222688,-3957279.4513442777,2.9020531999995,0.8674911660777385
2,11,89,13,3127,-3962464.22107994,-3961218.9515889534,2193.7439604960914,-3957154.16529808,3.2384898999589495,0.8679964799061308
2,11,90,13,3140,-3962464.22107994,-3961222.218259369,2151.7173539641494,-3957280.5126198027,2.8058795000542887,0.8684979544126242
2,11,91,13,3153,-3962464.22107994,-3962023.603377061,1336.5373475218355,-3957398.626371624,2.865111799968872,0.868995633187773
2,11,92,12,3165,-3962464.22107994,-3961126.6129743136,2225.372482010437,-3957231.803773718,2.7665102999890223,0.8694516971279374
2,11,93,12,3177,-3962464.22107994,-3960655.5268096067,2408.514965277925,-3957201.902797159,3.172987700032536,0.8699045967042498
2,11,94,12,3189,-3962464.22107994,-3961572.0848375037,1927.8800480019356,-3957241.5094280113,2.7450140999862924,0.8703543647363872
2,11,95,12,3201,-3962464.22107994,-3960260.285572196,2564.492521278073,-3957193.4647715017,3.1415788999875076,0.8708010335917312
2,11,96,12,3213,-3962473.0896171443,-3960724.7518314454,2436.623869479283,-3957249.1023646165,3.076271500030998,0.871244635193133
2,11,97,11,3224,-3962473.0896171443,-3962448.882118225,15.617063796971603,-3962421.0778060146,2.6755715000326745,0.8716486023958927
2,11,98,11,3235,-3962474.361467514,-3960592.581934194,2462.8456817005317,-3957290.670407161,2.7006272999569774,0.8720500426499858
2,11,99,11,3246,-3962474.361467514,-3960577.0776393875,2482.332099798707,-3957275.5027571414,2.68942920002155,0.8724489795918368
2,11,100,11,3257,-3962474.8193085548,-3961042.264966039,2303.5000389494667,-3957249.9859185256,3.0326837000320666,0.8728454365640012
2,11,101,10,3267,-3962474.8193085548,-3961419.4602952353,2062.4790269403447,-3957263.5004083067,2.57898180000484,0.8732037193575655
2,11,102,10,3277,-3962474.8193085548,-3962450.766936937,28.560788402620314,-3962391.8229546305,2.6154256999725476,0.8735599887608879
2,11,103,10,3287,-3962474.8193085548,-3961435.882816759,2067.5351255906376,-3957294.575947251,2.592905699973926,0.8739142616979546
2,11,104,10,3297,-3962474.8206674345,-3962469.450379944,7.654630158423974,-3962448.452703517,2.593356200028211,0.8742665549036044
2,11,105,10,3307,-3962474.843521934,-3962470.903649441,4.246683599086708,-3962461.8192795888,2.6996611999929883,0.8746168849261633
2,11,106,10,3317,-3962474.940589927,-3961954.312074578,1548.9574579534508,-3957307.5165267885,2.936566899996251,0.8749652681300362
2,11,107,9,3326,-3962474.940589927,-3962462.1860752585,25.177101701072846,-3962393.3544153906,2.5203878000029363,0.8752771618625277
2,11,108,9,3335,-3962474.940589927,-3961902.4253635057,1616.9683450686255,-3957328.9484164454,2.484184400003869,0.8755875034559026
2,11,109,9,3344,-3962475.357791558,-3961892.9276073044,1618.6045662098195,-3957315.291170031,2.474136599979829,0.875896304467733
2,11,110,9,3353,-3962475.357791558,-3962471.8293135623,5.001786526718439,-3962460.511865396,2.532388899999205,0.8762035763411279
2,11,111,9,3362,-3962475.357791558,-3962474.219998758,0.8832574073932505,-3962472.069892358,2.541297300020233,0.8765093304061471
2,11,112,8,3370,-3962475.357791558,-3962473.8695068443,0.577210683151965,-3962473.1774118263,1.485693699971307,0.8767798466593647
2,11,113,8,3378,-3962475.357791558,-3962474.6459349776,0.31685335491902156,-3962474.048911404,1.9360988999833353,0.8770491803278688
2,11,114,8,3386,-3962475.357791558,-3962474.6993608894,0.4697675004009318,-3962473.515587205,1.5295708000194281,0.8773173391494002
2,11,115,8,3394,-3962475.357791558,-3962473.9444829947,1.1753622344709247,-3962471.05522047,1.5549222999834456,0.8775843307943417
2,11,116,8,3402,-3962475.357791558,-3962474.3258077316,0.5941051997014765,-3962473.400045017,2.0253761999774724,0.8778501628664495
2,11,117,8,3410,-3962475.357791558,-3962474.736066335,0.2242325225257395,-3962474.3039101064,1.5537290000356734,0.8781148429035753
2,11,118,8,3418,-3962475.4684715383,-3962474.5425264286,0.6622564390692047,-3962473.2272599917,1.867590099980589,0.8783783783783784
2,11,119,7,3425,-3962475.4684715383,-3962474.487118188,0.5989367530885479,-3962473.2289079726,1.446670399978757,0.8786080388454276
2,11,120,7,3432,-3962475.4684715383,-3962474.415624838,0.387472449812424,-3962473.5399276335,1.4730174000142142,0.8788368336025848
2,11,121,7,3439,-3962475.4684715383,-3962474.470944262,0.4471110275620016,-3962473.5734234657,1.4674077000236139,0.8790647675356087
2,11,122,7,3446,-3962475.4684715383,-3962474.935822938,0.19378686160159098,-3962474.6274486575,1.829607899999246,0.8792918454935622
2,11,123,7,3453,-3962475.4684715383,-3962474.68957635,0.3699770041641683,-3962474.0736144334,1.8100994999986142,0.8795180722891566
2,11,124,7,3460,-3962475.4684715383,-3962474.592504929,0.38494745291265003,-3962474.02760401,1.4406568999984302,0.8797434526990914
2,11,125,7,3467,-3962475.4684715383,-3962474.7273207554,0.5495017903519561,-3962473.785764424,1.819991199998185,0.8799679914643905
2,11,126,7,3474,-3962475.4684715383,-3962474.8698539394,0.45497236655890405,-3962473.9735342152,1.4272777999867685,0.8801916932907349
2,11,127,6,3480,-3962475.4684715383,-3962474.6127283215,0.448578886525551,-3962473.8558061477,1.7249692999757826,0.8803827751196173
2,11,128,6,3486,-3962475.5570353456,-3962475.013079303,0.36768517556240154,-3962474.388793176,1.3424418999929912,0.8805732484076433
2,11,129,6,3492,-3962475.5570353456,-3962471.876046306,6.67245854922718,-3962456.989656346,1.7224309000303037,0.8807631160572337
2,11,130,6,3498,-3962475.5570353456,-3962474.7893392085,0.29426631679229626,-3962474.4211029224,1.661244299961254,0.8809523809523809
2,11,131,6,3504,-3962475.5570353456,-3962474.7391753034,0.5677224631641117,-3962473.9916213676,1.3518150000018068,0.8811410459587956
2,11,132,6,3510,-3962475.5570353456,-3962474.938876799,0.15246345968241382,-3962474.7287491355,1.7283668000018224,0.8813291139240507
2,11,133,6,3516,-3962475.5570353456,-3962475.1292501525,0.2714395005162862,-3962474.792567229,1.654858099995181,0.8815165876777251
2,11,134,6,3522,-3962475.5570353456,-3962474.6335710497,0.5602084730846336,-3962474.0342658386,1.383325300004799,0.8817034700315457
2,11,135,5,3527,-3962475.5570353456,-3962474.594959812,0.4635789326519014,-3962473.9852404688,1.2806241000071168,0.8818587555788922
2,11,136,5,3532,-3962475.5570353456,-3962474.850893134,0.24080067600955138,-3962474.450443374,1.278089599974919,0.8820136339800734
2,11,137,5,3537,-3962475.5570353456,-3962474.324590103,0.22900721829991186,-3962473.9290065933,1.2794195000315085,0.8821681068342498
2,11,138,5,3542,-3962475.5570353456,-3962474.8431981383,0.4789335599423317,-3962474.038271215,1.6147831000271253,0.8823221757322176
2,11,139,5,3547,-3962475.5570353456,-3962474.7838769965,0.4230266639451373,-3962474.267662581,1.5975126000121236,0.8824758422564638
2,11,140,5,3552,-3962475.5570353456,-3962474.838656214,0.29241046146924116,-3962474.473181296,1.2468666000058874,0.8826291079812206
2,11,141,5,3557,-3962475.5570353456,-3962474.807912787,0.366392547967855,-3962474.3606076296,1.286092100024689,0.8827819744725189
2,11,142,5,3562,-3962475.5570353456,-3962474.765850169,0.36033603884507354,-3962474.1057927236,1.6327739999978803,0.8829344432882414
2,11,143,5,3567,-3962475.5570353456,-3962474.6190258292,0.106354147346561,-3962474.490897309,1.6014646000112407,0.8830865159781761
2,11,144,5,3572,-3962475.5570353456,-3962474.8515741243,0.3106739457280403,-3962474.48125319,1.2481304000248201,0.8832381940840685
2,11,145,5,3577,-3962475.5570353456,-3962474.711580495,0.338413451476401,-3962474.063838491,1.2948249999899417,0.8833894791396735
2,11,146,4,3581,-3962475.5570353456,-3962474.868705224,0.41950520014986314,-3962474.3677954823,1.2075638000387698,0.8835102252135646
2,11,147,4,3585,-3962475.5570353456,-3962475.1430689557,0.24879096089336583,-3962474.7375424393,1.5669860999914818,0.8836307214895268
2,11,148,4,3589,-3962475.5570353456,-3962474.9151036185,0.4389685614793603,-3962474.2143917847,1.1726857000030577,0.8837509687419272
2,11,149,4,3593,-3962475.5570353456,-3962474.8128780182,0.3898095392788395,-3962474.4717810526,1.532530999975279,0.8838709677419355
2,11,150,4,3597,-3962475.5570353456,-3962474.731115839,0.5457060157702749,-3962474.1242616996,1.1797985999728553,0.8839907192575406
2,12,0,72,72,4477533.8435737025,221653800.42215124,102020260.5987546,483021266.49117136,146.65754769998603,0.5
2,12,1,72,144,4477533.8435737025,181631493.29839122,100634741.60407245,487502436.32942116,132.43601399997715,0.5196850393700787
2,12,2,69,213,4477533.8435737025,113485083.43803756,74286490.78131364,339968518.1384263,108.40461220004363,0.5354107648725213
2,12,3,68,281,1819965.936137178,75058718.53062165,64726120.25296528,260851383.66756824,98.36203660001047,0.5485327313769752
2,12,4,67,348,-687535.9846838801,45488303.82944113,46714772.04334318,187377571.49938297,82.09632449998753,0.5598455598455598
2,12,5,65,413,-687535.9846838801,30989810.559640992,32110048.13433457,116609455.07884878,73.10438620002242,0.5677530017152659
2,12,6,64,477,-867831.7966449484,18126815.420989484,22015120.82894576,92687642.92360522,59.624585399986245,0.5792778649921507
2,12,7,63,540,-1846461.168635061,10604742.122032551,11720372.040621424,63768549.79477592,58.73490469995886,0.5868613138686132
2,12,8,62,602,-3602330.982510943,7121512.42099397,8482654.767406054,37169097.66451386,47.61375299998326,0.594222833562586
2,12,9,61,663,-3602330.982510943,6337174.355051025,9182134.239065867,48985622.854394674,52.200363599986304,0.5989583333333334
2,12,10,59,722,-3602330.982510943,4530981.912275341,6743536.83726645,32428884.979366574,46.24371310003335,0.6081582200247219
2,12,11,58,780,-3655439.3186694495,3186115.3122114404,5520000.921503291,19679170.10725915,43.9265370000503,0.62
2,12,12,57,837,-3655439.3186694495,3784986.8186535817,7058157.018451988,39941952.02389619,46.000846500042826,0.6354515050167224
2,12,13,56,893,-3655439.318679359,3966447.95426405,8616619.312021688,49351411.51451331,50.74949519999791,0.6448202959830867
2,12,14,55,948,-3655439.318679359,2421183.331617157,5577405.752003201,21190102.174207345,42.87255130003905,0.6602822580645161
2,12,15,54,1002,-3655439.318679359,1364303.5494945468,5622754.561189474,18253596.909018166,49.701413200004026,0.6720997123681688
2,12,16,53,1055,-3736177.6483662464,667574.8972682208,5113236.691285314,21101406.164424084,54.21369579999009,0.6827272727272727
2,12,17,52,1107,-3736177.6483662464,2812957.639209581,6657740.736781087,22327536.81426664,42.046315300045535,0.691768826619965
2,12,18,51,1158,-3736177.6483662464,210224.45951644695,4712201.459621631,22624027.534291204,51.553370099980384,0.704412989175687
2,12,19,50,1208,-3901707.499320112,-552950.6150107811,3701143.113446265,10764673.107707283,52.82327599998098,0.7163346613545817
2,12,20,49,1257,-3901707.499320112,1301362.4014098663,7179013.702151208,28506534.00855373,46.74273080000421,0.7254601226993865
2,12,21,48,1305,-3901707.499320112,549672.6163151857,5107602.581259702,17137304.969360698,50.661876199999824,0.7330383480825958
2,12,22,47,1352,-3901707.499320112,1534007.0935072058,6715415.157311426,26267462.653394803,49.36557719996199,0.7416843595187544
2,12,23,46,1398,-3901707.499320112,-992014.9552217758,3283064.179960488,11178495.737210112,50.59403919999022,0.746922024623803
2,12,24,46,1444,-3901707.499320112,-797028.4712814323,3498658.6074114228,10634025.993360488,46.762983299966436,0.7546174142480211
2,12,25,45,1489,-3901707.499320112,1181826.6425467222,6510617.279119828,18776430.58696292,48.927835200040136,0.7595907928388747
2,12,26,44,1533,-3901707.499320112,-1414494.8499465617,3312453.402688508,9608265.553616825,49.05172669998137,0.7648514851485149
2,12,27,43,1576,-3901707.499320112,305804.3709415294,6255173.990875233,20393552.636990894,39.35480600001756,0.7712221553281156
2,12,28,42,1618,-3901707.4993221518,-1384345.3420616123,2659891.2924625506,6684507.32758138,44.16959529998712,0.7760233918128655
2,12,29,41,1659,-3924165.09526442,-1169878.7073403138,3301954.1492170864,10343347.91709556,46.87041339999996,0.7814982973893303
2,12,30,41,1700,-3924165.09526442,-1187159.3315226901,3286805.7668278203,9860301.872952886,45.57681729999604,0.7858719646799117
2,12,31,40,1740,-3930207.428120991,-1748097.603698258,3719857.3274452183,17510419.237887044,45.00044180004625,0.7901234567901234
2,12,32,39,1779,-3930207.428120991,-1348423.771962228,3368918.177375163,8491379.819593543,35.40013429999817,0.7943336831059811
2,12,33,38,1817,-3931169.4161688555,-1975020.1816155172,3297722.83221871,11203976.518850131,39.348483599955216,0.7978450487429452
2,12,34,38,1855,-3949087.649473805,-1861212.5023228584,3604223.8123357785,16089085.720393782,39.842100799956825,0.8004012036108324
2,12,35,37,1892,-3949087.649473805,-1512639.7400657504,3696896.4861169495,10798876.432938088,41.0131093999953,0.8018682399213373
2,12,36,36,1928,-3949087.649473805,-1012669.872076797,5713633.743066748,25564921.796502475,41.709320199966896,0.8042430086788814
2,12,37,36,1964,-3949087.649473805,-1036283.7957391116,5753202.5990911005,24375091.283663724,38.18858019995969,0.806146572104019
2,12,38,35,1999,-3949087.649473805,-2166216.7957020216,3207032.7719697584,11444048.411921617,38.45532540004933,0.8087077350625289
2,12,39,34,2033,-3950496.3608939014,-2242782.7256244966,3884552.0908839013,13768799.403215183,36.973311999987345,0.8109950022716946
2,12,40,34,2067,-3951818.4747567773,-1169980.5544356022,4813038.591917564,13863320.194230897,31.75903960003052,0.8125836680053548
2,12,41,33,2100,-3951818.4747567773,-2275565.7976997662,3579074.5232148445,10793650.387023965,36.855529899999965,0.8136482939632546
2,12,42,32,2132,-3953739.16071642,-3154143.076939059,2459653.3981226897,9724773.145776954,32.1604036000208,0.8153250107619457
2,12,43,32,2164,-3957673.783323072,-2868955.1723320615,3349413.4696484176,13563914.33890499,31.9263740000315,0.8161016949152542
2,12,44,31,2195,-3957673.783323072,-3197010.7903064527,1705167.0394477868,5083742.296087271,37.43872149998788,0.8159100374843815
2,12,45,31,2226,-3957673.783323072,-2964156.48432249,2422038.531360755,8505665.092096835,29.447829400014598,0.8169129720853858
2,12,46,30,2256,-3957673.783323072,-3613646.8803943186,980794.6490425015,1156483.69790842,36.06064919999335,0.8166397415185783
2,12,47,29,2285,-3957673.783323072,-3042665.792857096,2759716.1790579753,10905996.972718462,32.17732800001977,0.8168060533651932
2,12,48,29,2314,-3957673.783323072,-2863337.3000883507,3186004.884870734,10956818.843840554,29.56789729994489,0.817432273262662
2,12,49,28,2342,-3960654.3955795076,-3902325.9317428214,93301.95976784802,-3473074.1035026703,30.91381190001266,0.8178294573643411
2,12,50,28,2370,-3960654.3955795076,-3868112.403195894,188676.59025906073,-2927912.7615032718,28.53530160000082,0.8182166092613854
2,12,51,27,2397,-3960654.3955795076,-3830231.89278365,290357.25157745014,-2496441.915824283,25.462822000030428,0.8191449110858873
2,12,52,27,2424,-3960654.3955795076,-3924901.945642786,35534.93383432839,-3779827.175384272,31.18389520002529,0.8191330343796711
2,12,53,26,2450,-3960654.3955795076,-3911653.203463552,119372.63246607386,-3331231.5893557966,28.952189700037707,0.8187523071244002
2,12,54,26,2476,-3961758.6173115578,-3923898.3862332623,46589.41205274075,-3755091.404416915,27.595948000031058,0.8187454412837345
2,12,55,25,2501,-3961758.6173115578,-3931996.492364709,30843.39242379745,-3861170.827475883,24.08525450003799,0.8194945848375451
2,12,56,25,2526,-3961758.6173115578,-3935685.5721615492,26332.407941447327,-3856652.522877479,26.924034899973776,0.8193502320599786
2,12,57,24,2550,-3961758.6173115578,-3941850.8222523425,20028.620071682286,-3878101.4466001485,19.75209599995287,0.819434628975265
2,12,58,24,2574,-3961758.6173115578,-3930307.007560019,35189.356039009326,-3835639.5998248607,16.481107499974314,0.8203781512605042
2,12,59,23,2597,-3962013.818289228,-3938675.4262897284,27264.325427550706,-3848971.8488600217,18.77759969996987,0.8206729101630247
2,12,60,23,2620,-3962013.818289228,-3934798.5480337883,33971.83187635908,-3847609.6920554433,18.910003900004085,0.821244413887934
2,12,61,23,2643,-3962013.818289228,-3944318.997819349,21656.69701232681,-3863943.1968583446,21.389793400012422,0.8209666439754936
2,12,62,22,2665,-3962013.818289228,-3934389.1334624914,35980.66274619906,-3830185.1480173767,9.445640399993863,0.8222972972972973
2,12,63,22,2687,-3962013.818289228,-3947665.6610675748,17777.018810075602,-3901686.764773296,11.790041300002486,0.8233322158900436
2,12,64,21,2708,-3962013.818289228,-3949611.2520910827,11855.946500594117,-3911350.698559545,16.313291999977082,0.8237445959428001
2,12,65,21,2729,-3962013.818289228,-3952269.1405271688,14653.191973159393,-3892799.1168196127,14.120093200006522,0.8241504453975586
2,12,66,20,2749,-3962208.875657376,-3941719.626616338,28705.984255863157,-3844935.2387592047,13.452899299969431,0.8247625286603341
2,12,67,20,2769,-3962379.154622888,-3947004.506423368,16635.36604814463,-3901309.4911761284,12.677341100003105,0.8256343526350033
2,12,68,20,2789,-3962379.154622888,-3951292.6091018566,20544.580966623515,-3876433.0833302382,8.411653999995906,0.8268174474959612
2,12,69,19,2808,-3962379.154622888,-3947926.1559762186,26420.02505160377,-3842698.2010824084,12.097745099978056,0.8276083467094703
2,12,70,19,2827,-3962379.154622888,-3942177.297665155,33446.76523460959,-3846919.957908502,16.84723789995769,0.8275971956660293
2,12,71,19,2846,-3962379.154622888,-3952434.8235867885,12013.701395243095,-3924752.300156446,15.726642899971921,0.8275862068965517
2,12,72,18,2864,-3962379.154622888,-3952168.900037701,15216.55320553213,-3908167.7481289376,13.854147200006992,0.8280414963847846
2,12,73,18,2882,-3962379.154622888,-3948216.5461814287,21053.503657153575,-3880418.390330715,15.01915160001954,0.8284910965323337
2,12,74,18,2900,-3962379.154622888,-3952439.894338717,9848.70484950095,-3923843.387317516,11.690115300007164,0.8291925465838509
2,12,75,17,2917,-3962379.154622888,-3954977.0474725403,7532.635675503159,-3942186.2595424075,6.7380788999726065,0.8300895891257337
2,12,76,17,2934,-3962379.154622888,-3956724.883281227,7060.958248443246,-3942508.60958351,3.6767914000083692,0.8309772587584512
2,12,77,17,2951,-3962379.1546259113,-3948340.546041854,26334.13691784434,-3868522.7493605334,4.056509000016376,0.8318557016202996
2,12,78,16,2967,-3962379.1546313893,-3957641.129818751,6285.979943885618,-3943713.14932953,3.6215836000046693,0.8326741709765744
2,12,79,16,2983,-3962379.1546313893,-3958959.751721088,6471.373935346506,-3940249.793679321,5.644174300017767,0.8334847108689071
2,12,80,16,2999,-3962379.1546313893,-3958367.9550565756,6379.004298944431,-3943974.0258753765,5.464097900025081,0.8342874359746911
2,12,81,15,3014,-3962379.1546313893,-3953162.734134079,28145.825217173628,-3848167.5077787396,7.5136235999525525,0.8350329934013198
2,12,82,15,3029,-3962380.2318411786,-3960411.784221649,2560.2125133401682,-3955876.6091388185,6.671895800041966,0.835771872200657
2,12,83,15,3044,-3962380.2318411786,-3961087.750165017,1961.4168016979697,-3956962.229326831,3.2720167000079527,0.8365041617122473
2,12,84,15,3059,-3962415.652142849,-3960283.860020582,4283.890302674085,-3946015.2617269773,3.5050924999522977,0.8372299496892571
2,12,85,14,3073,-3962415.652142849,-3961445.237903461,1885.5094601984192,-3956468.8946286812,3.251000499993097,0.8379015620394931
2,12,86,14,3087,-3962415.652142849,-3961462.456608464,1812.5325047248969,-3956979.1886383463,3.247877800022252,0.8385676548282947
2,12,87,14,3101,-3962469.7403361406,-3960815.2678014697,4228.312351524614,-3946287.5415127445,5.538714199967217,0.8392282958199357
2,12,88,13,3114,-3962469.7403361406,-3960194.413915758,2696.4269175565046,-3955333.7536753546,2.557730700005777,0.8398369248689574
2,12,89,13,3127,-3962469.7403361406,-3961050.093794183,2112.3116561629836,-3957237.5733307637,3.1831839999649674,0.8404409631563678
2,12,90,13,3140,-3962469.7403361406,-3961132.5111038038,2140.0332606762418,-3957170.6975889616,2.9304504999890924,0.8410404624277457
2,12,91,13,3153,-3962469.7403361406,-3959939.701257893,4574.914113922536,-3945981.6138879564,3.195190400001593,0.8416354736539016
2,12,92,12,3165,-3962470.873285398,-3960671.6174881957,2463.6255722855467,-3957097.6288642325,2.7333880999940448,0.8421807747489239
2,12,93,12,3177,-3962470.873285398,-3960094.9634137223,4609.697170286847,-3946117.2237743214,3.1249345999676734,0.8427223334286531
2,12,94,12,3189,-3962470.873285398,-3961957.4859040654,1389.073994339556,-3957360.1439990886,2.7494105000514537,0.8432601880877743
2,12,95,12,3201,-3962470.873285398,-3961954.3687025434,1412.5747340477162,-3957276.4397608787,2.7830375999910757,0.8437943765975575
2,12,96,12,3213,-3962470.873285398,-3960682.9900071323,2443.422062753518,-3957185.842775235,2.769764699973166,0.8443249363147467
2,12,97,11,3224,-3962474.4467870686,-3960078.5517294738,2549.239016064742,-3957249.9672553316,3.0249889999977313,0.8448081264108352
2,12,98,11,3235,-3962474.4467870686,-3960094.3458712865,2573.4693651306566,-3957226.0473905597,2.657735600019805,0.8452883263009845
2,12,99,11,3246,-3962474.4467870686,-3961968.2959760223,1486.012183252311,-3957270.6315973047,2.798370899981819,0.8457655636567583
2,12,100,11,3257,-3962474.4467870686,-3960090.1532825115,2580.173462862164,-3957228.155553488,2.7496130000217818,0.8462398658093374
2,12,101,10,3267,-3962474.4467870686,-3959864.6794037344,2587.183447785867,-3957232.9983169176,2.5982079999521375,0.8466685252299972
2,12,102,10,3277,-3962474.4467870686,-3961919.61813295,1542.54206315624,-3957293.2085321657,2.578124099993147,0.8470948012232415
2,12,103,10,3287,-3962474.4467870686,-3960908.9863049597,2359.662104488775,-3957279.0612403546,2.6077492000185885,0.8475187136124203
2,12,104,10,3297,-3962474.4467870686,-3961418.1548459753,2067.457552869619,-3957264.938304214,2.6404923999798484,0.8479402820016588
2,12,105,10,3307,-3962474.4467870686,-3960882.472562416,2376.7202394235355,-3957234.607411353,2.946012900036294,0.8483595257788806
2,12,106,10,3317,-3962474.4473332576,-3960907.137898487,2384.3060021931783,-3957215.004525434,2.53167580004083,0.8487764641187792
2,12,107,9,3326,-3962474.4473332576,-3961888.8498402834,1625.1632254367216,-3957292.273076661,2.9598150000092573,0.8491497531541415
2,12,108,9,3335,-3962474.4473332576,-3962462.9679515553,12.055952461555826,-3962433.529592378,2.49694849998923,0.8495212038303693
2,12,109,9,3344,-3962474.4473332576,-3961320.206507969,2152.9729173875426,-3957290.740876887,2.4703649999573827,0.8498908296943232
2,12,110,9,3353,-3962474.4473332576,-3960745.039094964,2437.5524875957026,-3957290.5770570375,2.857969900011085,0.8502586441600871
2,12,111,9,3362,-3962474.4475125875,-3962469.6723366138,7.275931901261528,-3962450.6624851525,2.427622399991378,0.850624660510592
2,12,112,8,3370,-3962474.4475125875,-3961816.811368181,1710.2096686876648,-3957292.3449913487,1.8595913999597542,0.8509485094850948
2,12,113,8,3378,-3962474.537688859,-3961825.548426861,1714.320129427152,-3957289.884214565,1.546907400013879,0.8512709572742023
2,12,114,8,3386,-3962474.711055953,-3961823.262523222,1709.8419485339605,-3957299.491149204,1.5650748999905773,0.8515920129519697
2,12,115,8,3394,-3962474.711055953,-3962469.039905834,11.253533648953631,-3962439.3795615714,1.9181566000333987,0.8519116855142703
2,12,116,8,3402,-3962474.711055953,-3961824.2572006006,1710.2474278265065,-3957299.4113633577,1.8976375999627635,0.8522299838796346
2,12,117,8,3410,-3962474.9295199886,-3962474.3384277783,0.48548541773930404,-3962473.375080444,1.8766800000448711,0.8525469168900804
2,12,118,8,3418,-3962474.965797877,-3961826.8675472317,1713.6568397398278,-3957292.9577772208,1.535122000030242,0.8528624933119315
2,12,119,7,3425,-3962474.965797877,-3961734.0712969666,1813.372996229291,-3957292.23286549,1.8458578000427224,0.8531375166889186
2,12,120,7,3432,-3962475.0079132356,-3961734.684596169,1812.2051788200063,-3957295.706806382,1.4492429999518208,0.853411513859275
2,12,121,7,3439,-3962475.0079132356,-3962474.8348361137,0.12801484533509835,-3962474.6148498636,1.479067699983716,0.8536844905559989
2,12,122,7,3446,-3962475.057757497,-3962474.9295972222,0.10295011207656717,-3962474.803197218,1.4597689000074752,0.8539564524694636
2,12,123,7,3453,-3962475.057757497,-3961735.1664323704,1810.8073612918101,-3957299.6126331016,1.773833299987018,0.8542274052478134
2,12,124,7,3460,-3962475.057757497,-3961735.3216441735,1811.4820818223538,-3957298.114869019,1.4568263000110164,0.8544973544973545
2,12,125,7,3467,-3962475.057757497,-3960995.9261653894,2338.0422415403696,-3957299.016479332,1.7809287999989465,0.8547663057829417
2,12,126,7,3474,-3962475.057757497,-3961735.1902835034,1811.756204659864,-3957297.312074039,1.428429999970831,0.8550342646283605
2,12,127,6,3480,-3962475.057757497,-3961611.8327768086,1929.4694827837432,-3957297.4078733027,1.8686711000045761,0.8552631578947368
2,12,128,6,3486,-3962475.057757497,-3962474.6312485444,0.33530137527949994,-3962474.195249254,1.369635799957905,0.8554913294797688
2,12,129,6,3492,-3962475.057757497,-3962474.750921363,0.33690919656353624,-3962474.0883239433,1.3687381999916397,0.8557187827911857
2,12,130,6,3498,-3962475.136127889,-3962474.787944712,0.3376917017442483,-3962474.1451259274,1.3753028999781236,0.855945521215296
2,12,131,6,3504,-3962475.136127889,-3960748.575416854,2441.2553758674107,-3957293.7491553705,1.6582402000203729,0.8561715481171548
2,12,132,6,3510,-3962475.136127889,-3962474.4197676876,0.5613949901837919,-3962473.530805733,1.6705735999858007,0.856396866840731
2,12,133,6,3516,-3962475.136127889,-3962474.921296675,0.17097899005895523,-3962474.5606460236,1.650915999955032,0.856621480709072
2,12,134,6,3522,-3962475.136127889,-3962474.3907341757,0.5465215215976337,-3962473.5199239515,1.3668875999865122,0.8568453930244664
2,12,135,5,3527,-3962475.136127889,-3962474.6611289135,0.34274710308125333,-3962474.212601615,1.2791465999907814,0.8570314530803224
2,12,136,5,3532,-3962475.413288856,-3962474.980287197,0.25229531750600226,-3962474.6663414855,1.280820499989204,0.8572170301142263
2,12,137,5,3537,-3962475.413288856,-3962474.8512542024,0.17709912184863197,-3962474.6225400586,1.279538800008595,0.8574021260046668
2,12,138,5,3542,-3962475.413288856,-3962474.955416756,0.1504775789706007,-3962474.662901003,1.2868270000326447,0.8575867426204039
2,12,139,5,3547,-3962475.413288856,-3962474.8591100513,0.28612484859704795,-3962474.2970552985,1.276263999985531,0.8577708818205327
2,12,140,5,3552,-3962475.475616673,-3962474.7549405484,0.5027961002573905,-3962474.099508783,1.278173400030937,0.8579545454545454
2,12,141,5,3557,-3962475.475616673,-3962474.4765107706,0.523474353995449,-3962473.5548730996,1.6110849999822676,0.8581377353623936
2,12,142,5,3562,-3962475.4756194595,-3962475.111840807,0.32089637373944657,-3962474.5758630093,1.2552431999938563,0.8583204533745492
2,12,143,5,3567,-3962475.4756194595,-3962475.1612487882,0.23555736223261625,-3962474.866155682,1.6136231999844313,0.8585027013120659
2,12,144,5,3572,-3962475.4756194595,-3962474.57250133,0.4907903169585522,-3962473.956794748,1.5820712000131607,0.8586844809866393
2,12,145,5,3577,-3962475.4756194595,-3962475.0200104997,0.08322654525134507,-3962474.910558762,1.5930054999771528,0.8588657942006672
2,12,146,4,3581,-3962475.4756194595,-3962475.0926755546,0.3372372202539934,-3962474.56776605,1.5366505000274628,0.8590105101256088
2,12,147,4,3585,-3962475.4756194595,-3962475.101641646,0.3592346492772117,-3962474.597607089,1.1726410000119358,0.8591549295774648
2,12,148,4,3589,-3962475.4756194595,-3961180.911630203,2240.9631217211218,-3957299.449652666,1.5531928000273183,0.8592990534663597
2,12,149,4,3593,-3962475.475621963,-3962475.067798541,0.25882203344216087,-3962474.7725399546,1.1770924999727868,0.8594428826986966
2,12,150,4,3597,-3962475.475621963,-3962474.919336033,0.3691375193145686,-3962474.5211485345,1.540782299998682,0.8595864181771764
2,13,0,72,72,9085602.628133237,219990313.57392812,113078685.17998564,458513225.9296374,146.63797710003564,0.5234375
2,13,1,72,144,7173969.24967077,162029771.96555185,103343557.32382004,426954688.0940578,131.80418129998725,0.5198412698412699
2,13,2,69,213,4435237.713502978,113290576.40319662,77559310.105283,316459029.9776353,102.08434030000353,0.5646067415730337
2,13,3,68,281,1468851.4656713754,68390438.89253695,55758067.89059109,227461103.6926512,82.2017799000023,0.5977011494252874
2,13,4,67,348,-2077015.6330967508,46161411.53441724,42817222.60917663,182269453.21849373,81.6267459000228,0.6134122287968442
2,13,5,65,413,-2077015.6330967508,33103813.104522046,39402580.06706702,162347105.17906725,65.21257559995865,0.6156583629893239
2,13,6,64,477,-2077015.6330967508,16436910.83587413,21513400.918269113,103210695.81893075,57.88834519998636,0.6241830065359477
2,13,7,63,540,-2077015.6330967508,10911913.931700699,13326677.691353228,58053498.20473631,41.99146600003587,0.628482972136223
2,13,8,62,602,-2077015.6330967508,6777410.782953787,9354625.616534729,45805793.25909035,42.03143319999799,0.6348973607038123
2,13,9,61,663,-3351468.311111983,6048692.30906545,8388721.275605727,38733321.754037045,55.32934749999549,0.6419753086419753
2,13,10,59,722,-3351468.311111983,4181618.285896438,5616520.008395836,19731406.21038695,36.1073012999841,0.6553524804177546
2,13,11,58,780,-3777850.09246495,2311311.206906443,5264101.633800383,17701353.94752437,39.0578705999651,0.6662515566625156
2,13,12,57,837,-3777850.09246495,2194227.5621376773,6343564.058647854,24924347.921531115,47.901136600004975,0.6796230859835101
2,13,13,56,893,-3777850.09246495,3726551.8395146537,7984501.244645465,31474038.278142102,51.66880060004769,0.6911111111111111
2,13,14,55,948,-3820380.3963460103,3648894.2965234476,7706125.495062311,27723293.227623034,46.633121499966364,0.7025316455696202
2,13,15,54,1002,-3820380.3963460103,1927326.0283550445,6142764.222226731,31530397.91975243,53.810593499976676,0.7144278606965174
2,13,16,53,1055,-3820380.3963460103,2810150.215504106,7502245.123628196,33816574.22721659,53.244567499961704,0.724007561436673
2,13,17,52,1107,-3820380.3963460103,1950778.5992779648,5693629.960129205,21826458.96985243,48.06222770002205,0.7333333333333333
2,13,18,51,1158,-3820380.3963460103,669749.8964248828,5149625.075196293,16652963.959898189,51.02647199999774,0.743127147766323
2,13,19,50,1208,-3820380.3963460103,754194.1375081012,6074530.87979548,24414011.862524875,47.677218099997845,0.7502054231717338
2,13,20,49,1257,-3820380.3963460103,1928182.0126964725,6748678.752532629,21598603.10204849,52.6412717999774,0.7547318611987381
2,13,21,48,1305,-3820380.3963460103,1822787.1946173876,6903639.283685624,25440770.353366323,45.471301200042944,0.7610015174506829
2,13,22,47,1352,-3820380.3963460103,1302927.584751966,7055800.660458574,29659911.32876065,47.24038090003887,0.7664233576642335
2,13,23,46,1398,-3844371.1136759147,694712.668986666,5123331.335108785,14428746.642530613,39.89730549999513,0.7731448763250883
2,13,24,46,1444,-3866059.466047626,1564722.4221735972,6235238.659983402,24125722.677283674,45.71443509997334,0.778839590443686
2,13,25,45,1489,-3866059.466047626,1797997.2730244657,6512252.515281878,22016685.00597797,40.06011590000708,0.7839628893306826
2,13,26,44,1533,-3866059.466047626,-1904775.2730131955,2021557.6078095608,4803572.0645281505,46.073723200010136,0.7905188981422165
2,13,27,43,1576,-3909144.4305006173,1508245.0904429287,7262581.0737834545,33020926.747401275,40.61720709997462,0.7942643391521197
2,13,28,42,1618,-3909144.4305006173,178812.56218570715,6270291.925991095,20599972.629439455,33.03167489997577,0.7992700729927007
2,13,29,41,1659,-3909144.4305006173,1585349.0245726316,7492826.841139985,30721546.250966772,39.65999630000442,0.8027251184834123
2,13,30,41,1700,-3920780.9325232245,278089.818174569,5256265.813277319,13140817.936889142,38.76614049996715,0.8071593533487298
2,13,31,40,1740,-3920780.9325232245,-2022274.713697565,2616311.1160667622,7230638.254321869,39.77427550003631,0.8108108108108109
2,13,32,39,1779,-3920780.9325232245,-1443309.305473298,4827039.516412606,19861162.6894523,38.52178309997544,0.8148351648351648
2,13,33,38,1817,-3920780.9325232245,-804446.631633987,4074445.5643052678,13549552.781111924,37.252928200003225,0.8182305630026809
2,13,34,38,1855,-3922031.682245506,-82391.03856141346,6254349.359355204,21588009.2623413,32.51469920005184,0.820997375328084
2,13,35,37,1892,-3944292.710616853,-543884.691066913,5163294.981727684,17890510.761285633,36.87091519997921,0.8238315356959425
2,13,36,36,1928,-3944292.710616853,-1235378.7922354485,4234322.111377798,15139104.569945952,35.3983352999785,0.8278112449799196
2,13,37,36,1964,-3944292.710616853,-1960104.878438664,2980317.9065168155,8758889.856831634,34.17954230000032,0.8303000491883915
2,13,38,35,1999,-3944292.710616853,-1957830.9039960345,3472078.4162295526,15247282.05137143,33.22837260004599,0.8328516377649325
2,13,39,34,2033,-3944292.710616853,-1050659.3171032753,5022595.212935152,21825124.989087045,32.89268799999263,0.8349101229895932
2,13,40,34,2067,-3944292.710616853,-972663.9279087612,5613449.596307665,19821002.376816534,31.67552810005145,0.8376623376623377
2,13,41,33,2100,-3944292.710616853,-2237573.079530242,3183508.518946903,11337172.719303042,29.63235379999969,0.8402366863905325
2,13,42,32,2132,-3944292.710616853,-345385.27291696635,5647601.904534707,18086654.133360952,28.77145450003445,0.8417749887942627
2,13,43,32,2164,-3946930.5568279754,-1038553.0523338282,4199313.424859959,11894046.00395213,26.666796200035606,0.8436395759717314
2,13,44,31,2195,-3951853.014493225,-2285085.9749945314,4631677.315575563,17604299.694571797,32.919688800000586,0.8447528187337381
2,13,45,31,2226,-3951853.014493225,-2099226.213327813,3122829.859234388,7958229.0163343325,33.79608850000659,0.8460554371002132
2,13,46,30,2256,-3951853.014493225,-2127022.9336340413,4604466.848191827,17830969.78336989,23.06325810000999,0.8478991596638655
2,13,47,29,2285,-3951853.014493225,-2488203.831631009,4617140.320093715,21236167.42754127,28.752308499999344,0.8494623655913979
2,13,48,29,2314,-3951853.014493225,-2215318.384968765,3795718.1060728244,10707725.067559147,28.55747950001387,0.85010183299389
2,13,49,28,2342,-3954906.53296081,-2288749.491444631,3135697.3976007057,7316929.533753423,21.58926119998796,0.8517476898352752
2,13,50,28,2370,-3954906.53296081,-1131374.201740721,5777538.348768161,22622255.495158076,30.67273260001093,0.852498017446471
2,13,51,27,2397,-3954906.53296081,-2812994.3559754123,3967266.42687405,17228720.74718023,28.14036949997535,0.853448275862069
2,13,52,27,2424,-3954906.53296081,-3170205.5256127375,1453417.4662159753,1660821.5673476532,24.70073779998347,0.8544328300425862
2,13,53,26,2450,-3954906.53296081,-3050645.3879506416,2358451.570595327,8070671.422235054,21.464436799986288,0.8552278820375335
2,13,54,26,2476,-3954906.53296081,-3006139.7648758995,1613045.3927157284,2007580.6376649179,24.408257799979765,0.8562239878925464
2,13,55,25,2501,-3960007.6827925667,-3784880.877876042,322107.04596971074,-2653218.934954418,22.154527899983805,0.8567688855646971
2,13,56,25,2526,-3960007.6827925667,-2930425.8979476523,2540584.7512839506,7786737.564023604,19.914910899999086,0.8582006664198445
2,13,57,24,2550,-3960112.42195173,-3875458.3262180374,183572.99215750187,-3200101.5058697164,17.905665199970827,0.8588709677419355
2,13,58,24,2574,-3960112.42195173,-3745092.2593949307,448980.65702576825,-2639069.0823206976,14.804735100013204,0.8601525608427171
2,13,59,23,2597,-3961810.6283607315,-3944602.1316708326,26056.426423682155,-3835900.930593036,8.992409500002395,0.8613112391930836
2,13,60,23,2620,-3961810.6283607315,-3948931.501507097,10514.033913909278,-3917745.5001709834,10.752515100000892,0.8624508753126117
2,13,61,23,2643,-3961962.6902510077,-3955394.6278755106,5133.078484433729,-3939881.775201233,7.299149899976328,0.8635719347980156
2,13,62,22,2665,-3962215.893945681,-3953588.894546947,7866.275114228999,-3934210.8757869415,10.15010050003184,0.8646272855133614
2,13,63,22,2687,-3962215.893945681,-3950135.044555053,15077.850327365577,-3895116.5562637746,10.42560560000129,0.8656664340544312
2,13,64,21,2708,-3962215.893945681,-3952686.9016204122,11153.489314861328,-3918144.234238332,4.381472299981397,0.8666435746449601
2,13,65,21,2729,-3962215.893945681,-3954703.990723271,8108.797577412546,-3933070.7550382726,7.259500099986326,0.8676066024759285
2,13,66,20,2749,-3962215.893945681,-3952853.468152851,15138.915209401126,-3911050.856122948,5.816007399989758,0.8685109289617486
2,13,67,20,2769,-3962347.065679405,-3954063.474926037,13189.874430277712,-3907198.3212833814,4.314039700024296,0.8694029850746269
2,13,68,20,2789,-3962347.065679405,-3954340.011102278,13798.181180936599,-3902434.418338392,4.662658500019461,0.8702830188679245
2,13,69,19,2808,-3962347.065679405,-3959537.877939818,3693.395786454806,-3946551.477906944,4.330437500029802,0.871108135252762
2,13,70,19,2827,-3962347.065679405,-3955831.423424193,17966.284248621312,-3880117.0096948873,7.986948199977633,0.8719228210246174
2,13,71,19,2846,-3962347.065679405,-3955219.3874280383,17348.828536951274,-3883960.2916461527,6.949914299999364,0.8727272727272727
2,13,72,18,2864,-3962347.065679405,-3959644.3666884857,2880.9943253026936,-3949913.1601599045,5.745628400007263,0.8734801183043049
2,13,73,18,2882,-3962347.065679405,-3958550.874368856,6020.786727243739,-3941432.4565829337,6.944296500005294,0.8742241097680497
2,13,74,18,2900,-3962382.5015745293,-3960682.6324397177,1668.2969009576157,-3956355.445739068,4.152556899993215,0.8749594024033778
2,13,75,17,2917,-3962382.5015745293,-3959962.168520108,5450.658379315463,-3938414.867424894,4.159554699959699,0.8756459948320413
2,13,76,17,2934,-3962420.179971032,-3961448.231200973,1256.9815075666713,-3957684.627668496,4.105768599954899,0.8763250883392226
2,13,77,17,2951,-3962420.179971032,-3960751.1088199266,2592.076209374565,-3952800.753279606,4.089056500000879,0.8769968051118211
2,13,78,16,2967,-3962420.179971032,-3960523.278344271,3048.1876630108795,-3951878.1572595015,3.4004550999961793,0.8776223776223776
2,13,79,16,2983,-3962420.179971032,-3961141.340193754,1956.1180900593515,-3956970.473936036,3.5172457000007853,0.8782416192283365
2,13,80,16,2999,-3962450.7703393493,-3961331.9521665107,2510.273892588091,-3952774.0881262366,3.437113700027112,0.8788546255506607
2,13,81,15,3014,-3962450.7703393493,-3960120.9576895637,4193.200164527773,-3946390.0620484464,3.0029030999867246,0.8794237394300032
2,13,82,15,3029,-3962450.7703393493,-3959105.8284624494,4857.862238625099,-3946074.180655243,3.4821931999758817,0.8799875311720698
2,13,83,15,3044,-3962450.7703393493,-3956195.2731829686,6854.336950330607,-3945587.8764788173,3.027921300032176,0.8805460750853242
2,13,84,15,3059,-3962450.7703393493,-3960163.4858966516,5439.427239131444,-3945890.8303496763,6.652242099982686,0.8810994441012971
2,13,85,14,3073,-3962450.7703393493,-3961065.6260443074,4307.736972030507,-3945541.605740702,2.6813436999800615,0.8816113161131611
2,13,86,14,3087,-3962450.7703393493,-3956494.423956822,9043.342331278163,-3933963.4199492056,3.3416148999822326,0.882118799755052
2,13,87,14,3101,-3962457.975139726,-3959353.9582489794,7574.8442869650935,-3936555.8406716026,3.2447438000235707,0.8826219512195121
2,13,88,13,3114,-3962457.975139726,-3960748.9114565155,4406.989531265727,-3946231.7620607316,2.815669900039211,0.8830853325235347
2,13,89,13,3127,-3962460.692767771,-3962383.594912202,79.5686347393596,-3962201.4888197035,2.9240793000208214,0.883545069570478
2,13,90,13,3140,-3962460.692767771,-3960761.175053139,4469.552828288828,-3946027.8789948393,3.1932127000181936,0.8840012051822839
2,13,91,13,3153,-3962469.3969764262,-3961486.591077635,2181.8530064839915,-3955670.5205251295,2.8862027000286616,0.884453781512605
2,13,92,12,3165,-3962469.3969764262,-3959248.87123479,5987.237564559024,-3946200.622639641,3.1101357999723405,0.8848684210526315
2,13,93,12,3177,-3962469.3969764262,-3960651.229699276,4624.718451289098,-3946049.821248535,2.745382100052666,0.885280095351609
2,13,94,12,3189,-3962473.246280553,-3961076.391087277,4539.4126492704945,-3946021.0508709718,3.1315367999486625,0.8856888361045131
2,13,95,12,3201,-3962473.246280553,-3960238.4021051438,4648.572292477277,-3946180.4281521607,3.0575345999677666,0.886094674556213
2,13,96,12,3213,-3962473.5221981686,-3961598.6985384473,1918.9781503177257,-3957304.128439296,2.796288499957882,0.886497641509434
2,13,97,11,3224,-3962474.511561999,-3960512.1589056435,4773.283183180696,-3946155.7162512336,2.7286915999720804,0.8868645312959154
2,13,98,11,3235,-3962474.659138752,-3961525.292805822,1996.2542685410724,-3957289.682507029,3.001550499990117,0.8872290568248389
2,13,99,11,3246,-3962474.659138752,-3961995.7506979913,1487.156581538584,-3957293.070701871,2.6462167999707162,0.8875912408759125
2,13,100,11,3257,-3962474.7999912687,-3961525.16950283,1997.4255672006518,-3957273.5503387656,5.675568100006785,0.8879511059371362
2,13,101,10,3267,-3962474.7999912687,-3962470.7636471814,4.414783302478283,-3962458.410913307,2.3693337000440806,0.8882762623331398
2,13,102,10,3277,-3962474.9897392374,-3961951.911808163,1554.9863666226772,-3957286.987294482,2.5496391999768093,0.8885995370370371
2,13,103,10,3287,-3962474.9897392374,-3961440.1902353703,2066.6197248696694,-3957304.074555207,2.592436400009319,0.8889209463358339
2,13,104,10,3297,-3962474.9897392374,-3960839.401723291,4896.8534345748985,-3946148.845928205,2.6341763000236824,0.8892405063291139
2,13,105,10,3307,-3962474.9897392374,-3961955.24258284,1545.81386745041,-3957317.8336136937,2.636180500034243,0.8895582329317269
2,13,106,10,3317,-3962474.9897416085,-3961437.1802727254,2069.342863762632,-3957296.033610001,3.0260181999765337,0.8898741418764302
2,13,107,9,3326,-3962474.9897416085,-3961899.250028231,1626.367165565982,-3957299.1891964525,2.553715599991847,0.8901569186875892
2,13,108,9,3335,-3962474.9897416085,-3958936.1812190763,5098.819109526039,-3946154.5999719966,2.5553634999669157,0.8904382470119522
2,13,109,9,3344,-3962475.0674568694,-3959512.0840792377,5172.3352529916365,-3946155.8107604254,2.529888499993831,0.8907181379506103
2,13,110,9,3353,-3962475.0674568694,-3960087.0304356823,5182.73246323447,-3946153.1261817235,2.52256790001411,0.8909966024915063
2,13,111,9,3362,-3962475.0674568694,-3962472.032613898,7.770516774130107,-3962450.064135857,2.499705600028392,0.8912736515108727
2,13,112,8,3370,-3962475.0674568694,-3958395.046554698,7065.966170386849,-3946155.901815364,1.841240000037942,0.8915187376725838
2,13,113,8,3378,-3962475.313690126,-3958394.2640871108,7067.633152486935,-3946150.0944259614,1.547065399994608,0.8917627213944335
2,13,114,8,3386,-3962475.3143355306,-3962474.640343917,0.5017399057140295,-3962473.5761155393,1.5718481999938376,0.8920056100981767
2,13,115,8,3394,-3962475.3143355306,-3962474.8048497587,0.2114318628055572,-3962474.375609763,1.9330738999997266,0.8922474111390988
2,13,116,8,3402,-3962475.3143355306,-3962474.933825335,0.17902026464046003,-3962474.5416067094,1.8396147000021301,0.8924881318067579
2,13,117,8,3410,-3962475.3143355306,-3962474.916773917,0.3655679536671861,-3962474.039139621,1.8809359000297263,0.8927277793257175
2,13,118,8,3418,-3962475.3143355306,-3962474.917486653,0.270792308113617,-3962474.384561587,1.8252528999582864,0.8929663608562691
2,13,119,7,3425,-3962475.3143355306,-3962474.6316511417,0.40140367629929824,-3962473.86174256,1.7544731000089087,0.8931742508324084
2,13,120,7,3432,-3962475.3143355306,-3962474.8024158846,0.4584976105392888,-3962473.739026703,1.4458740999689326,0.8933813348103019
2,13,121,7,3439,-3962475.4782682825,-3962474.6709642312,0.6309976212161921,-3962473.5478661302,1.7880816999822855,0.8935876174682145
2,13,122,7,3446,-3962475.4782682825,-3962474.4549411363,0.4550949864272205,-3962473.517958084,1.4308319999836385,0.8937931034482759
2,13,123,7,3453,-3962475.4950241316,-3962474.9189920095,0.41066984130656614,-3962474.2497328892,1.8401987999677658,0.8939977973568282
2,13,124,7,3460,-3962475.527007187,-3962474.8029400297,0.744238373459304,-3962473.094794657,1.4631275000283495,0.8942017037647706
2,13,125,7,3467,-3962475.527007187,-3962474.734321722,0.6724840971219126,-3962473.54163504,1.8321503000333905,0.894404827207899
2,13,126,7,3474,-3962475.527007187,-3962474.579843166,0.5983058771271885,-3962473.4952691905,1.451140499964822,0.8946071721872434
2,13,127,6,3480,-3962475.527007187,-3962474.881817074,0.2626009946370197,-3962474.3388380874,1.3765260999789461,0.8947799945340257
2,13,128,6,3486,-3962475.527007187,-3962474.704048606,0.2825809989737148,-3962474.1549094915,1.766543899953831,0.8949522510231923
2,13,129,6,3492,-3962475.527007187,-3962474.6488789916,0.530127403444884,-3962473.515901806,1.6864470000145957,0.8951239444293109
2,13,130,6,3498,-3962475.527007187,-3962474.9408568335,0.3124433828258159,-3962474.6011312306,1.3569638000335544,0.8952950775088387
2,13,131,6,3504,-3962475.527007187,-3962474.610209286,0.31976964070442887,-3962474.34722309,1.3709146000328474,0.8954656530002715
2,13,132,6,3510,-3962475.527007187,-3962474.951387286,0.4084631280892741,-3962474.52669172,1.692712800053414,0.8956356736242884
2,13,133,6,3516,-3962475.527007187,-3961612.040627774,1929.3292429041023,-3957297.929312816,1.3417024999507703,0.8958051420838972
2,13,134,6,3522,-3962475.527007187,-3961612.6724388734,1928.3828616569242,-3957300.677371165,1.6868675000150688,0.8959740610645771
2,13,135,5,3527,-3962475.527007187,-3962474.6229822994,0.7634404537893557,-3962473.7429883145,1.5996054999995977,0.8961144090663788
2,13,136,5,3532,-3962475.527007187,-3962474.5771928728,0.787061133346211,-3962473.5918602273,1.2543351000058465,0.8962543788736189
2,13,137,5,3537,-3962475.527007187,-3962474.696419281,0.6991237858920167,-3962473.452071594,1.2858891999931075,0.8963939720129172
2,13,138,5,3542,-3962475.527007187,-3962475.087693341,0.39200648447274516,-3962474.6108191498,1.2805862000095658,0.8965331900026875
2,13,139,5,3547,-3962475.527007187,-3962474.769904436,0.3935717615542538,-3962474.3347625528,1.6376340999850072,0.8966720343531938
2,13,140,5,3552,-3962475.5939082056,-3962475.2936215997,0.2830496110968811,-3962474.9214001596,1.2563655999838375,0.8968105065666041
2,13,141,5,3557,-3962475.594065834,-3962475.0730155,0.44998565157307185,-3962474.543495465,1.6177559000207111,0.896948608137045
2,13,142,5,3562,-3962475.594065834,-3962475.02453483,0.46825482022325987,-3962474.279690275,1.2495247999904677,0.897086340550655
2,13,143,5,3567,-3962475.594065834,-3962474.8944928586,0.5253151590220843,-3962474.226104604,1.2762556000379845,0.897223705285638
2,13,144,5,3572,-3962475.5995452963,-3962474.6712285667,0.5649558990665734,-3962473.907411419,1.6149778000544757,0.8973607038123167
2,13,145,5,3577,-3962475.5995452963,-3961439.9880194264,2070.2008077362143,-3957299.5864349417,1.26493299996946,0.8974973375931843
2,13,146,4,3581,-3962475.5995452963,-3962474.8292393894,0.40067107645103645,-3962474.5367467385,1.5545378000242636,0.8976063829787234
2,13,147,4,3585,-3962475.5995452963,-3962474.939797915,0.782732429249583,-3962473.6135234106,1.531327800010331,0.8977151965993624
2,13,148,4,3589,-3962475.5995452963,-3962474.989695804,0.5854615648893418,-3962474.100049522,1.1678096000105143,0.897823779193206
2,13,149,4,3593,-3962475.5995452963,-3962474.7882992895,0.733784903400878,-3962473.9985697493,1.2118321000016294,0.897932131495228
2,13,150,4,3597,-3962475.6007986665,-3962475.318513052,0.39970002676907346,-3962474.6284350604,1.2126786999870092,0.8980402542372882
2,14,0,72,72,31797233.451890722,215468188.88719362,108864527.55501927,454619187.2093123,143.0129854999832,0.5625
2,14,1,72,144,7508150.1186312195,175642467.54994154,107885324.53403008,459637784.8465796,123.56246749998536,0.6039215686274509
2,14,2,69,213,3115898.0608102754,125274084.14305101,83116617.38097025,366518636.41173756,111.38196600001538,0.6109589041095891
2,14,3,68,281,3115898.06079729,74837131.92861776,67008764.25306324,269117691.13939506,93.53607510001166,0.6211453744493393
2,14,4,67,348,-401311.1956391558,48491393.44469286,48396734.26075763,192685680.80433244,88.10646979999729,0.6139359698681732
2,14,5,65,413,-401311.1956391558,33183829.290315606,38886424.65519815,171302853.2031604,70.5582930999808,0.628140703517588
2,14,6,64,477,-1354600.2871016692,20799840.12031559,26341546.572300415,101997429.46561019,63.28906010003993,0.6417682926829268
2,14,7,63,540,-2147716.6424625125,13547695.440958032,19955269.054918725,91892856.8793838,61.09475960000418,0.6569037656903766
2,14,8,62,602,-2147716.6424625125,9388798.19445006,12723948.573393706,53892933.39545144,61.99234910000814,0.6688227684346701
2,14,9,61,663,-2489286.3392701913,9238987.443829933,11007421.537519097,53760115.362807095,59.41351990000112,0.6782713085234093
2,14,10,59,722,-2489286.3392701913,5614714.5139819,7324307.812724318,32310848.692175433,60.465209100046195,0.6860986547085202
2,14,11,58,780,-3405265.1752687283,3912729.77766618,6309843.57547179,25302666.09607646,53.76451680000173,0.6962025316455697
2,14,12,57,837,-3405265.1752687283,3331016.991426988,5839187.421561266,22064374.063029915,55.1332407000009,0.7028913260219342
2,14,13,56,893,-3405265.1752687283,3882087.556912213,7592688.919836237,31674386.490826838,53.03879229997983,0.7099526066350711
2,14,14,55,948,-3572913.347132366,2053985.7172263036,4887673.567342537,16854948.218955155,53.43887309997808,0.7224709042076992
2,14,15,54,1002,-3831608.0260975864,469293.0389182117,4162925.4438294726,17458857.618212976,50.34271029999945,0.7362171331636981
2,14,16,53,1055,-3831608.0260975864,1043127.1800608656,5590308.290552374,23903594.9212109,54.23941089998698,0.7489943684633951
2,14,17,52,1107,-3831608.0260975864,1753317.7491130722,6126517.902572225,23572205.19499186,51.19339810003294,0.7586471944657955
2,14,18,51,1158,-3831608.0260975864,1617874.515438985,5623926.883076543,19601217.983764395,51.4917574999854,0.7662241887905604
2,14,19,50,1208,-3831608.0260975864,110575.45779278601,3776978.144080118,11116815.680758646,52.503042299998924,0.7762139338494018
2,14,20,49,1257,-3831608.0260975864,873818.793512639,5546251.018126989,17968483.968362853,52.07209139998304,0.7816091954022989
2,14,21,48,1305,-3831608.0260975864,799800.2501586536,6192477.940634715,31357921.318853565,49.890059700002894,0.7891997397527651
2,14,22,47,1352,-3831608.0260975864,-500268.90621681244,4525534.030868405,18900973.84711496,46.13028399995528,0.7949685534591195
2,14,23,46,1398,-3852522.848258769,767023.4422983713,5978297.307113909,19984817.60134826,42.605174399970565,0.8014616321559074
2,14,24,46,1444,-3860580.8048675284,-550364.8805879712,3696119.9829433523,11713633.232316706,47.484715300030075,0.8064705882352942
2,14,25,45,1489,-3945050.6147817317,-462521.00935787085,4270905.730657014,10730756.925220616,48.047555800003465,0.8118586088939567
2,14,26,44,1533,-3945050.6147817317,-1493845.0869097328,4017922.7081696535,21076305.759132992,48.77810259995749,0.8165745856353591
2,14,27,43,1576,-3945050.6147817317,281705.7306210846,5976580.718372143,19050750.282059014,37.52034879999701,0.821505376344086
2,14,28,42,1618,-3945050.6147817317,-1505229.0221156538,3653933.510721742,10393902.087859575,46.425964800000656,0.8235602094240838
2,14,29,41,1659,-3956276.863781426,-1191361.034556274,4028652.3442453616,11869955.362307765,43.11187029996654,0.8251533742331288
2,14,30,41,1700,-3956276.863781426,-1534337.2523967437,3356005.380241556,11590742.305591954,39.84179130004486,0.8285144566301097
2,14,31,40,1740,-3956276.863781426,-973764.2793983526,6310826.768251275,34615051.79142943,44.872066400013864,0.8312256809338522
2,14,32,39,1779,-3956276.863781426,-1985362.5427354586,3681353.892249519,11473180.200370323,38.54633990000002,0.8344433872502379
2,14,33,38,1817,-3956276.863781426,-2210697.0986111537,2974623.2344446606,11322081.579347806,39.74992850003764,0.8363551836355184
2,14,34,38,1855,-3956276.863781426,-2509894.9279699936,3602202.514848759,12568031.043817885,42.480415099998936,0.8383287920072662
2,14,35,37,1892,-3956276.863781426,-2890317.964042381,1831537.2675829094,6933209.512002265,43.32252200000221,0.84
2,14,36,36,1928,-3956276.863781426,-3000816.8664730084,1951570.8367227986,5753236.752340155,38.08017109998036,0.8413943355119826
2,14,37,36,1964,-3956276.863781426,-3310166.8138131755,1004460.7462315314,510443.2207618589,46.37074579996988,0.8417910447761194
2,14,38,35,1999,-3956276.863781426,-3743392.4258265304,198148.27449553838,-3184814.446179528,45.36529950000113,0.8408521303258145
2,14,39,34,2033,-3956276.863781426,-3721665.2215651763,316376.28527432046,-2260691.360847246,43.39373509999132,0.8398197460057354
2,14,40,34,2067,-3956276.863781426,-3678321.5184680726,378497.68773527886,-2328561.307078764,42.198306899983436,0.8395012067578439
2,14,41,33,2100,-3958549.2597203907,-3797988.473319937,265079.8122330319,-2451880.5652226433,35.63585000002058,0.8397943037974683
2,14,42,32,2132,-3960813.2993121985,-3832433.8021852747,186929.31569876202,-2930160.8334116805,34.58602039999096,0.839501363459291
2,14,43,32,2164,-3960813.2993121985,-3830814.14420279,293361.0925029909,-2262269.3253070116,36.49636730004568,0.838957055214724
2,14,44,31,2195,-3960813.2993121985,-3724393.7366887014,825203.3923106497,741793.3712740988,31.5855110999546,0.8386243386243386
2,14,45,31,2226,-3960813.2993121985,-3852187.1040252885,232015.52435768142,-2784476.325923411,30.431692599959206,0.8386134923592993
2,14,46,30,2256,-3960813.2993121985,-3900855.79571791,63958.95660275621,-3715796.012614073,29.14545569999609,0.838543582199338
2,14,47,29,2285,-3960813.2993121985,-3895039.0751842046,172163.4560423337,-2997990.253667768,26.808739500003867,0.8387213948419906
2,14,48,29,2314,-3960813.2993121985,-3923348.6946652285,24874.34917188224,-3852724.8646217044,23.78791050001746,0.8388948690348045
2,14,49,28,2342,-3960813.2993121985,-3928576.1956203277,26315.60725544018,-3855511.9908540566,29.12370259995805,0.8387096774193549
2,14,50,28,2370,-3961669.4873482473,-3925448.325006028,50226.35389160224,-3718537.9445318654,20.68951769999694,0.8391167192429022
2,14,51,27,2397,-3961669.4873482473,-3937402.362907276,23886.84560606487,-3865462.29055555,20.061723899969365,0.8397502601456815
2,14,52,27,2424,-3961669.4873482473,-3936494.508101218,24082.73696019099,-3847437.862958595,22.766398500010837,0.8400823610157858
2,14,53,26,2450,-3961743.732895786,-3944988.7907832987,14085.893854232492,-3893082.4371560924,19.290647200017702,0.840924541128484
2,14,54,26,2476,-3961743.732895786,-3943256.421212705,25596.49715285881,-3833731.2591899224,18.83582390000811,0.8417508417508418
2,14,55,25,2501,-3961743.732895786,-3948139.666465102,10265.46635712487,-3918561.366471015,12.494234499987215,0.8430717863105175
2,14,56,25,2526,-3961818.552684393,-3950432.6090910556,10933.962357069382,-3916021.618895987,18.22040689998539,0.8432539682539683
2,14,57,24,2550,-3961818.552684393,-3947323.795242984,13116.103924670888,-3917696.3373521008,20.905142899951898,0.8433813892529489
2,14,58,24,2574,-3961818.552684393,-3952403.0389097347,8692.059437724884,-3933315.632565839,15.208670800027903,0.8440545808966862
2,14,59,23,2597,-3962281.220214082,-3951137.7900974154,12773.288142338291,-3910707.2583736517,14.789375199994538,0.8449387491940683
2,14,60,23,2620,-3962281.220214082,-3949569.906852543,14508.757060638392,-3904413.1652618516,6.918169800017495,0.84608
2,14,61,23,2643,-3962281.220214082,-3951626.707879581,23302.78540212992,-3848929.8356811926,9.416318200004753,0.8472045743329097
2,14,62,22,2665,-3962310.8139690068,-3952559.292124802,14313.622348264664,-3916449.104710985,6.989274399995338,0.8482649842271294
2,14,63,22,2687,-3962310.8139690068,-3953060.656225817,11540.985173621588,-3915747.0798835326,4.718209900020156,0.8493107769423559
2,14,64,21,2708,-3962310.8139690068,-3956358.7497818926,8908.026531922953,-3932778.7618112173,4.439644000027329,0.8502956738250856
2,14,65,21,2729,-3962406.9037652537,-3958242.1665329123,7171.949464214988,-3934376.353293225,4.439028799999505,0.8512677798392084
2,14,66,20,2749,-3962406.9037652537,-3958641.0413019573,6220.6166953600095,-3939910.0632612333,4.6989105999819,0.852181929932391
2,14,67,20,2769,-3962406.9037652537,-3958896.6386380894,6064.44149348139,-3941737.4872268606,5.976565900025889,0.8530849114233354
2,14,68,20,2789,-3962443.995081609,-3960725.137761131,2269.6332973080353,-3955619.056037184,7.934708299988415,0.8539769277474195
2,14,69,19,2808,-3962462.384505123,-3960979.546697856,1880.8081553098198,-3956795.433267791,7.0242678000358865,0.85481436764262
2,14,70,19,2827,-3962471.7818990443,-3960912.9107260006,2238.306469718039,-3955106.457855778,4.2942855000146665,0.8556422569027611
2,14,71,19,2846,-3962471.7818990443,-3960781.9145816085,2295.724396164497,-3955531.430282671,6.789541199977975,0.8564607579826917
2,14,72,18,2864,-3962471.7818990443,-3961137.2953226385,2139.5132831433957,-3956666.668910308,3.933248299988918,0.8572276639952509
2,14,73,18,2882,-3962471.7818990443,-3960439.6300009917,2460.8578683440046,-3955749.0639791917,4.190018599969335,0.8579864186595807
2,14,74,18,2900,-3962471.7818990443,-3960534.6060798606,2470.3940233929725,-3956422.9427168705,4.217710700002499,0.8587371512481644
2,14,75,17,2917,-3962471.7818990443,-3961052.004469976,2292.9477172526363,-3955944.700036673,4.178431900043506,0.8594389246054939
2,14,76,17,2934,-3962471.7818990443,-3961315.3815069725,2028.9722978309478,-3956356.1477609705,4.057530499994755,0.8601337598138994
2,14,77,17,2951,-3962471.7818990443,-3961370.1110205054,2028.0338210663142,-3956454.0724288337,4.09872309997445,0.8608217592592593
2,14,78,16,2967,-3962472.5740698148,-3961702.880571331,1685.6764356643685,-3957241.228646787,3.4185636999900453,0.861463133640553
2,14,79,16,2983,-3962472.978480419,-3961139.2453897474,1979.296487370452,-3956844.3500825223,3.43161740002688,0.862098623853211
2,14,80,16,2999,-3962472.978480419,-3962020.907530796,1241.8119920205738,-3957247.303617401,3.423300099966582,0.8627283105022832
2,14,81,15,3014,-3962472.978480419,-3961730.772660675,1748.7915279921258,-3957254.0144773778,3.384377900045365,0.8633134413185564
2,14,82,15,3029,-3962473.1032081414,-3962424.237479891,35.95735708220629,-3962365.989430705,3.317032699997071,0.8638936049801924
2,14,83,15,3044,-3962473.1032081414,-3962411.0338278273,55.78948505280273,-3962274.5400584545,3.028526799986139,0.8644688644688645
2,14,84,15,3059,-3962473.1032081414,-3962037.1163076675,1274.4199906734623,-3957279.562343035,3.3421399999642745,0.8650392817059483
2,14,85,14,3073,-3962473.1032081414,-3960849.330429,4320.499125681496,-3946008.315324705,2.9594079999951646,0.8655673560648407
2,14,86,14,3087,-3962473.6252884064,-3962046.9251218066,1326.790542914882,-3957271.7769527324,2.9801501999609172,0.8660913140311804
2,14,87,14,3101,-3962473.6252884064,-3961326.4221434346,2107.2789966256355,-3957268.399266852,3.3136646999628283,0.8666112035496395
2,14,88,13,3114,-3962474.1198955327,-3961260.2050438477,2177.4119835419137,-3957269.729556242,2.8003088000114076,0.8670903564520586
2,14,89,13,3127,-3962474.5406824723,-3961663.580610191,1869.0039178117042,-3957264.0461428575,2.9223975999630056,0.8675660792951542
2,14,90,13,3140,-3962474.5406824723,-3961180.7533974657,4341.43422014434,-3946143.2573921643,2.872040999995079,0.8680384087791495
2,14,91,13,3153,-3962474.61826062,-3959950.748985927,5876.671516984339,-3946165.6988719422,6.429132900026161,0.8685073810825588
2,14,92,12,3165,-3962474.61826062,-3962440.19073814,70.77248963299938,-3962281.29570638,2.4165487000136636,0.8689373297002725
2,14,93,12,3177,-3962474.807612773,-3960657.2819932066,4594.585988301911,-3946160.3126091883,2.783370500023011,0.8693644758283542
2,14,94,12,3189,-3962474.807612773,-3960310.4020715705,2548.489268102346,-3957290.837085815,3.1333874000119977,0.8697888467785598
2,14,95,12,3201,-3962474.807612773,-3960742.484716957,2436.291775420506,-3957292.4453483336,3.0966857000021264,0.8702104695089045
2,14,96,12,3213,-3962474.807612773,-3961169.4935997836,2240.362227242695,-3957287.7938749753,2.7707405000110157,0.8706293706293706
2,14,97,11,3224,-3962474.807612773,-3961064.1202321197,2302.2218653804352,-3957299.6417841185,2.6703810999752022,0.8710109949048002
2,14,98,11,3235,-3962474.807612773,-3962473.4414131166,0.7845168176873332,-3962471.538118731,3.057984199956991,0.8713903743315508
2,14,99,11,3246,-3962474.807612773,-3961996.1537472676,1486.8854702511649,-3957294.585443739,2.700329300016165,0.8717675286590243
2,14,100,11,3257,-3962474.807612773,-3961059.1920109526,2302.801824100094,-3957294.6904940642,2.687397600035183,0.8721424774056353
2,14,101,10,3267,-3962474.807612773,-3962471.4604441,6.777147978055351,-3962451.2209199388,2.598496199992951,0.8724814422057264
2,14,102,10,3277,-3962474.807612773,-3962473.316303566,1.6525377984733518,-3962470.2186907735,2.93220660003135,0.872818614489688
2,14,103,10,3287,-3962474.807612773,-3962469.039232829,15.707333777779969,-3962421.936094422,2.5415065999841318,0.8731540084388185
2,14,104,10,3297,-3962474.807612773,-3961434.96186748,2069.247486406193,-3957292.333545085,2.6404347999487072,0.8734876380852183
2,14,105,10,3307,-3962474.807612773,-3960922.224813764,2371.1891584283317,-3957295.1120056957,2.6576065000263043,0.8738195173137461
2,14,106,10,3317,-3962474.807612773,-3961439.872381799,2068.9094320564764,-3957300.503325073,2.966741300013382,0.8741496598639455
2,14,107,9,3326,-3962475.0388578344,-3962474.516172058,0.4621837878508759,-3962473.567105636,2.580493599991314,0.8744453145392848
2,14,108,9,3335,-3962475.0388578344,-3962473.9533990216,0.9405425816535721,-3962471.587134689,2.5068931999849156,0.8747395833333333
2,14,109,9,3344,-3962475.0388578344,-3961900.411052772,1624.3594264696846,-3957306.028831791,2.4740418999572285,0.8750324759677839
2,14,110,9,3353,-3962475.068608336,-3962474.2340785316,1.0054125212212628,-3962472.2869371437,2.5180500999558717,0.8753240020736133
2,14,111,9,3362,-3962475.285306096,-3960750.3439974966,2438.307514636519,-3957298.7688898463,2.836129200004507,0.8756141711921386
2,14,112,8,3370,-3962475.285306096,-3960533.9762943885,2505.0003569260803,-3957299.469678374,1.4212032000068575,0.8758709677419355
2,14,113,8,3378,-3962475.285306096,-3961827.883349699,1710.8872702626231,-3957301.301190827,1.9108832000056282,0.8761267061550347
2,14,114,8,3386,-3962475.285306096,-3962474.7385841683,0.30112260088849807,-3962473.993676994,1.8936823999974877,0.8763813929581085
2,14,115,8,3394,-3962475.285306096,-3961181.7060948233,2239.4594431986693,-3957299.390871411,1.8368028000113554,0.8766350346242626
2,14,116,8,3402,-3962475.285306096,-3961827.2949719867,1712.2098158335702,-3957297.2140953895,1.915179600007832,0.8768876375735859
2,14,117,8,3410,-3962475.285306096,-3961828.4588978775,1709.422622500319,-3957305.751988396,1.8796983000356704,0.877139208173691
2,14,118,8,3418,-3962475.285306096,-3961181.4645112613,2240.161656731482,-3957301.2184747383,1.9159081000252627,0.8773897527402498
2,14,119,7,3425,-3962475.285306096,-3961735.548133073,1810.8450527919845,-3957299.901798928,1.7600090999621898,0.8776081424936387
2,14,120,7,3432,-3962475.285306096,-3960996.5797975427,2336.2406192988556,-3957301.7930040676,1.4421984999789856,0.8778257556515113
2,14,121,7,3439,-3962475.285306096,-3961735.7005360937,1810.360736227896,-3957301.240543999,1.4740267000161111,0.8780425963488844
2,14,122,7,3446,-3962475.41536483,-3961735.78212395,1810.4205184793643,-3957301.1757139135,1.810485600028187,0.8782586686914705
2,14,123,7,3453,-3962475.4253371377,-3962474.8893326744,0.3324289494949435,-3962474.4889420047,1.4441027999855578,0.8784739767559373
2,14,124,7,3460,-3962475.4253371377,-3962474.64129836,0.40243654782606225,-3962474.046274543,1.4675158000318334,0.8786885245901639
2,14,125,7,3467,-3962475.4253371377,-3962474.636896211,0.41852298486179496,-3962474.1249741726,1.7896070000133477,0.8789023162134945
2,14,126,7,3474,-3962475.4253371377,-3962474.3395057577,0.8803279351038608,-3962472.3357796296,1.7501351999817416,0.8791153556169892
2,14,127,6,3480,-3962475.426967917,-3961613.247319426,1926.7626600869687,-3957304.87511662,1.359184400003869,0.879297365119197
2,14,128,6,3486,-3962475.426967917,-3959888.0064553297,2586.743436017482,-3957298.1229136437,1.3699438000330701,0.8794788273615635
2,14,129,6,3492,-3962475.426967917,-3962474.184290269,1.0669851431382136,-3962472.2171327528,1.7434385999804363,0.8796597448086064
2,14,130,6,3498,-3962475.426967917,-3961611.6093440675,1928.5265817852173,-3957299.2932424154,1.713535699993372,0.8798401199100675
2,14,131,6,3504,-3962475.426967917,-3962475.002016705,0.3677683255478173,-3962474.4214166813,1.3564535000477917,0.8800199551010227
2,14,132,6,3510,-3962475.426967917,-3962474.7179515385,0.6317915179505809,-3962473.7005247083,1.372280600015074,0.8801992528019925
2,14,133,6,3516,-3962475.4271919075,-3960750.4494306855,2438.721968887428,-3957299.3394416645,1.7106628000037745,0.88037801541905
2,14,134,6,3522,-3962475.4443177544,-3962475.0797279463,0.46350572934979634,-3962474.3329045866,1.3523627999820746,0.8805562453439285
2,14,135,5,3527,-3962475.4443177544,-3962475.077900549,0.4364720052762938,-3962474.4215959404,1.2835017000325024,0.8807043650793651
2,14,136,5,3532,-3962475.444331713,-3962475.126088982,0.3596211157046132,-3962474.544427948,1.279317100008484,0.8808521179093386
2,14,137,5,3537,-3962475.4445869643,-3962475.4128413117,0.05486780900312114,-3962475.3033423983,1.622583799995482,0.8809995051954478
2,14,138,5,3542,-3962475.4445869643,-3960404.8807617263,2535.7326945392933,-3957298.9155170433,1.5859099999652244,0.8811465282925623
2,14,139,5,3547,-3962475.4445869643,-3961439.9938368215,2070.1601436870947,-3957299.6736032665,1.5918734999722801,0.8812931885488647
2,14,140,5,3552,-3962475.4445869643,-3962475.1972157406,0.2243029636525697,-3962474.8681587037,1.597991299990099,0.8814394873058911
2,14,141,5,3557,-3962475.445400052,-3961440.000315038,2070.166701694223,-3957299.6669700127,1.2547328000073321,0.8815854258985721
2,14,142,5,3562,-3962475.445400052,-3962474.773842244,0.6275013613630256,-3962473.9288421925,1.2855345000280067,0.8817310056552742
2,14,143,5,3567,-3962475.447532907,-3962475.3696761653,0.14686249726801773,-3962475.076036077,1.284771799982991,0.8818762278978389
2,14,144,5,3572,-3962475.447532907,-3962474.956944051,0.4040507832748799,-3962474.498777801,1.2862638999940827,0.8820210939416238
2,14,145,5,3577,-3962475.447532907,-3962474.664244076,0.8523210447331583,-3962473.1535844617,1.2788690999732353,0.8821656050955414
2,14,146,4,3581,-3962475.447532907,-3962475.2846844792,0.24904282274480533,-3962474.854455812,1.6240532000083476,0.8822809593734704
2,14,147,4,3585,-3962475.449473124,-3962475.1921178577,0.4302363050382038,-3962474.447010301,1.208281299972441,0.8823960880195599
2,14,148,4,3589,-3962475.449473124,-3962475.4436313272,0.0027354539035795416,-3962475.4411883038,1.2168471000040881,0.8825109916951637
2,14,149,4,3593,-3962475.457091186,-3962475.0933443424,0.6131942417269157,-3962474.0313267987,1.2076300000189804,0.8826256710590532
2,14,150,4,3597,-3962475.457091186,-3962475.443744013,0.004678644079126189,-3962475.43849501,1.5422991000232287,0.8827401267674305
2,15,0,72,72,2517100.076146934,191817786.4437934,102820801.82519072,429336477.1614256,137.65629780001473,0.5859375
2,15,1,72,144,2517100.076146934,173152062.76594216,100170533.54333974,398956378.5794637,119.59765989996959,0.6472868217054264
2,15,2,69,213,369403.62471358664,108124904.25363141,84764875.30725943,311565572.22362494,106.7854661999736,0.6547945205479452
2,15,3,68,281,369403.62471358664,61669434.99319739,56311649.179547995,235889850.5492603,91.33569570002146,0.6703056768558951
2,15,4,67,348,369403.62471358664,38261514.50151302,45266451.9748078,226467832.7612871,82.0165188999963,0.6654205607476635
2,15,5,65,413,-133722.00552225858,19746885.54185077,20027513.248158548,100326072.93207012,59.09148190001724,0.6789915966386555
2,15,6,64,477,-1073313.044469729,8728637.437509382,9265019.134989278,46186053.93368904,55.87590430001728,0.6832298136645962
2,15,7,63,540,-2220411.3201257847,8572368.471993465,12860952.228389801,88673149.38588353,45.6290853000246,0.6896046852122987
2,15,8,62,602,-3530568.7783690076,5979850.377227879,6885699.021913728,31273580.721371166,53.51133139996091,0.7016348773841962
2,15,9,61,663,-3530568.7783690076,3619830.5559143266,4872874.070088606,21862095.743664958,48.61712269997224,0.7128205128205128
2,15,10,59,722,-3530568.7783690076,3347350.1363684675,6415822.759053231,27895488.2433771,54.11324929998955,0.7228915662650602
2,15,11,58,780,-3530568.7783690076,2056849.0270788989,5489406.642450912,22921865.549952187,60.58525449997978,0.7291196388261851
2,15,12,57,837,-3624892.7901527565,1214701.7279214417,4592075.954115346,15975139.823164195,48.48014319996582,0.7430997876857749
2,15,13,56,893,-3624892.7901527565,3470894.5637733066,6279432.018019828,21492001.558213674,56.856790699996054,0.7524950099800399
2,15,14,55,948,-3624892.7901527565,1877241.7566869783,5603579.76267195,24222061.996760834,56.849498600000516,0.7596606974552309
2,15,15,54,1002,-3624892.7901527565,1421936.5128317948,5123473.001525825,16610422.496377503,53.82892570004333,0.7713523131672598
2,15,16,53,1055,-3624892.7901527565,3253553.412963651,7026425.875613242,21637612.422151286,46.720050500007346,0.7797619047619048
2,15,17,52,1107,-3641002.1971420124,130242.22684374591,4239327.810129868,13269027.261416508,52.425680199987255,0.784727863525589
2,15,18,51,1158,-3826321.286283333,1121791.9036739352,5384540.624760825,25693679.754101295,49.98853420000523,0.7911145752143414
2,15,19,50,1208,-3826321.286283333,1176193.8167635645,5696280.154167649,17938575.667433057,47.266573300003074,0.7991038088125467
2,15,20,49,1257,-3831476.989938518,304163.132731343,5148287.645113528,19298828.433386803,46.58284540002933,0.8047379755922469
2,15,21,48,1305,-3831476.989938518,227369.24215561245,5067637.152627481,18545438.604481436,53.13060179998865,0.8089655172413793
2,15,22,47,1352,-3831476.989938518,340387.25056168117,5259806.23007756,16441908.965522049,47.49275189999025,0.8155275381552753
2,15,23,46,1398,-3886186.8782559577,-992327.7138002531,4592258.852223987,21818127.25347595,50.25743830000283,0.821611253196931
2,15,24,46,1444,-3898587.7551243994,709277.6844369537,5763279.774776557,19626409.131178334,52.94891719997395,0.824799506477483
2,15,25,45,1489,-3898587.7551243994,1622841.1003287667,7305631.507430904,29338531.682116017,45.034117799950764,0.8256440982624326
2,15,26,44,1533,-3898587.7551243994,695328.9180717597,5181420.611210798,17750090.0983009,44.753696399973705,0.827906976744186
2,15,27,43,1576,-3898587.7551305275,924420.4285601251,6692152.2946377555,23838776.54501089,40.12844130001031,0.831728045325779
2,15,28,42,1618,-3898587.7551305275,-336699.8426906544,6030083.671994266,30555832.336377062,45.90112090000184,0.8354430379746836
2,15,29,41,1659,-3898587.7551305275,-817230.0627223282,3716755.105190603,11243431.746546425,42.594492200005334,0.838865096359743
2,15,30,41,1700,-3918366.762044186,-1504852.0790698202,2663895.342750818,5494093.539154278,42.79034139995929,0.8426263678999479
2,15,31,40,1740,-3918366.762044186,-801918.8105448004,4074922.9532126863,12823355.209231658,43.503710000019055,0.8460365853658537
2,15,32,39,1779,-3918366.762044186,-1752757.2540646195,3166877.631191184,11847265.627264418,41.419878699991386,0.8489816194734228
2,15,33,38,1817,-3918366.762044186,-1800687.7457478475,3383773.075304558,13847235.887996037,39.41886129998602,0.8520853540252182
2,15,34,38,1855,-3918366.762044186,-429224.9946519303,5243630.962068879,19256227.04823659,38.64032180001959,0.8538205980066446
2,15,35,37,1892,-3918366.762044186,-858517.6405660128,5301457.468045146,23119718.416514687,43.07919789996231,0.8541569902461681
2,15,36,36,1928,-3918366.762044186,-325333.1716498845,4752171.075213926,18918172.362856574,46.81089159997646,0.854355716878403
2,15,37,36,1964,-3918366.762044186,-1626767.1477742372,3692513.191309645,11248556.998600906,34.793109700025525,0.8570792520035619
2,15,38,35,1999,-3918366.762044186,-1783463.919774921,3524151.5782007375,8282024.902962251,38.67183840001235,0.8590750436300174
2,15,39,34,2033,-3918366.762044186,-861898.8812039694,4118243.976919632,9061962.649823181,39.06633410003269,0.8605645851154833
2,15,40,34,2067,-3918366.762044186,-2341871.4881866956,2127307.1887099035,3792245.8472863277,37.12165769998683,0.8618807724601175
2,15,41,33,2100,-3918366.762044186,-1060049.2050086202,5286511.061150631,17894414.71361712,44.84332960000029,0.8608480856319473
2,15,42,32,2132,-3918366.762044186,-1324755.158401711,3966884.7987103355,9593472.0717754,40.141524100035895,0.8611898016997167
2,15,43,32,2164,-3918366.762044186,-3050875.8355523953,2015493.7127523604,7429351.4319427945,39.96083589998307,0.8616852146263911
2,15,44,31,2195,-3918366.762044186,-1302068.796305808,4794742.132168152,14531554.953901676,33.95277020003414,0.8626223091976517
2,15,45,31,2226,-3918366.762044186,-2502411.6604864504,2511926.4330714727,8785957.499105249,31.866579399968032,0.8636539204325995
2,15,46,30,2256,-3928258.15490086,-1845709.1731079866,2847122.077032453,6590948.484520391,29.21320589998504,0.864607170099161
2,15,47,29,2285,-3934027.984487919,-666220.7708336737,4829213.033509183,10548602.439027717,31.208882900013123,0.8652615732028603
2,15,48,29,2314,-3952842.1824346352,-1869290.1218149634,4667354.9477883,20562900.69183264,30.154080599953886,0.8665923448532145
2,15,49,28,2342,-3952842.1824346352,-1671380.7563546847,4985418.056585945,21123684.400221508,28.94670780003071,0.8676470588235294
2,15,50,28,2370,-3955381.954990873,-179596.83237870017,7185129.976544453,21561159.479288213,29.890064399980474,0.8684114867320974
2,15,51,27,2397,-3955381.954990873,-372808.5835807768,5654285.939227667,21545006.898025207,28.823780599981546,0.8692998204667863
2,15,52,27,2424,-3955381.954990873,-969416.8979384346,4942261.341796423,11255164.44991935,31.728403499990236,0.8693645722399717
2,15,53,26,2450,-3955381.954990873,1496355.0472603308,8241026.311350191,20379212.192109685,26.53604959999211,0.8697788697788698
2,15,54,26,2476,-3955381.954990873,1749880.9145234318,7706558.279047039,21842182.721169055,27.55792690004455,0.8697464397360195
2,15,55,25,2501,-3955381.954990873,505352.5645724972,4679098.097247883,10644816.806698604,28.09588460001396,0.8703576341127923
2,15,56,25,2526,-3955381.954990873,-1417669.4643265612,4329332.350728662,11064821.428417455,27.41741130000446,0.8712972420837589
2,15,57,24,2550,-3955381.954990873,-260207.77419645464,7097579.122053869,20866221.12326825,22.519877100014128,0.8710766115423557
2,15,58,24,2574,-3955381.954990873,-2769933.9295894555,2241204.0808212417,6812680.196576649,29.577611299988348,0.8710324089542265
2,15,59,23,2597,-3955381.954990873,-2138156.0453014714,3314192.5775159965,8627211.91910577,20.147442599991336,0.871523178807947
2,15,60,23,2620,-3955381.954991728,-3050284.510350858,1874676.9987616863,3763193.5539486688,20.133373399963602,0.8722076215505913
2,15,61,23,2643,-3955381.954991728,-3495846.26545616,1083511.8380494812,746677.5276443495,20.76774069998646,0.8729227761485826
2,15,62,22,2665,-3955381.954991728,-1891696.2070756527,4032071.8265812914,11610565.392943192,21.02697000000626,0.8736263736263736
2,15,63,22,2687,-3959698.7332691494,-3203657.5373156266,1888388.5179206438,4827811.228982817,25.9112635999918,0.8734785393978219
2,15,64,21,2708,-3959698.7332691494,-3575977.408069227,937049.3618954394,175903.86400193162,13.746268600050826,0.8737277353689568
2,15,65,21,2729,-3959885.0390355997,-3222336.611149115,1801644.0544394758,3569930.3034789935,14.98998259997461,0.8740132617619198
2,15,66,20,2749,-3960481.690385038,-2460013.1769569116,2547966.2674054904,6504093.963147858,16.13243739999598,0.8743734335839599
2,15,67,20,2769,-3960481.690385038,-1391190.0760592509,8054746.25698931,30678067.528101694,15.339941799989901,0.8748832866479925
2,15,68,20,2789,-3960481.690385038,-3481409.717530083,823069.63925824,-1339701.8508361094,18.588067100034095,0.8758109360518999
2,15,69,19,2808,-3962046.4202549774,-3553658.081740234,686884.7937107275,-1817461.7965061218,18.87011880002683,0.8763803680981596
2,15,70,19,2827,-3962046.4202549774,-2876263.4594141585,1783045.0421677374,2693821.7890770333,20.719197399972472,0.8772838002436053
2,15,71,19,2846,-3962046.4202549774,-1938246.0290926031,4710788.143546269,17493111.2750699,21.296609900018666,0.8775325068037496
2,15,72,18,2864,-3962046.4202549774,-1905447.2592277427,4463395.076975227,10509535.986795379,20.67333520000102,0.8777410633823971
2,15,73,18,2882,-3962203.6455299146,-3246525.457208182,1000667.4873368909,-1118822.6471463852,18.913484999968205,0.8787246722288439
2,15,74,18,2900,-3962203.6455299146,-2083274.5435747122,3206300.1323182154,6773183.203067077,25.864384199958295,0.8792899408284024
2,15,75,17,2917,-3962203.6455299146,-3068228.5299003473,1638230.375185919,2715334.9714123383,18.210347399988677,0.879811930649427
2,15,76,17,2934,-3962203.6455299146,-3640215.8384537697,471476.9922984395,-2184548.3557918966,19.912858000025153,0.8802570093457944
2,15,77,17,2951,-3962203.6455299146,-2713977.524789002,2941234.3678502934,8235964.304663931,19.566267999995034,0.8805104408352669
2,15,78,16,2967,-3962203.6455299146,-2708836.4420130486,2111469.8767477954,3302827.4496135972,14.753283999976702,0.881199538638985
2,15,79,16,2983,-3962245.6573787592,-1741883.7485376378,6006854.669905587,21359339.997252624,18.911699399992358,0.881729667812142
2,15,80,16,2999,-3962245.6573787592,-3162741.060876241,1688390.054477306,2682282.82469026,21.16181919997325,0.8817173727608757
2,15,81,15,3014,-3962245.6573787592,-2198918.447194412,3259484.6868515415,8364877.873148951,17.18223430000944,0.8821701045493077
2,15,82,15,3029,-3963059.389722146,-2935929.6691631805,3231328.4788283342,9113249.281891543,17.2138844000292,0.8825842696629214
2,15,83,15,3044,-3963059.389722146,-2555668.259730324,2295826.7491137637,4094495.013511493,19.459008799982257,0.8831241283124128
2,15,84,15,3059,-3965435.976558948,-3222951.289477489,1262758.0773356091,65607.49403107725,23.296274000022095,0.8834440753045404
2,15,85,14,3073,-3965435.976558948,-3395560.7917988547,1315748.1084566617,1163975.6265473813,19.896675700030755,0.8839064649243467
2,15,86,14,3087,-3965435.976558948,-3545026.0831871405,748721.3683185229,-1026941.4096634779,18.552187699999195,0.8843630399125205
2,15,87,14,3101,-3965435.976558948,-3148134.469083091,1116574.8080883154,65029.06207967363,19.83078720001504,0.8845736013036394
2,15,88,13,3114,-3973655.9893081356,-3692747.4985378603,481761.99931629066,-2133981.5206258874,19.247390199976508,0.8847814355099838
2,15,89,13,3127,-3973655.9893081356,-3387758.031588379,1102759.9590834437,-172194.41180106997,21.482192099967506,0.8849557522123894
2,15,90,13,3140,-3973655.9893081356,-3852055.549482288,149784.71174395535,-3497260.1636048052,16.74949050002033,0.8856304985337243
2,15,91,13,3153,-3973655.9893081356,-3527710.964751231,438149.17102459975,-2593210.735500373,19.318884600012098,0.8855022528491916
2,15,92,12,3165,-3973655.9893081356,-3856333.033422475,120949.23656331985,-3555685.023154039,17.08792479999829,0.8858423411547588
2,15,93,12,3177,-3973655.9893081356,-3735263.9907362214,201662.35318429067,-3240607.1681569833,22.182110900001135,0.8860062893081762
2,15,94,12,3189,-3973655.9893081356,-3717298.9796389006,368351.01275622967,-2905399.4099457506,18.615773400000762,0.8861386138613861
2,15,95,12,3201,-3973655.9893081356,-3748055.693664623,385592.57167605794,-2614785.702277707,19.569212799950037,0.8865284974093264
2,15,96,12,3213,-3975822.0535118245,-3877064.9996320927,171440.72356696942,-3357394.9118233956,17.114372699987143,0.8871715610510046
2,15,97,11,3224,-3975822.0535118245,-3859488.848051171,160646.86874121818,-3478016.444050731,19.462413000001106,0.8872662054829619
2,15,98,11,3235,-3975822.0535118245,-3870946.2478053835,175909.16540833723,-3441901.6555796787,21.92430010001408,0.8865953109072375
2,15,99,11,3246,-3975822.0535118245,-3867740.289588605,172124.83965586012,-3531793.667421719,13.628841499972623,0.8869741510390269
2,15,100,11,3257,-3976958.084150849,-3873345.565142085,180851.31414975488,-3483861.945352979,14.120131999952719,0.8870967741935484
2,15,101,10,3267,-3976958.084150849,-3833573.7438047864,210500.74989857062,-3400484.7885089274,10.616498799994588,0.8876629889669007
2,15,102,10,3277,-3977533.6730986573,-3828610.034716498,208255.92983536943,-3456904.500816278,10.392535499995574,0.8882235528942116
2,15,103,10,3287,-3977533.6730986573,-3877134.147531122,154592.40085105592,-3563844.4163042456,10.435293999966234,0.8887785501489573
2,15,104,10,3297,-3977533.6730986573,-3876055.636385259,177074.06667384107,-3516069.662024701,7.202390299993567,0.8893280632411067
2,15,105,10,3307,-3978126.222739555,-3905304.1555221537,159666.68772467546,-3436160.164408114,9.744618900003843,0.8898721730580138
2,15,106,10,3317,-3978126.222739555,-3963640.4635903193,28677.189300260514,-3878203.572508801,9.270895699970424,0.8904109589041096
2,15,107,9,3326,-3978126.222739555,-3973015.3155498556,4861.200725584086,-3965198.75522222,4.07741209998494,0.8908913784705309
2,15,108,9,3335,-3978126.222739555,-3975422.298429062,1722.9078520448468,-3972267.190907901,4.139179199992213,0.8913676042677012
2,15,109,9,3344,-3978126.222739555,-3972868.4238741687,6303.388914381893,-3959538.902900517,7.016111999982968,0.8918396909705456
2,15,110,9,3353,-3978127.1183612403,-3971934.9766223785,7322.565690651731,-3954018.302275989,3.9659998000133783,0.8923076923076924
2,15,111,9,3362,-3978127.1183612403,-3974872.9979840983,2802.5852039927395,-3968510.247929884,4.585898499994073,0.8927716610818573
2,15,112,8,3370,-3978127.1183612403,-3972073.5373839815,12629.208260440406,-3938768.2886067033,3.102759800036438,0.8931807343824512
2,15,113,8,3378,-3978127.1183612403,-3975834.722860531,3299.9483041330664,-3967601.8873979934,2.937024899991229,0.8935866983372922
2,15,114,8,3386,-3978127.1183612403,-3976896.682139696,584.1935138152843,-3976279.398496533,3.2759563999716192,0.893989588263133
2,15,115,8,3394,-3978127.1183612403,-3976449.4740326405,3023.7530277373326,-3968588.442495186,3.2357323999749497,0.8943894389438944
2,15,116,8,3402,-3978127.1183612403,-3973866.3550997376,10580.79726190014,-3945875.469887905,2.7930485000251792,0.8947862846406763
2,15,117,8,3410,-3978198.011830682,-3975197.6332643954,5359.805957586664,-3961548.2741670087,3.261872399947606,0.8951801591015442
2,15,118,8,3418,-3978242.4834907353,-3977309.3618794475,1342.2284911131928,-3974143.5037737098,3.08574419998331,0.8955710955710956
2,15,119,7,3425,-3978296.315440446,-3973927.833550676,10230.225394289886,-3948871.689362591,2.89736320002703,0.895910780669145
2,15,120,7,3432,-3978296.315440446,-3977921.0390249,428.5857395728764,-3977122.972300362,2.405662300006952,0.8962482630847615
2,15,121,7,3439,-3978296.315440446,-3977652.010480259,1025.5656785177996,-3975255.257201772,2.6894042000058107,0.8965835641735919
2,15,122,7,3446,-3978307.6166602373,-3978048.3672058485,399.4743253744085,-3977075.568824878,2.8537831000285223,0.8969167050161068
2,15,123,7,3453,-3978376.660957299,-3978281.039738718,70.59451363319026,-3978146.903144965,2.8164050000486895,0.8972477064220183
2,15,124,7,3460,-3978416.590831695,-3975846.2831016365,5727.134548968156,-3961830.885631075,2.758869700017385,0.8975765889346137
2,15,125,7,3467,-3978416.590831695,-3978346.5520835104,46.627993933910744,-3978265.3824434355,2.766402899986133,0.8979033728350045
2,15,126,7,3474,-3978430.248430008,-3978362.90860512,50.50241662705195,-3978282.022343749,2.9060878999880515,0.8982280781462971
2,15,127,6,3480,-3978430.248430008,-3977875.6561464076,883.8541956789265,-3975989.679417178,2.1736119000124745,0.898504757589488
2,15,128,6,3486,-3978430.248430008,-3974302.958260232,9139.98976893461,-3953865.3544071,2.6329317999770865,0.8987799367374605
2,15,129,6,3492,-3978439.1971292496,-3978373.6285435394,47.18464475289823,-3978319.3423702605,2.1397718000225723,0.8990536277602523
2,15,130,6,3498,-3978439.1971292496,-3978176.042619683,451.9199210982161,-3977170.0399946924,2.6590856999973767,0.8993258426966292
2,15,131,6,3504,-3978439.1971292496,-3978422.0233973917,11.235841690596958,-3978398.812818734,2.4457594999694265,0.8995965934558494
2,15,132,6,3510,-3978443.483728975,-3978424.197099702,23.856816727018156,-3978372.336640658,2.174187799973879,0.899865891819401
2,15,133,6,3516,-3978447.489856744,-3978346.663439818,198.24458892254188,-3977903.920829732,2.548693800054025,0.9001337494427106
2,15,134,6,3522,-3978447.489856744,-3977429.982688591,1687.7621138969212,-3973783.397265952,2.5580682000145316,0.9004001778568252
2,15,135,5,3527,-3978447.489856744,-3976993.085760086,2381.5646457439934,-3972310.7356425095,2.3708177999942563,0.9006211180124224
2,15,136,5,3532,-3978447.489856744,-3976856.0088363574,1647.708739412144,-3974294.785510307,2.0053608000162058,0.9008410801239487
2,15,137,5,3537,-3978447.489856744,-3978363.9203049713,137.99225937875545,-3978091.957172772,2.0130591000197455,0.901060070671378
2,15,138,5,3542,-3978449.5466235727,-3977672.8068005876,1095.544752454339,-3975606.5429774597,2.423582900024485,0.9012780960775673
2,15,139,5,3547,-3978449.5466235727,-3978133.2286065435,548.7581588353657,-3977037.403313525,2.1023758000228554,0.9014951627088831
2,15,140,5,3552,-3978452.796216,-3978428.2278332757,27.68982862290842,-3978387.6444029976,2.4860666999593377,0.9017112768758228
2,15,141,5,3557,-3978453.6230270322,-3977150.060456004,1671.925302787782,-3974402.63940637,2.429226300038863,0.9019264448336253
2,15,142,5,3562,-3978453.6230270322,-3977724.1150481477,765.8451559601504,-3976608.99914887,1.9811962000094354,0.9021406727828746
2,15,143,5,3567,-3978453.775121238,-3978433.1320229173,27.435517027453496,-3978383.3079238813,2.504510600003414,0.902353966870096
2,15,144,5,3572,-3978453.775121238,-3977642.8044538265,1176.2888341384723,-3975414.2097000685,2.029222099983599,0.9025663331883428
2,15,145,5,3577,-3978455.437113831,-3977746.691671334,1358.7640542201848,-3975030.525281377,2.4151170999975875,0.9027777777777778
2,15,146,4,3581,-3978455.437113831,-3978172.7291948246,276.34545862660656,-3977722.436569039,2.2213381999754347,0.902946273830156
2,15,147,4,3585,-3978455.437113831,-3978128.850534072,191.7971391904168,-3977908.158440275,1.870499300013762,0.903114186851211
2,15,148,4,3589,-3978455.437113831,-3978184.9356115656,366.6705036373471,-3977562.977460284,1.9024392999708652,0.9032815198618307
2,15,149,4,3593,-3978455.437113831,-3978322.2936556605,227.93932298222262,-3977927.4932851177,1.8889810999971814,0.903448275862069
2,15,150,4,3597,-3978456.173204761,-3978424.8005243405,52.27097072084906,-3978334.2760086358,2.260982600040734,0.9036144578313253
2,16,0,72,72,15024766.046610076,236837308.1717838,115281086.84519349,488462358.5381417,132.81812489998993,0.6640625
2,16,1,72,144,1668948.2590027396,181875931.8673123,97587474.91943282,437801593.5659863,126.58164640003815,0.6536964980544747
2,16,2,69,213,1668948.2590027396,107114311.19345213,73550925.53322142,273211179.9706166,101.32741440000245,0.6869806094182825
2,16,3,68,281,1640974.9875337034,67293555.08214942,66557025.97062303,250691479.6478932,80.8463665000163,0.6890951276102089
2,16,4,67,348,1640974.9875337034,37031547.70936741,40481310.8751845,177461032.3497826,76.54991170001449,0.6867469879518072
2,16,5,65,413,-1173385.2216398157,21887340.580696095,29449522.81701738,126520383.77474979,56.58567200001562,0.6923076923076923
2,16,6,64,477,-2372612.8610574435,10870130.560604684,19214033.706543252,134372126.81630713,50.34749059996102,0.6960950764006791
2,16,7,63,540,-2717554.024794616,8235241.858377331,10046072.417278448,47643017.8527858,44.01466889999574,0.7017543859649122
2,16,8,62,602,-2717554.024794616,7981254.0602026265,9660081.122826334,40129726.0663264,41.994116099958774,0.703030303030303
2,16,9,61,663,-2972009.33361452,4074965.704007029,5090323.6823250055,26196783.920610085,60.264697800041176,0.7088607594936709
2,16,10,59,722,-3511170.9282018654,4812202.042309463,7285663.828817343,25275513.021586858,49.959732400020584,0.7192052980132451
2,16,11,58,780,-3511170.9282018654,4517337.02942421,8892161.020260919,44342073.87594072,36.8446377000073,0.7310606060606061
2,16,12,57,837,-3675582.845520586,2333964.8604341154,5621155.903378712,22619978.82026717,52.80122570000822,0.7390272835112692
2,16,13,56,893,-3675582.845520586,1789171.0669005723,5376265.6372302165,21908945.453366656,47.73635209997883,0.7533482142857143
2,16,14,55,948,-3857455.2739793733,2901331.8646223224,7480051.718806885,28619652.29415107,47.94976740004495,0.7647679324894515
2,16,15,54,1002,-3857455.2739793733,3106095.9961440214,7331352.677234319,27406043.32462963,52.554089199984446,0.7726819541375872
2,16,16,53,1055,-3857455.2739793733,1409754.2547958356,5454343.757149469,18232980.33678505,47.841771799954586,0.7831439393939394
2,16,17,52,1107,-3857455.2739793733,1806557.5334955265,6313396.395889778,17795385.521442037,52.465676499996334,0.7891891891891892
2,16,18,51,1158,-3857455.2739793733,-19958.062814223453,5981614.706362852,28665212.377432574,51.0985785999801,0.7981180496150556
2,16,19,50,1208,-3857455.2739793733,731979.0693215148,4990997.306259153,17653990.62918182,48.754023500019684,0.8055555555555556
2,16,20,49,1257,-3879768.682696542,-582328.0689157395,3670228.6776765175,8620286.00638017,53.4410914000473,0.8118657298985168
2,16,21,48,1305,-3879768.682696542,-482296.9758118478,5080843.839249081,16324743.975847637,52.31354249996366,0.818249813014211
2,16,22,47,1352,-3879768.6826994065,-287275.96150595444,4998165.322515222,14538825.278639577,52.8448311999673,0.8209920920201293
2,16,23,46,1398,-3938168.5364605878,-1712602.676292158,3265973.766919635,12286956.695012806,47.38706550002098,0.8268698060941828
2,16,24,46,1444,-3938168.5364605878,-1663704.1191255841,3931024.956956503,19324324.334671978,50.97532530000899,0.8307794803464357
2,16,25,45,1489,-3938168.5364605878,-629302.0477130412,5830040.216917675,21178184.603526663,49.40376560000004,0.8355812459858702
2,16,26,44,1533,-3938168.5364605878,-1691817.3826475763,4354382.189506297,19296354.28783705,49.71580989996437,0.8370508054522925
2,16,27,43,1576,-3938168.5364605878,-1699339.6196796612,4016436.3475693455,11633164.718064187,50.459412200027145,0.8381294964028777
2,16,28,42,1618,-3938168.5364605878,-1440078.9444627755,4184047.1683513974,11930089.299799943,52.78896670002723,0.8381670533642691
2,16,29,41,1659,-3938168.5364605878,-2199984.829787963,4111235.8726250143,13160643.488306321,45.16099080001004,0.8386914833615341
2,16,30,41,1700,-3938168.5364605878,-3037283.8411243083,1558990.139508394,2076044.1918905843,43.80138670001179,0.8397365532381997
2,16,31,40,1740,-3938168.5364605878,-2743926.731266912,3166163.8355601258,13926539.771464866,44.111078699992504,0.839572192513369
2,16,32,39,1779,-3938168.5364605878,-3264283.0592098148,1653462.2793536054,6070847.592179244,38.89664960000664,0.8414188836724048
2,16,33,38,1817,-3944118.1923558433,-3734580.5636260933,551222.8896288744,-853007.9256613497,40.635569999984,0.8423469387755103
2,16,34,38,1855,-3958068.6987258364,-3555352.8421657314,1345464.4174726922,4528481.939825645,41.01033750001807,0.843812375249501
2,16,35,37,1892,-3958068.6987258364,-3563598.551171875,1091104.5971446477,1267807.2182858773,37.58158120000735,0.8446507083536883
2,16,36,36,1928,-3958068.6987258364,-3833367.680738651,229030.59531457195,-2639698.650808044,30.195152700005565,0.845380564863571
2,16,37,36,1964,-3958068.6987258364,-3633368.198308857,889395.256061032,134401.05280908756,36.51899989997037,0.8460093896713615
2,16,38,35,1999,-3958068.6987258364,-3862689.9842517786,106074.49638487176,-3556166.367861783,34.519601100008,0.8470046082949308
2,16,39,34,2033,-3958068.6987258364,-3890237.317561163,72160.49603913329,-3587777.741011888,34.90785090002464,0.8470588235294118
2,16,40,34,2067,-3958068.6987258364,-3880260.4376077955,107012.6714119365,-3467730.1130727883,31.76401149999583,0.8471111111111111
2,16,41,33,2100,-3960697.8870525043,-3909045.369569484,74227.00917852561,-3556804.6584805846,29.17325880000135,0.8475316732197467
2,16,42,32,2132,-3960697.8870525043,-3893694.373185879,113079.60852559414,-3437067.0287959576,28.113657100009732,0.8485370051635112
2,16,43,32,2164,-3960697.8870525043,-3914720.8026833357,54668.99347746166,-3715477.812851213,14.481906900007743,0.8505942275042445
2,16,44,31,2195,-3961006.8982031737,-3925406.7595506497,53279.013159197966,-3669433.358172195,18.223016700008884,0.852177554438861
2,16,45,31,2226,-3961006.8982031737,-3921048.9775123047,68014.30216375332,-3668780.778067915,20.56243439996615,0.8530140379851362
2,16,46,30,2256,-3961006.8982031737,-3928082.118999788,65435.26601219572,-3588910.37023044,20.358530700032134,0.8537678207739308
2,16,47,29,2285,-3961006.8982031737,-3939193.9616050683,25340.85582074131,-3858455.0139928404,19.48494989995379,0.8551307847082495
2,16,48,29,2314,-3961006.8982031737,-3941336.4952048073,20646.71467401386,-3859181.8738107365,18.813976600009482,0.8564612326043738
2,16,49,28,2342,-3961313.506779384,-3947451.3601882,14759.063467176464,-3895755.3223975804,8.41810309997527,0.858041683051514
2,16,50,28,2370,-3961401.965424435,-3940635.6576620317,44364.0721458135,-3716044.557332853,15.548287599987816,0.8589195491643995
2,16,51,27,2397,-3961401.965424435,-3943346.9883297333,21793.96435751342,-3876774.056606259,8.95102290000068,0.8603846153846154
2,16,52,27,2424,-3961783.9034144375,-3949909.4893933246,20414.701884880233,-3857158.121837577,14.158146200003102,0.8614916286149162
2,16,53,26,2450,-3961783.9034144375,-3949063.6335357954,20202.25762359012,-3858761.9435884356,7.9129872000194155,0.8628485305199699
2,16,54,26,2476,-3961783.9034144375,-3951040.754218816,18100.18788450148,-3868846.714513272,6.0049092000117525,0.8641791044776119
2,16,55,25,2501,-3961882.935209926,-3956863.1714108675,5701.530151287494,-3939414.215244908,5.7154877000139095,0.8654343807763402
2,16,56,25,2526,-3961994.398547897,-3953917.8668687916,8801.256202045943,-3931750.360024633,5.732287599996198,0.8666666666666667
2,16,57,24,2550,-3961994.398547897,-3954649.7154519577,8891.39174855317,-3932063.4787712023,5.012331500009168,0.8678286129266521
2,16,58,24,2574,-3962039.968533259,-3957388.09341963,6317.446859477849,-3935757.131806301,5.115722500020638,0.8689704823614111
2,16,59,23,2597,-3962039.968533259,-3954461.7800598415,7213.14173843513,-3938207.100523522,4.965180200000759,0.8700464119957159
2,16,60,23,2620,-3962039.968533259,-3954805.9526669644,7380.902142412332,-3935977.715652801,4.936940199986566,0.8711048158640227
2,16,61,23,2643,-3962198.433268288,-3956668.547699669,5778.050439376274,-3942540.7296309676,8.558597999974154,0.8721461187214612
2,16,62,22,2665,-3962198.433268288,-3958312.7924600467,5553.56967419072,-3944383.7804269195,4.106587799964473,0.8731265249215755
2,16,63,22,2687,-3962271.413396621,-3958144.353740333,7195.95040068241,-3930411.3924227636,4.610611699987203,0.87409200968523
2,16,64,21,2708,-3962271.413396621,-3959178.498854873,4538.0869893372,-3946502.4076096658,4.554831099987496,0.875
2,16,65,21,2729,-3962319.7728892397,-3958257.6182352942,6121.498182617464,-3940868.0393521246,4.723476300016046,0.8758949880668258
2,16,66,20,2749,-3962359.357621424,-3957994.7492528697,6429.785356196955,-3946174.6640339456,4.384867099986877,0.8767355231967491
2,16,67,20,2769,-3962359.357621424,-3961003.1853660503,3467.870692784213,-3946053.2418661285,4.364405200001784,0.877564749411369
2,16,68,20,2789,-3962412.2085469384,-3958429.0881632986,6324.87142130326,-3944888.3962717596,4.379010000033304,0.8783828934179753
2,16,69,19,2808,-3962412.2085469384,-3960754.296515155,3792.475905545772,-3946029.4882655647,5.911122000019532,0.8791500664010624
2,16,70,19,2827,-3962412.2085469384,-3961588.6471953304,1546.801499559563,-3957081.519441059,4.5371024000342,0.8799076212471132
2,16,71,19,2846,-3962412.2085469384,-3960562.9682674063,3813.382948497145,-3945900.657149624,4.261416499968618,0.880655737704918
2,16,72,18,2864,-3962412.2085469384,-3960868.40888085,4069.8015238906473,-3944820.897298705,4.179180900042411,0.8813559322033898
2,16,73,18,2882,-3962451.2828741204,-3961790.841507422,1236.6443019309465,-3957274.876769116,4.573524400009774,0.8820479585223591
2,16,74,18,2900,-3962465.22549749,-3960515.2536440324,5027.972351512741,-3946090.922306869,4.15523029997712,0.8827319587628866
2,16,75,17,2917,-3962465.22549749,-3961185.5079177907,3811.527914007595,-3945990.045342136,4.52504040003987,0.8833707145145787
2,16,76,17,2934,-3962465.22549749,-3959105.672792513,8471.586138534292,-3933277.6701538246,4.047650199965574,0.8840025493945188
2,16,77,17,2951,-3962465.22549749,-3955549.0445542214,8061.533225948498,-3943744.949817119,4.059473300003447,0.8846275752773376
2,16,78,16,2967,-3962465.22549749,-3957224.6781150177,7460.13027398465,-3945826.5789396726,3.413206099998206,0.8852097130242825
2,16,79,16,2983,-3962473.0432439987,-3956290.895742654,7876.6686668918555,-3945989.715178458,3.4405442000133917,0.8857860056479447
2,16,80,16,2999,-3962473.0432439987,-3960386.5160048115,5358.164460126326,-3946190.089836145,3.4398282999754883,0.8863565407430534
2,16,81,15,3014,-3962473.0432439987,-3958064.0185314934,7211.069781707465,-3945993.8896399885,3.4598349999869242,0.886886264760721
2,16,82,15,3029,-3962473.0432439987,-3959004.448214843,6391.502680741075,-3946223.6258606575,3.062090400024317,0.8874110733065265
2,16,83,15,3044,-3962473.0432439987,-3961306.293868328,4017.426441776292,-3946278.9799146783,3.075052300002426,0.8879310344827587
2,16,84,15,3059,-3962473.0432439987,-3960282.1821466484,5512.195482045794,-3946228.460680643,3.4025484999874607,0.8884462151394422
2,16,85,14,3073,-3962473.2186546326,-3960093.238425507,5680.866765744001,-3946157.971940372,2.983836000028532,0.8889227952395483
2,16,86,14,3087,-3962474.2869821023,-3960089.31037292,5688.567535524832,-3946155.272211794,2.988110000034794,0.8893953205712549
2,16,87,14,3101,-3962474.2869821023,-3962414.945475634,112.75077401454732,-3962030.0580829065,3.4694593000458553,0.8898638426626324
2,16,88,13,3114,-3962474.2869821023,-3959903.5933169154,5856.853272012146,-3946155.162234418,2.806449399970006,0.890295358649789
2,16,89,13,3127,-3962474.3165530916,-3961168.2086539785,4359.642795362039,-3946068.600951085,3.1669982000021264,0.8907235064545181
2,16,90,13,3140,-3962474.5283263326,-3958684.1414772696,6868.454508332543,-3946140.78318733,2.8257586999679916,0.8911483253588517
2,16,91,13,3153,-3962474.5283263326,-3957404.2239990435,7565.279575353913,-3945792.174925478,2.8896491999621503,0.8915698540363419
2,16,92,12,3165,-3962474.5283263326,-3962462.8834772427,17.73755458456427,-3962414.300064979,2.852887299959548,0.8919560700504601
2,16,93,12,3177,-3962474.594541991,-3961106.990108462,4509.460914135486,-3946150.861448625,3.2029446000233293,0.8923395445134575
2,16,94,12,3189,-3962474.737221705,-3961103.1585199405,4517.729386356157,-3946119.7033056132,3.0536181000061333,0.89272030651341
2,16,95,12,3201,-3962474.737221705,-3961105.11882651,4507.52533717145,-3946155.437946696,2.7245586999924853,0.8930983847283407
2,16,96,12,3213,-3962474.739248134,-3959740.701900966,6092.243907746979,-3946078.0007135216,2.8067708000307903,0.8934738074334211
2,16,97,11,3224,-3962474.9758510217,-3958019.6363754985,7263.227816223237,-3946136.3988367524,2.7033127000322565,0.8938156359393232
2,16,98,11,3235,-3962474.9758510217,-3960991.1198401097,4689.8847994928865,-3946160.4020430315,2.6827586999861524,0.894155277697005
2,16,99,11,3246,-3962474.9758510217,-3960988.539028969,4688.486005383775,-3946162.265483739,2.681464999972377,0.8944927536231884
2,16,100,11,3257,-3962475.1626528352,-3962473.811615689,1.1817154606984521,-3962471.0380041674,2.739767099963501,0.8948280843686796
2,16,101,10,3267,-3962475.283340998,-3962474.9031924643,0.2242536061628272,-3962474.502752291,3.009662500000559,0.8951310861423221
2,16,102,10,3277,-3962475.283340998,-3962473.736811404,1.4037564722416815,-3962470.549263116,2.9056906000478193,0.8954323470267165
2,16,103,10,3287,-3962475.283340998,-3962474.0192174898,0.5942383105355159,-3962472.8600784875,2.5478730999748223,0.8957318819822401
2,16,104,10,3297,-3962475.283340998,-3962474.5181885287,0.38154556034960224,-3962473.866078468,2.6271019999985583,0.8960297057983433
2,16,105,10,3307,-3962475.283340998,-3962473.231654732,1.9146027826910226,-3962469.093830956,2.5858568000257947,0.896325833095984
2,16,106,10,3317,-3962475.391311586,-3962474.00192107,1.18315451975043,-3962471.7456855364,2.583544699999038,0.8966202783300199
2,16,107,9,3326,-3962475.391311586,-3962474.1722019785,0.9665174165663905,-3962472.2172092274,2.599868500023149,0.8968838526912182
2,16,108,9,3335,-3962475.391311586,-3962473.010189035,3.655931270850689,-3962462.8499542847,2.4943150999606587,0.8971460864651032
2,16,109,9,3344,-3962475.391311586,-3962472.907936688,3.7088365935146017,-3962462.696383273,2.5849980000057258,0.8974069898534386
2,16,110,9,3353,-3962475.391311586,-3962474.012308552,0.8555740224484488,-3962472.127142459,2.688595100014936,0.8976665729547372
2,16,111,9,3362,-3962475.391311586,-3962474.4911023504,0.5320606166924027,-3962473.493504962,2.6970982999773696,0.8979248457655636
2,16,112,8,3370,-3962475.477925284,-3962474.5024665515,0.6685956350614805,-3962473.094393624,1.8805543999769725,0.898153329602686
2,16,113,8,3378,-3962475.477925284,-3962473.368748555,1.5829440601968325,-3962470.24021448,1.5473094999906607,0.8983807928531546
2,16,114,8,3386,-3962475.477925284,-3962474.466183646,0.9808945326368647,-3962472.447167963,1.5646705999970436,0.8986072423398329
2,16,115,8,3394,-3962475.477925284,-3962474.4288386665,0.8154407871630578,-3962472.4283098076,1.5721184000140056,0.8988326848249028
2,16,116,8,3402,-3962475.477925284,-3962474.649117642,0.4459256802064976,-3962473.7544168606,1.9331333000445738,0.899057127010538
2,16,117,8,3410,-3962475.477925284,-3962474.394639939,0.5013188545905148,-3962473.6480382755,1.543794400000479,0.8992805755395683
2,16,118,8,3418,-3962475.477925284,-3962474.6748384153,0.3103669316014693,-3962474.3806370758,1.5619418999995105,0.8995030369961348
2,16,119,7,3425,-3962475.477925284,-3962474.477859329,0.4711157264996344,-3962473.754296325,1.4804869000217877,0.8996968861945439
2,16,120,7,3432,-3962475.477925284,-3962474.6580948443,0.6424705420546988,-3962473.252660146,1.4688119000056759,0.8998899889988999
2,16,121,7,3439,-3962475.477925284,-3962474.854862509,0.33458255026206013,-3962474.3033657223,1.8215635999804363,0.900082349711776
2,16,122,7,3446,-3962475.477925284,-3962474.0783540425,0.8305235711432027,-3962473.007528186,1.8238252000301145,0.9002739726027398
2,16,123,7,3453,-3962475.477925284,-3962474.3121491023,0.7810020203371421,-3962473.437916456,1.9123777999775484,0.9004648619086683
2,16,124,7,3460,-3962475.477925284,-3962474.965931119,0.4723982292158327,-3962473.9694506247,1.7858309000148438,0.9006550218340611
2,16,125,7,3467,-3962475.477925284,-3962475.139595081,0.3077247618538824,-3962474.6231289394,1.451809999998659,0.9008444565513484
2,16,126,7,3474,-3962475.477925284,-3962474.49358361,1.0306457467999695,-3962472.5272398572,1.4614688000292517,0.9010331702011963
2,16,127,6,3480,-3962475.4844506886,-3962474.7868397213,0.5295696507385216,-3962474.072986115,1.3772746999748051,0.9011943539630836
2,16,128,6,3486,-3962475.4900758304,-3962474.8882939517,0.5310831044946407,-3962474.1788341664,1.3652188999694772,0.9013550135501355
2,16,129,6,3492,-3962475.4900758304,-3962474.821518278,0.7312447635232927,-3962473.4860250168,1.3803879999904893,0.9015151515151515
2,16,130,6,3498,-3962475.4900758304,-3962474.872160023,0.47901855121253806,-3962474.25238182,1.702560200006701,0.9016747703943814
2,16,131,6,3504,-3962475.4900758304,-3962475.1514463997,0.38575179055187425,-3962474.5970272273,1.3408578999806195,0.9018338727076591
2,16,132,6,3510,-3962475.4900758304,-3962475.1085968264,0.5125332510322854,-3962474.2030322794,1.3777265000389889,0.9019924609585352
2,16,133,6,3516,-3962475.4900758304,-3962474.8946291916,0.6783343432044054,-3962473.5892550237,1.3708245000452735,0.9021505376344086
2,16,134,6,3522,-3962475.4900758304,-3962474.9344090247,0.5543440458936223,-3962474.2928254455,1.3747212000307627,0.9023081052066559
2,16,135,5,3527,-3962475.4900758304,-3962475.480444257,0.0061960476652118315,-3962475.4704547934,1.6178427000413649,0.9024390243902439
2,16,136,5,3532,-3962475.4900758304,-3962475.48449014,0.006340138371504291,-3962475.472142743,1.641384000016842,0.9025695931477516
2,16,137,5,3537,-3962475.490165524,-3962475.487442106,0.00258859579144271,-3962475.4825831316,1.617083899967838,0.9026998128842555
2,16,138,5,3542,-3962475.491472047,-3962475.4882361935,0.003180026084793154,-3962475.483324429,1.6054459000006318,0.9028296849973305
2,16,139,5,3547,-3962475.496503692,-3962475.307806217,0.3695654040141134,-3962474.5687331557,1.6062206999631599,0.9029592108770994
2,16,140,5,3552,-3962475.497244468,-3962475.4950452643,0.0018455508189648164,-3962475.4918131046,1.2481952999951318,0.9030883919062833
2,16,141,5,3557,-3962475.497244468,-3962475.4892093264,0.008061309558811031,-3962475.4750963226,1.2774211000069045,0.90321722946025
2,16,142,5,3562,-3962475.500855755,-3962475.4969347194,0.0034306902180429194,-3962475.4906621687,1.6444289999781176,0.9033457249070632
2,16,143,5,3567,-3962475.500855755,-3962475.4071516506,0.1805598614192878,-3962475.0460536573,1.2411235999898054,0.9034738796075311
2,16,144,5,3572,-3962475.5037191324,-3962475.496671951,0.005705905254373868,-3962475.486906003,1.2806759000523016,0.9036016949152542
2,16,145,5,3577,-3962475.5037191324,-3962475.4988888563,0.005364506727042962,-3962475.488490658,1.2789191999472678,0.9037291721766728
2,16,146,4,3581,-3962475.5055867992,-3962475.177098845,0.5661487307720124,-3962474.1965021305,1.2111038000439294,0.9038309114927344
2,16,147,4,3585,-3962475.5068115573,-3962475.5031960947,0.00260600726410159,-3962475.500170188,1.2007801000145264,0.9039324359989444
2,16,148,4,3589,-3962475.5068115573,-3962475.502987985,0.0014008898868578968,-3962475.50070237,1.209003700001631,0.9040337463749011
2,16,149,4,3593,-3962475.508399315,-3962475.5069658384,0.0011528588390882519,-3962475.5058133136,1.5465021999552846,0.90413484329734
2,16,150,4,3597,-3962475.508399315,-3954316.1167260995,8159.3865407473595,-3946156.7301287223,1.1929498999961652,0.9042357274401474
2,17,0,72,72,25610159.561530054,236122674.48116454,106702370.72150443,484890660.85358804,126.46992430003593,0.7109375
2,17,1,72,144,14749603.084953673,195284498.02299178,95756348.02663143,415523653.558608,117.4025373000186,0.7109375
2,17,2,69,213,9814194.708305024,135770793.81517783,84820672.90872319,363319061.11326414,109.58421939995605,0.7162162162162162
2,17,3,68,281,3586405.2160610743,105563071.77437612,74053036.65011105,284066101.33425784,100.66224299999885,0.6976241900647948
2,17,4,67,348,1976439.608108495,66557091.83356419,63300165.35670059,290061596.5147178,82.1294937999919,0.7074074074074074
2,17,5,65,413,-939314.1984736174,36265063.194205664,41904735.176353514,175160877.1550133,65.67622279998614,0.7121464226289518
2,17,6,64,477,-1321412.2426354773,24797626.10942424,30571148.366290968,115820763.55751958,53.64704469998833,0.7138461538461538
2,17,7,63,540,-1337591.5207460448,17393581.81678183,22718393.46147268,98966956.08478683,48.067148800008,0.7259684361549498
2,17,8,62,602,-2811286.1518761236,9663110.84278329,16359480.575751126,72498396.74900393,56.17139059997862,0.7282463186077643
2,17,9,61,663,-3301692.360818902,5214045.520036412,7522160.292314444,29148312.491315078,50.63380249997135,0.733921815889029
2,17,10,59,722,-3301692.360818902,4897200.402767556,7835851.133186537,34423282.12492534,40.11989859997993,0.7412755716004813
2,17,11,58,780,-3673222.3625524994,3711282.4885481684,7468494.687151002,31165115.08991648,49.05823009996675,0.747716894977169
2,17,12,57,837,-3673222.3625524994,2565317.5180455055,5257104.535542791,19308657.94015461,44.199202899995726,0.7605177993527508
2,17,13,56,893,-3673222.3625524994,3130319.047999894,6838337.547465398,23032089.44623463,43.20029600005364,0.7708119218910586
2,17,14,55,948,-3673222.3625524994,3287835.395523124,7591070.53302851,25875150.382335212,46.12498650001362,0.7790811339198436
2,17,15,54,1002,-3690207.194727104,2245345.4877099427,6455588.362081315,23919845.51379454,50.47121089999564,0.787372330547818
2,17,16,53,1055,-3690207.194727104,1318884.1452365704,5269470.897605624,17966799.88752051,48.952731999976095,0.7928888888888889
2,17,17,52,1107,-3888014.048350917,1734281.1072170064,6442951.421765626,22237872.24754429,48.000170700019225,0.8
2,17,18,51,1158,-3888014.048350917,346908.49029991654,4200924.283635742,13263219.146519808,50.957404000044335,0.8058489033306255
2,17,19,50,1208,-3888014.048350917,1573653.8558144423,6402954.818485756,25617704.12925697,43.01989290001802,0.8111285266457681
2,17,20,49,1257,-3888014.048350917,662424.1106930715,5346536.054437543,18909655.993176218,48.957249900035094,0.816679188580015
2,17,21,48,1305,-3888014.048350917,1129434.83176757,6745359.023573791,25455668.41751595,43.415579800028354,0.8217391304347826
2,17,22,47,1352,-3888014.048350917,233627.24115959776,5345425.267094625,13892012.84974113,46.4623297000071,0.8271518544436669
2,17,23,46,1398,-3888014.048350917,-472494.99975414266,5215661.776089826,19111456.273097046,43.233508299977984,0.8294993234100135
2,17,24,46,1444,-3944462.9210794177,-720595.8040233585,4954454.00553343,14993175.317626076,40.110228799981996,0.8340983606557377
2,17,25,45,1489,-3944462.9210794177,-868249.3630974045,4781529.258606676,20958310.757785544,44.615717499982566,0.8363982244768547
2,17,26,44,1533,-3944462.9210794177,-1272393.2513481383,4712099.279481637,17620531.496170186,46.28517019998981,0.8385705483672212
2,17,27,43,1576,-3944462.9210794177,-3119505.571811298,1236758.151607111,1463262.706109345,45.489250600046944,0.8416019127316199
2,17,28,42,1618,-3944462.9210794177,-2582796.363288895,2117451.8629509816,3987384.000065239,40.27122270001564,0.8454386984311447
2,17,29,41,1659,-3944462.9210794177,-3229118.816406321,1692698.4751345653,6241547.920701241,40.24661579995882,0.847936687394008
2,17,30,41,1700,-3952266.4273464642,-3141899.9645702,1554454.0974305384,3342111.3953661565,39.61864790000254,0.8502202643171806
2,17,31,40,1740,-3952266.4273464642,-3051386.9722033315,1965284.9166538802,6790610.0241496125,42.5058735999628,0.8528464017185822
2,17,32,39,1779,-3952266.4273464642,-3247109.317394433,1980674.3342812588,6405341.908527554,36.939155799977016,0.8550420168067226
2,17,33,38,1817,-3955433.0736790895,-3074956.936530209,2250520.7597171264,5847177.304466556,33.49058530002367,0.8569222851260937
2,17,34,38,1855,-3962186.3651768863,-3329029.402772504,2239574.213349405,7172971.767317934,30.97253389999969,0.8587997982854261
2,17,35,37,1892,-3962186.3651768863,-3433401.3041574312,1709900.3137877544,5035010.299457999,34.79485390003538,0.8609599208312716
2,17,36,36,1928,-3962186.3651768863,-3726439.750933338,888718.1039880386,1499070.2128647696,25.391718099999707,0.8633932912007778
2,17,37,36,1964,-3962186.3651768863,-3854545.399174818,184756.0889230559,-3047867.1131797396,19.900973100040574,0.8657429526994744
2,17,38,35,1999,-3962186.3651768863,-3920741.8735999907,38166.608456128684,-3769216.5131223574,20.51212669996312,0.8679511278195489
2,17,39,34,2033,-3962186.3651768863,-3801982.133930731,476159.2721700154,-1689876.6096887887,20.735818399989512,0.8700277520814061
2,17,40,34,2067,-3962186.3651768863,-3813345.3210304636,630442.2107562402,-206102.0236539673,16.433397199958563,0.8720400728597449
2,17,41,33,2100,-3962186.3651768863,-3809041.149672669,582113.1203004805,-547690.3204613738,19.094883000012487,0.8739344997756842
2,17,42,32,2132,-3962186.3651768863,-3928121.8982655215,41556.93867041416,-3786747.4558042977,13.759539399994537,0.8757187085360459
2,17,43,32,2164,-3962186.3651768863,-3937314.17128294,30013.255224288412,-3819542.030556608,12.027116300014313,0.8774531181857829
2,17,44,31,2195,-3962186.3651768863,-3933732.561736336,42832.08676995326,-3744807.32102916,13.282187099976,0.8790877796901894
2,17,45,31,2226,-3962186.3651768863,-3941453.2347044097,38059.552032410495,-3754989.1842077,11.574032099975739,0.8806794055201699
2,17,46,30,2256,-3962186.3651768863,-3926445.7121418575,74815.98839290859,-3533373.242234513,9.752319799968973,0.8821802935010482
2,17,47,29,2285,-3962186.3651768863,-3929448.086673404,38562.30925244113,-3760852.2053444386,10.36342239996884,0.8835956917978459
2,17,48,29,2314,-3962186.3651768863,-3949015.432251792,19134.555316402344,-3870164.690950481,5.965411999961361,0.8849774866966844
2,17,49,28,2342,-3962186.3651768863,-3942912.113239425,33475.33500331955,-3801491.7712178156,10.394704499980435,0.8862808579522461
2,17,50,28,2370,-3962186.3651768863,-3949553.406653736,28519.321699730906,-3812784.667343078,7.739179000025615,0.8875550220088035
2,17,51,27,2397,-3962186.3651768863,-3956070.872830101,9458.353814272925,-3923100.394831747,5.864024200011045,0.888756927949327
2,17,52,27,2424,-3962186.3651768863,-3955992.531156539,9788.803636460936,-3924646.6476761624,8.464671400026418,0.8899334116725421
2,17,53,26,2450,-3962186.3651768863,-3956163.9594191695,10943.991272148847,-3919599.4278629124,8.125300899962895,0.8910430399379604
2,17,54,26,2476,-3962272.0403519757,-3954519.522245326,12125.44656807129,-3905247.062103372,5.603744199965149,0.8921305182341651
2,17,55,25,2501,-3962272.0403519757,-3922350.606329732,108310.31414514476,-3547791.567851929,8.571237700001802,0.8931558935361217
2,17,56,25,2526,-3962272.0403519757,-3956837.3873449294,10415.474741200607,-3918774.759055583,5.60565789998509,0.8941619585687383
2,17,57,24,2550,-3962272.040397808,-3943732.602968359,82941.79668491648,-3546031.262467444,7.5638945999671705,0.8951101157148189
2,17,58,24,2574,-3962459.593470402,-3947413.7385543864,58995.18212062449,-3665690.3198380135,4.93880280002486,0.8960414354421014
2,17,59,23,2597,-3962459.593470402,-3948765.712688434,42385.78692242231,-3753234.564685695,7.274087400001008,0.8969185619955979
2,17,60,23,2620,-3962459.593470402,-3958887.2223941274,7715.824664195272,-3925760.5282498896,7.928652899980079,0.897781011276828
2,17,61,23,2643,-3962459.593470402,-3958786.9516729014,6023.9923870937355,-3940041.929835124,7.495222900004592,0.8986291486291487
2,17,62,22,2665,-3962459.593470402,-3960700.91435768,3441.0771002372953,-3946878.951662803,8.062238500046078,0.8994273443092341
2,17,63,22,2687,-3962459.593470402,-3960030.9161585243,4829.231310548919,-3945814.052873777,8.129741000011563,0.9002130681818182
2,17,64,21,2708,-3962459.593470402,-3961048.1626344672,3401.1590355433887,-3946826.212825693,4.376636500004679,0.900951709552344
2,17,65,21,2729,-3962459.593470402,-3959845.849318053,5608.205640034807,-3945432.9763073027,7.003042299998924,0.9016794961511546
2,17,66,20,2749,-3962459.593470402,-3961062.2074214155,3689.068649330302,-3945693.8145894,6.853870499995537,0.9023627519110493
2,17,67,20,2769,-3962459.593470402,-3960550.8905909373,4772.267867251272,-3945810.8699443825,4.131413399998564,0.9030365769496205
2,17,68,20,2789,-3962459.593470402,-3960622.686891048,4727.559443740427,-3945747.679894075,4.712525799986906,0.9037011651816312
2,17,69,19,2808,-3962459.593470402,-3961460.2310806583,3642.1698851619385,-3946014.672872329,4.2458670000196435,0.9043241402791965
2,17,70,19,2827,-3962459.593470402,-3960607.3454203047,4991.581424463009,-3946003.6773614325,4.671071899996605,0.9049391069012178
2,17,71,19,2846,-3962459.593470402,-3962253.102686866,217.05331322912483,-3961462.8634812757,4.587650999950711,0.9055462184873949
2,17,72,18,2864,-3962459.593470402,-3961175.063633331,3842.5873831231693,-3946112.4766981415,4.184477699978743,0.9061142666221182
2,17,73,18,2882,-3962471.229973605,-3961811.3756732303,1651.6083223094893,-3957010.3102044836,4.142017500009388,0.9066755230820326
2,17,74,18,2900,-3962471.2386299744,-3962378.440948449,120.81842539894653,-3961960.5711820293,4.162317599984817,0.9072301089468472
2,17,75,17,2917,-3962471.2386299744,-3962426.576457843,29.8439967190758,-3962364.67755449,4.231047600042075,0.9077478660538411
2,17,76,17,2934,-3962471.2386299744,-3961145.0040142946,3933.5976353143124,-3946166.450454615,4.076272499980405,0.9082598759386222
2,17,77,17,2951,-3962472.866104305,-3962420.030557153,68.51046721526771,-3962191.392886054,4.140049299981911,0.9087662337662338
2,17,78,16,2967,-3962472.866104305,-3962436.7843872737,35.27356772266561,-3962318.4377408773,3.4065138999721967,0.9092377260981912
2,17,79,16,2983,-3962472.866104305,-3962439.890182534,26.99988521704918,-3962379.0381992925,3.126352100051008,0.9097043701799485
2,17,80,16,2999,-3962472.866104305,-3961408.726054427,3957.424583937222,-3946082.227207508,3.51248089998262,0.9101662404092071
2,17,81,15,3014,-3962473.959771689,-3962444.8533320623,25.909572849793605,-3962375.359693328,3.4973377999849617,0.9105949729557747
2,17,82,15,3029,-3962475.265024148,-3962458.1761171157,16.656643826396575,-3962426.7384413145,3.404018500004895,0.9110196326789107
2,17,83,15,3044,-3962475.265024148,-3960730.1179606975,2432.1517033544023,-3957272.276457846,3.4323099000030197,0.9114402773400567
2,17,84,15,3059,-3962475.265024148,-3961774.378232989,1755.0237224782613,-3957298.6934892572,3.046297700027935,0.9118569636135508
2,17,85,14,3073,-3962475.265024148,-3961727.9984536483,1801.1515731015752,-3957314.4841170628,2.962159199989401,0.9122423485321673
2,17,86,14,3087,-3962475.265767509,-3962090.7287186226,1330.6537547065218,-3957293.3598879,2.979442799987737,0.9126243781094527
2,17,87,14,3101,-3962475.265767509,-3961733.1758903675,1811.9844858254837,-3957290.821035184,3.361663200019393,0.9130030959752322
2,17,88,13,3114,-3962475.265767509,-3961672.128253321,1864.8153698577596,-3957295.701064892,2.8608920000260696,0.9133518347209374
2,17,89,13,3127,-3962475.265767509,-3962470.985929479,4.44346658263484,-3962458.104199106,3.2353294999920763,0.9136977886977887
2,17,90,13,3140,-3962475.265767509,-3962071.952815106,1380.5576060200476,-3957289.6213324815,2.8841292000142857,0.9140409911287856
2,17,91,13,3153,-3962475.265767509,-3961277.380340128,2180.0011170538805,-3957292.241022572,2.8435951999854296,0.9143814747105423
2,17,92,12,3165,-3962475.265767509,-3962042.1182864793,1432.7056590014138,-3957290.3717877995,2.75997939996887,0.9146933819064966
2,17,93,12,3177,-3962475.265767509,-3961611.513972124,1928.6087341920047,-3957290.5816058554,2.762979399994947,0.9150030248033878
2,17,94,12,3189,-3962475.26894857,-3962041.9325400866,1430.952216590713,-3957296.0090420917,3.1699142000288703,0.9153104279686558
2,17,95,12,3201,-3962475.26894857,-3962470.881189168,3.657121264311336,-3962464.92992731,2.799083599995356,0.9156156156156157
2,17,96,12,3213,-3962475.26894857,-3961175.928335373,2237.6636776709615,-3957295.701067617,2.81524939998053,0.9159186116098145
2,17,97,11,3224,-3962475.26894857,-3962003.2813412244,1485.5045510735933,-3957305.706309002,2.687235999968834,0.9161944527288995
2,17,98,11,3235,-3962475.26894857,-3962471.4196756724,7.592478560219385,-3962448.1125116535,2.73107420001179,0.9164684898929846
2,17,99,11,3246,-3962475.26894857,-3961059.9423505827,2301.8484500719487,-3957293.41183728,2.725015399977565,0.9167407407407407
2,17,100,11,3257,-3962475.26894857,-3961533.6908664885,1994.3499434773692,-3957290.166460132,2.69617329997709,0.9170112226816303
2,17,101,10,3267,-3962475.26894857,-3962472.144754818,4.44064411880263,-3962462.3288320005,2.606801700021606,0.9172555948174322
2,17,102,10,3277,-3962475.4973050766,-3962472.963163276,4.515654392671506,-3962459.560215313,2.990216899954248,0.9174985320023488
2,17,103,10,3287,-3962475.4973050766,-3961439.656401743,2069.1387775335174,-3957297.0810656883,2.5914464999805205,0.9177400468384075
2,17,104,10,3297,-3962475.4973050766,-3960923.237239655,2365.611990199189,-3957304.6165999174,2.996563700027764,0.9179801517805021
2,17,105,10,3307,-3962475.4973050766,-3961955.9094167612,1550.41050900054,-3957304.6844928656,2.5457539999624714,0.9182188591385332
2,17,106,10,3317,-3962475.4973050766,-3961438.1481602592,2068.3284929317706,-3957297.1635558233,2.613326799997594,0.9184561810795124
2,17,107,9,3326,-3962475.4973050766,-3961897.086524195,1630.3345309825672,-3957285.8058649506,2.608857800019905,0.9186685962373372
2,17,108,9,3335,-3962475.4973050766,-3962473.1933817663,4.006427997604933,-3962461.9901362006,2.5009315999923274,0.9188799076212472
2,17,109,9,3344,-3962475.4973050766,-3962473.3664002535,2.391639807210625,-3962466.8744202964,2.852161300019361,0.9190901238122661
2,17,110,9,3353,-3962475.4973050766,-3962474.1529230666,1.2951287298635974,-3962470.86485295,2.4356503999442793,0.9192992533026996
2,17,111,9,3362,-3962475.4973050766,-3962474.606031945,0.8355586752011843,-3962472.449789647,2.9215554000111297,0.9195073044972787
2,17,112,8,3370,-3962475.4973050766,-3962474.346340768,0.8328588869631528,-3962472.3355741855,1.3941510999575257,0.9196913403829665
2,17,113,8,3378,-3962475.4973050766,-3962474.5213211933,0.7315925244251664,-3962473.345092073,1.8846682999865152,0.9198745366410037
2,17,114,8,3386,-3962475.4973050766,-3962473.820788229,0.9292815065455632,-3962472.238941608,1.8501463000429794,0.9200568990042675
2,17,115,8,3394,-3962475.4973050766,-3962472.972965408,2.5801844260807094,-3962466.7931259032,1.9014637999935076,0.9202384331535624
2,17,116,8,3402,-3962475.4973050766,-3962474.5364688905,0.6937094930932426,-3962473.1931286156,1.5938873999984935,0.9204191447182102
2,17,117,8,3410,-3962475.5069181416,-3962474.6873421334,0.6408940056949197,-3962473.165881438,1.9006807999685407,0.9205990392766318
2,17,118,8,3418,-3962475.5069181416,-3962474.6303911693,0.7003369404043535,-3962473.420284452,1.537066999997478,0.9207781223569214
2,17,119,7,3425,-3962475.5069181416,-3962474.697994612,0.3869606192383916,-3962474.2267639935,1.4781832000007853,0.9209341586944289
2,17,120,7,3432,-3962475.5069181416,-3962474.7407310596,0.3772618715731588,-3962474.276530586,1.486206299974583,0.9210895815782084
2,17,121,7,3439,-3962475.5069181416,-3962474.3805486495,0.5993532576769909,-3962473.4670187198,1.786059900012333,0.9212443946188341
2,17,122,7,3446,-3962475.5069181416,-3962474.716438096,0.7043344074024801,-3962473.679545032,1.80661929998314,0.9213986013986014
2,17,123,7,3453,-3962475.5069181416,-3962474.7030719733,0.5952019497615533,-3962473.5466446728,1.7633782999473624,0.9215522054718035
2,17,124,7,3460,-3962475.5069181416,-3962474.9564059633,0.5369880311354729,-3962473.7869402952,1.7890764999901876,0.9217052103650042
2,17,125,7,3467,-3962475.5069181416,-3962474.5063029444,0.7041209525580463,-3962473.243944261,1.8032430000021122,0.9218576195773082
2,17,126,7,3474,-3962475.5069181416,-3962474.7996467957,0.39772339029984166,-3962474.2252802365,1.7936645000008866,0.9220094365806273
2,17,127,6,3480,-3962475.5069181416,-3962474.632913642,0.4253230820393638,-3962474.210584514,1.3530789999640547,0.9221390967026877
2,17,128,6,3486,-3962475.5069181416,-3962475.149804169,0.5204165300167953,-3962474.108743267,1.7432730000000447,0.9222683264177041
2,17,129,6,3492,-3962475.5069181416,-3962474.9644146697,0.27236155735726053,-3962474.582901869,1.7064290000125766,0.9223971278652306
2,17,130,6,3498,-3962475.5069181416,-3962474.385370534,0.8831896411250096,-3962472.632094534,1.3589073999901302,0.9225255031706645
2,17,131,6,3504,-3962475.5069181416,-3962474.738028265,0.3978020911329004,-3962474.1384788603,1.3764966999879107,0.922653454445362
2,17,132,6,3510,-3962475.5069181416,-3962474.39180116,0.40947923610860726,-3962473.9184840377,1.3822618999984115,0.9227809837867545
2,17,133,6,3516,-3962475.5069181416,-3962474.6711769085,0.6755957483251318,-3962473.5729285497,1.3825049999868497,0.9229080932784637
2,17,134,6,3522,-3962475.5069181416,-3962474.47918394,0.5324300546103276,-3962473.859367665,1.7372071000281721,0.9230347849904136
2,17,135,5,3527,-3962475.5069181416,-3962474.5851774723,0.2437280409464004,-3962474.2226148974,1.628072699997574,0.9231400437636762
2,17,136,5,3532,-3962475.5069181416,-3962475.2499440075,0.4802281326899143,-3962474.2903269865,1.2636439999914728,0.9232450150232177
2,17,137,5,3537,-3962475.5069181416,-3962474.7874142295,0.44173964393015047,-3962474.3207792733,1.2907109000370838,0.9233496999454446
2,17,138,5,3542,-3962475.5069181416,-3962475.0843151496,0.2175440382614783,-3962474.8788642157,1.2815577000146732,0.9234540997003541
2,17,139,5,3547,-3962475.5069181416,-3962474.530597204,0.5680596455118951,-3962473.8321150914,1.284781700000167,0.9235582154515778
2,17,140,5,3552,-3962475.5069181416,-3962475.181011933,0.38855118264469485,-3962474.5513436235,1.649821700004395,0.9236620483564248
2,17,141,5,3557,-3962475.5069181416,-3962474.965413724,0.47603440846274947,-3962474.2926132996,1.6073292000219226,0.9237655995659251
2,17,142,5,3562,-3962475.5669992007,-3962474.5948435455,0.8373173476360618,-3962473.4729244467,1.6157543999725021,0.9238688702248713
2,17,143,5,3567,-3962475.5669992007,-3962475.008919438,0.40849730531644446,-3962474.4304460976,1.2712430999963544,0.9239718614718615
2,17,144,5,3572,-3962475.5669992007,-3962475.0097991936,0.40727825359499775,-3962474.437271055,1.6544438999844715,0.9240745744393407
2,17,145,5,3577,-3962475.5669992007,-3962475.1750227073,0.4967255489877398,-3962474.2315870617,1.6144809999968857,0.9241770102536427
2,17,146,4,3581,-3962475.5669992007,-3961180.6083346484,2241.190194679473,-3957298.753100576,1.1808801000006497,0.9242587601078167
2,17,147,4,3585,-3962475.5669992007,-3961180.5036645583,2241.5884808388146,-3957297.9586589076,1.2160261000390165,0.9243403338718363
2,17,148,4,3589,-3962475.5669992007,-3962475.028849562,0.5256840541914553,-3962474.2345348746,1.2177575000096112,0.9244217321140398
2,17,149,4,3593,-3962475.5669992007,-3962475.083190603,0.4904757994378639,-3962474.3024127353,1.5589993000030518,0.9245029554003225
2,17,150,4,3597,-3962475.5669992007,-3954315.841328609,8159.451783002978,-3946156.383554077,1.1795583000057377,0.9245840042941492
2,18,0,72,72,28979007.563793004,215778512.09890965,107026957.5160226,427829332.4181625,134.05881310004042,0.6875
2,18,1,72,144,7516064.396552303,172435132.87501913,99708742.81612428,422182697.80628765,128.24845790001564,0.6431372549019608
2,18,2,69,213,-371057.13118711114,126632941.60391814,83598925.14620289,322201535.21081424,115.93157120002434,0.6236263736263736
2,18,3,68,281,-371057.13118711114,91348174.66227554,71236218.00790507,282333398.81370854,92.0528261999716,0.6594360086767896
2,18,4,67,348,-371057.13118711114,65170621.06817321,68433970.95794466,310798949.43109816,73.6011391999782,0.6616257088846881
2,18,5,65,413,-1360377.3061538339,35131297.76054036,43018734.59423073,176715086.5016451,58.065180799982045,0.67008547008547
2,18,6,64,477,-1360377.3061538339,30578837.20688624,41977453.65336877,173410269.14660448,42.81943059997866,0.6763285024154589
2,18,7,63,540,-1843960.096461136,17235598.462514974,23408321.411932964,120969243.52412951,42.670976000023074,0.6824427480916031
2,18,8,62,602,-2888821.3473742995,11005802.726411184,17716547.21187849,94941838.76219681,37.4901049999753,0.6885007278020379
2,18,9,61,663,-2888821.3473742995,7952301.780508524,10941764.601569721,46036244.84200055,39.505861299985554,0.6875871687587168
2,18,10,59,722,-2888821.347389644,4415008.86203058,7270407.591738652,38412290.77847671,36.373317899997346,0.696
2,18,11,58,780,-3715776.377985444,2316621.054652393,4709485.773231255,25815737.16787622,34.701931299990974,0.7047496790757382
2,18,12,57,837,-3715776.377985444,2954003.331383962,6387687.791380949,28066588.146809228,35.50101770000765,0.7114673242909988
2,18,13,56,893,-3715776.377985444,2111352.132980744,5764572.800807289,25654152.08086837,39.69683839997742,0.71900826446281
2,18,14,55,948,-3822841.8659981936,1328865.713348524,4854837.911733294,20755184.554628536,43.281993499957025,0.7271702367531003
2,18,15,54,1002,-3822841.8659981936,805760.6350392412,5488377.30088369,19007840.086138032,37.74425909999991,0.7372972972972973
2,18,16,53,1055,-3822841.8659981936,1670685.6311880245,5311712.167312829,18837241.99753149,37.854567100002896,0.7440166493236212
2,18,17,52,1107,-3856391.5335969683,1096269.509806042,5664840.608968362,16312570.586031767,40.459340500005055,0.7529880478087649
2,18,18,51,1158,-3856391.5335969683,1135262.870954221,5458493.04365724,21610127.751106996,42.9943608000176,0.7604961832061069
2,18,19,50,1208,-3933185.903756842,-636420.6552905471,3344012.492528685,11925357.222043179,40.063018599990755,0.7696526508226691
2,18,20,49,1257,-3933185.903756842,-410333.47206612997,3970838.642771486,13122610.03246148,47.069722299987916,0.7773882559158632
2,18,21,48,1305,-3933185.903756842,47846.65741983518,5320657.181697987,23091138.305680044,40.87611559999641,0.7841483979763912
2,18,22,47,1352,-3949861.3625865914,-1983456.0085422841,2602271.6653262163,9613945.961553711,46.21516260004137,0.7915993537964459
2,18,23,46,1398,-3949861.3625865914,-1354275.5382600215,4027343.5936638056,11414855.183116782,47.588556799979415,0.7976744186046512
2,18,24,46,1444,-3949861.3625865914,-2396730.9368920713,2279511.8832765925,8993878.484723967,45.358448999992106,0.8019431988041853
2,18,25,45,1489,-3949861.3625865914,-1816776.0928976364,3222367.5840429184,11810032.509726131,38.19723370001884,0.8054953000723066
2,18,26,44,1533,-3952226.6690873355,-2792905.009668776,1884514.507617767,5663587.682735909,32.42174159997376,0.810791871058164
2,18,27,43,1576,-3952226.6690873355,-2738473.098476717,2758094.0203943513,11953375.067923183,33.67643530003261,0.8149659863945579
2,18,28,42,1618,-3952226.6690873355,-3135722.4358035945,1533570.7139049436,3927567.2612119294,38.02142320002895,0.8181216931216931
2,18,29,41,1659,-3952226.6690873355,-2492344.439655243,3281178.7345329914,9533471.253407197,37.78077230002964,0.8200514138817481
2,18,30,41,1700,-3952226.6690873355,-2306987.8060488696,4186576.9352011345,12366119.963142477,39.23844679998001,0.820737039350406
2,18,31,40,1740,-3953412.2599984203,-3057632.1563451546,2480706.956156211,6103268.061763981,29.672655100002885,0.8233861144945189
2,18,32,39,1779,-3953412.2599984203,-3744828.413450774,644001.3086112493,194360.63319917768,32.04972640000051,0.8245406046235921
2,18,33,38,1817,-3955120.8802102786,-3686395.99654302,895612.9396618933,1700443.065223094,32.5113735999912,0.8260115606936416
2,18,34,38,1855,-3955120.8802102786,-3721541.8381469264,1064856.3446920253,2751237.160760382,29.373987000028137,0.8274111675126904
2,18,35,37,1892,-3955341.0861934684,-3868579.159021954,133747.10082595915,-3369460.941462619,38.90095559996553,0.8268279274326553
2,18,36,36,1928,-3955341.0861934684,-3779084.1741440305,841065.9309544385,1190595.4501196556,30.324221100017894,0.8275120902740463
2,18,37,36,1964,-3955341.0861934684,-3843990.357322348,304692.4892245298,-2189491.9992469177,30.228819700016174,0.8278215223097113
2,18,38,35,1999,-3955341.0861934684,-3899677.037860926,84140.87153526739,-3498046.861165149,16.5466837999993,0.8304997424008244
2,18,39,34,2033,-3961868.128478162,-3919763.4030722342,49181.84255383487,-3717069.005033713,26.82075709995115,0.8304742684157417
2,18,40,34,2067,-3961868.128478162,-3925607.0422960115,40107.1572906754,-3732465.435495373,24.687137599976268,0.8312716476991588
2,18,41,33,2100,-3961868.128478162,-3929712.089186331,40342.98191947287,-3745122.105583092,22.927658000029624,0.8319572608062166
2,18,42,32,2132,-3961868.128478162,-3928315.1765562575,32076.9865101261,-3848584.6411599237,19.99225770001067,0.8337314859053989
2,18,43,32,2164,-3961868.128478162,-3941741.980956048,18633.05343180468,-3881863.4101549946,19.991990100010298,0.8350563909774437
2,18,44,31,2195,-3961868.128478162,-3925760.1940207784,52893.684035966326,-3720917.6455935724,15.52402469998924,0.8362627197039778
2,18,45,31,2226,-3961868.128478162,-3938670.2129987855,21023.805758409406,-3886986.666665299,15.41471870004898,0.8385772913816689
2,18,46,30,2256,-3961868.128478162,-3945084.140192361,14966.937839832997,-3905273.0727797747,18.204433700011577,0.84
2,18,47,29,2285,-3961868.128478162,-3948989.1173288305,13503.82542807113,-3901328.9442096353,13.410652099992149,0.8416851441241685
2,18,48,29,2314,-3961868.128478162,-3948682.504811686,17043.4022847064,-3886473.3583600726,15.226285999990068,0.8433260393873085
2,18,49,28,2342,-3961868.128478162,-3952095.6429378404,9970.086931729995,-3924204.32878886,9.103358299995307,0.845222654561176
2,18,50,28,2370,-3961868.128478162,-3954527.733954168,10563.43923889079,-3910765.3715305384,8.490940399991814,0.8470739000427168
2,18,51,27,2397,-3961868.128478162,-3951625.2212631474,14141.364211395941,-3890216.1092718504,8.83978430001298,0.8488175675675675
2,18,52,27,2424,-3962299.1336746737,-3952639.59489972,12029.370934540222,-3902709.7712639775,8.641824699996505,0.8505219206680584
2,18,53,26,2450,-3962299.1336746737,-3952695.9830283793,19569.69923469814,-3885349.4312580638,5.65007750003133,0.85212722015696
2,18,54,26,2476,-3962299.1336746737,-3957014.259171113,5789.065253131288,-3941221.70930619,6.310682500014082,0.8536984062116878
2,18,55,25,2501,-3962299.1336746737,-3959531.715962066,3133.237997625561,-3946576.4873323254,5.743665200017858,0.8551779935275081
2,18,56,25,2526,-3962299.1336746737,-3957991.941857006,7492.223118915357,-3929925.1602643877,5.707406400004402,0.8566279535442531
2,18,57,24,2550,-3962299.1336746737,-3959514.464898282,3257.374818548732,-3946665.2768720537,7.747036800021306,0.8579928599761999
2,18,58,24,2574,-3962299.1336746737,-3958633.8005052046,6376.362410841378,-3940435.617933996,4.759690900042187,0.8593320235756385
2,18,59,23,2597,-3962361.687813809,-3960306.9838584317,2277.668258302955,-3955707.9143821094,8.562551599985454,0.8605919003115264
2,18,60,23,2620,-3962361.687813809,-3960201.1828789194,4143.921765559032,-3943969.458371954,4.539718200045172,0.8618294094944037
2,18,61,23,2643,-3962428.1717067976,-3960114.010349358,4096.594128917256,-3943681.942842411,4.985089200024959,0.8630451415455241
2,18,62,22,2665,-3962428.1717067976,-3959366.5632780697,5501.351972020609,-3945926.7596505433,4.779981400002725,0.8641881638846738
2,18,63,22,2687,-3962447.7404941693,-3960246.2309472947,4587.318742651663,-3946216.19746729,5.06026539998129,0.8653122648607976
2,18,64,21,2708,-3962447.7404941693,-3961624.8998707957,1629.0000407300388,-3955450.8923000433,4.820870800002012,0.866368047779022
2,18,65,21,2729,-3962447.7404941693,-3960350.6249481863,4827.117384006338,-3945498.967516482,4.46487209998304,0.8674074074074074
2,18,66,20,2749,-3962454.065358918,-3960283.7683246257,4985.591639500701,-3945347.3286067396,4.3338263999903575,0.8683823529411765
2,18,67,20,2769,-3962454.065358918,-3962272.9919834533,257.6929222595348,-3961290.5935727693,4.416946300014388,0.8693430656934307
2,18,68,20,2789,-3962468.374636393,-3959665.8704383858,6231.615627434238,-3942467.771445716,4.8071669999626465,0.8702898550724638
2,18,69,19,2808,-3962472.812972581,-3957538.689027541,8213.900344188529,-3941173.86637816,4.235562900023069,0.8711766822598057
2,18,70,19,2827,-3962472.812972581,-3961463.972074286,3665.878095274643,-3945940.732945539,4.337689100007992,0.8720514653323803
2,18,71,19,2846,-3962472.812972581,-3960680.5258689616,5003.231530876268,-3946065.168995673,4.24235439999029,0.8729144479943202
2,18,72,18,2864,-3962472.812972581,-3960893.7653747923,4069.821127776501,-3945471.6658357345,4.250169100007042,0.8737213403880071
2,18,73,18,2882,-3962472.812972581,-3960508.041244824,5110.693654902513,-3946027.429025227,4.59844760003034,0.8745180511742026
2,18,74,18,2900,-3962472.812972581,-3962152.408448082,1175.2804848391695,-3957307.673171945,4.523093499999959,0.875304771856496
2,18,75,17,2917,-3962472.812972581,-3961832.0748533774,1671.8815255852082,-3957238.048755819,4.11480780004058,0.8760387811634349
2,18,76,17,2934,-3962472.812972581,-3962093.481117367,1211.065703828876,-3957296.074109476,4.058101599977817,0.8767641996557659
2,18,77,17,2951,-3962473.9424329307,-3962139.8091615476,1213.9477645333504,-3957286.181530755,4.063133699994069,0.8774811772758385
2,18,78,16,2967,-3962474.7825565096,-3962452.00059066,20.424666104546453,-3962407.8614254836,3.516378899978008,0.8781484002722941
2,18,79,16,2983,-3962474.7825565096,-3962448.8007457475,32.662844616398296,-3962338.901796112,3.5223177000298165,0.8788083953960731
2,18,80,16,2999,-3962474.7885296047,-3961436.4312524074,3940.0968347198695,-3946176.9383972716,3.55535169999348,0.8794612794612795
2,18,81,15,3014,-3962475.0980840903,-3961377.8872723123,4070.699111680262,-3946146.7860995363,3.03100540000014,0.8800670016750419
2,18,82,15,3029,-3962475.0980840903,-3961381.0035740566,4075.2082836635645,-3946132.9858812075,3.4295043000020087,0.8806666666666667
2,18,83,15,3044,-3962475.0980840903,-3962470.294973728,7.321219988560408,-3962444.3924019784,2.992481100023724,0.8812603648424544
2,18,84,15,3059,-3962475.0980840903,-3960295.3931771517,5546.473953962545,-3946142.019988237,3.50111749995267,0.8818481848184818
2,18,85,14,3073,-3962475.0980840903,-3962472.710875973,1.936560871364286,-3962467.601331301,3.2913040000130422,0.8823915900131406
2,18,86,14,3087,-3962475.0980840903,-3960122.6570295678,5704.947112151377,-3946148.2240973674,2.950382700015325,0.8829300196206671
2,18,87,14,3101,-3962475.0980840903,-3958902.811318249,6838.561655876995,-3945130.1254940704,3.011758500011638,0.8834635416666666
2,18,88,13,3114,-3962475.0980840903,-3961217.2822603974,4349.471006050403,-3946150.279136386,3.1809596000239253,0.8839546191247974
2,18,89,13,3127,-3962475.0980840903,-3962474.1844118033,0.843616295632309,-3962472.2205689047,2.794921999971848,0.8844415752098128
2,18,90,13,3140,-3962475.0980840903,-3962398.5864459127,261.67378192850254,-3961492.128077591,2.833078800002113,0.8849244615879138
2,18,91,13,3153,-3962475.0980840903,-3962473.9373944616,1.0716998475645914,-3962471.176768532,3.239740899996832,0.885403329065301
2,18,92,12,3165,-3962475.0980840903,-3962305.575222382,385.5037469762901,-3961260.8831459954,2.755201699968893,0.8858418367346939
2,18,93,12,3177,-3962475.0980840903,-3962474.651050292,0.3530696565134748,-3962473.837066224,2.818267199967522,0.886277001270648
2,18,94,12,3189,-3962475.0980840903,-3961084.317564011,4502.059955676643,-3946156.316241853,3.0972261000424623,0.8867088607594936
2,18,95,12,3201,-3962475.1358969808,-3962473.9890904226,2.2286776730536637,-3962466.8308697995,2.7478151000104845,0.8871374527112232
2,18,96,12,3213,-3962475.1358969808,-3961114.392258411,4510.639188648277,-3946154.294681683,2.7998414000030607,0.8875628140703518
2,18,97,11,3224,-3962475.1358969808,-3960990.2910841987,4689.336140321974,-3946161.3108086456,2.6891457000165246,0.8879499217527387
2,18,98,11,3235,-3962475.1358969808,-3960990.685095015,4690.965225093547,-3946156.55092014,3.0677235999610275,0.8883343730505302
2,18,99,11,3246,-3962475.1358969808,-3958024.9638438285,7266.035606674067,-3946156.6845282596,2.7110197999863885,0.8887161952129313
2,18,100,11,3257,-3962475.4897967577,-3959507.1071703285,6295.1124163106915,-3946150.141099645,2.7308293999521993,0.88909541511772
2,18,101,10,3267,-3962475.4897967577,-3959209.1746057337,6529.985236739031,-3946140.678396512,2.5889678999665193,0.8894379246448425
2,18,102,10,3277,-3962475.4897967577,-3960842.0097080707,4896.370128158905,-3946152.8998182844,2.631989999965299,0.8897783251231527
2,18,103,10,3287,-3962475.4897967577,-3962474.5620121746,0.49234671708056493,-3962473.4463448115,2.576165500038769,0.8901166359729895
2,18,104,10,3297,-3962475.4897967577,-3962474.509666012,0.455871728462247,-3962473.5395538993,2.6154176000272855,0.890452876376989
2,18,105,10,3307,-3962475.4897967577,-3962474.861765689,0.2518278102548466,-3962474.5187751986,2.588645500014536,0.8907870652837095
2,18,106,10,3317,-3962475.4996787366,-3962474.2957841917,1.138386788801673,-3962471.964615004,2.609544900013134,0.8911192214111923
2,18,107,9,3326,-3962475.5010591038,-3962474.445508327,0.47730560433411373,-3962473.8599576093,2.6006622999557294,0.8914164391871399
2,18,108,9,3335,-3962475.5010591038,-3960661.543246174,5128.150320261858,-3946156.943903759,2.641911499958951,0.8917120387174834
2,18,109,9,3344,-3962475.5010591038,-3962474.0590663264,0.897553287914149,-3962472.1839623116,2.5460219000233337,0.8920060331825038
2,18,110,9,3353,-3962475.5010591038,-3962474.5319974795,0.44269651977310487,-3962473.8263307847,2.5643218000186607,0.8922984356197352
2,18,111,9,3362,-3962475.5010591038,-3962474.530726802,0.6939107835366347,-3962473.3720741402,2.559136600000784,0.8925892589258926
2,18,112,8,3370,-3962475.501124706,-3962474.6151777594,0.8964060775951598,-3962472.549060533,1.4467240999802016,0.8928464531577373
2,18,113,8,3378,-3962475.5067835525,-3962474.9189695204,0.4504322396777273,-3962473.999655513,1.5720106000080705,0.8931024186324276
2,18,114,8,3386,-3962475.5067835525,-3962473.9931421783,0.776811822693515,-3962472.3065650947,1.9300749999820255,0.893357164134644
2,18,115,8,3394,-3962475.5067835525,-3962474.164852118,0.7264707634977642,-3962473.204204185,1.5268792000133544,0.8936106983655275
2,18,116,8,3402,-3962475.5067835525,-3962474.261047294,0.5478223347175287,-3962473.1674651355,1.93829600000754,0.8938630299436703
2,18,117,8,3410,-3962475.5067835525,-3962473.648199153,1.8137621748505812,-3962468.951834306,1.5377733000204898,0.8941141674060928
2,18,118,8,3418,-3962475.5067835525,-3962473.198722136,3.2000709567392875,-3962465.0811252594,2.0381891999859363,0.8943641192092062
2,18,119,7,3425,-3962475.5067835525,-3962474.9156966084,0.47220706086540004,-3962473.9902208447,1.4677527000312693,0.8945818610129564
2,18,120,7,3432,-3962475.5067835525,-3962474.4429446044,1.1083931484620801,-3962472.104375124,1.480486300017219,0.8947987070232148
2,18,121,7,3439,-3962475.5168185253,-3962474.561960034,1.2283180354225358,-3962472.272850735,1.903539999970235,0.8950146627565982
2,18,122,7,3446,-3962475.5168185253,-3962474.6880904967,0.9811583776171373,-3962472.678428391,1.7931145000038669,0.8952297336845186
2,18,123,7,3453,-3962475.5168185253,-3962474.6716715395,1.0104341597983482,-3962472.4386907723,1.475327100022696,0.8954439252336449
2,18,124,7,3460,-3962475.5168185253,-3962474.7866709186,0.6260358648551588,-3962473.8672340643,1.467927800025791,0.8956572427863596
2,18,125,7,3467,-3962475.5168185253,-3962474.4039469296,0.4777987348448855,-3962474.0051025394,1.4775259000016376,0.89586969168121
2,18,126,7,3474,-3962475.5168185253,-3962475.0464090416,0.5724761819458613,-3962473.879987208,1.4781454000039957,0.8960812772133527
2,18,127,6,3480,-3962475.5168185253,-3962474.568195216,1.1447953307711445,-3962472.3723978307,1.3784158999915235,0.8962619530570849
2,18,128,6,3486,-3962475.522792561,-3962475.14525962,0.4455767175555022,-3962474.2832196243,1.3655004000174813,0.896442001735609
2,18,129,6,3492,-3962475.522792561,-3962475.2853098437,0.2943951143485111,-3962474.7811653167,1.3827239999664016,0.8966214265088074
2,18,130,6,3498,-3962475.522792561,-3962475.196593324,0.4504007638049055,-3962474.530652307,1.771836899977643,0.8968002306140098
2,18,131,6,3504,-3962475.522792561,-3962475.1736700223,0.4558912869686982,-3962474.4875967056,1.7407733000000007,0.8969784172661871
2,18,132,6,3510,-3962475.522792561,-3962475.255703341,0.29445631633506614,-3962474.715752909,1.6908653000136837,0.8971559896581442
2,18,133,6,3516,-3962475.522792561,-3962475.3478471623,0.3503389700444178,-3962474.564927578,1.3560280999518,0.8973329509607112
2,18,134,6,3522,-3962475.522792561,-3959755.647006985,6081.634381473649,-3946156.699118573,1.7180430999724194,0.8975093043229315
2,18,135,5,3527,-3962475.522792561,-3959368.845848811,2536.5852146730135,-3957297.2919862643,1.61531720001949,0.8976558033161807
2,18,136,5,3532,-3962475.522792561,-3962475.470880841,0.047898351499055906,-3962475.3852581456,1.2526568999746814,0.8978018840993435
2,18,137,5,3537,-3962475.522792561,-3961439.994892621,2070.570565776338,-3957298.853802722,1.2861152999685146,0.8979475484606614
2,18,138,5,3542,-3962475.522792561,-3962475.263609135,0.3118882761507483,-3962474.813105652,1.616924099973403,0.8980927981781953
2,18,139,5,3547,-3962475.522792561,-3962475.5190022974,0.0016362197610985407,-3962475.5170562547,1.2833791999728419,0.8982376350198976
2,18,140,5,3552,-3962475.522792561,-3962475.1910427376,0.6018627406977093,-3962473.9892179146,1.2812504000030458,0.8983820607436843
2,18,141,5,3557,-3962475.522792561,-3962475.519557205,0.002455662019965626,-3962475.5151321013,1.288932100054808,0.8985260770975056
2,18,142,5,3562,-3962475.522792561,-3962475.3317003236,0.3543088061982129,-3962474.623761885,1.2886670000152662,0.898669685819417
2,18,143,5,3567,-3962475.522792561,-3962475.5160320876,0.008476883196655752,-3962475.499357665,1.282019499980379,0.8988128886376484
2,18,144,5,3572,-3962475.5230851173,-3962475.519255282,0.005325133121217875,-3962475.508724479,1.6592682999907993,0.8989556872706745
2,18,145,5,3577,-3962475.5230851173,-3962475.5106363473,0.01760807200772007,-3962475.4759306125,1.2551539999549277,0.8990980834272829
2,18,146,4,3581,-3962475.5230851173,-3962475.520410748,0.0010362014108702678,-3962475.5187081583,1.2101655000005849,0.8992117117117117
2,18,147,4,3585,-3962475.5233358163,-3962475.5208534137,0.0017881185345379664,-3962475.518279895,1.2043377999798395,0.8993250843644545
2,18,148,4,3589,-3962475.523623828,-3962475.107391337,0.7206520667325125,-3962473.8591853846,1.2045721000176854,0.8994382022471911
2,18,149,4,3593,-3962475.524161238,-3962475.278122487,0.4235663070448167,-3962474.5444860905,1.559570999990683,0.8995510662177328
2,18,150,4,3597,-3962475.524161238,-3962475.412856374,0.18834066970185104,-3962475.086651614,1.5708936000009999,0.8996636771300448
2,19,0,72,72,29811219.72822915,217437539.89909247,94805220.9346377,448299739.22124493,133.13050689996453,0.6796875
2,19,1,72,144,10006928.652786314,183486201.39744765,90551432.71887584,420275694.36581856,123.92667209997308,0.683206106870229
2,19,2,69,213,10006928.652786314,127029212.9406405,78341281.90099882,326086469.48012716,114.36850649997359,0.6789473684210526
2,19,3,68,281,3671315.7888577967,81289987.82891707,58848335.2465579,261608878.14647517,103.7442260000389,0.6790890269151139
2,19,4,67,348,3671315.7888577967,63518364.81487915,52484660.218609005,224333728.32138196,86.41599209996639,0.6924428822495606
2,19,5,65,413,2976330.713065074,33812421.196051955,34341076.31632437,146622178.3570286,62.88967790000606,0.7050473186119873
2,19,6,64,477,-2837441.8404828683,26028291.00141813,31948543.69660347,134371737.96988338,62.59872730000643,0.7059679767103348
2,19,7,63,540,-2837441.8404828683,15757144.02360395,16047450.427358206,69907333.83928011,53.72248269995907,0.7066848567530696
2,19,8,62,602,-2837441.8404828683,10678363.812896622,14467006.256473681,99625096.82559888,58.078171900007874,0.7141041931385006
2,19,9,61,663,-2837441.8404828683,8999669.307038413,10547531.338263232,39006236.95378492,50.952689500001725,0.7218225419664268
2,19,10,59,722,-2837441.8404828683,8005302.81741684,10442914.844141172,51012161.549055964,49.07961819996126,0.7272727272727273
2,19,11,58,780,-3298588.7334526815,4901274.68551176,6208028.705141344,36044366.61540829,43.9848283000174,0.7331887201735358
2,19,12,57,837,-3298588.7334526815,3613682.7916801353,7103839.522395221,41217611.28416083,45.517611300048884,0.7404343329886246
2,19,13,56,893,-3298588.7334526815,4297142.031423335,7700875.549261242,31867252.030282613,42.99783619999653,0.746031746031746
2,19,14,55,948,-3472016.3326256666,4041075.5189084723,6303985.303416479,23112901.048666123,46.267056500015315,0.7516587677725118
2,19,15,54,1002,-3472016.3326256666,3557239.110761059,6724614.789474207,24145874.62039233,46.77198620000854,0.7579329102447869
2,19,16,53,1055,-3472016.3326256666,2521037.982594105,6199018.774749457,23779168.17789304,51.39272709999932,0.7642487046632125
2,19,17,52,1107,-3472016.3326256666,2523568.6779274433,5998233.7133261645,26472570.07043628,57.1158935999847,0.7679012345679013
2,19,18,51,1158,-3472016.3326256666,1913279.407273713,5114831.433256067,19583479.25750166,56.482489500020165,0.7723704866562009
2,19,19,50,1208,-3509531.103613399,1986264.7180046362,5870530.597411205,19816418.101769,49.448408900003415,0.780285929270128
2,19,20,49,1257,-3648045.3307285104,1692622.8572884013,5276679.587815991,15624514.499011165,50.65502530004596,0.7871572871572872
2,19,21,48,1305,-3648045.3307285104,333465.31180249754,3918901.4399066507,12319042.532071926,52.14698330004467,0.793222683264177
2,19,22,47,1352,-3882568.390394969,-33768.93745601328,4517584.331135293,18998156.108112216,51.01229740004055,0.7997338656021291
2,19,23,46,1398,-3882568.390394969,2238041.1588711836,7161268.020926561,26125145.24479295,43.77351800003089,0.8059125964010283
2,19,24,46,1444,-3882568.3903986476,226416.23723133592,3594808.1366013014,12050094.75308517,50.390011300041806,0.8094645080946451
2,19,25,45,1489,-3882568.3903986476,1978315.8414409524,7601939.199122959,31944299.538570154,51.18886100000236,0.8133654425045154
2,19,26,44,1533,-3882568.3903986476,469186.0602469444,4808443.550280258,16240205.740217704,42.90484419994755,0.8179696616102684
2,19,27,43,1576,-3882568.3903986476,-267946.00243169704,4735903.635473483,20443272.999854203,47.68457470001886,0.8224985867721877
2,19,28,42,1618,-3928011.803567702,111938.58592590678,5073391.392473267,17028080.012576405,47.11293329996988,0.8256578947368421
2,19,29,41,1659,-3928011.803567702,-531845.8692182706,3911093.323750036,10023477.551070614,44.66813360003289,0.8292422625400213
2,19,30,41,1700,-3928011.803567702,943017.408085401,7198624.158240234,29732328.424151115,41.68109149998054,0.8329864724245577
2,19,31,40,1740,-3928011.803567702,74401.6655128507,5523927.117284851,19463089.110562157,43.4092643999611,0.8362068965517241
2,19,32,39,1779,-3928011.803567702,428045.6722871719,6430391.710513408,29409360.56239578,39.935471899982076,0.8389494549058474
2,19,33,38,1817,-3928011.803567702,-1070042.0454361765,4361233.440669179,12745860.56940087,38.05779220000841,0.8412621359223301
2,19,34,38,1855,-3928011.803567702,1943572.433878646,8276812.242337839,36119279.012959465,38.693266699963715,0.8431558935361216
2,19,35,37,1892,-3949333.1251348294,-409957.17812194396,4520804.552568542,15152494.319622744,35.15435259998776,0.8452935694315005
2,19,36,36,1928,-3949333.1251348294,-222458.20730820493,5292273.018896118,21113442.060316276,40.523333100019954,0.8471017800091283
2,19,37,36,1964,-3949333.1251348294,1658824.0218329942,7452140.502432055,28485599.75589506,38.0109149000491,0.8485663082437276
2,19,38,35,1999,-3949333.1251348294,-566161.679634557,4584490.884337741,12171399.478876973,34.1794394000317,0.8503521126760564
2,19,39,34,2033,-3949333.1251348294,387471.96596039564,5856385.688857735,20919919.292802755,33.93080840003677,0.8519480519480519
2,19,40,34,2067,-3949333.1251348294,54816.48388690121,6017387.716443774,20372156.989798956,39.97201249998761,0.8521036974075649
2,19,41,33,2100,-3951074.242163455,251476.1147321858,6170448.596650405,21750645.56646407,36.58852469996782,0.8527196652719665
2,19,42,32,2132,-3951074.242163455,-476534.5519391741,4304400.30274662,13932286.223740203,36.56072349997703,0.8539094650205762
2,19,43,32,2164,-3951074.242163455,-905738.2446176684,5844500.001400493,25636157.910649832,31.980635799991433,0.8551724137931035
2,19,44,31,2195,-3951074.242163455,1858862.7855568244,8437558.932211062,23343893.119560566,30.82025970000541,0.8566853482786229
2,19,45,31,2226,-3951074.242163455,-192917.5840908522,5475254.571973651,16256773.6930227,28.237852299993392,0.858158830501778
2,19,46,30,2256,-3951074.242163455,-243337.35507787738,6487573.914284776,22983102.233610135,26.94793090003077,0.859594383775351
2,19,47,29,2285,-3951074.242163455,-886330.474940561,3537856.171573556,9921400.733148277,31.2018059999682,0.8611004232397076
2,19,48,29,2314,-3951074.242163455,-420733.6535938916,3983526.060118613,12560863.241289936,31.403722400020342,0.8621867881548975
2,19,49,28,2342,-3951074.242163455,576028.5765528464,6091355.488618594,18904088.997948162,25.702474799996708,0.862885048835462
2,19,50,28,2370,-3951074.242163455,-1152527.1230110435,3894156.7340920665,10475517.749041302,24.801364100014325,0.863821892393321
2,19,51,27,2397,-3951074.242163455,-673778.1706037271,5602440.675426305,21773248.73336952,33.559236700006295,0.8646671543525969
2,19,52,27,2424,-3951074.242163455,-328170.5785041365,6199480.798700099,21879122.637500193,25.654591500002425,0.8654124457308249
2,19,53,26,2450,-3952255.7468045317,-1207669.279052197,5641298.402403962,17687827.918142673,33.92054570000619,0.8655221745350501
2,19,54,26,2476,-3952255.7468045317,-2213018.556959385,3028577.8159031444,11737549.368104247,29.904415900004096,0.8663366336633663
2,19,55,25,2501,-3952255.7468045317,-2398812.9715524954,2679990.7057171664,6451351.073279563,33.7253038000199,0.8661307235232436
2,19,56,25,2526,-3952255.7468045317,511264.6388999693,6654763.152623034,18339976.98741795,30.00358319998486,0.8664821860947769
2,19,57,24,2550,-3952255.7468045317,-750422.114217331,6241371.531328087,24140803.68606204,30.71567820000928,0.8662333219295245
2,19,58,24,2574,-3952255.7468045317,-2259594.359156325,2654475.9819243206,7809853.345313404,33.94453100004466,0.8659898477157361
2,19,59,23,2597,-3952255.7468045317,-2778681.366272202,2158406.508167918,4822068.451176227,32.653042900026776,0.8665551839464883
2,19,60,23,2620,-3952255.7468045317,-2630705.605621631,2181904.6955169584,7063683.90281187,31.22584359999746,0.8663136995367307
2,19,61,23,2643,-3955127.8119472098,-1604974.161258428,5566920.083006431,20122918.630041465,37.15956420003204,0.8649444081098757
2,19,62,22,2665,-3955127.8119472098,-3329244.425574451,741095.2939333863,-1020587.8628603369,33.32885040005203,0.864297253634895
2,19,63,22,2687,-3955127.8119472098,-2621840.449110058,2906506.632424358,8811757.00948742,36.69165399996564,0.8633897223108842
2,19,64,21,2708,-3955127.8119472098,-2302578.2383326106,2213522.8035884555,3228118.9647822157,31.69515029998729,0.8635502210991788
2,19,65,21,2729,-3955127.8119472098,-2408904.028010563,3398936.9061305807,8045606.519969434,31.749566599959508,0.8627696155048452
2,19,66,20,2749,-3955127.8119472098,-3618959.9315385064,393096.48148922017,-2567588.0443919133,31.411222799972165,0.8626662542530158
2,19,67,20,2769,-3955530.5105637703,-3704108.763251851,490581.86598951276,-1902147.2325950004,33.14772430004086,0.8610771113831089
2,19,68,20,2789,-3955530.5105637703,-3190529.148289758,1721983.312733005,3997331.860328297,28.604823000030592,0.8606482883974553
2,19,69,19,2808,-3967395.621929493,-3738960.7699251175,422673.3806334077,-2052903.111961333,33.62477230001241,0.8599700149925037
2,19,70,19,2827,-3970970.1611133516,-3437996.852859287,1362004.6205860279,2232552.1300702784,29.94296190002933,0.8599406528189911
2,19,71,19,2846,-3970970.1611133516,-3689259.506124979,354313.964285503,-2990763.0215848647,31.302259900025092,0.8595357037907728
2,19,72,18,2864,-3970970.1611133516,-3828508.33998232,133287.34245448807,-3515042.078378495,30.82595509995008,0.860302677532014
2,19,73,18,2882,-3970970.1611133516,-3692655.454811986,394010.0826038837,-2321649.2645267826,30.42783080000663,0.8607667915825886
2,19,74,18,2900,-3970970.1611133516,-3199473.4696277874,2484971.7043169443,7007101.527698467,33.69344049994834,0.8606510565391206
2,19,75,17,2917,-3970970.1611133516,-3405739.3984445594,1110298.6559790692,876607.8559583537,29.552622399991378,0.8605374823196605
2,19,76,17,2934,-3970970.1611133516,-3588609.13063436,617197.9631748897,-1321799.1241148533,26.35734039999079,0.8612279226240538
2,19,77,17,2951,-3970970.1611133516,-3676842.0248698946,312559.7628989534,-2752603.494538408,29.06394530000398,0.8611111111111112
2,19,78,16,2967,-3970970.1611133516,-3691456.1719448324,430721.26229079993,-2122978.1392466417,25.6340341999894,0.8611952630129441
2,19,79,16,2983,-3971580.376410991,-3570717.0222866554,244484.66310889088,-3027194.111044949,25.738502699998207,0.8615888615888616
2,19,80,16,2999,-3971580.376410991,-3655104.77278312,384146.39202242857,-2603020.825708274,26.09440750000067,0.8619756427604871
2,19,81,15,3014,-3971580.376410991,-3666529.768763279,283750.10373811197,-3064424.831459146,20.028814600023907,0.8627819548872181
2,19,82,15,3029,-3971580.376410991,-3618667.1225327225,469358.49178110826,-2176435.2890900187,19.037469499977306,0.8635030658491069
2,19,83,15,3044,-3971580.376410991,-3836306.1784950495,194287.37972582728,-3240875.3792266157,24.511069800006226,0.8642857142857143
2,19,84,15,3059,-3971580.376410991,-3745103.564484686,329311.6036552271,-2748882.3909629025,18.698971899983007,0.8652836134453782
2,19,85,14,3073,-3971580.376410991,-3818786.0360428267,169451.98630640085,-3433164.572134357,20.09721429995261,0.866232073011734
2,19,86,14,3087,-3971580.376410991,-3769680.8414685503,177706.18510106663,-3484883.41372641,23.246990100014955,0.8669427905772715
2,19,87,14,3101,-3977506.0941269305,-3829353.7843085453,159013.5731325802,-3593184.880288154,18.274154899991117,0.8676432793626317
2,19,88,13,3114,-3977506.0941269305,-3745477.670863972,243611.74031712572,-3365825.944951577,13.504307100025471,0.8685218279295379
2,19,89,13,3127,-3977506.0941269305,-3924799.721515568,144536.92374036886,-3425726.572414046,11.702929400024004,0.8693887902612224
2,19,90,13,3140,-3977506.0941269305,-3857095.8000142714,208051.77331292053,-3395962.7457004897,17.38537739997264,0.8702443940539178
2,19,91,13,3153,-3977506.0941269305,-3892093.7656235746,156394.777831857,-3446662.3573416807,13.29469769995194,0.8710888610763454
2,19,92,12,3165,-3977506.0941269305,-3889618.1227393723,171792.3952769732,-3460472.2737159226,9.16858510003658,0.8718586713112715
2,19,93,12,3177,-3977596.688397061,-3921648.7408622727,144364.55308151,-3444530.937465992,9.804232099966612,0.8726193420727183
2,19,94,12,3189,-3977596.688397061,-3972275.157471976,4411.298118501462,-3961669.994040627,11.324487300007604,0.8733710351610524
2,19,95,12,3201,-3977596.688397061,-3959787.7267315784,42177.52348414372,-3821094.9215782173,4.420380599971395,0.8741139085798093
2,19,96,12,3213,-3977596.688397061,-3890164.4457252417,165580.2669063605,-3490771.084274374,9.764337499975227,0.8748481166464156
2,19,97,11,3224,-3977596.688397061,-3964740.9010975417,34453.73389420191,-3855846.8115628473,4.40192209999077,0.8755136572395456
2,19,98,11,3235,-3978040.0452228915,-3930515.5072362046,129214.03327014092,-3524399.0762009975,7.392152399988845,0.876172156768454
2,19,99,11,3246,-3978040.0452228915,-3932789.939259338,133538.1833528907,-3510672.526843017,7.1191992000094615,0.8768237263812485
2,19,100,11,3257,-3978069.414894715,-3976392.323850071,1416.2362305930628,-3974033.178148728,4.547930000000633,0.8774684748988818
2,19,101,10,3267,-3978069.414894715,-3973701.137185567,7217.911487580883,-3954893.8444376756,4.260413900017738,0.8780487804878049
2,19,102,10,3277,-3978220.4709211458,-3976873.2020067857,1924.7593397716994,-3972078.913730316,4.288874600024428,0.8786236153664859
2,19,103,10,3287,-3978283.1203382798,-3975340.0070392666,7594.139370884326,-3952583.4856050834,4.291392699989956,0.879193056532958
2,19,104,10,3297,-3978335.2435678206,-3880517.319108014,191400.13540727546,-3486269.2898016907,7.229359999997541,0.8797571795470465
2,19,105,10,3307,-3978335.2435678206,-3880030.545241998,180237.3315428751,-3496431.235490024,8.567117900005542,0.8803160585637927
2,19,106,10,3317,-3978335.2435678206,-3833632.9901616485,219327.42004763108,-3483762.534415668,8.38908850000007,0.8808697663659496
2,19,107,9,3326,-3978359.4770265836,-3976555.3603953836,2967.972281138965,-3968502.588946402,3.901658300019335,0.8813637410734854
2,19,108,9,3335,-3978397.3354324047,-3967045.1317918203,21525.776067670984,-3916106.5261162985,4.162684399983846,0.8818536361550814
2,19,109,9,3344,-3978407.6244531907,-3978207.4763581017,207.33654367283793,-3977674.385582773,4.223710899997968,0.8823395019419694
2,19,110,9,3353,-3978407.6244531907,-3922541.858215627,152207.93451443542,-3492243.559949646,4.060468100011349,0.8828213879408419
2,19,111,9,3362,-3978445.19295354,-3973261.8295485666,14319.607015031579,-3932762.451281989,4.486474799981806,0.8832993428506685
2,19,112,8,3370,-3978454.3940719794,-3978336.3031447,84.55354576027597,-3978184.7213518824,3.0304048000252806,0.8837209302325582
2,19,113,8,3378,-3978454.3940719794,-3978089.249105662,504.07407177668057,-3976783.4096227176,2.7773464000201784,0.8841394825646794
2,19,114,8,3386,-3978454.3940719794,-3977020.485555966,3651.899816243749,-3967358.8673964497,2.812808300019242,0.8845550325039229
2,19,115,8,3394,-3978467.732599739,-3978336.9493253585,218.3006759299673,-3977776.6157446634,2.7742652999586426,0.8849676122403395
2,19,116,8,3402,-3978467.732599739,-3977809.911015249,1316.203071951831,-3974352.747081047,3.2769251000136137,0.8853772535054529
2,19,117,8,3410,-3978467.732599739,-3978386.0729175564,87.43961455533588,-3978168.175513355,3.073266400024295,0.8857839875803948
2,19,118,8,3418,-3978467.732599739,-3978234.832131519,558.2161628120673,-3976758.3456889093,2.941715699969791,0.8861878453038674
2,19,119,7,3425,-3978474.2675635535,-3913170.8107962706,159855.85939624222,-3521605.528717352,7.2897286000079475,0.8865388852170082
2,19,120,7,3432,-3978474.2675635535,-3978450.9492636654,20.35658847788593,-3978407.789206784,2.1825117000262253,0.8868877663079289
2,19,121,7,3439,-3978474.2675635535,-3978358.4806226273,237.73980708729667,-3977779.048268117,2.43252620002022,0.8872345084300416
2,19,122,7,3446,-3978482.216718735,-3978466.361980363,14.738657315978587,-3978438.834580738,2.504779700015206,0.8875791311940624
2,19,123,7,3453,-3978485.998621173,-3977380.705169846,2680.254365407191,-3970815.4671718776,2.95409529999597,0.8879216539717084
2,19,124,7,3460,-3978485.998621173,-3978448.0522985267,45.165890134361106,-3978343.9188676346,2.9337361000361852,0.8882620958993274
2,19,125,7,3467,-3978487.6787510216,-3978398.5871961787,201.2689478112954,-3977905.71026575,2.832723699975759,0.8886004758814623
2,19,126,7,3474,-3978491.2020748127,-3978309.5088837147,392.8023613113817,-3977348.696186399,2.7776711000478826,0.8889368125943498
2,19,127,6,3480,-3978491.2020748127,-3977909.7854293045,1266.1466849154692,-3975078.7943724208,2.264383399975486,0.8892234889223489
2,19,128,6,3486,-3978491.4278666656,-3978471.4156426303,23.412472394642126,-3978429.662655335,2.2998602999723516,0.8895086891225059
2,19,129,6,3492,-3978492.113289848,-3978478.7022413407,14.636293060853962,-3978456.075132899,2.27294759999495,0.8897924245666595
2,19,130,6,3498,-3978494.6771295425,-3978490.0646878877,3.204821475992042,-3978485.699871883,2.266732799995225,0.8900747065101388
2,19,131,6,3504,-3978494.6771295425,-3978057.448604426,764.7564524908043,-3976384.829468362,2.654814100009389,0.890355546093251
2,19,132,6,3510,-3978494.6771295425,-3978485.4719486735,12.950432899161665,-3978460.1552885547,2.558316599985119,0.890634954342748
2,19,133,6,3516,-3978494.6771295425,-3977932.744432066,1238.330870568224,-3975163.800525114,2.558949499973096,0.8909129421732683
2,19,134,6,3522,-3978494.6771295425,-3978467.735049346,22.090998431882852,-3978433.089164216,2.596163200039882,0.8911895203887598
2,19,135,5,3527,-3978495.5512965843,-3978453.2936318903,73.8846057340939,-3978306.178200448,2.4205566000309773,0.8914189331646637
2,19,136,5,3532,-3978495.5512965843,-3978491.839241965,3.944663871585199,-3978484.5842066817,2.033917399996426,0.8916473806017252
2,19,137,5,3537,-3978495.5512965843,-3978489.1080215676,4.462204925559001,-3978482.7120928317,2.1150686999899335,0.8918748687801805
2,19,138,5,3542,-3978495.5512965843,-3978484.1459544958,18.125257607366727,-3978448.130659245,2.035991800017655,0.8921014037293107
2,19,139,5,3547,-3978496.3098807186,-3978277.171677335,433.8403483265011,-3977409.5008322503,2.028544700006023,0.8923269914279741
2,19,140,5,3552,-3978496.5894069597,-3978494.2366626947,2.168532493314908,-3978490.6510901134,2.405354200047441,0.8925516378051325
2,19,141,5,3557,-3978496.5894069597,-3978495.55471951,0.6296823499645068,-3978494.5731681585,2.3679790000314824,0.8927753487403706
2,19,142,5,3562,-3978497.1170287095,-3978465.435675553,62.06225163772837,-3978341.3143726178,2.359536300005857,0.8929981300644089
2,19,143,5,3567,-3978497.228025969,-3978491.3426066027,6.98923760877398,-3978478.7884775214,2.424914200033527,0.8932199875596102
2,19,144,5,3572,-3978497.228025969,-3978491.206281273,10.376385715646213,-3978470.4769115485,2.41871810000157,0.89344092696048
2,19,145,5,3577,-3978498.126704661,-3978429.2452586675,119.14357654780976,-3978192.703424288,2.501853999972809,0.8936609539541607
2,19,146,4,3581,-3978498.3628527075,-3978470.906963773,46.60929726208444,-3978390.180463027,1.8422450000070967,0.893836322407751
2,19,147,4,3585,-3978498.4920805953,-3978497.7505556056,0.7453832909501146,-3978496.5092223845,1.903245399997104,0.8940111133978185
2,19,148,4,3589,-3978498.4920805953,-3978493.8585864506,5.468634241322317,-3978484.7704641894,2.2369496999890544,0.8941853297719334
2,19,149,4,3593,-3978498.4920805953,-3978497.3836441846,0.8557375021167778,-3978495.9206726328,1.847422800026834,0.8943589743589744
2,19,150,4,3597,-3978498.4920805953,-3978498.0788266114,0.29375465616404906,-3978497.6634155847,1.907531899982132,0.8945320499692812
