n_ess,run,gen,batch_size,eval_cumulative,gbest_f,mean_f,std_f,worst_f,elapsed_s,coef_cache_hit_rate_cumulative
2,0,0,72,72,28035387.052473616,228269821.67200264,125461443.70645678,685976814.4108214,240.61728239999502,0.015625
2,0,1,72,144,-420346.0448343996,167280380.44426954,119137105.25147319,530614162.39842993,222.63324500000454,0.0398406374501992
2,0,2,69,213,-420346.0448343996,100815727.91883187,76614675.74228123,306159006.28481746,189.69269580001128,0.05099150141643059
2,0,3,68,281,-420346.0448343996,63188882.177178636,55130784.97005078,314797325.3251165,174.8322659000114,0.04954954954954955
2,0,4,67,348,-420346.0448343996,33400093.02363187,35708496.92619475,168851334.1687678,140.48841930000344,0.04678362573099415
2,0,5,65,413,-420346.0448343996,28168855.09799172,34267511.20198842,171420142.32218677,99.7574839000008,0.04488330341113106
2,0,6,64,477,-480679.056259562,18738026.674810696,22023671.930411294,93347161.87031992,97.00697909999872,0.041666666666666664
2,0,7,63,540,-736826.5364628471,16194701.310995266,22234222.16445057,134027789.32022814,94.78551039999002,0.04354587869362364
2,0,8,62,602,-3121129.82780735,7188770.910739091,9711313.496218944,58098868.2766716,83.83788479998475,0.04411764705882353
2,0,9,61,663,-3121129.82780735,4128845.077448262,6330959.076842875,42047139.561327964,94.13244670000859,0.04426002766251729
2,0,10,59,722,-3463555.906470904,2890642.1801885148,5084826.200622066,30690905.298633177,80.45369709999068,0.045992115637319315
2,0,11,58,780,-3481116.112623621,3192662.524307615,4545125.651708374,18583544.423672132,89.81430450000335,0.04975124378109453
2,0,12,57,837,-3824726.112241313,2535519.43296515,5840156.912608609,24992297.621125665,106.29090700001689,0.056009334889148193
2,0,13,56,893,-3824726.112241313,3794403.484829977,6390387.838054086,26163498.215521157,95.98235219999333,0.06090808416389812
2,0,14,55,948,-3824726.112241313,3019339.6939806603,6116344.803723911,23018894.47271457,97.24454929999774,0.06792058516196448
2,0,15,54,1002,-3824726.112241313,1452253.5022003453,5509214.5190777015,18822555.81591769,112.80857470000046,0.07571288102261553
2,0,16,53,1055,-3824726.112241313,1564813.290896101,5281644.8569121035,19655260.920890275,89.8758594999963,0.08886810102899906
2,0,17,52,1107,-3824726.112241313,1666278.7459018766,5778178.089448443,20994425.489755742,110.59711030000472,0.0936663693131133
2,0,18,51,1158,-3824726.112241313,1024362.5178041586,5388652.451961095,22207943.03601856,102.39722000001348,0.10042553191489362
2,0,19,50,1208,-3824726.1122610215,1397441.0250504727,5564988.617384375,20252062.145392332,92.08237910000025,0.11228641171684296
2,0,20,49,1257,-3862869.9501483515,1765943.0832755757,5598899.748314122,20149344.27223542,92.99686290000682,0.12402496099843993
2,0,21,48,1305,-3862869.9501483515,1476298.3308465194,6988700.925900421,25439220.479023166,92.83956589997979,0.1348314606741573
2,0,22,47,1352,-3862869.9501483515,1312166.071615217,7847388.7857493665,27200092.4109445,83.27370940000401,0.15201729106628242
2,0,23,46,1398,-3862869.9501483515,809532.7922926869,4797847.489536836,15881592.395866634,84.99760219999007,0.16238723108952116
2,0,24,46,1444,-3862869.9501483515,729636.4951371991,5799554.8558349665,18713772.22886766,80.33390929998131,0.1765886287625418
2,0,25,45,1489,-3862869.9501483515,-542414.0412820008,3184774.4131685942,8504304.1862132,80.91440779998084,0.19044544867656552
2,0,26,44,1533,-3891140.841142511,-927150.1907253563,3630527.335098161,10563716.958711896,79.86960289999843,0.2031152647975078
2,0,27,43,1576,-3952199.5442209058,249564.90868129162,5482610.586195095,16839247.236917548,76.03453619999345,0.21592279855247287
2,0,28,42,1618,-3952199.5442209058,-311814.7506547438,5307389.664340338,22405051.582313035,69.3864978000056,0.22892271662763466
2,0,29,41,1659,-3952199.5442209058,1011119.8194427363,4906001.825730492,10317866.850771543,72.36718210001709,0.24034090909090908
2,0,30,41,1700,-3952199.5442209058,130590.39473533757,5080152.940334405,16253089.31840762,76.63901099999202,0.2513842746400886
2,0,31,40,1740,-3952199.5442209058,-182436.79866069567,4897975.2682557525,14485467.433751682,71.22378420000314,0.26344086021505375
2,0,32,39,1779,-3952199.5442209058,-1271529.963614645,3317112.2084955215,8920972.223465838,71.91318159998627,0.2765290120230005
2,0,33,38,1817,-3952199.5442209058,523645.5091766381,5074822.750965938,15036726.657492194,77.5757009999943,0.28396946564885495
2,0,34,38,1855,-3952199.5442209058,-1105431.0142810103,5935792.9702752,29353115.465392742,70.76089500001399,0.29589312221672437
2,0,35,37,1892,-3952199.5442209058,-1443585.2561183812,4140573.241326792,11271634.631936535,72.55485759998555,0.3045366795366795
2,0,36,36,1928,-3952199.5442209058,-2149963.84959465,2494693.719563569,9353330.114669712,77.47370810000575,0.31373471307619943
2,0,37,36,1964,-3952199.5442213435,-554314.3805966909,5033543.922578872,14932578.37145535,64.18485670001246,0.3218390804597701
2,0,38,35,1999,-3952199.5442213435,-2261580.4757777476,3085119.4485078654,10444904.320794586,65.01175039997906,0.3298876404494382
2,0,39,34,2033,-3952199.5442213435,-2635397.7730961377,2028836.3464015652,3905752.3828828633,61.75445239999681,0.33787945446546414
2,0,40,34,2067,-3952199.5442213435,-2487513.8113834206,2740619.4188169627,9232098.992670545,54.2671682999935,0.3486870426173052
2,0,41,33,2100,-3952199.5442213435,-2264861.8187819635,3065510.1657441384,10398365.233413067,66.219939099974,0.35774410774410775
2,0,42,32,2132,-3952199.5442213435,-2440682.963543251,2110803.12997271,4637251.503739569,50.92406620000838,0.36809563066776585
2,0,43,32,2164,-3952199.5442213435,-2883067.3718742724,1738163.1791816426,4166232.8217225373,62.633941299980506,0.37479806138933763
2,0,44,31,2195,-3952199.5442213435,-2313003.187969854,3155893.900685066,11127868.574224945,55.69333720000577,0.3824811732065002
2,0,45,31,2226,-3952199.5442255624,-2563798.5058512804,2441976.657599593,6933541.57375242,58.90567320000264,0.3911525029103609
2,0,46,30,2256,-3952199.5442255624,-3126461.7599218288,1190438.7419904564,2091649.9296726026,60.25119629999972,0.39756283320639757
2,0,47,29,2285,-3952199.5442255624,-2988872.8247226416,1288079.9326341087,1376027.4268614147,46.01287209999282,0.4059925093632959
2,0,48,29,2314,-3952199.5442255624,-2376965.8984606178,2455699.801166916,5878600.962841678,52.18384459998924,0.41319572429045337
2,0,49,28,2342,-3952199.5442255624,-2339421.043852662,3133595.725131571,10689850.166969754,47.89947160001611,0.42080463936208773
2,0,50,28,2370,-3952199.5442255624,-2728818.8890188015,1999794.4259366007,6348330.624996554,47.81216920001316,0.4281639928698752
2,0,51,27,2397,-3952199.5442255624,-2742345.592782321,2269255.193417925,6353987.7993517835,45.24366370000644,0.43534785664089953
2,0,52,27,2424,-3952199.5442255624,-2207794.0129681197,2815694.497609004,7611346.367560919,47.421685099980095,0.44182825484764543
2,0,53,26,2450,-3952199.5442255624,-2099220.621544398,3273044.3811980337,8288494.344231173,46.3694718000188,0.44744027303754264
2,0,54,26,2476,-3952199.5442255624,-3141276.322760038,1828331.9619358217,5377631.535610683,43.88488950001192,0.45264577013818674
2,0,55,25,2501,-3952199.5442255624,-2318102.224545215,2772851.601862313,6048533.772741479,47.961620300018694,0.45575515635395875
2,0,56,25,2526,-3952199.5442255624,-2651349.42984184,3104821.524892657,11861654.948429748,43.73642019997351,0.4609067017082786
2,0,57,24,2550,-3952199.5442255624,-3304732.93330488,843198.3983169028,-788618.1628287323,43.90643249999266,0.4641350210970464
2,0,58,24,2574,-3952199.5442255624,-2358041.5141476556,3767275.603233013,14326915.27038426,50.92380420002155,0.46630295250320924
2,0,59,23,2597,-3952199.5442255624,-2301490.1984398477,3838260.695755645,11371966.644144014,49.173001399991335,0.46907706945765937
2,0,60,23,2620,-3952199.5442255624,-635566.4200802447,4765935.385752587,11158901.382128734,36.96371310000541,0.47173366834170855
2,0,61,23,2643,-3952199.5442255624,-2958768.5237917323,2668427.0846443917,8880278.37058754,44.26828829999431,0.4751707014276847
2,0,62,22,2665,-3952199.5442255624,-2623969.7315289844,3143890.5383897135,10862817.986636158,47.42259699999704,0.4777402517654283
2,0,63,22,2687,-3952199.5442255624,-2832075.034492297,1689847.5576093013,2742305.1778119504,45.23298679999425,0.4816276951108412
2,0,64,21,2708,-3952199.5442255624,-2744795.6594227143,2670102.7434149846,8692097.53446922,39.25065500001074,0.4852764423076923
2,0,65,21,2729,-3956423.041319648,-2979608.182731374,3075635.486236408,10620720.440791294,37.94244569999864,0.4882335418528448
2,0,66,20,2749,-3956423.041319648,-2444359.906083863,2768075.59610383,7048528.76319989,36.74095849998412,0.4895063553059415
2,0,67,20,2769,-3956423.041319648,-3157495.904136756,1690714.2922682173,3235882.397026658,41.896268399985274,0.4916593503072871
2,0,68,20,2789,-3956423.041319648,-3632292.5804021894,599185.5683266424,-1898612.5864658915,34.476664499990875,0.4944863609982589
2,0,69,19,2808,-3956423.041319648,-1164501.528432945,4856749.699676528,10228607.876968922,37.372039000008954,0.49654576856649396
2,0,70,19,2827,-3956423.041319648,-3467384.091206552,632158.4315068694,-1903460.006247338,36.754831999976886,0.4991438356164384
2,0,71,19,2846,-3956423.041319648,-2885964.272000215,3714206.152053252,12723236.349218838,35.440919699991355,0.5008493771234428
2,0,72,18,2864,-3956423.041319648,-3671120.2945622434,591121.4586238037,-1936336.827804368,39.33143210000708,0.5022459292532285
2,0,73,18,2882,-3956423.041319648,-3662095.897310493,863788.7098884439,-129534.59740205482,38.36249120000866,0.5033426183844011
2,0,74,18,2900,-3956423.041319648,-3674381.893644901,748513.4296835676,-655336.0652017542,37.396423300000606,0.5056614194973764
2,0,75,17,2917,-3956423.041319648,-3921187.115801398,37780.35581262867,-3801247.7427127846,38.93474779999815,0.5067141682652782
2,0,76,17,2934,-3956423.041319648,-3871243.1515520653,181536.93526606244,-3167669.423717987,39.70237559999805,0.5077466702908399
2,0,77,17,2951,-3956423.041319648,-3915892.151594617,48907.77451743995,-3745081.4315749947,24.802757099998416,0.5097244732576985
2,0,78,16,2967,-3956423.041319648,-3889033.873708696,129325.4189874424,-3521981.1982661057,27.92285719999927,0.5112781954887218
2,0,79,16,2983,-3960193.609288769,-3822924.0896653803,455510.5163063464,-2059797.3583120592,30.88040710001951,0.5128068303094984
2,0,80,16,2999,-3960193.609288769,-3538178.338648214,1556526.711507211,2489197.2927272134,36.476599299989175,0.5136423841059603
2,0,81,15,3014,-3960193.609288769,-3894815.2438540207,175291.24019947244,-3241314.829189133,32.025038299994776,0.5148801685541217
2,0,82,15,3029,-3961576.103889812,-3679386.0080440324,537985.527084846,-2347055.2899621837,22.160943199996836,0.5165007857517024
2,0,83,15,3044,-3961576.103889812,-3941741.084144481,14876.91186106837,-3903752.852923168,28.63132620000397,0.5178338974225463
2,0,84,15,3059,-3961576.103889812,-3148246.4431849066,2954717.541332816,7907128.877021036,27.751007099985145,0.5196789228379078
2,0,85,14,3073,-3961576.103889812,-3945871.5046484205,15969.003107184108,-3906858.3012042698,29.605475299991667,0.5204738604172032
2,0,86,14,3087,-3961576.103889812,-3938086.144234736,47505.2550155643,-3768465.641505111,26.95913550001569,0.5212602459016393
2,0,87,14,3101,-3961576.103889812,-3945007.5396071426,24880.669525628527,-3872367.874553496,34.29949010000564,0.5215067447187579
2,0,88,13,3114,-3961576.103889812,-3953797.5686099883,10492.476516589782,-3925975.023153072,33.54917149999528,0.521893191597064
2,0,89,13,3127,-3961576.103889812,-3955985.826911985,5915.0011915791265,-3941020.3469713815,24.416870599990943,0.5226700251889169
2,0,90,13,3140,-3961576.103889812,-3955695.1188742495,6923.183319208621,-3935619.4820722565,19.39827829998103,0.5237020316027088
2,0,91,13,3153,-3961576.103889812,-3960233.3252961244,1098.9527070927252,-3958286.765977809,35.87296629999764,0.5239401496259352
2,0,92,12,3165,-3961576.103889812,-3957619.4725038675,5521.596005805877,-3945906.2017363124,24.824887800001306,0.524317617866005
2,0,93,12,3177,-3961620.599680256,-3949114.910118863,12752.807581182036,-3924779.580700474,25.641527400002815,0.5248209434428254
2,0,94,12,3189,-3961620.599680256,-3949819.98148582,19027.870964496953,-3891467.037330171,25.43865170000936,0.5253195673549655
2,0,95,12,3201,-3961678.1191801876,-3954915.8754359637,7112.95805941321,-3943875.129790865,24.023873399972217,0.525813555174945
2,0,96,12,3213,-3961943.0460967813,-3955275.248991787,11924.596461891737,-3921093.939032713,26.59443269998883,0.5261748234721207
2,0,97,11,3224,-3961943.0460967813,-3958629.325610452,5665.275781886141,-3946288.3938396815,28.05720690000453,0.5264178380998545
2,0,98,11,3235,-3962030.680714637,-3958837.4790864396,5729.349775628665,-3945925.169912344,32.325621500000125,0.5264046298529057
2,0,99,11,3246,-3962030.680714637,-3958207.5938208727,6400.412598232204,-3944449.8641348835,23.134607599989977,0.5268972142170989
2,0,100,11,3257,-3962030.680714637,-3961604.662090909,290.7248648581038,-3960994.755737761,24.828875699982746,0.5272596843615495
2,0,101,10,3267,-3962030.680714637,-3959603.657445638,4256.634038790789,-3947264.90347901,19.59314120002091,0.5276322058122915
2,0,102,10,3277,-3962030.680714637,-3956357.283858697,6759.2731008403625,-3945372.5862523,27.276967799989507,0.527988614800759
2,0,103,10,3287,-3962285.6761452686,-3958813.708944266,6353.93872160705,-3945948.6972035635,32.02507840000908,0.5279811097992916
2,0,104,10,3297,-3962320.7060101163,-3960506.9305730327,4316.224687499801,-3947589.86320154,33.515277899976354,0.5278495887191539
2,0,105,10,3307,-3962320.7060101163,-3957041.9805612513,7038.7406798417105,-3945956.5501098055,31.252180200011935,0.527719298245614
2,0,106,10,3317,-3962320.7060101163,-3953869.1479696864,7880.551877465359,-3945777.0104631297,33.57123080000747,0.527713088029809
2,0,107,9,3326,-3962320.7060101163,-3957724.1812565485,6537.4208635265895,-3945537.452236561,24.780750500009162,0.5277197865924379
2,0,108,9,3335,-3962320.7060101163,-3956513.7384754578,7524.782282071246,-3945674.6121232156,33.356924599997,0.5276045276045276
2,0,109,9,3344,-3962330.625022223,-3958486.573781153,6599.860100500414,-3945818.301464839,25.50021550001111,0.5276115968706857
2,0,110,9,3353,-3962347.072177101,-3954969.748598486,7986.973777658934,-3945364.3527610693,25.705350300006103,0.5276186110474445
2,0,111,9,3362,-3962404.5129061043,-3954657.565375637,8478.682521583756,-3942484.2312864885,27.400225700024748,0.5276255707762557
2,0,112,8,3370,-3962404.5129061043,-3959433.269908345,5803.595623138283,-3944643.9558328036,18.0177018000104,0.5278852720236741
2,0,113,8,3378,-3962404.5129061043,-3959582.5766723836,6682.748087644001,-3941917.2783081513,17.714375799987465,0.5281434407625964
2,0,114,8,3386,-3962404.5129061043,-3960068.1444226475,5494.418707265048,-3945542.306014532,19.72797459998401,0.5284000905182168
2,0,115,8,3394,-3962404.5129061043,-3961845.3098973157,1172.431269824461,-3958749.1508199163,19.677879900002154,0.5285359801488834
2,0,116,8,3402,-3962441.2237888407,-3961913.1095266053,1126.6226835552318,-3958938.6710715145,20.44651010000962,0.528671014166854
2,0,117,8,3410,-3962441.2237888407,-3961957.589112157,711.0477339652815,-3960099.053570153,17.491474099981133,0.5290423861852434
2,0,118,8,3418,-3962441.2237888407,-3962171.3782793162,289.0059688226483,-3961535.885312801,18.081140099995537,0.5291750503018109
2,0,119,7,3425,-3962441.2237888407,-3962260.4221293298,128.3926914029403,-3962038.8873471003,20.764969399984693,0.5290840205036773
2,0,120,7,3432,-3962441.2237888407,-3962238.2005820754,354.4951999413328,-3961372.196269797,19.071649899997283,0.5292287174927762
2,0,121,7,3439,-3962441.2237888407,-3962325.2721271715,87.3763934844346,-3962172.0334085617,17.432150999986334,0.529594324983374
2,0,122,7,3446,-3962441.2237888407,-3961676.883744541,1224.318867015585,-3959003.7986265086,16.220596200000728,0.5299712452997124
2,0,123,7,3453,-3962441.2237888407,-3962381.81442434,38.81418187812916,-3962311.063776387,15.355783100007102,0.5302294792586054
2,0,124,7,3460,-3962459.0510910098,-3962423.561876398,32.2318649280644,-3962354.2832917124,16.270765199995367,0.5304864626898526
2,0,125,7,3467,-3962459.0510910098,-3962340.4107556045,99.83743692074114,-3962189.401419729,17.558205700013787,0.5306256860592755
2,0,126,7,3474,-3962472.4199597184,-3962358.9876437103,122.3856831599615,-3962123.3864911553,15.677604800002882,0.5309967141292442
2,0,127,6,3480,-3962472.50758975,-3962360.868823514,162.04421825573502,-3962030.495449558,14.671651399985421,0.5313798381806254
2,0,128,6,3486,-3962474.935133759,-3962424.9030340244,47.22630912622022,-3962326.281903103,14.185764299996663,0.5318777292576419
2,0,129,6,3492,-3962474.935133759,-3962376.108800042,148.25724659026352,-3962046.7147913165,17.149948400008725,0.5321420788842885
2,0,130,6,3498,-3962474.935133759,-3962426.2909641587,80.7855755538932,-3962248.4111585766,16.689700100017944,0.5325212094844464
2,0,131,6,3504,-3962474.935133759,-3962344.5493596583,198.67952064589437,-3961905.403536992,15.52503209997667,0.532899022801303
2,0,132,6,3510,-3962475.2388544623,-3962428.757959818,68.49638191022608,-3962281.4792876486,14.844349499995587,0.5332755256882723
2,0,133,6,3516,-3962475.2388544623,-3962454.419398409,20.25835652695815,-3962418.1642247383,14.909451100014849,0.5336507249513093
2,0,134,6,3522,-3962475.2388544623,-3962459.3408467,13.12803993150244,-3962436.071000835,15.761834000004455,0.5340246273493195
2,0,135,5,3527,-3962475.2388544623,-3962447.0998757062,20.632426971261488,-3962416.644633662,16.291438399988692,0.5344120819848975
2,0,136,5,3532,-3962475.2388544623,-3962452.9567050845,25.61793474369063,-3962419.972996637,15.565192099980777,0.5346833261525205
2,0,137,5,3537,-3962475.2388544623,-3962460.368176514,24.564446164851272,-3962411.24383281,15.580990899994504,0.5350688468158348
2,0,138,5,3542,-3962475.2388544623,-3962442.53489373,41.78186257251671,-3962373.0520221405,1.7891942000132985,0.5355684504620675
2,0,139,5,3547,-3962475.2388544623,-3962452.5744829075,26.528752482461325,-3962414.114331618,1.9515395000053104,0.5360669815371404
2,0,140,5,3552,-3962475.2388544623,-3962453.0447603045,21.159281141222113,-3962418.672145864,15.02118480001809,0.5364493996569468
2,0,141,5,3557,-3962475.2388544623,-3962471.608897911,6.415355349276102,-3962458.786412902,13.992028799984837,0.5367159066581032
2,0,142,5,3562,-3962475.2388544623,-3962469.217984541,6.890182874175672,-3962458.5586507656,14.931060000002617,0.5370964293350439
2,0,143,5,3567,-3962475.330779923,-3962457.3654381176,34.07009514416883,-3962389.258085927,1.7974423000123352,0.5375907731738573
2,0,144,5,3572,-3962475.330779923,-3962473.3473517015,1.8853887914383805,-3962469.9745202456,15.629269700002624,0.5379692832764505
2,0,145,5,3577,-3962475.330779923,-3962464.7050655363,13.56904903595135,-3962438.547560554,2.0047356000286527,0.5384615384615384
2,0,146,4,3581,-3962475.330779923,-3962472.9116697726,1.0251081647548261,-3962471.314793352,1.6299020999867935,0.5388545880349159
2,0,147,4,3585,-3962475.330779923,-3962467.818668081,9.800899238361684,-3962451.0797391385,1.9511873000010382,0.5392469687300574
2,0,148,4,3589,-3962475.330779923,-3962475.137770033,0.27674433171014073,-3962474.660437353,1.7510851999977604,0.5396386822529224
2,0,149,4,3593,-3962475.330779923,-3962474.3267474137,0.8310661132888775,-3962473.0372192133,2.352029700006824,0.5400297303036738
2,0,150,4,3597,-3962475.330779923,-3962474.2231926755,0.40147514745222224,-3962473.7345456146,1.9141817000054289,0.5404201145767027
2,1,0,72,72,17289021.76669069,258309263.57787502,205061276.6625586,1341303246.361968,250.38451940001687,0.0703125
2,1,1,72,144,9114458.738301374,215587210.76455104,204174413.75979742,1157058087.7822413,220.44231889999355,0.09615384615384616
2,1,2,69,213,6307225.805712275,117890537.90428776,91956439.10555641,446085971.8519192,200.8184193999914,0.11436170212765957
2,1,3,68,281,3146827.153355408,75602252.51413542,58981215.34597484,240103608.96220356,180.78354650002439,0.12025316455696203
2,1,4,67,348,2351975.9735934804,45190274.91657709,45965220.84139125,196869527.12903798,149.6016180999868,0.12252252252252252
2,1,5,65,413,-0.027622739138355,21414537.95867924,21728626.193971086,85991352.3369936,114.87632589999703,0.1270358306188925
2,1,6,64,477,-2223610.0565610453,16956457.63065064,20731634.289019648,99790907.88429849,91.62534729999606,0.14114114114114115
2,1,7,63,540,-2624809.0900496384,14102270.660178127,18000202.49331423,77142886.55902757,84.02977069999906,0.1466854724964739
2,1,8,62,602,-2624809.0900496384,8111026.449987829,9689849.024087535,46884331.952638306,87.33879239999806,0.14627659574468085
2,1,9,61,663,-2624809.0900496384,6521847.477305147,8711880.472563177,54362371.388844,74.56637310000951,0.15636822194199243
2,1,10,59,722,-2624809.0900496384,4394587.814207225,5881528.089414945,25482515.121138748,73.2700060000061,0.163855421686747
2,1,11,58,780,-3825988.4272321425,3796886.019401568,6325874.490700022,28238821.780651364,86.39628899999661,0.17123287671232876
2,1,12,57,837,-3825988.4272321425,3320445.000397366,5449643.34543515,22380773.275369342,76.01660230002017,0.18082788671023964
2,1,13,56,893,-3825988.4272321425,2473558.262062677,4969359.031473834,18253514.794804428,72.40047659998527,0.19250780437044746
2,1,14,55,948,-3825988.4272321425,1721956.5485301642,4486581.6037935745,17917494.22715317,74.93453959998442,0.20298507462686566
2,1,15,54,1002,-3825988.4272321425,3238382.144143119,6401299.694499605,23337881.85818561,86.91016569998465,0.21347248576850095
2,1,16,53,1055,-3825988.4272321425,3810635.1667471672,6302652.914753388,24765143.018039577,62.0484609999985,0.22922374429223744
2,1,17,52,1107,-3856335.7610138655,1622270.480399292,6606751.177708899,30622636.638016246,91.52423679997446,0.2430795847750865
2,1,18,51,1158,-3856335.7610138655,198016.85099515493,4277255.261546941,15931101.981011458,88.83711689998745,0.25598678777869527
2,1,19,50,1208,-3856335.7610138655,1315654.119853379,6059886.10434831,22105539.189242616,79.54450770001858,0.2697784810126582
2,1,20,49,1257,-3856335.7610138655,857093.1356399099,5588021.906332286,24967020.76394815,85.98763859999599,0.2850678733031674
2,1,21,48,1305,-3856335.7610138655,-272522.8273497227,4720443.851466147,18163598.08280985,90.6132929000014,0.29488103821196826
2,1,22,47,1352,-3856335.7610138655,-666795.4573665282,3598295.3340710513,12169275.153252732,85.63227440000628,0.31383344803854096
2,1,23,46,1398,-3856335.7610138655,313521.937398858,5053233.230884554,17268368.591836177,72.2143919999944,0.3291307232913072
2,1,24,46,1444,-3863148.586939037,-703264.2758091494,4376476.497561571,14111344.1830502,82.36332319999929,0.3405612244897959
2,1,25,45,1489,-3863148.586939037,586036.7827518005,5112905.68159383,12595567.7640885,77.27483579999534,0.35
2,1,26,44,1533,-3863148.5869907215,-1146193.8229051826,4187099.4030228313,17552726.94013309,75.38013420000789,0.3633114949374628
2,1,27,43,1576,-3863148.5869907215,-171772.90987510135,4388299.8679922605,11095082.048420899,67.63405159997637,0.37636887608069164
2,1,28,42,1618,-3867205.81457353,-1555770.8595217485,4145321.847180107,20071223.8071819,60.09039299999131,0.3892316320807628
2,1,29,41,1659,-3868646.3818586487,-1361203.64557232,3666422.6606589677,17436532.174126253,68.80325679999078,0.3988030467899891
2,1,30,41,1700,-3926820.9016050994,-1637629.484373709,2423656.7216050257,6889044.838240944,62.288108399981866,0.41005291005291006
2,1,31,40,1740,-3926820.9016050994,-1205413.5778197292,5972563.521895851,31744802.460702583,62.26602969999658,0.4215131240349974
2,1,32,39,1779,-3926820.9016050994,-1593940.0372621124,3481379.8909246954,10871057.805525776,68.98523709998699,0.42907268170426066
2,1,33,38,1817,-3926820.9016050994,-1949029.5676830066,3071001.8201455562,9641517.682069495,59.010569300007774,0.43759177679882527
2,1,34,38,1855,-3926820.9016050994,-2392080.227706657,2851764.129610812,10142790.082928766,63.29925049998565,0.44433827042522694
2,1,35,37,1892,-3926820.9016050994,-2550008.238234544,3051638.2240888393,13164309.827439446,54.798588200006634,0.4540363975734951
2,1,36,36,1928,-3926820.9016050994,-3354722.045312359,826700.3896949479,-887283.9080780149,56.49974070000462,0.46213503649635035
2,1,37,36,1964,-3939452.330421904,-2777266.40157045,2661561.2697887854,7685056.6908107195,52.61182590000681,0.4691413237924866
2,1,38,35,1999,-3939452.330421904,-2851457.9885543757,2309925.8916252838,6620698.499585982,52.40158540001721,0.47591943957968474
2,1,39,34,2033,-3949462.467150977,-3427492.407312587,1499831.393907207,4825818.113631584,55.698647799988976,0.48132245598969514
2,1,40,34,2067,-3950061.0669311285,-2951879.260238147,2640405.0237863115,7460233.379612436,39.143459599989,0.48732037193575656
2,1,41,33,2100,-3950061.0669311285,-3597367.766107351,706406.707397343,-81084.6622493416,54.54311329999473,0.49232046492320464
2,1,42,32,2132,-3950061.0669311285,-3582327.145974612,1096616.2134240144,2373834.169248957,42.822205800010124,0.49775234981610134
2,1,43,32,2164,-3961536.319513101,-3806977.3558553318,322869.20690339437,-2102991.70177697,51.02817939998931,0.5020080321285141
2,1,44,31,2195,-3961536.319513101,-3798756.953496867,345372.40991056734,-2446492.4359310865,41.48718339999323,0.5067246835443038
2,1,45,31,2226,-3961536.319513101,-3857377.384103928,180366.81322439588,-3095983.607785588,43.56103889999213,0.5111024542267238
2,1,46,30,2256,-3961536.319513101,-3906435.799318336,60305.806120675596,-3721770.2055241335,35.586876999994274,0.5153727901614144
2,1,47,29,2285,-3961536.319513101,-3930640.9227884044,24023.282271783177,-3840140.2175461464,30.80433709998033,0.5203190277250285
2,1,48,29,2314,-3961746.9748631567,-3932298.9425925296,32521.193002943328,-3817597.984658446,26.670088300015777,0.5251501501501501
2,1,49,28,2342,-3961746.9748631567,-3902340.456734565,137353.9619114983,-3224132.7080595195,24.84228099999018,0.5293026706231454
2,1,50,28,2370,-3961746.9748631567,-3926613.5176387355,33122.96019507432,-3799459.2648479305,25.88000639999518,0.533357771260997
2,1,51,27,2397,-3961746.9748631567,-3920866.783678479,71038.86291677467,-3660686.5665042456,27.231585200002883,0.5369565217391304
2,1,52,27,2424,-3961746.9748631567,-3934750.5557565796,34246.815428887,-3826239.055244932,29.35436599998502,0.5404727793696275
2,1,53,26,2450,-3961746.9748631567,-3934693.9934947686,67473.26092068401,-3600972.4850897994,25.06493860000046,0.5443262411347518
2,1,54,26,2476,-3961746.9748631567,-3940813.7388415914,41467.26453854665,-3740941.9440428596,25.555144300014945,0.547719298245614
2,1,55,25,2501,-3961746.9748631567,-3928856.5264585656,82436.05728054141,-3599832.956710836,25.51568040001439,0.5510771369006254
2,1,56,25,2526,-3961746.9748631567,-3955087.47581569,5771.828516207493,-3939300.799302835,29.208553300006315,0.5536082474226804
2,1,57,24,2550,-3961746.9748631567,-3954610.2995610633,6628.43691381091,-3939259.3153479565,23.001888000027975,0.556501021102791
2,1,58,24,2574,-3962025.536566455,-3956862.5467517935,7010.838665110308,-3928676.6304129623,21.943665900005726,0.5591506572295247
2,1,59,23,2597,-3962025.536566455,-3957199.7180445907,5359.546168707096,-3945195.4004556406,20.652018000022508,0.5621242484969939
2,1,60,23,2620,-3962467.677498879,-3955725.0737612615,8315.770045684223,-3932903.209064249,23.101476000010734,0.5643400595434999
2,1,61,23,2643,-3962467.677498879,-3957294.770238596,6232.519733883282,-3944263.4543706495,33.22581060000812,0.5663282017687521
2,1,62,22,2665,-3962467.677498879,-3959098.9466511514,4624.697702667391,-3945858.5982473455,29.031907700002193,0.5679532922478105
2,1,63,22,2687,-3962467.677498879,-3961386.2320413073,1046.2193120508311,-3957611.4997699186,37.047678100003395,0.5691813804173355
2,1,64,21,2708,-3962467.677498879,-3959977.2737681214,5579.454925835601,-3940438.492498815,35.12278930001776,0.5700667302192565
2,1,65,21,2729,-3962467.677498879,-3958041.0531946975,7708.453331837084,-3934374.4932179097,32.99969269998837,0.5712936732766761
2,1,66,20,2749,-3962467.677498879,-3961091.965098074,3965.227129607179,-3943904.4570211805,35.487549499986926,0.5721858434674151
2,1,67,20,2769,-3962467.677498879,-3958782.4048193484,5426.45219853059,-3944735.5192626975,26.403458099986892,0.5735930735930735
2,1,68,20,2789,-3962467.677498879,-3959581.9206208773,5302.076400799663,-3945187.238944879,35.07422329997644,0.5747549019607843
2,1,69,19,2808,-3962467.677498879,-3961455.991287321,1572.9015646730038,-3957224.4400765225,37.16693779997877,0.5752884031572556
2,1,70,19,2827,-3962467.677498879,-3960950.8299733833,3653.1038969033516,-3946298.550714029,36.34884759999113,0.5759855552211857
2,1,71,19,2846,-3962467.677498879,-3961133.434972873,3673.8774389083483,-3946314.7138303053,27.44701740000164,0.5774858166616901
2,1,72,18,2864,-3962467.677498879,-3961360.2823432568,1834.5344659709747,-3957185.871458702,32.612624200002756,0.5781990521327014
2,1,73,18,2882,-3962467.677498879,-3960294.0465981523,5349.709594872245,-3945100.834060576,33.250204000010854,0.5787309048178614
2,1,74,18,2900,-3962467.677498879,-3960309.2788192597,4591.301450876517,-3946463.9405903593,33.14520959998481,0.5794229087729524
2,1,75,17,2917,-3962467.677498879,-3962174.6111584683,355.092730288488,-3961156.750264596,24.707750400004443,0.5803183791606368
2,1,76,17,2934,-3962470.2403562795,-3959671.922896657,5099.080219636906,-3946211.7697725985,25.834331599995494,0.5814889336016097
2,1,77,17,2951,-3962470.2403562795,-3958394.635827596,6946.48488255054,-3945212.464602813,28.274402200011536,0.5823579788752498
2,1,78,16,2967,-3962475.1613222435,-3960353.591368779,4939.504799010809,-3945925.1322792936,21.311071300006006,0.5835935282429747
2,1,79,16,2983,-3962475.1613222435,-3960268.022877193,4752.593263379969,-3946035.297618646,27.345807900012005,0.5841556244713842
2,1,80,16,2999,-3962475.4118680265,-3962046.3454143843,1233.9363841110141,-3957283.3328611646,19.971871199988527,0.585530005608525
2,1,81,15,3014,-3962475.4118680265,-3960834.4670879217,3860.6082349441035,-3950626.8909714855,15.184941999992589,0.5867745535714286
2,1,82,15,3029,-3962475.4118680265,-3961596.3398648477,1706.7874190577138,-3957251.57995764,15.929584199999226,0.5883333333333334
2,1,83,15,3044,-3962475.4118680265,-3961296.2740181116,4121.285173846494,-3945878.5956474245,16.07017319998704,0.5898783185840708
2,1,84,15,3059,-3962475.4118680265,-3962061.1440316723,1263.0525349988834,-3957377.332324654,14.465610500017647,0.5912469033856317
2,1,85,14,3073,-3962475.4118680265,-3961267.2920891684,4215.775205542576,-3946067.59221188,15.683778400009032,0.5923287671232876
2,1,86,14,3087,-3962475.4118680265,-3961677.490961664,1794.1056158174065,-3957279.050612854,8.571334599982947,0.5938864628820961
2,1,87,14,3101,-3962475.4118680265,-3962382.821589668,106.21706937697799,-3962143.196351737,15.656769199995324,0.5952704539276977
2,1,88,13,3114,-3962475.4118680265,-3961651.4154776465,1855.2774481640915,-3957294.6937171724,16.133693400013726,0.5963724959393611
2,1,89,13,3127,-3962475.4118680265,-3960766.487955814,4481.355528284882,-3945972.065823475,14.934685200016247,0.5974656241574549
2,1,90,13,3140,-3962475.4118680265,-3961191.6384576624,4377.2134620460465,-3946028.6600800455,15.757975499989698,0.5984970477724101
2,1,91,13,3153,-3962475.4118680265,-3961141.7776879286,4444.385990129675,-3945748.799001502,16.858572999975877,0.5997326203208556
2,1,92,12,3165,-3962475.4118680265,-3962412.459050222,71.09613231528438,-3962207.7966250516,7.513645600003656,0.6010127931769723
2,1,93,12,3177,-3962475.411906384,-3961994.800398813,1409.2480426564832,-3957334.1549860835,15.55387870001141,0.602124833997344
2,1,94,12,3189,-3962475.411906384,-3962430.753741914,52.93673095135186,-3962278.7839588244,4.07864160000463,0.6033889330156209
2,1,95,12,3201,-3962475.411906384,-3962435.8384041716,60.592663087170806,-3962257.164745381,17.604247500014026,0.604485488126649
2,1,96,12,3213,-3962475.4857683107,-3961049.280072479,4513.175697856904,-3946083.0423108824,17.680440299998736,0.6050972149238045
2,1,97,11,3224,-3962475.4857683107,-3961060.611745957,2296.373992107734,-3957288.8249560185,6.742611800000304,0.606235263295782
2,1,98,11,3235,-3962475.4857683107,-3961983.9331844402,1478.4722737474654,-3957309.927167315,7.194973400008166,0.6073667711598746
2,1,99,11,3246,-3962475.4857683107,-3962452.870033842,20.6871009404634,-3962402.088487204,14.864180500007933,0.6081749544389482
2,1,100,11,3257,-3962475.4857683107,-3962449.42044306,42.62064061579438,-3962325.0528340098,3.196086399984779,0.6092938733125649
2,1,101,10,3267,-3962475.504074227,-3962467.6229429347,14.458391771825962,-3962429.303844113,2.922776299994439,0.610305541170378
2,1,102,10,3277,-3962475.504074227,-3962465.6638446497,10.094592041512833,-3962445.278155865,2.9067566999874543,0.6113119834710744
2,1,103,10,3287,-3962475.5040999353,-3960913.374195476,2366.4840491831433,-3957290.798382884,6.025464200007264,0.61231324059763
2,1,104,10,3297,-3962475.5040999353,-3961955.178710401,1547.5371583412716,-3957312.660085501,3.374576400005026,0.6133093525179856
2,1,105,10,3307,-3962475.5040999353,-3961424.1372754546,2057.867184126164,-3957304.7407078017,3.3672472999896854,0.6143003587903639
2,1,106,10,3317,-3962475.5041069314,-3962471.4182168795,5.222406717495437,-3962459.2030095924,2.9748308999987785,0.6152862985685071
2,1,107,9,3326,-3962475.5727215074,-3961323.4452648642,2150.625642966022,-3957298.427218888,7.343321499996819,0.6161693445549604
2,1,108,9,3335,-3962475.5729505047,-3961320.2164664185,2151.7106618321227,-3957278.0478604287,2.563713399984408,0.6170483460559797
2,1,109,9,3344,-3962475.5729505047,-3961312.22263859,2149.4026636671288,-3957287.8707563225,2.7811091999756172,0.6179233307946179
2,1,110,9,3353,-3962475.5729505047,-3962470.862021622,10.419868685365497,-3962441.5108279064,2.8371347000065725,0.6187943262411347
2,1,111,9,3362,-3962475.572959522,-3960750.3827815587,2438.678965032518,-3957297.9267536774,3.2102766999742016,0.6196613596158707
2,1,112,8,3370,-3962475.572959522,-3961826.398379392,1706.1803465142548,-3957312.2981574945,2.5210296000004746,0.6204287515762925
2,1,113,8,3378,-3962475.572959522,-3962473.6550431345,2.100975379844308,-3962468.6442945264,2.4769969999906607,0.6211930531084823
2,1,114,8,3386,-3962475.572959522,-3961825.2709109583,1709.3482407526622,-3957302.787817009,2.269109999993816,0.6219542828435066
2,1,115,8,3394,-3962475.572959522,-3960531.166053265,2504.4993807100464,-3957293.634506561,2.5427425999951083,0.6227124592629731
2,1,116,8,3402,-3962475.572959522,-3962475.285941054,0.515495265438479,-3962473.9454041217,2.5536923999898136,0.6234676007005254
2,1,117,8,3410,-3962475.572959522,-3961181.050490889,2241.91691442845,-3957297.582655795,2.5920610000030138,0.6242197253433208
2,1,118,8,3418,-3962475.572959522,-3962475.389430685,0.15428092249508082,-3962475.1173479874,2.5617220000131056,0.6249688512334911
2,1,119,7,3425,-3962475.572959522,-3962474.844262171,1.1532130556443274,-3962472.197680382,2.666303700010758,0.6256218905472637
2,1,120,7,3432,-3962475.572959522,-3962473.3321569036,5.054029630209529,-3962460.958640961,2.4113121000118554,0.6262726595480507
2,1,121,7,3439,-3962475.572959522,-3962475.3238727576,0.27255536693042703,-3962474.7834321205,1.9710291000083089,0.6269211700545364
2,1,122,7,3446,-3962475.572959522,-3962475.2169213295,0.7273995403698537,-3962473.438689282,2.320493400009582,0.627567433803514
2,1,123,7,3453,-3962475.572959522,-3960143.765290196,5710.0418972493335,-3946157.0766356178,7.514388000010513,0.6282114624505929
2,1,124,7,3460,-3962475.572959522,-3962474.86673396,0.7413878038590296,-3962473.593582215,2.2320674000075087,0.6288532675709001
2,1,125,7,3467,-3962475.572959522,-3961736.4298044783,1809.0099520630222,-3957305.278657805,2.138763700000709,0.6294928606597735
2,1,126,7,3474,-3962475.5742214005,-3962475.3770015356,0.23661014227040378,-3962474.863705896,1.8641053999890573,0.6301302531334481
2,1,127,6,3480,-3962475.575481653,-3962475.5278556067,0.057528811763033705,-3962475.414198328,1.9969156000006478,0.6306748466257669
2,1,128,6,3486,-3962475.575481653,-3961612.7792592347,1929.0270567755538,-3957299.3436326813,1.9977304999774788,0.6312178387650086
2,1,129,6,3492,-3962475.575481653,-3962475.4944779067,0.06305258684203317,-3962475.400086956,2.2374056999979075,0.6317592366038659
2,1,130,6,3498,-3962475.575481653,-3961612.524087094,1928.8670743981183,-3957299.4465323053,2.3089938999910373,0.632299047153677
2,1,131,6,3504,-3962475.5771161783,-3962475.417111501,0.2506706318490709,-3962474.869734613,2.1932239000161644,0.632837277384728
2,1,132,6,3510,-3962475.5771161783,-3962475.5437853993,0.03920126156526698,-3962475.4699668437,2.252996199997142,0.633373934226553
2,1,133,6,3516,-3962475.5794028714,-3962475.5671676337,0.009960982563979471,-3962475.5512429085,2.248218500026269,0.6339090245682316
2,1,134,6,3522,-3962475.5794028714,-3957035.988210447,7692.722656747171,-3946156.7919364497,7.865781600004993,0.6344425552586835
2,1,135,5,3527,-3962475.5794028714,-3961440.598534134,2069.522881239152,-3957301.552811241,1.9674360000062734,0.6348859776807375
2,1,136,5,3532,-3962475.5794028714,-3959211.79870632,6527.464462973342,-3946156.8697811123,7.129503300006036,0.635328325660286
2,1,137,5,3537,-3962475.5794028714,-3952684.3517038925,7994.464427326225,-3946156.8672259767,6.793229100003373,0.6357696030977735
2,1,138,5,3542,-3962475.5796477124,-3955948.0883950144,7994.486127196573,-3946156.865828749,1.8238251000002492,0.6362098138747885
2,1,139,5,3547,-3962475.5796477124,-3952684.278400625,7994.419040840147,-3946156.7894599736,2.2591131000081077,0.6366489618541767
2,1,140,5,3552,-3962475.579804998,-3962475.5776729574,0.002737383167606163,-3962475.572306605,1.8769624999840744,0.6370870508801544
2,1,141,5,3557,-3962475.579804998,-3955948.1756098242,7994.398476746182,-3946156.8980761617,2.4742715999891516,0.63752408477842
2,1,142,5,3562,-3962475.579804998,-3955948.1579466066,7994.414484486735,-3946156.8997623213,6.42301560001215,0.6379600673562665
2,1,143,5,3567,-3962475.579804998,-3962475.576819743,0.0024702412390411824,-3962475.5727804154,1.8285327999910805,0.638395002402691
2,1,144,5,3572,-3962475.579804998,-3955948.1052417504,7994.482644554895,-3946156.8834785875,1.7043399999965914,0.6388288936885049
2,1,145,5,3577,-3962475.57992357,-3955948.0998574696,7994.480624577003,-3946156.8937901,2.1729712999949697,0.639261744966443
2,1,146,4,3581,-3962475.57992357,-3958395.7695425185,7066.11679959807,-3946156.8962397315,1.8208822000015061,0.6396072796934866
2,1,147,4,3585,-3962475.57992357,-3954316.238677434,8159.340587019472,-3946156.8973536044,1.7351758000149857,0.6399521531100478
2,1,148,4,3589,-3962475.57992357,-3962475.5650171633,0.02293187928956082,-3962475.525331605,1.7531676999933552,0.6402963671128107
2,1,149,4,3593,-3962475.57992357,-3958395.90952492,7066.188401746959,-3946156.9121972416,2.004935899982229,0.640639923591213
2,1,150,4,3597,-3962475.57992357,-3962475.5776595944,0.001607649209941165,-3962475.5753352027,1.9252501000009943,0.6409828244274809
2,2,0,72,72,28237182.454372898,230365362.9620745,96233506.49282111,529584904.73585474,226.76845199998934,0.21875
2,2,1,72,144,2504807.9485675422,182317620.6481486,87314645.13072385,377458766.43311036,210.34535299998242,0.20930232558139536
2,2,2,69,213,2504807.9485675422,124669555.29871465,94643860.16321526,666517284.460031,196.07753629999934,0.19786096256684493
2,2,3,68,281,858104.429730079,75846908.57892065,60812858.294783175,229652734.98708192,151.02120239997748,0.20734341252699784
2,2,4,67,348,387136.556626762,54849571.034675494,52849487.92948154,238712887.81600696,138.18475300000864,0.19366852886405958
2,2,5,65,413,-0.05817142572362677,34509623.10260229,40699642.48723083,142482639.55381614,123.57063499998185,0.18646864686468648
2,2,6,64,477,-1029135.1813399345,21009311.582208797,31561765.87524888,139505107.99459362,87.12059869998484,0.19571865443425077
2,2,7,63,540,-1857348.539785413,8446142.330158167,14340333.593320094,91549414.89764771,83.8390561999986,0.1988555078683834
2,2,8,62,602,-3606114.344211787,9459944.369082976,16924742.73686904,69632188.21024898,76.10446189998765,0.2078272604588394
2,2,9,61,663,-3642905.6778180134,4176322.1238885364,6499137.7029341785,25141300.200998154,85.5809833999956,0.21728081321473952
2,2,10,59,722,-3720449.3422628697,4848692.026428651,7272210.844858335,33671957.049265556,56.44768480001949,0.23722627737226276
2,2,11,58,780,-3720449.3422628697,3278573.299922838,5926090.762386407,32793619.847445384,70.239918199979,0.2421420256111758
2,2,12,57,837,-3720449.3422628697,3110668.9978237287,6743987.863481934,29801128.821461488,70.62301979999756,0.25222222222222224
2,2,13,56,893,-3874205.4577207547,1190716.6730631138,3655208.7917544385,14544398.220296167,75.1564694000117,0.2692713833157339
2,2,14,55,948,-3874205.4577207547,551853.2099296607,5312675.987563945,25420950.699562993,85.66038489999482,0.2822822822822823
2,2,15,54,1002,-3928670.650863124,963599.3532596075,4675746.990549233,19829471.127008237,82.26250040001469,0.2962962962962963
2,2,16,53,1055,-3928670.650863124,-166809.98548737954,4188677.097304304,14395755.733846609,84.4653192999831,0.3132313231323132
2,2,17,52,1107,-3928670.650863124,1198074.4847124247,5288634.75325306,19169835.255269937,77.38724199999706,0.3296232876712329
2,2,18,51,1158,-3928670.650863124,-758907.1929066669,4039957.4372138744,13989571.809680957,86.35845269999118,0.3465909090909091
2,2,19,50,1208,-3928670.650863124,-889714.092975581,3767025.1590626626,13382214.112320064,70.46536110001034,0.3689095127610209
2,2,20,49,1257,-3928670.6509302557,-1254579.358790152,3982961.658487286,15631338.385593899,76.212323499989,0.3874538745387454
2,2,21,48,1305,-3928670.6509302557,-1575517.9529187826,2950578.1620885623,9778038.30209545,72.4040348000126,0.40326009922041106
2,2,22,47,1352,-3928670.6509302557,-1787350.9212760231,3142193.6352909375,10574532.785063837,77.4019597999868,0.415929203539823
2,2,23,46,1398,-3933379.834152473,-2170186.984958766,2029809.215222227,4418183.213262042,75.50859010001295,0.42960052390307796
2,2,24,46,1444,-3933379.834152473,-2293341.6333573884,2799986.4683899106,11326294.781846082,66.88762799999677,0.4436042848141147
2,2,25,45,1489,-3933379.834152473,-1131643.7126934263,4389630.349800086,10582337.947582249,71.60198759997729,0.4528301886792453
2,2,26,44,1533,-3933379.834152473,-2990815.798972678,1572000.4006128765,3126650.9880668316,63.8245506999956,0.4655679811653914
2,2,27,43,1576,-3947444.1444717646,-2942596.9354463676,2360425.20122071,11148953.664778598,60.292817100009415,0.47692307692307695
2,2,28,42,1618,-3947444.1444717646,-3419558.679507164,771427.553320418,-649876.2889039777,60.360900800005766,0.4869950193691201
2,2,29,41,1659,-3947444.1444717646,-3254595.1985668023,1661031.8701941203,6352231.640526264,58.554503299994394,0.4970414201183432
2,2,30,41,1700,-3949076.028256595,-3471782.559115361,819905.223122324,666659.1547764316,47.21221929998137,0.5070717653221583
2,2,31,40,1740,-3949076.028256595,-3266883.7749765017,2118011.6771584842,9136657.707464052,54.12985330002266,0.5135273098519653
2,2,32,39,1779,-3950943.4711076096,-3442422.3612936283,2238074.3609055136,10300590.12023012,39.34531849998166,0.5217391304347826
2,2,33,38,1817,-3951006.0354877487,-3666134.471023133,825826.2189072428,30676.11852418445,45.81616080002277,0.52880859375
2,2,34,38,1855,-3951006.0354877487,-3835886.521702472,153833.09156720783,-3268955.9585617445,37.649894300004235,0.5360726230291448
2,2,35,37,1892,-3951006.0354877487,-3854885.6873099175,103893.8032134453,-3545551.0757863317,26.735677899996517,0.5438761145002347
2,2,36,36,1928,-3951006.035488628,-3834308.902850396,348733.7547321236,-1782790.1419662386,29.74732209998183,0.5503911642890014
2,2,37,36,1964,-3951959.9865576867,-3489499.667809912,2361019.8817132483,10471576.410110092,33.62122400000226,0.5560072267389341
2,2,38,35,1999,-3956215.5385099314,-3893241.515965917,62983.514358737346,-3720000.4513701294,36.95616999999038,0.5611160318866253
2,2,39,34,2033,-3961226.008982992,-3911930.384662123,61618.368376119186,-3729296.7744766977,29.91175729999668,0.5666376306620209
2,2,40,34,2067,-3961226.008982992,-3888726.444875574,190771.51080465075,-2818703.2992473356,41.73530759999994,0.5707567336468576
2,2,41,33,2100,-3961226.008982992,-3924342.9414625335,42470.388438241775,-3734073.3423001356,36.02271130000008,0.5757575757575758
2,2,42,32,2132,-3961226.008982992,-3937606.063563405,27955.892450724914,-3811917.68111185,28.78076389999478,0.5806719203649938
2,2,43,32,2164,-3961863.0131794363,-3935054.0848061237,30028.466027103445,-3830915.880804306,44.71627909998642,0.5839445802770986
2,2,44,31,2195,-3961863.0131794363,-3945906.433248416,17043.302742878597,-3871492.5382224713,48.68380309999338,0.5858343337334934
2,2,45,31,2226,-3961871.0679324307,-3943070.484437626,21723.944149017923,-3875811.5617432017,51.488896199996816,0.587426326129666
2,2,46,30,2256,-3961871.0679324307,-3941846.359977111,16248.821433262952,-3882947.943408603,46.25665590001154,0.5900309119010819
2,2,47,29,2285,-3961871.0679324307,-3948156.071306105,31248.836926257118,-3786610.89102553,50.49450530001195,0.590960881124193
2,2,48,29,2314,-3962131.4709113743,-3948669.0232637855,11619.042777194452,-3915848.663769558,38.75876239998615,0.5940074906367041
2,2,49,28,2342,-3962131.4709113743,-3947370.495342537,32654.239562275514,-3787131.489623634,48.28127309997217,0.5949133800221157
2,2,50,28,2370,-3962131.4709113743,-3949193.761097213,20754.678121931956,-3859365.274358213,45.1028035999916,0.5962236746550472
2,2,51,27,2397,-3962131.4709113743,-3951636.4225561647,33106.154066707146,-3784201.4675849564,38.9739962000167,0.5985663082437276
2,2,52,27,2424,-3962131.4709113743,-3955152.8479395565,10723.668938865676,-3918092.2781276517,36.537765799992485,0.6004243281471005
2,2,53,26,2450,-3962131.4709113743,-3958706.594331209,3350.906317562456,-3949129.5399994403,36.199193000007654,0.6019553072625698
2,2,54,26,2476,-3962131.4709113743,-3958026.0822904105,5403.734572885836,-3941882.6805677004,45.33373929999652,0.6026170798898072
2,2,55,25,2501,-3962249.9387968145,-3958330.338142581,7815.814384603601,-3923240.4120634496,41.44287299999269,0.6033310673011557
2,2,56,25,2526,-3962344.689233668,-3960137.8780939495,2036.3115918042922,-3955153.890766954,44.330760499986354,0.6040268456375839
2,2,57,24,2550,-3962346.932549488,-3959179.495443435,3549.729023317019,-3945441.9810859207,37.8254965999804,0.6053067993366501
2,2,58,24,2574,-3962415.3714274857,-3960684.059014484,2187.6238612273523,-3954117.3500109687,38.69081900001038,0.6064283371597246
2,2,59,23,2597,-3962415.3714274857,-3959862.0636487273,4311.7046087820845,-3942395.7392444853,49.317863000003854,0.6063450955001619
2,2,60,23,2620,-3962415.3714274857,-3960794.9760523387,1608.6913871482845,-3956601.639494039,52.93061380001018,0.6059443911792906
2,2,61,23,2643,-3962415.3714274857,-3960942.8768104105,2461.007299320168,-3953076.4370127246,37.98631939999177,0.6070186531773633
2,2,62,22,2665,-3962415.3714274857,-3961189.548067926,1757.1544795086118,-3956666.584605394,40.677794099989114,0.6074444791992493
2,2,63,22,2687,-3962415.3714274857,-3960616.5844491394,2257.890617573472,-3956409.7330763023,34.72769579998567,0.6082378445339114
2,2,64,21,2708,-3962415.3714274857,-3960394.206331057,2026.5319064838177,-3955749.0385174025,36.59223189999466,0.6087089849739343
2,2,65,21,2729,-3962440.1522128526,-3960886.408355517,2282.216223731802,-3954720.2168493345,42.81806239997968,0.6089860352155434
2,2,66,20,2749,-3962462.7346026525,-3960576.035210809,2371.172045085858,-3956028.7488227915,45.51586389998556,0.6087740384615384
2,2,67,20,2769,-3962462.7346026525,-3960327.801768183,2573.59919801338,-3955457.5300506707,43.22986389999278,0.6085663295657346
2,2,68,20,2789,-3962462.7346026525,-3959681.7723150603,2844.665681247366,-3954983.1528813858,48.41917850001482,0.6081836914924934
2,2,69,19,2808,-3962462.7346026525,-3960344.661645513,2510.916013107567,-3954931.733992979,42.404255700006615,0.6080489938757655
2,2,70,19,2827,-3962462.7346026525,-3961551.095190839,1739.996655207428,-3956206.9921045303,36.33087659999728,0.6082682856316854
2,2,71,19,2846,-3962462.7346026525,-3960792.5988894645,2347.374273056372,-3956368.730182495,38.042296700004954,0.6086582568807339
2,2,72,18,2864,-3962462.7346026525,-3961327.099044842,2099.420986804022,-3954985.4687799998,42.041630599997006,0.6085227272727273
2,2,73,18,2882,-3962462.7346026525,-3960691.29174856,2497.3639717376996,-3955522.337585533,42.45776379999006,0.6082793579273444
2,2,74,18,2900,-3962462.7346026525,-3961575.1352871004,1754.274307370311,-3956162.695060145,45.81190970001626,0.6079799107142857
2,2,75,17,2917,-3962462.7346026525,-3961604.6235068403,1633.0565220054073,-3957203.398199007,42.43085669999709,0.6075774336283186
2,2,76,17,2934,-3962465.1339262575,-3961396.879129586,1909.528386255771,-3957219.2830100097,43.28411490001599,0.6067415730337079
2,2,77,17,2951,-3962465.1339262575,-3961938.2730018576,1286.0285607896503,-3956868.051204348,41.97785299998941,0.6070652173913044
2,2,78,16,2967,-3962465.1339262575,-3961718.0362307006,1672.1532702126628,-3957219.670453908,40.82542110001668,0.6063055780113177
2,2,79,16,2983,-3962465.1339262575,-3961293.499592245,2131.1344846145807,-3956121.9390220568,43.44767399999546,0.6055585248530198
2,2,80,16,2999,-3962465.1339262575,-3961670.982445786,1676.462511846976,-3957207.949600136,38.88942920000409,0.6050887887622581
2,2,81,15,3014,-3962465.1339262575,-3961731.5460353913,1739.8473200241049,-3957291.675304543,39.16102119997959,0.6046817464492372
2,2,82,15,3029,-3962465.1339262575,-3961722.093858117,1746.6795062686435,-3957245.1936795246,37.73467730000266,0.6043353355967616
2,2,83,15,3044,-3962465.1339262575,-3962311.2204086054,244.66879026795047,-3961487.6150748096,36.76490970002487,0.6039937759336099
2,2,84,15,3059,-3962467.7169546075,-3962053.481502444,1278.0873933965072,-3957286.266791556,40.52545149999787,0.6033462033462034
2,2,85,14,3073,-3962467.7169546075,-3962066.5281768143,1340.9137379890276,-3957233.371720722,36.72004050001851,0.6031705446177448
2,2,86,14,3087,-3962473.0576456785,-3962011.7863092506,1324.2352948926243,-3957250.3910761084,38.508843299990986,0.6024371667936025
2,2,87,14,3101,-3962473.0576456785,-3962411.601832669,127.07970092556148,-3961963.55773646,34.10168340001837,0.6025738077214232
2,2,88,13,3114,-3962473.0576456785,-3962394.0097473883,75.05707359351787,-3962252.9300483577,31.628370199992787,0.6025094102885822
2,2,89,13,3127,-3962473.0576456785,-3962454.189134357,18.91679185757949,-3962399.0944977403,35.41669539999566,0.6023946121227238
2,2,90,13,3140,-3962473.0576456785,-3962440.5253216093,29.863667820251624,-3962378.782254273,27.976256699999794,0.6027295285359802
2,2,91,13,3153,-3962473.0576456785,-3962403.3904540692,101.73202156396374,-3962071.1521648113,32.86210840000422,0.6026147015293537
2,2,92,12,3165,-3962473.0576456785,-3962416.3055345244,101.5567382976185,-3962087.794084547,21.14157669999986,0.6028978388998035
2,2,93,12,3177,-3962473.0576456785,-3962426.3171700737,109.4726947847346,-3962065.788224498,27.581794400000945,0.6028836754643206
2,2,94,12,3189,-3962473.0576456785,-3962450.079692507,18.655502324726967,-3962400.920205198,32.13639620001777,0.6027230731825918
2,2,95,12,3201,-3962473.334000934,-3962440.286630731,53.262077869116546,-3962287.59018304,30.14312069999869,0.6028059990324142
2,2,96,12,3213,-3962474.6891353913,-3962438.129636412,80.39190240696301,-3962176.939778138,25.28262780001387,0.6030332209918151
2,2,97,11,3224,-3962474.6891353913,-3962457.8258720054,24.118364725006412,-3962389.160252407,21.845779099996435,0.6031631919482386
2,2,98,11,3235,-3962474.6891353913,-3962456.9776318776,24.74661758348606,-3962394.817106854,28.959955199999968,0.6030534351145038
2,2,99,11,3246,-3962474.6891353913,-3962462.440757009,14.52842996768093,-3962426.21035238,18.435357099981047,0.6032311712995961
2,2,100,11,3257,-3962474.8316653594,-3962467.730450469,10.450388027387266,-3962435.4002552517,27.239891400007764,0.6034074775201136
2,2,101,10,3267,-3962474.8316653594,-3962453.030909003,36.79270545961587,-3962345.6400144435,15.922193399979733,0.6036312190521104
2,2,102,10,3277,-3962474.8316653594,-3962457.5330518223,21.80423169836673,-3962413.6471393127,18.458104799996363,0.6038533834586466
2,2,103,10,3287,-3962474.8316653594,-3962465.8155439943,13.059080824849929,-3962433.75160031,20.892887399997562,0.6037912473671894
2,2,104,10,3297,-3962474.8316653594,-3962460.397548823,23.838740109405858,-3962395.9193474147,17.658263100020122,0.603870366052693
2,2,105,10,3307,-3962474.8316653594,-3962464.054414521,15.675768997750383,-3962427.3748580012,19.8004431000154,0.604089219330855
2,2,106,10,3317,-3962474.8316653594,-3962462.692750157,19.842019552020233,-3962410.813534621,17.60412190001807,0.6044465030106531
2,2,107,9,3326,-3962475.212054845,-3962445.9820374977,45.16582216283085,-3962331.529271601,17.47944880000432,0.6048498845265589
2,2,108,9,3335,-3962475.212054845,-3962462.972854001,26.057563995443044,-3962389.602899179,17.775366699992446,0.6051116739580935
2,2,109,9,3344,-3962475.212054845,-3962459.509620442,18.77178967021528,-3962421.753364481,17.454932699998608,0.605879650895728
2,2,110,9,3353,-3962475.212054845,-3962441.431572693,42.20342430231231,-3962358.3967181034,14.604086100007407,0.6064146620847651
2,2,111,9,3362,-3962475.2275039777,-3962466.2312508575,16.802079457046883,-3962420.302640708,15.928693199995905,0.6070857142857143
2,2,112,8,3370,-3962475.2275039777,-3962456.3122310075,19.081681132244952,-3962426.6809975225,14.309927599999355,0.6076642335766423
2,2,113,8,3378,-3962475.3460519686,-3962469.7936595418,10.609740848752045,-3962441.8315002713,2.7445084000064526,0.6083788706739527
2,2,114,8,3386,-3962475.3460519686,-3962470.3998803943,8.405401825078746,-3962450.0662198216,14.693783900002018,0.6088141753748296
2,2,115,8,3394,-3962475.3460519686,-3962458.004653209,33.12511219499458,-3962375.104018787,2.177871200023219,0.6095238095238096
2,2,116,8,3402,-3962475.4417593647,-3962458.3878714712,19.082407999615107,-3962418.1057212,15.523390399990603,0.6100927811722109
2,2,117,8,3410,-3962475.4417593647,-3962460.6104730237,15.763526033460403,-3962425.0449148715,2.1783898000139743,0.6107973797153828
2,2,118,8,3418,-3962475.4417593647,-3962467.874298919,11.391070178962485,-3962446.270559963,14.872425800014753,0.6112237998647735
2,2,119,7,3425,-3962475.4417593647,-3962454.9516107035,22.947794624526733,-3962418.489597775,2.292604400019627,0.6118361836183618
2,2,120,7,3432,-3962475.4417593647,-3962454.7219154397,24.0720411394168,-3962412.27271604,2.0028976000030525,0.6124466412042238
2,2,121,7,3439,-3962475.4417593647,-3962460.122070719,17.19885565226351,-3962429.765369162,2.3705551000020932,0.6130551816958277
2,2,122,7,3446,-3962475.4417593647,-3962465.4261705833,15.459323570143484,-3962430.4884609673,2.2232616000110283,0.6136618141097424
2,2,123,7,3453,-3962475.4417593647,-3962465.727420873,15.268665440869569,-3962432.0272097103,15.218820499983849,0.6141292197630226
2,2,124,7,3460,-3962475.4417593647,-3962455.6358604194,21.064891933352808,-3962411.998685792,1.7180128000036348,0.6147321428571428
2,2,125,7,3467,-3962475.4458576236,-3962469.584318561,12.37429499560319,-3962439.321481593,13.669404399988707,0.6150590331922478
2,2,126,7,3474,-3962475.4458576236,-3962462.0296651176,20.17002940605427,-3962417.772780992,14.649806399975205,0.615521458750278
2,2,127,6,3480,-3962475.4458576236,-3962460.263183553,21.368602332018238,-3962420.855891114,1.6195975000155158,0.6160337552742616
2,2,128,6,3486,-3962475.4458576236,-3962471.872915002,5.882290389203236,-3962458.8009074423,13.076911299984204,0.6164079822616408
2,2,129,6,3492,-3962475.4458576236,-3962455.2602467923,23.95281612442886,-3962421.6254117023,1.8642841999826487,0.6169176262178919
2,2,130,6,3498,-3962475.4458576236,-3962464.475982774,14.386958485496265,-3962435.4638143387,2.3421814999892376,0.6174259177355153
2,2,131,6,3504,-3962475.4458576236,-3962462.0768993557,20.7499941946718,-3962419.1710227206,2.351019699999597,0.6179328621908127
2,2,132,6,3510,-3962475.4458576236,-3962460.549530903,12.578415190885776,-3962441.2856249176,2.2535852000000887,0.6184384649316277
2,2,133,6,3516,-3962475.4458576236,-3962473.3717862144,3.471441593086611,-3962465.7345227655,2.2365787000162527,0.6189427312775331
2,2,134,6,3522,-3962475.4942940827,-3962467.486493265,16.923682964492972,-3962429.656551769,13.265068399981828,0.6193094347921707
2,2,135,5,3527,-3962475.4942940827,-3962475.3204212547,0.11804779840850002,-3962475.180146588,2.317973400000483,0.6197275922671354
2,2,136,5,3532,-3962475.4942940827,-3962475.360995128,0.07135878449309767,-3962475.274500951,1.803163600008702,0.6201448321263989
2,2,137,5,3537,-3962475.4942940827,-3962475.386850481,0.087843432702683,-3962475.240687467,1.8691564000037033,0.6205611573871109
2,2,138,5,3542,-3962475.4942940827,-3962475.3835978312,0.08585020741202931,-3962475.2387364823,2.3018672000034712,0.6209765710532078
2,2,139,5,3547,-3962475.499636475,-3962475.447776956,0.06582740863418099,-3962475.317892922,1.6991909999924246,0.6213910761154856
2,2,140,5,3552,-3962475.499636475,-3962475.447491574,0.06694456504842836,-3962475.316531349,2.1664956999884453,0.6218046755516714
2,2,141,5,3557,-3962475.499636475,-3962475.4389421865,0.04520854346282364,-3962475.3873767294,1.9189958000206389,0.622217372326495
2,2,142,5,3562,-3962475.499636475,-3962475.477344119,0.008062634428053262,-3962475.4623857774,1.9709385999885853,0.6226291693917593
2,2,143,5,3567,-3962475.499963736,-3962475.480184518,0.02467697985610157,-3962475.4316688366,1.7109907999983989,0.6230400696864111
2,2,144,5,3572,-3962475.5030798353,-3962475.4937413307,0.0072828956045529235,-3962475.4846378453,1.6676803000154905,0.6234500761366109
2,2,145,5,3577,-3962475.507020578,-3962475.428184005,0.12623924869123523,-3962475.177287096,1.6630563999933656,0.6238591916558018
2,2,146,4,3581,-3962475.507020578,-3962475.421579085,0.07981844830572599,-3962475.3079784364,1.3319622999988496,0.6241858445505862
2,2,147,4,3585,-3962475.5141143855,-3962475.507716632,0.004728663656140497,-3962475.5008240137,1.684698600001866,0.6245119305856833
2,2,148,4,3589,-3962475.5248161163,-3962475.513375984,0.008141189881986565,-3962475.5049835574,1.9352319999889005,0.6248374512353706
2,2,149,4,3593,-3962475.5248161163,-3962475.5122001823,0.007083698538041393,-3962475.503219258,1.9549789000011515,0.6251624079688177
2,2,150,4,3597,-3962475.5349933226,-3962475.5114668263,0.029575567790789695,-3962475.460956309,2.100254099990707,0.6254868022501082
2,3,0,72,72,52432940.65577875,230689169.1134935,106627797.62732343,660734665.5255756,224.77751670000725,0.21875
2,3,1,72,144,31027899.23527035,206288968.2369423,177521854.5374874,1488843763.4818292,217.7855303999968,0.24719101123595505
2,3,2,69,213,9940739.173092403,141363409.52618563,91013088.06442666,406926196.76886225,175.37083510000957,0.2760416666666667
2,3,3,68,281,3164472.060260785,99396187.91062081,77675726.54456136,310357289.3535222,170.91578409998328,0.27494908350305497
2,3,4,67,348,1251513.5871032479,68522129.9532537,58701483.46941984,241518330.84925306,147.35208879999118,0.27304347826086955
2,3,5,65,413,-2207594.2381360848,41180739.32271022,37588733.95852429,149693239.98281512,120.88301259998116,0.2757009345794392
2,3,6,64,477,-2207594.2381360848,33252341.259541627,33939083.77160466,130528744.13790709,105.08302210000693,0.28794326241134754
2,3,7,63,540,-2207594.2381360848,22138038.137542278,24939342.422045853,101604062.16934702,88.98768690001452,0.29442970822281167
2,3,8,62,602,-2660724.881862657,14103150.433878662,22121963.677747,141764904.01116467,91.86513409999316,0.30284301606922126
2,3,9,61,663,-2660724.881862657,10693181.35216249,14410474.735069301,72644094.18333733,80.56068049999885,0.31431897555296856
2,3,10,59,722,-3631717.903528439,4989052.046367594,6755974.5636287285,29041705.967772596,91.58418659999734,0.332244008714597
2,3,11,58,780,-3631717.903528439,4850312.077867269,7574054.420664258,32287221.74325901,84.92323910002597,0.3408856848609681
2,3,12,57,837,-3840339.7725340333,4279119.263767218,6190180.544273692,21969386.898740925,72.58692889998201,0.3520710059171598
2,3,13,56,893,-3840339.7725340333,2433304.9696796993,5355142.275134286,29377071.041928153,82.58595030001015,0.3609022556390977
2,3,14,55,948,-3840339.7725340333,3052469.3612847035,5746482.992069846,20851527.16254554,64.49881590000587,0.37330928764652843
2,3,15,54,1002,-3840339.7725340333,1760976.2125914583,5452360.545688007,19496381.708212696,68.82590440000058,0.38860103626943004
2,3,16,53,1055,-3840339.7725340333,1059119.2084352602,4174880.7902073073,14145197.909815993,75.78371779998997,0.4023083264633141
2,3,17,52,1107,-3840339.7725340333,3103877.2956572045,6615714.858151398,23901935.89025258,72.19891979999375,0.4153481012658228
2,3,18,51,1158,-3840339.7725340333,1310936.0485435987,4829185.249506354,17941645.840917718,64.24789800000144,0.42900763358778626
2,3,19,50,1208,-3840339.7725340333,1608666.6558446595,6937683.641942149,26324015.918185577,66.58316590002505,0.4426470588235294
2,3,20,49,1257,-3840339.7725340333,3044812.4774229587,5956027.462813682,18210131.739709437,67.86839529999997,0.4546099290780142
2,3,21,48,1305,-3840339.7725340333,-56349.49325336221,5245755.570492357,19077733.81786044,72.7662769999879,0.4689419795221843
2,3,22,47,1352,-3847776.2652750816,1167379.1333770112,6664104.361913731,24046802.87964616,50.60211220002384,0.4807692307692308
2,3,23,46,1398,-3847776.2652750816,327746.1988617836,4870487.911675036,19429718.398012113,71.57223230000818,0.4922879177377892
2,3,24,46,1444,-3847776.2652750816,494945.1336540122,5299706.083639857,16930402.2449324,57.98840200001723,0.5034225264467953
2,3,25,45,1489,-3847776.2652750816,815832.3943419746,5516641.584367299,15752810.576615937,55.61225269999704,0.514821536600121
2,3,26,44,1533,-3875422.7178436033,602335.0749555936,5634294.092390453,18193670.402948022,56.67748980000033,0.5241176470588236
2,3,27,43,1576,-3880745.3692972697,-172159.23126248686,4363463.6699741455,13417233.476088433,59.36052539999946,0.5342075256556442
2,3,28,42,1618,-3954450.8466990665,-938963.9844225252,4358754.50303106,17164443.25376378,52.718261200003326,0.5435868961687951
2,3,29,41,1659,-3954450.8466990665,-180576.34678709123,5393461.66263064,18169961.039835285,59.99846190001699,0.5524891774891775
2,3,30,41,1700,-3954450.8466990665,-75206.34818501385,5916151.214769506,25584549.805089016,55.64641380001558,0.5601900739176346
2,3,31,40,1740,-3954450.8466990665,-679204.4681187661,4181879.9372044397,11546984.784156583,46.5837659999961,0.5681114551083591
2,3,32,39,1779,-3954450.8466990665,-831396.6222212771,3952311.4101885287,11138195.165861644,55.54480560001684,0.5758186397984887
2,3,33,38,1817,-3954450.8466990665,125304.73885271477,5402741.193709443,20073820.58299917,60.219083999982104,0.5818540433925049
2,3,34,38,1855,-3954450.8466990665,618479.2853294923,7364561.878458122,32180485.021413054,46.04583090002416,0.5863570391872278
2,3,35,37,1892,-3954450.8467284217,-371920.09141687397,6720052.37711292,26903973.15296604,48.00959290002356,0.5919431279620853
2,3,36,36,1928,-3954450.8467284217,153349.11088814453,5974676.070603994,18675073.52841509,41.58087289999821,0.5976744186046512
2,3,37,36,1964,-3954450.8467284217,340584.9778819767,6101485.800212859,23028775.770060778,42.99782389999018,0.604470802919708
2,3,38,35,1999,-3954450.8467284217,-1448190.3812630526,4326172.12782731,19658180.957857978,45.47672579999198,0.6098434004474272
2,3,39,34,2033,-3954450.8467284217,-1209740.4540799863,4695189.311496274,13272411.800871015,47.155136200017296,0.6142355008787346
2,3,40,34,2067,-3954450.8467284217,529284.1840300641,7323270.282359783,31916672.86438793,52.57547670000349,0.6161485319516408
2,3,41,33,2100,-3954450.8467284217,-541592.0167475314,5991702.447113446,21140940.00515363,40.3723139000067,0.6193712829226848
2,3,42,32,2132,-3954450.8467284217,-509497.7655681657,4954790.418859744,11801967.197261078,41.42118430000846,0.6212819438625891
2,3,43,32,2164,-3954450.8467284217,-1789989.7401647642,4382197.544120588,21010657.629855372,41.31276600001729,0.6254125412541254
2,3,44,31,2195,-3954450.8467284217,-1816082.4171947252,3498660.889138282,9833118.19374071,35.433339700015495,0.628966639544345
2,3,45,31,2226,-3954450.8467284217,-1241595.246868519,4402887.347500625,19645362.209700868,37.90290809998987,0.6335602723267921
2,3,46,30,2256,-3954450.8467284217,-698229.1497770479,7056422.500123811,32564696.587344583,41.40189959999407,0.6376182965299685
2,3,47,29,2285,-3954450.8467284217,-1119812.1242244174,5799925.079429157,19890799.711459532,36.659493999992264,0.6400778210116731
2,3,48,29,2314,-3959992.2656746544,-561906.8402291168,4767270.613394504,12481661.911724498,41.14990710001439,0.642089093701997
2,3,49,28,2342,-3959992.2656746544,-997305.8933976704,3907828.0168771967,9265507.252236975,44.33325500000501,0.6444275966641395
2,3,50,28,2370,-3959992.2656746544,-1392816.706930089,4616983.189465111,19113830.146996517,47.268233000009786,0.6463323353293413
2,3,51,27,2397,-3959992.2656746544,-1117276.880734965,5431238.004917093,18550201.64192959,31.289897300011944,0.6486486486486487
2,3,52,27,2424,-3959992.2656746544,-3452988.260153913,848963.838069691,-775037.9274226874,25.125867800001288,0.6522693997071742
2,3,53,26,2450,-3959992.2656746544,-3313057.775151757,2755274.193179843,10437494.513651164,26.44954930001404,0.6550724637681159
2,3,54,26,2476,-3959992.2656746544,-2003931.7859494376,4993350.036949401,18975241.769629054,27.11012539998046,0.6578287352203511
2,3,55,25,2501,-3959992.2656746544,-2438612.222513345,4839785.731831224,21009780.93232125,38.49892230000114,0.6600496277915633
2,3,56,25,2526,-3959992.2656746544,-3205429.780620082,2416106.90967128,8115033.448366581,28.8903403999866,0.6621052631578948
2,3,57,24,2550,-3959992.2656746544,-2280082.053300505,3701740.1017348594,10660789.482722849,28.069002399977762,0.6638859923531456
2,3,58,24,2574,-3960596.775062034,-2191153.9111641413,3748249.6644762717,11158391.721229825,30.08293269999558,0.6659779614325069
2,3,59,23,2597,-3960596.775062034,-2943089.9379104488,2728205.9617498587,9207544.159456251,29.502109699998982,0.667691256830601
2,3,60,23,2620,-3961723.0417248365,-3197800.0848061196,1910304.9226427022,5020402.0567757655,27.929593500011833,0.6700507614213198
2,3,61,23,2643,-3961723.0417248365,-2731561.064506994,2766850.0230612713,8370062.112633867,25.74654040002497,0.6723675385647216
2,3,62,22,2665,-3961811.9559471086,-1636076.655927877,7707174.416999895,30658444.366040524,18.501859599986346,0.6744340878828229
2,3,63,22,2687,-3961811.9559471086,-2444264.1508964915,4912234.584316177,17730294.509653952,28.362550599995302,0.6755775577557755
2,3,64,21,2708,-3961811.9559471086,-3535304.2301018415,820571.6702980979,-1835427.7230593525,18.89944460001425,0.6780216180805765
2,3,65,21,2729,-3962035.0677946955,-1951069.9000526858,4450059.259909102,10482582.692927778,20.740521400002763,0.6796747967479675
2,3,66,20,2749,-3962035.0677946955,-3945369.4153602943,18445.91090496448,-3889897.7915620767,16.566351299989037,0.6815245478036176
2,3,67,20,2769,-3962035.0677946955,-3842548.281850899,269190.7399122126,-3064262.6529975235,17.913927799992962,0.6837716484926235
2,3,68,20,2789,-3962262.7539233696,-2519515.283900913,5407961.200867523,20948598.377453428,20.276622800010955,0.6854684512428298
2,3,69,19,2808,-3962262.7539233696,-3955647.9805626376,4993.161440489816,-3944162.9534837734,9.803511600010097,0.6873614190687362
2,3,70,19,2827,-3962262.7539233696,-3957440.039872688,5372.425333127041,-3945040.7580733374,10.900420099991607,0.6892317380352645
2,3,71,19,2846,-3962437.4906047173,-3956494.3676886787,8129.937066251246,-3936562.302330889,9.197204199997941,0.6910798122065728
2,3,72,18,2864,-3962437.4906047173,-3959273.3588580317,3320.2426425987073,-3950472.3404227644,4.843278799991822,0.6928104575163399
2,3,73,18,2882,-3962437.4906047173,-3958542.062499549,4115.942659196234,-3946656.648495389,7.495362400019076,0.6945218198700093
2,3,74,18,2900,-3962437.4906047173,-3959664.6666556024,2813.9275263202508,-3952347.5003817715,5.024000799981877,0.6962142197599261
2,3,75,17,2917,-3962437.4906047173,-3959694.625050352,3543.9870214127554,-3948734.1164663527,5.23865859999205,0.6977954684629516
2,3,76,17,2934,-3962437.490630975,-3961056.1085413517,1691.471630888615,-3956569.294472739,5.106348000001162,0.6993603411513859
2,3,77,17,2951,-3962437.490630975,-3960092.615205864,2780.140376345293,-3953993.0142707843,5.0788484000077005,0.7009090909090909
2,3,78,16,2967,-3962437.490630975,-3959485.5085107856,3597.980251935616,-3952365.3421011865,5.014047800010303,0.7023522316043426
2,3,79,16,2983,-3962437.490630975,-3960339.001564424,2634.803950816459,-3954583.688339984,5.050608199991984,0.7037815126050421
2,3,80,16,2999,-3962437.490630975,-3961217.843645868,1916.1497966342156,-3955580.9944732375,4.592964400013443,0.7051971326164874
2,3,81,15,3014,-3962437.490630975,-3959814.166610913,2645.023968192739,-3954894.0584232844,4.540893099998357,0.7065120428189117
2,3,82,15,3029,-3962437.490630975,-3960504.689162818,3116.906624547804,-3950778.967709953,4.5823509999900125,0.7078152753108348
2,3,83,15,3044,-3962437.490630975,-3960503.7202737555,2183.501584286887,-3956982.8632270917,4.102654699992854,0.7091069849690539
2,3,84,15,3059,-3962437.490630975,-3960061.0002869545,3458.9675964177572,-3949960.88799531,4.918847700027982,0.710387323943662
2,3,85,14,3073,-3962458.805012565,-3961920.3291993225,840.7761471640308,-3959212.2879994847,4.318163799995091,0.7115721800116891
2,3,86,14,3087,-3962458.805012565,-3960269.8864927674,2464.2060817073225,-3956434.9723528065,4.736971600010293,0.7127473806752037
2,3,87,14,3101,-3962458.805012565,-3961574.2381420624,1769.9437963866872,-3957239.0016828924,4.258406900014961,0.7139130434782609
2,3,88,13,3114,-3962458.805012565,-3961534.9205168094,1873.0428684847611,-3957154.802865099,3.9673829000093974,0.7149870054865723
2,3,89,13,3127,-3962458.805012565,-3962307.120210543,241.61608175108887,-3961563.436655529,4.274732999998378,0.7160529344073648
2,3,90,13,3140,-3962466.8960323073,-3961982.9647931554,1379.9724130404948,-3957206.200728854,3.994920800003456,0.7171109200343938
2,3,91,13,3153,-3962475.108741883,-3962018.082288343,1364.7222999854941,-3957296.8884806894,3.564842599997064,0.7181610508280982
2,3,92,12,3165,-3962475.108741883,-3962412.8107401864,69.15661134641121,-3962234.5312496815,3.6971566999854986,0.7191235059760956
2,3,93,12,3177,-3962475.108741883,-3962001.1143684625,1385.7106831444921,-3957410.435896782,3.8166401000053156,0.7200794100964265
2,3,94,12,3189,-3962475.108741883,-3961969.4016083875,1417.511511606268,-3957294.965418242,4.127639900019858,0.7210288298473714
2,3,95,12,3201,-3962475.108741883,-3961581.534918861,1916.51498987123,-3957291.3392873146,3.750722199998563,0.7219718309859154
2,3,96,12,3213,-3962475.108741883,-3962004.2639397583,1413.5978465804455,-3957318.015594706,4.453865699993912,0.7229084783829309
2,3,97,11,3224,-3962475.108741883,-3961979.23979159,1479.0505339518359,-3957302.7502399404,3.189883400016697,0.7237615449202351
2,3,98,11,3235,-3962475.24469964,-3962426.831976916,80.80404221314745,-3962193.523246344,3.9089584999892395,0.724609375
2,3,99,11,3246,-3962475.24469964,-3960506.6212993194,4788.428399091549,-3946105.3688964564,3.7328255999891553,0.725452016689847
2,3,100,11,3257,-3962475.24469964,-3960947.6579125063,4679.57524516346,-3946150.976445848,3.471431699988898,0.7262895174708819
2,3,101,10,3267,-3962475.24469964,-3959196.2800723603,6523.017506627886,-3946150.262235662,3.1783630999852903,0.7270464601769911
2,3,102,10,3277,-3962475.24469964,-3959197.5469234386,6528.970871028152,-3946120.8371069413,3.341473100008443,0.7277992277992278
2,3,103,10,3287,-3962475.24469964,-3960839.438517568,4894.949497045679,-3946154.599115545,6.673471799993422,0.7285478547854786
2,3,104,10,3297,-3962475.3359668516,-3957531.5404934757,7460.627499394481,-3946094.8830877393,7.941751899983501,0.7292923752057049
2,3,105,10,3307,-3962475.3359668516,-3960837.5870455205,4899.46319320438,-3946139.2032042965,3.0789357999747153,0.7300328227571116
2,3,106,10,3317,-3962475.3359668516,-3960842.274444394,4894.724195989942,-3946158.1022247914,3.06019250000827,0.7307692307692307
2,3,107,9,3326,-3962475.4367918856,-3960660.8338477113,5127.42554796906,-3946158.285874067,3.1971365999779664,0.7314285714285714
2,3,108,9,3335,-3962475.45763636,-3962418.3497922323,109.40598100677079,-3962122.1367857493,2.576380300015444,0.7320846905537459
2,3,109,9,3344,-3962475.45763636,-3962474.411973321,1.1260276205610054,-3962471.89653679,4.092822000005981,0.7327376116978067
2,3,110,9,3353,-3962475.507142309,-3962474.526802019,1.0650016487615557,-3962472.521366652,3.046741900005145,0.733387358184765
2,3,111,9,3362,-3962475.507142309,-3962474.833897156,0.6108776337487246,-3962473.6687997133,3.3122966999944765,0.7340339531123686
2,3,112,8,3370,-3962475.5285602044,-3962475.3285688898,0.23939407430157061,-3962474.7483813725,2.8965178999933414,0.7346060769023931
2,3,113,8,3378,-3962475.572178442,-3962475.080038457,0.49072068748332087,-3962474.0834845174,2.3600331000052392,0.7351757445666756
2,3,114,8,3386,-3962475.572178442,-3962475.2915878035,0.4270650237238485,-3962474.176898133,2.973933000001125,0.7357429718875502
2,3,115,8,3394,-3962475.572178442,-3962475.104582129,0.6327142509307735,-3962473.717618441,2.5872864999982994,0.7363077745124232
2,3,116,8,3402,-3962475.572178442,-3962475.3813027525,0.23758498144447324,-3962474.7856405675,2.378178199985996,0.736870167955212
2,3,117,8,3410,-3962475.572178442,-3962475.254070036,0.35988764798018824,-3962474.451226674,2.4865900999866426,0.7374301675977654
2,3,118,8,3418,-3962475.572178442,-3962475.2218310074,0.5863363733325156,-3962473.7119597364,2.542642100015655,0.7379877886912662
2,3,119,7,3425,-3962475.572178442,-3962475.1636441606,0.4605829901469126,-3962474.452646531,2.3612586999952327,0.7384737678855325
2,3,120,7,3432,-3962475.572178442,-3962475.4449695735,0.22007131036188698,-3962474.908340603,2.1761591999966186,0.7389579476329013
2,3,121,7,3439,-3962475.572178442,-3962475.4563494804,0.19320949424831999,-3962474.992100276,2.326966299995547,0.739440337909187
2,3,122,7,3446,-3962475.572178442,-3962475.435313212,0.16039157451120584,-3962475.0809717905,2.2375807000207715,0.7399209486166007
2,3,123,7,3453,-3962475.572178442,-3962475.483033309,0.10275310455176698,-3962475.2547380794,2.6709034999948926,0.7403997895844292
2,3,124,7,3460,-3962475.572178442,-3962475.523341987,0.04359918775717635,-3962475.42331028,2.3151955000066664,0.7408768705697033
2,3,125,7,3467,-3962475.572178442,-3962475.450039757,0.14806883962849293,-3962475.1993359867,2.3856505999865476,0.7413522012578616
2,3,126,7,3474,-3962475.572178442,-3962475.50600672,0.06566957067069575,-3962475.3519259226,2.8364087999798357,0.7418257912634058
2,3,127,6,3480,-3962475.573982971,-3962475.5380879515,0.018367764742128822,-3962475.5144519582,2.1336828999919817,0.7422303473491774
2,3,128,6,3486,-3962475.573982971,-3962475.551161734,0.013182821500739217,-3962475.5316719376,2.3838176999997813,0.7426336375488918
2,3,129,6,3492,-3962475.573982971,-3962475.532568936,0.031402922149732435,-3962475.4696896635,2.025848199991742,0.7430356677948451
2,3,130,6,3498,-3962475.573982971,-3962475.5237388373,0.02343852060315215,-3962475.4835745078,2.1220920000050683,0.7434364439823239
2,3,131,6,3504,-3962475.573982971,-3962475.532862185,0.02852445876164815,-3962475.4737150725,2.323525299987523,0.7438359719698936
2,3,132,6,3510,-3962475.573982971,-3962475.526608546,0.047292856808214566,-3962475.4236334283,1.9999022999836598,0.7442342575796839
2,3,133,6,3516,-3962475.573982971,-3962475.5396974734,0.022539045060675854,-3962475.502915427,2.2989475000067614,0.7446313065976714
2,3,134,6,3522,-3962475.573982971,-3962475.5131888385,0.053308143800098295,-3962475.432467971,2.4240207000111695,0.7450271247739603
2,3,135,5,3527,-3962475.573982971,-3962475.496340841,0.08886176365851235,-3962475.3214225583,2.1425930999976117,0.7453560371517027
2,3,136,5,3532,-3962475.573982971,-3962475.513670432,0.04299088136893714,-3962475.4319474455,1.7043494999816176,0.7456841020355578
2,3,137,5,3537,-3962475.573982971,-3962475.5535743795,0.011803069314031195,-3962475.542731203,1.8492134000116494,0.7460113226968605
2,3,138,5,3542,-3962475.573982971,-3962475.4533378915,0.1741891017103883,-3962475.1074825283,1.689602600003127,0.7463377023901311
2,3,139,5,3547,-3962475.573982971,-3962475.5517023383,0.027954317034346463,-3962475.496924836,2.0319502000056673,0.7466632443531828
2,3,140,5,3552,-3962475.573982971,-3962475.5150813013,0.06478231690673053,-3962475.393229658,2.122751699993387,0.7469879518072289
2,3,141,5,3557,-3962475.573982971,-3962475.5306506716,0.02338004024748677,-3962475.4845912606,2.3098242999985814,0.7473118279569892
2,3,142,5,3562,-3962475.573982971,-3962475.552730313,0.014042607490932633,-3962475.5284055956,2.4210996000037994,0.7476348759907951
2,3,143,5,3567,-3962475.573982971,-3962475.298715121,0.4838859875393172,-3962474.3313236255,1.9327325999911409,0.7479570990806946
2,3,144,5,3572,-3962475.573982971,-3962475.4761276618,0.10392070415067665,-3962475.28129714,2.098818600003142,0.7482785003825555
2,3,145,5,3577,-3962475.573982971,-3962475.4473514073,0.12397218595764786,-3962475.200255817,1.8592417999752797,0.7485990830361692
2,3,146,4,3581,-3962475.573982971,-3962475.524309384,0.034777846405763715,-3962475.4645539466,1.9022182999760844,0.748854961832061
2,3,147,4,3585,-3962475.573982971,-3962475.520530374,0.035153745724357206,-3962475.4638316,1.9579720000037923,0.7491103202846975
2,3,148,4,3589,-3962475.573982971,-3962475.544705378,0.005909401495679992,-3962475.5388216097,1.7328832999919541,0.7493651599796851
2,3,149,4,3593,-3962475.573982971,-3962475.5536306826,0.010025844523585075,-3962475.542674575,1.9240968000085559,0.7496194824961948
2,3,150,4,3597,-3962475.573982971,-3962475.546601099,0.023748529112956215,-3962475.5103042554,1.671372800017707,0.7498732894069944
2,4,0,72,72,13201136.923723236,223486819.38485453,121345597.79198842,669666114.9291883,223.2906427999842,0.21875
2,4,1,72,144,3661793.5415533967,167799153.48958388,105311253.09426193,507136985.94779557,188.11615089999395,0.311284046692607
2,4,2,69,213,1166437.8108750083,97697213.1252728,79951626.97491097,351773333.1926324,144.74488049998763,0.3352272727272727
2,4,3,68,281,1166437.8108750083,61886606.05798667,57702336.88647161,229563933.2501157,133.7050758000114,0.33410672853828305
2,4,4,67,348,-1690725.99792263,32847195.468623836,41828350.81076773,250054809.62194473,104.99477650001063,0.3448275862068966
2,4,5,65,413,-1764951.3094444722,18582624.06561077,25778367.948251203,148275141.70388913,100.64812970001367,0.3466424682395644
2,4,6,64,477,-2599666.85457753,15602237.273155922,21848279.54478352,93786384.41814114,79.06386339999153,0.35785953177257523
2,4,7,63,540,-2599666.85457753,7263318.898609972,11177199.995121676,67435944.76216656,78.89781470000162,0.36335403726708076
2,4,8,62,602,-3549112.846971186,7152936.488157784,10128104.63976414,44241046.07409015,82.59491680000792,0.381294964028777
2,4,9,61,663,-3602141.502102345,3907104.4808175843,5220289.0647398215,19179694.730951846,59.81303000001935,0.40027322404371585
2,4,10,59,722,-3602141.502102345,2955041.8799831253,5183896.3100290205,28071657.89097835,70.92097080001258,0.4087403598971722
2,4,11,58,780,-3602141.502102345,3790459.5507862987,6357290.523848228,27558965.90757034,63.47359279997181,0.42073170731707316
2,4,12,57,837,-3806601.609948924,3462140.613940629,6375234.284834137,25923052.998479847,64.78879279998364,0.44495412844036697
2,4,13,56,893,-3806601.609948924,2502035.346826515,7346471.74642387,32344043.12287555,69.18744820001302,0.4688841201716738
2,4,14,55,948,-3806601.609948924,2055055.815473374,5808309.260501124,18555219.200796798,69.45741089998046,0.483640081799591
2,4,15,54,1002,-3949883.1802976094,1371587.5179738468,5665085.805110298,18435065.146860562,72.40300469999784,0.5043310875842156
2,4,16,53,1055,-3949883.1802976094,1459153.0191389467,5046210.5410546195,18568815.52236832,65.54951929999515,0.5224153705397987
2,4,17,52,1107,-3949883.1802976094,2391394.506685938,6996356.437478445,22093004.662133314,73.30746589999762,0.5325803649000869
2,4,18,51,1158,-3949883.1802976094,1216783.629806772,5509254.568214728,20088818.62769598,78.73595410000416,0.5469522240527183
2,4,19,50,1208,-3949883.1802976094,908803.4030505295,6076960.307969831,22890160.3342335,74.66004819999216,0.5627943485086342
2,4,20,49,1257,-3949883.1802976094,1822858.2784024887,7271658.174533595,33638709.959555134,65.75275339998188,0.575075075075075
2,4,21,48,1305,-3949883.1802976094,799889.1258084507,5888765.875911801,18059375.84628564,67.5092835999967,0.585436193222783
2,4,22,47,1352,-3949883.1802976094,-185007.66704899565,4918156.38742542,14677067.87875667,59.28404830000363,0.5979166666666667
2,4,23,46,1398,-3951841.5005185846,-384944.65981155424,4795307.186675372,14187935.903052043,66.63616090000141,0.6081441922563418
2,4,24,46,1444,-3951841.5005185846,-906296.9448388534,5008742.342086103,25243267.846146155,69.4997955999861,0.618193465727098
2,4,25,45,1489,-3951841.5005185846,-520241.86369198264,4942521.075855275,15854676.388750954,64.88203189999331,0.6241486068111455
2,4,26,44,1533,-3951841.5005185846,-1415317.389875236,3296682.2656797543,12125760.919382215,70.49481930001639,0.6322388059701493
2,4,27,43,1576,-3952158.2533628847,-932548.5208113097,5808655.193034463,28537022.850671023,64.45253780001076,0.6399307559145989
2,4,28,42,1618,-3952158.2533628847,-596944.5093398836,5348849.353707365,18237875.576006535,65.75264059999608,0.6454494695700725
2,4,29,41,1659,-3952158.2533628847,-74521.641261703,3894748.2310794173,8921135.322555162,56.44768870002008,0.6509229098805646
2,4,30,41,1700,-3952158.2533628847,-2096883.8335237126,3077403.4452367616,14149849.27677366,65.53320400000666,0.6563157894736842
2,4,31,40,1740,-3952158.2533628847,-1455413.8658790968,4366246.62414751,13940202.50119176,62.633713599992916,0.6617195496417605
2,4,32,39,1779,-3952158.2533628847,-2661975.7363459542,1724635.1478013545,2135832.5656107366,62.351638499996625,0.6650049850448654
2,4,33,38,1817,-3952158.2533628847,-1942825.1413839832,3929300.6269910745,17523137.262180712,58.61790460001794,0.6690962099125365
2,4,34,38,1855,-3952158.2533628847,-3052944.0391887426,1800473.5530277558,6641426.7944119815,65.95688419998623,0.6701372456223379
2,4,35,37,1892,-3952158.2533628847,-2542070.800834882,3606998.11064617,16687276.070523087,57.870539600000484,0.6728195662205815
2,4,36,36,1928,-3952158.2533628847,-2479857.7305324133,3077014.435343428,11495494.961614856,53.30295380001189,0.6770410464591791
2,4,37,36,1964,-3952158.2533628847,-2942635.458851548,2315169.020151235,8710703.910442181,49.6232003000041,0.6805125939019001
2,4,38,35,1999,-3952158.2533628847,-3215945.975389775,1598339.8851476663,5405122.482207638,54.58773550001206,0.6829584775086506
2,4,39,34,2033,-3952158.2533628847,-3433819.8828799333,1066363.8809852225,1522568.8914786614,54.92638910000096,0.6847457627118644
2,4,40,34,2067,-3952158.2533628847,-3422316.513256166,1115831.2049012252,1345901.276398532,44.68614229999366,0.6886949293433084
2,4,41,33,2100,-3957268.4068732057,-2828040.0209388537,3630655.591217147,14897945.807789741,44.01105739999912,0.6924335378323109
2,4,42,32,2132,-3957268.4068732057,-3525057.0104521485,834725.0486074621,53392.86217420176,27.531173199997284,0.6958098307816277
2,4,43,32,2164,-3957268.4068732057,-3516535.559228234,1193517.987206888,2694196.1302985074,42.41814019999583,0.6978588421887391
2,4,44,31,2195,-3957268.4068732057,-3798884.324059483,309228.10281380813,-2337061.348787084,37.433355199988,0.6998438719750195
2,4,45,31,2226,-3957268.4068732057,-3876439.6168579846,158401.7268301242,-3073925.392918119,32.847069099982036,0.7018083878414775
2,4,46,30,2256,-3957268.4068732057,-3890904.186521205,169186.16272403704,-3015564.789999578,35.21408249999513,0.7041397645271553
2,4,47,29,2285,-3960898.9356577583,-3929897.946830634,37335.15798118028,-3779089.301265519,27.598148600023706,0.7074268567141786
2,4,48,29,2314,-3960898.9356577583,-3746998.2090519113,535739.7587999394,-1994666.129382208,28.314902199985227,0.7101556708673091
2,4,49,28,2342,-3961453.1223705746,-3912651.273681219,94151.26572874439,-3514553.95251251,25.470490700012306,0.7120879120879121
2,4,50,28,2370,-3961636.473344406,-3933466.097789026,75169.81823952383,-3553107.74273281,22.188271399994846,0.7144927536231884
2,4,51,27,2397,-3961778.3311464936,-3937772.722931716,28359.558529521,-3855736.0683681946,27.3336725999834,0.7170014347202296
2,4,52,27,2424,-3961778.3311464936,-3950707.679605016,7456.604752711826,-3936360.963545965,24.25622039998416,0.7189496096522356
2,4,53,26,2450,-3961916.6925670616,-3947696.288006507,24848.058562426326,-3840400.012948042,27.645742099994095,0.7205056179775281
2,4,54,26,2476,-3962272.1227982864,-3936545.36589031,79715.1874875582,-3540186.667645868,21.19580320001114,0.7225312934631433
2,4,55,25,2501,-3962272.1227982864,-3947319.702869011,20285.798778489498,-3862105.6199387126,29.873174600012135,0.7231774415405777
2,4,56,25,2526,-3962272.122845184,-3951500.1820553895,11185.066889620484,-3905086.3214288596,23.15494020000915,0.7247956403269755
2,4,57,24,2550,-3962272.122845184,-3944981.1364714927,38500.42987452457,-3763158.828606231,21.73375259997556,0.7265361242403782
2,4,58,24,2574,-3962272.122845184,-3956537.862817935,6072.251014733022,-3937954.7274541184,22.20005569999921,0.7277591973244147
2,4,59,23,2597,-3962272.122845184,-3956629.1033310257,9890.595377118312,-3915363.6805413254,19.904375899990555,0.7293532338308458
2,4,60,23,2620,-3962287.3328025844,-3959725.2390486235,3393.1767000696877,-3947445.112049807,18.103239399992162,0.7311615663047055
2,4,61,23,2643,-3962400.085917497,-3957228.63218541,6304.481335791654,-3943512.0925299916,17.14368090001517,0.732941560561541
2,4,62,22,2665,-3962400.085917497,-3959499.257461128,9373.805426376599,-3916737.0792080443,5.832560999988345,0.7348460291734198
2,4,63,22,2687,-3962400.085917497,-3957029.824642201,7161.129669473103,-3944532.631555941,10.06990840000799,0.7367235275185066
2,4,64,21,2708,-3962449.454498399,-3958294.655102363,6357.42430855799,-3940092.8717671856,5.915080400009174,0.7384910485933504
2,4,65,21,2729,-3962449.454498399,-3958051.863547298,7738.624358029586,-3939026.92260246,6.269006399990758,0.7402349952365831
2,4,66,20,2749,-3962449.454498399,-3961173.816872008,2559.6158775986064,-3950529.2218355555,6.1920947000035085,0.7418744083307037
2,4,67,20,2769,-3962450.950422408,-3959928.811010444,6220.800306313022,-3937514.669129275,6.415851600002497,0.7434932580746315
2,4,68,20,2789,-3962461.6520404555,-3959020.9524729634,6624.077345311165,-3939984.4775201753,6.1254229999904055,0.7450919289498286
2,4,69,19,2808,-3962461.6520404555,-3959763.7739372435,5154.866065580061,-3944403.2794817574,10.763673100009328,0.7465923172242875
2,4,70,19,2827,-3962461.6520404555,-3960848.0986935277,2805.4924829743604,-3952566.0435990803,9.71517579999636,0.748075146288882
2,4,71,19,2846,-3962461.6520404555,-3961835.014884981,1211.5409252757022,-3957314.8442303725,4.715671600017231,0.7495407225964482
2,4,72,18,2864,-3962463.907726381,-3961907.1727690827,1052.7557877328213,-3958638.4545491226,5.073609299986856,0.7509135200974422
2,4,73,18,2882,-3962463.907726381,-3960763.463763834,3909.1274509390973,-3945821.9012337998,5.1689773999969475,0.7522713506965475
2,4,74,18,2900,-3962463.9230044708,-3960610.546329645,3999.4653163228195,-3946141.251911845,5.414360899972962,0.7536144578313253
2,4,75,17,2917,-3962470.521017058,-3960139.666573148,5230.902884698397,-3946114.152825419,5.029609099990921,0.7548696433922685
2,4,76,17,2934,-3962470.521017058,-3960259.0421833335,5160.448114780196,-3946260.8729433715,5.521573799982434,0.7561121049493142
2,4,77,17,2951,-3962470.521017058,-3960201.1112166247,5259.858635571609,-3946104.235122852,5.225288900022861,0.7573420350044497
2,4,78,16,2967,-3962473.5255979635,-3960387.4814215116,5358.082443105691,-3946077.36563785,5.007657999987714,0.7584883377620313
2,4,79,16,2983,-3962475.081991246,-3960963.543453239,3920.84284836662,-3946158.1645445414,4.529127300018445,0.759623861298854
2,4,80,16,2999,-3962475.081991246,-3962286.7713556834,557.9366826955804,-3960142.890928792,4.925910799996927,0.7607487569464756
2,4,81,15,3014,-3962475.081991246,-3961760.6148647224,1763.4124617336336,-3957259.1220518406,4.753170900017722,0.7617938264414676
2,4,82,15,3029,-3962475.2517536227,-3962443.293882143,49.285095271285144,-3962318.947499551,4.90505669999402,0.7628298057407944
2,4,83,15,3044,-3962475.2517536227,-3959195.0153209246,6533.574864196384,-3946112.870988155,4.400433000002522,0.7638568129330254
2,4,84,15,3059,-3962475.2517536227,-3961366.0330938245,4061.2542808114968,-3946170.539794365,4.083733900013613,0.7648749640701351
2,4,85,14,3073,-3962475.2517536227,-3960923.6762514166,4310.695821337487,-3946145.588830456,4.361397100001341,0.7658173489836817
2,4,86,14,3087,-3962475.2517536227,-3961301.9888593117,4197.13656904768,-3946169.026082091,4.31180910000694,0.7667522098659824
2,4,87,14,3101,-3962475.2517536227,-3958236.7907010503,6550.308588717717,-3946149.99382421,8.126570199994603,0.7676796364669128
2,4,88,13,3114,-3962475.2517536227,-3961211.1120066694,4349.3094621038845,-3946144.7575650215,3.704445300012594,0.7685342388228636
2,4,89,13,3127,-3962475.4001354147,-3961216.1817382253,4350.019412955901,-3946147.2811052687,4.308222799998475,0.7693825768254863
2,4,90,13,3140,-3962475.4001354147,-3961214.927604298,4348.654918292351,-3946150.760428915,4.368555499997456,0.7702247191011236
2,4,91,13,3153,-3962475.4001354147,-3962473.9161488023,1.097439027193044,-3962471.3528678734,3.9693758000212256,0.7710607332773579
2,4,92,12,3165,-3962475.4014060013,-3962474.4955314,0.8921141925664853,-3962472.350497486,3.9862301999819465,0.7718270571827057
2,4,93,12,3177,-3962475.478830971,-3962469.6184217203,16.501229233518565,-3962414.962777538,3.671469299995806,0.772588268001112
2,4,94,12,3189,-3962475.478830971,-3962467.342971811,20.570967377467326,-3962400.252989311,3.981873800017638,0.7733444167359379
2,4,95,12,3201,-3962475.5002991315,-3962464.5346515104,24.027121701019304,-3962400.2867605127,3.965353599982336,0.7740955537144435
2,4,96,12,3213,-3962475.512884639,-3962474.8745606854,0.7415636598775024,-3962473.004484726,4.19355459997314,0.7748417285989541
2,4,97,11,3224,-3962475.512884639,-3962471.916708477,10.228458664948912,-3962439.6209696624,4.139943799993489,0.7755214050493963
2,4,98,11,3235,-3962475.512884639,-3962475.310027818,0.19717392184100813,-3962474.8572069313,3.831922899989877,0.7761969904240766
2,4,99,11,3246,-3962475.512884639,-3962475.187443636,0.6800423096113001,-3962473.0475852657,3.966562799992971,0.7768685215493726
2,4,100,11,3257,-3962475.512884639,-3962475.318079626,0.1965704316848853,-3962474.8454955667,3.5329050999716856,0.7775360348109872
2,4,101,10,3267,-3962475.512884639,-3962475.450824684,0.027937850285535172,-3962475.4210064504,3.2663967999978922,0.7781394087333876
2,4,102,10,3277,-3962475.512884639,-3962475.133097321,0.6552756564954775,-3962473.3002504576,3.6605453999945894,0.7787395185285366
2,4,103,10,3287,-3962475.512884639,-3962475.227546566,0.607705880571416,-3962473.421675263,3.0063606000039726,0.779336390612355
2,4,104,10,3297,-3962475.512884639,-3962475.310963181,0.2891795682239598,-3962474.6401312705,3.316874599986477,0.7799300511164918
2,4,105,10,3307,-3962475.5195370167,-3962475.2267470174,0.4295902965718341,-3962474.1422423124,3.6048247999860905,0.7805205258921385
2,4,106,10,3317,-3962475.5195370167,-3962475.34115334,0.3113372298762129,-3962474.421507323,3.3588241999968886,0.7811078405137811
2,4,107,9,3326,-3962475.5208413806,-3962475.3859476405,0.3093419348826575,-3962474.5125453696,3.6413098000048194,0.7816337426588361
2,4,108,9,3335,-3962475.5233634003,-3962475.49170126,0.041837937017373636,-3962475.3803646956,2.6024038000032306,0.7821571238348868
2,4,109,9,3344,-3962475.5566663984,-3962475.477727102,0.09266444722693715,-3962475.2229731977,3.3402273999818135,0.7826780021253985
2,4,110,9,3353,-3962475.5566663984,-3962475.506960196,0.029734137112279263,-3962475.4361601323,3.3586702999891713,0.7831963954412934
2,4,111,9,3362,-3962475.5566663984,-3962475.409414619,0.2267727548000049,-3962474.774917152,3.072557500010589,0.7837123215230037
2,4,112,8,3370,-3962475.5566663984,-3962475.519271479,0.014040987325253976,-3962475.49166801,2.6131973000010476,0.7841688654353562
2,4,113,8,3378,-3962475.5566663984,-3962475.4893516153,0.029181756322508932,-3962475.42645346,2.5596937999944203,0.784623486045287
2,4,114,8,3386,-3962475.5566663984,-3962475.397583117,0.3390111988941226,-3962474.5007765573,2.87644189997809,0.7850761954808197
2,4,115,8,3394,-3962475.5566663984,-3962475.5229263366,0.010314229988587139,-3962475.508147083,2.767849900003057,0.7855270057682223
2,4,116,8,3402,-3962475.5566663984,-3962475.5236947318,0.011428695247708258,-3962475.5044313204,2.44811940001091,0.7859759288330717
2,4,117,8,3410,-3962475.5569626633,-3962475.5117384703,0.030277558850875717,-3962475.4446747676,2.573667299991939,0.7864229765013054
2,4,118,8,3418,-3962475.5569626633,-3962475.497569237,0.07489085830159188,-3962475.3014973346,2.5372032999875955,0.7868681605002605
2,4,119,7,3425,-3962475.5569626633,-3962475.505694863,0.028197840953356267,-3962475.450585993,2.2517839999927673,0.7872561768530559
2,4,120,7,3432,-3962475.5569626633,-3962475.5282239383,0.007726269258540272,-3962475.5136593804,2.7016838999988977,0.7876427829698858
2,4,121,7,3439,-3962475.5569626633,-3962475.5206941715,0.014979571444661863,-3962475.5004743338,2.19425540001248,0.7880279865250065
2,4,122,7,3446,-3962475.5569626633,-3962475.5167798935,0.019158272488091512,-3962475.475105867,1.9268270999891683,0.7884117951370926
2,4,123,7,3453,-3962475.5569626633,-3962475.5269966447,0.013347573061506255,-3962475.5017625764,1.9208623000013176,0.7887942163697392
2,4,124,7,3460,-3962475.5569626633,-3962475.5177912116,0.02616739878639337,-3962475.4657180384,1.906624399998691,0.7891752577319587
2,4,125,7,3467,-3962475.5569626633,-3962475.5168182454,0.01854687952511956,-3962475.481695516,1.550979699997697,0.7895549266786726
2,4,126,7,3474,-3962475.5569626633,-3962475.5312452232,0.01285828410700012,-3962475.502011137,1.9407300000020768,0.7899332306111967
2,4,127,6,3480,-3962475.5569626633,-3962475.5331453737,0.006223506092273634,-3962475.524468342,1.4381595999875572,0.7902564102564102
2,4,128,6,3486,-3962475.5569626633,-3962475.538278958,0.0022646771384154723,-3962475.5341477394,1.786145399993984,0.7905785970302099
2,4,129,6,3492,-3962475.5569626633,-3962475.53745798,0.001189405102571209,-3962475.5359056424,1.7510757999843918,0.7908997955010225
2,4,130,6,3498,-3962475.5569626633,-3962475.5289772744,0.013731679785893075,-3962475.5068406817,1.451279099972453,0.7912200102092904
2,4,131,6,3504,-3962475.5569626633,-3962475.4609038983,0.14591870184917055,-3962475.1356914286,1.4786679999961052,0.7915392456676861
2,4,132,6,3510,-3962475.5569626633,-3962475.531665785,0.009874465668520273,-3962475.5138280056,1.4733727000129875,0.7918575063613231
2,4,133,6,3516,-3962475.5569626633,-3962475.535367183,0.004536311630527201,-3962475.526702864,1.4838729000184685,0.7921747967479674
2,4,134,6,3522,-3962475.5569626633,-3962475.436723409,0.1695832042081845,-3962475.0624446776,1.792802699987078,0.7924911212582445
2,4,135,5,3527,-3962475.5569626633,-3962475.5337431417,0.00944934422883773,-3962475.5210265964,1.3604202999849804,0.7927539903724348
2,4,136,5,3532,-3962475.5569626633,-3962475.541843658,0.0036405585209501423,-3962475.5360643957,1.7650035000115167,0.7930161943319838
2,4,137,5,3537,-3962475.5569626633,-3962475.487804482,0.09327720431542014,-3962475.3014239,1.6897416999854613,0.793277735658327
2,4,138,5,3542,-3962475.562450243,-3962475.5381429703,0.013477500037045512,-3962475.52385284,1.3708570000017062,0.7935386168601716
2,4,139,5,3547,-3962475.562450243,-3962475.4650207683,0.13870975879735972,-3962475.1925845686,1.381133899994893,0.793798840433577
2,4,140,5,3552,-3962475.5698805153,-3962475.4565514745,0.1896118880135432,-3962475.0781505406,1.3742579000245314,0.7940584088620343
2,4,141,5,3557,-3962475.5698805153,-3962475.3635140145,0.22592758451720613,-3962475.020780146,1.3768968999793287,0.7943173246165451
2,4,142,5,3562,-3962475.57844897,-3962475.552684353,0.014198495073603807,-3962475.539683651,1.3773340999905486,0.7945755901557007
2,4,143,5,3567,-3962475.57844897,-3962475.5409312667,0.018863372078812713,-3962475.5172139015,1.696765000000596,0.7948332079257587
2,4,144,5,3572,-3962475.57844897,-3962475.5550081832,0.01171041956788125,-3962475.538453972,2.0018625000084285,0.7950901803607214
2,4,145,5,3577,-3962475.57844897,-3962475.5653260574,0.0042978850702395125,-3962475.5577132255,1.5306562000187114,0.7953465098824118
2,4,146,4,3581,-3962475.5785798635,-3962475.564133291,0.010035729787177284,-3962475.5502048675,1.9077685000083875,0.7955511122219445
2,4,147,4,3585,-3962475.5786789004,-3962475.568248292,0.007483492703574383,-3962475.5588798635,1.7871476000000257,0.7957553058676654
2,4,148,4,3589,-3962475.5793334767,-3962475.5730168233,0.006294000665599179,-3962475.5645958483,1.5851936000108253,0.7959590920429035
2,4,149,4,3593,-3962475.5793334767,-3962475.574017315,0.005091353511085024,-3962475.565371897,1.9855155999830458,0.7961624719661101
2,4,150,4,3597,-3962475.5796931144,-3962475.5752904564,0.0025946311391194694,-3962475.57297788,1.6915434999973513,0.7963654468508837
2,5,0,72,72,28650430.531603068,214367389.4451729,104625851.69220042,674262400.0346696,214.5210805000097,0.3046875
2,5,1,72,144,4719694.08956743,165036869.42740142,82374566.76477718,369361470.0270096,193.86645000000135,0.308300395256917
2,5,2,69,213,871171.6712344452,97789961.964583,70746474.77937184,292699104.84557396,157.1831613999966,0.35082872928176795
2,5,3,68,281,871171.6712344452,61387622.143677786,50890373.79147874,210713202.69178313,117.36046769999666,0.38063063063063063
2,5,4,67,348,753189.7850835212,35042487.55909692,40238615.61189894,160892947.64304426,107.28685799997766,0.3831041257367387
2,5,5,65,413,-2105844.804565387,18446524.428775724,27976405.23300762,129958689.47447798,81.46651920001023,0.40250447227191416
2,5,6,64,477,-2526576.581831515,9092988.563658616,12487699.895491734,53952622.61968009,88.45287889998872,0.4039408866995074
2,5,7,63,540,-2526576.581831515,5832019.829962989,7105225.111861806,34301905.67353932,68.16496300001745,0.41960183767228176
2,5,8,62,602,-2526576.581831515,3276352.950482309,6045500.334090459,36532409.58141865,82.76969999997527,0.44039270687237025
2,5,9,61,663,-3952025.8730224986,3141679.641118395,5810250.57357532,22593413.891159616,81.17152850001003,0.4557291666666667
2,5,10,59,722,-3952025.8730224986,1982728.7945490847,4798644.278660223,20289371.21975223,73.02489150001202,0.47374847374847373
2,5,11,58,780,-3952025.8730224986,1064639.9536722545,4722919.215381541,22393128.693579894,81.23626539998804,0.4960182025028441
2,5,12,57,837,-3952025.8730224986,1901025.7599764406,5227066.844489062,22670059.74679252,67.56866800002172,0.5129032258064516
2,5,13,56,893,-3952025.8730224986,1496331.9546499497,4881186.036950733,18949469.462023593,67.7388520000095,0.532520325203252
2,5,14,55,948,-3952025.8730224986,1698171.2657671664,6254689.598149249,21436606.806210767,71.78164070000639,0.5443159922928709
2,5,15,54,1002,-3952025.8730224986,694261.2518064198,4838304.822865341,24040165.66848488,64.60452480000095,0.5631868131868132
2,5,16,53,1055,-3952025.8730224986,1031737.0783878185,6020212.899804589,20241325.442700706,65.59311399998842,0.5775261324041812
2,5,17,52,1107,-3952025.8730224986,763611.9978897889,6181375.444899668,24704539.612229355,72.5049162999785,0.5935430463576159
2,5,18,51,1158,-3952025.8730224986,-817768.1815362441,3950702.1688110833,13580370.265937267,70.31676339998376,0.6071146245059289
2,5,19,50,1208,-3952025.8730224986,422800.71879520314,5877965.962308295,18806628.30451974,64.64345899998443,0.6211320754716981
2,5,20,49,1257,-3952025.8730224986,-737788.0771464118,4538322.640430112,13539493.637344277,66.22026760000153,0.6338639652677279
2,5,21,48,1305,-3952025.8730224986,-152907.05408925022,6162410.850627928,19111134.5976361,70.06293379998533,0.6418636995827538
2,5,22,47,1352,-3952025.8730224986,-881582.4734365407,4921082.638797906,15328071.79698617,59.67776029999368,0.6498993963782697
2,5,23,46,1398,-3952025.8730224986,-1490907.7232235896,4636050.601425798,15726614.30772488,64.05910489999224,0.6560880829015544
2,5,24,46,1444,-3952025.8730224986,-2084003.276374181,3691596.6328645763,11527286.563069152,62.070833200006746,0.6639549436795995
2,5,25,45,1489,-3952025.8730224986,-2235312.0086468947,3664261.745543995,11891390.89216898,70.0635731999937,0.6680773881499396
2,5,26,44,1533,-3952025.8730224986,-2685870.722112412,2867387.810011767,11866397.306545777,59.42442380002467,0.6760398359695372
2,5,27,43,1576,-3952025.8730224986,-3043378.3467348726,1890804.078490553,5092485.036102094,60.16551170000457,0.6825396825396826
2,5,28,42,1618,-3952025.8730224986,-3435792.595940702,1449907.1738318799,5663272.841361402,61.84221599999,0.6878771256171147
2,5,29,41,1659,-3956516.5076846574,-3231089.949638617,2241748.308865289,10405123.880556205,64.49542630001088,0.690792974986695
2,5,30,41,1700,-3956516.5076846574,-3486085.0753915273,1630285.3906236007,6630570.524700421,58.61895629999344,0.6927056389032592
2,5,31,40,1740,-3956516.5076846574,-3728026.8491797782,545684.0615064186,-571399.2738890154,53.04312539999955,0.6962663975782039
2,5,32,39,1779,-3956516.5076846574,-3552317.279242307,1638340.7314481928,6443531.190590206,47.379032600001665,0.7000493339911199
2,5,33,38,1817,-3956516.5077011455,-3802167.949265448,322947.36958688236,-2475335.1684410013,48.88359809998656,0.7029893924783028
2,5,34,38,1855,-3956516.5077011455,-3788945.944344744,490440.96361645864,-1507654.1276597138,60.303370899986476,0.7046095954844779
2,5,35,37,1892,-3957760.1275778506,-3845228.3161698384,354552.07799721626,-1787208.9946449623,56.034407300001476,0.7065317387304508
2,5,36,36,1928,-3961242.6490416266,-3890090.600070847,96765.06991555536,-3625014.583067883,50.28579560000799,0.7074157303370786
2,5,37,36,1964,-3961242.6490416266,-3841579.9592937976,224292.6942630827,-2958496.5697163157,58.21504019998247,0.7078207381370826
2,5,38,35,1999,-3961242.6490416266,-3848733.1269354727,312356.16766291397,-2168688.8727520034,52.22005500001251,0.7085665088247955
2,5,39,34,2033,-3961242.6490416266,-3926978.9029886886,45615.08470647189,-3716721.9021328725,65.55777159999707,0.7073684210526315
2,5,40,34,2067,-3961242.6490416266,-3885250.6482442934,302569.63844991924,-2151609.420191832,56.34719299999415,0.7068041237113402
2,5,41,33,2100,-3961242.6490416266,-3914536.6112074093,82718.06163172575,-3618723.4615097772,51.73945079999976,0.707001214083367
2,5,42,32,2132,-3961242.6490416266,-3944984.819112596,16004.787947877621,-3887022.930180745,56.31706800000393,0.7063492063492064
2,5,43,32,2164,-3961662.0218275804,-3944682.93726168,18346.59451259157,-3893949.0930424426,46.66633790000924,0.7064327485380117
2,5,44,31,2195,-3961662.0218275804,-3808982.457046388,466310.58044130343,-1860013.4938629493,46.85532200001762,0.7064009198926792
2,5,45,31,2226,-3961662.0218275804,-3947572.1632232876,13958.32922250041,-3902595.585323101,56.901529499999015,0.7058380414312617
2,5,46,30,2256,-3961662.0218275804,-3952971.557437255,8085.162274725063,-3922817.6172001157,45.526338299998315,0.7062314540059347
2,5,47,29,2285,-3961662.0218275804,-3953900.87533382,7977.718555072475,-3931776.437141411,36.83602730001439,0.706764168190128
2,5,48,29,2314,-3961662.0218275804,-3882279.9568861783,369566.7645386279,-1931182.951314602,43.56436419999227,0.7067723342939481
2,5,49,28,2342,-3962012.538736459,-3948603.915481272,51785.99629830845,-3679965.1874318067,45.329908899992006,0.706425275115371
2,5,50,28,2370,-3962364.169020988,-3943281.361315336,71152.671542525,-3574154.5864767767,40.90141190000577,0.7065826330532213
2,5,51,27,2397,-3962364.169020988,-3946913.4359439937,51246.14988218506,-3687237.136318749,39.095081500010565,0.7068786726581403
2,5,52,27,2424,-3962364.169020988,-3958592.3407803713,4721.8889591031075,-3941361.259119088,57.01083399998606,0.7052416609938734
2,5,53,26,2450,-3962364.169020988,-3958240.6552980538,4033.3584976315165,-3946291.4934133887,58.53078239999013,0.7035546613011402
2,5,54,26,2476,-3962410.880271334,-3958299.5112404185,4334.843436467725,-3945479.8235261645,53.18711299999268,0.7023809523809523
2,5,55,25,2501,-3962410.880271334,-3958205.931763285,6298.259413511134,-3940490.614351185,48.97721849998925,0.7015997388181522
2,5,56,25,2526,-3962410.880271334,-3958741.862146361,5691.284723525828,-3941663.229210194,43.66180390000227,0.7010641728474686
2,5,57,24,2550,-3962410.880271334,-3957299.9033827726,6714.8889984329035,-3944499.2967541628,45.00820750001003,0.7004461440407903
2,5,58,24,2574,-3962410.880271334,-3958565.0347864125,6435.485259068001,-3941459.4753373265,54.01859809999587,0.698961937716263
2,5,59,23,2597,-3962421.61971958,-3956143.601872787,7214.422396758206,-3945218.6566502787,36.98220650001895,0.6989414694894147
2,5,60,23,2620,-3962421.61971958,-3959703.1677342835,4586.5787488815095,-3945345.053729359,45.14249570001266,0.6982758620689655
2,5,61,23,2643,-3962421.61971958,-3956971.887780556,7363.6001716092005,-3939886.16261328,38.64396269997815,0.697837343892781
2,5,62,22,2665,-3962421.61971958,-3957467.2561055603,7032.750619237809,-3945268.9595467933,39.20031770001515,0.6977375565610859
2,5,63,22,2687,-3962421.61971958,-3960846.6960134637,3445.115414182601,-3946568.259979911,38.195230799989076,0.6974313022700119
2,5,64,21,2708,-3962421.61971958,-3959925.42565093,4551.206029452374,-3946386.095063608,39.01191820000531,0.6970414201183432
2,5,65,21,2729,-3962421.61971958,-3958438.1764797503,6527.557445009259,-3941977.4583275076,40.04848409999977,0.6966588511137163
2,5,66,20,2749,-3962439.011863187,-3959337.2647495703,5628.896098680807,-3945677.1770846937,40.87862020000466,0.695993031358885
2,5,67,20,2769,-3962439.011863187,-3959937.511436009,4536.534429807017,-3946741.3623624537,37.705951799987815,0.6955395683453237
2,5,68,20,2789,-3962439.011863187,-3959382.803028375,5860.915579530456,-3944731.057059597,42.211092899990035,0.6946978335233751
2,5,69,19,2808,-3962439.011863187,-3961240.208377236,3570.2563544789928,-3946231.4798280187,28.632343199977186,0.6949632144878325
2,5,70,19,2827,-3962439.011863187,-3960325.463862369,4843.948177507271,-3946149.6046214327,39.26214649999747,0.6944444444444444
2,5,71,19,2846,-3962439.011863187,-3961238.0080202315,3447.730269937377,-3946826.359696176,52.3486257000186,0.6927777777777778
2,5,72,18,2864,-3962439.011863187,-3961236.847943609,3543.3831357192676,-3946713.3164008074,41.97675420000451,0.6917148362235067
2,5,73,18,2882,-3962451.6880180314,-3961273.9957100484,1751.3385848082328,-3956571.750655286,43.61058950002189,0.690671031096563
2,5,74,18,2900,-3962451.6880180314,-3960705.9447581437,4469.535453025266,-3943228.2515303623,42.47893069998827,0.6898323418063819
2,5,75,17,2917,-3962451.6880180314,-3961996.796501551,523.0891424352138,-3960809.2441379707,43.94580000001588,0.6884718498659518
2,5,76,17,2934,-3962475.5723668505,-3961700.2827710183,1394.3233248385952,-3956814.8358061034,52.3649696999928,0.6870350690754516
2,5,77,17,2951,-3962481.1169807855,-3961977.3269423284,937.323030906978,-3958667.4963703696,41.42020779999439,0.686264170841023
2,5,78,16,2967,-3962503.552058069,-3961754.7006332763,1288.233017166627,-3957577.3315882795,40.56440649999422,0.6851464435146444
2,5,79,16,2983,-3962503.552058069,-3962165.7523654834,399.7613297853604,-3961316.191557821,43.20516549999593,0.6836099585062241
2,5,80,16,2999,-3962503.552058069,-3961897.0287062083,1250.3598585274165,-3957291.941024054,44.67187489999924,0.6822742474916388
2,5,81,15,3014,-3962503.552058069,-3962103.5745397722,639.6675796918519,-3960559.432990268,40.0554196999874,0.6811335205514424
2,5,82,15,3029,-3962507.4230624028,-3962020.7830999303,559.5108438004507,-3960906.9529469125,39.28114760000608,0.6799290420679169
2,5,83,15,3044,-3962507.4230624028,-3961988.981521764,1282.6229008345804,-3957344.141950611,41.04459360000328,0.6788229376257545
2,5,84,15,3059,-3962507.4230624028,-3962287.7587150396,334.0875417463259,-3961190.238374168,40.923223599995254,0.6774837743384923
2,5,85,14,3073,-3962507.4230624028,-3962177.735568774,420.9744624985971,-3961246.801037453,38.76162639999529,0.6764997521070898
2,5,86,14,3087,-3962507.4230624028,-3961768.87823015,1364.8373303450412,-3957180.1272122115,40.55049149997649,0.6755292959133432
2,5,87,14,3101,-3962512.9472955633,-3962131.5253494866,520.9748436654548,-3961051.422082318,37.955971799994586,0.6748166259168704
2,5,88,13,3114,-3962514.623389419,-3962260.3495650343,351.70594771142396,-3961255.2815236803,37.21189010000671,0.673712342079689
2,5,89,13,3127,-3962536.094351422,-3962329.024113699,403.06884005573727,-3961353.298570806,37.702261700003874,0.6726219217769194
2,5,90,13,3140,-3962543.2196450774,-3961935.831038366,768.0161654443874,-3960155.3529457673,37.942711000010604,0.6715451055662188
2,5,91,13,3153,-3962544.6711269133,-3962217.4024172775,561.3584450477613,-3960877.856457252,39.39707819998148,0.6704816404387219
2,5,92,12,3165,-3962555.1183310263,-3961554.486561457,1534.5573555900767,-3957425.0881912727,35.86018819999299,0.6695116168800379
2,5,93,12,3177,-3962555.569181187,-3962209.717999291,706.7145272030125,-3960591.9528389424,36.26275570000871,0.6685525695426685
2,5,94,12,3189,-3962558.8898543455,-3962044.2637137193,817.6118928285042,-3960071.5693437215,36.91208989999723,0.6676043131739334
2,5,95,12,3201,-3962562.690562889,-3962095.582037177,784.1178796724347,-3960359.2707132436,35.26234429999022,0.6666666666666666
2,5,96,12,3213,-3962582.9954092875,-3962366.55921826,570.5869026414741,-3960478.416957304,36.085863799991785,0.6657394529439036
2,5,97,11,3224,-3962596.4716085717,-3961830.428097689,1598.903865090926,-3957233.541577263,35.092980100016575,0.6648985239852399
2,5,98,11,3235,-3962612.0470453613,-3960843.898035388,2162.257038301709,-3957461.18823828,33.53647439999622,0.664066085360257
2,5,99,11,3246,-3962636.1455803327,-3958639.452920716,6549.324568974022,-3944064.2430130243,33.50899699999718,0.6634703196347032
2,5,100,11,3257,-3962659.392638972,-3961233.272022875,2367.586224152121,-3955423.2706119902,32.61740320001263,0.6628805088596093
2,5,101,10,3267,-3962659.6048448887,-3961371.8213959835,1901.4353706119982,-3957955.617589364,32.57828879999579,0.6621438263229308
2,5,102,10,3277,-3962677.862279961,-3961729.7859404213,1500.2511446336953,-3958619.402116578,31.900720899982844,0.6614137775776677
2,5,103,10,3287,-3962677.862279961,-3962595.495953747,163.88601090154785,-3962107.534753481,34.04644159998861,0.660690273419991
2,5,104,10,3297,-3962704.7750887424,-3961523.976976962,1758.8750057934976,-3958599.687647637,33.47428719999152,0.6599732262382865
2,5,105,10,3307,-3962725.841889171,-3961350.422929318,2080.6498402818074,-3957798.238140924,32.16626040000119,0.6592625499777877
2,5,106,10,3317,-3962750.275291426,-3960905.958197008,2644.328390800619,-3956282.2856366076,34.70483299999614,0.6585581601061478
2,5,107,9,3326,-3962771.52708254,-3956905.693612708,8132.284972311193,-3943381.425020065,30.875560999993468,0.6579295154185022
2,5,108,9,3335,-3962812.0605062246,-3959382.2339049065,5258.989628762718,-3946556.364145668,31.332369899988407,0.6573058358929355
2,5,109,9,3344,-3962859.2568611074,-3959981.743168947,5029.639526227599,-3947578.8842530884,31.718023199995514,0.6566870629370629
2,5,110,9,3353,-3962859.2568611074,-3951775.5895082587,10768.37149962879,-3923671.3382290863,31.557815600011963,0.6560731388767959
2,5,111,9,3362,-3962936.2052459866,-3953477.448429208,7154.722618420753,-3944993.8097106256,32.96547159997863,0.6554640069384216
2,5,112,8,3370,-3962936.2052459866,-3954564.4044114565,5505.726198579509,-3946177.9735900015,19.657254799996736,0.6549265341400173
2,5,113,8,3378,-3962941.9842881076,-3959040.7421319704,5627.5441478735365,-3946504.155417707,24.235296800005017,0.6543927648578811
2,5,114,8,3386,-3962995.5186686814,-3954155.8063111287,10439.982529832232,-3938400.004888216,22.189990799990483,0.653862660944206
2,5,115,8,3394,-3963007.5959835555,-3955925.3614522107,10818.325446948667,-3932064.9387277104,21.82636690000072,0.6533361847733106
2,5,116,8,3402,-3963023.5728151035,-3957548.547666737,9100.868845446845,-3934492.8567082416,21.873286199988797,0.6528132992327366
2,5,117,8,3410,-3963034.1756302584,-3958646.2579294113,7270.669044241502,-3945486.4438275024,22.224132500006817,0.6522939677145284
2,5,118,8,3418,-3963034.1756302584,-3960032.162711366,5280.412786803077,-3946806.550993772,22.829259699996328,0.6517781541066893
2,5,119,7,3425,-3963034.1756302584,-3962016.570279991,2236.452415145062,-3956549.336157838,19.318579099985072,0.651329674968341
2,5,120,7,3432,-3963034.1756302584,-3960888.2968980954,3286.1504807141537,-3954476.947610045,20.514491499983706,0.6508838383838383
2,5,121,7,3439,-3963034.1756302584,-3958604.193229339,6827.449001224144,-3946424.9046765603,18.248633600014728,0.6506504406210659
2,5,122,7,3446,-3963040.4129445925,-3962125.222715829,1451.9995431209513,-3958942.414624747,19.83920180000132,0.6502092050209205
2,5,123,7,3453,-3963043.374672333,-3956592.056472834,15662.181179703417,-3918227.974475026,20.245603699993808,0.6497705465164789
2,5,124,7,3460,-3963044.52913229,-3962240.2414901713,1352.297110042286,-3959025.739270758,20.251536199997645,0.6495424292845258
2,5,125,7,3467,-3963044.52913229,-3950280.397565547,17359.370270775,-3919961.8078632876,21.022146800009068,0.6491082538365823
2,5,126,7,3474,-3963044.52913229,-3950439.578993939,18662.32709168798,-3915282.3171123173,19.94074950000504,0.6486765922249793
2,5,127,6,3480,-3963059.7328371406,-3953056.1217407268,14127.750402795287,-3922243.7703599315,19.567762399994535,0.6483085808580858
2,5,128,6,3486,-3963061.3548964094,-3952794.3716973085,16329.093496556401,-3917373.545844445,18.521300299995346,0.6479423868312757
2,5,129,6,3492,-3963061.3548964094,-3962896.9768907134,323.3532490999068,-3962174.059058387,19.20483480000985,0.6475779967159278
2,5,130,6,3498,-3963075.5096687246,-3963042.9862146974,18.020411527989637,-3963019.4337716717,20.473868000000948,0.6472153972153972
2,5,131,6,3504,-3963080.958278207,-3962722.8282991513,504.18288483787455,-3961822.241639722,19.92544559997623,0.6468545751633987
2,5,132,6,3510,-3963081.156672811,-3962917.343652109,242.93051281656707,-3962424.242301611,18.180469999992056,0.6464955175224124
2,5,133,6,3516,-3963114.011073403,-3962153.556303765,1714.3974822839727,-3958388.783243349,18.700621899974067,0.6461382113821138
2,5,134,6,3522,-3963218.9489153195,-3962487.7150426297,1095.222750948851,-3960163.176426932,18.8374274999951,0.6457826439578265
2,5,135,5,3527,-3963519.0535094794,-3963185.250708391,303.1323173285393,-3962642.0906658843,16.44244339998113,0.6454876568191016
2,5,136,5,3532,-3963519.0535094794,-3963178.2539174194,149.5531904605482,-3962936.332786627,18.365300999983447,0.6451938610662359
2,5,137,5,3537,-3963601.100587627,-3963047.463322143,501.1632028821069,-3962318.468461506,18.34674820001237,0.6449012494961709
2,5,138,5,3542,-3963601.100587627,-3962102.408295434,1702.7809010804137,-3958724.660724992,16.98367660000804,0.6446098149637972
2,5,139,5,3547,-3963601.100587627,-3962995.1305127866,447.90061969074355,-3962215.831970807,17.855874500004575,0.6443195503813729
2,5,140,5,3552,-3963672.029980609,-3963435.0292700278,235.6530976272033,-3963041.275448961,17.15179309999803,0.6442307692307693
2,5,141,5,3557,-3963716.1878662743,-3962507.582809759,1408.6701678889356,-3959949.488414796,17.37913389998721,0.6439424230307876
2,5,142,5,3562,-3963796.984804662,-3962275.4015949033,1932.652802355999,-3958560.11025073,17.304816199990455,0.6436552274541102
2,5,143,5,3567,-3963796.984804662,-3961145.423955095,2203.7711956891485,-3958174.6908218246,17.832537499984028,0.6433691756272402
2,5,144,5,3572,-3963796.984804662,-3960142.0154975727,2854.6384604329783,-3956818.120925421,17.457901699992362,0.6430842607313195
2,5,145,5,3577,-3963895.4264289606,-3962690.484418939,1865.818793816618,-3958972.753501417,17.90060540000559,0.6428004760015866
2,5,146,4,3581,-3963895.4264289606,-3961837.571154009,2048.4644026145884,-3958686.945472056,15.558323700010078,0.6425742574257426
2,5,147,4,3585,-3963895.4264289606,-3961892.078210122,1747.508131556177,-3959018.0574592,13.715671599988127,0.6425464610517991
2,5,148,4,3589,-3963895.4264289606,-3961669.080083552,2386.8965109722503,-3957640.7201095,16.872123899986036,0.6423213580734307
2,5,149,4,3593,-3963895.4264289606,-3962545.6911174203,2040.5397366679592,-3959011.905036142,16.456270199996652,0.6420969649191959
2,5,150,4,3597,-3964027.1884960327,-3963526.819873312,443.18381636454063,-3963040.6323624533,15.669318200001726,0.6418732782369146
