n_ess,run,gen,batch_size,eval_cumulative,gbest_f,mean_f,std_f,worst_f,elapsed_s,coef_cache_hit_rate_cumulative
1,0,0,36,36,3178640.668232873,65873194.305829085,48198963.91198593,196446348.7633448,68.46534540000721,0.0
1,0,1,36,72,-2672525.1963691674,54264526.103018306,55863493.587947115,219668721.68864504,51.18318100000033,0.0
1,0,2,35,107,-2672525.1963691674,31096191.303988233,33901804.43782863,139362196.41814592,50.210034999996424,0.011494252873563218
1,0,3,35,142,-2672525.1963691674,23372557.269696385,25462678.133339867,111484148.17045617,49.06704960000934,0.017543859649122806
1,0,4,35,177,-2672525.1963691674,14279170.23772532,24501384.431532014,115892498.56209512,37.625033699994674,0.014925373134328358
1,0,5,34,211,-2672525.1963691674,7742554.048674032,18905630.872281592,91527965.83224407,29.751765700028045,0.013333333333333334
1,0,6,34,245,-2781383.849296293,5735143.2198535865,17738284.180541188,100588801.83476487,32.52330289999372,0.023809523809523808
1,0,7,34,279,-3659098.239346843,5463755.70451536,22834248.360840987,134581708.54194418,28.747894600004656,0.021739130434782608
1,0,8,34,313,-3719003.7608441003,6402313.358687648,14322318.154734924,72651926.93017916,27.20323980000103,0.02512562814070352
1,0,9,33,346,-3719003.7608441003,2042706.1620266852,5082934.284479642,15653927.463056058,29.697534900013125,0.027777777777777776
1,0,10,33,379,-3731371.490872532,1267397.6483229846,5130600.749137474,18569806.090007428,37.472813000000315,0.025423728813559324
1,0,11,33,412,-3806236.764133023,-111293.2454747329,3355660.8610761533,9481286.887819387,33.09521669999231,0.02766798418972332
1,0,12,32,444,-3806236.764133023,816339.6779025636,5322135.232310597,17890873.77360887,35.05389290000312,0.03663003663003663
1,0,13,32,476,-3892247.54076178,84900.17027950316,4804399.662102138,14193236.366597222,36.19966550002573,0.047619047619047616
1,0,14,32,508,-3892247.54076178,-675302.7558014928,3807050.064538648,12721061.757494772,42.481875199999195,0.0625
1,0,15,31,539,-3913324.0775859244,-1593632.1645241894,4069489.0027642893,16565460.161713038,35.76926169998478,0.09248554913294797
1,0,16,31,570,-3913324.0775859244,-2212818.3225161703,4039509.743538337,19041703.601917382,37.51566470001126,0.12032085561497326
1,0,17,31,601,-3913324.0775859244,-1318154.6679801778,5451487.980990642,22585790.71845755,37.18267159999232,0.14463840399002495
1,0,18,31,632,-3925638.313843617,-833427.718102079,4853093.4066708395,13712660.270354817,31.594880099990405,0.17330210772833723
1,0,19,30,662,-3925638.313843617,-2494838.79907797,3358297.975912825,14691317.991192453,36.51723910000874,0.20394736842105263
1,0,20,30,692,-3948524.1781145893,-3124451.323876277,1602145.3705113805,3506772.49598225,34.36939260002691,0.2288659793814433
1,0,21,30,722,-3949873.825267568,-2837719.6280416907,4013968.4279225627,18531150.70124248,27.07516099998611,0.26653696498054474
1,0,22,30,752,-3949873.825267568,-2725799.400582722,4388718.1013163505,20324236.014199898,25.351791699999012,0.2983425414364641
1,0,23,29,781,-3953437.5331777986,-2962160.293678813,2934216.084095419,11656933.23711734,19.78897130000405,0.3280701754385965
1,0,24,29,810,-3955798.7029706277,-3868456.209036346,59820.04431863307,-3664428.364668004,16.795964499993715,0.3606010016694491
1,0,25,29,839,-3955798.7029706277,-3637851.4170554345,1066906.760811864,1947111.4787356886,19.236094700027024,0.3875598086124402
1,0,26,29,868,-3955852.1190907694,-3892443.98238657,64118.85509284863,-3675452.069655452,14.753602500015404,0.4146341463414634
1,0,27,28,896,-3961579.3567075655,-3858441.0988055947,194713.83974448135,-2969134.369530093,15.285414399986621,0.43859649122807015
1,0,28,28,924,-3961579.3567075655,-3883323.039272338,139078.28249241534,-3310362.843035142,13.123247999988962,0.4606741573033708
1,0,29,28,952,-3961579.3567075655,-3690942.894509355,808712.1177300828,15024.26575560309,15.983509899990167,0.4783783783783784
1,0,30,28,980,-3961579.3567075655,-3903414.839659839,59593.71466934457,-3742383.834924899,16.739005100011127,0.49609375
1,0,31,27,1007,-3961579.3567075655,-3923352.225313809,56273.03987022351,-3726662.939346427,15.678250600001775,0.5119496855345912
1,0,32,27,1034,-3961579.3567075655,-3940263.6523887306,29707.52002151074,-3830075.8306944594,12.29908319999231,0.5279805352798054
1,0,33,27,1061,-3961579.3567075655,-3936952.750379697,27094.863044574497,-3842292.2213021256,15.41959649999626,0.5429917550058893
1,0,34,27,1088,-3961579.3567075655,-3934377.508315124,52120.796028987075,-3768852.263861604,7.758167799998773,0.5570776255707762
1,0,35,26,1114,-3962373.5721886735,-3950151.4701542533,16095.963224747582,-3892121.605827961,7.569752099981997,0.5698447893569845
1,0,36,26,1140,-3962373.5721886735,-3952275.57442078,12246.234232306282,-3907164.366638869,9.972233100008452,0.5818965517241379
1,0,37,26,1166,-3962373.5721886735,-3950481.0967551586,41863.17146127257,-3742563.7590035405,8.799468499986688,0.5932914046121593
1,0,38,26,1192,-3962373.5721886735,-3958326.131887209,7171.982900064162,-3927214.9912733864,5.776736300002085,0.6040816326530613
1,0,39,25,1217,-3962381.287961567,-3960526.210516421,3352.2121873080964,-3944818.4307827502,6.027333499980159,0.6139303482587065
1,0,40,25,1242,-3962381.287961567,-3960718.9968161853,1730.0187082733999,-3956090.944648968,6.003642299998319,0.6233009708737864
1,0,41,25,1267,-3962381.287961567,-3959638.619740581,4577.376224853325,-3938313.7663133442,5.954113100015093,0.6322274881516587
1,0,42,25,1292,-3962381.287961567,-3960411.2293836754,3044.203387845169,-3946737.406349981,5.938774499983992,0.6407407407407407
1,0,43,25,1317,-3962387.180512732,-3959905.743033243,7519.32210558251,-3923298.635393193,5.954278499993961,0.648868778280543
1,0,44,24,1341,-3962387.180512732,-3960894.8463417212,3467.3077824176626,-3945263.2842521854,5.299435699998867,0.6563330380868024
1,0,45,24,1365,-3962387.180512732,-3960425.4087098357,4233.88110545968,-3946354.0059557594,5.015309199981857,0.6634865568083261
1,0,46,24,1389,-3962387.180512732,-3961106.3510982334,3430.6211793398397,-3945035.158665346,5.229155999986688,0.6703483432455395
1,0,47,24,1413,-3962420.4470324125,-3961385.6750647775,1775.2662726284802,-3954324.957778549,5.233187200006796,0.6769358867610324
1,0,48,23,1436,-3962420.4470324125,-3960598.9043288855,3748.4627828819184,-3945708.7076944597,5.200583800004097,0.6830065359477124
1,0,49,23,1459,-3962439.9971369356,-3962077.696741528,262.7024439705294,-3961349.3890608456,4.846811399998842,0.6888532477947072
1,0,50,23,1482,-3962439.9971369356,-3960943.042341267,3283.0061727730285,-3946600.8842219487,5.149983200011775,0.694488188976378
1,0,51,23,1505,-3962450.9103127494,-3961961.1136423033,585.404088512097,-3959614.4592989013,5.110046399990097,0.699922660479505
1,0,52,23,1528,-3962450.9103127494,-3962069.7535271673,453.5207096853688,-3960373.211939549,5.272857000003569,0.7051671732522796
1,0,53,22,1550,-3962466.04439524,-3961249.7859941055,3513.9780009218875,-3945550.0608592145,5.029066700022668,0.7100149476831091
1,0,54,22,1572,-3962466.04439524,-3961356.477163458,3438.910082351661,-3945727.3822634947,4.709798900003079,0.7147058823529412
1,0,55,22,1594,-3962474.1099042855,-3961354.0577892764,3580.2763120339955,-3945252.3815688044,5.059734499984188,0.7192474674384949
1,0,56,22,1616,-3962474.1099042855,-3961574.24110081,1725.8069946040719,-3957231.855927108,5.138644399994519,0.7236467236467237
1,0,57,22,1638,-3962474.1099042855,-3961538.906382287,1734.887233734762,-3957138.1646405626,4.741429300018353,0.7279102384291725
1,0,58,21,1659,-3962474.1099042855,-3961575.1895651952,3503.608811870565,-3945914.0963965356,4.624108199990587,0.7318590186592951
1,0,59,21,1680,-3962474.1099042855,-3961993.2922360776,1230.3772629631158,-3957323.0752241556,4.738933799992083,0.7356948228882834
1,0,60,21,1701,-3962475.305081751,-3960099.092706786,4873.793157866348,-3946001.5186298247,4.976281999988714,0.7394224311618536
1,0,61,21,1722,-3962475.305081751,-3959288.8614928112,6411.873347401622,-3946015.0862657465,4.902283800009172,0.743046357615894
1,0,62,21,1743,-3962475.305081751,-3962173.7090456556,1107.177949286848,-3957230.376410704,4.610594700003276,0.7465708687132593
1,0,63,21,1764,-3962475.305081751,-3960111.6690379055,5697.7402201115365,-3946036.8239608984,4.881241900002351,0.75
1,0,64,20,1784,-3962475.305081751,-3959721.633914427,5807.381867342387,-3946088.8122221697,4.9251327000092715,0.7531806615776081
1,0,65,20,1804,-3962475.305081751,-3962157.049749922,1125.988220997875,-3957257.940584719,4.6031157999823336,0.7562814070351759
1,0,66,20,1824,-3962475.305081751,-3961603.9025126994,3546.935236268431,-3946145.184431281,4.58766459999606,0.7593052109181141
1,0,67,20,1844,-3962475.305081751,-3956738.7582242996,7776.550375659929,-3946057.6107576992,4.847898200008785,0.7622549019607843
1,0,68,20,1864,-3962475.305081751,-3960822.1274674847,4905.805802101433,-3946077.9622288756,4.830913700017845,0.7651331719128329
1,0,69,19,1883,-3962475.305081751,-3957304.3436667235,7580.636742130103,-3946053.1970976144,4.583295199990971,0.767803710353082
1,0,70,19,1902,-3962475.305081751,-3958170.7758119493,7188.131793416854,-3946123.94943933,4.531368299998576,0.770414201183432
1,0,71,19,1921,-3962475.305081751,-3959878.1760308985,5954.762195495955,-3946084.2603679486,4.488842999999179,0.7729666471620831
1,0,72,19,1940,-3962475.305081751,-3959025.404933125,6647.9150803016455,-3946137.2911517415,4.4772939999820665,0.7754629629629629
1,0,73,19,1959,-3962475.305081751,-3959884.904015247,5966.434292629082,-3946079.561565144,4.530742000002647,0.7779049799656554
1,0,74,19,1978,-3962475.3236758355,-3960733.6279364824,5021.763546081828,-3946020.1371382475,4.637767200008966,0.7802944507361268
1,0,75,18,1996,-3962475.407304207,-3960653.003580303,5120.978873665046,-3946166.261106765,4.41351990000112,0.7825112107623319
1,0,76,18,2014,-3962475.436477091,-3962470.800307009,6.2517568996641275,-3962452.640276268,4.382373000000371,0.7846836847946725
1,0,77,18,2032,-3962475.436477091,-3961610.034686331,1925.2202801629537,-3957300.826147251,4.410108500014758,0.7868131868131868
1,0,78,18,2050,-3962475.4679152295,-3961612.1732905507,1926.2691102529602,-3957301.660944313,4.70209179999074,0.7889009793253536
1,0,79,18,2068,-3962475.4679152295,-3962469.105834581,11.80354602159694,-3962422.453052243,4.348082199983764,0.790948275862069
1,0,80,18,2086,-3962475.4679152295,-3961567.302054354,3738.6379744576147,-3946152.5040282253,4.446230999979889,0.7929562433297759
1,0,81,17,2103,-3962475.4679152295,-3962162.1609541117,1215.9904918758966,-3957298.622454256,4.379612399992766,0.7948175568482284
1,0,82,17,2120,-3962475.523616787,-3962472.3541103266,9.398202598788188,-3962434.992826283,4.299890199996298,0.7966457023060797
1,0,83,17,2137,-3962475.523616787,-3961557.2243058085,1970.1646494719598,-3957291.149580039,4.3175783999904525,0.7984415584415584
1,0,84,17,2154,-3962475.523616787,-3961555.1919269166,1975.382409702266,-3957275.50661353,4.297216900013154,0.800205973223481
1,0,85,17,2171,-3962475.546656646,-3961561.3180074045,1973.0056439957496,-3957297.3553754054,4.251204400003189,0.8019397651863196
1,0,86,17,2188,-3962475.546656646,-3961558.4094980718,1975.5845828984518,-3957282.143978432,4.303871599986451,0.8036437246963563
1,0,87,17,2205,-3962475.568044523,-3962472.934194516,5.7618594196689354,-3962451.096478604,4.303018999984488,0.8053186151530356
1,0,88,16,2221,-3962475.568044523,-3962475.052402812,0.9043247485757206,-3962472.2652625665,3.4643818000040483,0.8068690890990543
1,0,89,16,2237,-3962475.568044523,-3961827.207525584,1713.0045082334877,-3957290.3168620355,3.6127597000158858,0.808395061728395
1,0,90,16,2253,-3962475.568044523,-3962475.09807414,0.7587029780880301,-3962472.594721377,3.578830200014636,0.8098971092601666
1,0,91,16,2269,-3962475.568044523,-3962151.1235398846,1255.2197420910932,-3957289.6790070776,3.6792067000060342,0.8113757899854157
1,0,92,16,2285,-3962475.568044523,-3962474.9137389194,1.895197206357994,-3962467.6155632716,3.3273230000049807,0.8128316449589966
1,0,93,16,2301,-3962475.568044523,-3962150.632043791,1253.2505301589476,-3957296.8290159404,3.6978558000118937,0.8142651986596458
1,0,94,16,2317,-3962475.569494402,-3962475.1710174,0.6498469830448265,-3962473.244563706,3.5260258999769576,0.8156769596199525
1,0,95,15,2332,-3962475.569494402,-3962475.410723486,0.16835873171690327,-3962474.942721648,3.492570100002922,0.8169811320754717
1,0,96,15,2347,-3962475.569494402,-3962475.3783436227,0.21387109576012792,-3962474.827641314,3.2392778000212274,0.8182669789227166
1,0,97,15,2362,-3962475.569494402,-3962475.4709733753,0.21795974818557123,-3962474.6732925754,3.516986300004646,0.8195348837209302
1,0,98,15,2377,-3962475.569494402,-3962475.4292814466,0.2613044533181586,-3962474.7245909907,3.2123395999951754,0.8207852193995381
1,0,99,15,2392,-3962475.5743760876,-3962475.4880474466,0.14252593783021764,-3962475.113899328,3.5877041000057943,0.8220183486238533
1,0,100,15,2407,-3962475.5770601723,-3962475.5307412203,0.08718843310274414,-3962475.210447671,3.4408365999988746,0.8232346241457859
1,0,101,15,2422,-3962475.5770601723,-3962475.4855557433,0.17299575189291477,-3962474.9777800404,3.519595899997512,0.8244343891402715
1,0,102,14,2436,-3962475.5770601723,-3962475.517995846,0.11273600553404471,-3962475.1939222924,3.0931112999969628,0.8255395683453237
1,0,103,14,2450,-3962475.5770601723,-3962475.260650027,0.541013706278917,-3962473.9262053184,3.4415893999976106,0.8266309204647007
1,0,104,14,2464,-3962475.5770601723,-3962475.552283552,0.024096426537584866,-3962475.481084347,3.0802028000180144,0.827708703374778
1,0,105,14,2478,-3962475.5798638314,-3962475.5572455428,0.02527137193771119,-3962475.4974038433,3.1002252000034787,0.8287731685789939
1,0,106,14,2492,-3962475.5798638314,-3962105.825160831,1333.1075478830414,-3957299.2375414334,3.1794331000128295,0.8298245614035088
1,0,107,14,2506,-3962475.5798638314,-3962475.5380250704,0.11041341969870307,-3962475.140576301,3.105976599996211,0.8308631211857018
1,0,108,14,2520,-3962475.5798638314,-3962475.5410587876,0.08127336149655497,-3962475.263775531,3.125789999990957,0.8318890814558059
1,0,109,14,2534,-3962475.5798638314,-3962475.548198839,0.0709534464817668,-3962475.2942134663,3.424188900011359,0.8329026701119724
1,0,110,13,2547,-3962475.5798638314,-3962475.5603540367,0.033356743668709714,-3962475.44988977,2.9765490000136197,0.8338329764453961
1,0,111,13,2560,-3962475.5798638314,-3962475.547929722,0.055932288200630835,-3962475.3578715622,3.008292300015455,0.8347529812606473
1,0,112,13,2573,-3962475.5798638314,-3962077.461138045,1379.0222172121807,-3957300.3880495727,3.261393099994166,0.8356628547225752
1,0,113,13,2586,-3962475.5798638314,-3962077.351347227,1379.43253880292,-3957298.856862521,3.2724311999918427,0.8365627632687447
1,0,114,13,2599,-3962475.5798638314,-3962077.4098666036,1379.2500715708732,-3957299.547466431,2.9428995000198483,0.8374528697109342
1,0,115,13,2612,-3962475.5798638314,-3962475.569488218,0.01086602580559183,-3962475.541705014,3.024071699997876,0.8383333333333334
1,0,116,13,2625,-3962475.5798638314,-3962077.4101459063,1379.2379606812597,-3957299.589699881,3.062176300009014,0.8392043099875673
1,0,117,13,2638,-3962475.5802355483,-3961679.0843191943,1867.8413354314773,-3957298.1824734956,3.1481232999940403,0.8400659521846661
1,0,118,13,2651,-3962475.5802355483,-3962077.5928670904,1378.6229375840887,-3957301.9029227793,3.2782332000206225,0.8409184091840919
1,0,119,12,2663,-3962475.5802355483,-3962475.5735479197,0.005632287897149871,-3962475.5594721213,2.90931499999715,0.8416972664218686
1,0,120,12,2675,-3962475.5802355483,-3962475.5720384605,0.006503032530301913,-3962475.55948909,2.9416815000004135,0.8424685343077548
1,0,121,12,2687,-3962475.5802355483,-3962475.571420291,0.007142075254997633,-3962475.5526258405,2.915417800017167,0.8432323232323232
1,0,122,12,2699,-3962475.5802355483,-3962475.5748359472,0.0027095129195079623,-3962475.5703672003,3.2257460999826435,0.843988741455569
1,0,123,12,2711,-3962475.5802355483,-3962044.200805916,1430.6977442039447,-3957299.113200035,2.8794552000181284,0.8447378951580632
1,0,124,12,2723,-3962475.5802355483,-3962475.5687883724,0.027788343013471255,-3962475.476940226,3.287074899999425,0.8454798884906412
1,0,125,12,2735,-3962475.5802355483,-3962475.563364815,0.023418540412952674,-3962475.502843082,2.9053877999831457,0.8462148236226714
1,0,126,12,2747,-3962475.5802355483,-3962475.571848763,0.01195094355167813,-3962475.5347411856,3.2221150000113994,0.8469428007889547
1,0,127,12,2759,-3962475.58065526,-3962475.5733783073,0.008968828601903785,-3962475.546866171,2.874150399991777,0.8476639183352964
1,0,128,11,2770,-3962475.58065526,-3962475.5612384486,0.04517111410714907,-3962475.4189231247,2.8510494000220206,0.8483189992181391
1,0,129,11,2781,-3962475.58065526,-3962475.576087552,0.004184780892907761,-3962475.566494448,2.840826700004982,0.8489684702218763
1,0,130,11,2792,-3962475.5809046607,-3962475.5697600096,0.01160311876610614,-3962475.549040012,2.8549893999879714,0.8496124031007752
1,0,131,11,2803,-3962475.5809147023,-3962475.554386614,0.05567510941527995,-3962475.3816945944,2.8935501000087243,0.8502508683905828
1,0,132,11,2814,-3962475.5809147023,-3962005.0058480175,1488.0215379133267,-3957299.4685821533,3.2058689999976195,0.8508839354342813
1,0,133,11,2825,-3962475.5817404073,-3962475.566935628,0.01788471374239518,-3962475.5282567777,2.8264487000124063,0.8515116724071948
1,0,134,11,2836,-3962475.5817404073,-3962475.5753285945,0.004257313505940973,-3962475.5660554525,2.8894789000041783,0.8521341463414634
1,0,135,11,2847,-3962475.5817404073,-3962475.561333896,0.04077469788574293,-3962475.434989119,2.874967400013702,0.8527514231499052
1,0,136,11,2858,-3962475.5817404073,-3962475.556290241,0.038835991926330415,-3962475.442262588,2.8278847000037786,0.8533635676492819
1,0,137,11,2869,-3962475.5817404073,-3962475.5717500825,0.00926314924881623,-3962475.5495107844,2.819824600010179,0.8539706435829884
1,0,138,10,2879,-3962475.5817404073,-3962475.5580460154,0.031285219596365384,-3962475.49620522,3.10041210000054,0.8545181852268466
1,0,139,10,2889,-3962475.5823148247,-3962475.5760048116,0.004367090329709583,-3962475.5676380135,2.699209799990058,0.8550616361598805
1,0,140,10,2899,-3962475.5823148247,-3961957.9123852365,1552.9934135911835,-3957298.932144478,3.0302186000044458,0.8556010420543357
1,0,141,10,2909,-3962475.5823148247,-3962475.576131356,0.004975716104287611,-3962475.5671414398,3.031892200000584,0.8561364479050797
1,0,142,10,2919,-3962475.5823148247,-3962475.570212522,0.015711415907317818,-3962475.5259206463,2.695972499990603,0.8566678980421131
1,0,143,10,2929,-3962475.5823148247,-3962475.5721302205,0.010877717014196604,-3962475.5417829435,2.7418207000009716,0.8571954361428046
1,0,144,10,2939,-3962475.5823148247,-3961957.899706857,1553.0300340617603,-3957298.80960468,2.732983800000511,0.8577191052438577
1,0,145,10,2949,-3962475.5823148247,-3962475.5741202845,0.0062572368581088784,-3962475.5585835576,2.724321499990765,0.8582389477530142
1,0,146,10,2959,-3962475.5823148247,-3962475.5739892707,0.00506237833145563,-3962475.563687751,3.028765499999281,0.8587550054605023
1,0,147,10,2969,-3962475.5823148247,-3962475.5682313493,0.01428478356205381,-3962475.5289446656,2.7123415999813005,0.8592673195502357
1,0,148,10,2979,-3962475.5823148247,-3962475.5702068657,0.011985822676442201,-3962475.5366010964,2.738578399992548,0.8597759306107697
1,0,149,10,2989,-3962475.5823148247,-3962475.5736705856,0.01040096951866204,-3962475.543842463,2.7313564000069164,0.8602808786460209
1,0,150,9,2998,-3962475.5823148247,-3962475.5736465654,0.010068388714291075,-3962475.5477354415,2.7487538999994285,0.8607322325915291
1,0,151,9,3007,-3962475.5823148247,-3962475.577459615,0.0036642185396008643,-3962475.5704294816,2.7194138999911956,0.861180679785331
1,0,152,9,3016,-3962475.5823148247,-3962475.578215929,0.002517114002751569,-3962475.5739555117,2.6505707000033,0.8616262482168331
1,0,153,9,3025,-3962475.5823148247,-3962475.5756321196,0.003691692207581855,-3962475.570473263,2.649802300002193,0.8620689655172413
1,0,154,9,3034,-3962475.5823148247,-3962475.5748171723,0.006217398805655872,-3962475.5601989925,2.611745100002736,0.8625088589652729
1,0,155,9,3043,-3962475.5823148247,-3962475.574159224,0.00901683515992005,-3962475.550478244,2.6268539000011515,0.8629459554927588
1,0,156,9,3052,-3962475.5823148247,-3962475.5749787744,0.004914615270319055,-3962475.566378949,2.665455899987137,0.8633802816901408
1,0,157,9,3061,-3962475.5823148247,-3962475.5759105277,0.007923224228454737,-3962475.5603069942,2.614166999992449,0.8638118638118638
1,0,158,9,3070,-3962475.5823148247,-3962475.5735512185,0.008739929777013688,-3962475.5497213174,2.6048354000085965,0.8642407277816655
1,0,159,9,3079,-3962475.5823148247,-3962475.577639835,0.003143119401034379,-3962475.569440592,2.669527299993206,0.8646668991977677
1,0,160,9,3088,-3962475.5823148247,-3962475.5776761225,0.002891969667195045,-3962475.571913887,2.650637899991125,0.8650904033379694
1,0,161,9,3097,-3962475.5823148247,-3962475.576345881,0.003238628394987559,-3962475.570561666,2.710870499984594,0.8655112651646447
1,0,162,8,3105,-3962475.5823148247,-3962475.5736250756,0.005737199663032853,-3962475.5646970347,1.8930407999723684,0.8658831662633945
1,0,163,8,3113,-3962475.5823148247,-3962475.562534959,0.03801979807929421,-3962475.4627557397,1.6309203000273556,0.8662530162013099
1,0,164,8,3121,-3962475.5823148247,-3962475.579538389,0.0015512023310259148,-3962475.576486012,1.6676519999746233,0.8666208319009969
1,0,165,8,3129,-3962475.5823148247,-3962475.577123695,0.005097369922486999,-3962475.564314468,1.6518421999935526,0.8669866300994172
1,0,166,8,3137,-3962475.5823148247,-3962475.5767428265,0.004719640023158321,-3962475.5650727116,1.913894999976037,0.8673504273504273
1,0,167,8,3145,-3962475.5823148247,-3962475.5772025753,0.0036124962576578644,-3962475.5692595914,1.6341260000190232,0.8677122400272759
1,0,168,8,3153,-3962475.5823148247,-3962475.54933347,0.04327209385334745,-3962475.4368066937,1.6612950999988243,0.8680720843250596
1,0,169,8,3161,-3962475.5823148247,-3962475.575135882,0.006378471142129572,-3962475.562594222,1.984630399994785,0.86842997626314
1,0,170,8,3169,-3962475.5823148247,-3962475.571532144,0.010948221166389426,-3962475.552721776,1.8924477000255138,0.8687859316875212
1,0,171,8,3177,-3962475.5823148247,-3962475.575409469,0.005016829228558101,-3962475.5663714334,1.626898499991512,0.8691399662731872
1,0,172,8,3185,-3962475.5823148247,-3962475.5742320064,0.009725280396906894,-3962475.5504206643,2.015371099987533,0.8694920955264043
1,0,173,8,3193,-3962475.5823148247,-3962475.5793534005,0.001954662624554361,-3962475.575269794,1.9993191999965347,0.8698423347869843
1,0,174,8,3201,-3962475.5823148247,-3962475.578471262,0.0038358777246518968,-3962475.5689149313,1.904010800004471,0.8701906992305118
1,0,175,8,3209,-3962475.5823148247,-3962475.5788076464,0.0021390614234619784,-3962475.573549198,1.6403718999936245,0.8705372038705372
1,0,176,7,3216,-3962475.5823148247,-3962475.5783685097,0.0014652592071583883,-3962475.5759981256,1.5419164999912027,0.8708388814913449
1,0,177,7,3223,-3962475.5823148247,-3962475.5526290513,0.05643207046875705,-3962475.4152188003,1.8479165000026114,0.8711391564264364
1,0,178,7,3230,-3962475.5823148247,-3962475.57874503,0.003268667316413666,-3962475.5733980034,1.5643852000066545,0.8714380384360504
1,0,179,7,3237,-3962475.5823148247,-3962475.578769888,0.00118257118537241,-3962475.5769069344,1.5532806000264827,0.8717355371900827
1,0,180,7,3244,-3962475.5823148247,-3962475.5749249766,0.008514480845989785,-3962475.5574472416,1.5737308000097983,0.8720316622691293
1,0,181,7,3251,-3962475.5823148247,-3962475.576421267,0.005265454974538395,-3962475.566139737,1.8465872000087984,0.872326423165515
1,0,182,7,3258,-3962475.5823148247,-3962475.577799616,0.0026058922802291006,-3962475.573658848,1.8104864000051748,0.8726198292843073
1,0,183,7,3265,-3962475.5823148247,-3962475.5781804468,0.0038029505381545576,-3962475.5707509574,1.841568100004224,0.872911889944317
1,0,184,7,3272,-3962475.5823148247,-3962475.5763262073,0.003126058476622192,-3962475.5700280126,1.831748199998401,0.873202614379085
1,0,185,7,3279,-3962475.5823148247,-3962475.576223121,0.0049027473980008335,-3962475.567097394,1.5670783999958076,0.8734920117378546
1,0,186,7,3286,-3962475.5823148247,-3962475.5801169337,0.001379726897491196,-3962475.5781807993,1.8351568999933079,0.8737800910865322
1,0,187,7,3293,-3962475.5823148247,-3962475.5782234366,0.00315540271042257,-3962475.5722318236,1.5360636999830604,0.8740668614086335
1,0,188,7,3300,-3962475.5823148247,-3962475.5777478856,0.003124933081986695,-3962475.5738366675,1.5451102000079118,0.8743523316062176
1,0,189,7,3307,-3962475.5823148247,-3962475.5755563537,0.005423759560544486,-3962475.5636302996,1.867185699986294,0.8746365105008077
1,0,190,7,3314,-3962475.5823148247,-3962475.5756304483,0.006066850991831055,-3962475.563375024,1.7814127000165172,0.8749194068343005
1,0,191,7,3321,-3962475.5823148247,-3962475.559500651,0.04603416226023591,-3962475.446887143,1.539630200015381,0.8752010292698617
1,0,192,6,3327,-3962475.5823148247,-3962475.5713500106,0.008914134103431373,-3962475.554223601,1.4389591999934055,0.8754414125200642
1,0,193,6,3333,-3962475.5823148247,-3962475.5766080194,0.006422548837645427,-3962475.5625692625,1.4740794000099413,0.8756808715155399
1,0,194,6,3339,-3962475.5823148247,-3962475.576009117,0.002858991785026489,-3962475.5723200105,1.731208199984394,0.875919411576591
1,0,195,6,3345,-3962475.5823148247,-3962475.580048637,0.0014399952224547475,-3962475.577172404,1.4602273000054993,0.8761570379827641
1,0,196,6,3351,-3962475.5823148247,-3962475.5754585876,0.008288905805745178,-3962475.5572949685,1.442704999994021,0.8763937559732399
1,0,197,6,3357,-3962475.5823148247,-3962475.574049987,0.005541624482177684,-3962475.563954668,1.7098497999832034,0.8766295707472178
1,0,198,6,3363,-3962475.5823148247,-3962475.577695089,0.002706486189008204,-3962475.57237475,1.7828304000140633,0.876864487464297
1,0,199,6,3369,-3962475.5823148247,-3962475.5773496684,0.006313223993466207,-3962475.563539725,1.7383905000169761,0.8770985112448527
1,0,200,6,3375,-3962475.5823148247,-3962475.5795550547,0.0014525546621077005,-3962475.576846298,1.4406097999890335,0.8773316471704078
1,0,201,6,3381,-3962475.5823148247,-3962475.57567659,0.003274299173686729,-3962475.571575107,1.458314400020754,0.8775639002840012
1,0,202,6,3387,-3962475.5823148247,-3962475.576961583,0.0036956289877762617,-3962475.570350047,1.4637917000218295,0.8777952755905511
1,0,203,6,3393,-3962475.5823148247,-3962475.5791856027,0.0016180492771698345,-3962475.5774104707,1.7810807000205386,0.8780257780572147
1,0,204,6,3399,-3962475.5823148247,-3962475.5740118637,0.009941387990212458,-3962475.554519754,1.416199500003131,0.8782554126137433
1,0,205,6,3405,-3962475.5823148247,-3962475.576947602,0.003947652547229401,-3962475.5687441714,1.4761639999924228,0.8784841841528344
1,0,206,6,3411,-3962475.5823148247,-3962475.5749108777,0.004066839396816109,-3962475.5689547453,1.448033699998632,0.8787120975304783
1,0,207,6,3417,-3962475.5823148247,-3962475.5779345315,0.0037141760546577514,-3962475.5703366175,1.4524078000104055,0.8789391575663027
1,0,208,6,3423,-3962475.5823148247,-3962475.5750865233,0.0076031804956177,-3962475.5584650934,1.7594460000109393,0.8791653690439115
1,0,209,6,3429,-3962475.5823148247,-3962475.577587819,0.0034063021957088523,-3962475.570867723,1.7192111999902409,0.8793907367112216
1,0,210,6,3435,-3962475.5823148247,-3962475.577227305,0.003170667429770439,-3962475.570853276,1.4172414999920875,0.8796152652807943
1,0,211,5,3440,-3962475.5823148247,-3962475.5788423032,0.0012422415784126902,-3962475.577116994,1.662755900004413,0.8798017348203222
1,0,212,5,3445,-3962475.5823148247,-3962475.561898482,0.022233179742091564,-3962475.5317705944,1.6235779999988154,0.8799876275904732
1,0,213,5,3450,-3962475.5823148247,-3962475.575125266,0.005019485486690649,-3962475.567010848,1.6273571000201628,0.8801729462631254
1,0,214,5,3455,-3962475.5823148247,-3962475.5769194392,0.0038615861454549044,-3962475.569753157,1.6514312000072096,0.8803576934936787
1,0,215,5,3460,-3962475.5823148247,-3962475.575028519,0.006589174264459983,-3962475.5621756334,1.3426125999831129,0.8805418719211823
1,0,216,5,3465,-3962475.5823148247,-3962475.573348946,0.003828717501477898,-3962475.567063991,1.642817300016759,0.8807254841684599
1,0,217,5,3470,-3962475.5823148247,-3962475.5728876875,0.009116288801583104,-3962475.5560177583,1.3407178999914322,0.8809085328422345
1,0,218,5,3475,-3962475.5823148247,-3962475.5761337774,0.002537095091686197,-3962475.571849581,1.3675161999999546,0.8810910205332516
1,0,219,5,3480,-3962475.5823148247,-3962475.5782139897,0.0022945866685727167,-3962475.574750386,1.640843599976506,0.8812729498164015
1,0,220,5,3485,-3962475.5823148247,-3962475.570601924,0.009621118639933113,-3962475.553447837,1.3407599999918602,0.8814543232508402
1,0,221,5,3490,-3962475.5823148247,-3962475.5778801492,0.0016454369634344192,-3962475.574749319,1.3690361000190023,0.8816351433801098
1,0,222,5,3495,-3962475.5823148247,-3962475.573466704,0.0041907013024110725,-3962475.565607628,1.348640800017165,0.881815412732257
1,0,223,5,3500,-3962475.5823148247,-3962475.572009678,0.009866127459366483,-3962475.5549076498,1.381255600019358,0.8819951338199513
1,0,224,5,3505,-3962475.5823148247,-3962475.5710353525,0.007894797527852186,-3962475.5562193617,1.3524769000068773,0.8821743091406012
1,0,225,5,3510,-3962475.5823148247,-3962475.57648748,0.0044702625836685285,-3962475.569164509,1.3531720000028145,0.8823529411764706
1,0,226,5,3515,-3962475.5823148247,-3962475.553598033,0.04622093976928731,-3962475.4614036083,1.3608679000171833,0.8825310323947926
1,0,227,5,3520,-3962475.5823148247,-3962475.575126788,0.0021527758567702715,-3962475.571688948,1.7219657999812625,0.8827085852478839
1,0,228,5,3525,-3962475.5823148247,-3962475.573136023,0.005642837726234567,-3962475.563185964,1.6819021000119392,0.8828856021732568
1,0,229,5,3530,-3962475.5823148247,-3962475.579540526,0.0014160967771597649,-3962475.5777428243,1.3676487999910023,0.8830620855937311
1,0,230,5,3535,-3962475.5823148247,-3962475.576527825,0.004223815465540971,-3962475.569247963,1.3553919999976642,0.8832380379175444
1,0,231,5,3540,-3962475.5823148247,-3962475.569870333,0.007210644025850174,-3962475.5613243207,1.368846700002905,0.8834134615384616
1,0,232,5,3545,-3962475.5823148247,-3962475.5777964643,0.003113163189488272,-3962475.571817346,1.3517493999970611,0.8835883588358836
1,0,233,4,3549,-3962475.5823148247,-3962475.5790817793,0.0022092460036185154,-3962475.576543335,1.2924240000138525,0.8837278993107581
1,0,234,4,3553,-3962475.5823148247,-3962475.5779510424,0.0022966069682269414,-3962475.5749373995,1.570150100014871,0.8838671056569889
1,0,235,4,3557,-3962475.5823148247,-3962475.575954108,0.003648683126575901,-3962475.5715773087,1.5723286000138614,0.8840059790732436
1,0,236,4,3561,-3962475.5823148247,-3962475.573135326,0.006284452939811368,-3962475.5622980297,1.2473082000215072,0.8841445207524634
1,0,237,4,3565,-3962475.5823148247,-3962475.5719389333,0.007719657077226638,-3962475.5608225204,1.560482500004582,0.8842827318818968
1,0,238,4,3569,-3962475.5823148247,-3962475.57562811,0.00249918621407399,-3962475.571939705,1.5529416000063065,0.8844206136431337
1,0,239,4,3573,-3962475.5823148247,-3962475.578733881,0.0006704289984902177,-3962475.577990111,1.259537600009935,0.8845581672121392
1,0,240,4,3577,-3962475.5823148247,-3962475.5736754443,0.006401824031911377,-3962475.5642448384,1.2810979000059888,0.8846953937592867
1,0,241,4,3581,-3962475.5823148247,-3962475.5733472835,0.006076091483509709,-3962475.5651988685,1.2841690999921411,0.8848322944493915
1,0,242,4,3585,-3962475.5823148247,-3962475.57589192,0.0037269768982804838,-3962475.57045204,1.2847214999783318,0.8849688704417432
1,0,243,4,3589,-3962475.5823148247,-3962475.5737074874,0.002306476045765888,-3962475.571815826,1.2876419000094756,0.8851051228901392
1,0,244,4,3593,-3962475.5823148247,-3962475.576345325,0.004173677916484062,-3962475.5713243093,1.2708680000214372,0.8852410529429163
1,0,245,4,3597,-3962475.5823148247,-3962475.576692284,0.0033982868640775386,-3962475.570825016,1.5923171000031289,0.8853766617429838
1,1,0,36,36,-2674812.590571562,58647480.50032887,57629070.42276175,206775760.2954587,61.662574499991024,0.07142857142857142
1,1,1,36,72,-2674812.590571562,30659115.40370575,34991619.26408994,144114944.27741736,49.41188199998578,0.07272727272727272
1,1,2,35,107,-2674812.590571562,15964134.44455266,24803084.257046416,107404935.76382816,41.40201079999679,0.09876543209876543
1,1,3,35,142,-2691953.130207004,9584181.382143363,16535246.804887768,72423255.1102702,41.73215529997833,0.07692307692307693
1,1,4,35,177,-3158062.511903258,7039597.892430388,17303241.038172137,72309095.82150921,37.052746600005776,0.096
1,1,5,34,211,-3158062.511903258,2551316.2606899235,4712417.048461223,22454186.516270176,25.56600210000761,0.09420289855072464
1,1,6,34,245,-3738931.7733505517,2141848.096243132,5279572.566651869,22046766.61538368,41.93909739999799,0.11042944785276074
1,1,7,34,279,-3738931.7733505517,2106206.1738542044,5728323.507996386,18597474.398662604,33.82162409997545,0.12568306010928962
1,1,8,34,313,-3867449.723700363,2968024.862367176,7830904.313528396,22018709.951632842,31.802303800010122,0.1568627450980392
1,1,9,33,346,-3867449.723700363,3835557.9879312296,8578433.631768238,24762119.800023798,36.59922669999651,0.16444444444444445
1,1,10,33,379,-3895347.0124872755,-921948.6492511141,3437008.099259321,8286911.004111589,35.00208060001023,0.199203187250996
1,1,11,33,412,-3905357.8364241514,-1882742.1028435847,2803836.9497332545,9049611.381584637,40.244464299990796,0.23843416370106763
1,1,12,32,444,-3944114.309849767,-846947.7790983563,4581653.747612591,13450624.941012472,39.6156292000087,0.26688102893890675
1,1,13,32,476,-3944114.309849767,-662257.1140206403,5564967.170330663,19034983.434791308,32.899963900010334,0.3106508875739645
1,1,14,32,508,-3952164.2971452344,-2855007.440514943,2623674.5625054576,11227699.193704536,31.456444300012663,0.35772357723577236
1,1,15,31,539,-3952164.2971452344,-924489.8757484942,4673577.92241004,12530816.1725384,31.067877099994803,0.3904282115869018
1,1,16,31,570,-3952164.2971452344,-1798443.5833697359,4169150.4452452296,14077816.105781825,32.28415099999984,0.4164705882352941
1,1,17,31,601,-3952164.2971452344,-2365536.588867579,3709252.473028083,10883910.783631355,27.479400599986548,0.44713656387665196
1,1,18,31,632,-3954351.592093209,-3486194.413975741,541937.6139232209,-1932970.7251087883,29.148477800015826,0.48041237113402063
1,1,19,30,662,-3954351.592093209,-2738644.7155277478,3189314.467594559,8060235.9267879855,22.365220999985468,0.5077821011673151
1,1,20,30,692,-3956367.57851764,-2692553.4036368434,3900986.3699820195,12459872.259939855,20.20304429999669,0.5295202952029521
1,1,21,30,722,-3957097.2033974603,-2744490.0415470065,3468031.7582254284,10415186.461848252,22.695506000018213,0.5516637478108581
1,1,22,30,752,-3958292.915329743,-3856207.481046284,103710.5886718833,-3506818.739215616,21.524928400001954,0.5740432612312812
1,1,23,29,781,-3958292.915329743,-2370555.9570534946,4477595.788937094,11376374.954440795,16.150668099988252,0.5917065390749602
1,1,24,29,810,-3958292.915329743,-2932481.1690918193,3492983.0020181895,10720657.17899654,17.41689980000956,0.6061068702290077
1,1,25,29,839,-3961231.045963891,-3412081.741438534,2655893.766411303,10637654.590255093,15.905070100008743,0.6222547584187409
1,1,26,29,868,-3961231.045963891,-3473457.56362258,2329603.105612087,8842823.840935234,14.52103529998567,0.6362359550561798
1,1,27,28,896,-3961231.045963891,-3922027.4701394853,50127.27558617585,-3752017.1098301,13.875332600000547,0.65
1,1,28,28,924,-3961231.045963891,-3919973.194473776,59274.31592205334,-3654347.1553749684,17.42470379997394,0.6614583333333334
1,1,29,28,952,-3962090.686826123,-3417541.704467516,2680065.864409153,10506687.053748256,11.009287100023357,0.6729559748427673
1,1,30,28,980,-3962090.686826123,-3945355.647584445,13266.256641042859,-3897688.8004628085,8.118155299976934,0.68408262454435
1,1,31,27,1007,-3962090.686826123,-3938677.5499817017,23459.22239793605,-3873593.538640471,9.221823300002143,0.6941176470588235
1,1,32,27,1034,-3962090.686826123,-3948952.236177266,14793.523333632955,-3886422.528618403,6.021613199991407,0.7035347776510832
1,1,33,27,1061,-3962090.686826123,-3951481.0457785684,13053.007796253098,-3917693.9489383027,10.05221610001172,0.7123893805309734
1,1,34,27,1088,-3962090.686826123,-3946699.0648769503,17696.599037058164,-3880235.459167676,6.707130800001323,0.7207303974221267
1,1,35,26,1114,-3962235.9643929675,-3955094.3659913656,7795.353329078647,-3926797.1036963947,6.50488469999982,0.7283176593521421
1,1,36,26,1140,-3962312.987156268,-3952798.082934833,13855.98085084573,-3898632.6008477844,8.948901099996874,0.7355035605289929
1,1,37,26,1166,-3962312.987156268,-3956145.2017105743,6300.53561001237,-3944923.9345352463,7.453179200005252,0.7423191278493558
1,1,38,26,1192,-3962312.987156268,-3957218.9243523786,5050.385899714788,-3943465.473659992,5.916042500000913,0.748792270531401
1,1,39,25,1217,-3962312.987156268,-3957089.6035056394,6813.4753436377305,-3940007.8169661295,6.344843099999707,0.7547169811320755
1,1,40,25,1242,-3962312.987156268,-3955138.491162261,9632.036530569512,-3923697.1899796724,6.403892300004372,0.7603686635944701
1,1,41,25,1267,-3962385.6619218066,-3960249.1423582663,3035.461230066688,-3947719.1001926083,6.066221000015503,0.7657657657657657
1,1,42,25,1292,-3962385.6619218066,-3958697.7161702476,5496.804909728593,-3945693.7904598415,5.966163500008406,0.7709251101321586
1,1,43,25,1317,-3962429.172349926,-3958710.804090642,6165.989688179281,-3940776.083705213,5.932778299989877,0.7758620689655172
1,1,44,24,1341,-3962429.172349926,-3959518.6811811794,6081.441327876282,-3939333.1260663774,5.218043499975465,0.7804054054054054
1,1,45,24,1365,-3962429.172349926,-3961238.1012597103,3064.9203666855,-3946803.261901971,5.225273199990625,0.7847682119205298
1,1,46,24,1389,-3962429.172349926,-3961059.3276607418,3296.316266939139,-3945700.7160029076,5.3126287999912165,0.788961038961039
1,1,47,24,1413,-3962445.9293923806,-3959969.236504754,6722.269562662723,-3933946.5534878764,9.00016009999672,0.7929936305732485
1,1,48,23,1436,-3962445.9293923806,-3960300.7701288923,6239.406471741014,-3935317.803210143,4.9200926999910735,0.7967161845191556
1,1,49,23,1459,-3962445.9293923806,-3959581.0904841493,6746.897343283396,-3935834.9678227045,5.153524900000775,0.8003072196620584
1,1,50,23,1482,-3962464.004669767,-3960717.5515499855,7186.214808679008,-3927025.313594004,6.320144800003618,0.8037735849056604
1,1,51,23,1505,-3962464.004669767,-3960786.933944649,4918.796575775493,-3944068.546347413,4.836725300003309,0.8071216617210683
1,1,52,23,1528,-3962464.004669767,-3961245.5590118985,4722.843243675865,-3939121.7074430697,5.0964334000018425,0.8103574033552152
1,1,53,22,1550,-3962464.004669767,-3961488.4833621564,3440.3497724274425,-3945787.8920234498,5.119999299990013,0.8133524766690596
1,1,54,22,1572,-3962468.281631205,-3959758.640614599,6460.63083367577,-3936315.362266846,5.057319799991092,0.8162544169611308
1,1,55,22,1594,-3962468.281631205,-3961201.9834002526,3745.077307998467,-3946088.9385609217,4.969594100024551,0.8190675017397355
1,1,56,22,1616,-3962468.281631205,-3962282.876334935,271.7418137955326,-3961192.7585724257,5.097410499991383,0.8217957505140507
1,1,57,22,1638,-3962468.281631205,-3962282.6658252804,187.98153870045687,-3961672.320642777,5.289459500025259,0.824442943956786
1,1,58,21,1659,-3962470.3323159292,-3962341.1501137787,135.07525792255723,-3962013.3427521233,5.10533230000874,0.8268974700399467
1,1,59,21,1680,-3962472.8462994173,-3962410.5685699754,49.13972637891812,-3962263.004496312,4.585144599986961,0.8292843072882469
1,1,60,21,1701,-3962472.8462994173,-3962412.6199565097,95.18036903957328,-3962028.516672788,4.669771999993827,0.8316062176165803
1,1,61,21,1722,-3962473.1430746764,-3962415.362807152,44.51966223797373,-3962328.46683752,4.92569539998658,0.8338658146964856
1,1,62,21,1743,-3962473.1430746764,-3962300.822643807,505.39715137619487,-3960062.1218868904,4.986472099990351,0.8360655737704918
1,1,63,21,1764,-3962475.2669794336,-3962431.558986224,42.762727967563556,-3962340.923017256,4.615643800003454,0.8382078406969509
1,1,64,20,1784,-3962475.2669794336,-3962448.6153673874,24.082853449422462,-3962355.900777053,4.548507400002563,0.8401966810079902
1,1,65,20,1804,-3962475.2669794336,-3962454.4710557945,17.6754121184439,-3962409.6956269164,4.656123699998716,0.8421372191863995
1,1,66,20,1824,-3962475.2669794336,-3962456.3968227627,34.323291911465496,-3962312.1947372705,4.681310999993002,0.8440311937612478
1,1,67,20,1844,-3962475.2669794336,-3962461.385783592,19.457183506165062,-3962386.1546169445,4.6133574999985285,0.8458802608180201
1,1,68,20,1864,-3962475.2669794336,-3962452.7257104823,47.84927494888358,-3962251.9950616322,4.545078600000124,0.8476859988283538
1,1,69,19,1883,-3962475.2669794336,-3962454.013246683,33.22894931463957,-3962362.3711351342,4.45692450000206,0.8493626882966396
1,1,70,19,1902,-3962475.3563995697,-3962453.5629080855,42.80180516768722,-3962291.9084273763,4.880551300011575,0.8510028653295129
1,1,71,19,1921,-3962475.515664967,-3962469.6046158727,6.6238721668945475,-3962453.00937937,4.8238515999983065,0.8526077097505669
1,1,72,19,1940,-3962475.515664967,-3962466.6633966784,9.613744911407064,-3962440.046058275,4.464592799980892,0.8541783510936624
1,1,73,19,1959,-3962475.515664967,-3962462.134495867,22.153840477991892,-3962378.386276316,4.467592999979388,0.855715871254162
1,1,74,19,1978,-3962475.515664967,-3962470.237112279,7.071201661853496,-3962449.4974369314,4.844334100023843,0.85722130697419
1,1,75,18,1996,-3962475.515664967,-3962470.295450056,12.122419665238857,-3962420.8870397657,4.463668099982897,0.8586188145731376
1,1,76,18,2014,-3962475.515664967,-3962469.9807845536,7.372218932216115,-3962444.9170276597,4.412482700019609,0.8599892299407647
1,1,77,18,2032,-3962475.515664967,-3962449.5798158348,54.70669251915412,-3962295.1477525905,4.514123400003882,0.8613333333333333
1,1,78,18,2050,-3962475.515664967,-3962473.2723251795,2.574950037034086,-3962466.053850213,4.364607199997408,0.8626518753301637
1,1,79,18,2068,-3962475.516718775,-3962471.6457226,8.468791239036474,-3962440.0982695706,4.407823499990627,0.8639455782312925
1,1,80,18,2086,-3962475.5523150563,-3962474.0853697914,1.04593328643115,-3962471.950088255,4.754038199986098,0.8652151373768792
1,1,81,17,2103,-3962475.5523150563,-3962468.3243648163,12.48027685460987,-3962438.7973485123,4.650282999995397,0.8663926002055499
1,1,82,17,2120,-3962475.5738425106,-3962469.700844411,12.819833878938052,-3962421.748838516,4.229806399991503,0.8675496688741722
1,1,83,17,2137,-3962475.5738425106,-3962474.193365522,3.06008776127107,-3962462.151320597,4.327328800020041,0.8686868686868687
1,1,84,17,2154,-3962475.5738425106,-3962475.0178305465,0.7056183519618741,-3962472.712450454,4.271512800012715,0.8698047070605909
1,1,85,17,2171,-3962475.5738425106,-3962475.25697768,0.40807210985964426,-3962473.889629023,4.31798739999067,0.8709036742800397
1,1,86,17,2188,-3962475.5738425106,-3962474.7299993914,1.0692944623424248,-3962471.626741618,4.360401299985824,0.8719842442146726
1,1,87,17,2205,-3962475.5738425106,-3962475.182438929,0.4384957370799507,-3962474.010471113,4.290308099996764,0.873046875
1,1,88,16,2221,-3962475.5738425106,-3962151.7966185687,1251.5889716972508,-3957304.414054133,5.670276999997441,0.874031007751938
1,1,89,16,2237,-3962475.5738425106,-3962474.758014487,0.7236289424942132,-3962473.2626890074,3.1809383999789134,0.875
1,1,90,16,2253,-3962475.5738425106,-3962475.3206016896,0.46061076942616763,-3962473.717277631,3.634920600015903,0.8759541984732825
1,1,91,16,2269,-3962475.5738425106,-3962151.477446268,1251.3793114030427,-3957304.9169198424,7.122378000000026,0.8768939393939394
1,1,92,16,2285,-3962475.578151256,-3962475.257806259,0.4726086747396154,-3962473.8664701413,3.286445699981414,0.8778195488721805
1,1,93,16,2301,-3962475.578151256,-3962151.9596943036,1252.6131419525764,-3957300.610303672,7.106395599985262,0.878731343283582
1,1,94,16,2317,-3962475.578151256,-3962475.205612801,0.5201565582036047,-3962473.9502232466,2.893615500011947,0.8796296296296297
1,1,95,15,2332,-3962475.578151256,-3962475.314140203,0.39438851103851974,-3962474.131642472,3.1899839999969117,0.8804597701149425
1,1,96,15,2347,-3962475.578151256,-3961784.957281651,1760.420437976452,-3957296.667107206,3.633005099982256,0.8812785388127854
1,1,97,15,2362,-3962475.578151256,-3962130.5137643237,1290.13968504416,-3957303.253261717,3.5805000999826007,0.8820861678004536
1,1,98,15,2377,-3962475.578151256,-3962475.496435622,0.15305571009012794,-3962474.9717448875,3.5173313000123017,0.8828828828828829
1,1,99,15,2392,-3962475.578151256,-3962475.440099121,0.2499923062036713,-3962474.6424261928,3.4824734999856446,0.883668903803132
1,1,100,15,2407,-3962475.578151256,-3962130.328735272,1291.4514099815883,-3957298.160139773,3.148057999991579,0.8844444444444445
1,1,101,15,2422,-3962475.5809649117,-3962475.4693515743,0.1460920684234416,-3962475.045411663,3.5440522999851964,0.8852097130242825
1,1,102,14,2436,-3962475.5809649117,-3962475.424901781,0.26970982914078173,-3962474.777199229,3.3856889000162482,0.8859148749451514
1,1,103,14,2450,-3962475.5809649117,-3962105.7206623363,1333.2661914183082,-3957298.561063042,3.4066061999765225,0.886611426079372
1,1,104,14,2464,-3962475.5809649117,-3962475.53649922,0.05911586724186509,-3962475.385896789,3.335981799988076,0.8872995231902904
1,1,105,14,2478,-3962475.5809649117,-3962475.5108594573,0.09212239674814794,-3962475.2365599573,3.4543685000098776,0.8879793192589401
1,1,106,14,2492,-3962475.5809649117,-3962475.511855086,0.11643707372286989,-3962475.113958476,3.0778530000243336,0.8886509635974305
1,1,107,14,2506,-3962475.5809649117,-3962475.536111236,0.09447399373029547,-3962475.217485264,3.084957499988377,0.8893146019582802
1,1,108,14,2520,-3962475.5809649117,-3962475.5545284715,0.018231423428563473,-3962475.5195339527,3.4066731999919284,0.8899703766398646
1,1,109,14,2534,-3962475.5809649117,-3962475.5682433597,0.006782472353818925,-3962475.5502805915,3.3938173000060488,0.8906184265881363
1,1,110,13,2547,-3962475.5809649117,-3962475.5632067826,0.026257540946883224,-3962475.4758485127,2.98656530000153,0.891213389121339
1,1,111,13,2560,-3962475.5809649117,-3962475.5207290975,0.0948990855433098,-3962475.3180876877,3.3214681000099517,0.8918019142738244
1,1,112,13,2573,-3962475.5809649117,-3962475.5618784493,0.0158278720922692,-3962475.5254058465,2.9813918999861926,0.8923841059602649
1,1,113,13,2586,-3962475.5809649117,-3962475.5682675475,0.004628155417589028,-3962475.557305323,3.0095308999880217,0.8929600658707287
1,1,114,13,2599,-3962475.5809649117,-3962475.5725351297,0.003965303130759373,-3962475.568230152,3.2985659999831114,0.8935298935298935
1,1,115,13,2612,-3962475.5809649117,-3962475.5419415715,0.07303312910617661,-3962475.3046965897,3.2997581999807153,0.8940936863543788
1,1,116,13,2625,-3962475.5809649117,-3962475.56700796,0.017786421464296102,-3962475.5076598916,3.2683137000130955,0.8946515397082658
1,1,117,13,2638,-3962475.5809649117,-3962475.5591252972,0.018989831523436616,-3962475.509972047,2.975256099976832,0.8952035469568722
1,1,118,13,2651,-3962475.5831206515,-3962475.5573304296,0.04938096349657696,-3962475.3896256704,3.342172800010303,0.8957497995188453
1,1,119,12,2663,-3962475.5831206515,-3962475.5642711986,0.027102825139360995,-3962475.477857765,2.87122139998246,0.8962490023942538
1,1,120,12,2675,-3962475.5831206515,-3962475.5718392823,0.00885868436556262,-3962475.5481542274,2.967411699995864,0.8967434471803019
1,1,121,12,2687,-3962475.5831206515,-3962475.5756860804,0.006108479077726524,-3962475.556523092,2.9541532000002917,0.8972332015810277
1,1,122,12,2699,-3962475.5831206515,-3962475.5620519198,0.04579277675782654,-3962475.410703467,2.9864850000012666,0.8977183320220299
1,1,123,12,2711,-3962475.5831206515,-3962475.5701199197,0.018559198730591225,-3962475.5097510144,3.221173899975838,0.8981989036805011
1,1,124,12,2723,-3962475.5831206515,-3962475.56730122,0.02222533470215435,-3962475.4966847226,2.8847931000054814,0.8986749805144193
1,1,125,12,2735,-3962475.5831206515,-3962475.5438356344,0.07971450293813112,-3962475.288956564,2.929099699977087,0.8991466252909232
1,1,126,12,2747,-3962475.5831206515,-3962475.567966821,0.019401598675674665,-3962475.505580779,3.2254306000249926,0.8996138996138996
1,1,127,12,2759,-3962475.5831206515,-3962475.573832665,0.004748998294077202,-3962475.563828638,3.1915413000097033,0.9000768639508071
1,1,128,11,2770,-3962475.5831206515,-3962475.562855736,0.04020838228961268,-3962475.43637673,2.7960248999879695,0.900497512437811
1,1,129,11,2781,-3962475.5831206515,-3962475.5676870723,0.01004872132575363,-3962475.5511934664,3.1470122000027914,0.9009146341463414
1,1,130,11,2792,-3962475.5831206515,-3962475.5769690946,0.0034881791745493634,-3962475.570633346,2.8167580000008456,0.9013282732447818
1,1,131,11,2803,-3962475.5831206515,-3962475.556480074,0.02868272758867003,-3962475.4856034312,2.8326802999945357,0.9017384731670446
1,1,132,11,2814,-3962475.5831206515,-3962475.575585529,0.0039637638310315824,-3962475.5677271653,2.8507644000055734,0.9021452766277757
1,1,133,11,2825,-3962475.5831206515,-3962475.5740844635,0.012647180547247821,-3962475.534974478,2.833267599984538,0.9025487256371814
1,1,134,11,2836,-3962475.5831206515,-3962475.5726563693,0.006660045892405193,-3962475.558552727,2.8511453000246547,0.9029488615154908
1,1,135,11,2847,-3962475.5831206515,-3962475.5662201475,0.023666079095550845,-3962475.493862925,2.8787395000108518,0.9033457249070632
1,1,136,11,2858,-3962475.5831206515,-3962475.553287084,0.03900190959243265,-3962475.457482567,2.856345699983649,0.9037393557941503
1,1,137,11,2869,-3962475.5831206515,-3962475.5775948213,0.0010212567112794447,-3962475.575976461,3.170571300026495,0.9041297935103245
1,1,138,10,2879,-3962475.5831206515,-3962475.556035823,0.04012508937326616,-3962475.4588159304,2.7134747999953106,0.9044819985304923
1,1,139,10,2889,-3962475.5831206515,-3962475.569186571,0.015687671103982385,-3962475.525782127,2.727580400009174,0.9048316251830161
1,1,140,10,2899,-3962475.5831206515,-3962475.5728558465,0.011285688169787566,-3962475.5427673087,2.715562299999874,0.9051787016776076
1,1,141,10,2909,-3962475.5831206515,-3962475.575233081,0.006973642343665623,-3962475.5604912024,2.74711070000194,0.9055232558139535
1,1,142,10,2919,-3962475.5831206515,-3962475.575967098,0.004589684805756856,-3962475.56260911,2.745999499980826,0.9058653149891384
1,1,143,10,2929,-3962475.5831206515,-3962475.571908299,0.014139013239618092,-3962475.5307104234,2.792960500024492,0.9062049062049062
1,1,144,10,2939,-3962475.5831206515,-3962475.5723050907,0.008188332020357951,-3962475.5520505942,3.0901559999911115,0.9065420560747663
1,1,145,10,2949,-3962475.5831206515,-3962475.576470791,0.0025765612584472777,-3962475.571767293,2.686412699986249,0.9068767908309455
1,1,146,10,2959,-3962475.5831206515,-3962475.575890007,0.007580437045642397,-3962475.5535145644,2.790544099989347,0.907209136331192
1,1,147,10,2969,-3962475.5831206515,-3961957.9763824614,1552.783021578833,-3957299.6273177825,5.285419499996351,0.9075391180654339
1,1,148,10,2979,-3962475.5831206515,-3962475.5464218645,0.04282544193897651,-3962475.447033616,2.4537700000219047,0.9078667611622963
1,1,149,10,2989,-3962475.5831206515,-3962475.575481206,0.004705726471593137,-3962475.56362674,3.013749200006714,0.9081920903954802
1,1,150,9,2998,-3962475.5831206515,-3960662.391239279,5128.463121947475,-3946156.90703691,5.167852700018557,0.9084829285462865
1,1,151,9,3007,-3962475.5831206515,-3962475.5739871827,0.005879050169988976,-3962475.559300633,2.796487600018736,0.9087719298245615
1,1,152,9,3016,-3962475.5831206515,-3962475.578800069,0.0019591184273028742,-3962475.5751363747,2.8815294000087306,0.9090591115774747
1,1,153,9,3025,-3962475.5831206515,-3961900.4778056913,1626.5812638888765,-3957299.8112390283,5.108723800018197,0.9093444909344491
1,1,154,9,3034,-3962475.5831206515,-3961900.4691333408,1626.6120893567668,-3957299.715378955,2.5068759999994654,0.9096280848105666
1,1,155,9,3043,-3962475.5831206515,-3962475.5773997777,0.0026786897381433864,-3962475.5725694317,2.691041599988239,0.9099099099099099
1,1,156,9,3052,-3962475.5831206515,-3962475.5663700947,0.031168281127528116,-3962475.4786352143,2.6652582999959122,0.9101899827288429
1,1,157,9,3061,-3962475.5831206515,-3962475.5586338076,0.04836243433034195,-3962475.424043011,2.633339199994225,0.9104683195592287
1,1,158,9,3070,-3962475.5831206515,-3962475.5768412533,0.0027809183802723165,-3962475.5716165043,2.6332073000085074,0.9107449364915894
1,1,159,9,3079,-3962475.5831206515,-3960662.3904315233,5128.46129694768,-3946156.911391029,2.6095843000221066,0.9110198494182067
1,1,160,9,3088,-3962475.5831206515,-3962475.5629094946,0.022363952072622456,-3962475.507530356,2.6468515999731608,0.9112930740361651
1,1,161,9,3097,-3962475.5831206515,-3962475.566571326,0.01920367377086308,-3962475.5135679133,2.6433741999790072,0.9115646258503401
1,1,162,8,3105,-3962475.5831206515,-3962475.5649660314,0.024465308698366283,-3962475.501632262,1.5687174000195228,0.9118046132971506
1,1,163,8,3113,-3962475.5831206515,-3962475.5726834536,0.0052900385794130405,-3962475.5637562424,2.141287000005832,0.912043301759134
1,1,164,8,3121,-3962475.5831206515,-3962475.572353205,0.014134415856879577,-3962475.5355517976,2.012862800009316,0.9122807017543859
1,1,165,8,3129,-3962475.5831206515,-3962475.5731953103,0.006467017992167523,-3962475.5620641,1.9497304999968037,0.9125168236877523
1,1,166,8,3137,-3962475.5831206515,-3962475.574589757,0.006200929724426129,-3962475.5624158867,1.8860458999988623,0.912751677852349
1,1,167,8,3145,-3962475.5831206515,-3962475.568172653,0.025759073712987704,-3962475.5001003966,1.6188264999946114,0.9129852744310576
1,1,168,8,3153,-3962475.5831206515,-3962475.5701340465,0.011666339908217551,-3962475.5486334655,1.65226669999538,0.9132176234979973
1,1,169,8,3161,-3962475.5831206515,-3962475.5684054354,0.00828866833233556,-3962475.5563751888,1.6456621999968775,0.9134487350199734
1,1,170,8,3169,-3962475.5831206515,-3962475.5679886853,0.01193747278386017,-3962475.541139772,1.6467227000102866,0.9136786188579017
1,1,171,8,3177,-3962475.5831206515,-3962475.5729259113,0.004263498454115549,-3962475.5626775436,1.631821899994975,0.9139072847682119
1,1,172,8,3185,-3962475.5831206515,-3962475.577323672,0.002696211048175697,-3962475.573081542,2.018162199994549,0.9141347424042272
1,1,173,8,3193,-3962475.5831206515,-3961828.5832504826,1711.7802417473101,-3957299.6384316348,1.6322317000012845,0.9143610013175231
1,1,174,8,3201,-3962475.5831206515,-3962475.5711466363,0.015118038537414662,-3962475.5326656383,1.9609392000129446,0.9145860709592641
1,1,175,8,3209,-3962475.5831206515,-3962475.5435652416,0.021106028075777127,-3962475.5109515227,1.9411118999996688,0.9148099606815203
1,1,176,7,3216,-3962475.5831206515,-3962475.5609719045,0.03417183480032256,-3962475.4775588866,1.8332630000077188,0.9150049035632559
1,1,177,7,3223,-3962475.5831206515,-3962475.5794973043,0.0014817881279746655,-3962475.5773167405,1.8929919000074733,0.9151989562948467
1,1,178,7,3230,-3962475.5831206515,-3962475.575244169,0.005000953165891871,-3962475.5638574846,1.5438192999863531,0.9153921249593231
1,1,179,7,3237,-3962475.5831206515,-3962475.5630788035,0.028703538874883597,-3962475.4932689406,1.55818970000837,0.9155844155844156
1,1,180,7,3244,-3962475.5831206515,-3962475.5691848854,0.022009995284268242,-3962475.5154982004,1.5717910999956075,0.9157758341431811
1,1,181,7,3251,-3962475.5831206515,-3962475.568882341,0.008817841423956791,-3962475.5552574173,1.543090299994219,0.9159663865546218
1,1,182,7,3258,-3962475.5831206515,-3962475.5750404326,0.004324507276496067,-3962475.5692849737,1.6241556000022683,0.9161560786842954
1,1,183,7,3265,-3962475.5831206515,-3962475.5768207028,0.0037754012339754296,-3962475.571394874,1.5365572000155225,0.9163449163449163
1,1,184,7,3272,-3962475.5831206515,-3962475.576909092,0.00334309894315996,-3962475.571266534,1.565560099988943,0.9165329052969502
1,1,185,7,3279,-3962475.5831206515,-3962475.576950284,0.002702927241246728,-3962475.5725485664,1.875881100015249,0.9167200512491992
1,1,186,7,3286,-3962475.5831206515,-3962475.574713225,0.00424906463062013,-3962475.566136945,1.881236799992621,0.91690635985938
1,1,187,7,3293,-3962475.5831206515,-3962475.57709604,0.0023375617515206757,-3962475.57469639,1.80668190002325,0.9170918367346939
1,1,188,7,3300,-3962475.5831206515,-3962475.5744601837,0.008148610954446817,-3962475.555283373,1.9036860000051092,0.9172764874323894
1,1,189,7,3307,-3962475.5831206515,-3962475.573892199,0.006015315655135013,-3962475.5607228167,1.8368682999862358,0.9174603174603174
1,1,190,7,3314,-3962475.5831206515,-3962475.5732724452,0.005195062798826796,-3962475.562580779,1.5557031000207644,0.9176433322774786
1,1,191,7,3321,-3962475.5831206515,-3962475.578243684,0.0018307948824827969,-3962475.5758739673,1.5456153999839444,0.9178255372945638
1,1,192,6,3327,-3962475.5831206515,-3962475.571433852,0.010134223386000004,-3962475.553170208,1.7586241000099108,0.917981072555205
1,1,193,6,3333,-3962475.5831206515,-3962475.5673671453,0.02254567258382096,-3962475.5171504095,1.4255943000025582,0.9181360201511335
1,1,194,6,3339,-3962475.5831206515,-3962475.5777303656,0.005403426986537657,-3962475.566161271,1.4519842000154313,0.9182903834066625
1,1,195,6,3345,-3962475.5831206515,-3962475.5755650476,0.0068953206825432475,-3962475.560737144,1.452881500008516,0.918444165621079
1,1,196,6,3351,-3962475.5831206515,-3962475.569380462,0.01907482964879962,-3962475.5269061234,1.7631455999799073,0.9185973700688791
1,1,197,6,3357,-3962475.5831206515,-3962475.5777129494,0.0026445756505274554,-3962475.572390998,1.4411543000023812,0.91875
1,1,198,6,3363,-3962475.5831206515,-3962475.567402132,0.015731936385588615,-3962475.5415269863,1.4561290999990888,0.9189020586400499
1,1,199,6,3369,-3962475.5831206515,-3962475.5784687125,0.003077513302252741,-3962475.5722478535,1.8262880000111181,0.9190535491905355
1,1,200,6,3375,-3962475.5831206515,-3962475.5733051137,0.006382403931840393,-3962475.560973825,1.4455059999891091,0.9192044748290864
1,1,201,6,3381,-3962475.5831206515,-3962475.5767360483,0.006658812963733064,-3962475.562898785,1.7581468000134919,0.9193548387096774
1,1,202,6,3387,-3962475.5831206515,-3962475.574648436,0.006391484385059065,-3962475.5632887706,1.4340855999907944,0.9195046439628483
1,1,203,6,3393,-3962475.5831206515,-3962475.575186973,0.006070144982170738,-3962475.5638348423,1.7966056000150274,0.9196538936959209
1,1,204,6,3399,-3962475.5831206515,-3962475.5632534674,0.024231717009155215,-3962475.5276577696,1.4524438999942504,0.919802590993214
1,1,205,6,3405,-3962475.5831206515,-3962475.5756877796,0.002680218601243437,-3962475.571759155,1.7739647999987938,0.9199507389162561
1,1,206,6,3411,-3962475.5831206515,-3962475.5789454007,0.0023282123934160333,-3962475.5755246766,1.431820500001777,0.9200983405039951
1,1,207,6,3417,-3962475.5831206515,-3962475.573486055,0.010288785105457485,-3962475.5522684753,1.4597080000094138,0.9202453987730062
1,1,208,6,3423,-3962475.5831206515,-3962475.571874213,0.00920992060268446,-3962475.5527272373,1.448725900001591,0.9203919167176975
1,1,209,6,3429,-3962475.5831206515,-3962475.577174297,0.00420821350538205,-3962475.569090383,1.784536199993454,0.9205378973105135
1,1,210,6,3435,-3962475.5831206515,-3962475.5739374775,0.005034923232474102,-3962475.56652412,1.4284613000054378,0.9206833435021354
1,1,211,5,3440,-3962475.5831206515,-3962475.577971477,0.0014115974593334865,-3962475.5759181306,1.6724324999959208,0.9208041425525434
1,1,212,5,3445,-3962475.5831206515,-3962475.5781910988,0.0028995780363609107,-3962475.5746644065,1.3287945999763906,0.9209245742092458
1,1,213,5,3450,-3962475.5831206515,-3962475.5777088166,0.0037794295138856506,-3962475.5705851596,1.36479690001579,0.9210446401457637
1,1,214,5,3455,-3962475.5831206515,-3962475.5746477293,0.00570954485028722,-3962475.56769564,1.362423199985642,0.9211643420254699
1,1,215,5,3460,-3962475.5831206515,-3962475.5752961733,0.001928787681609796,-3962475.571940111,1.665875499980757,0.9212836815016652
1,1,216,5,3465,-3962475.5831206515,-3962475.5761543913,0.005257341544374994,-3962475.5658183936,1.6555246000061743,0.9214026602176542
1,1,217,5,3470,-3962475.5831206515,-3962475.577390062,0.0036144879855295018,-3962475.572728608,1.6768649000150617,0.9215212798068216
1,1,218,5,3475,-3962475.5831206515,-3962475.56593967,0.02166554017447479,-3962475.522950912,1.3228598999849055,0.9216395418927065
1,1,219,5,3480,-3962475.5831206515,-3962475.578436953,0.0024955027480048084,-3962475.57518404,1.3674272999924142,0.9217574480890761
1,1,220,5,3485,-3962475.5831206515,-3962475.5683025927,0.022631616021669854,-3962475.5232118685,1.3533250000036787,0.921875
1,1,221,5,3490,-3962475.5831206515,-3962475.572341884,0.011604203718370605,-3962475.551051017,1.6652147000131663,0.921992199219922
1,1,222,5,3495,-3962475.5831206515,-3962475.5755793774,0.005880657838889933,-3962475.564134093,1.3278098000155296,0.9221090473337328
1,1,223,5,3500,-3962475.5831206515,-3962475.5755815343,0.006081047702393911,-3962475.56399077,1.3549798000021838,0.9222255459168411
1,1,224,5,3505,-3962475.5831206515,-3962475.5797582134,0.0018418956869322752,-3962475.5763465688,1.3531089999887627,0.9223416965352449
1,1,225,5,3510,-3962475.5831206515,-3962475.579009466,0.0017886614293559737,-3962475.577129934,1.6667090999835636,0.922457500745601
1,1,226,5,3515,-3962475.5831206515,-3962475.578543748,0.0012112263033465668,-3962475.577451527,1.3441487000091001,0.9225729600952948
1,1,227,5,3520,-3962475.5831206515,-3962475.5751323355,0.004859091119308424,-3962475.5673787054,1.381262599985348,0.9226880761225097
1,1,228,5,3525,-3962475.5831206515,-3962475.57985028,0.0009436316490694898,-3962475.57870212,1.705816200003028,0.9228028503562945
1,1,229,5,3530,-3962475.5831206515,-3962475.573172049,0.007348408369432436,-3962475.5623454154,1.3731545000046026,0.9229172843166321
1,1,230,5,3535,-3962475.5831206515,-3962475.575414506,0.005639067384477112,-3962475.568134859,1.36178020000807,0.9230313795145056
1,1,231,5,3540,-3962475.5831206515,-3962475.5737569616,0.00893059640150824,-3962475.5566440243,1.3480550999811385,0.9231451374519657
1,1,232,5,3545,-3962475.5831206515,-3962475.578661444,0.002908294514651694,-3962475.5741775073,1.6473912000074051,0.9232585596221959
1,1,233,4,3549,-3962475.5831206515,-3962475.577031256,0.003110556880590212,-3962475.573185114,1.5600793000194244,0.9233490566037735
1,1,234,4,3553,-3962475.5831206515,-3962475.5764891775,0.0023167699253501,-3962475.5731530264,1.573933899984695,0.9234393404004712
1,1,235,4,3557,-3962475.5831206515,-3962475.578569072,0.0030375232056489196,-3962475.5754699856,1.2714020000130404,0.9235294117647059
1,1,236,4,3561,-3962475.5831206515,-3962475.573315438,0.0055012652405097,-3962475.563934544,1.3008380999963265,0.9236192714453584
1,1,237,4,3565,-3962475.5831206515,-3962475.576273469,0.0020041207804100247,-3962475.5737682115,1.2889009999926202,0.9237089201877934
1,1,238,4,3569,-3962475.5831206515,-3962475.5776876668,0.001360408207846566,-3962475.5763114337,1.5857046000019182,0.9237983587338804
1,1,239,4,3573,-3962475.5831206515,-3962475.574283352,0.003742469350577069,-3962475.570158597,1.5764927999989595,0.9238875878220141
1,1,240,4,3577,-3962475.5831206515,-3962475.577123414,0.002943921536096504,-3962475.572699951,1.2649915000074543,0.9239766081871345
1,1,241,4,3581,-3962475.5831206515,-3962475.574845507,0.005322181856026186,-3962475.5659607947,1.2844072000007145,0.9240654205607477
1,1,242,4,3585,-3962475.5831206515,-3962475.5759706907,0.003330555042409917,-3962475.5726308413,1.5883344000030775,0.9241540256709452
1,1,243,4,3589,-3962475.5831206515,-3962475.5769260493,0.0022044547589283826,-3962475.5732782427,1.2704879000084475,0.9242424242424242
1,1,244,4,3593,-3962475.5831206515,-3962475.576780341,0.0007440924617208309,-3962475.5755824484,1.2799540999985766,0.9243306169965075
1,1,245,4,3597,-3962475.5831206515,-3962475.5752502903,0.005680294784017283,-3962475.5660580136,1.2889330000034533,0.9244186046511628
1,2,0,36,36,1992256.7214062735,76791903.61585313,46005498.91284679,148770281.7190976,62.151663700002246,0.07142857142857142
1,2,1,36,72,-2051832.9393798802,58712121.01064903,47654344.49445709,133993084.80360648,53.500445899990154,0.06779661016949153
1,2,2,35,107,-2051832.9393798802,37691566.924323,46720637.64571139,183260985.97336826,38.897113900020486,0.08536585365853659
1,2,3,35,142,-2740675.462871181,22075148.464439467,36788888.36827552,183260985.954151,28.115592899994226,0.08247422680412371
1,2,4,35,177,-2740675.462871181,11408517.991050253,22929903.488960754,79995141.24590787,23.847802600008436,0.07547169811320754
1,2,5,34,211,-2740675.462871181,4029370.956920828,7945693.52834488,43615876.4706564,22.68925689999014,0.06896551724137931
1,2,6,34,245,-3701227.0977699608,3472836.4251189223,8286238.2212575395,42600317.65455989,36.329167599993525,0.07407407407407407
1,2,7,34,279,-3701227.0977699608,3668395.1502362676,7949071.422683738,36790580.94120535,24.858399199991254,0.08108108108108109
1,2,8,34,313,-3701227.0977699608,4098406.7838592855,8536647.6667278,32830671.640162025,27.851490999979433,0.08588957055214724
1,2,9,33,346,-3701227.0977699608,1749210.4049823238,5235663.223257304,20612456.047390316,26.96721959998831,0.1111111111111111
1,2,10,33,379,-3701227.0977699608,400219.5659145124,5047350.773901709,20648328.409740925,36.5421209000051,0.12935323383084577
1,2,11,33,412,-3701227.0977699608,-76741.0825321708,4042535.5426516524,15935423.574174969,43.99749239999801,0.14096916299559473
1,2,12,32,444,-3747730.683120759,42932.75347430151,4481709.222181964,13943540.35795827,39.79416309998487,0.15476190476190477
1,2,13,32,476,-3778688.1610390916,-696518.0142881507,2758843.5533160563,9782159.757732376,38.77532549999887,0.1827956989247312
1,2,14,32,508,-3857965.0106635056,-821646.8514634706,4560459.927119713,15351962.37541549,40.37865769999917,0.20846905537459284
1,2,15,31,539,-3857965.0106635056,-1072879.681594629,4211961.5944092,12239615.28919775,34.82930119999219,0.24776119402985075
1,2,16,31,570,-3857965.0106635056,-1452863.3976152006,4212789.69356021,17054515.42569208,43.19212610000977,0.26575342465753427
1,2,17,31,601,-3928961.588528378,-1938645.9492571088,2363678.4838871956,5274626.732763628,40.28234170001815,0.29292929292929293
1,2,18,31,632,-3928961.588528378,-666229.6915511121,4789371.454529476,14446456.929110391,38.4769937999954,0.31529411764705884
1,2,19,30,662,-3928961.588528378,-2644191.7166573526,2093032.9479721598,6260914.786986774,32.09158780000871,0.34285714285714286
1,2,20,30,692,-3928961.588528378,-2526033.203208268,2152653.590169799,4693467.10168051,26.825115100014955,0.371900826446281
1,2,21,30,722,-3934579.258010585,-2109589.6098384717,3492120.24873766,11302261.875496428,28.054422099987278,0.3996101364522417
1,2,22,30,752,-3934579.258010585,-2997807.5436881944,2333255.0868125716,7313943.061995251,26.376855400012573,0.4280442804428044
1,2,23,29,781,-3944250.1315616667,-3106176.287656484,1724899.150772679,2980538.5820047576,27.003460400010226,0.4500875656742557
1,2,24,29,810,-3944250.1315616667,-3615119.223859773,821255.746001641,-542036.0381372664,23.62847039999906,0.4766666666666667
1,2,25,29,839,-3958992.5496949535,-3601155.700036244,640631.9709689523,-1419591.0030762646,23.69732250002562,0.49920508744038156
1,2,26,29,868,-3958992.5496949535,-2716496.892658934,3157317.5818713484,10780317.24909074,21.256641799991485,0.5198170731707317
1,2,27,28,896,-3958992.5496949535,-3814247.205213352,330361.1004016953,-2124666.003413154,21.36472449998837,0.5394736842105263
1,2,28,28,924,-3958992.5496949535,-3638650.8023774466,1047078.4302786265,1615032.7296387963,20.50494049998815,0.5575842696629213
1,2,29,28,952,-3958992.5496949535,-3160590.124262068,2326756.7167932093,6053585.680030492,18.702650600025663,0.5723951285520974
1,2,30,28,980,-3958992.5496949535,-3770492.7973894444,506334.7653848479,-1914835.3460674807,22.090432699973462,0.5880052151238592
1,2,31,27,1007,-3958992.5496949535,-3826185.7615467994,344193.64628062403,-2324266.411002081,15.723835899989353,0.6020151133501259
1,2,32,27,1034,-3960524.2930568308,-3863167.12951152,331067.03476577933,-2184631.264803961,14.708557999983896,0.6151035322777101
1,2,33,27,1061,-3960524.2930568308,-3936594.2550500752,22428.99184584192,-3879712.7387993224,14.962723899981938,0.6273584905660378
1,2,34,27,1088,-3960524.2930568308,-3926331.354908787,41528.44887854149,-3777057.9674909003,14.442808600026183,0.6388571428571429
1,2,35,26,1114,-3960524.2930568308,-3927379.432555305,36640.93416429702,-3809177.649378119,11.359976200008532,0.6492785793562708
1,2,36,26,1140,-3960524.2930568308,-3940514.906457411,31866.565478281886,-3829914.436066795,9.733930599992163,0.6591154261057174
1,2,37,26,1166,-3962346.026939599,-3384865.343493924,2822121.0281400047,10725660.741504252,9.12128799999482,0.6680672268907563
1,2,38,26,1192,-3962346.026939599,-3357789.37576774,2785447.275427057,10540710.86244824,12.046925200003898,0.676560900716479
1,2,39,25,1217,-3962346.026939599,-3948377.231162073,34173.06298962393,-3782837.881417405,9.9373057000048,0.6846307385229541
1,2,40,25,1242,-3962346.026939599,-3938877.6382204234,44820.07655012798,-3801893.6989323385,8.160429800016573,0.6923076923076923
1,2,41,25,1267,-3962346.026939599,-3947608.595331382,32415.128803692605,-3798572.264511384,8.693295399978524,0.6996197718631179
1,2,42,25,1292,-3962346.026939599,-3953215.201387293,21780.43137923537,-3848262.2421244085,7.373162300005788,0.7065923862581244
1,2,43,25,1317,-3962346.026939599,-3953188.201541928,27542.484031688517,-3819482.0607135203,7.124539699987508,0.7132486388384754
1,2,44,24,1341,-3962346.026939599,-3960519.8820072985,2039.1878901656423,-3954086.6334450766,5.304403300018748,0.7193605683836589
1,2,45,24,1365,-3962431.930873828,-3959463.143587844,5226.056137968205,-3943240.829876298,5.223099800001364,0.7252173913043478
1,2,46,24,1389,-3962431.930873828,-3958647.083644954,5760.492816017295,-3944323.1327179316,5.200132099998882,0.7308347529812607
1,2,47,24,1413,-3962431.930873828,-3959736.5015717074,4290.032821770179,-3946252.1650110167,5.419393499993021,0.7362270450751253
1,2,48,23,1436,-3962431.930873828,-3960708.5660208217,3236.39035828578,-3946731.8856280725,4.883929900010116,0.7411957411957412
1,2,49,23,1459,-3962431.930873828,-3961443.5948158083,1240.7475389528872,-3957223.0408692714,4.869770099991001,0.7459807073954984
1,2,50,23,1482,-3962431.930873828,-3954927.0682519213,14484.73485127662,-3905205.101615278,5.16081440000562,0.7505919494869772
1,2,51,23,1505,-3962431.930873828,-3957959.683044379,9640.649845176837,-3921269.777197888,5.376790100010112,0.7550387596899225
1,2,52,23,1528,-3962431.930873828,-3959780.7154737245,4260.125928138148,-3946318.919325806,4.922351100016385,0.7593297791317594
1,2,53,22,1550,-3962444.213638773,-3960135.276394731,4675.213575319525,-3945935.160555642,4.755561900004977,0.7632958801498128
1,2,54,22,1572,-3962463.9174988456,-3958794.83565264,6286.6216244112375,-3944799.904110972,4.752439799980493,0.7671333824613117
1,2,55,22,1594,-3962463.9174988456,-3958504.158162229,6646.624190024129,-3946043.0648934282,5.248527799994918,0.7708484408992023
1,2,56,22,1616,-3962463.9174988456,-3960739.8555020783,4643.488183341076,-3945783.7725260556,4.793431800004328,0.7744468236973591
1,2,57,22,1638,-3962463.9174988456,-3962206.510570407,384.2692102321275,-3960896.73854135,5.048259600007441,0.7779339423752635
1,2,58,21,1659,-3962474.5848062783,-3962056.623690856,1111.3058255216474,-3957186.775319388,4.606618500023615,0.7811634349030471
1,2,59,21,1680,-3962474.5848062783,-3960698.611348141,4719.068871295519,-3946069.689603422,5.210214399994584,0.7843003412969284
1,2,60,21,1701,-3962474.5848062783,-3961273.879004377,3537.4179168859223,-3946313.387707798,4.685327200015308,0.7873485868102288
1,2,61,21,1722,-3962474.5848062783,-3960792.002546508,4764.430911242348,-3946108.0729438383,4.635046200011857,0.7903118779031187
1,2,62,21,1743,-3962474.5848062783,-3958435.652707899,6894.213365802424,-3945850.0370809473,4.690843799995491,0.7931937172774869
1,2,63,21,1764,-3962474.5848062783,-3957539.449634698,7511.668589248539,-3943614.3713671938,5.065922200010391,0.7959974176888315
1,2,64,20,1784,-3962474.5848062783,-3960788.9076255755,4883.223532206912,-3946104.9518145733,4.9452670000027865,0.798597833014659
1,2,65,20,1804,-3962474.5848062783,-3960812.528809175,4855.109358963488,-3946210.689194532,4.520298899995396,0.8011327879169289
1,2,66,20,1824,-3962474.5848062783,-3959871.531583307,5785.828026670281,-3946071.84848015,4.599749600020004,0.8036047234307023
1,2,67,20,1844,-3962474.5848062783,-3957535.7775001153,7492.377060328811,-3945894.639897773,4.907078299991554,0.8060159607120934
1,2,68,20,1864,-3962475.474638127,-3958254.4698667685,7032.847830932341,-3945812.7523105014,4.914587500010384,0.8083687083080655
1,2,69,19,1883,-3962475.474638127,-3959000.541532049,6642.680110000125,-3946083.9231761806,4.795542999985628,0.8105515587529976
1,2,70,19,1902,-3962475.474638127,-3960726.582480848,5004.817627631595,-3946134.8531070463,4.799370799999451,0.8126852400711322
1,2,71,19,1921,-3962475.474638127,-3959864.6474986235,5959.670691933273,-3946071.5120440274,4.809849500015844,0.8147713950762017
1,2,72,19,1940,-3962475.474638127,-3959871.974055091,5950.035013034492,-3946087.227706831,4.907964100013487,0.8168115942028985
1,2,73,19,1959,-3962475.474638127,-3960734.609102959,5005.305261128137,-3946133.9934386015,4.890640500001609,0.8188073394495413
1,2,74,19,1978,-3962475.474638127,-3962452.898075089,34.39363156452147,-3962347.4112017397,4.892877300007967,0.8207600680657969
1,2,75,18,1996,-3962475.474638127,-3959745.9602372143,6047.937393647529,-3946166.1234235168,4.375674800015986,0.8225715889949466
1,2,76,18,2014,-3962475.4869540986,-3962463.336153223,24.36969314019454,-3962368.1397786606,4.427889499987941,0.8243468593663146
1,2,77,18,2032,-3962475.4869540986,-3962469.5088127702,7.39046033854005,-3962444.400336297,4.429823199985549,0.8260869565217391
1,2,78,18,2050,-3962475.4869540986,-3961563.8273055456,3736.216771722587,-3946159.0520086195,4.3917789999977686,0.8277929155313352
1,2,79,18,2068,-3962475.4869540986,-3962460.680335676,35.278172822199984,-3962348.179790193,4.773733000009088,0.829465731246627
1,2,80,18,2086,-3962475.49517403,-3962470.7126742504,9.71430696704962,-3962434.8855057806,4.348581500002183,0.8311063602351684
1,2,81,17,2103,-3962475.534176247,-3962474.845421482,0.8122149281949149,-3962472.335290214,4.698059099988313,0.8326271186440678
1,2,82,17,2120,-3962475.534176247,-3962474.366394085,1.375282619500712,-3962470.485866083,4.2591376999916974,0.8341207349081364
1,2,83,17,2137,-3962475.534176247,-3962167.483994583,1221.460675145325,-3957281.6733175777,4.307333800010383,0.8355879292403746
1,2,84,17,2154,-3962475.534176247,-3962473.4285011254,3.8809772614943707,-3962459.2975506596,4.607523600017885,0.8370293965961836
1,2,85,17,2171,-3962475.5469552167,-3962472.5570473215,6.070016207819924,-3962449.8984322734,4.316439999995055,0.8384458077709611
1,2,86,17,2188,-3962475.5469552167,-3962465.8601076375,25.36287058096745,-3962392.071575258,4.3244551999960095,0.8398378104409528
1,2,87,17,2205,-3962475.5469552167,-3962470.439091765,16.30546327740812,-3962405.468661556,4.306518000026699,0.8412060301507538
1,2,88,16,2221,-3962475.5469552167,-3962467.553596195,22.37047838294852,-3962382.912263917,3.234326100006001,0.8424725822532403
1,2,89,16,2237,-3962475.5469552167,-3962472.877231577,8.691279310277295,-3962439.3170829527,3.6106662999955006,0.8437190900098912
1,2,90,16,2253,-3962475.5469552167,-3962473.2132826936,5.889598260508336,-3962450.728513129,3.7506615000020247,0.844946025515211
1,2,91,16,2269,-3962475.552757077,-3962468.309225363,22.77016389121692,-3962380.5513370614,3.6132713000115473,0.8461538461538461
1,2,92,16,2285,-3962475.561382979,-3962475.1000725986,0.6744098991938988,-3962472.992091432,3.2685151000041515,0.8473429951690822
1,2,93,16,2301,-3962475.5655535646,-3962466.4163355436,33.78521816594397,-3962335.5994839817,3.71176320000086,0.8485139022051774
1,2,94,16,2317,-3962475.5655535646,-3962475.3650065316,0.48808246593774673,-3962473.583568018,3.2903706000070088,0.8496669838249287
1,2,95,15,2332,-3962475.5770960487,-3962475.3240907136,0.30279783400518856,-3962474.4356717374,3.4741155999945477,0.8507321681624941
1,2,96,15,2347,-3962475.5770960487,-3962475.09846628,0.5830136215814645,-3962473.584964797,3.543461000022944,0.851782363977486
1,2,97,15,2362,-3962475.5770960487,-3962475.4976869444,0.10455632789209747,-3962475.1862976626,3.5507072000182234,0.8528178854215184
1,2,98,15,2377,-3962475.5770960487,-3962475.2025635582,0.7880968535384562,-3962473.0722544473,3.1733926000015344,0.8538390379278445
1,2,99,15,2392,-3962475.5770960487,-3962475.1459038747,0.6712615436506941,-3962473.631013524,3.538644500018563,0.8548461185117133
1,2,100,15,2407,-3962475.5770960487,-3962130.2658677646,1291.4585053170465,-3957298.070713062,3.1831812000018544,0.8558394160583942
1,2,101,15,2422,-3962475.5770960487,-3962475.340256263,0.46065450995681045,-3962473.7204710897,3.537616799992975,0.8568192115994563
1,2,102,14,2436,-3962475.5770960487,-3962475.3562361402,0.3302411747628477,-3962474.453171473,3.5860556999978144,0.8577217469608285
1,2,103,14,2450,-3962475.5770960487,-3962475.5027303523,0.1390229800755273,-3962475.1030151807,3.3892110000015236,0.8586129753914988
1,2,104,14,2464,-3962475.5770960487,-3960940.6830292917,4309.344588712283,-3946158.849398434,6.594880699994974,0.8594931080480214
1,2,105,14,2478,-3962475.5770960487,-3961309.8643108616,4202.679750559626,-3946156.886988543,2.7641272000037134,0.860362350861688
1,2,106,14,2492,-3962475.5770960487,-3962475.368794409,0.31768597735279863,-3962474.570148578,3.1086482999962755,0.8612209046991656
1,2,107,14,2506,-3962475.5771230925,-3960940.163211415,4310.1649323329175,-3946156.890639389,3.0904694000200834,0.8620689655172413
1,2,108,14,2520,-3962475.578957673,-3961736.7674571467,1809.6798712318714,-3957300.6500805244,3.510237699985737,0.8629067245119306
1,2,109,14,2534,-3962475.578957673,-3962105.8031965373,1333.0502011503463,-3957299.4223544337,3.4211115000071004,0.863734368262182
1,2,110,13,2547,-3962475.578957673,-3960822.0083117434,4450.960968918641,-3946156.913065983,2.962730200000806,0.8644939965694682
1,2,111,13,2560,-3962475.578957673,-3959964.998391297,5887.791804303942,-3946156.8856386915,3.044485699996585,0.8652452025586354
1,2,112,13,2573,-3962475.578957673,-3959964.9945571693,5887.80870365844,-3946156.800256584,3.0256657999998424,0.8659881255301103
1,2,113,13,2586,-3962475.57895799,-3958709.7384398603,6875.4242980609115,-3946156.0979630873,3.001571900007548,0.8667229017292282
1,2,114,13,2599,-3962475.5795675833,-3957454.4185531037,7531.689702820557,-3946156.832577063,3.0283406999951694,0.8674496644295302
1,2,115,13,2612,-3962475.579969505,-3958709.818053405,6875.275591656156,-3946156.8583379276,3.420954700006405,0.86816854401335
1,2,116,13,2625,-3962475.580155831,-3962475.5708056916,0.0056802618342849985,-3962475.560049068,3.307243700022809,0.8688796680497926
1,2,117,13,2638,-3962475.580155831,-3958709.7490409007,6875.366540744612,-3946156.9058628473,2.977285300003132,0.8695831613702022
1,2,118,13,2651,-3962475.580155831,-3962077.3934059097,1379.2816357973436,-3957299.4216645397,3.0486914000066463,0.8702791461412152
1,2,119,12,2663,-3962475.580155831,-3960684.352760182,4606.044500947512,-3946156.8904532604,2.9072526000090875,0.8709150326797386
1,2,120,12,2675,-3962475.5810972936,-3961115.67916093,4510.238182841938,-3946156.9113935754,2.9335693000175525,0.8715447154471545
1,2,121,12,2687,-3962475.5810972936,-3962475.5574745815,0.05233893959722668,-3962475.388018394,2.9185587000101805,0.872168284789644
1,2,122,12,2699,-3962475.5810972936,-3961612.8897140254,1929.0151360798995,-3957299.461950356,3.295121500006644,0.8727858293075684
1,2,123,12,2711,-3962475.5810972936,-3961115.6865516175,4510.245324605027,-3946156.8950974513,2.914044000004651,0.8733974358974359
1,2,124,12,2723,-3962475.581367638,-3962475.575276619,0.007351705094885276,-3962475.5541725233,3.2506867999909446,0.8740031897926634
1,2,125,12,2735,-3962475.581367638,-3962475.572235652,0.01047585545057022,-3962475.5438695755,2.875565499998629,0.8746031746031746
1,2,126,12,2747,-3962475.581367638,-3962475.5518696406,0.04385150587066461,-3962475.4428338986,2.9443341000005603,0.8751974723538705
1,2,127,12,2759,-3962475.581367638,-3962044.2385215196,1430.5693966824076,-3957299.5765964836,2.94604770001024,0.8757861635220126
1,2,128,11,2770,-3962475.581367638,-3962475.5624260535,0.024762728486559606,-3962475.493533401,3.1792046999908052,0.876320939334638
1,2,129,11,2781,-3962475.581367638,-3962475.573090561,0.007401632545107746,-3962475.557660874,2.8403638000017963,0.8768511301636789
1,2,130,11,2792,-3962475.5815481115,-3962005.0240205745,1488.0150476658725,-3957299.5072773993,2.8502845999901183,0.8773767947225456
1,2,131,11,2803,-3962475.5815481115,-3962475.5743597583,0.009414993315965077,-3962475.5473361462,2.8329790999996476,0.8778979907264297
1,2,132,11,2814,-3962475.5815481115,-3962475.5723456684,0.0142705943576804,-3962475.528670516,2.8224867999961134,0.8784147749134282
1,2,133,11,2825,-3962475.5815481115,-3962475.5701747467,0.010871285321333198,-3962475.540872393,3.154640399996424,0.878927203065134
1,2,134,11,2836,-3962475.5815481115,-3962475.5790511337,0.002235517105323602,-3962475.574797241,2.8003227000008337,0.8794353300267074
1,2,135,11,2847,-3962475.5815481115,-3962475.578206104,0.0034126392450804883,-3962475.571630899,2.859319000010146,0.8799392097264438
1,2,136,11,2858,-3962475.5815481115,-3962475.5739534097,0.013121648883055692,-3962475.534261329,2.8678967999876477,0.8804388951948543
1,2,137,11,2869,-3962475.5815481115,-3962475.57497479,0.005936862664234403,-3962475.560029868,3.186144899984356,0.8809344385832706
1,2,138,10,2879,-3962475.5815481115,-3962475.5766294757,0.0034549002142306756,-3962475.5703625083,2.745903000002727,0.8813813813813813
1,2,139,10,2889,-3962475.5815481115,-3961440.3701931736,2070.4022825662055,-3957299.515814159,2.738029000000097,0.8818249813014211
1,2,140,10,2899,-3962475.5815481115,-3961957.9782600207,1552.7966074496633,-3957299.5884376783,2.716418000025442,0.8822652757078987
1,2,141,10,2909,-3962475.5815481115,-3959887.559983647,2588.019693384354,-3957299.4672762454,2.7137800000200514,0.882702301410542
1,2,142,10,2919,-3962475.5815481115,-3961440.3797719777,2070.392009006225,-3957299.570543077,2.7358043999993242,0.8831360946745562
1,2,143,10,2929,-3962475.5815481115,-3960326.1152572506,4968.771727589807,-3946156.9141456783,2.7513731000071857,0.8835666912306559
1,2,144,10,2939,-3962475.5815481115,-3961957.982788378,1552.7869579300852,-3957299.6219145916,2.752717199997278,0.8839941262848752
1,2,145,10,2949,-3962475.5815481115,-3960843.708910177,4895.598874377735,-3946156.912287064,3.1101309999939986,0.8844184345281638
1,2,146,10,2959,-3962475.5815481115,-3960843.7072244557,4895.598200865443,-3946156.9126218725,3.1017291999887675,0.8848396501457726
1,2,147,10,2969,-3962475.5815481115,-3961957.9839610183,1552.7777012383408,-3957299.6508573834,2.7007717000087723,0.8852578068264343
1,2,148,10,2979,-3962475.5815481115,-3961440.36493607,2070.4246423381155,-3957299.4005622473,2.7280552000156604,0.8856729377713459
1,2,149,10,2989,-3962475.5815481115,-3962475.576153802,0.0065391890318403706,-3962475.5598183833,2.738732700003311,0.886085075702956
1,2,150,9,2998,-3962475.5815481115,-3962475.5748279626,0.003146909234386891,-3962475.569673674,2.7363898000039626,0.8864534674811355
1,2,151,9,3007,-3962475.5815481115,-3962475.5682749003,0.019353011088752762,-3962475.517797921,2.6153554000193253,0.8868194842406877
1,2,152,9,3016,-3962475.5815481115,-3960750.2526036818,2439.9610289385682,-3957299.603363285,2.6027603000111412,0.8871831488754016
1,2,153,9,3025,-3962475.5815481115,-3962475.575648778,0.0064914505619396694,-3962475.5605535097,2.9910811000154354,0.8875444839857651
1,2,154,9,3034,-3962475.5815481115,-3962475.573238362,0.013385473863170926,-3962475.5435618646,2.5641102000081446,0.8879035118836467
1,2,155,9,3043,-3962475.5815481115,-3959512.1554349726,5173.066290542391,-3946156.9060001895,3.0103318999754265,0.8882602545968883
1,2,156,9,3052,-3962475.5815481115,-3960662.390715978,5128.461564549603,-3946156.9109185915,2.6122706000169273,0.8886147338738104
1,2,157,9,3061,-3962475.5815481115,-3961325.347180375,2151.8417381545246,-3957299.554897707,2.9948978000029456,0.8889669711876318
1,2,158,9,3070,-3962475.5815481115,-3961900.4567323294,1626.6568721747421,-3957299.576312935,2.566657099989243,0.8893169877408056
1,2,159,9,3079,-3962475.5815481115,-3960087.28453205,5182.812137427855,-3946156.9148952514,2.6318128000129946,0.8896648044692738
1,2,160,9,3088,-3962475.5815481115,-3960087.2745747906,5182.82103196792,-3946156.9092496578,2.606558600004064,0.8900104420466411
1,2,161,9,3097,-3962475.5815481115,-3962475.575455126,0.010230173312287472,-3962475.5472749267,2.641789699991932,0.890353920888272
1,2,162,8,3105,-3962475.5815481115,-3959788.742018155,5423.752211152308,-3946156.9120613467,1.558145400020294,0.8906574394463668
1,2,163,8,3113,-3962475.5815481115,-3958395.911213372,7066.188825815913,-3946156.9098603353,1.6646630000032019,0.8909592822636301
1,2,164,8,3121,-3962475.5815481115,-3958395.905835131,7066.18453475123,-3946156.914138578,2.1209949999756645,0.8912594631796283
1,2,165,8,3129,-3962475.5816076268,-3960435.745155426,5396.890874482495,-3946156.914048599,1.9594962999981362,0.8915579958819492
1,2,166,8,3137,-3962475.5816076268,-3958395.912597856,7066.189366671569,-3946156.910916215,2.0007415000000037,0.891854893908282
1,2,167,8,3145,-3962475.5816076268,-3956356.079771584,7900.2394260284555,-3946156.9136044662,1.9965981999994256,0.8921501706484641
1,2,168,8,3153,-3962475.5816076268,-3956356.081475717,7900.239365039056,-3946156.916268287,1.955174899980193,0.8924438393464942
1,2,169,8,3161,-3962475.5816076268,-3962475.578981406,0.0023766309955606255,-3962475.5737608857,1.6181657999986783,0.8927359131025119
1,2,170,8,3169,-3962475.5816076268,-3958395.9129162664,7066.188625517481,-3946156.913691122,1.6485417000076268,0.8930264048747462
1,2,171,8,3177,-3962475.5816076268,-3960435.7448213478,5396.88991465467,-3946156.916253982,1.6580580000008922,0.8933153274814315
1,2,172,8,3185,-3962475.5816076268,-3962475.5802294803,0.0008676864577153827,-3962475.5786862336,1.6456645000143908,0.8936026936026936
1,2,173,8,3193,-3962475.5816653036,-3958395.907369779,7066.185828343435,-3946156.9127306454,1.6698450999974739,0.8938885157824042
1,2,174,8,3201,-3962475.5816653036,-3954316.2156996317,8159.363973151673,-3946156.728134362,1.6561128000030294,0.8941728064300067
1,2,175,8,3209,-3962475.5816653036,-3956356.092568418,7900.22414241189,-3946156.9160476103,2.072058099991409,0.8944555778223113
1,2,176,7,3216,-3962475.5816653036,-3960144.34185556,5710.3436532251335,-3946156.913649218,1.9114025000017136,0.894701766077974
1,2,177,7,3223,-3962475.5816653036,-3960144.3432499575,5710.343083399298,-3946156.9164393973,1.9198005000071134,0.8949468085106383
1,2,178,7,3230,-3962475.5816653036,-3960144.3434936153,5710.343217801656,-3946156.9163538385,1.5419517999980599,0.8951907131011608
1,2,179,7,3237,-3962475.581706872,-3953150.6291591013,8075.64535584213,-3946156.912582891,1.8927848000021186,0.8954334877564527
1,2,180,7,3244,-3962475.581706872,-3960144.34322744,5710.343076567345,-3946156.9164336156,1.8314989999926183,0.8956751403103335
1,2,181,7,3251,-3962475.581706872,-3962475.581389559,0.0003138363365048767,-3962475.5806824137,1.512142199993832,0.8959156785243741
1,2,182,7,3258,-3962475.5817418993,-3962475.5813590838,0.0003989791942187019,-3962475.580504019,1.5486159999854863,0.8961551100887283
1,2,183,7,3265,-3962475.5817418993,-3960144.343117097,5710.344329043481,-3946156.913255345,1.562773899990134,0.8963934426229508
1,2,184,7,3272,-3962475.5817418993,-3960144.343307383,5710.344272415404,-3946156.9135843404,1.5675439000187907,0.8966306836768073
1,2,185,7,3279,-3962475.5817418993,-3955481.8670434696,8075.646001479375,-3946156.913445033,1.5757739999971818,0.8968668407310705
1,2,186,7,3286,-3962475.5817418993,-3953150.6290096347,8075.645666165163,-3946156.9136930723,1.5536191999854054,0.8971019211983068
1,2,187,7,3293,-3962475.5817418993,-3960144.3431731975,5710.344237880654,-3946156.9135347474,1.5488667999743484,0.8973359324236517
1,2,188,7,3300,-3962475.5817870386,-3962475.5816205484,0.00012740174675563386,-3962475.581373751,1.5487824000010733,0.8975688816855754
1,2,189,7,3307,-3962475.5817870386,-3953150.636672047,8075.6392706493425,-3946156.9136959855,2.0359463000204414,0.8978007761966365
1,2,190,7,3314,-3962475.5817870386,-3957813.105077269,7372.0226931978295,-3946156.9136349726,1.9558124000031967,0.8980316231042271
1,2,191,7,3321,-3962475.5817870386,-3950819.390542067,7372.022542369483,-3946156.9135884847,1.5654046999989077,0.8982614294913072
1,2,192,6,3327,-3962475.5817870386,-3957036.0255945264,7692.693744906611,-3946156.9137044325,1.4576653999974951,0.8984575835475579
1,2,193,6,3333,-3962475.5817870386,-3951596.463875536,7692.698002366529,-3946156.876109395,1.813580300018657,0.8986529826812059
1,2,194,6,3339,-3962475.5817870386,-3957036.02579335,7692.693730194943,-3946156.913936315,1.7434898000210524,0.8988476312419974
1,2,195,6,3345,-3962475.5817870386,-3951596.469771489,7692.693777941617,-3946156.913733065,1.4416835999873001,0.8990415335463259
1,2,196,6,3351,-3962475.581788469,-3957036.0260754223,7692.693351556457,-3946156.9138766713,1.4637629000062589,0.8992346938775511
1,2,197,6,3357,-3962475.581788469,-3957036.0257113674,7692.693612317018,-3946156.913782863,1.4595470000058413,0.8994271164863145
1,2,198,6,3363,-3962475.581788469,-3957036.0258216746,7692.693760021302,-3946156.913961204,1.4595838999957778,0.8996188055908514
1,2,199,6,3369,-3962475.5817971546,-3959755.803150378,6081.607292254242,-3946156.9158324394,1.459381900000153,0.8998097653772986
1,2,200,6,3375,-3962475.5817971546,-3959755.803740524,6081.608366370892,-3946156.914020788,1.4569780000019819,0.9
1,2,201,6,3381,-3962475.5817971546,-3959755.8031925373,6081.607261109458,-3946156.915944241,1.4725525999965612,0.9001895135818067
1,2,202,6,3387,-3962475.5817971546,-3957036.02582263,7692.693760604992,-3946156.9139044713,1.4610545999894384,0.9003783102143758
1,2,203,6,3393,-3962475.5817971546,-3959755.803856507,6081.6075930071,-3946156.915866064,1.8106478000117932,0.9005663939584645
1,2,204,6,3399,-3962475.581802521,-3957036.0257905964,7692.69378280409,-3946156.9138960484,1.870281099982094,0.9007537688442211
1,2,205,6,3405,-3962475.581802521,-3948876.693327038,6081.607732290032,-3946156.9138484355,1.47054670000216,0.9009404388714733
1,2,206,6,3411,-3962475.581802521,-3954316.2478008526,8159.333880974601,-3946156.9138740413,1.4706939000170678,0.9011264080100125
1,2,207,6,3417,-3962475.581802521,-3957036.026105643,7692.692736942218,-3946156.913804803,1.474845799995819,0.9013116801998751
1,2,208,6,3423,-3962475.581802521,-3957036.025744042,7692.693763869397,-3946156.9138855897,1.7691000000049826,0.9014962593516209
1,2,209,6,3429,-3962475.581802521,-3957036.0253895572,7692.692853737733,-3946156.9138888177,1.8091736999922432,0.9016801493466086
1,2,210,6,3435,-3962475.581802521,-3957036.0257882443,7692.693745961377,-3946156.913880676,1.4612225999881048,0.901863354037267
1,2,211,5,3440,-3962475.581802521,-3952684.3810689165,7994.481898592628,-3946156.9139050823,1.367308899993077,0.902015503875969
1,2,212,5,3445,-3962475.581806697,-3952684.381816012,7994.48124445753,-3946156.9140233044,1.384931599983247,0.9021671826625387
1,2,213,5,3450,-3962475.581806697,-3955948.111119623,7994.486102862657,-3946156.8965974897,1.3673049999924842,0.9023183925811438
1,2,214,5,3455,-3962475.581806697,-3959211.8481703894,6527.467117829807,-3946156.91393473,1.3655281999963336,0.9024691358024691
1,2,215,5,3460,-3962475.581806697,-3955948.1125745177,7994.479486903474,-3946156.9138731007,1.3742201999993995,0.9026194144838212
1,2,216,5,3465,-3962475.581806697,-3959211.8483757554,6527.466692247801,-3946156.9149912596,1.3765366000006907,0.9027692307692308
1,2,217,5,3470,-3962475.581806697,-3959211.848907356,6527.465696581825,-3946156.917514192,1.3750126000086311,0.9029185867895545
1,2,218,5,3475,-3962475.581806697,-3959211.8472123854,6527.466717161395,-3946156.913778063,1.3559065999870654,0.9030674846625767
1,2,219,5,3480,-3962475.581806697,-3959211.8481176505,6527.467071452552,-3946156.913974745,1.6764169999805745,0.9032159264931088
1,2,220,5,3485,-3962475.581806697,-3959211.847610307,6527.466867458541,-3946156.91387539,1.6546934999933,0.9033639143730887
1,2,221,5,3490,-3962475.581806697,-3955948.114524332,7994.481786222683,-3946156.9139131904,1.6674349999811966,0.9035114503816793
1,2,222,5,3495,-3962475.581806697,-3955948.114954944,7994.48138996893,-3946156.9139783066,1.7131227999925613,0.9036585365853659
1,2,223,5,3500,-3962475.581806697,-3959211.847857587,6527.46713488755,-3946156.9135878123,1.3643562000070233,0.9038051750380518
1,2,224,5,3505,-3962475.581806697,-3959211.848136416,6527.46714303028,-3946156.913850356,1.3578189999971073,0.903951367781155
1,2,225,5,3510,-3962475.581806697,-3955948.114566721,7994.481878707752,-3946156.91386234,1.740940200019395,0.9040971168437025
1,2,226,5,3515,-3962475.581813164,-3959211.8481378434,6527.467134516315,-3946156.913868811,1.3502900000021327,0.9042424242424243
1,2,227,5,3520,-3962475.581813164,-3959211.848560095,6527.466354874894,-3946156.915850345,1.3713367999880575,0.9043872919818456
1,2,228,5,3525,-3962475.581813164,-3952684.381083364,7994.481778306995,-3946156.913998924,1.3636836000077892,0.9045317220543807
1,2,229,5,3530,-3962475.581813164,-3962475.581560506,0.0002816191305766158,-3962475.581012506,1.3520116000145208,0.9046757164404223
1,2,230,5,3535,-3962475.581813164,-3959211.8486404344,6527.46622362528,-3946156.9161931835,1.3709454000054393,0.9048192771084337
1,2,231,5,3540,-3962475.581813164,-3962475.581363988,0.0006223135253976187,-3962475.580134062,1.6764329000143334,0.9049624060150376
1,2,232,5,3545,-3962475.581813164,-3959211.848141478,6527.467098473385,-3946156.913944531,1.3405763999908231,0.9051051051051051
1,2,233,4,3549,-3962475.581813164,-3962475.5815902674,0.0002701645149630125,-3962475.5811304655,1.2690299000241794,0.9052189562087583
1,2,234,4,3553,-3962475.581813164,-3954316.253064203,8159.328370170248,-3946156.9158969596,1.2903984000149649,0.9053325344517675
1,2,235,4,3557,-3962475.581813164,-3954316.248347444,8159.333432311687,-3946156.913932182,1.2825764000008348,0.9054458408138839
1,2,236,4,3561,-3962475.581813164,-3962475.5816837423,0.00010631670470427965,-3962475.581501061,1.2695973999798298,0.9055588762701734
1,2,237,4,3565,-3962475.5818204936,-3962475.5817106324,7.321363301657409e-05,-3962475.5816321224,1.6143400999717414,0.9056716417910448
1,2,238,4,3569,-3962475.5818204936,-3958395.915075606,7066.189424535322,-3946156.915976405,1.285363300004974,0.9057841383422779
1,2,239,4,3573,-3962475.581821874,-3962475.58149176,0.0004946956408933741,-3962475.5806365535,1.619505799986655,0.9058963668850506
1,2,240,4,3577,-3962475.581821874,-3954316.2488424433,8159.332836451011,-3946156.9157515094,1.6146507000084966,0.9060083283759667
1,2,241,4,3581,-3962475.581821874,-3954316.247579875,8159.333685774824,-3946156.9138873797,1.2906339000037406,0.9061200237670826
1,2,242,4,3585,-3962475.581821874,-3958395.9151935973,7066.189595916228,-3946156.915797556,1.2858081000158563,0.9062314540059347
1,2,243,4,3589,-3962475.581821874,-3962475.5817132667,5.4397924033121945e-05,-3962475.581626747,1.2758827999932691,0.9063426200355661
1,2,244,4,3593,-3962475.581821874,-3950236.5815816936,7066.18999426167,-3946156.913998207,1.2856917000026442,0.9064535227945529
1,2,245,4,3597,-3962475.581821874,-3962475.5816648416,8.206121376315517e-05,-3962475.5815357957,1.2833725000091363,0.9065641632170314
1,3,0,36,36,53112.88810072467,71190289.67053191,63177197.80779107,216800814.50078306,62.298310499987565,0.07142857142857142
1,3,1,36,72,53112.88810072467,65196153.03688201,55934014.59469703,182881091.0261351,52.40895059998729,0.0847457627118644
1,3,2,35,107,-549961.3181905001,47355802.389726855,52808266.28010879,206236198.52273998,51.019393700000364,0.07954545454545454
1,3,3,35,142,-549961.3181905001,19188112.034032606,27309642.08535641,118943819.2987638,39.042008200020064,0.09090909090909091
1,3,4,35,177,-549961.3181905001,15937983.283704696,29695633.29484092,135705596.8961823,28.821485399996163,0.09448818897637795
1,3,5,34,211,-1899367.619060197,9147474.630423501,16458268.698067063,61343447.21859759,38.23165209998842,0.08843537414965986
1,3,6,34,245,-2219595.2946173977,6869089.415210497,15182692.192517627,75687944.54422447,37.8215416999883,0.08928571428571429
1,3,7,34,279,-3154383.4866890684,2721323.512214665,5917001.321067173,29408375.141863994,28.996065499988617,0.08743169398907104
1,3,8,34,313,-3521413.3683282733,969966.0560784877,3909615.833721093,15160530.463674791,37.631528300000355,0.11650485436893204
1,3,9,33,346,-3593361.402048202,1814393.0787138303,6019044.589928151,26832643.171726365,31.88646219999646,0.14601769911504425
1,3,10,33,379,-3812933.5823314767,1097049.9428978346,7777950.856288954,36713042.523779295,34.79008789997897,0.1646586345381526
1,3,11,33,412,-3812933.5823314767,1536435.0156708579,5402930.296170719,19751800.18938099,31.78153580002254,0.1962962962962963
1,3,12,32,444,-3812933.5823314767,2340088.183891232,7195694.377557394,22103130.20383414,28.356593700009398,0.23972602739726026
1,3,13,32,476,-3812933.5823464673,-586511.1045774963,4848988.8409191,13998615.259991538,28.227108399994904,0.2861635220125786
1,3,14,32,508,-3812933.5823464673,-70906.08900644342,4464739.842592574,13051338.154523443,32.187238600017736,0.31976744186046513
1,3,15,31,539,-3812933.5823464673,-883743.8210687748,4956728.803479617,13998615.27919039,29.13666600000579,0.3584905660377358
1,3,16,31,570,-3833411.654273547,-1330413.1895136856,3601273.515448406,9023032.291112723,28.468043200002285,0.3869346733668342
1,3,17,31,601,-3918824.866385564,-2368293.596614543,2337971.7542811455,5220900.7398767695,29.084376099985093,0.4215456674473068
1,3,18,31,632,-3918824.866385564,-1055310.9198974445,4323439.851276651,10615177.666729944,24.686918599996716,0.45154185022026433
1,3,19,30,662,-3942628.282844264,-2406383.005889073,3573430.322657175,15438581.771152034,21.460405799996806,0.4824016563146998
1,3,20,30,692,-3942628.282844264,-2296546.334978314,4578822.656837288,21465720.53384098,28.226486700004898,0.5088062622309197
1,3,21,30,722,-3951671.2690719757,-2066516.1939624907,4449722.6698785685,20052523.07308331,22.150230200000806,0.5333333333333333
1,3,22,30,752,-3951671.2690719757,-3012521.601898425,2036001.7241126886,6173973.372082515,25.065560299990466,0.5561403508771929
1,3,23,29,781,-3954274.265081061,-3035066.804553986,1667871.7115781389,2019616.0603653342,23.57361740001943,0.5776293823038398
1,3,24,29,810,-3954274.265081061,-2627064.744319072,2994957.215435229,10601740.854325294,22.676400399999693,0.5964912280701754
1,3,25,29,839,-3954274.265081061,-2152197.91578672,3834140.896290211,10853827.715620374,16.456097099988256,0.6131498470948012
1,3,26,29,868,-3954274.265081061,-3498715.0511828903,837555.6945380928,-932569.3534271237,21.420643100020243,0.6295754026354319
1,3,27,28,896,-3954274.265081061,-3713769.3969148523,598611.7593875391,-931374.0425242446,13.278266600013012,0.6441631504922645
1,3,28,28,924,-3955573.963855991,-3762933.9214645475,365752.55885913706,-2404109.2611526623,14.972589299984975,0.6576454668470907
1,3,29,28,952,-3955573.963855991,-3780069.7133826013,472720.68566058064,-1403938.1749713197,14.573882099997718,0.6701434159061278
1,3,30,28,980,-3959200.3489154764,-3728259.6905934745,813388.9338992471,479938.1105877571,14.54102609999245,0.6817610062893081
1,3,31,27,1007,-3959200.3489154764,-3647668.6921560615,749139.7833369786,-941739.4719709791,17.06947340001352,0.6922141119221411
1,3,32,27,1034,-3959200.3489154764,-3334023.387168032,2112173.605796915,5110860.7377781905,17.531318200024543,0.7008244994110718
1,3,33,27,1061,-3959200.3489154764,-3923277.482501882,40581.02918639617,-3764750.786780346,15.758709899993846,0.7100456621004566
1,3,34,27,1088,-3959200.3489154764,-3936363.083148058,13090.815013698815,-3909947.5159005374,14.33513479999965,0.717607973421927
1,3,35,26,1114,-3959200.3489154764,-3633976.2461757236,1032368.0974190178,373548.32657475583,15.51678439998068,0.7244348762109796
1,3,36,26,1140,-3960958.097201146,-3938261.509057594,24038.233685323426,-3857763.0491159484,14.780912399990484,0.7319371727748691
1,3,37,26,1166,-3961299.5940036215,-3939777.5972022587,26582.279627663032,-3836519.720672518,8.195195800013607,0.7390417940876657
1,3,38,26,1192,-3961772.150996316,-3945195.084441444,20211.109589594143,-3866946.021424748,10.903401999996277,0.7457795431976166
1,3,39,25,1217,-3961772.150996316,-3945596.2416492,16440.853094649654,-3905653.55533915,9.744112400017912,0.751937984496124
1,3,40,25,1242,-3961772.150996316,-3841902.479720533,527744.2906837517,-1257126.2482734472,8.41648119999445,0.7578051087984863
1,3,41,25,1267,-3961772.150996316,-3858439.3388919327,401907.1464072259,-1910015.8916721344,10.457734299998265,0.7634011090573013
1,3,42,25,1292,-3961772.150996316,-3946875.9711653437,20753.727373229915,-3858175.1026117634,8.560870599991176,0.7687443541102078
1,3,43,25,1317,-3961772.150996316,-3946639.271813814,21980.159110892608,-3846985.8431264497,8.21299430000363,0.773851590106007
1,3,44,24,1341,-3962325.7151989974,-3945778.761714567,23233.63872797173,-3852661.0840061195,9.97294820001116,0.7785467128027682
1,3,45,24,1365,-3962325.7151989974,-3950715.6050936705,13376.043576232287,-3900037.364995932,7.7506598999898415,0.7830508474576271
1,3,46,24,1389,-3962325.7151989974,-3948872.048740761,11543.64369970361,-3923566.4149546456,7.4772688999946695,0.7873754152823921
1,3,47,24,1413,-3962325.7151989974,-3956707.1334960554,5505.041199462418,-3944199.8121603727,7.438162200007355,0.7915309446254072
1,3,48,23,1436,-3962338.190137496,-3956152.2997612786,7676.856739759257,-3935453.2760898117,5.14496170001803,0.7953637090327738
1,3,49,23,1459,-3962373.048726823,-3956450.554229587,6876.032189946012,-3939010.973339116,8.925941599998623,0.7990580847723705
1,3,50,23,1482,-3962373.048726823,-3957346.5319832466,6909.793785037856,-3935811.84266454,8.503125300019747,0.8026214340786431
1,3,51,23,1505,-3962373.048726823,-3957568.9484477043,5076.2050878170185,-3945348.0017865784,6.116975999990245,0.806060606060606
1,3,52,23,1528,-3962395.6000744887,-3957328.533419424,6294.71444809642,-3936039.536362894,7.792496799986111,0.8093819806403574
1,3,53,22,1550,-3962395.6000744887,-3959416.7201873395,2563.5538682084793,-3953841.3386738747,6.955099900020286,0.8124542124542125
1,3,54,22,1572,-3962395.6000744887,-3958334.270561095,6103.724181747663,-3942137.4348458946,4.902286700002151,0.8154289834174477
1,3,55,22,1594,-3962395.6000963766,-3959688.737784108,3860.847712372169,-3945593.2343557347,5.163221199996769,0.8183108587650816
1,3,56,22,1616,-3962395.6000963766,-3957262.499156201,7120.761693187499,-3941696.914301755,4.870364900009008,0.8211041229909154
1,3,57,22,1638,-3962395.6000963766,-3956736.6910757856,7679.603100662315,-3941814.742173888,4.7586226999992505,0.82381280110117
1,3,58,21,1659,-3962446.380222976,-3960082.4031834956,4909.5528869866475,-3945035.689992195,6.243834599998081,0.8263229308005428
1,3,59,21,1680,-3962453.0839801,-3959409.469008179,5757.7182732119245,-3944396.345941812,5.003118499997072,0.82876254180602
1,3,60,21,1701,-3962453.0839801,-3958750.807754051,6528.667958685148,-3943467.480541032,4.995158000005176,0.8311345646437994
1,3,61,21,1722,-3962453.0839801,-3959848.6883600787,5872.612616698607,-3943681.9695992973,4.644457799993688,0.8334417696811971
1,3,62,21,1743,-3962461.7974445634,-3960301.333820133,4823.792642677806,-3945860.063668806,4.9806682000053115,0.8356867779204108
1,3,63,21,1764,-3962461.7974445634,-3962228.4636660838,345.6152475569664,-3960872.513627952,5.019087599997874,0.8378720709309689
1,3,64,20,1784,-3962473.280997865,-3961362.4276302545,3558.8678080481786,-3946158.2459940743,4.577794499986339,0.8398999374609131
1,3,65,20,1804,-3962473.777662959,-3961998.7784877764,1295.9064334513573,-3957255.861208122,4.583458499982953,0.8418777022853613
1,3,66,20,1824,-3962473.777662959,-3962161.326186138,1111.7811748752133,-3957320.311237324,4.8774369999882765,0.8438071995118975
1,3,67,20,1844,-3962475.2302359696,-3962165.0328140967,1124.3141746460292,-3957270.1537769027,4.904803199984599,0.8456901748040988
1,3,68,20,1864,-3962475.2302359696,-3961370.3223773437,3672.742062336872,-3946126.422250392,4.622519999975339,0.847528290649196
1,3,69,19,1883,-3962475.2302359696,-3961023.3647856554,3838.0469823822023,-3946176.900359012,4.516329099977156,0.8492343934040048
1,3,70,19,1902,-3962475.231026344,-3962449.512367763,47.071332201028326,-3962256.584892109,4.83514219999779,0.8509027373325568
1,3,71,19,1921,-3962475.231026344,-3961628.784180601,1887.4864090050025,-3957224.8555468135,4.491021699999692,0.8525345622119815
1,3,72,19,1940,-3962475.231026344,-3962168.7978427615,1153.568527089415,-3957279.8063486293,4.587092200003099,0.8541310541310542
1,3,73,19,1959,-3962475.231026344,-3962172.751708077,1146.8738533215408,-3957317.9381647035,4.521014900004957,0.8556933483652762
1,3,74,19,1978,-3962475.231026344,-3962467.2955566198,8.775343711590105,-3962443.3412560485,4.526649199979147,0.8572225320691579
1,3,75,18,1996,-3962475.231026344,-3962141.2726390255,1179.9046422147196,-3957293.20467655,4.460384900012286,0.8586416344561016
1,3,76,18,2014,-3962475.5338435285,-3962183.926096892,1188.4527945905509,-3957283.8417239673,4.404758100019535,0.8600328048113723
1,3,77,18,2032,-3962475.5338435285,-3962450.0328826183,54.90565788839181,-3962230.2074578293,4.439822300017113,0.8613968597726043
1,3,78,18,2050,-3962475.5338435285,-3961564.2044417094,3737.118165125232,-3946155.692536177,4.446341400005622,0.8627345844504022
1,3,79,18,2068,-3962475.5338435285,-3961566.357208054,3736.600823082624,-3946159.964455597,4.418068200000562,0.8640467339352098
1,3,80,18,2086,-3962475.5338435285,-3960623.7339983676,5156.3254561486565,-3945924.325403139,4.4613700000045355,0.8653340347185692
1,3,81,17,2103,-3962475.5338435285,-3961470.9763140352,3829.0917385473094,-3946157.848423997,4.435152699996252,0.8665276329509907
1,3,82,17,2120,-3962475.5338435285,-3962455.297944545,36.155740154792966,-3962348.272835318,4.351846600009594,0.8677002583979329
1,3,83,17,2137,-3962475.5338435285,-3962471.216490358,6.592598245064076,-3962453.5148626976,4.337846599984914,0.8688524590163934
1,3,84,17,2154,-3962475.5338435285,-3960550.249772799,5258.85981278501,-3946139.69138889,4.339731500018388,0.8699847638395124
1,3,85,17,2171,-3962475.560071999,-3960554.662749656,5255.664341613393,-3946158.5903679673,4.304130700009409,0.8710976837865055
1,3,86,17,2188,-3962475.5626337957,-3961512.450762897,3838.439486458709,-3946158.710221149,4.3576995999901555,0.872191712431353
1,3,87,17,2205,-3962475.5626337957,-3962168.034215913,1217.759928711653,-3957297.0614879895,4.333533500001067,0.8732673267326733
1,3,88,16,2221,-3962475.5626337957,-3962471.702948522,9.793126538108075,-3962435.3063032366,3.5735669000132475,0.8742632612966601
1,3,89,16,2237,-3962475.5626337957,-3960806.9023656314,4152.8779195663465,-3946139.800851358,3.647478400002001,0.8752436647173489
1,3,90,16,2253,-3962475.5626337957,-3961452.186088282,3962.121264075329,-3946106.9564947803,3.3012595000036526,0.8762088974854932
1,3,91,16,2269,-3962475.5626337957,-3962473.6055059372,5.774551096279448,-3962451.45873826,3.733523900009459,0.8771593090211133
1,3,92,16,2285,-3962475.5626337957,-3960434.157604702,5392.370119868497,-3946166.4850382935,3.6412252000009175,0.878095238095238
1,3,93,16,2301,-3962475.573341552,-3961825.88038831,1710.6787774157171,-3957294.5989141613,3.6686507999838796,0.8790170132325141
1,3,94,16,2317,-3962475.573341552,-3961451.2734881947,3949.1291382186887,-3946156.393504735,3.3124714999867138,0.8799249530956847
1,3,95,15,2332,-3962475.573341552,-3961387.0966195627,4070.0363013745896,-3946158.415558882,3.601702900021337,0.8807638565440149
1,3,96,15,2347,-3962475.573341552,-3961384.69541262,4069.762448239993,-3946157.0746718887,3.1927009999926668,0.8815911193339501
1,3,97,15,2362,-3962475.573341552,-3960296.401146638,5545.613085334378,-3946156.5615365356,3.567765799991321,0.8824069820854387
1,3,98,15,2377,-3962475.573341552,-3960297.0430361386,5546.079585111385,-3946155.9775918406,3.569972500001313,0.8832116788321168
1,3,99,15,2392,-3962475.5743154474,-3962474.568386297,2.101057514771137,-3962467.6334429104,3.457083399989642,0.8840054372451291
1,3,100,15,2407,-3962475.5743154474,-3962474.1104152394,2.8616228413209166,-3962464.5600734353,3.1975850999879185,0.8847884788478848
1,3,101,15,2422,-3962475.5743154474,-3961386.7017037054,4070.480270551098,-3946156.362031229,3.6917003999988083,0.8855610192221726
1,3,102,14,2436,-3962475.5743154474,-3961309.4845368383,4202.656579893866,-3946156.5909661613,3.0955593999824487,0.8862727676588184
1,3,103,14,2450,-3962475.5743154474,-3961305.3966295654,4202.283372746742,-3946153.9416979346,3.48493010000675,0.8869757174392936
1,3,104,14,2464,-3962475.5748882946,-3961309.900872469,4202.669012328416,-3946156.962261591,3.6241284999996424,0.887670030715226
1,3,105,14,2478,-3962475.5749549884,-3960145.111577398,5707.9248171869995,-3946156.841673378,3.60723669998697,0.888355865678151
1,3,106,14,2492,-3962475.5749549884,-3961309.666337803,4202.601889958709,-3946156.9698142353,3.0697586000023875,0.8890333766796705
1,3,107,14,2506,-3962475.5749549884,-3961309.688539524,4202.676484199227,-3946156.7230268624,3.4014412999968044,0.8897027143472641
1,3,108,14,2520,-3962475.5749549884,-3961309.882751018,4202.699606197487,-3946156.83383709,3.3939256999874488,0.8903640256959314
1,3,109,14,2534,-3962475.5749549884,-3960144.1264459565,5710.2947409500275,-3946156.7898508646,3.06820459998562,0.891017454235845
1,3,110,13,2547,-3962475.5749549884,-3962475.1496442906,1.020310361772262,-3962471.7504682858,3.3665174999914598,0.8916172734970365
1,3,111,13,2560,-3962475.5782716554,-3962475.226834372,0.7669094383376645,-3962472.6681488696,3.1095515999768395,0.8922105263157895
1,3,112,13,2573,-3962475.5782716554,-3962475.238465727,0.5437002459459838,-3962473.908250427,2.9890981999924406,0.8927973199329984
1,3,113,13,2586,-3962475.5782716554,-3962475.5016348762,0.12474145095237374,-3962475.1412396654,2.995401699998183,0.893377759266972
1,3,114,13,2599,-3962475.579333635,-3962475.466061045,0.21706294070178553,-3962474.8082227036,3.3488367999962065,0.8939519469759735
1,3,115,13,2612,-3962475.579503352,-3962475.464274654,0.19556462826737578,-3962474.9918747246,3.2827101000002585,0.8945199835187474
1,3,116,13,2625,-3962475.579503352,-3962475.5311183385,0.06387589850111049,-3962475.392087361,2.9533364000089932,0.8950819672131147
1,3,117,13,2638,-3962475.579503352,-3959964.7551208576,5887.729658999892,-3946156.7022108473,3.0737671999959275,0.8956379942927029
1,3,118,13,2651,-3962475.579503352,-3958709.922090425,6874.984289104231,-3946156.8724291045,3.0033157999860123,0.8961881589618816
1,3,119,12,2663,-3962475.579503352,-3962475.454266052,0.2243994604000647,-3962474.786581449,3.0078435000032187,0.8966908797417272
1,3,120,12,2675,-3962475.579503352,-3961115.630632635,4510.227116202091,-3946156.899577966,3.238280699995812,0.8971887550200803
1,3,121,12,2687,-3962475.579503352,-3962475.446191332,0.22130157447466356,-3962474.844653126,3.2247986999864224,0.8976818545163869
1,3,122,12,2699,-3962475.579503352,-3962475.5422052797,0.09928834532295275,-3962475.2130875066,2.9006994999945164,0.898170246618934
1,3,123,12,2711,-3962475.579503352,-3962475.5635168287,0.021957268478927133,-3962475.510117179,2.9131580000102986,0.8986539984164688
1,3,124,12,2723,-3962475.579503352,-3962475.449414581,0.2916720088463478,-3962474.6131200604,2.928811699996004,0.8991331757289204
1,3,125,12,2735,-3962475.579503352,-3962475.5538150403,0.041704462600801795,-3962475.4424023386,3.2633284000039566,0.899607843137255
1,3,126,12,2747,-3962475.579503352,-3962475.5652236585,0.026662838052659357,-3962475.4777748436,3.1950743999914266,0.9000780640124902
1,3,127,12,2759,-3962475.579503352,-3962475.5708156354,0.00974935341439333,-3962475.54908251,2.9097833999840077,0.9005439005439005
1,3,128,11,2770,-3962475.579503352,-3962475.5683739404,0.012065725688850667,-3962475.5315595437,2.868333699996583,0.9009671179883946
1,3,129,11,2781,-3962475.579503352,-3960992.119580019,4691.026276223878,-3946157.7919845283,3.1681036000081804,0.901386748844376
1,3,130,11,2792,-3962475.579503352,-3962475.5422267644,0.059431569542178674,-3962475.3941670842,2.8593961999868043,0.9018028385116993
1,3,131,11,2803,-3962475.579503352,-3960992.025234727,4691.270934047344,-3946156.9239648413,2.8476167999906465,0.9022154316271963
1,3,132,11,2814,-3962475.579503352,-3962475.5531329946,0.044703678686259116,-3962475.446450256,3.1592623999749776,0.9026245720806391
1,3,133,11,2825,-3962475.580231931,-3962475.5571803246,0.0319776670265514,-3962475.502049228,3.122435900004348,0.9030303030303031
1,3,134,11,2836,-3962475.582922034,-3962475.5571427345,0.03896250650678093,-3962475.447212018,3.1492230000148993,0.9034326669181441
1,3,135,11,2847,-3962475.582922034,-3962475.5197651577,0.11879602068283292,-3962475.16442365,3.1201234000036493,0.903831705484598
1,3,136,11,2858,-3962475.582922034,-3960992.0113216755,4691.368663274098,-3946156.6010029856,2.811755400005495,0.9042274597830153
1,3,137,11,2869,-3962475.582922034,-3960992.0575026423,4691.285367036201,-3946156.910589002,3.140499999979511,0.9046199701937406
1,3,138,10,2879,-3962475.582922034,-3962475.572983804,0.004925599395133835,-3962475.563166287,2.7546939000021666,0.9049740163325909
1,3,139,10,2889,-3962475.582922034,-3962475.5554173216,0.03218747035889445,-3962475.4932378847,2.7455394999997225,0.9053254437869822
1,3,140,10,2899,-3962475.582922034,-3962475.544070194,0.0357690365993798,-3962475.4769142717,2.7481283000088297,0.9056742815033162
1,3,141,10,2909,-3962475.582922034,-3960843.6651378246,4895.547212601951,-3946157.0235022325,2.759129700018093,0.9060205580029369
1,3,142,10,2919,-3962475.582922034,-3962475.5748885213,0.002735472751638918,-3962475.5699917916,2.7457988999958616,0.9063643013899049
1,3,143,10,2929,-3962475.582922034,-3962475.571414503,0.004858292570730115,-3962475.564318966,3.1404673000215553,0.9067055393586005
1,3,144,10,2939,-3962475.582922034,-3962475.5720760473,0.008139403130578116,-3962475.550077699,2.6970665999979246,0.9070442992011619
1,3,145,10,2949,-3962475.582922034,-3960843.684655427,4895.623508044207,-3946156.8141315654,2.7555297999933828,0.9073806078147613
1,3,146,10,2959,-3962475.582922034,-3960843.70685302,4895.594744546673,-3946156.9226194154,2.7366554999898653,0.9077144917087239
1,3,147,10,2969,-3962475.582922034,-3962475.565852677,0.013944231567302874,-3962475.5338774454,2.7379871000011917,0.9080459770114943
1,3,148,10,2979,-3962475.582922034,-3962475.555618825,0.032036960860711,-3962475.4674217664,2.776544200023636,0.9083750894774517
1,3,149,10,2989,-3962475.582922034,-3960843.707985443,4895.587859139778,-3946156.944408059,2.750099800003227,0.9087018544935807
1,3,150,9,2998,-3962475.582922034,-3960662.382523357,5128.458780834288,-3946156.9105996527,2.739229200000409,0.9089939566299324
1,3,151,9,3007,-3962475.582922034,-3960662.3877395787,5128.455534884536,-3946156.924996689,2.6437154000159353,0.9092841956059532
1,3,152,9,3016,-3962475.582922034,-3958849.2109776223,6784.292486584609,-3946156.9068700895,2.723710599995684,0.9095725891910985
1,3,153,9,3025,-3962475.582922034,-3957036.0232350295,7692.691547339222,-3946156.910800306,2.672057100018719,0.9098591549295775
1,3,154,9,3034,-3962475.582922034,-3960662.425524883,5128.293654373313,-3946157.4206495974,2.6161498999863397,0.9101439101439102
1,3,155,9,3043,-3962475.582922034,-3962475.5480706873,0.053287116679612195,-3962475.421182746,2.6253326000005472,0.9104268719384184
1,3,156,9,3052,-3962475.582922034,-3962475.574107464,0.0033801902048411765,-3962475.569069471,2.6273163000005297,0.9107080572026508
1,3,157,9,3061,-3962475.582922034,-3958849.2024126267,6784.311717609814,-3946156.9161914717,2.6747111000004224,0.9109874826147427
1,3,158,9,3070,-3962475.582922034,-3960662.36558919,5128.450885023496,-3946156.915998308,2.6359725999936927,0.9112651646447141
1,3,159,9,3079,-3962475.582922034,-3958849.2052902677,6784.290097806101,-3946156.9132601973,2.6543899000098463,0.9115411195577056
1,3,160,9,3088,-3962475.582922034,-3962475.5733071864,0.005003405212645482,-3962475.5667049102,3.005412399972556,0.9118153634171546
1,3,161,9,3097,-3962475.582922034,-3960662.376661442,5128.456516999746,-3946156.911140874,2.7855611000268254,0.9120879120879121
1,3,162,8,3105,-3962475.582922034,-3962475.5701069855,0.009499353001870827,-3962475.5541988965,1.588010299979942,0.9123287671232877
1,3,163,8,3113,-3962475.582922034,-3960435.7342883674,5396.904389128008,-3946156.867425155,2.025641300017014,0.912568306010929
1,3,164,8,3121,-3962475.582922034,-3962475.522733394,0.07615077387084107,-3962475.3623527903,1.9303446999983862,0.9128065395095368
1,3,165,8,3129,-3962475.582922034,-3962475.5675430074,0.01970188124437179,-3962475.5175141394,1.6548976999765728,0.9130434782608695
1,3,166,8,3137,-3962475.582922034,-3962475.568415844,0.01259872402740035,-3962475.5372503325,1.6662758000020403,0.9132791327913279
1,3,167,8,3145,-3962475.582922034,-3962475.559101794,0.04014951969929333,-3962475.4534862805,1.930378599994583,0.9135135135135135
1,3,168,8,3153,-3962475.582922034,-3962475.5743166246,0.009191222184071975,-3962475.550149381,1.6485602000029758,0.9137466307277629
1,3,169,8,3161,-3962475.582922034,-3962475.553570715,0.02681016499719328,-3962475.503005134,2.0642233999969903,0.9139784946236559
1,3,170,8,3169,-3962475.582922034,-3962475.5693713855,0.012421684563628726,-3962475.5406752564,1.6627465000201482,0.9142091152815014
1,3,171,8,3177,-3962475.582922034,-3962475.573549509,0.008407196409041081,-3962475.557178391,2.0080707000161055,0.9144385026737968
1,3,172,8,3185,-3962475.582922034,-3962475.574777496,0.008185929399335991,-3962475.555706283,1.9566664000158198,0.9146666666666666
1,3,173,8,3193,-3962475.582922034,-3962475.572615997,0.017824105447950114,-3962475.5259714164,1.9587110999855213,0.9148936170212766
1,3,174,8,3201,-3962475.582922034,-3962475.5428026887,0.03498908830550961,-3962475.4801296443,1.6176143999909982,0.9151193633952255
1,3,175,8,3209,-3962475.582922034,-3962475.5700460128,0.015672537512468446,-3962475.531795662,1.9813643999805208,0.9153439153439153
1,3,176,7,3216,-3962475.582922034,-3962475.5701109297,0.012458933786205995,-3962475.5419411473,1.8176476000226103,0.9155394259320356
1,3,177,7,3223,-3962475.582922034,-3962475.545615676,0.06074146668028575,-3962475.397908924,1.5361815000069328,0.9157340355497038
1,3,178,7,3230,-3962475.582922034,-3962475.555898922,0.025034350099820708,-3962475.514454052,1.8920111999905203,0.915927750410509
1,3,179,7,3237,-3962475.582922034,-3962475.569171616,0.010675961302291575,-3962475.5527225304,1.5124381000059657,0.9161205766710354
1,3,180,7,3244,-3962475.582922034,-3962475.5625500134,0.011490378683131094,-3962475.5424419567,1.5624351000005845,0.9163125204315136
1,3,181,7,3251,-3962475.582922034,-3962475.5712697646,0.005936552115096629,-3962475.5614013597,1.8634852999821305,0.9165035877364645
1,3,182,7,3258,-3962475.582922034,-3962475.5321502313,0.07714739624471884,-3962475.3486621547,1.8666428999858908,0.9166937845753336
1,3,183,7,3265,-3962475.582922034,-3962475.5655661086,0.02674752859686591,-3962475.5005297083,1.5662927000084892,0.9168831168831169
1,3,184,7,3272,-3962475.582922034,-3962475.5681653386,0.01565349442306943,-3962475.5345220547,1.8600588999979664,0.9170715905409783
1,3,185,7,3279,-3962475.582922034,-3962475.5680671264,0.016536936206802837,-3962475.5300436933,1.5339395999908447,0.9172592113768584
1,3,186,7,3286,-3962475.582922034,-3962475.5718274787,0.012287056374071431,-3962475.5422677305,1.880432900012238,0.9174459851660755
1,3,187,7,3293,-3962475.582922034,-3962475.569593534,0.0060917593675938455,-3962475.5598677937,1.5112029000010807,0.9176319176319176
1,3,188,7,3300,-3962475.582922034,-3962475.5722790617,0.003483708507793718,-3962475.566042535,1.9397886999940965,0.9178170144462279
1,3,189,7,3307,-3962475.582922034,-3962475.5609075064,0.01483003431370911,-3962475.5383645333,1.5432526000076905,0.9180012812299808
1,3,190,7,3314,-3962475.582922034,-3962475.5756490934,0.004503630186640265,-3962475.5660137516,1.5537158999941312,0.9181847235538511
1,3,191,7,3321,-3962475.582922034,-3962475.5733843124,0.00755308128235254,-3962475.558391966,1.5511407000012696,0.9183673469387755
1,3,192,6,3327,-3962475.582922034,-3962475.5651331446,0.02761371973463266,-3962475.5046060737,1.4613182000175584,0.9185232336091661
1,3,193,6,3333,-3962475.582922034,-3962475.5686250366,0.013862766551705534,-3962475.54123565,1.7666961000068113,0.9186785260482846
1,3,194,6,3339,-3962475.582922034,-3962475.5683443137,0.014800217147148884,-3962475.538187258,1.41640620000544,0.9188332276474318
1,3,195,6,3345,-3962475.582922034,-3962475.5678705373,0.015647695941506872,-3962475.5363691393,1.4656929000047967,0.9189873417721519
1,3,196,6,3351,-3962475.582922034,-3962475.5363680297,0.05692581466689741,-3962475.417481318,1.857690000004368,0.9191408717624763
1,3,197,6,3357,-3962475.582922034,-3962475.558263764,0.02511218803857262,-3962475.5167604145,1.8123887999972794,0.9192938209331651
1,3,198,6,3363,-3962475.582922034,-3962475.5729332925,0.01047587857398781,-3962475.5505096465,1.453848500008462,0.9194461925739459
1,3,199,6,3369,-3962475.582922034,-3962475.549844528,0.04507649317304036,-3962475.45739978,1.4595996999996714,0.9195979899497487
1,3,200,6,3375,-3962475.582922034,-3962475.5558489882,0.03264261614662835,-3962475.506868433,1.770203699998092,0.9197492163009404
1,3,201,6,3381,-3962475.582922034,-3962475.574978383,0.007479324087316339,-3962475.55862879,1.7754235999891534,0.9198998748435544
1,3,202,6,3387,-3962475.582922034,-3962475.5717014433,0.010214720702495626,-3962475.550325813,1.4216255999926943,0.920049968769519
1,3,203,6,3393,-3962475.582922034,-3959755.795523153,6081.6101062399875,-3946156.9019129705,1.4608859000145458,0.9201995012468828
1,3,204,6,3399,-3962475.582922034,-3962475.558761774,0.023102758190835553,-3962475.5145782363,1.7694393999991007,0.9203484754200373
1,3,205,6,3405,-3962475.582922034,-3962475.5499456897,0.030260936641501073,-3962475.4984823857,1.4329204999958165,0.9204968944099379
1,3,206,6,3411,-3962475.582922034,-3962475.576764079,0.003136618415148131,-3962475.570672443,1.4539169000054244,0.9206447613143212
1,3,207,6,3417,-3962475.582922034,-3962475.571745988,0.015663308735066366,-3962475.5370309316,1.4581394999986514,0.9207920792079208
1,3,208,6,3423,-3962475.582922034,-3962475.5753080584,0.0046412344729658585,-3962475.5691048093,1.4509304000239354,0.9209388511426807
1,3,209,6,3429,-3962475.582922034,-3962475.5770736462,0.0032465889374824974,-3962475.570203377,1.7871578999911435,0.9210850801479655
1,3,210,6,3435,-3962475.582922034,-3962475.545535198,0.034204268829347656,-3962475.5062668994,1.7270983000053093,0.9212307692307692
1,3,211,5,3440,-3962475.582922034,-3962475.5716322036,0.007391168782425462,-3962475.5577613264,1.6425220999808516,0.9213517665130568
1,3,212,5,3445,-3962475.582922034,-3962475.56942773,0.012141122785726405,-3962475.5466549434,1.6810180000029504,0.9214723926380368
1,3,213,5,3450,-3962475.582922034,-3962475.550389312,0.05026557126349982,-3962475.4505093116,1.3297297999961302,0.9215926493108729
1,3,214,5,3455,-3962475.582922034,-3962475.562826383,0.030486797579137213,-3962475.501878999,1.365928499988513,0.9217125382262997
1,3,215,5,3460,-3962475.582922034,-3962475.5501851016,0.02353349565780052,-3962475.514586894,1.6700375000073109,0.9218320610687023
1,3,216,5,3465,-3962475.582922034,-3962475.578055105,0.0027622582614090343,-3962475.5739441607,1.6771144999947865,0.9219512195121952
1,3,217,5,3470,-3962475.582922034,-3962475.5759354057,0.00553987180584898,-3962475.565865176,1.3312151999853086,0.9220700152207002
1,3,218,5,3475,-3962475.582922034,-3962475.575546445,0.003901003703089442,-3962475.5702955816,1.3574492000043392,0.9221884498480243
1,3,219,5,3480,-3962475.582922034,-3962475.5742336796,0.011333333958708497,-3962475.5518105533,1.70469799998682,0.9223065250379363
1,3,220,5,3485,-3962475.582922034,-3962475.5794799873,0.0018975698798823185,-3962475.5759958457,1.6619786000228487,0.9224242424242424
1,3,221,5,3490,-3962475.582922034,-3962475.578246746,0.0019782388726553475,-3962475.576408243,1.3301298999867868,0.9225416036308624
1,3,222,5,3495,-3962475.582922034,-3962475.563803105,0.03117556062018336,-3962475.5015162975,1.356057500001043,0.9226586102719033
1,3,223,5,3500,-3962475.582922034,-3962475.57964975,0.0017115500348695285,-3962475.5770820156,1.3571526000159793,0.9227752639517346
1,3,224,5,3505,-3962475.582922034,-3962475.542437037,0.05985840728992437,-3962475.425623061,1.3643845000187866,0.9228915662650602
1,3,225,5,3510,-3962475.582922034,-3962475.5793233975,0.0020139430900467333,-3962475.576247461,1.6981525000010151,0.9230075187969925
1,3,226,5,3515,-3962475.582922034,-3962475.560384414,0.03810825905399904,-3962475.4842821863,1.3297548000118695,0.9231231231231232
1,3,227,5,3520,-3962475.582922034,-3962475.577473855,0.0031107683178528173,-3962475.5731647387,1.6852491999743506,0.9232383808095952
1,3,228,5,3525,-3962475.582922034,-3962475.5758661767,0.0034627330080837047,-3962475.570286693,1.6702757999883033,0.9233532934131736
1,3,229,5,3530,-3962475.582922034,-3962475.5739194206,0.007107567682497938,-3962475.5613729376,1.331849999987753,0.9234678624813154
1,3,230,5,3535,-3962475.582922034,-3962475.564474898,0.02613625125251829,-3962475.5123572797,1.3580379000050016,0.9235820895522389
1,3,231,5,3540,-3962475.582922034,-3962475.555423917,0.04253942153536611,-3962475.4704577867,1.3675748000096064,0.9236959761549925
1,3,232,5,3545,-3962475.582922034,-3962475.5700121867,0.01502900608156345,-3962475.5403689463,1.6916567000153009,0.9238095238095239
1,3,233,4,3549,-3962475.582922034,-3962475.5796891064,0.0014971726160739698,-3962475.5781201962,1.2587725000048522,0.9239001189060642
1,3,234,4,3553,-3962475.582922034,-3962475.5401880643,0.03787421260636219,-3962475.494182095,1.2745661999797449,0.9239904988123515
1,3,235,4,3557,-3962475.582922034,-3962475.574757724,0.005395608554318936,-3962475.5673638396,1.3054142000037245,0.9240806642941874
1,3,236,4,3561,-3962475.582922034,-3962475.577259909,0.003258697091962226,-3962475.5720952675,1.275530200015055,0.9241706161137441
1,3,237,4,3565,-3962475.582922034,-3962475.5571429515,0.02906806202271433,-3962475.5071995836,1.6665573999925982,0.9242603550295858
1,3,238,4,3569,-3962475.582922034,-3962475.578815359,0.0016505623562683073,-3962475.5763479173,1.5972139999794308,0.9243498817966903
1,3,239,4,3573,-3962475.582922034,-3958395.9127886984,7066.190385336197,-3946156.9120253418,1.2611066999961622,0.9244391971664699
1,3,240,4,3577,-3962475.582922034,-3962475.57615694,0.002382161452473896,-3962475.572089631,1.6031736000149976,0.9245283018867925
1,3,241,4,3581,-3962475.582922034,-3962475.567048703,0.012910773213041547,-3962475.5508692916,1.2458795999991708,0.9246171967020024
1,3,242,4,3585,-3962475.582922034,-3962475.553154137,0.03672804015344994,-3962475.491214078,1.2793252000119537,0.9247058823529412
1,3,243,4,3589,-3962475.582922034,-3962475.524359288,0.08689684413085765,-3962475.3739042394,1.2818024999869522,0.9247943595769683
1,3,244,4,3593,-3962475.582922034,-3962475.5748658874,0.0021970869286765285,-3962475.5723836552,1.2831102999916766,0.9248826291079812
1,3,245,4,3597,-3962475.582922034,-3962475.5780846444,0.0017959887486470123,-3962475.5765789747,1.2723562000028323,0.9249706916764361
1,4,0,36,36,-1383242.4333717488,68933972.96506304,45282829.92147343,178108198.14633313,62.4837419000105,0.07142857142857142
1,4,1,36,72,-1383242.4333717488,51906533.31818025,42983908.44626348,162403600.25664324,54.20009359999676,0.08333333333333333
1,4,2,35,107,-1383242.4333717488,34216038.925978884,42504337.99259045,150539534.98083407,52.56960339998477,0.08791208791208792
1,4,3,35,142,-2121625.534113232,18637460.200655393,24279535.9881575,81320593.6563045,41.16537299999618,0.09565217391304348
1,4,4,35,177,-2121625.534113232,12978220.075761538,19765070.040131714,68640992.16937189,31.803053400013596,0.12686567164179105
1,4,5,34,211,-2895906.7245636024,6941986.634575171,13945565.200597243,68233363.39794064,38.64326760001131,0.11688311688311688
1,4,6,34,245,-3420057.922582647,4192525.889222033,7762357.682842881,36234690.97696343,33.67324100001133,0.11627906976744186
1,4,7,34,279,-3420057.922582647,3030456.089293571,7906524.922183752,30962267.276906934,27.707609200006118,0.13756613756613756
1,4,8,34,313,-3420057.922582647,1066721.2485485093,3162144.996518189,9815317.399997354,23.415178200026276,0.1485148514851485
1,4,9,33,346,-3420057.922582647,1881169.4732125744,5663435.874254048,26738296.293701712,32.25629619997926,0.1583710407239819
1,4,10,33,379,-3579766.4401294068,1515307.2981946059,5926411.901781252,24991871.843686298,36.49453739999444,0.1652892561983471
1,4,11,33,412,-3889837.8415528797,1163476.6717156407,5992993.192833511,19880907.794302534,33.064621099998476,0.19622641509433963
1,4,12,32,444,-3889837.8415528797,267244.35420814087,5825022.54986255,21179453.354263794,33.142767599987565,0.23103448275862068
1,4,13,32,476,-3889837.8415528797,-805704.6122649107,4075471.3947943267,14444299.347547207,38.49137450000853,0.2578616352201258
1,4,14,32,508,-3899203.321802087,-853058.7471166811,4161812.9855921385,14089167.117318064,34.54353590001119,0.28901734104046245
1,4,15,31,539,-3901437.8238232452,-1792940.5331173013,3315890.8693349413,11850359.36293418,36.162646499986295,0.324468085106383
1,4,16,31,570,-3940666.3788794056,-2933215.994488107,1080412.397161227,1126726.2454212066,35.63133450000896,0.3522167487684729
1,4,17,31,601,-3940666.3788794056,-2231357.7142018606,1987816.1677045021,3387421.917738972,31.00305759999901,0.3847926267281106
1,4,18,31,632,-3940666.3788794056,-2300571.114042786,2977949.7896242165,11417612.403924866,37.98325700001442,0.40860215053763443
1,4,19,30,662,-3940666.3788794056,-2899025.4244883237,1836666.7138341381,4836761.466530637,32.563824700016994,0.4383838383838384
1,4,20,30,692,-3945354.0691612195,-3359273.627804229,819700.3667106725,-707522.0727265258,28.567262700002175,0.46285714285714286
1,4,21,30,722,-3945354.0691612195,-2941230.494140208,2671692.626172474,11080414.146399641,27.864650400006212,0.4855595667870036
1,4,22,30,752,-3945354.0691612195,-3404538.093470347,908557.564796021,857514.5497574825,29.05290629999945,0.5094339622641509
1,4,23,29,781,-3955380.1893320847,-3430879.5940170526,975938.8900035466,12800.606533663347,29.107994300022256,0.5310457516339869
1,4,24,29,810,-3955380.1893320847,-3661130.436804096,464676.99001778394,-1976423.774043128,24.431677200016566,0.5507020280811232
1,4,25,29,839,-3955380.1893320847,-3401488.460441704,844938.90335229,-410816.8054136634,22.532734800013714,0.5656716417910448
1,4,26,29,868,-3955380.1893320847,-3661403.3231795137,570111.6481160662,-1135627.7898891587,26.13538389999303,0.5793991416309013
1,4,27,28,896,-3955380.1893320847,-3860226.0567560745,83785.75410040906,-3609168.751302941,20.964233400009107,0.594222833562586
1,4,28,28,924,-3955380.1893320847,-3438211.6317162463,1123595.5860081867,529376.0066242274,20.870939899992663,0.609271523178808
1,4,29,28,952,-3961550.539476812,-3911632.594577947,55657.63860062138,-3667190.9882250633,18.060936300025787,0.6232439335887612
1,4,30,28,980,-3961550.539476812,-3813101.0730187446,420777.72905453254,-1837771.9382164292,16.542602700006682,0.6362515413070283
1,4,31,27,1007,-3961550.539476812,-3919063.961312109,44203.14911812681,-3768610.918170454,15.544115800003055,0.6479713603818615
1,4,32,27,1034,-3961550.539476812,-3926195.9825973273,49116.59192150933,-3706937.624906754,8.970905900001526,0.6589595375722543
1,4,33,27,1061,-3961550.539476812,-3932143.244922397,37034.90183582582,-3792513.3981182612,9.262879399990197,0.6692825112107623
1,4,34,27,1088,-3961550.539476812,-3935288.5566094974,39471.53118697697,-3762810.982626999,7.954874999995809,0.6789989118607181
1,4,35,26,1114,-3962221.57042847,-3950740.6082583433,7698.848493541195,-3933446.1570305135,5.865852399991127,0.6878306878306878
1,4,36,26,1140,-3962221.57042847,-3941662.5146115674,29832.50397955861,-3827319.6309749912,9.263431300001685,0.6961894953656025
1,4,37,26,1166,-3962221.57042847,-3949148.8271302907,12026.518677949309,-3917783.1292625945,6.55305089999456,0.7041123370110332
1,4,38,26,1192,-3962221.57042847,-3948560.365819333,16063.426551274626,-3897664.25659989,6.075673300016206,0.7116324535679375
1,4,39,25,1217,-3962221.57042847,-3953747.09681069,9253.571971244639,-3924637.88648984,8.783672299992759,0.7185114503816794
1,4,40,25,1242,-3962221.57042847,-3953847.6461031055,5693.906146606076,-3939751.875756083,7.408041899994714,0.7250698974836906
1,4,41,25,1267,-3962221.57042847,-3955329.3002462853,7526.827448481965,-3939460.6842278074,6.8034329999936745,0.7313296903460837
1,4,42,25,1292,-3962221.57042847,-3954385.0235344796,9397.915389276588,-3931362.3356635123,9.589571999997133,0.7373107747105966
1,4,43,25,1317,-3962366.07123713,-3946900.083134948,26664.916754320835,-3835642.1368381884,9.020643199997721,0.7430313588850174
1,4,44,24,1341,-3962366.07123713,-3955962.649249442,9581.48158357566,-3920811.683932865,5.317993000004208,0.7482935153583617
1,4,45,24,1365,-3962366.0712598786,-3954490.216428023,9858.794331662451,-3923044.25103203,6.784219699999085,0.7533444816053512
1,4,46,24,1389,-3962366.0712598786,-3958062.390523549,4902.18558447398,-3945853.212271508,8.720956499979366,0.7581967213114754
1,4,47,24,1413,-3962366.0712598786,-3957771.0216689263,10369.932170364265,-3917005.1351732407,7.236727699986659,0.7628617363344051
1,4,48,23,1436,-3962366.0712598786,-3952147.338317711,23390.957826466438,-3848035.500725422,7.265465000004042,0.7671665351223362
1,4,49,23,1459,-3962473.7761542425,-3958772.4439685093,5116.490600377977,-3944742.9870773926,8.555570099997567,0.7713178294573644
1,4,50,23,1482,-3962473.7761542425,-3957319.226841339,6800.882803260189,-3941949.864369698,8.02101309999125,0.7753236862147753
1,4,51,23,1505,-3962473.7761542425,-3957259.226884239,7550.895142670781,-3939741.24900225,6.339457800000673,0.7791916167664671
1,4,52,23,1528,-3962473.7761542425,-3960532.3379690945,3682.7779125997886,-3945684.525343595,5.180047100002412,0.7829286239882266
1,4,53,22,1550,-3962473.7761542425,-3958308.5916287284,7658.972884153584,-3933640.6045743115,4.73293939998257,0.7863866763215062
1,4,54,22,1572,-3962474.701617278,-3960219.07298114,4627.968644949156,-3945766.959762346,4.792667800007621,0.789736279401283
1,4,55,22,1594,-3962474.701617278,-3957445.4425367503,6939.46124675811,-3940008.4331909083,8.657700100011425,0.7929824561403509
1,4,56,22,1616,-3962474.701617278,-3959622.3318171445,5464.365131578272,-3945504.259436913,4.663454800000181,0.7961299239806496
1,4,57,22,1638,-3962474.701617278,-3956502.6234261934,7321.700127688486,-3943412.6755255647,5.113068700011354,0.7991831177671885
1,4,58,21,1659,-3962474.701617278,-3959067.975135188,6306.094316843293,-3945670.6395021845,4.931731199991191,0.802013422818792
1,4,59,21,1680,-3962474.701617278,-3957963.0627796557,6742.851943368523,-3945979.744445499,5.1072961000027135,0.8047650562541363
1,4,60,21,1701,-3962474.701617278,-3958368.914896532,8158.897019028268,-3934605.0890232585,4.662874399975408,0.8074412532637075
1,4,61,21,1722,-3962474.701617278,-3961452.967094066,3480.609134367615,-3946102.4777746256,5.012206399987917,0.8100450740502254
1,4,62,21,1743,-3962474.7687652223,-3959919.6245373636,5587.164846186367,-3945926.380407635,4.947408199979691,0.8125794155019059
1,4,63,21,1764,-3962474.7687652223,-3961079.8389540887,3722.6341009774733,-3946319.2396639287,4.614700800011633,0.8150470219435737
1,4,64,20,1784,-3962474.7687652223,-3962267.1501374813,561.520691471489,-3959832.0801416244,4.9988245999848,0.8173374613003096
1,4,65,20,1804,-3962474.7687652223,-3961621.8745389753,3428.507290888217,-3946678.6327788234,4.9446559000061825,0.8195718654434251
1,4,66,20,1824,-3962474.7687652223,-3959932.0832108967,5745.824912478968,-3946223.9094927646,4.559869399992749,0.8217522658610272
1,4,67,20,1844,-3962474.7687652223,-3961594.103248702,3538.593343775465,-3946172.301278161,4.6079009999812115,0.8238805970149253
1,4,68,20,1864,-3962474.7687652223,-3962133.2339961706,1121.8085388044826,-3957257.2189466823,4.930229599995073,0.8259587020648967
1,4,69,19,1883,-3962474.7687652223,-3961024.025360583,3824.65708570792,-3946232.02221266,4.844513999996707,0.8278879813302217
1,4,70,19,1902,-3962474.7687652223,-3962150.6932437434,1148.4964359006078,-3957281.1882843897,4.459938599989982,0.8297749567224466
1,4,71,19,1921,-3962474.7687652223,-3960691.5741548105,4961.691591053795,-3946087.711984882,4.495107399998233,0.83162100456621
1,4,72,19,1940,-3962474.7687652223,-3961579.663422236,3643.16948369634,-3946123.2661796752,4.4906125999987125,0.8334274421230943
1,4,73,19,1959,-3962474.7687652223,-3962428.4923932645,46.01078230974199,-3962307.651974838,4.616818200011039,0.835195530726257
1,4,74,19,1978,-3962474.7687652223,-3959875.257420176,5942.618385103953,-3946083.994255116,4.606431899999734,0.8369264787175235
1,4,75,18,1996,-3962474.7687652223,-3960357.020671867,5159.7596041050865,-3946138.2563945893,4.386167099990416,0.8385331143951834
1,4,76,18,2014,-3962474.7687652223,-3960630.4234579736,5095.261634140855,-3946207.0092649534,4.403184900002088,0.8401084010840109
1,4,77,18,2032,-3962474.7687652223,-3958808.5406682887,6770.930264631714,-3946109.1102324314,4.769328700000187,0.8416532474503489
1,4,78,18,2050,-3962474.7687652223,-3960337.06347063,5160.794577572856,-3946084.2370442785,4.382683600008022,0.8431685273790537
1,4,79,18,2068,-3962474.7687652223,-3962160.807809814,1180.4080323737683,-3957297.295670798,4.509967599995434,0.8446550816219063
1,4,80,18,2086,-3962474.7687652223,-3959740.122866771,6053.68354326252,-3946151.3173031807,4.427421300002607,0.8461137193531559
1,4,81,17,2103,-3962475.059976956,-3962465.014393737,14.250035396491539,-3962412.111827977,4.373757599998498,0.8474663908996898
1,4,82,17,2120,-3962475.363728266,-3962450.083122167,52.869269593820306,-3962288.198195992,4.3180076999997254,0.8487954894925679
1,4,83,17,2137,-3962475.434999371,-3961493.28594714,3838.6238800248493,-3946139.406600021,4.326628899987554,0.8501016260162602
1,4,84,17,2154,-3962475.434999371,-3960551.2023854274,5257.566627694768,-3946148.007413771,4.383526799996616,0.8513853904282116
1,4,85,17,2171,-3962475.434999371,-3960553.3821786274,5252.838299972036,-3946162.224967772,4.366592999984277,0.8526473526473527
1,4,86,17,2188,-3962475.434999371,-3961505.243030075,3836.431284967715,-3946159.8369124644,4.334474500006763,0.8538880633977216
1,4,87,17,2205,-3962475.4459658973,-3961502.2175359614,3844.1173590102285,-3946126.287883917,4.311591999983648,0.8551080550098232
1,4,88,16,2221,-3962475.4459658973,-3960107.895245588,5416.95769527604,-3946153.6322493255,3.219558999990113,0.8562378167641326
1,4,89,16,2237,-3962475.516685119,-3960808.360343978,4146.49061296229,-3946159.3100064117,3.6718095999967773,0.8573500967117988
1,4,90,16,2253,-3962475.516685119,-3960434.6495774603,5394.407538813225,-3946162.0980393495,3.7080616999883205,0.8584452975047985
1,4,91,16,2269,-3962475.516685119,-3961451.0995897017,3953.3580033095764,-3946139.82711895,3.6028824000095483,0.8595238095238096
1,4,92,16,2285,-3962475.516685119,-3961454.1407609335,3949.096300289429,-3946159.35724484,3.2767237999942154,0.860586011342155
1,4,93,16,2301,-3962475.5249906313,-3962148.6860042815,1254.2964213115522,-3957290.912357554,3.6973429000063334,0.8616322701688556
1,4,94,16,2317,-3962475.5474484824,-3962473.8475487074,2.477557150929168,-3962466.5926046073,3.307443300000159,0.8626629422718808
1,4,95,15,2332,-3962475.5474484824,-3962128.59657636,1292.256245928795,-3957293.4223132357,3.557436700008111,0.8636153490522422
1,4,96,15,2347,-3962475.5474484824,-3961386.689698624,4070.2893618411617,-3946157.0623408724,3.565144299995154,0.86455463728191
1,4,97,15,2362,-3962475.5474484824,-3962474.815553037,0.9300219952331262,-3962471.694894949,3.2322945999912918,0.8654810761513908
1,4,98,15,2377,-3962475.5692947116,-3962474.034808944,2.3890572227546376,-3962465.848598039,3.2060435000166763,0.8663949275362319
1,4,99,15,2392,-3962475.5692947116,-3962474.0392520474,2.7730829337749503,-3962464.237799026,3.580894399987301,0.8672964462438146
1,4,100,15,2407,-3962475.5692947116,-3961387.2413886297,4070.9868839000405,-3946155.0032715183,3.1793527000118047,0.8681858802502234
1,4,101,15,2422,-3962475.5692947116,-3958122.9701781822,7215.759848565954,-3946152.1806108225,3.2499516000098083,0.869063470927652
1,4,102,14,2436,-3962475.5692947116,-3962474.2024029014,1.508266801999038,-3962471.5079154633,3.6162098000058904,0.8698720776356418
1,4,103,14,2450,-3962475.5692947116,-3961307.9358213022,4205.025009974836,-3946146.5050772727,3.11830679999548,0.870670758439281
1,4,104,14,2464,-3962475.5692947116,-3962474.9639694095,0.9921682550311862,-3962471.872015275,3.102999299997464,0.8714596949891068
1,4,105,14,2478,-3962475.5692947116,-3962474.25683288,3.716641758644261,-3962460.9105596337,3.3911782999930438,0.8722390645300996
1,4,106,14,2492,-3962475.5692947116,-3962105.393227257,1332.606212614256,-3957300.6136493906,3.0973578999983147,0.8730090400344382
1,4,107,14,2506,-3962475.5692947116,-3961309.6710942304,4202.934695923371,-3946155.7745596543,3.43218900001375,0.8737697903294822
1,4,108,14,2520,-3962475.5692947116,-3962474.81247075,0.9568240015790347,-3962472.4321120344,3.397464100009529,0.8745214802211825
1,4,109,14,2534,-3962475.5692947116,-3962474.980838402,0.5997040173901713,-3962473.5156068318,3.5212531999859493,0.8752642706131079
1,4,110,13,2547,-3962475.5692947116,-3958709.3482638057,6875.1615908476215,-3946156.007611096,3.264737499994226,0.875946173254836
1,4,111,13,2560,-3962475.5692947116,-3962474.563272622,2.4655684384727627,-3962466.102043582,3.3172252000076696,0.876620660811376
1,4,112,13,2573,-3962475.5692947116,-3961220.2461260674,4345.785303131984,-3946166.0048358124,2.979191200021887,0.877287853577371
1,4,113,13,2586,-3962475.5692947116,-3961219.939455201,4348.348469661043,-3946156.8187296204,3.050747400004184,0.8779478692594125
1,4,114,13,2599,-3962475.569921728,-3962475.1035261774,0.6467036795062575,-3962473.27345581,3.0098529000242706,0.8786008230452675
1,4,115,13,2612,-3962475.575425472,-3962475.2432357846,0.5901831910007982,-3962473.409112094,3.1127577000006568,0.8792468276708965
1,4,116,13,2625,-3962475.575425472,-3962077.1074509765,1379.2559510176727,-3957299.224964164,3.0733891999989282,0.879885993485342
1,4,117,13,2638,-3962475.575425472,-3959964.71715721,5887.6180517047205,-3946156.8399465904,3.0167113000061363,0.8805184285135682
1,4,118,13,2651,-3962475.575425472,-3960821.7244379544,4451.434671409876,-3946155.1758865044,5.899360899988096,0.8811442385173247
1,4,119,12,2663,-3962475.57791966,-3962475.0608522533,0.544324949676344,-3962473.86228225,2.6104366999934427,0.8817161186848437
1,4,120,12,2675,-3962475.57791966,-3961612.5165120154,1928.607170108616,-3957299.4460928515,3.243484000005992,0.8822825219473264
1,4,121,12,2687,-3962475.57791966,-3962044.141159046,1430.1818090502145,-3957300.7648622356,3.249255100003211,0.8828435266084194
1,4,122,12,2699,-3962475.5815693215,-3962044.2034686008,1430.542798402569,-3957299.6297634654,2.9286703999969177,0.883399209486166
1,4,123,12,2711,-3962475.5815693215,-3961181.1784706325,2241.7390715261904,-3957297.101898674,2.9864735000010114,0.8839496459480723
1,4,124,12,2723,-3962475.5815693215,-3960319.062825706,2551.5520897914253,-3957298.6821484137,2.940067099989392,0.884494909945184
1,4,125,12,2735,-3962475.5815693215,-3962044.2126296535,1430.1852820582299,-3957300.8246968016,3.2706629000022076,0.8850350740452065
1,4,126,12,2747,-3962475.5815693215,-3960750.3468605005,2439.3567025747416,-3957299.420182664,2.8993728999921586,0.8855702094647013
1,4,127,12,2759,-3962475.5815693215,-3961612.689663917,1929.0923728693476,-3957298.9598622713,2.936603800015291,0.8861003861003861
1,4,128,11,2770,-3962475.5815693215,-3962004.695384847,1488.309253600677,-3957298.2483321466,2.876458200014895,0.8865820838139177
1,4,129,11,2781,-3962475.5815693215,-3961534.1764139016,1996.3187332153234,-3957299.0393256973,2.839101399993524,0.8870597243491577
1,4,130,11,2792,-3962475.5815693215,-3961063.9455911038,2304.9592266819222,-3957299.5739260446,3.0286502000235487,0.8875333587495234
1,4,131,11,2803,-3962475.5815693215,-3959652.010836595,2577.2168678782064,-3957298.000513157,2.932794799999101,0.8880030372057707
1,4,132,11,2814,-3962475.5815693215,-3962004.9935178007,1488.0107458329721,-3957299.4903807472,3.2781944000162184,0.888468809073724
1,4,133,11,2825,-3962475.5815693215,-3962005.005307773,1487.9799053141044,-3957299.5996958483,2.8624538000149187,0.8889307228915663
1,4,134,11,2836,-3962475.5815693215,-3961063.729658212,2304.852666733385,-3957299.3209396284,2.8259016999800224,0.8893888263967004
1,4,135,11,2847,-3962475.5815693215,-3961064.0669641998,2304.790866618163,-3957299.8489339575,2.827886099985335,0.8898431665421956
1,4,136,11,2858,-3962475.5815693215,-3962475.5432864497,0.06476503307208646,-3962475.3424144685,2.8924756000051275,0.89029378951283
1,4,137,11,2869,-3962475.5815693215,-3962475.4599202485,0.1303716842938187,-3962475.2130094934,2.8372684000059962,0.8907407407407407
1,4,138,10,2879,-3962475.5815693215,-3962475.5361505994,0.062422284828500006,-3962475.3579986654,2.7401980999857187,0.8911439114391144
1,4,139,10,2889,-3962475.5815693215,-3962475.5289517245,0.08444169796019631,-3962475.349523129,3.124337099987315,0.8915441176470589
1,4,140,10,2899,-3962475.5815693215,-3962475.5028058947,0.09821835919523982,-3962475.2590104137,3.104584899992915,0.891941391941392
1,4,141,10,2909,-3962475.5815693215,-3961957.9813115085,1552.6799257642722,-3957299.941535648,2.691756499989424,0.8923357664233577
1,4,142,10,2919,-3962475.5815693215,-3961957.876439354,1552.6866074554578,-3957299.816635318,2.728217700001551,0.8927272727272727
1,4,143,10,2929,-3962475.5815693215,-3962475.5213823603,0.0900436366003653,-3962475.2899519,2.7546413999807555,0.8931159420289855
1,4,144,10,2939,-3962475.5815693215,-3961957.883832188,1552.8877712818244,-3957299.220525399,2.7448073999839835,0.8935018050541517
1,4,145,10,2949,-3962475.5815693215,-3961440.299228902,2070.294127786423,-3957299.658565577,2.761216599988984,0.8938848920863309
1,4,146,10,2959,-3962475.5815693215,-3962475.5454881266,0.02437657109200103,-3962475.5144643076,2.7789489999995567,0.8942652329749103
1,4,147,10,2969,-3962475.5815693215,-3962475.524361018,0.07084985495683033,-3962475.3697528187,2.7475922999728937,0.8946428571428572
1,4,148,10,2979,-3962475.5815693215,-3961957.971489956,1552.6357924747413,-3957300.0641182903,2.7875520999950822,0.895017793594306
1,4,149,10,2989,-3962475.5815693215,-3962475.550388838,0.05454677398580245,-3962475.403424531,3.094468199997209,0.8953900709219859
1,4,150,9,2998,-3962475.5815693215,-3962475.548694124,0.05125067076735201,-3962475.4074435066,3.04004600000917,0.895722870272181
1,4,151,9,3007,-3962475.5815693215,-3961900.4462099513,1626.6239409099762,-3957299.65893621,2.5746242000022903,0.8960535588442565
1,4,152,9,3016,-3962475.5815693215,-3962475.5312181283,0.06177914452653694,-3962475.401776772,2.652720300015062,0.8963821566561293
1,4,153,9,3025,-3962475.5815693215,-3962475.5612166426,0.031708113322664155,-3962475.4740740154,2.6736685000068974,0.8967086834733894
1,4,154,9,3034,-3962475.5815693215,-3961900.45679379,1626.6340252696273,-3957299.640995277,2.62359619999188,0.8970331588132635
1,4,155,9,3043,-3962475.5815693215,-3962475.550172324,0.03712576984768023,-3962475.484487945,2.64679719999549,0.8973556019485038
1,4,156,9,3052,-3962475.5815693215,-3961900.4096072083,1626.719513955157,-3957299.3520124573,2.624704699992435,0.8976760319112036
1,4,157,9,3061,-3962475.5815693215,-3962475.572633394,0.008077830105113572,-3962475.55379764,3.0157046999956947,0.8979944674965422
1,4,158,9,3070,-3962475.5815693215,-3961900.3904317915,1626.8155915074212,-3957299.061086701,2.652246699988609,0.8983109272664599
1,4,159,9,3079,-3962475.5815693215,-3962475.535819307,0.09478559015609589,-3962475.272524478,2.670490400021663,0.8986254295532646
1,4,160,9,3088,-3962475.5815693215,-3962475.541606156,0.061509888243616764,-3962475.421696523,2.6892559000116307,0.8989379924631723
1,4,161,9,3097,-3962475.5815693215,-3961900.460346414,1626.6608655594923,-3957299.5686315596,2.685736999992514,0.8992486338797814
1,4,162,8,3105,-3962475.5815693215,-3962475.5555496183,0.04186568837046475,-3962475.445837291,1.5408689999894705,0.8995231607629428
1,4,163,8,3113,-3962475.5815693215,-3962475.555265298,0.05618095636614807,-3962475.4068264235,1.6652772999950685,0.899796195652174
1,4,164,8,3121,-3962475.5815693215,-3961181.6277879905,2241.1843358541773,-3957299.633084949,1.9415489000093658,0.9000677506775068
1,4,165,8,3129,-3962475.5815693215,-3962475.573364597,0.004594346506714385,-3962475.5657095555,1.6358053000003565,0.9003378378378378
1,4,166,8,3137,-3962475.5815693215,-3962475.5492384853,0.03021862296242115,-3962475.480051635,1.6486077999870759,0.9006064690026954
1,4,167,8,3145,-3962475.5815693215,-3960435.7057760963,5396.989169035758,-3946156.6146063227,2.034793400001945,0.9008736559139785
1,4,168,8,3153,-3962475.5815693215,-3962475.568059808,0.012123563754802377,-3962475.5484799817,2.055327000009129,0.9011394101876675
1,4,169,8,3161,-3962475.5816922914,-3962475.5650821254,0.02780427883629697,-3962475.4946080763,1.9853508999804035,0.901403743315508
1,4,170,8,3169,-3962475.5816922914,-3962475.5643094145,0.01698517947374946,-3962475.528509587,1.6423278999864124,0.9016666666666666
1,4,171,8,3177,-3962475.5816922914,-3962475.573637114,0.004654198192118655,-3962475.564711515,2.038205899996683,0.9019281914893617
1,4,172,8,3185,-3962475.5816922914,-3962475.577074548,0.0031330025748701794,-3962475.5719079617,1.6849975000077393,0.9021883289124668
1,4,173,8,3193,-3962475.5816922914,-3962475.5733552016,0.012728521221534632,-3962475.5399425365,1.6586017000081483,0.90244708994709
1,4,174,8,3201,-3962475.5816922914,-3962475.5729841036,0.010796678245062545,-3962475.545290893,1.659157599991886,0.9027044854881267
1,4,175,8,3209,-3962475.5816922914,-3962475.569085975,0.013016290677224126,-3962475.5397995263,2.0157724000164308,0.9029605263157895
1,4,176,7,3216,-3962475.5816922914,-3962475.5723955394,0.006740490210328007,-3962475.559353983,1.531632999976864,0.9031834591401379
1,4,177,7,3223,-3962475.5816922914,-3962475.574905398,0.007445080333862165,-3962475.5610922202,1.544226099998923,0.9034053700065487
1,4,178,7,3230,-3962475.5816922914,-3962475.577223485,0.004403651232991851,-3962475.5667058006,1.5543461999914143,0.9036262659261679
1,4,179,7,3237,-3962475.5816922914,-3962475.5780696147,0.002241164207817744,-3962475.574340865,1.9161665000137873,0.9038461538461539
1,4,180,7,3244,-3962475.5816922914,-3962475.576535672,0.004661840769371792,-3962475.5668574963,1.8868868999998085,0.9040650406504065
1,4,181,7,3251,-3962475.5816922914,-3962475.566933501,0.014604203758882973,-3962475.5439862646,1.908604500000365,0.9042829331602855
1,4,182,7,3258,-3962475.5816922914,-3962475.5725549594,0.007882657027667675,-3962475.553789636,1.5469383000163361,0.9044998381353189
1,4,183,7,3265,-3962475.5816922914,-3962475.5432336973,0.07682274433837842,-3962475.3557657357,1.846561499987729,0.9047157622739018
1,4,184,7,3272,-3962475.5816922914,-3962475.5691489642,0.009274714273044422,-3962475.554648664,1.833000099984929,0.9049307122139865
1,4,185,7,3279,-3962475.5816922914,-3962475.5686700246,0.016122104372763534,-3962475.5300007835,1.543672300002072,0.905144694533762
1,4,186,7,3286,-3962475.5816922914,-3962475.5758429966,0.0051455730408651035,-3962475.565068925,1.5470086999994237,0.9053577157523259
1,4,187,7,3293,-3962475.5816922914,-3962475.575356222,0.0036585600065537917,-3962475.5668505263,1.553787699987879,0.9055697823303457
1,4,188,7,3300,-3962475.5816922914,-3962475.558163133,0.03967605160491883,-3962475.4617056567,1.5711170000140555,0.9057809006707123
1,4,189,7,3307,-3962475.5816922914,-3962475.5663043773,0.017670042396597137,-3962475.526365049,1.5449785999953747,0.9059910771191841
1,4,190,7,3314,-3962475.5816922914,-3962475.561792185,0.03074546005941293,-3962475.4869367033,1.9150398999918252,0.9062003179650239
1,4,191,7,3321,-3962475.5816922914,-3962475.571381061,0.005499186927932878,-3962475.5626572184,1.8313423999934457,0.9064086294416244
1,4,192,6,3327,-3962475.5816922914,-3962475.5706908577,0.014051304749407629,-3962475.5401530117,1.8304566000006162,0.9065864471184294
1,4,193,6,3333,-3962475.5816922914,-3959755.783854333,6081.608477853188,-3946156.8938853666,1.7759181000001263,0.906763590391909
1,4,194,6,3339,-3962475.5816922914,-3962475.568154371,0.011082111988620327,-3962475.552160319,1.737042399996426,0.9069400630914827
1,4,195,6,3345,-3962475.5816922914,-3962475.517270606,0.08831793347091174,-3962475.3496224303,1.4195185999851674,0.9071158690176322
1,4,196,6,3351,-3962475.5816922914,-3962475.576069102,0.004245257753781217,-3962475.5673300326,1.462516700004926,0.9072910119421748
1,4,197,6,3357,-3962475.5816922914,-3962475.575474938,0.00827243449144481,-3962475.558178235,1.779931500001112,0.907465495608532
1,4,198,6,3363,-3962475.5816922914,-3959755.7917743684,6081.616651845647,-3946156.88352775,1.4305966999963857,0.9076393237319975
1,4,199,6,3369,-3962475.5816922914,-3959755.7933361977,6081.6087984718715,-3946156.902650263,1.4564798999927007,0.9078125
1,4,200,6,3375,-3962475.5816922914,-3962475.554628927,0.03722677465687979,-3962475.475554131,1.799118199996883,0.9079850280723644
1,4,201,6,3381,-3962475.5816922914,-3957036.012895696,7692.705847320845,-3946156.8832052033,1.428858700004639,0.9081569115815691
1,4,202,6,3387,-3962475.5816922914,-3962475.5756720253,0.002960883815707675,-3962475.5696496274,1.4561785999976564,0.9083281541330018
1,4,203,6,3393,-3962475.5816922914,-3962475.573648721,0.004012239904301825,-3962475.5680623315,1.4516516999865416,0.908498759305211
1,4,204,6,3399,-3962475.5816922914,-3962475.5770874373,0.003291032708330314,-3962475.5721402448,1.444630900019547,0.9086687306501547
1,4,205,6,3405,-3962475.5816922914,-3958893.151953804,6001.186840971033,-3946156.9282107875,1.779383900022367,0.9088380716934487
1,4,206,6,3411,-3962475.5816922914,-3962475.5731031024,0.008212185340723967,-3962475.561089093,1.4256169000000227,0.9090067859346083
1,4,207,6,3417,-3962475.5816922914,-3962475.5748817236,0.005196467407034467,-3962475.566541793,1.835350200009998,0.9091748768472906
1,4,208,6,3423,-3962475.5816922914,-3961612.920050441,1928.954833686277,-3957299.645916801,1.7758270000049379,0.9093423478795328
1,4,209,6,3429,-3962475.5816922914,-3962475.559844392,0.03344392814858122,-3962475.4889063947,1.7975685999845155,0.9095092024539877
1,4,210,6,3435,-3962475.5816922914,-3962475.559146378,0.02733166014892136,-3962475.5063151848,1.425628400000278,0.9096754439681568
1,4,211,5,3440,-3962475.5816922914,-3959211.8391623897,6527.477229150414,-3946156.884704089,1.3605685000075027,0.9098135126872516
1,4,212,5,3445,-3962475.5816922914,-3962475.5727901245,0.005703281398798168,-3962475.562501725,1.354462399991462,0.9099511599511599
1,4,213,5,3450,-3962475.5816922914,-3962475.5761266598,0.0034248034679199694,-3962475.5696189757,1.3551305000146385,0.9100883876866809
1,4,214,5,3455,-3962475.5816922914,-3962475.5788589017,0.0017977658524405199,-3962475.5766440947,1.6889615000109188,0.9102251978088862
1,4,215,5,3460,-3962475.5816922914,-3959211.9112986205,6527.319053780957,-3946157.2731910646,1.3479507000010926,0.9103615922212094
1,4,216,5,3465,-3962475.5816922914,-3959211.8412953457,6527.469725626569,-3946156.9018440936,1.3725152000261005,0.910497572815534
1,4,217,5,3470,-3962475.5816922914,-3959211.8334757565,6527.471201598921,-3946156.8910725676,1.6750737000256777,0.9106331414722811
1,4,218,5,3475,-3962475.5816922914,-3962475.5788848996,0.0011193034900176815,-3962475.5772195794,1.3339683999947738,0.910768300060496
1,4,219,5,3480,-3962475.5816922914,-3962475.572086488,0.003904751344284995,-3962475.567015415,1.350085999991279,0.9109030504379342
1,4,220,5,3485,-3962475.5816922914,-3959211.84211626,6527.475620200488,-3946156.890875859,1.3649180999782402,0.911037394451146
1,4,221,5,3490,-3962475.5816922914,-3962475.579424163,0.00284139495679956,-3962475.574574597,1.3619557000056375,0.9111713339355616
1,4,222,5,3495,-3962475.5816922914,-3959211.8441630034,6527.473227246538,-3946156.897708511,1.7002521000104025,0.9113048707155743
1,4,223,5,3500,-3962475.5816922914,-3962475.5762191014,0.003910782914014239,-3962475.570084505,1.65239480001037,0.9114380066046233
1,4,224,5,3505,-3962475.5816922914,-3960405.174706971,2535.716292342829,-3957299.500609616,1.6700683999806643,0.9115707434052758
1,4,225,5,3510,-3962475.5816922914,-3961440.3909438387,2070.3724636562115,-3957299.6460165344,1.3341689000080805,0.9117030829093086
1,4,226,5,3515,-3962475.5816922914,-3961440.391441612,2070.368596676442,-3957299.6542482767,1.738192999997409,0.9118350268977884
1,4,227,5,3520,-3962475.5816922914,-3958334.7720737085,2070.402147835302,-3957299.4915299937,1.3437772000033874,0.9119665771411519
1,4,228,5,3525,-3962475.5816922914,-3960405.1778043285,2535.7070563736056,-3957299.475950619,1.350769799988484,0.9120977353992848
1,4,229,5,3530,-3962475.5816922914,-3961440.3995185434,2070.3543781621966,-3957299.6907622237,1.358907400019234,0.9122285034216007
1,4,230,5,3535,-3962475.5816922914,-3961440.3920933767,2070.373084609059,-3957299.6459241603,1.3475204999849666,0.9123588829471182
1,4,231,5,3540,-3962475.5816922914,-3961440.3947664723,2070.366986966541,-3957299.660792548,1.729599500016775,0.9124888757045387
1,4,232,5,3545,-3962475.5816922914,-3962475.5643861694,0.02075618060637408,-3962475.5243161507,1.3478228999883868,0.9126184834123223
1,4,233,4,3549,-3962475.5816922914,-3962475.578955053,0.0028051511426495025,-3962475.574977938,1.28790399999707,0.9127218934911243
1,4,234,4,3553,-3962475.5816922914,-3962475.575812371,0.005868889309161957,-3962475.5684879962,1.2758124000101816,0.9128250591016549
1,4,235,4,3557,-3962475.5816922914,-3959887.584915964,2587.988358456667,-3957299.500612939,1.2743279999995138,0.9129279811097993
1,4,236,4,3561,-3962475.5816922914,-3961181.6077500335,2241.2246885275563,-3957299.692718329,1.5899930000014137,0.9130306603773585
1,4,237,4,3565,-3962475.5816938207,-3961181.5557829053,2241.314542137668,-3957299.485120183,1.2605903000221588,0.9131330977620731
1,4,238,4,3569,-3962475.5816938207,-3962475.5767146423,0.005416975349106825,-3962475.5686007794,1.2848318000033032,0.913235294117647
1,4,239,4,3573,-3962475.5816975646,-3961181.604134232,2241.230894183622,-3957299.6783540156,1.2831465000053868,0.913337250293772
1,4,240,4,3577,-3962475.5816975646,-3961181.6081321007,2241.2278959150913,-3957299.687545035,1.6098360000178218,0.9134389671361502
1,4,241,4,3581,-3962475.5816975646,-3961181.6080771172,2241.225602936631,-3957299.691461608,1.2473722000140697,0.9135404454865181
1,4,242,4,3585,-3962475.5816975646,-3962475.581549537,0.00018586498724457745,-3962475.5812288225,1.2861113999970257,0.9136416861826698
1,4,243,4,3589,-3962475.5816975646,-3962475.578844799,0.004818320547216349,-3962475.570500266,1.286797500011744,0.9137426900584795
1,4,244,4,3593,-3962475.5816975646,-3961181.6094287303,2241.225651085681,-3957299.6927298233,1.6106412000081036,0.9138434579439252
1,4,245,4,3597,-3962475.5816975646,-3961181.6084024278,2241.225035418367,-3957299.692769889,1.647366899996996,0.9139439906651109
1,5,0,36,36,-1665873.123130937,66824672.575544186,53667435.107771546,197753731.4885634,57.099637700011954,0.21428571428571427
1,5,1,36,72,-1665873.123130937,40795053.23814431,51206240.328973554,197553163.8410079,50.41725349999615,0.19298245614035087
1,5,2,35,107,-1665873.123130937,24810482.927563667,34527648.37938706,142222171.8157392,40.70160619998933,0.1728395061728395
1,5,3,35,142,-2049430.3924563527,16312013.267141178,27348918.899327714,107691674.36235914,36.79353620001348,0.15151515151515152
1,5,4,35,177,-2049430.3924563527,9774446.804162296,15774463.628579117,55993061.15324061,37.4948039999872,0.1440677966101695
1,5,5,34,211,-2049430.3924563527,3140712.6689168373,5413785.075302473,23054337.85400421,36.92056729999604,0.13768115942028986
1,5,6,34,245,-2743879.0979741514,4242938.393881872,6700731.634893289,24419288.291631743,28.433009699976537,0.15584415584415584
1,5,7,34,279,-3180469.2535402775,1991059.4023612952,4601598.891977219,21692544.126397744,36.40690629999153,0.16666666666666666
1,5,8,34,313,-3269818.901217032,3649094.719214542,7256553.259886105,32005973.64690932,28.726621100009652,0.1875
1,5,9,33,346,-3269818.901217032,1021249.5238440678,4842285.810520388,19876726.79053934,32.58937200001674,0.2361111111111111
1,5,10,33,379,-3546793.6815039106,-29919.739974834647,2545504.6019097012,7982547.661782167,37.704403200012166,0.2594142259414226
1,5,11,33,412,-3546793.6815039106,3013238.4804200823,7515686.814727062,23830345.0159567,31.0481557000021,0.2796934865900383
1,5,12,32,444,-3944134.7200094387,194648.5654631039,4637480.637596573,16838088.450373918,37.53173260000767,0.314878892733564
1,5,13,32,476,-3944134.7200094387,-765418.4837413927,3478415.6199924466,8175332.954116323,37.61544020002475,0.33015873015873015
1,5,14,32,508,-3948551.763571944,-2442521.0235598087,1523414.7114935503,2590773.877958159,33.862214900000254,0.3681159420289855
1,5,15,31,539,-3948551.763571944,-1647308.7226141714,3763505.079407144,16676554.90662792,26.75238800002262,0.4032258064516129
1,5,16,31,570,-3948551.763571944,-222564.6157444536,4613444.169163427,12252262.61926693,34.14770739999949,0.425
1,5,17,31,601,-3948551.763571944,-1039834.6844239275,3736958.707976063,9453469.173666414,26.477649400010705,0.45560747663551404
1,5,18,31,632,-3948551.763571944,-544563.99557681,4860227.104381582,12772752.640708098,28.628217399993446,0.48464912280701755
1,5,19,30,662,-3948551.763571944,-2110019.0132575566,3929252.4246831336,14978762.031908683,26.752632999996422,0.5082644628099173
1,5,20,30,692,-3948551.763571944,-2493685.469982986,2787582.822608455,8899100.126894562,28.396069400012493,0.5341130604288499
1,5,21,30,722,-3948551.763571944,-3324175.235028751,920536.805324884,417569.64492330886,25.162341999995988,0.5580110497237569
1,5,22,30,752,-3955590.8130893465,-3656873.19022356,491399.6876850869,-1626850.498349117,24.848769999982323,0.581151832460733
1,5,23,29,781,-3956804.606208533,-3605364.461911421,810750.3900132335,549699.8251239881,23.073308999999426,0.5996677740863787
1,5,24,29,810,-3956804.606208533,-3034478.214189084,1902076.4313297712,2355131.2941017505,22.480818900017766,0.6164817749603804
1,5,25,29,839,-3956804.606208533,-3818784.940753898,138597.4107632713,-3348118.4163525663,23.039381400012644,0.6333333333333333
1,5,26,29,868,-3957217.183213029,-3513925.36651124,1783940.1935971344,5883197.284851482,21.022274999995716,0.6473149492017417
1,5,27,28,896,-3957217.183213029,-3901668.021597778,73603.16988485328,-3548545.3326377273,18.833715000015218,0.6610878661087866
1,5,28,28,924,-3961177.690659616,-3161791.7239800496,1637914.4691363205,1705817.426142782,17.92480149999028,0.6738255033557047
1,5,29,28,952,-3961177.690659616,-3805203.745889791,561693.6171335289,-898021.7624528147,17.961940899986075,0.685640362225097
1,5,30,28,980,-3961177.690659616,-3931742.5867229775,41029.34577312256,-3733839.6690481063,12.78319570000167,0.6966292134831461
1,5,31,27,1007,-3961177.690659616,-3749326.6607797947,983296.9964784994,1264078.6509507624,12.49911790000624,0.7065217391304348
1,5,32,27,1034,-3961917.1182622164,-3613810.9765113806,1641845.3546326945,4756603.117376097,11.987904800014803,0.7157894736842105
1,5,33,27,1061,-3961917.1182622164,-3945146.184240698,12492.063837619258,-3900755.5398375113,11.773683100007474,0.7244897959183674
1,5,34,27,1088,-3961917.1182622164,-3936574.9582386073,55810.85554219209,-3707844.8012870234,12.704420299996855,0.7326732673267327
1,5,35,26,1114,-3962158.797782287,-3949162.570108151,12515.60506376719,-3918814.432264123,7.090548000007402,0.7401069518716578
1,5,36,26,1140,-3962158.797788257,-3951102.8738064594,9734.073005435712,-3922703.0917556584,8.599557999987155,0.7471383975026015
1,5,37,26,1166,-3962158.797788257,-3951758.4252812765,10018.287031709004,-3922175.4025207646,9.379073199990671,0.7537993920972644
1,5,38,26,1192,-3962158.797788257,-3954545.550419818,6770.133185692795,-3937292.914122887,6.095813199994154,0.7601184600197434
1,5,39,25,1217,-3962218.912784813,-3955939.1205096226,5616.852223532019,-3941418.324994335,8.572995199996512,0.7658959537572254
1,5,40,25,1242,-3962319.304823054,-3957263.2078883694,6644.722755235446,-3931257.2036397066,5.763462200004142,0.7714016933207902
1,5,41,25,1267,-3962322.1268277206,-3956896.899278002,7794.362260879458,-3925558.7089225594,6.004568999982439,0.7766544117647058
1,5,42,25,1292,-3962322.1268277206,-3955495.5154994465,8531.978261372065,-3930843.1472595334,5.960055899980944,0.7816711590296496
1,5,43,25,1317,-3962366.947053386,-3957136.400944897,8994.789146610174,-3916736.5542354845,6.0160595000197645,0.7864674868189807
1,5,44,24,1341,-3962366.947053386,-3959474.2963233567,3057.815853796407,-3952543.9483738057,5.299230699980399,0.7908777969018933
1,5,45,24,1365,-3962378.9984224495,-3960126.2803962925,2142.1582883085857,-3955906.3269006237,5.276162900001509,0.7951096121416527
1,5,46,24,1389,-3962378.9984224495,-3959134.93943535,6132.666264917018,-3935270.2316256817,5.268411700002616,0.7991735537190082
1,5,47,24,1413,-3962395.930497106,-3958129.5912928437,7296.810923352594,-3928048.256641986,5.366822699987097,0.8030794165316045
1,5,48,23,1436,-3962415.3650878724,-3961140.652857934,2187.7621401704455,-3952905.126934793,5.313896100007696,0.8066825775656324
1,5,49,23,1459,-3962415.3650878724,-3960978.4579315167,1815.118905979586,-3956877.126621969,4.900900100008585,0.81015625
1,5,50,23,1482,-3962418.294021599,-3961830.505015564,1273.688744004763,-3956359.840551574,5.197459599992726,0.8135072908672295
1,5,51,23,1505,-3962457.1052369475,-3961646.092604844,1279.3507837653094,-3956889.34780089,5.186453200003598,0.8167420814479638
1,5,52,23,1528,-3962475.225389015,-3961678.8533840496,1581.0014638789855,-3956795.3262640517,5.2761027999804355,0.8198665678280208
1,5,53,22,1550,-3962475.22539814,-3961480.8093779385,1754.164845382358,-3957084.418260768,5.006970799993724,0.8227571115973742
1,5,54,22,1572,-3962475.22539814,-3961917.7200563657,1113.6216086176298,-3957093.996654941,5.0900530999933835,0.8255563531945441
1,5,55,22,1594,-3962475.22539814,-3962358.491874608,84.23404590881451,-3962148.0572379995,4.84879479999654,0.8282685512367491
1,5,56,22,1616,-3962475.22539814,-3962060.543261507,1060.2981844095982,-3957264.8339713495,5.170207699993625,0.8308977035490606
1,5,57,22,1638,-3962475.22539814,-3961887.466605034,1466.028116070773,-3957187.3215178717,4.716587700007949,0.8334475668265936
1,5,58,21,1659,-3962475.22539814,-3962124.3030813797,1105.8379802576346,-3957200.930213861,5.0771405000123195,0.8358108108108108
1,5,59,21,1680,-3962475.22539814,-3962134.254260468,1097.7064459046387,-3957235.722690927,4.676995700021507,0.8381079280479681
1,5,60,21,1701,-3962475.22539814,-3961883.261821055,1524.2741025785845,-3957187.459329115,4.9553280000109226,0.8403416557161629
1,5,61,21,1722,-3962475.22539814,-3962152.0110735735,1079.9130664644372,-3957336.246207118,4.974651700002141,0.8425145819831497
1,5,62,21,1743,-3962475.22539814,-3962161.7549035675,1091.899669594845,-3957286.6726285666,5.0351557999965735,0.8446291560102301
1,5,63,21,1764,-3962475.22539814,-3961339.656796343,3581.149324532538,-3946073.9286998324,4.6913069000002,0.8466876971608833
1,5,64,20,1784,-3962475.4683834594,-3962400.363191647,116.67199703248268,-3962003.505113175,4.5711161000072025,0.8485981308411215
1,5,65,20,1804,-3962475.4683834594,-3961362.0748122917,3663.1885551430687,-3946142.9531675056,6.160748099995544,0.8504615384615385
1,5,66,20,1824,-3962475.4683834594,-3962164.3922982663,1116.682130823489,-3957309.5226436835,4.855478999990737,0.8522796352583587
1,5,67,20,1844,-3962475.4683834594,-3961388.7235018737,2051.490178870291,-3957201.7475554105,4.581332200003089,0.8540540540540541
1,5,68,20,1864,-3962475.4683834594,-3961905.909120976,1547.0427909058083,-3957256.1640109904,4.578740099997958,0.8557863501483679
1,5,69,19,1883,-3962475.4683834594,-3961620.9535431727,1888.0768402540698,-3957160.504596887,4.519225900003221,0.8573943661971831
1,5,70,19,1902,-3962475.4683834594,-3961918.013966897,1585.7254620530018,-3957286.455698792,4.921597100008512,0.8589669181659896
1,5,71,19,1921,-3962475.4683834594,-3961646.9714614465,1881.711264952081,-3957291.3116141874,4.4764456000120845,0.8605051664753157
1,5,72,19,1940,-3962475.4683834594,-3961646.4783688947,1888.215700579055,-3957274.3961716257,4.543161700014025,0.8620102214650767
1,5,73,19,1959,-3962475.4862188976,-3960559.4693761673,2489.5066988118706,-3957250.979245549,4.81738839999889,0.8634831460674157
1,5,74,19,1978,-3962475.4862188976,-3961636.3639621893,1885.029530003452,-3957278.948161941,4.551757400011411,0.8649249583101724
1,5,75,18,1996,-3962475.4862188976,-3961893.342330625,1626.6414145244826,-3957288.9726876207,4.449379199999385,0.8662630709961475
1,5,76,18,2014,-3962475.486224618,-3960742.1325304857,2443.7988709508536,-3957235.1283775717,4.37827039998956,0.867574931880109
1,5,77,18,2032,-3962475.532990653,-3962468.903036831,12.512700119510392,-3962420.9418347757,4.4286781000264455,0.868861305990286
1,5,78,18,2050,-3962475.532990653,-3961304.5783132655,2143.872129305596,-3957267.7546312194,4.398417900025379,0.8701229289150187
1,5,79,18,2068,-3962475.532990653,-3961033.964081365,2319.109640331413,-3957287.4862931743,4.422284300002502,0.8713605082053997
1,5,80,18,2086,-3962475.532990653,-3962185.19922666,1189.1636303382068,-3957282.159884995,4.430819000001065,0.8725747246984793
1,5,81,17,2103,-3962475.532990653,-3961555.62609783,1972.2765264341826,-3957287.0333225895,4.743315300001996,0.8737006237006237
1,5,82,17,2120,-3962475.5404036734,-3962172.1883674324,1210.326930525877,-3957330.881821152,4.275047500006622,0.874806800618238
1,5,83,17,2137,-3962475.5404036734,-3961865.733930397,1667.0094994363565,-3957300.4281910453,4.290974499977892,0.8758937691521961
1,5,84,17,2154,-3962475.5404036734,-3962169.738067512,1217.8870754903,-3957298.194543721,4.321090500015998,0.8769620253164557
1,5,85,17,2171,-3962475.559374206,-3962170.2510894747,1216.5292839342278,-3957304.136231547,4.414256999996724,0.8780120481927711
1,5,86,17,2188,-3962475.559374206,-3962473.8746445724,2.470171244084761,-3962466.5895802677,4.664181599975564,0.879044300647088
1,5,87,17,2205,-3962475.559374206,-3962473.798695014,2.8234773597388054,-3962464.8709110916,4.233963999984553,0.8800592300098716
1,5,88,16,2221,-3962475.559374206,-3962150.0774041135,1253.0153874080222,-3957297.2010939084,3.582989499991527,0.8809990205680706
1,5,89,16,2237,-3962475.559374206,-3961827.0530564766,1710.740354708091,-3957294.656200785,3.2909010000003036,0.8819241982507289
1,5,90,16,2253,-3962475.568059966,-3962151.441520436,1251.054173426958,-3957306.144525716,3.7023138999938965,0.8828351012536162
1,5,91,16,2269,-3962475.568059966,-3961827.0745071876,1714.2664085167537,-3957289.3665216304,3.6162039000191726,0.8837320574162679
1,5,92,16,2285,-3962475.568059966,-3962474.929682523,1.3663410624999732,-3962469.7521931473,3.6729508999851532,0.8846153846153846
1,5,93,16,2301,-3962475.568059966,-3961502.5633442467,2020.7117755766283,-3957292.885903582,3.323721699998714,0.8854853911404336
1,5,94,16,2317,-3962475.568059966,-3961181.3610841474,2240.8884163527587,-3957297.357651178,3.635307599994121,0.8863423760523854
1,5,95,15,2332,-3962475.568059966,-3962475.2213329375,0.5826065815559232,-3962473.8313750084,3.1817939000029583,0.8871342313051556
1,5,96,15,2347,-3962475.568059966,-3961785.1875194707,1759.2602158384004,-3957297.1537889317,3.6091424000042025,0.8879151291512916
1,5,97,15,2362,-3962475.5696046464,-3962130.3838860244,1291.1824140538301,-3957299.221693229,3.214577400009148,0.8886852954649564
1,5,98,15,2377,-3962475.5701690316,-3959714.722240433,2582.3191329348424,-3957295.416210724,3.5353996999911033,0.8894449499545041
1,5,99,15,2392,-3962475.5701690316,-3962130.3610984925,1290.8821093452011,-3957300.322722068,3.5354353000002448,0.8901943063714415
1,5,100,15,2407,-3962475.577234501,-3961785.291153693,1759.6137341836086,-3957298.3752692062,3.211883100011619,0.8909335727109515
1,5,101,15,2422,-3962475.5797521975,-3962130.194196189,1291.9025180538017,-3957296.3377265017,3.2023947999987286,0.8916629514043691
1,5,102,14,2436,-3962475.5797521975,-3962475.520356654,0.10338674699387777,-3962475.2353608664,3.520331100007752,0.8923349579087284
1,5,103,14,2450,-3962475.5797521975,-3962105.7846899973,1333.1984606749213,-3957298.869283138,3.105290600011358,0.892998678996037
1,5,104,14,2464,-3962475.5797521975,-3962105.7244380913,1333.3570947387432,-3957298.237076193,3.128644800017355,0.8936542669584245
1,5,105,14,2478,-3962475.5797521975,-3962475.4083820144,0.38126479765865157,-3962474.4410292916,3.4886542999884114,0.8943018703784255
1,5,106,14,2492,-3962475.5797521975,-3962475.473597307,0.3287679127996878,-3962474.2884551715,3.4093847000040114,0.8949416342412452
1,5,107,14,2506,-3962475.5797521975,-3962475.3853830644,0.3070434281866051,-3962474.44861467,3.077030399988871,0.8955737000429738
1,5,108,14,2520,-3962475.5797521975,-3962475.5431101355,0.05562863209363185,-3962475.40285597,3.402654800011078,0.8961982058949167
1,5,109,14,2534,-3962475.5797521975,-3962475.502163281,0.16035508735265672,-3962474.9420735,3.375682499987306,0.8968152866242038
1,5,110,13,2547,-3962475.5797521975,-3962475.4970777826,0.13743257580146645,-3962475.146452442,3.0333634999988135,0.8973817567567568
1,5,111,13,2560,-3962475.5797521975,-3962475.4791459357,0.17662763097952636,-3962474.931046065,3.3620665000053123,0.8979420411591769
1,5,112,13,2573,-3962475.5797521975,-3962475.4774553175,0.1795778660658541,-3962474.8933277167,3.005209399998421,0.8984962406015038
1,5,113,13,2586,-3962475.5797521975,-3962475.3905393,0.3475260682227139,-3962474.3207690064,3.055770900013158,0.8990444536767761
1,5,114,13,2599,-3962475.5797521975,-3962475.4907460012,0.18383370643952332,-3962474.884298388,3.329273099981947,0.8995867768595042
1,5,115,13,2612,-3962475.580755936,-3962475.4948831247,0.1859910934474811,-3962474.97235032,2.99373449999257,0.9001233045622689
1,5,116,13,2625,-3962475.580755936,-3962475.5575026837,0.04244767288349246,-3962475.4163793176,3.054289699997753,0.9006541291905151
1,5,117,13,2638,-3962475.580755936,-3962475.4536909815,0.17226737933735953,-3962475.035885228,3.018390900018858,0.9011793411956079
1,5,118,13,2651,-3962475.580755936,-3962475.55820074,0.03138794823436156,-3962475.4856126998,3.3618000999849755,0.9016990291262136
1,5,119,12,2663,-3962475.580755936,-3962475.560758361,0.04672717754684914,-3962475.4060793463,3.2202082999865524,0.9021739130434783
1,5,120,12,2675,-3962475.580755936,-3962475.5724625173,0.004842550906222861,-3962475.5618551876,2.923512799985474,0.9026442307692307
1,5,121,12,2687,-3962475.580755936,-3962475.5607888144,0.03928255738744676,-3962475.432060322,3.244674200017471,0.90311004784689
1,5,122,12,2699,-3962475.581483785,-3962475.5606135293,0.03842159528058632,-3962475.4345308654,2.889135500008706,0.9035714285714286
1,5,123,12,2711,-3962475.581483785,-3962475.5655299076,0.022570418182123648,-3962475.492566131,3.253871299995808,0.9040284360189573
1,5,124,12,2723,-3962475.581483785,-3962475.5533308056,0.05247549914171546,-3962475.381486768,2.911790599988308,0.9044811320754716
1,5,125,12,2735,-3962475.581483785,-3962475.558939803,0.04743154261522402,-3962475.4027822074,2.979555199999595,0.9049295774647887
1,5,126,12,2747,-3962475.581483785,-3962475.5735183563,0.005680827620825708,-3962475.5582086574,2.930033700016793,0.905373831775701
1,5,127,12,2759,-3962475.581483785,-3962475.56215483,0.024654691738420317,-3962475.504928559,3.2452137999935076,0.9058139534883721
1,5,128,11,2770,-3962475.581483785,-3962475.5462059365,0.05359318778487536,-3962475.400108328,2.829951499996241,0.9062138170590506
1,5,129,11,2781,-3962475.581483785,-3962475.5663346737,0.018305091316944366,-3962475.5120099317,2.8687291000096593,0.9066102997694081
1,5,130,11,2792,-3962475.581483785,-3962475.5480937306,0.03216964154953421,-3962475.495434882,2.8334344000031706,0.9070034443168772
1,5,131,11,2803,-3962475.581483785,-3962475.573958138,0.004072358509319541,-3962475.568040883,2.8718814000021666,0.9073932926829268
1,5,132,11,2814,-3962475.581483785,-3962475.5066943006,0.17368236577985513,-3962474.9757956844,2.8389962000073865,0.9077798861480076
1,5,133,11,2825,-3962475.581483785,-3962475.5720906626,0.005910527777733773,-3962475.5595448837,2.855860300012864,0.9081632653061225
1,5,134,11,2836,-3962475.5815549176,-3962475.5704988125,0.013204001388217057,-3962475.5311771054,2.887048100004904,0.9085434700790365
1,5,135,11,2847,-3962475.5815549176,-3962475.572396584,0.011009044133518806,-3962475.5401642434,2.8638824000081513,0.908920539730135
1,5,136,11,2858,-3962475.5815549176,-3962475.561278923,0.03413057329806612,-3962475.475012563,2.8316854999866337,0.9092945128779395
1,5,137,11,2869,-3962475.5815549176,-3962475.5727578294,0.006596229431994263,-3962475.556830257,3.211195400013821,0.9096654275092937
1,5,138,10,2879,-3962475.5815549176,-3962475.5198761625,0.17147326782767577,-3962475.0055177584,2.783158599981107,0.91
1,5,139,10,2889,-3962475.5815549176,-3962475.5751662403,0.005647963181278649,-3962475.5604137145,3.0925335999927483,0.9103321033210332
1,5,140,10,2899,-3962475.5815549176,-3962475.57354791,0.012908709207126048,-3962475.535880396,2.6907121000112966,0.9106617647058823
1,5,141,10,2909,-3962475.5815549176,-3962475.571874754,0.009391420824266968,-3962475.545847537,2.7453053999925032,0.910989010989011
1,5,142,10,2919,-3962475.5815549176,-3962475.5741775013,0.00417448143267031,-3962475.5692154374,2.734285099984845,0.9113138686131387
1,5,143,10,2929,-3962475.5815549176,-3962475.5756190554,0.0039694155691934905,-3962475.568190325,2.748891099996399,0.9116363636363637
1,5,144,10,2939,-3962475.5815549176,-3962475.5751254344,0.005702300275876955,-3962475.5624443684,2.7399918000155594,0.9119565217391304
1,5,145,10,2949,-3962475.5815549176,-3962475.5580815366,0.03245046929425945,-3962475.4727273434,2.763995299988892,0.9122743682310469
1,5,146,10,2959,-3962475.5815549176,-3962475.5086337077,0.15239055328474385,-3962475.0595354233,2.7982434000005014,0.912589928057554
1,5,147,10,2969,-3962475.5815549176,-3962475.558415917,0.035202628969393863,-3962475.4803585764,3.106857399980072,0.9129032258064517
1,5,148,10,2979,-3962475.5815549176,-3962475.5620871135,0.027892964862069422,-3962475.5033132136,3.0462926999898627,0.9132142857142858
1,5,149,10,2989,-3962475.5815549176,-3962475.5715398295,0.00508402185083045,-3962475.563440291,2.7158820999902673,0.9135231316725979
1,5,150,9,2998,-3962475.5815549176,-3962475.5747044585,0.008554430582095821,-3962475.551012002,2.7261208000127226,0.9137992195814119
1,5,151,9,3007,-3962475.5815549176,-3962475.572023568,0.009279411217639241,-3962475.553363839,2.646685999992769,0.9140735502121641
1,5,152,9,3016,-3962475.5815549176,-3962475.577261747,0.0025203631522625622,-3962475.572561454,2.640027599991299,0.9143461402890377
1,5,153,9,3025,-3962475.5815549176,-3962475.5731417337,0.008363080061178167,-3962475.5527239516,2.6322267000214197,0.9146170063246662
1,5,154,9,3034,-3962475.5815549176,-3962475.569424975,0.025940320364370203,-3962475.496527208,2.695965899998555,0.9148861646234676
1,5,155,9,3043,-3962475.5815549176,-3962475.5725374306,0.007037307650273403,-3962475.5603458676,2.730256700015161,0.9151536312849162
1,5,156,9,3052,-3962475.5815549176,-3962475.576488764,0.0037710395802529628,-3962475.567336267,2.7558208999980707,0.9154194222067525
1,5,157,9,3061,-3962475.5815549176,-3962475.570279937,0.019502641375597374,-3962475.516600365,2.6727831999887712,0.9156835530881332
1,5,158,9,3070,-3962475.5815549176,-3962475.5750611657,0.006483074350785931,-3962475.56115428,2.6692973999888636,0.9159460394327222
1,5,159,9,3079,-3962475.5815549176,-3962475.575224043,0.00584707761360954,-3962475.5626481064,2.6533241999859456,0.9162068965517242
1,5,160,9,3088,-3962475.5815549176,-3962475.5719861686,0.015018305443021547,-3962475.5306105986,2.6834243000193965,0.9164661395668615
1,5,161,9,3097,-3962475.5815549176,-3962475.5770025286,0.006458145912815587,-3962475.55982705,2.636120300012408,0.9167237834132967
1,5,162,8,3105,-3962475.5815549176,-3962475.579594209,0.001279006355861297,-3962475.577706225,1.5765900999831501,0.9169514695830485
1,5,163,8,3113,-3962475.5815549176,-3962475.5789568666,0.001312356578625479,-3962475.5774955153,2.0361353999760468,0.9171779141104295
1,5,164,8,3121,-3962475.5815549176,-3962475.5704394476,0.009090220002348392,-3962475.5545686837,1.6213308000005782,0.9174031271244052
1,5,165,8,3129,-3962475.5815549176,-3962475.578912889,0.0017555078812147363,-3962475.5747621916,2.017637900018599,0.9176271186440678
1,5,166,8,3137,-3962475.5815549176,-3962475.5767752808,0.0031249276372746246,-3962475.571483718,1.6141651000070851,0.9178498985801217
1,5,167,8,3145,-3962475.5815549176,-3962475.5784584917,0.002672076299870038,-3962475.5737214927,2.0686795999936294,0.9180714767363453
1,5,168,8,3153,-3962475.5815549176,-3962475.575693343,0.004100156018661182,-3962475.56694082,2.062188600015361,0.9182918628110289
1,5,169,8,3161,-3962475.5815549176,-3962475.577828278,0.0024226917668414803,-3962475.5734665357,1.9692764000210445,0.9185110663983903
1,5,170,8,3169,-3962475.5815549176,-3962475.5744609344,0.006715913799606415,-3962475.5611190833,1.9666460000153165,0.9187290969899665
1,5,171,8,3177,-3962475.5815549176,-3962475.577235326,0.0020807580810561052,-3962475.5736460183,1.6528558999998495,0.9189459639759839
1,5,172,8,3185,-3962475.5815549176,-3962475.5753810196,0.008850104280004366,-3962475.5525835287,1.6545418000023346,0.9191616766467066
1,5,173,8,3193,-3962475.5815549176,-3962475.5706086354,0.010053271597317514,-3962475.5472342167,1.6469745000067633,0.9193762441937624
1,5,174,8,3201,-3962475.5815549176,-3962475.576493075,0.0036188359209071005,-3962475.571237877,2.042561600013869,0.9195896757114493
1,5,175,8,3209,-3962475.5815549176,-3962475.5771713047,0.004764459571185249,-3962475.5685539003,1.6217003999918234,0.9198019801980198
1,5,176,7,3216,-3962475.5815549176,-3962475.576028496,0.005820592829701691,-3962475.5627798922,1.5548281999945175,0.919986829107672
1,5,177,7,3223,-3962475.5815549176,-3962475.57541615,0.005904281303300393,-3962475.565278435,1.8860650999995414,0.9201708278580815
1,5,178,7,3230,-3962475.5815549176,-3962475.577800999,0.005465531866570368,-3962475.5648789257,1.8795875000068918,0.9203539823008849
1,5,179,7,3237,-3962475.5815549176,-3962475.576779059,0.004233446665588653,-3962475.5700327717,1.873800300003495,0.92053629823414
1,5,180,7,3244,-3962475.5815549176,-3962475.57884235,0.0022287820361314398,-3962475.5748692155,1.9259629999869503,0.9207177814029364
1,5,181,7,3251,-3962475.581758015,-3962475.577892557,0.00558198141454931,-3962475.5645658467,1.5325497000012547,0.9208984375
1,5,182,7,3258,-3962475.581758015,-3962475.5763931363,0.004509538634627011,-3962475.5696782973,1.8617214000259992,0.9210782721662878
1,5,183,7,3265,-3962475.581758015,-3962475.574338223,0.006362556702939752,-3962475.561330797,1.5244763999944553,0.9212572909915748
1,5,184,7,3272,-3962475.581758015,-3962475.5794057962,0.0015034422171643915,-3962475.576674018,1.5526883999991696,0.9214354995150339
1,5,185,7,3279,-3962475.581758015,-3962475.574638454,0.005801972827000581,-3962475.5630924385,1.5539861999859568,0.9216129032258065
1,5,186,7,3286,-3962475.581758015,-3962475.574189808,0.005880340518240175,-3962475.5635375287,1.5563187999941874,0.9217895075635661
1,5,187,7,3293,-3962475.581758015,-3962475.5791240823,0.0018640084849880527,-3962475.575563604,1.5736725000024308,0.9219653179190751
1,5,188,7,3300,-3962475.581758015,-3962475.5770307654,0.0029074782101136064,-3962475.5728242714,1.5562399000045843,0.9221403396347324
1,5,189,7,3307,-3962475.581758015,-3962475.572242726,0.009953476667725978,-3962475.555254126,1.8858559000073,0.9223145780051151
1,5,190,7,3314,-3962475.581758015,-3962475.5778645915,0.0022945821608541224,-3962475.573511405,1.8239400000020396,0.9224880382775119
1,5,191,7,3321,-3962475.581758015,-3962475.574373414,0.006037917754530556,-3962475.5663309395,1.8603560000192374,0.9226607256524507
1,5,192,6,3327,-3962475.581758015,-3962475.575141743,0.0040033648875856965,-3962475.5678446908,1.7634890000044834,0.9228081321473952
1,5,193,6,3333,-3962475.581758015,-3962475.575076679,0.006580198841016925,-3962475.5621043593,1.7856904999935068,0.9229549778059607
1,5,194,6,3339,-3962475.581758015,-3962475.573696215,0.009791652108438716,-3962475.552947413,1.8266553000139538,0.9231012658227848
1,5,195,6,3345,-3962475.581758015,-3962475.562075166,0.022062339118931285,-3962475.514527859,1.4171166000014637,0.923246999368288
1,5,196,6,3351,-3962475.581758015,-3962475.5669700634,0.009907282303562734,-3962475.553078614,1.8116680000093766,0.9233921815889029
1,5,197,6,3357,-3962475.581758015,-3962475.5589687317,0.04149255673144474,-3962475.466639191,1.4312746000068728,0.9235368156073002
1,5,198,6,3363,-3962475.581758015,-3962475.5709262243,0.009367845038821338,-3962475.554037139,1.4581405999779236,0.9236809045226131
1,5,199,6,3369,-3962475.581758015,-3962475.577671789,0.004295313032670611,-3962475.5684984215,1.4606961000245064,0.9238244514106583
1,5,200,6,3375,-3962475.581758015,-3962475.5777832954,0.0034772494217823386,-3962475.5710766483,1.4597958000085782,0.9239674593241552
1,5,201,6,3381,-3962475.581758015,-3962475.5682762847,0.013933081588386362,-3962475.548462324,1.4502778000023682,0.9241099312929419
1,5,202,6,3387,-3962475.581758015,-3962475.5674522966,0.023509017466612592,-3962475.514985826,1.463798000011593,0.9242518703241895
1,5,203,6,3393,-3962475.581758015,-3962475.5773182176,0.003002685088691811,-3962475.5724172797,1.8039986999938264,0.9243932794026135
1,5,204,6,3399,-3962475.581758015,-3962475.541913299,0.06617259002776142,-3962475.395771349,1.44474970002193,0.9245341614906832
1,5,205,6,3405,-3962475.581758015,-3962475.5755853006,0.0024127971410861935,-3962475.5725734103,1.7795055999886245,0.9246745195288283
1,5,206,6,3411,-3962475.581758015,-3962475.568394693,0.01898672712188711,-3962475.526246408,1.7912140999978874,0.9248143564356436
1,5,207,6,3417,-3962475.581758015,-3962475.577156438,0.002813708110657435,-3962475.57204576,1.7591411000175867,0.9249536751080915
1,5,208,6,3423,-3962475.581758015,-3962475.562830582,0.028596859555543187,-3962475.499561215,1.4666077999863774,0.9250924784217016
1,5,209,6,3429,-3962475.581758015,-3962475.5654993667,0.023422783517189242,-3962475.5151931085,1.8894999999902211,0.9252307692307692
1,5,210,6,3435,-3962475.581758015,-3962475.5778596676,0.0020960621356263262,-3962475.5747969,1.5494423999916762,0.9253685503685504
1,5,211,5,3440,-3962475.581758015,-3962475.573334771,0.004950758095940754,-3962475.567912642,1.3634708000172395,0.9254829806807727
1,5,212,5,3445,-3962475.581758015,-3962475.5735458173,0.00510641730160631,-3962475.566300448,1.683081499999389,0.9255970606246172
1,5,213,5,3450,-3962475.581758015,-3962475.573902397,0.006476483614606765,-3962475.5663498584,1.658515899995109,0.925710791806787
1,5,214,5,3455,-3962475.581758015,-3962475.576572026,0.003994581945009392,-3962475.570104016,1.3228473000053782,0.9258241758241759
1,5,215,5,3460,-3962475.581758015,-3962475.5764539083,0.003434519344077606,-3962475.570922101,1.359107700001914,0.9259372142639439
1,5,216,5,3465,-3962475.581758015,-3962475.567839784,0.013486762045998758,-3962475.5427068677,1.360159300005762,0.9260499087035909
1,5,217,5,3470,-3962475.581758015,-3962475.5742824385,0.005507862616743424,-3962475.568496803,1.3470431999885477,0.92616226071103
1,5,218,5,3475,-3962475.581758015,-3962475.5773066157,0.0034121327641480925,-3962475.5714564268,1.6897988000127953,0.9262742718446602
1,5,219,5,3480,-3962475.581758015,-3962475.580031167,0.0008761638262534,-3962475.5785477273,1.3192051999794785,0.9263859436534384
1,5,220,5,3485,-3962475.581758015,-3962475.576447332,0.0033836897097530043,-3962475.5700754803,1.3585786999901757,0.926497277676951
1,5,221,5,3490,-3962475.581758015,-3962475.575603845,0.0023883573168429263,-3962475.573334668,1.3521062000072561,0.9266082754454847
1,5,222,5,3495,-3962475.581758015,-3962475.577692309,0.0016355796564967524,-3962475.575268645,1.6680573000048753,0.9267189384800965
1,5,223,5,3500,-3962475.581758015,-3962475.576578848,0.003988503617329748,-3962475.570316907,1.3419961000035983,0.926829268292683
1,5,224,5,3505,-3962475.581758015,-3962475.5750595285,0.002427942027446205,-3962475.5712531675,1.6637647000025027,0.9269392663860493
1,5,225,5,3510,-3962475.581758015,-3962475.5738781793,0.004697324512328304,-3962475.56655078,1.669963699998334,0.9270489342539778
1,5,226,5,3515,-3962475.581758015,-3962475.5667804168,0.019009868665296657,-3962475.5300934855,1.3565019000088796,0.927158273381295
1,5,227,5,3520,-3962475.5819452293,-3962475.5806836886,0.0009559850881282262,-3962475.579056874,1.356887200003257,0.927267285243939
1,5,228,5,3525,-3962475.5819452293,-3962475.5774214687,0.004210089355986454,-3962475.5695038475,1.7632123999937903,0.9273759713090257
1,5,229,5,3530,-3962475.5819452293,-3962475.555892451,0.024052672042862353,-3962475.51339118,1.359786000015447,0.927484333034915
1,5,230,5,3535,-3962475.5819452293,-3962475.57144831,0.007505762247424979,-3962475.558359295,1.3604990000021644,0.9275923718712753
1,5,231,5,3540,-3962475.5819452293,-3962475.5712120933,0.007795641122209085,-3962475.5603245627,1.3635862999944948,0.927700089259149
1,5,232,5,3545,-3962475.5819452293,-3962475.575031616,0.004987075151615326,-3962475.568555603,1.7133405999920797,0.9278074866310161
1,5,233,4,3549,-3962475.5819452293,-3962475.5781623675,0.003741738737285823,-3962475.5717289243,1.255601699987892,0.927893175074184
1,5,234,4,3553,-3962475.5819452293,-3962475.578198919,0.005381852752268225,-3962475.568894226,1.2868307000026107,0.9279786603438056
1,5,235,4,3557,-3962475.5819452293,-3962475.578199639,0.0034620763928852726,-3962475.572240023,1.6106723999837413,0.9280639431616341
1,5,236,4,3561,-3962475.5819452293,-3962475.5769584067,0.003472292183866442,-3962475.5713625774,1.2626852999965195,0.9281490242460083
1,5,237,4,3565,-3962475.5819452293,-3962475.5807210514,0.00047021887217087817,-3962475.5801491253,1.2798683000146411,0.9282339043118725
1,5,238,4,3569,-3962475.5819452293,-3962475.5727886725,0.005644620491721918,-3962475.566160675,1.28150410001399,0.9283185840707965
1,5,239,4,3573,-3962475.5819452293,-3962475.577240661,0.0036882434914437758,-3962475.572350472,1.288436000002548,0.9284030642309958
1,5,240,4,3577,-3962475.5819452293,-3962475.5667313496,0.01324483758102429,-3962475.5454723556,1.6143239999946672,0.9284873454973513
1,5,241,4,3581,-3962475.5819452293,-3962475.5481389523,0.046482422982679156,-3962475.4678908885,1.2549938000156544,0.9285714285714286
1,5,242,4,3585,-3962475.5819452293,-3962475.5780256465,0.004152471020317268,-3962475.571059661,1.281503000005614,0.9286553141514974
1,5,243,4,3589,-3962475.5819452293,-3962475.5791214146,0.0028577581242742534,-3962475.574172385,1.2801529999997001,0.9287390029325513
1,5,244,4,3593,-3962475.5819452293,-3962475.5738937347,0.008462490626250365,-3962475.5592800435,1.27620079999906,0.9288224956063269
1,5,245,4,3597,-3962475.5819452293,-3962475.569115188,0.01183965108145464,-3962475.5509772375,1.2830541999719571,0.9289057928613225
1,6,0,36,36,-887744.2061823569,71833760.85226017,60657095.2045444,215518440.5130753,61.74732860000222,0.14285714285714285
1,6,1,36,72,-1812136.4095117208,47498743.59753426,47982626.505281225,165716076.24841332,45.70590240001911,0.22807017543859648
1,6,2,35,107,-2598766.26888901,30576689.978719447,41263944.03072868,151949601.97248507,42.14772740000626,0.21686746987951808
1,6,3,35,142,-2598766.26888901,19486609.00405233,27974275.22838528,108632667.31953934,39.04290420000325,0.25688073394495414
1,6,4,35,177,-3362289.635121437,14272221.49074677,21924901.540838256,98036242.69049907,38.07290030000149,0.2781954887218045
1,6,5,34,211,-3812915.7620245796,7128583.485012292,18264879.02860258,94463008.83771266,37.77328779999516,0.28846153846153844
1,6,6,34,245,-3812915.7620245796,3690184.326419345,6738756.9516031835,22478838.322744064,36.5967965000018,0.30337078651685395
1,6,7,34,279,-3878127.2576716673,2382076.406958947,7751271.204716942,37971257.446530774,37.8205019000161,0.3251231527093596
1,6,8,34,313,-3878127.2576716673,2280508.0329773165,6025044.852922526,21239544.913357574,23.86545959999785,0.3794642857142857
1,6,9,33,346,-3878127.2576716673,984608.5732313393,5043020.671388603,16521260.254711678,32.8083093999885,0.3877551020408163
1,6,10,33,379,-3878127.2576716673,3362055.63742971,8462726.744177157,32394190.198799815,25.852585799992085,0.4068441064638783
1,6,11,33,412,-3890199.2443672195,651161.5547980468,6134155.966419026,21969659.809012406,35.82603409999865,0.42758620689655175
1,6,12,32,444,-3890199.2443672195,-851103.7187579742,4763381.1034415085,18582218.221932802,28.50740180001594,0.46540880503144655
1,6,13,32,476,-3890199.2443711385,-11886.60803822917,5048632.03359676,13107735.399280803,33.29097709999769,0.4927536231884058
1,6,14,32,508,-3890199.2443711385,-1565844.3781749106,4133599.135020357,17826435.49440052,31.009577899996657,0.5226666666666666
1,6,15,31,539,-3890199.2443711385,-2264803.110701634,2952707.270670375,10360536.932347523,30.496785099996487,0.5445544554455446
1,6,16,31,570,-3898775.6361125316,-1981586.0449702842,3938654.6558340625,15168316.886230627,27.275800700008404,0.5727482678983834
1,6,17,31,601,-3938495.980856713,-2037106.1043607963,2988670.0093611726,6396922.074167214,24.551490299985744,0.5991379310344828
1,6,18,31,632,-3938495.980856713,-2930190.8584260773,2673154.284976526,11435653.378011955,33.09575480001513,0.6174089068825911
1,6,19,30,662,-3950167.4732741844,-3069257.984830752,1753071.72155166,5284470.574872305,21.75000590001582,0.6374045801526718
1,6,20,30,692,-3950167.4732741844,-3422597.0520290895,1163658.2656983668,1576924.809851775,26.866695100005018,0.6552346570397112
1,6,21,30,722,-3950167.4732741844,-2916433.3350095404,2541390.37471658,9553127.755876604,17.22789810001268,0.6723842195540308
1,6,22,30,752,-3950167.4732741844,-2702956.6910375315,1943395.208323083,3302201.369840335,22.472561600006884,0.6879084967320261
1,6,23,29,781,-3950167.4732741844,-3615952.908402878,776922.5465194071,-33979.22271260992,20.464872800017474,0.7020280811232449
1,6,24,29,810,-3956525.4907784816,-3257921.5843025725,1814781.2354886387,2549915.4265462346,16.179017199989175,0.7149253731343284
1,6,25,29,839,-3956525.4907784816,-3885001.5507288715,64853.12761209202,-3685272.566360021,14.17329870001413,0.7267525035765379
1,6,26,29,868,-3956525.4907784816,-3890825.030156387,97490.53217900365,-3423389.0237452667,10.191779499989934,0.7376373626373627
1,6,27,28,896,-3956525.4907784816,-3899470.2960886336,54259.76067918856,-3749504.850407662,11.830832000006922,0.7473544973544973
1,6,28,28,924,-3956525.4907942023,-3429998.641954408,2611446.3492322015,10138640.071622854,11.599412699986715,0.7551020408163265
1,6,29,28,952,-3957625.8182184547,-3934166.2980075525,29834.166413668016,-3816842.502414273,11.43434450001223,0.7635467980295566
1,6,30,28,980,-3957625.8182184547,-3944791.4663766124,9078.164001234878,-3929258.45431309,9.218796200002544,0.7714285714285715
1,6,31,27,1007,-3961107.901055211,-3942840.734394961,20118.05973129663,-3871260.4141187966,6.6005959000031,0.7785467128027682
1,6,32,27,1034,-3961997.7013508156,-3947519.1890014154,12859.433238008854,-3908611.5975481644,9.035084100003587,0.785234899328859
1,6,33,27,1061,-3961997.7013508156,-3946796.49050709,25565.408765567456,-3826407.726766471,10.561610999982804,0.7915309446254072
1,6,34,27,1088,-3961997.7013508156,-3953656.7120845974,8853.042042027586,-3927522.449692728,10.0069630999933,0.7974683544303798
1,6,35,26,1114,-3961997.7013508156,-3948636.6632993245,10799.13723544042,-3917591.91033227,11.327082400006475,0.8028747433264887
1,6,36,26,1140,-3961997.7013508156,-3953716.799872669,12170.203836253479,-3907263.1477836296,8.752863000001526,0.808
1,6,37,26,1166,-3962394.2706449404,-3952892.8600767436,12622.448930019393,-3905512.048548475,8.616656500002136,0.8128654970760234
1,6,38,26,1192,-3962394.2706449404,-3957415.199362333,4296.5788778938795,-3940734.754809616,9.90489649999654,0.8174904942965779
1,6,39,25,1217,-3962394.2706449404,-3957685.5254505193,5934.77562171456,-3938932.7578326147,7.398667400004342,0.8217270194986073
1,6,40,25,1242,-3962394.2706449404,-3955895.972518052,7560.5528589107225,-3937547.67352451,7.35495889998856,0.8257713248638838
1,6,41,25,1267,-3962394.2706449404,-3954118.695938055,13826.37085645739,-3904955.720013406,8.05785090001882,0.8296362023070097
1,6,42,25,1292,-3962394.2706449404,-3958353.3372230036,5803.256195026679,-3939989.6018137857,8.928816100000404,0.8333333333333334
1,6,43,25,1317,-3962394.2706449404,-3958743.7873844123,4543.639385584454,-3940430.7250018064,6.141721899999538,0.836873406966865
1,6,44,24,1341,-3962394.2706449404,-3958562.8020292963,3916.3599748619363,-3950296.2196423393,5.320215200015809,0.8401332223147377
1,6,45,24,1365,-3962458.3628014363,-3959631.6821514294,3861.474714766679,-3945710.5401235837,5.331529599992791,0.843265306122449
1,6,46,24,1389,-3962458.3628014363,-3961035.502343263,1419.2147017308657,-3957183.197479278,5.315610299992841,0.8462770216172938
1,6,47,24,1413,-3962458.3628014363,-3960010.557742489,4426.764874351742,-3946249.284989888,7.451796799985459,0.8491751767478397
1,6,48,23,1436,-3962458.3628014363,-3954065.0244396655,12396.436941622504,-3908135.6437200047,9.196742900006939,0.8518518518518519
1,6,49,23,1459,-3962458.3628014363,-3958022.522668651,10934.496940947676,-3911239.614960408,6.583805300004315,0.8544351781652767
1,6,50,23,1482,-3962458.3628014363,-3960185.046851178,4392.467930495663,-3945452.043835774,5.256507499987492,0.856929955290611
1,6,51,23,1505,-3962458.3628014363,-3958836.8999335733,6696.098411158418,-3936532.175963063,5.22926570000709,0.8593406593406593
1,6,52,23,1528,-3962458.3628014363,-3959516.3858624916,4612.974996090065,-3945889.995723998,6.278572200011695,0.861671469740634
1,6,53,22,1550,-3962458.3628014363,-3959394.735938016,5851.282895898027,-3942993.8684617057,8.92411940000602,0.8638297872340426
1,6,54,22,1572,-3962458.3628014363,-3960412.7067836584,4740.042016334364,-3945671.7586086895,4.749126600014279,0.8659217877094972
1,6,55,22,1594,-3962465.8775211032,-3959627.5822778884,4600.36626937209,-3946179.0139585026,4.79490259999875,0.8679504814305364
1,6,56,22,1616,-3962471.164535597,-3958112.427940859,6743.008368677201,-3943404.408343153,5.093047600006685,0.8699186991869918
1,6,57,22,1638,-3962471.5063500945,-3961366.5259433896,3555.2900560094604,-3945831.089754464,5.075294900016161,0.8718291054739653
1,6,58,21,1659,-3962471.5063500945,-3956216.9280110486,7855.218407345114,-3945593.32659225,4.752457700000377,0.8736010533245556
1,6,59,21,1680,-3962471.5063500945,-3961570.8087483444,3493.87018070212,-3945949.37148365,4.6824457999900915,0.8753246753246753
1,6,60,21,1701,-3962471.5063500945,-3959538.6608764343,5686.214377953117,-3945884.815551188,4.983454800007166,0.8770019218449712
1,6,61,21,1722,-3962471.5063500945,-3959968.705989774,4863.382148287787,-3946018.649016179,4.958635699993465,0.8786346396965866
1,6,62,21,1743,-3962473.456133364,-3960539.459757852,4810.378588299849,-3946111.582229927,4.664712400001008,0.8802245789145352
1,6,63,21,1764,-3962475.0019451044,-3959851.792330805,5716.782340584958,-3946030.3029859364,4.705813199980184,0.8817733990147784
1,6,64,20,1784,-3962475.0019451044,-3961117.033831046,2208.0611138935537,-3957228.3965403903,4.5604417999857105,0.8832116788321168
1,6,65,20,1804,-3962475.0019451044,-3961312.7725135274,2028.7134570728044,-3957248.0930134878,4.686768100014888,0.8846153846153846
1,6,66,20,1824,-3962475.0019451044,-3960322.518597762,3920.2262854000223,-3946173.8769367505,4.574127800005954,0.8859857482185273
1,6,67,20,1844,-3962475.46745185,-3961335.3625042317,3683.041375027203,-3946045.811055707,4.671261599985883,0.8873239436619719
1,6,68,20,1864,-3962475.46745185,-3960532.980413139,4926.609318900584,-3946110.1150185354,4.58763860000181,0.888631090487239
1,6,69,19,1883,-3962475.46745185,-3959642.5423516766,5075.918169576929,-3946142.1458469145,4.920486099988921,0.8898450946643718
1,6,70,19,1902,-3962475.46745185,-3961564.1105600856,3636.107695354923,-3946144.825594846,4.526009699999122,0.8910329171396141
1,6,71,19,1921,-3962475.46745185,-3962456.959541876,32.91002876038798,-3962326.958759945,4.824868399999104,0.8921953958450309
1,6,72,19,1940,-3962475.46745185,-3962179.993099738,1154.4946133260985,-3957287.1336861737,4.528056799987098,0.8933333333333333
1,6,73,19,1959,-3962475.46745185,-3961592.7468118854,3641.950074174333,-3946143.2107980642,4.53868749999674,0.8944474986256185
1,6,74,19,1978,-3962475.46745185,-3962195.2765643857,1155.5229721280268,-3957292.9931226186,4.51645439999993,0.8955386289445049
1,6,75,18,1996,-3962475.46745185,-3961895.027609575,1627.4420764473348,-3957290.076035138,4.4983841000066604,0.896551724137931
1,6,76,18,2014,-3962475.46745185,-3962183.0437175687,1185.062481099857,-3957297.01634516,4.440668099996401,0.8975453575240128
1,6,77,18,2032,-3962475.46745185,-3962169.18953743,1183.655960621277,-3957292.8621316366,4.406503600010183,0.8985200845665962
1,6,78,18,2050,-3962475.5530124307,-3962166.599178528,1184.8825984638486,-3957291.68343479,4.7935640000214335,0.8994764397905759
1,6,79,18,2068,-3962475.5530124307,-3962457.5259693074,59.7332605347307,-3962213.056408316,4.355119999992894,0.9004149377593361
1,6,80,18,2086,-3962475.5530124307,-3962471.9324723566,6.101355856728417,-3962452.4775098134,4.485204099997645,0.9013360739979445
1,6,81,17,2103,-3962475.5530124307,-3961209.3381098895,3955.270716559651,-3946158.8929532804,4.3752865999995265,0.9021905247070809
1,6,82,17,2120,-3962475.5530124307,-3962147.737399557,1216.9411016305091,-3957290.547233604,4.292010600009235,0.9030303030303031
1,6,83,17,2137,-3962475.5530124307,-3962474.776128415,0.7230845179101514,-3962472.3513434604,4.3296802999975625,0.9038557836755132
1,6,84,17,2154,-3962475.5630224384,-3962473.75369955,3.5866203426976173,-3962460.186770376,4.674214900005609,0.9046673286991063
1,6,85,17,2171,-3962475.5630224384,-3962474.8801511787,0.6522339217928937,-3962473.5592629537,4.259511900017969,0.9054652880354506
1,6,86,17,2188,-3962475.5630224384,-3962474.5251040417,1.445611265774745,-3962469.2862139866,4.316583699983312,0.90625
1,6,87,17,2205,-3962475.5630224384,-3962474.5754784495,1.8469752889168212,-3962467.5884064715,4.3417608000163455,0.9070217917675545
1,6,88,16,2221,-3962475.5630224384,-3961455.7575518033,3946.65418276743,-3946170.431927953,3.536848399991868,0.9077366650648726
1,6,89,16,2237,-3962475.5630224384,-3962474.884649487,1.030685540413263,-3962472.090545684,3.5868511000007857,0.9084406294706724
1,6,90,16,2253,-3962475.5735651087,-3962474.980127475,0.6522453799990843,-3962473.146251248,3.6064551000017673,0.9091339327969711
1,6,91,16,2269,-3962475.5735651087,-3962475.2855744036,0.5263009875057514,-3962473.383275673,3.698587499995483,0.909816815406294
1,6,92,16,2285,-3962475.5735651087,-3961455.244041604,3950.685603759217,-3946154.3045272436,3.3144439999887254,0.9104895104895104
1,6,93,16,2301,-3962475.5735651087,-3961455.1506975726,3950.1492448364,-3946156.2887296006,3.6791605000034906,0.9111522443313281
1,6,94,16,2317,-3962475.5735651087,-3962474.6414894774,1.9615904945221625,-3962467.242722938,3.630453799996758,0.911805236564079
1,6,95,15,2332,-3962475.5735651087,-3962475.3668426545,0.3230872801865396,-3962474.342304636,3.5273882999899797,0.9124087591240876
1,6,96,15,2347,-3962475.5735651087,-3962475.3296513003,0.3474756935731949,-3962474.5983744934,3.2395121000008658,0.9130040779338469
1,6,97,15,2362,-3962475.5735651087,-3961387.551056208,4070.621844033238,-3946156.67877011,3.5721189999894705,0.9135913591359136
1,6,98,15,2377,-3962475.5735651087,-3962475.0968163554,0.6843650560738558,-3962473.069277346,3.501771600014763,0.9141707644166294
1,6,99,15,2392,-3962475.5735651087,-3962475.3941375213,0.3113610693550326,-3962474.5581889786,3.197405999992043,0.9147424511545293
1,6,100,15,2407,-3962475.5735651087,-3962475.38640889,0.4001384368702332,-3962474.3677377272,3.547208400006639,0.9153065725628584
1,6,101,15,2422,-3962475.5763131715,-3962475.5482357373,0.023634799223433766,-3962475.493432902,3.532891600014409,0.915863277826468
1,6,102,14,2436,-3962475.5763131715,-3960144.20599188,5710.322976802872,-3946156.826491624,3.1021509999991395,0.9163763066202091
1,6,103,14,2450,-3962475.5788232144,-3960144.293875623,5710.3293674394645,-3946156.8240942433,3.1771265999996103,0.9168831168831169
1,6,104,14,2464,-3962475.5788232144,-3962475.4905606518,0.22255401492835913,-3962474.693083834,3.4317296000081114,0.9173838209982789
1,6,105,14,2478,-3962475.5788232144,-3962475.532725896,0.0500676639332888,-3962475.4091599174,3.4174685000034515,0.9178785286569717
1,6,106,14,2492,-3962475.5788232144,-3962475.5031005936,0.101448174030517,-3962475.2708483953,3.061095400014892,0.9183673469387755
1,6,107,14,2506,-3962475.5788232144,-3962475.4996804995,0.13838974673454094,-3962475.0383488555,3.4736762999964412,0.9188503803888419
1,6,108,14,2520,-3962475.5796763375,-3961309.868529662,4202.686691974931,-3946156.866189236,3.0817296999739483,0.9193277310924369
1,6,109,14,2534,-3962475.5796763375,-3960144.259649149,5710.303280568551,-3946156.8931637052,3.453498300019419,0.9197994987468672
1,6,110,13,2547,-3962475.5796763375,-3962475.5475604758,0.03483738169211048,-3962475.4634544738,3.0220012000063434,0.9202326547569589
1,6,111,13,2560,-3962475.5796763375,-3962077.414206567,1379.2354054715818,-3957299.602611132,3.090548000007402,0.9206611570247933
1,6,112,13,2573,-3962475.5796763375,-3961220.213654335,4348.567808568248,-3946156.3328891005,3.057944200001657,0.9210850801479655
1,6,113,13,2586,-3962475.5796763375,-3961679.269927444,1867.451553336636,-3957299.4316893816,3.05354660001467,0.9215044971381848
1,6,114,13,2599,-3962475.5796763375,-3961679.2753873053,1867.378056768424,-3957299.3260874823,3.318344300001627,0.9219194794631964
1,6,115,13,2612,-3962475.580946235,-3962475.5572771206,0.04995664614583574,-3962475.388520848,3.3564795999845956,0.9223300970873787
1,6,116,13,2625,-3962475.580946235,-3962077.4249088983,1379.1770063387953,-3957299.8156150132,3.2785118000174407,0.9227364185110664
1,6,117,13,2638,-3962475.580946235,-3962077.3874786636,1379.2001913163938,-3957299.6978857573,2.9833529999887105,0.923138510808647
1,6,118,13,2651,-3962475.580946235,-3962475.5224638577,0.09435865013000513,-3962475.2758845966,3.3598011000140104,0.9235364396654719
1,6,119,12,2663,-3962475.580946235,-3962044.3007269534,1430.3665786048662,-3957300.311473133,3.2443565000139643,0.9239001189060642
1,6,120,12,2675,-3962475.580946235,-3962475.481193591,0.18757611276874125,-3962474.961336745,2.8961830000043847,0.9242603550295858
1,6,121,12,2687,-3962475.580946235,-3962044.2204581858,1430.3487717177818,-3957300.290319156,2.9323023000033572,0.9246171967020024
1,6,122,12,2699,-3962475.580946235,-3962044.2080879784,1430.6238288179043,-3957299.365635406,2.9467028000217397,0.9249706916764361
1,6,123,12,2711,-3962475.580946235,-3962044.1752781174,1430.7631589328846,-3957298.870716436,3.007740400003968,0.9253208868144691
1,6,124,12,2723,-3962475.580946235,-3962044.2351716105,1430.5897854564425,-3957299.5056243725,2.945712100015953,0.9256678281068524
1,6,125,12,2735,-3962475.580946235,-3962044.1839699917,1430.6997744046023,-3957299.0896329507,2.922086600010516,0.9260115606936417
1,6,126,12,2747,-3962475.580946235,-3962044.22891034,1430.6033601653362,-3957299.454340894,3.245025199983502,0.9263521288837745
1,6,127,12,2759,-3962475.5813699495,-3962475.573988343,0.006615718736715622,-3962475.56261665,2.8995902000169735,0.9266895761741123
1,6,128,11,2770,-3962475.5813699495,-3962475.568538824,0.022428184607323962,-3962475.499756446,2.867957100010244,0.9269961977186312
1,6,129,11,2781,-3962475.5813699495,-3960122.7237030375,2577.42160235058,-3957299.0528090987,3.189612499991199,0.927300265051117
1,6,130,11,2792,-3962475.581656363,-3962005.031341803,1487.9924283117894,-3957299.586127296,2.8658240000077058,0.9276018099547512
1,6,131,11,2803,-3962475.581656363,-3961063.9460822702,2305.1804001443074,-3957299.5526937693,3.1846306000079494,0.9279008636875704
1,6,132,11,2814,-3962475.581656363,-3962004.9893108173,1488.1356708105754,-3957299.091123715,2.804327000019839,0.9281974569932685
1,6,133,11,2825,-3962475.581656363,-3962005.0193497823,1487.9816063598166,-3957299.6083591953,3.197535399987828,0.9284916201117318
1,6,134,11,2836,-3962475.581656363,-3962004.9477490783,1488.2546472481313,-3957298.673325535,2.790819100016961,0.9287833827893175
1,6,135,11,2847,-3962475.581656363,-3962475.574580909,0.005316615960402928,-3962475.5650630984,2.831358299998101,0.9290727742888807
1,6,136,11,2858,-3962475.581656363,-3962005.0361088705,1487.9746514070744,-3957299.6471098866,2.822188099991763,0.9293598233995585
1,6,137,11,2869,-3962475.581656363,-3961063.889790097,2305.2577857180218,-3957299.0057205353,3.1469154999940656,0.9296445584463173
1,6,138,10,2879,-3962475.581656363,-3961957.9786329083,1552.7928913845644,-3957299.5999587793,2.798142399988137,0.9299014238773274
1,6,139,10,2889,-3962475.581656363,-3960922.786843168,2371.9252062524847,-3957299.5909258258,2.733442000026116,0.9301564205165515
1,6,140,10,2899,-3962475.581656363,-3961440.3649911983,2070.392300369959,-3957299.520784052,3.0988763000059407,0.9304095686843059
1,6,141,10,2909,-3962475.581656363,-3961957.9724655016,1552.7936191874421,-3957299.591608258,2.70389940001769,0.9306608884073673
1,6,142,10,2919,-3962475.581656363,-3962475.573641068,0.012047632997054487,-3962475.5398141444,2.7448552999994718,0.9309103994242534
1,6,143,10,2929,-3962475.581656363,-3962475.5733330073,0.007587896777412627,-3962475.5581557564,2.7503971999976784,0.9311581211903909
1,6,144,10,2939,-3962475.581656363,-3960922.6604428566,2372.114586857923,-3957298.99320725,2.7417378000100143,0.9314040728831725
1,6,145,10,2949,-3962475.581656363,-3960922.745177099,2371.9898252388048,-3957299.296092918,2.7644756000081543,0.9316482734069064
1,6,146,10,2959,-3962475.581656363,-3961957.9195360495,1552.961036124036,-3957299.036427753,2.742690599989146,0.9318907413976587
1,6,147,10,2969,-3962475.581656363,-3960922.787780489,2371.9242910636012,-3957299.503675515,2.756826099997852,0.9321314952279958
1,6,148,10,2979,-3962475.581656363,-3962475.570335798,0.011457219960771793,-3962475.5475665573,3.16276380000636,0.9323705530116239
1,6,149,10,2989,-3962475.581656363,-3961440.3243438834,2070.502852175653,-3957299.137581898,2.700208800000837,0.9326079326079326
1,6,150,9,2998,-3962475.581656363,-3962475.5787303066,0.0021245632815566503,-3962475.5765473954,2.7160050999955274,0.9328201539538139
1,6,151,9,3007,-3962475.581656363,-3961900.413442631,1626.8153093403698,-3957299.084894743,2.6602317999931984,0.9330310429019881
1,6,152,9,3016,-3962475.581656363,-3961900.399140511,1626.839021929305,-3957299.0035234205,2.6238177999912295,0.933240611961057
1,6,153,9,3025,-3962475.581656363,-3961900.4535059463,1626.701333323497,-3957299.4473309163,2.618216400005622,0.9334488734835356
1,6,154,9,3034,-3962475.581656363,-3961900.3463897672,1626.9802102741708,-3957298.55143187,2.6336341999995057,0.9336558396682793
1,6,155,9,3043,-3962475.581656363,-3962475.5738243014,0.01201883753739342,-3962475.540156644,2.6660461999999825,0.933861522562866
1,6,156,9,3052,-3962475.581656363,-3961900.4069903814,1626.8237114979677,-3957299.0546776354,2.66478890000144,0.9340659340659341
1,6,157,9,3061,-3962475.581656363,-3961325.2823755476,2152.0020403293993,-3957299.050873596,2.9839558000094257,0.9342690859294762
1,6,158,9,3070,-3962475.581656363,-3962475.5788523755,0.003432484875433062,-3962475.570243271,2.5975090000138152,0.9344709897610921
1,6,159,9,3079,-3962475.5817342103,-3962475.5774058327,0.00431472063880933,-3962475.568236416,2.752526600001147,0.9346716570261994
1,6,160,9,3088,-3962475.5817342103,-3962475.574602193,0.006148981153988559,-3962475.5628310554,2.6948598000162747,0.9348710990502035
1,6,161,9,3097,-3962475.5817342103,-3962475.572722589,0.00848699689972759,-3962475.5588621534,2.617723899980774,0.9350693270206291
1,6,162,8,3105,-3962475.5817342103,-3961828.581198263,1711.7962339343526,-3957299.594068058,1.5331146999960765,0.9352445193929174
1,6,163,8,3113,-3962475.5817342103,-3961828.5776880146,1711.806165931917,-3957299.564280214,1.6471724000002723,0.9354187689202825
1,6,164,8,3121,-3962475.5817342103,-3962475.5504492945,0.05195492593862859,-3962475.41768411,1.6655444000207353,0.9355920831935592
1,6,165,8,3129,-3962475.5817342103,-3961828.579551364,1711.7952019947022,-3957299.59515143,2.0187188999843784,0.9357644697223152
1,6,166,8,3137,-3962475.5817342103,-3961828.5810707803,1711.7961798238127,-3957299.5940837413,1.6528813999902923,0.9359359359359359
1,6,167,8,3145,-3962475.5817342103,-3962475.5775514515,0.0036414188163986514,-3962475.568975594,1.648195100016892,0.9361064891846922
1,6,168,8,3153,-3962475.5817342103,-3962475.5771755343,0.0063451960074285005,-3962475.5609661434,1.9575878999894485,0.9362761367407899
1,6,169,8,3161,-3962475.5817342103,-3962475.5760484044,0.006995134722197913,-3962475.558075864,1.9156070000026375,0.9364448857994042
1,6,170,8,3169,-3962475.5817342103,-3962475.5711108875,0.016512311583757898,-3962475.530139953,2.140597500023432,0.9366127434796963
1,6,171,8,3177,-3962475.5817342103,-3962475.577444108,0.005244151285782808,-3962475.564249404,1.6382515000004787,0.936779716825815
1,6,172,8,3185,-3962475.5817544777,-3961181.583444371,2241.2675908689166,-3957299.5927344635,1.6507377999951132,0.9369458128078818
1,6,173,8,3193,-3962475.5817544777,-3961181.573752828,2241.2847560550385,-3957299.550204886,1.6448784999956843,0.937111038322961
1,6,174,8,3201,-3962475.5817544777,-3961828.5759714837,1711.8125533562988,-3957299.5456641465,1.648067300004186,0.9372754001960144
1,6,175,8,3209,-3962475.5817544777,-3962475.5808167076,0.0008015935570376516,-3962475.579736881,1.6613264000043273,0.9374389051808406
1,6,176,7,3216,-3962475.5817544777,-3962475.580273274,0.0010039555624194612,-3962475.5787742585,1.9260393000149634,0.9375812743823146
1,6,177,7,3223,-3962475.5817544777,-3962475.5800369717,0.001412514552642372,-3962475.57772791,1.540875300008338,0.9377229970807655
1,6,178,7,3230,-3962475.5817544777,-3962475.580365184,0.0014783932238623375,-3962475.5773951206,1.5498421000083908,0.9378640776699029
1,6,179,7,3237,-3962475.581764521,-3962475.5809829766,0.0008847009452838154,-3962475.57917664,1.541637999995146,0.9380045205037133
1,6,180,7,3244,-3962475.581783561,-3962475.581445414,0.0004451740834185682,-3962475.5803952552,1.9045730000070762,0.9381443298969072
1,6,181,7,3251,-3962475.581783561,-3962475.579035968,0.0032991099299806365,-3962475.5714733396,1.540772200009087,0.9382835101253616
1,6,182,7,3258,-3962475.581783561,-3962475.581051173,0.0005759780723208552,-3962475.580158256,1.9860652000061236,0.9384220654265555
1,6,183,7,3265,-3962475.581783561,-3962475.5805447474,0.0013219648879664334,-3962475.577936545,1.8991567000048235,0.93856
1,6,184,7,3272,-3962475.581784809,-3962475.5784174916,0.006286548167395691,-3962475.563190082,1.5532475000072736,0.9386973180076629
1,6,185,7,3279,-3962475.581784809,-3962475.5797332237,0.0035776977863244633,-3962475.5712256692,1.5658459999831393,0.9388340235743867
1,6,186,7,3286,-3962475.5817902684,-3962475.5796631244,0.0017807452847482883,-3962475.5768767353,1.550621600006707,0.9389701207883026
1,6,187,7,3293,-3962475.581834957,-3962475.576681522,0.005987217573037041,-3962475.5642985646,1.5605784000072163,0.9391056137012369
1,6,188,7,3300,-3962475.581834957,-3962475.5813954026,0.0005253430972180615,-3962475.580365859,1.5505164999922272,0.9392405063291139
1,6,189,7,3307,-3962475.581834957,-3962475.581165582,0.0008735434547851666,-3962475.579219926,1.8623013999895193,0.9393748026523524
1,6,190,7,3314,-3962475.581834957,-3962475.581168752,0.0008740793394696335,-3962475.5792024117,1.8335400000214577,0.9395085066162571
1,6,191,7,3321,-3962475.581834957,-3962475.5813058135,0.00057624640696333,-3962475.5800352823,1.54335630001151,0.9396416221314052
1,6,192,6,3327,-3962475.581834957,-3962475.577812335,0.008372198699074485,-3962475.5590977,1.4613344999961555,0.9397552557263884
1,6,193,6,3333,-3962475.581834957,-3962475.5814087423,0.0005387356720429266,-3962475.580216067,1.4505577999807429,0.9398684622611964
1,6,194,6,3339,-3962475.581834957,-3962475.5816285214,7.54905841549434e-05,-3962475.5814771783,1.842522100021597,0.9399812441387934
1,6,195,6,3345,-3962475.581834957,-3962475.5774416015,0.007390161562902051,-3962475.5610893536,1.85655600001337,0.9400936037441497
1,6,196,6,3351,-3962475.581834957,-3962475.5808156193,0.0007028685032986458,-3962475.579998547,1.466251400008332,0.9402055434444099
1,6,197,6,3357,-3962475.581834957,-3962475.5812066146,0.0005754392574069566,-3962475.580321802,1.4901612999965437,0.9403170655890581
1,6,198,6,3363,-3962475.581834957,-3962475.5809363723,0.0009414746950430045,-3962475.579180004,1.8001614999957383,0.9404281725100838
1,6,199,6,3369,-3962475.581834957,-3962475.58122039,0.0006217177352461661,-3962475.57999311,1.4384909000073094,0.940538866522143
1,6,200,6,3375,-3962475.581834957,-3962475.5811082795,0.0006424885730752029,-3962475.579965817,1.4486151000019163,0.9406491499227202
1,6,201,6,3381,-3962475.581834957,-3962475.581633584,0.00012365115512238319,-3962475.581377661,1.4502895000041462,0.9407590249922864
1,6,202,6,3387,-3962475.581834957,-3962475.5791735686,0.00468232490455198,-3962475.5688981023,1.463229400018463,0.9408684939944564
1,6,203,6,3393,-3962475.581834957,-3962475.579621932,0.0034585504168255727,-3962475.5719836745,1.77538249999634,0.9409775591761451
1,6,204,6,3399,-3962475.581834957,-3962475.5782822534,0.007367760239481639,-3962475.5618141536,1.4399104999902193,0.9410862227677201
1,6,205,6,3405,-3962475.581834957,-3962475.5809125304,0.0006658384803572072,-3962475.58010575,1.4483359000005294,0.9411944869831547
1,6,206,6,3411,-3962475.581834957,-3962475.5814237506,0.0004982506145198207,-3962475.5804718863,1.7740928000130225,0.9413023540201774
1,6,207,6,3417,-3962475.581834957,-3962475.5803483115,0.0015977339823036111,-3962475.577015016,1.759419899986824,0.9414098260604211
1,6,208,6,3423,-3962475.581834957,-3962475.5806190446,0.0010166383150321107,-3962475.579275433,1.8114783999917563,0.9415169052695705
1,6,209,6,3429,-3962475.581834957,-3962475.581258265,0.0005966967433483252,-3962475.58032272,1.4568851999938488,0.9416235937975068
1,6,210,6,3435,-3962475.581834957,-3962475.5808881707,0.00092813965444532,-3962475.57919026,1.4452523000072688,0.9417298937784522
1,6,211,5,3440,-3962475.581834957,-3962475.5812953785,0.0006641325192290802,-3962475.5799788535,1.6770475000084843,0.9418181818181818
1,6,212,5,3445,-3962475.581834957,-3962475.5816925154,6.690454553815763e-05,-3962475.5816039927,1.3326588000054471,0.9419062027231467
1,6,213,5,3450,-3962475.581834957,-3962475.581404932,0.0005939368209540774,-3962475.5802240856,1.6772840000048745,0.9419939577039275
1,6,214,5,3455,-3962475.581834957,-3962475.581749283,5.0597087573145875e-05,-3962475.5816684384,1.3197691999957897,0.9420814479638009
1,6,215,5,3460,-3962475.581834957,-3962475.581178011,0.0009863511047237925,-3962475.5792136267,1.3648001000110526,0.9421686746987952
1,6,216,5,3465,-3962475.581834957,-3962475.580590865,0.0023584478465362175,-3962475.5758743417,1.690981699997792,0.9422556390977443
1,6,217,5,3470,-3962475.581834957,-3962475.577678792,0.007969744504040277,-3962475.561740622,1.3402866999967955,0.9423423423423424
1,6,218,5,3475,-3962475.581834957,-3962475.5813700682,0.0006603245367087416,-3962475.580059599,1.3577347999962512,0.9424287856071965
1,6,219,5,3480,-3962475.581834957,-3962475.581608896,0.00020942912316524066,-3962475.581231788,1.367277599987574,0.9425149700598803
1,6,220,5,3485,-3962475.581834957,-3962475.5812048255,0.0009873958311833913,-3962475.5792361367,1.357936200016411,0.9426008968609866
1,6,221,5,3490,-3962475.581834957,-3962475.581097413,0.001041133907533124,-3962475.579064302,1.3593655000149738,0.9426865671641791
1,6,222,5,3495,-3962475.581834957,-3962475.581181331,0.0010077463586518234,-3962475.579174282,1.3598163000133354,0.9427719821162444
1,6,223,5,3500,-3962475.581834957,-3962475.5772986757,0.008079670692473097,-3962475.5611991286,1.6818394000001717,0.9428571428571428
1,6,224,5,3505,-3962475.581834957,-3962475.57691395,0.009566379455404684,-3962475.5577818677,1.81199800001923,0.9429420505200594
1,6,225,5,3510,-3962475.581834957,-3962475.5813530013,0.0007016589101600079,-3962475.5799532942,1.6961685999995098,0.943026706231454
1,6,226,5,3515,-3962475.581834957,-3962475.5817507147,4.3819625062454604e-05,-3962475.5816912353,1.339179000002332,0.9431111111111111
1,6,227,5,3520,-3962475.581834957,-3962475.5817008517,7.40005445876071e-05,-3962475.5815819036,1.359474400000181,0.9431952662721893
1,6,228,5,3525,-3962475.581834957,-3962475.57686421,0.008915028629758051,-3962475.5590786766,1.3621303999971133,0.9432791728212703
1,6,229,5,3530,-3962475.581834957,-3962475.5817057565,5.055154615695956e-05,-3962475.58163853,1.3571583000011742,0.9433628318584071
1,6,230,5,3535,-3962475.581834957,-3962475.5816913918,6.785706728564381e-05,-3962475.5816012956,1.6918274999770802,0.9434462444771723
1,6,231,5,3540,-3962475.581834957,-3962475.5816111313,0.0002780495320123775,-3962475.581065586,1.332672399992589,0.9435294117647058
1,6,232,5,3545,-3962475.581834957,-3962475.58171315,7.834207667768344e-05,-3962475.5815869253,1.6767825999995694,0.9436123348017621
1,6,233,4,3549,-3962475.581834957,-3962475.581643528,0.00012352911322118708,-3962475.5814808905,1.5842451000062283,0.9436784980932825
1,6,234,4,3553,-3962475.581834957,-3962475.581684164,0.00012851030718714345,-3962475.581464123,1.249446200003149,0.9437445062994433
1,6,235,4,3557,-3962475.581834957,-3962475.5816812967,0.00011632978675398803,-3962475.581513077,1.2827223999775015,0.9438103599648815
1,6,236,4,3561,-3962475.581851287,-3962475.5817818814,4.890303359421163e-05,-3962475.581734037,1.295394100015983,0.9438760596316866
1,6,237,4,3565,-3962475.581851287,-3962475.581726148,0.00011186118508440483,-3962475.5815372076,1.2780284999753349,0.9439416058394161
1,6,238,4,3569,-3962475.581851287,-3961181.5845853225,2241.268748730852,-3957299.5932391044,1.2702003000013065,0.9440069991251093
1,6,239,4,3573,-3962475.581851287,-3962475.5816844683,9.832537139057649e-05,-3962475.5815173853,1.283512800000608,0.9440722400233033
1,6,240,4,3577,-3962475.581851287,-3961181.584455661,2241.268640058056,-3957299.5932976697,1.2804937999753747,0.944137329066046
1,6,241,4,3581,-3962475.581851287,-3962475.581726915,4.837173562109917e-05,-3962475.581684172,1.2834309999889228,0.944202266782912
1,6,242,4,3585,-3962475.581851287,-3962475.581681636,7.346295030789777e-05,-3962475.581595497,1.279402200016193,0.9442670537010159
1,6,243,4,3589,-3962475.581851287,-3962475.5817149323,8.982798192040614e-05,-3962475.5815680586,1.2791067999787629,0.9443316903450275
1,6,244,4,3593,-3962475.581851287,-3962475.5816066475,0.0003224741701651575,-3962475.58104958,1.6222052000230178,0.944396177237185
1,6,245,4,3597,-3962475.581851287,-3962475.5814254875,0.0002876626130433279,-3962475.5811188817,1.7695268999959808,0.9444605148973098
1,7,0,36,36,3579351.370553665,65873709.73805666,52722656.237725325,193529862.2642745,56.50171360000968,0.14285714285714285
1,7,1,36,72,459051.33406234067,42920144.47282783,43868870.43652769,175143698.88058573,50.91839889998664,0.14035087719298245
1,7,2,35,107,-981516.1998466626,18852046.821251623,25198733.615068026,97731918.24108563,38.92980800001533,0.1625
1,7,3,35,142,-1310221.6832324127,11865862.470053386,16607911.632079208,63215144.493872195,34.57073789997958,0.18
1,7,4,35,177,-1310221.6832324127,13898170.376356,19893349.17190278,61579252.772151455,21.720905900001526,0.21238938053097345
1,7,5,34,211,-1646952.3844313212,8879607.698601905,14794841.251971975,61468573.078176126,36.46700659999624,0.21212121212121213
1,7,6,34,245,-2223851.4424499124,5685078.4546300415,8836926.621813226,34270846.76614318,27.792281100002583,0.20945945945945946
1,7,7,34,279,-2409728.003448586,3649983.7025698936,5686060.375491032,22494338.822911788,25.611091400001897,0.2111801242236025
1,7,8,34,313,-3159841.609153278,1582076.4868444,3565688.567951264,12272341.10020006,32.15639430002193,0.2122905027932961
1,7,9,33,346,-3159841.609153278,1540255.7000833794,3997521.3712585503,12771297.110126609,28.505672100000083,0.21025641025641026
1,7,10,33,379,-3901403.8592672534,1262686.0095484464,4682103.9859370105,13713233.27249176,32.1683628000028,0.23963133640552994
1,7,11,33,412,-3901403.8592672534,1317759.0822166614,5238721.802427981,18271745.634967614,28.151673899992602,0.270042194092827
1,7,12,32,444,-3901403.8592672534,1386103.5655913837,5599258.2309717275,16132690.849715877,33.17049799999222,0.2857142857142857
1,7,13,32,476,-3901403.8592672534,1443325.2921544015,4620944.114234858,13823426.937885728,25.702644300006796,0.3018181818181818
1,7,14,32,508,-3901403.8592672534,1841361.3321297013,5423245.981990681,14375184.118625667,30.273577899992233,0.31756756756756754
1,7,15,31,539,-3901403.8592672534,1133156.4357434937,5825095.681923027,14864257.539462833,30.81029170000693,0.34276729559748426
1,7,16,31,570,-3901403.8592672534,-77156.7572722204,4710893.512219966,15529436.364278302,28.257886299979873,0.36950146627565983
1,7,17,31,601,-3906089.509890411,-1305230.8110383651,3070620.879283845,7857111.057761776,34.991460500023095,0.4
1,7,18,31,632,-3906089.509890411,-1186008.0554450375,3482522.9998052204,10575832.484972768,32.638431300001685,0.41919191919191917
1,7,19,30,662,-3913625.7428034823,-1875009.2698796676,2453886.9435669654,3888880.2809460424,29.552048499986995,0.4491725768321513
1,7,20,30,692,-3917371.708948208,-1973969.7287427108,3717137.136651571,13606211.447450027,28.423671900003683,0.48
1,7,21,30,722,-3944855.5794321615,-2876403.6289422833,2353520.730733997,5970595.488841713,27.906460300000617,0.50625
1,7,22,30,752,-3944855.5794321615,-3085509.1775057972,1897190.3218097074,6175933.302476833,24.344239500002004,0.5352941176470588
1,7,23,29,781,-3944855.5794321615,-2444180.4081312986,3314251.966416572,9616730.136638898,22.486565600003814,0.5584415584415584
1,7,24,29,810,-3944855.5794321615,-2484315.790694398,3718093.581413636,12815361.679501127,20.31910809999681,0.5795053003533569
1,7,25,29,839,-3944855.5794321615,-2914841.5448432644,2335193.9724870645,7858413.920176895,23.32675029998063,0.5993265993265994
1,7,26,29,868,-3944855.5794321615,-2683820.4349910454,3270447.6889536027,11003413.148556028,21.44481790001737,0.6167471819645732
1,7,27,28,896,-3944855.5794321615,-3510525.8993725055,1336014.3865449447,2658956.0923390696,20.79922109999461,0.6327160493827161
1,7,28,28,924,-3953017.665693097,-3451935.7456052406,2148975.919981162,7705072.324640212,15.916132899990771,0.6474074074074074
1,7,29,28,952,-3953017.665693097,-3145907.2924324875,2986245.1236550584,11798614.494794583,17.489488399995025,0.6609686609686609
1,7,30,28,980,-3957132.3606627025,-3427329.8690787293,1755072.7110159898,4817661.567571999,20.812861299986253,0.6726027397260274
1,7,31,27,1007,-3957132.3606627025,-3824841.2190564037,373057.52827722154,-1952347.4208922908,18.45627080000122,0.6842800528401585
1,7,32,27,1034,-3957132.3606627025,-3738638.1372838323,796163.8155469174,293507.7316156123,16.341234699997585,0.6951530612244898
1,7,33,27,1061,-3961219.355212627,-3840975.0092682783,344495.2583676151,-2138681.474358201,16.5339048000169,0.7053020961775586
1,7,34,27,1088,-3961219.355212627,-3922758.721848967,36124.82752803089,-3830823.1852800753,16.3680990000139,0.7147971360381862
1,7,35,26,1114,-3961219.355212627,-3370228.1847633254,2795829.1354748197,10607936.734877137,12.62128219997976,0.7230590961761297
1,7,36,26,1140,-3961219.355212627,-3937663.161765553,20720.372915010696,-3870101.978702167,15.087110699998448,0.7311586051743532
1,7,37,26,1166,-3961219.355212627,-3931015.116096353,45559.87468894638,-3772500.416800158,12.88522140000714,0.7387978142076502
1,7,38,26,1192,-3961464.7721771635,-3939458.2109294576,30508.039667012257,-3818706.2965887524,8.881682600011118,0.7460148777895855
1,7,39,25,1217,-3961885.581465073,-3949690.6787985037,8497.94591674603,-3919591.9674126133,10.787333600019338,0.7525879917184265
1,7,40,25,1242,-3961885.581465073,-3948805.894846303,13623.011012472603,-3907935.221161699,12.640558599989163,0.7588294651866802
1,7,41,25,1267,-3961885.581465073,-3951876.0472006737,10050.77190412867,-3921253.9164791293,14.352309200010495,0.764763779527559
1,7,42,25,1292,-3962417.1495063268,-3947594.800962367,17486.161422150544,-3902709.4483807907,8.949625899986131,0.7704130643611912
1,7,43,25,1317,-3962417.1495063268,-3954907.614377154,6012.102371161682,-3935040.027883757,8.512928899988765,0.775797373358349
1,7,44,24,1341,-3962417.1495063268,-3954990.6144804372,5977.122922588016,-3942319.9359632935,7.783365800016327,0.7807339449541284
1,7,45,24,1365,-3962417.1495063268,-3953267.615228141,11213.277191125502,-3917852.038795052,6.338104000024032,0.7854578096947935
1,7,46,24,1389,-3962417.1495063268,-3955546.9180544005,6760.572848554546,-3940101.3003840353,7.4048406000074465,0.7899824253075571
1,7,47,24,1413,-3962417.1495063268,-3957174.966973778,4848.168511265026,-3945136.194008479,8.004930800001603,0.7943201376936316
1,7,48,23,1436,-3962417.1495063268,-3959980.1425701166,3119.449931483623,-3947473.2790224683,7.243915200000629,0.7983122362869198
1,7,49,23,1459,-3962417.1495063268,-3957139.5574260103,7960.4465189433,-3928071.288917899,5.045218799990835,0.8021523178807947
1,7,50,23,1482,-3962417.1495063268,-3957473.988798422,9475.926343828145,-3927983.573231658,4.862133399990853,0.8058489033306255
1,7,51,23,1505,-3962420.473544022,-3961092.9146433757,3032.0777972512906,-3947156.578058999,5.291378399997484,0.8094098883572568
1,7,52,23,1528,-3962420.473544022,-3959352.8261139872,4912.061364807434,-3942328.6515528057,7.788488499994855,0.8128425998433829
1,7,53,22,1550,-3962420.473544022,-3960300.137464903,3772.364667548537,-3945160.892512059,4.883242699987022,0.8160123171670516
1,7,54,22,1572,-3962420.473544022,-3960803.7746930327,3536.4337413014787,-3945862.4553340673,4.717520300007891,0.8190764572293717
1,7,55,22,1594,-3962435.4313757364,-3961445.74522716,1168.1457994498735,-3957356.8214365505,5.181061099981889,0.8220402084884587
1,7,56,22,1616,-3962444.8698721454,-3961393.1050096317,1967.8653294559012,-3955753.9345155377,4.8058142000227235,0.8249084249084249
1,7,57,22,1638,-3962451.411294583,-3960841.9950596243,2324.7301892685155,-3955347.134813413,5.125903899985133,0.8276856524873828
1,7,58,21,1659,-3962465.655048486,-3962223.329870305,292.267992815758,-3961067.374859944,4.582881600013934,0.8302556818181818
1,7,59,21,1680,-3962465.655048486,-3961084.8596435105,3656.6948411920166,-3946219.904161414,5.019233200000599,0.8327501749475158
1,7,60,21,1701,-3962474.2136391997,-3960790.488021684,3817.0486462810077,-3945673.7712669484,4.707248999999138,0.8351724137931035
1,7,61,21,1722,-3962474.2136391997,-3959242.2747757086,5876.288518142703,-3944349.6804367714,4.680914199998369,0.8375254928619986
1,7,62,21,1743,-3962474.2136391997,-3960610.683110168,3700.4688232599005,-3946200.0952558815,4.702822500024922,0.8398123324396782
1,7,63,21,1764,-3962474.2136391997,-3960243.80616736,5125.270771323695,-3943731.7777633946,4.997781600017333,0.8420356906807667
1,7,64,20,1784,-3962474.2136391997,-3961559.5584516735,3496.5284216104724,-3946327.085403079,4.92837259999942,0.8440965427266797
1,7,65,20,1804,-3962474.4804357067,-3961532.810452697,3524.1065415437956,-3946194.116450174,4.885872000013478,0.8461043142305216
1,7,66,20,1824,-3962474.4804357067,-3960498.7259389684,5142.585057800009,-3944228.324046498,4.6011957000009716,0.8480610298792117
1,7,67,20,1844,-3962474.4804357067,-3962399.2269444577,101.05537198776179,-3962089.4075426683,4.603733199997805,0.8499686126804771
1,7,68,20,1864,-3962474.4804357067,-3961623.2980170576,3528.2447218298353,-3946245.156991832,4.767224300012458,0.851828890266584
1,7,69,19,1883,-3962474.4804357067,-3960691.98066986,5006.670896400233,-3946002.851989977,4.530277100013336,0.8535539215686274
1,7,70,19,1902,-3962474.4804357067,-3961232.204737065,3650.0261192349453,-3946173.2482888885,4.564567800000077,0.8552392489400363
1,7,71,19,1921,-3962474.4804357067,-3960722.303753699,4994.360351561884,-3946156.491394531,4.494982999982312,0.8568862275449102
1,7,72,19,1940,-3962474.4804357067,-3962462.0466059707,14.370271709922918,-3962408.393333731,4.833752000005916,0.8584961515689757
1,7,73,19,1959,-3962475.535132071,-3961598.864416516,3653.811020390212,-3946097.2748814374,4.798868499987293,0.8600702576112412
1,7,74,19,1978,-3962475.535132071,-3961581.9153131703,3649.9951600103677,-3946099.211516246,4.763364799990086,0.861609727851766
1,7,75,18,1996,-3962475.535132071,-3960647.6053653155,5122.982408232466,-3946156.750792684,4.412601199990604,0.8630372492836677
1,7,76,18,2014,-3962475.535132071,-3961562.464954551,3736.6585088296974,-3946155.8506447505,4.405026499996893,0.8644356211003971
1,7,77,18,2032,-3962475.535132071,-3962462.8803939754,18.715687444614094,-3962408.0858301427,4.4082139000238385,0.8658057271195957
1,7,78,18,2050,-3962475.535132071,-3961564.15942479,3739.475470180408,-3946145.928958671,4.480561799980933,0.8671484157865481
1,7,79,18,2068,-3962475.535132071,-3960659.9720512843,5127.78758622205,-3946153.713581415,4.474946700007422,0.868464501926252
1,7,80,18,2086,-3962475.535132071,-3962471.6461486667,5.0748447936816685,-3962454.3580664545,4.403908600012073,0.8697547683923705
1,7,81,17,2103,-3962475.5481653754,-3962473.4003309957,3.6990387748623124,-3962459.2409775537,4.731711800006451,0.8709503239740821
1,7,82,17,2120,-3962475.5481653754,-3962466.007958742,10.427367195284164,-3962439.2461652104,4.227199099987047,0.8721241305510968
1,7,83,17,2137,-3962475.5481653754,-3962472.159895898,5.3300770778888715,-3962452.3345091026,4.361737400002312,0.8732767762460233
1,7,84,17,2154,-3962475.5481653754,-3962473.1878575953,2.5224361911763316,-3962467.41777445,4.37245900000562,0.8744088281660536
1,7,85,17,2171,-3962475.5481653754,-3962474.3363870867,1.694948505464502,-3962468.3548274953,4.300353700004052,0.8755208333333333
1,7,86,17,2188,-3962475.55900982,-3962475.0400373666,0.5385829473591989,-3962473.5813072342,4.2896259000117425,0.8766133195663397
1,7,87,17,2205,-3962475.55900982,-3962472.48858234,9.013112424834977,-3962436.576945126,4.298041900008684,0.8776867963152508
1,7,88,16,2221,-3962475.55900982,-3962471.380182212,12.835175058803717,-3962421.852759756,3.601939299987862,0.8786802030456853
1,7,89,16,2237,-3962475.55900982,-3962473.724951144,2.2187598394266437,-3962468.918801414,3.664383800001815,0.8796576032225579
1,7,90,16,2253,-3962475.55900982,-3962474.8223637184,0.6545329037433038,-3962473.4565597344,3.719689399993513,0.8806193806193806
1,7,91,16,2269,-3962475.5648490265,-3962475.3787524486,0.20223280268733101,-3962474.836407773,3.684756300004665,0.8815659068384539
1,7,92,16,2285,-3962475.5648490265,-3962474.719173342,0.9794467320979962,-3962472.1466533598,3.3039474000106566,0.8824975417895772
1,7,93,16,2301,-3962475.5648490265,-3962474.855275007,0.7141611509112745,-3962473.281167999,3.6181983999849763,0.8834146341463415
1,7,94,16,2317,-3962475.5648490265,-3962474.96975677,0.7516542440592859,-3962472.571974702,3.6002104000071995,0.8843175217812197
1,7,95,15,2332,-3962475.569886742,-3962475.044014068,0.8777171029837634,-3962472.371660959,3.5434076000237837,0.885151369533878
1,7,96,15,2347,-3962475.569886742,-3962475.299038061,0.4391642556270008,-3962474.0060186274,3.5351419000071473,0.8859732824427481
1,7,97,15,2362,-3962475.5721235983,-3962475.4106311323,0.2865610516287753,-3962474.5592414886,3.205959000013536,0.886783514921838
1,7,98,15,2377,-3962475.5745712146,-3962475.309101301,0.636974053727557,-3962473.011715777,3.565903000009712,0.8875823142050799
1,7,99,15,2392,-3962475.5745712146,-3962475.4026211505,0.2183366346815035,-3962474.923536906,3.1666514999815263,0.8883699205978515
1,7,100,15,2407,-3962475.5745712146,-3962475.2162521463,0.7353132686721876,-3962472.649161335,3.5658327999990433,0.8891465677179963
1,7,101,15,2422,-3962475.5745712146,-3962475.446888182,0.17272305262062113,-3962475.0172818433,3.2408389000047464,0.889912482726854
1,7,102,14,2436,-3962475.5745712146,-3962475.1156360623,0.5549312412571883,-3962474.0748843905,3.158489699999336,0.8906178489702518
1,7,103,14,2450,-3962475.5745712146,-3962475.3228280647,0.4465169556483885,-3962474.2276468407,3.1002702999976464,0.8913142337426103
1,7,104,14,2464,-3962475.5745712146,-3962475.2075681165,0.5535328774297282,-3962473.827162629,3.1482918999972753,0.8920018075011297
1,7,105,14,2478,-3962475.576651845,-3962475.383376501,0.3119194995635321,-3962474.388633514,3.1049247999908403,0.8926807364167041
1,7,106,14,2492,-3962475.576651845,-3962474.6239561364,2.5978032812398824,-3962465.3809511326,3.5486687000084203,0.893351182507809
1,7,107,14,2506,-3962475.576651845,-3962475.331610667,0.6139374659956355,-3962473.169334829,3.3919829999795184,0.8940133037694014
1,7,108,14,2520,-3962475.576651845,-3962475.2535282345,0.5686501792941311,-3962473.4090303555,3.3592542999831494,0.8946672542970472
1,7,109,14,2534,-3962475.576651845,-3962475.4799325713,0.18259925489231787,-3962474.8459262066,3.4092210000089835,0.8953131844064827
1,7,110,13,2547,-3962475.576651845,-3962475.356996378,0.3841181864082306,-3962474.118484266,2.9680559000116773,0.8959059233449478
1,7,111,13,2560,-3962475.5767186712,-3962475.4621309633,0.1819150412936823,-3962474.8915551174,3.0006325999856927,0.8964919878735383
1,7,112,13,2573,-3962475.577443907,-3962475.3227924313,0.3342529519507954,-3962474.6776329856,3.1151697000022978,0.897071490094746
1,7,113,13,2586,-3962475.577443907,-3962475.4773961534,0.16613729181490106,-3962475.0641709417,3.06438860000344,0.897644539614561
1,7,114,13,2599,-3962475.577443907,-3962475.296604723,0.35666202395618,-3962474.564534962,3.4077350000152364,0.8982112436115843
1,7,115,13,2612,-3962475.577443907,-3962475.517385681,0.07225320361750513,-3962475.34841362,2.979653699992923,0.8987717069038543
1,7,116,13,2625,-3962475.577443907,-3962475.3009853787,0.40667527307321005,-3962474.3871062584,3.3224383000051603,0.8993260320134794
1,7,117,13,2638,-3962475.577443907,-3962475.3860495915,0.23244573324905096,-3962474.934693191,2.9880073000094853,0.899874319229158
1,7,118,13,2651,-3962475.577443907,-3962474.302516409,4.023359951053107,-3962460.3748369776,3.0205027999763843,0.9004166666666666
1,7,119,12,2663,-3962475.577443907,-3962475.4969283887,0.1385874502026375,-3962475.0708380286,3.3204040999989957,0.9009121061359867
1,7,120,12,2675,-3962475.5785841085,-3962475.450497651,0.2555785608161136,-3962474.706389647,3.2319830000051297,0.9014026402640264
1,7,121,12,2687,-3962475.579295924,-3962475.5214067805,0.13384260761780498,-3962475.080629468,2.935547300003236,0.9018883415435139
1,7,122,12,2699,-3962475.579295924,-3962475.534813224,0.04800707381595963,-3962475.4252011795,3.2371664000093006,0.9023692810457516
1,7,123,12,2711,-3962475.579295924,-3962475.5248773,0.07239958066445028,-3962475.3140465524,2.914008500025375,0.9028455284552845
1,7,124,12,2723,-3962475.579295924,-3962475.506285057,0.08032919687379272,-3962475.2902125325,2.924251499993261,0.9033171521035599
1,7,125,12,2735,-3962475.579295924,-3961115.6038313094,4510.230189230054,-3946156.8625822887,2.915530600002967,0.9037842190016103
1,7,126,12,2747,-3962475.579295924,-3962475.4901395435,0.22770098429887997,-3962474.7407649644,2.935830900009023,0.9042467948717948
1,7,127,12,2759,-3962475.5807549134,-3962475.5314143146,0.0865417792807078,-3962475.261913173,2.96894330001669,0.9047049441786283
1,7,128,11,2770,-3962475.5807549134,-3962475.4687376986,0.18425472653852154,-3962474.9600433,3.2265607000153977,0.9051210797935689
1,7,129,11,2781,-3962475.5807549134,-3958024.9930772553,7267.676847389804,-3946156.9175610095,3.156890799989924,0.9055335968379447
1,7,130,11,2792,-3962475.5807549134,-3960992.0056733694,4691.272394937701,-3946156.8997850157,2.792749999993248,0.9059425423061787
1,7,131,11,2803,-3962475.5807549134,-3962475.497489898,0.13923293669880987,-3962475.1530286465,2.8248116000031587,0.9063479623824452
1,7,132,11,2814,-3962475.5807549134,-3960991.790181137,4691.891016109397,-3946154.728039831,3.1706552999967244,0.906749902458057
1,7,133,11,2825,-3962475.5807549134,-3962475.5606378536,0.027693269024213884,-3962475.474781759,2.794547400000738,0.9071484071484072
1,7,134,11,2836,-3962475.5807549134,-3962475.564859006,0.015454886252351417,-3962475.5194697306,2.859330300008878,0.9075435203094777
1,7,135,11,2847,-3962475.5807549134,-3960992.0641997685,4691.269418936624,-3946156.967718439,2.9056706999836024,0.9079352850539292
1,7,136,11,2858,-3962475.5807549134,-3962475.5738156904,0.005974457292196505,-3962475.5598593634,3.197737700014841,0.9083237437667817
1,7,137,11,2869,-3962475.5807549134,-3962475.546039893,0.06565860685049377,-3962475.366439337,2.8346390999795403,0.9087089381207029
1,7,138,10,2879,-3962475.5807549134,-3962475.5635998277,0.017318312589639822,-3962475.535314942,2.7661459000082687,0.9090563165905632
1,7,139,10,2889,-3962475.5807549134,-3962475.570231666,0.013790648587355481,-3962475.5322172455,2.7312598999997135,0.9094010614101592
1,7,140,10,2899,-3962475.5807549134,-3962475.5150880767,0.06774382037398252,-3962475.40954965,2.7282723000098485,0.9097432024169184
1,7,141,10,2909,-3962475.5807549134,-3962475.5298702726,0.08977975648340643,-3962475.3353582043,2.7447979999997187,0.9100827689992476
1,7,142,10,2919,-3962475.5807549134,-3962475.5729169995,0.014041060481793603,-3962475.53179159,3.101165400003083,0.9104197901049476
1,7,143,10,2929,-3962475.5807549134,-3962475.5574857024,0.01502799527600601,-3962475.536690457,2.7304670000157785,0.9107542942494399
1,7,144,10,2939,-3962475.5807549134,-3962475.541529669,0.04308445988299278,-3962475.438052118,2.787285200000042,0.9110863095238095
1,7,145,10,2949,-3962475.580919884,-3962475.5592235564,0.0303213952951342,-3962475.48471155,2.756535900000017,0.9114158636026687
1,7,146,10,2959,-3962475.580919884,-3962475.5636027753,0.02083753392747346,-3962475.5160448067,2.7412935000029393,0.9117429837518464
1,7,147,10,2969,-3962475.580919884,-3962475.5484076017,0.04620585189004722,-3962475.416509403,2.8201432999921963,0.9120676968359087
1,7,148,10,2979,-3962475.580919884,-3962475.5203641118,0.09196047952184756,-3962475.259875264,2.739478599978611,0.9123900293255132
1,7,149,10,2989,-3962475.581366075,-3962475.56737734,0.019457825661357096,-3962475.512948975,2.7469810000038706,0.912710007304602
1,7,150,9,2998,-3962475.581366075,-3960662.3071709853,5128.646977718989,-3946156.302946143,2.731363800005056,0.9129959956315981
1,7,151,9,3007,-3962475.581366075,-3958849.181635613,6784.297100828038,-3946156.9059858564,2.670504899986554,0.9132801161103048
1,7,152,9,3016,-3962475.581366075,-3962475.556460622,0.024255111005735863,-3962475.4992799945,2.691445600008592,0.9135623869801085
1,7,153,9,3025,-3962475.581366075,-3962475.54295772,0.060886680299880376,-3962475.415287288,2.6579958999936935,0.9138428262436914
1,7,154,9,3034,-3962475.581366075,-3962475.5437558773,0.05382574174834495,-3962475.411362782,2.6966164999757893,0.9141214516708588
1,7,155,9,3043,-3962475.581366075,-3958849.1987912636,6784.300112488998,-3946156.908308558,2.708343500009505,0.9143982808022922
1,7,156,9,3052,-3962475.581366075,-3962475.5664439583,0.0152721474984444,-3962475.5394136366,2.634513400000287,0.914673330953231
1,7,157,9,3061,-3962475.581366075,-3958849.1779363733,6784.302410378848,-3946156.906151181,3.002810900012264,0.9149466192170819
1,7,158,9,3070,-3962475.581366075,-3962475.571642753,0.010600964446918687,-3962475.5445486046,2.6308832000067923,0.9152181624689606
1,7,159,9,3079,-3962475.581366075,-3962475.571371253,0.012075898632792651,-3962475.5401634797,2.6853746000269894,0.9154879773691655
1,7,160,9,3088,-3962475.581366075,-3962475.557165099,0.017194453015724302,-3962475.530201722,2.6429819999902975,0.9157560803665844
1,7,161,9,3097,-3962475.581366075,-3960662.3553948733,5128.547076707748,-3946156.6337325964,2.9959381999797188,0.916022487702038
1,7,162,8,3105,-3962475.581366075,-3962475.5669748196,0.027431917671247356,-3962475.4957672767,1.8202941000054125,0.9162578836720392
1,7,163,8,3113,-3962475.581366075,-3962475.5553339818,0.04744279922152288,-3962475.4342368934,2.0668965999793727,0.916491963661775
1,7,164,8,3121,-3962475.581366075,-3962475.5606422354,0.01836970176565314,-3962475.522523295,2.0340668999997433,0.9167247386759582
1,7,165,8,3129,-3962475.581366075,-3962475.554538653,0.04747663098898105,-3962475.430653332,1.6394338000100106,0.9169562195969423
1,7,166,8,3137,-3962475.5814546254,-3960435.691781087,5396.992032174449,-3946156.5930362213,1.7025237000198103,0.9171864171864171
1,7,167,8,3145,-3962475.5814546254,-3962475.5704273162,0.015823173483615064,-3962475.53351653,1.6721421999973245,0.9174153420870768
1,7,168,8,3153,-3962475.5814546254,-3960435.7639476196,5396.813119469332,-3946157.1385613307,1.9762870999984443,0.9176430048242591
1,7,169,8,3161,-3962475.5814546254,-3962475.5793685513,0.0030895201004520942,-3962475.571670506,1.6306154000048991,0.9178694158075601
1,7,170,8,3169,-3962475.5814546254,-3960435.7785521615,5396.782362229264,-3946157.2345417887,2.0131406000000425,0.9180945853324195
1,7,171,8,3177,-3962475.5814546254,-3962475.578789082,0.0017732628893680322,-3962475.5762442052,1.640898899990134,0.9183185235816814
1,7,172,8,3185,-3962475.5814546254,-3962475.5682404777,0.027323695550264166,-3962475.496240359,2.023101200000383,0.9185412406271302
1,7,173,8,3193,-3962475.5814546254,-3962475.573405996,0.013890272819836274,-3962475.53730195,1.9610635999997612,0.9187627464309993
1,7,174,8,3201,-3962475.5814546254,-3960435.744860512,5396.891408669377,-3946156.9123403635,1.6589922000130173,0.9189830508474576
1,7,175,8,3209,-3962475.5814546254,-3962475.5693996185,0.013715554118998555,-3962475.5389702804,1.9761268999718595,0.9192021636240704
1,7,176,7,3216,-3962475.5814546254,-3962475.570286432,0.009620075512396187,-3962475.557077756,1.8626716999860946,0.9193929173693086
1,7,177,7,3223,-3962475.5814546254,-3960144.357586258,5710.300964889893,-3946157.03394456,1.524494199984474,0.9195827725437415
1,7,178,7,3230,-3962475.5814546254,-3962475.56667925,0.013190341979550815,-3962475.5487861,1.5566893999930471,0.9197717354817053
1,7,179,7,3237,-3962475.5814546254,-3962475.569225552,0.015079035574939439,-3962475.540211292,1.88613530001021,0.919959812458138
1,7,180,7,3244,-3962475.5814546254,-3962475.577173661,0.006355945169048602,-3962475.566741865,1.5170834999880753,0.920147009689275
1,7,181,7,3251,-3962475.5814546254,-3962475.5774197197,0.006275413047730577,-3962475.5623600483,1.9084888999932446,0.9203333333333333
1,7,182,7,3258,-3962475.5814546254,-3962475.580824257,0.0008217855278088782,-3962475.5788879693,1.5261846000212245,0.9205187894911873
1,7,183,7,3265,-3962475.5814546254,-3962475.5780102313,0.006123423351241965,-3962475.5631327443,1.8823000999982469,0.9207033842070338
1,7,184,7,3272,-3962475.5814546254,-3962475.579247664,0.0025609598047950824,-3962475.574080035,1.895770300005097,0.92088712346905
1,7,185,7,3279,-3962475.5814546254,-3962475.575010828,0.011350588422178181,-3962475.5474990886,1.8637702999985777,0.9210700132100397
1,7,186,7,3286,-3962475.5814546254,-3962475.5501665003,0.057477120293416964,-3962475.4104196075,1.5507153999933507,0.9212520593080725
1,7,187,7,3293,-3962475.5814706758,-3962475.578245807,0.004705172924714327,-3962475.570025742,1.5486126999894623,0.9214332675871137
1,7,188,7,3300,-3962475.5814706758,-3962475.5682039177,0.02144044338597007,-3962475.516691638,1.90507940002135,0.9216136438176451
1,7,189,7,3307,-3962475.5814706758,-3962475.5757785914,0.006095221868799303,-3962475.567998592,1.872998999984702,0.9217931937172775
1,7,190,7,3314,-3962475.5814706758,-3962475.5797439255,0.0020196599918171614,-3962475.5763717927,1.534271999989869,0.9219719229513549
1,7,191,7,3321,-3962475.5814706758,-3962475.5719893873,0.01239600017291744,-3962475.545824079,1.9205495000060182,0.9221498371335505
1,7,192,6,3327,-3962475.581475418,-3962475.5666903644,0.012827149960377489,-3962475.5500637945,1.4258956999983639,0.9223016905071522
1,7,193,6,3333,-3962475.581475418,-3962475.5766616394,0.007984448309136756,-3962475.558999855,1.452321499993559,0.9224529526281635
1,7,194,6,3339,-3962475.5814849455,-3962475.5747466213,0.01295699569023133,-3962475.545812618,1.4539422999951057,0.9226036269430051
1,7,195,6,3345,-3962475.5814849455,-3962475.575788108,0.008485838996291607,-3962475.5572614763,1.458821199979866,0.922753716871364
1,7,196,6,3351,-3962475.5814849455,-3962475.578899795,0.003276560964745843,-3962475.573646281,1.4515841999964323,0.9229032258064516
1,7,197,6,3357,-3962475.5814849455,-3962475.5704564345,0.006692179485109019,-3962475.561857268,1.4434878999891225,0.9230521571152608
1,7,198,6,3363,-3962475.5814849455,-3962475.577095197,0.006429490367918012,-3962475.5640343335,1.8916121000074781,0.9232005141388174
1,7,199,6,3369,-3962475.5814849455,-3962475.5787538174,0.002973841105996341,-3962475.5728800315,1.7886174000159372,0.9233483001924311
1,7,200,6,3375,-3962475.5814849455,-3962475.5740754665,0.010858255207160777,-3962475.5502289534,1.7417520000017248,0.9234955185659411
1,7,201,6,3381,-3962475.5814849455,-3962475.580257436,0.0014836327281437269,-3962475.577108901,1.4416898000054061,0.9236421725239616
1,7,202,6,3387,-3962475.5814849455,-3962475.579339407,0.0020603033785311056,-3962475.576300606,1.4554699000145774,0.9237882653061225
1,7,203,6,3393,-3962475.5814849455,-3962475.578217808,0.005065441960369055,-3962475.5670949444,1.4548452000017278,0.9239338001273074
1,7,204,6,3399,-3962475.5814849455,-3962475.574570875,0.013315568936966107,-3962475.5449729897,1.8415829000005033,0.9240787801778907
1,7,205,6,3405,-3962475.5814849455,-3962475.5810898184,0.00040466137612518884,-3962475.5803666916,1.4579220000014175,0.9242232086239696
1,7,206,6,3411,-3962475.5814849455,-3962475.581292232,0.00023306415850243327,-3962475.580833394,1.772472700016806,0.924367088607595
1,7,207,6,3417,-3962475.581497144,-3962475.566953471,0.01996117889249561,-3962475.531839747,1.4350864999869373,0.9245104232469994
1,7,208,6,3423,-3962475.581497144,-3962475.5808242336,0.0005590578901123206,-3962475.579951778,1.4679861000040546,0.9246532156368222
1,7,209,6,3429,-3962475.581497144,-3962475.574780611,0.01396444678986183,-3962475.543564724,1.4535528999986127,0.9247954688483323
1,7,210,6,3435,-3962475.581497144,-3962475.5772317373,0.005289395959867494,-3962475.569635827,1.4624791000096593,0.9249371859296482
1,7,211,5,3440,-3962475.581497144,-3962475.581376545,6.158734383773539e-05,-3962475.581296604,1.7022228999994695,0.92505487613672
1,7,212,5,3445,-3962475.581497144,-3962475.5772509864,0.00829765834241267,-3962475.5606562644,1.7115515999903437,0.9251721978710081
1,7,213,5,3450,-3962475.581497144,-3962475.5812995806,0.00016255713303875774,-3962475.5810653158,1.36114570000791,0.9252891528602688
1,7,214,5,3455,-3962475.581497144,-3962475.5802187757,0.0017569169288343175,-3962475.5767493006,1.6899446999887004,0.9254057428214731
1,7,215,5,3460,-3962475.581497144,-3962475.581182649,0.00037664181679210123,-3962475.580442285,1.333305800013477,0.9255219694608913
1,7,216,5,3465,-3962475.581497144,-3962475.5807610876,0.001090577497530721,-3962475.578583939,1.3658270000014454,0.9256378344741755
1,7,217,5,3470,-3962475.58152692,-3962475.5806658044,0.001355113675925323,-3962475.5779777505,1.3619872000126634,0.925753339546443
1,7,218,5,3475,-3962475.58152692,-3962475.581440687,8.947931915693241e-05,-3962475.581270287,1.3589925999986008,0.9258684863523573
1,7,219,5,3480,-3962475.58152692,-3962475.58134796,0.00014418164832925487,-3962475.5811053496,1.367284199979622,0.9259832765562094
1,7,220,5,3485,-3962475.58152692,-3962475.5810624035,0.0005307682508787711,-3962475.580029579,1.6848596000054386,0.9260977118119975
1,7,221,5,3490,-3962475.58152692,-3962475.5812798366,9.29831425272226e-05,-3962475.5811133124,1.6567240000003949,0.9262117937635073
1,7,222,5,3495,-3962475.5815792605,-3962475.5811817097,0.0006310336712106487,-3962475.5799230374,1.346124300005613,0.9263255240443896
1,7,223,5,3500,-3962475.5815792605,-3962475.580701469,0.0009820900993788558,-3962475.5787483677,1.7954706000164151,0.9264389042782395
1,7,224,5,3505,-3962475.5815792605,-3962475.5812113783,0.0003064032834350634,-3962475.580603011,1.3399735999992117,0.9265519360786724
1,7,225,5,3510,-3962475.5815792605,-3959211.8450428145,6527.472187687286,-3946156.90066744,1.3801203000184614,0.9266646210494016
1,7,226,5,3515,-3962475.5815792605,-3962475.5808788165,0.0005011877944489664,-3962475.5802659914,1.3569294000044465,0.9267769607843137
1,7,227,5,3520,-3962475.5815792605,-3962475.58127064,9.328655827506652e-05,-3962475.5811746754,1.697569099982502,0.9268889568675436
1,7,228,5,3525,-3962475.5815792605,-3962475.5809221724,0.0002044113919924334,-3962475.580532415,1.3372304000076838,0.9270006108735491
1,7,229,5,3530,-3962475.5815792605,-3962475.581163837,0.0003927003571247997,-3962475.580428444,1.3659556999919005,0.9271119243671851
1,7,230,5,3535,-3962475.5815792605,-3962475.581303993,8.142260180500478e-05,-3962475.5811741017,1.6862741999793798,0.9272228989037758
1,7,231,5,3540,-3962475.5815792605,-3962475.5814411836,8.84207774337956e-05,-3962475.5812926274,1.3538123000180349,0.9273335360291882
1,7,232,5,3545,-3962475.5815792605,-3962475.581099403,0.0004343557181066621,-3962475.580300918,1.6766638999979477,0.9274438372799029
1,7,233,4,3549,-3962475.5815792605,-3962475.5812880425,0.00019708970592127696,-3962475.58099591,1.2583370999782346,0.927531837477259
1,7,234,4,3553,-3962475.5815792605,-3962475.5811678246,0.00032581171344546976,-3962475.5806127936,1.2825235000054818,0.9276196244700182
1,7,235,4,3557,-3962475.581583198,-3962475.5814513057,8.84409443647397e-05,-3962475.5813449565,1.2884600999823306,0.9277071990320629
1,7,236,4,3561,-3962475.581583198,-3962475.5813498893,0.00015359289571792114,-3962475.581123298,1.2866249000071548,0.9277945619335347
1,7,237,4,3565,-3962475.581583198,-3962475.5809776583,0.00043005239617864257,-3962475.5802380126,1.6576156000082847,0.927881713940857
1,7,238,4,3569,-3962475.581583198,-3962475.5811777627,0.0003674318162954856,-3962475.5805484187,1.2799729999969713,0.9279686558167571
1,7,239,4,3573,-3962475.581583198,-3962475.5812295894,0.00028371873986205896,-3962475.5808358286,1.2859397000283934,0.928055388320289
1,7,240,4,3577,-3962475.581583198,-3962475.581402344,7.361258595222793e-05,-3962475.581277471,1.6176852000062354,0.928141912206855
1,7,241,4,3581,-3962475.581583198,-3962475.5812171535,0.00035808321623380005,-3962475.580625117,1.2797643000085372,0.9282282282282283
1,7,242,4,3585,-3962475.581583198,-3962475.5812020623,0.000235455882488405,-3962475.5807963386,1.278782500012312,0.9283143371325735
1,7,243,4,3589,-3962475.581583198,-3962475.581294421,0.00012376638405099642,-3962475.581199426,1.6092214999953285,0.9284002396644697
1,7,244,4,3593,-3962475.581583198,-3962475.581263623,0.00019573893867381876,-3962475.580994701,1.25407890000497,0.9284859365649312
1,7,245,4,3597,-3962475.581583198,-3962475.5813290705,0.0001857932685264874,-3962475.5810293388,1.2878035999892745,0.9285714285714286
1,8,0,36,36,222885.9920135811,84312346.71909514,59547620.863239035,211392675.92069465,56.50427070001024,0.17857142857142858
1,8,1,36,72,-501694.08269700035,70748850.6013969,49548969.79355594,182107693.44974038,51.31758380000247,0.2033898305084746
1,8,2,35,107,-2857330.377072919,39292468.128582865,35794609.00527058,150307889.62247682,45.03968780001742,0.21839080459770116
1,8,3,35,142,-2857330.377072919,43925618.600986324,46667649.28862301,170931792.7066249,38.27529830002459,0.2037037037037037
1,8,4,35,177,-2857330.377072919,24062338.292794943,30885081.188167743,108708896.02898799,32.661300300009316,0.2125984251968504
1,8,5,34,211,-2857330.377072919,8119048.472719203,17308843.200822335,80732482.03462408,23.82394440000644,0.22302158273381295
1,8,6,34,245,-2857330.377072919,5776168.787560672,20900218.880380835,117104125.57808553,25.65962190000573,0.22875816993464052
1,8,7,34,279,-3020810.9697481226,1821374.7851861801,4105024.5657734433,14907002.50716363,30.954003599996213,0.2558139534883721
1,8,8,34,313,-3336833.118365097,2199780.7003074507,5523723.499567482,19834901.472767312,33.430942899984075,0.29381443298969073
1,8,9,33,346,-3336833.118365097,1294.5927960263057,2870358.1605057665,9359767.526673079,29.8413722999976,0.3348623853211009
1,8,10,33,379,-3893976.8187463954,2557402.614311657,7920489.802975476,28483942.11895566,24.515041599981487,0.3686440677966102
1,8,11,33,412,-3893976.8187463954,1782727.6845136485,5372891.929775047,19629349.54989641,21.69995349997771,0.3952569169960474
1,8,12,32,444,-3893976.8187463954,2785277.8810286177,5542943.263281151,15098970.43331422,21.29566619999241,0.41198501872659177
1,8,13,32,476,-3902000.936384855,1401722.8949435696,6802237.715409862,24022938.47305543,27.399929700011853,0.45017182130584193
1,8,14,32,508,-3960084.736657018,135676.61249444296,4694651.884061954,13867993.062276073,31.70680500002345,0.47151898734177217
1,8,15,31,539,-3960084.736657018,-813019.1585824094,3838328.4886986404,12354933.702272104,31.629801300005056,0.48830409356725146
1,8,16,31,570,-3960084.736657018,170472.4670832133,5756003.059852266,18108338.510012977,26.983557700004894,0.5068119891008175
1,8,17,31,601,-3960084.736657018,-1205949.6905680536,4163775.8498769132,12294790.324688464,21.393948200013256,0.5357142857142857
1,8,18,31,632,-3960084.736657018,-256425.85171782237,5949587.211099885,21739854.311728828,26.78507240000181,0.5587529976019184
1,8,19,30,662,-3960084.736657018,-1089269.6872822302,4234651.635435208,11089338.537343018,24.102657300012652,0.5865168539325842
1,8,20,30,692,-3960084.736657018,-2635764.5083761974,3021107.7351266565,9133942.212976916,23.33832569999504,0.6109936575052854
1,8,21,30,722,-3960084.736657018,-806828.5469785436,5608296.912912444,15097271.748183705,28.372481500002323,0.63
1,8,22,30,752,-3960084.736657018,-2086217.0682718914,4251659.459044016,14559027.870884996,21.946153199998662,0.6482889733840305
1,8,23,29,781,-3960084.736657018,-3078243.905204153,2442325.4006606536,8707949.853227906,23.48179779999191,0.6660649819494585
1,8,24,29,810,-3960084.736657018,-2572763.633912147,4083420.845711206,14343380.903913312,24.069213600014336,0.6815834767641996
1,8,25,29,839,-3960084.736657018,-2286835.69024009,3362710.7171244463,11132063.39615802,20.40917910001008,0.6947194719471947
1,8,26,29,868,-3960084.736657018,-2593165.1812201724,3133580.8719112813,8248822.122326234,21.140859600011026,0.7072784810126582
1,8,27,28,896,-3960084.736657018,-3436751.778014644,1626135.446915256,4856605.881758479,21.562149199977284,0.7192716236722306
1,8,28,28,924,-3960249.270680748,-3361178.188870083,2675800.716455977,10533439.45162568,18.10065500001656,0.7303206997084548
1,8,29,28,952,-3960357.6422869638,-3861258.9859814392,147971.68733229145,-3342437.58175594,22.238146600022446,0.7408963585434174
1,8,30,28,980,-3960357.6422869638,-3894526.424522019,58028.65478332368,-3736047.803070685,21.182644300017273,0.7506738544474394
1,8,31,27,1007,-3960357.6422869638,-2178206.0527804,4454474.204976909,11810207.062142272,21.286985600017942,0.7568270481144344
1,8,32,27,1034,-3960357.6422869638,-3820849.9399055163,216646.87391155827,-3193773.4240085315,16.508436900010565,0.7650753768844221
1,8,33,27,1061,-3960876.8745075297,-3339012.4365026527,2498028.343605841,9224678.530029036,19.3580304000061,0.7715674362089915
1,8,34,27,1088,-3960876.8745075297,-3842975.695103166,238303.39126168514,-2879178.5002006665,21.50648309997632,0.7788235294117647
1,8,35,26,1114,-3960876.8745075297,-3918909.4704854307,87777.8106314217,-3497966.7969075125,14.788957900018431,0.7853881278538812
1,8,36,26,1140,-3960876.8745075297,-3914381.7714675525,118020.67552622057,-3338480.8310540123,13.101289199985331,0.7915742793791575
1,8,37,26,1166,-3960876.8745075297,-3940785.7566766622,26162.45733474316,-3825317.8038385827,10.8642181000032,0.7974137931034483
1,8,38,26,1192,-3961397.3134625778,-3928924.431041879,79333.56469993087,-3543840.7206656,11.470874499995261,0.8029350104821803
1,8,39,25,1217,-3961723.587700948,-3918902.5470685125,126535.09816860224,-3313186.4896986373,12.392360899975756,0.8079673135852911
1,8,40,25,1242,-3962167.1252752766,-3922727.946991505,109670.51934625542,-3410450.3795045754,10.079183299996657,0.8127490039840638
1,8,41,25,1267,-3962411.4104321282,-3942422.8478011326,28641.54714473622,-3825642.047522461,11.257129699981306,0.8172983479105929
1,8,42,25,1292,-3962411.4104321282,-3938233.4040862676,42881.228766340006,-3780657.9389961027,10.560186099988641,0.8216318785578748
1,8,43,25,1317,-3962411.4104321282,-3947938.5790301035,24368.79674618475,-3844421.5742800366,9.606260800006567,0.8257645968489342
1,8,44,24,1341,-3962411.4104321282,-3951420.587918559,14506.821561901159,-3900146.8838433046,7.361075499997241,0.8295557570262919
1,8,45,24,1365,-3962411.4104321282,-3955650.405978872,6931.493517397084,-3939866.1308634076,7.3086765999905765,0.8331854480922803
1,8,46,24,1389,-3962411.4104321282,-3952609.407936049,7849.670520685988,-3938480.561317118,10.408452099974966,0.8366637706342311
1,8,47,24,1413,-3962411.4104321282,-3955626.7367515466,6106.499814045753,-3943146.856626002,7.470051499985857,0.84
1,8,48,23,1436,-3962411.4104321282,-3955836.50185369,7058.075203663733,-3934306.943085823,7.4409904000058305,0.8430717863105175
1,8,49,23,1459,-3962411.4104321282,-3953813.728827932,10110.714432060191,-3922256.809245225,8.618711099989014,0.846027846027846
1,8,50,23,1482,-3962427.1358820666,-3958031.6720406134,5569.133509304078,-3946443.922916131,6.53340039998875,0.8488745980707395
1,8,51,23,1505,-3962427.1358820666,-3952735.6008817386,12395.125168182543,-3906523.647525126,6.296807200007606,0.8516179952644041
1,8,52,23,1528,-3962427.1358820666,-3955590.9732930483,11755.572051583813,-3908401.8826160897,6.2697265000024345,0.8542635658914729
1,8,53,22,1550,-3962427.1358820666,-3955496.6861781627,7646.15236207394,-3945689.7918127365,5.1412177000020165,0.8567073170731707
1,8,54,22,1572,-3962427.1358820666,-3957880.798243748,6387.653066837187,-3945559.52609564,5.055942100007087,0.8590704647676162
1,8,55,22,1594,-3962427.1358820666,-3959948.068128854,5173.569816652003,-3946405.070326669,5.0841116000083275,0.8613569321533924
1,8,56,22,1616,-3962427.1358820666,-3955433.198045695,8169.9090059107075,-3941816.891863223,4.73996539998916,0.8635703918722787
1,8,57,22,1638,-3962453.2381867897,-3957124.0496242954,7457.592122003906,-3945644.9501200244,5.165583800000604,0.8657142857142858
1,8,58,21,1659,-3962453.2381867897,-3959992.7738980837,4933.563158318443,-3946119.397168871,7.277515599998878,0.8676988036593948
1,8,59,21,1680,-3962453.2381867897,-3961435.451644251,3152.240758913206,-3947409.2391885053,4.419264600001043,0.869625520110957
1,8,60,21,1701,-3962453.2381867897,-3961256.8506124443,3539.723058050438,-3946177.610169949,4.707072199991671,0.8714969241285031
1,8,61,21,1722,-3962453.2381867897,-3961279.0269315904,3458.726244245678,-3946076.411531931,4.811785400001099,0.8733153638814016
1,8,62,21,1743,-3962470.120934425,-3962350.549999699,99.28669738635026,-3962094.324326534,4.7429079999856185,0.8750830564784053
1,8,63,21,1764,-3962470.120934425,-3962350.4881857014,124.40075935158717,-3962038.4003728125,5.050048600009177,0.8768020969855832
1,8,64,20,1784,-3962470.120934425,-3961311.038275049,2014.3118685985908,-3957215.432629939,4.586289800005034,0.8783958602846055
1,8,65,20,1804,-3962470.120934425,-3962121.7372449487,1110.7027544274588,-3957290.088062238,4.889185100008035,0.879948914431673
1,8,66,20,1824,-3962470.120936701,-3961570.6490474595,1795.694625862271,-3957269.2605686095,6.110008300020127,0.8814627994955864
1,8,67,20,1844,-3962470.3715412635,-3962048.8843046883,1372.0342729301478,-3956114.537893839,7.114637499995297,0.8829389788293898
1,8,68,20,1864,-3962474.13484985,-3962417.818236652,81.87344796157056,-3962080.066035142,4.345736500021303,0.8843788437884379
1,8,69,19,1883,-3962474.13484985,-3960164.771023632,5051.135882505984,-3946143.7504902035,8.472348000010243,0.8857142857142857
1,8,70,19,1902,-3962474.13484985,-3962141.013734954,1144.3454063642785,-3957310.361990057,4.341569799988065,0.8870192307692307
1,8,71,19,1921,-3962474.420480309,-3962383.989495966,151.7351638157793,-3961935.016111765,4.578312300000107,0.8882947118241236
1,8,72,19,1940,-3962475.3093000576,-3961830.141557026,1813.161536203502,-3956525.33229417,4.591804700001376,0.8895417156286721
1,8,73,19,1959,-3962475.3093128,-3961900.8915559067,1575.6348080085631,-3957304.118994521,4.465235900017433,0.8907611853573504
1,8,74,19,1978,-3962475.3093128,-3960559.940709232,2484.0738813744742,-3957293.364551913,4.553349199995864,0.8919540229885058
1,8,75,18,1996,-3962475.3093128,-3960460.0160068306,2506.4078790088747,-3957283.3795389645,4.370451900002081,0.8930602957906713
1,8,76,18,2014,-3962475.3093128,-3960447.220417576,2525.63906657557,-3957225.885734601,4.443208200013032,0.8941441441441441
1,8,77,18,2032,-3962475.3093128,-3961599.999516072,1938.5414528658268,-3957181.712841209,4.405292800016468,0.89520624303233
1,8,78,18,2050,-3962475.3093128,-3960736.76930738,2440.79921488904,-3957227.7845674455,4.725903800019296,0.8962472406181016
1,8,79,18,2068,-3962475.3093128,-3962178.23840789,1184.9253797508984,-3957293.0600551087,4.68893720000051,0.8972677595628415
1,8,80,18,2086,-3962475.349869553,-3962182.892661911,1186.347206239814,-3957291.5629843045,4.373684099991806,0.8982683982683982
1,8,81,17,2103,-3962475.435839204,-3962457.2019602857,42.40845612813069,-3962297.218087349,4.4556961999915075,0.8991957104557641
1,8,82,17,2120,-3962475.565050535,-3962472.9113638145,7.411516480755212,-3962443.4473896082,4.325265799998306,0.900106269925611
1,8,83,17,2137,-3962475.565050535,-3962155.6174720097,1246.3271140617412,-3957170.648195099,4.3602368000138085,0.9010005265929436
1,8,84,17,2154,-3962475.565050535,-3962160.084898556,1246.211035723744,-3957175.482897548,4.310804600012489,0.9018789144050104
1,8,85,17,2171,-3962475.573293768,-3962170.29949583,1218.096111994932,-3957297.916958222,4.335363899997901,0.9027418520434558
1,8,86,17,2188,-3962475.573293768,-3960953.5862537813,2357.2773311725905,-3957288.68452139,4.3164508000190835,0.9035897435897436
1,8,87,17,2205,-3962475.573293768,-3961559.0505704246,1971.7153922413188,-3957290.7797648553,4.300603100011358,0.9044229791560753
1,8,88,16,2221,-3962475.573293768,-3961818.6779256007,1714.3301927653263,-3957264.0279095825,3.6018574999761768,0.9051941502773575
1,8,89,16,2237,-3962475.573293768,-3962151.9276044825,1253.101233510717,-3957298.6874224246,3.6684299999906216,0.9059529764882441
1,8,90,16,2253,-3962475.573293768,-3961505.1574018532,2019.904709651983,-3957297.073981302,3.5935824000043795,0.9066997518610422
1,8,91,16,2269,-3962475.573293768,-3961177.969922033,2240.282489218957,-3957296.429633403,3.563338100007968,0.9074347612013787
1,8,92,16,2285,-3962475.573293768,-3960534.206786662,2506.069159550112,-3957297.145705851,3.5726752000045963,0.9081582804103566
1,8,93,16,2301,-3962475.573293768,-3960210.551512407,2568.215351704083,-3957296.725688042,3.5620111000025645,0.9088705768298594
1,8,94,16,2317,-3962475.575960666,-3959566.6957745347,2565.17489404156,-3957289.6751422696,3.606671699992148,0.9095719095719096
1,8,95,15,2332,-3962475.575960666,-3962130.152129755,1291.5283065861568,-3957297.6958826594,3.5430316000129096,0.9102196752626552
1,8,96,15,2347,-3962475.575960666,-3961440.1971652647,2070.6686454996343,-3957297.7415064014,3.1799013999989256,0.9108582266477003
1,8,97,15,2362,-3962475.575960666,-3961095.2746808305,2288.6812533930442,-3957299.368090179,3.527265400014585,0.911487758945386
1,8,98,15,2377,-3962475.575960666,-3959714.366276081,2582.8326766933933,-3957296.0021482576,3.5190322999842465,0.9121084618980833
1,8,99,15,2392,-3962475.577212939,-3960404.946412988,2535.7562423440654,-3957297.2074526716,3.144103999977233,0.9127205199628597
1,8,100,15,2407,-3962475.577212939,-3960059.961663702,2581.910221018766,-3957297.8470028676,3.5894875999947544,0.913324112494237
1,8,101,15,2422,-3962475.577212939,-3961785.2292618877,1759.909920606617,-3957297.5314357746,3.4778720999893267,0.9139194139194139
1,8,102,14,2436,-3962475.5791149046,-3961366.243103896,2124.1700567061494,-3957298.2663760968,3.0583421000046656,0.9144676979071884
1,8,103,14,2450,-3962475.5791149046,-3960996.506461209,2338.5088856994685,-3957298.433807973,3.3782674000249244,0.9150090415913201
1,8,104,14,2464,-3962475.5791149046,-3962105.7678839783,1333.307085560797,-3957298.460821675,3.101180400000885,0.9155435759209344
1,8,105,14,2478,-3962475.5791149046,-3960996.6066589607,2338.3908263586573,-3957298.4523685053,3.1477519999898504,0.9160714285714285
1,8,106,14,2492,-3962475.5791149046,-3961736.045464965,1811.4250497364492,-3957298.404248493,3.12404689998948,0.9165927240461402
1,8,107,14,2506,-3962475.580465693,-3961366.2540209196,2124.0961505622895,-3957298.1865811925,3.4211567000020295,0.9171075837742504
1,8,108,14,2520,-3962475.580465693,-3961366.242124368,2124.1824714146,-3957298.69448597,3.108606599998893,0.9176161262050833
1,8,109,14,2534,-3962475.580465693,-3961735.909729892,1811.4319414313547,-3957298.5263842624,3.1315897000022233,0.9181184668989547
1,8,110,13,2547,-3962475.580465693,-3962077.3133034995,1379.3738325747188,-3957299.0222093575,3.3385399999970105,0.9185794716327415
1,8,111,13,2560,-3962475.580465693,-3962077.3363446007,1379.3733913022013,-3957299.04676171,2.980620899994392,0.9190353143841516
1,8,112,13,2573,-3962475.580465693,-3962475.5651668897,0.012222764328192907,-3962475.5367433242,3.0208313000039198,0.9194860813704496
1,8,113,13,2586,-3962475.580735475,-3962475.563167127,0.03559085898613067,-3962475.4408833105,3.3344127999735065,0.919931856899489
1,8,114,13,2599,-3962475.580735475,-3960882.9549802686,2388.87992528957,-3957299.0754869245,3.301787800010061,0.9203727234222787
1,8,115,13,2612,-3962475.580735475,-3962077.3441331307,1379.3986423326903,-3957298.9670715574,3.292802900017705,0.9208087615838247
1,8,116,13,2625,-3962475.580735475,-3962077.3866667813,1379.332348396304,-3957299.239251172,2.9805716999981087,0.9212400502723084
1,8,117,13,2638,-3962475.580735475,-3961679.228978909,1867.5745311816481,-3957299.371390149,2.991277799999807,0.9216666666666666
1,8,118,13,2651,-3962475.580735475,-3962077.410891838,1379.2708150002873,-3957299.4766339567,3.288933600008022,0.9220886862826357
1,8,119,12,2663,-3962475.580735475,-3961181.604077472,2241.213492175962,-3957299.448698988,3.257422700000461,0.9224742268041237
1,8,120,12,2675,-3962475.580735475,-3961181.6430333317,2241.155245187578,-3957299.5022268705,2.887144999986049,0.9228559704554781
1,8,121,12,2687,-3962475.580735475,-3962475.5706359576,0.008205919198920015,-3962475.5479509905,2.9853032999963034,0.9232339730502246
1,8,122,12,2699,-3962475.580735475,-3961181.5307438555,2241.3046165520796,-3957299.386659285,3.2573296999908052,0.9236082893132873
1,8,123,12,2711,-3962475.580735475,-3961612.860058129,1929.0101574212474,-3957299.4070503693,2.890868100017542,0.9239789729073999
1,8,124,12,2723,-3962475.581039168,-3962044.2317298786,1430.5899356930624,-3957299.501684895,2.9099504000041634,0.9243460764587526
1,8,125,12,2735,-3962475.5813440625,-3962475.561119957,0.044309010958685904,-3962475.414736256,2.905979200004367,0.9247096515818983
1,8,126,12,2747,-3962475.5813440625,-3961612.9114220142,1928.9761231153943,-3957299.541906655,3.3240838999918196,0.9250697489039458
1,8,127,12,2759,-3962475.5813440625,-3962044.2320697107,1430.6126056197675,-3957299.426836524,2.9129951000213623,0.9254264180880603
1,8,128,11,2770,-3962475.5813440625,-3962475.563801241,0.032031017477056646,-3962475.4633556567,2.874755800003186,0.9257503949447078
1,8,129,11,2781,-3962475.5813440625,-3962475.573913987,0.0069986632631360846,-3962475.5560010187,2.8349189000146,0.9260715690129768
1,8,130,11,2792,-3962475.5813440625,-3962005.028778493,1487.9772926790524,-3957299.6314274445,3.2088115999940783,0.9263899765074393
1,8,131,11,2803,-3962475.5813440625,-3962475.5750546767,0.004928135359875411,-3962475.5653470363,2.8025867999822367,0.9267056530214425
1,8,132,11,2814,-3962475.5813440625,-3962475.5749694807,0.007622086437244371,-3962475.552379148,2.8307485999830533,0.9270186335403726
1,8,133,11,2825,-3962475.5813440625,-3960593.3754764185,2489.900870358771,-3957299.3646431696,2.834868899983121,0.9273289524545806
1,8,134,11,2836,-3962475.5813440625,-3962005.024911912,1487.99732182905,-3957299.5642228536,3.2453843999828678,0.9276366435719784
1,8,135,11,2847,-3962475.5813440625,-3962475.5681501287,0.02216055500193444,-3962475.500254702,2.8375940000114497,0.9279417401303182
1,8,136,11,2858,-3962475.5813440625,-3961063.930921569,2305.1935862918367,-3957299.4160678275,3.184647300018696,0.9282442748091603
1,8,137,11,2869,-3962475.5813440625,-3961063.9255792345,2305.2073190669694,-3957299.467519149,2.8132276000105776,0.9285442797415432
1,8,138,10,2879,-3962475.5813440625,-3962475.5726051927,0.008071320123375417,-3962475.551574124,3.0851078999985475,0.9288148428625521
1,8,139,10,2889,-3962475.5813440625,-3962475.562545563,0.047723156782960185,-3962475.4194995705,2.6787936000037007,0.9290833647680121
1,8,140,10,2899,-3962475.5813440625,-3962475.5667094253,0.020697694243052817,-3962475.5140416883,2.733406699990155,0.9293498684704998
1,8,141,10,2909,-3962475.5813440625,-3962475.572532999,0.007840215805794847,-3962475.5531573426,2.7544359999883454,0.9296143766379633
1,8,142,10,2919,-3962475.5813440625,-3961440.3809376433,2070.3964502228437,-3957299.564586954,2.7844562999962363,0.9298769116001492
1,8,143,10,2929,-3962475.5813440625,-3961957.9853122146,1552.7756554122034,-3957299.6583459917,2.780473399994662,0.9301374953548867
1,8,144,10,2939,-3962475.5813765246,-3962475.5781029,0.004085453913413843,-3962475.5684880316,2.7245048000186216,0.9303961495742318
1,8,145,10,2949,-3962475.5813765246,-3962475.576933892,0.008070200560987163,-3962475.552930657,2.737610299984226,0.9306528956104758
1,8,146,10,2959,-3962475.5813765246,-3962475.576745552,0.006748068613421435,-3962475.557940038,2.7836432000040077,0.9309077545020213
1,8,147,10,2969,-3962475.5813765246,-3961957.986884647,1552.7760335514422,-3957299.658784002,2.7863304000056814,0.9311607469791285
1,8,148,10,2979,-3962475.581540996,-3961957.988059111,1552.7769695529603,-3957299.657150453,3.102294999989681,0.9314118934695367
1,8,149,10,2989,-3962475.581540996,-3962475.57476323,0.010307769340596792,-3962475.5449005812,2.6691466000047512,0.9316612141039622
1,8,150,9,2998,-3962475.581540996,-3962475.5792767745,0.001821242219296513,-3962475.5765332934,2.736910000006901,0.9318840579710145
1,8,151,9,3007,-3962475.581540996,-3962475.579916951,0.0014864878161041056,-3962475.5776678696,2.624376600026153,0.9321054532322138
1,8,152,9,3016,-3962475.581540996,-3962475.579180478,0.003373440359378258,-3962475.56998552,2.6567241000011563,0.9323254139668826
1,8,153,9,3025,-3962475.581540996,-3962475.5768252145,0.005373232534672349,-3962475.5670289397,3.0167662000167184,0.9325439540724794
1,8,154,9,3034,-3962475.581540996,-3962475.5764833456,0.006024928104270895,-3962475.560418129,2.5928032999800052,0.932761087267525
1,8,155,9,3043,-3962475.581540996,-3962475.557548926,0.04355222494973268,-3962475.4470020123,2.9572353000112344,0.9329768270944742
1,8,156,9,3052,-3962475.581540996,-3962475.561741829,0.048655836813516824,-3962475.424207734,2.5652401999977883,0.9331911869225302
1,8,157,9,3061,-3962475.581540996,-3962475.579503899,0.0027095042867443103,-3962475.573584037,2.6886355000024196,0.9334041799504074
1,8,158,9,3070,-3962475.581540996,-3962475.56061393,0.04461031335859525,-3962475.4355724324,2.6684343999950215,0.9336158192090396
1,8,159,9,3079,-3962475.5815661065,-3962475.5791139645,0.0038302195902891896,-3962475.569071807,2.6649159000080545,0.933826117564238
1,8,160,9,3088,-3962475.5815661065,-3962475.5806511664,0.0013715949186189646,-3962475.5770799182,2.676064100000076,0.9340350877192982
1,8,161,9,3097,-3962475.5815661065,-3962475.579433688,0.0018831231738135413,-3962475.575485844,2.6276838000048883,0.9342427422175585
1,8,162,8,3105,-3962475.5815661065,-3962475.580755061,0.0006498203101755007,-3962475.5795829687,1.8634767000039574,0.9344262295081968
1,8,163,8,3113,-3962475.5815661065,-3962475.578795105,0.0020311542898074817,-3962475.5762703847,1.9163377000077162,0.9346086956521739
1,8,164,8,3121,-3962475.5815661065,-3962475.5791021218,0.0033037303106419657,-3962475.5711716376,1.9811276000109501,0.9347901491501908
1,8,165,8,3129,-3962475.5815661065,-3962475.5774651067,0.006532989385535464,-3962475.5608044714,1.934561100002611,0.9349705984088551
1,8,166,8,3137,-3962475.5815661065,-3962475.5799630787,0.0034633624641429066,-3962475.570809057,1.9307208999816794,0.93515005174198
1,8,167,8,3145,-3962475.5815661065,-3962475.576382423,0.00849447304883363,-3962475.5565062165,1.9835046000080183,0.9353285173718611
1,8,168,8,3153,-3962475.5815661065,-3962475.5588009753,0.05646500261879337,-3962475.40945621,1.6255288000102155,0.9355060034305317
1,8,169,8,3161,-3962475.5815661065,-3962475.5785470377,0.003665565009959685,-3962475.5702591315,1.936107899993658,0.935682517960999
1,8,170,8,3169,-3962475.5815661065,-3962475.576968381,0.0062187846043773734,-3962475.5623503905,1.9820963999954984,0.9358580689184579
1,8,171,8,3177,-3962475.5815661065,-3962475.578264893,0.0056377786615713354,-3962475.5638622586,1.6199539999943227,0.9360326641714869
1,8,172,8,3185,-3962475.5815661065,-3962475.5806001164,0.0016789525421852258,-3962475.576205343,1.6506863000104204,0.9362063115032236
1,8,173,8,3193,-3962475.5815661065,-3962475.576470147,0.007469705709512416,-3962475.5627753716,1.9768787999928463,0.9363790186125212
1,8,174,8,3201,-3962475.5815661065,-3962475.578666826,0.006729525686049252,-3962475.56088439,1.9658840000047348,0.936550793115086
1,8,175,8,3209,-3962475.5815661065,-3962475.581231595,0.00016151676452460335,-3962475.581032358,1.6507631999847945,0.9367216425445978
1,8,176,7,3216,-3962475.5815661065,-3962475.581229777,0.000263026601240835,-3962475.580648463,1.9100371999957133,0.9368703828072532
1,8,177,7,3223,-3962475.5815661065,-3962475.5813410995,9.175474163513147e-05,-3962475.5811563134,1.899093299987726,0.9370184254606365
1,8,178,7,3230,-3962475.5815661065,-3962475.5813608193,0.00016555225198553388,-3962475.58098446,1.5563676999881864,0.9371657754010695
1,8,179,7,3237,-3962475.5815661065,-3962475.581302996,0.0001524868874067512,-3962475.5811088905,1.5541738000174519,0.9373124374791597
1,8,180,7,3244,-3962475.5815661065,-3962475.581317905,0.00015511443171081055,-3962475.580958467,1.9347507000202313,0.9374584165003327
1,8,181,7,3251,-3962475.5815661065,-3962475.581176207,0.00032259217355904346,-3962475.5806704424,1.5498984000005294,0.9376037172253567
1,8,182,7,3258,-3962475.5815661065,-3962475.580807959,0.001128444358875576,-3962475.5780647844,1.554868399980478,0.937748344370861
1,8,183,7,3265,-3962475.5815661065,-3962475.5813343725,0.0001344548380340964,-3962475.5811353363,1.8981456000183243,0.9378923026098447
1,8,184,7,3272,-3962475.5815661065,-3962475.581348304,0.00011235563760690569,-3962475.581200244,1.8807002999819815,0.9380355965721819
1,8,185,7,3279,-3962475.5815661065,-3962475.58136039,9.205087025832934e-05,-3962475.5812457297,1.5157640000106767,0.9381782308451168
1,8,186,7,3286,-3962475.5815661065,-3962475.581311145,0.00016592981540298926,-3962475.5810762346,1.8723958000191487,0.9383202099737533
1,8,187,7,3293,-3962475.5815661065,-3962475.5812505228,0.00010793456745158165,-3962475.5810738653,1.525835200009169,0.9384615384615385
1,8,188,7,3300,-3962475.5815661065,-3962475.581435493,9.200518850188329e-05,-3962475.5813314132,1.5592264999868348,0.9386022207707381
1,8,189,7,3307,-3962475.5815661065,-3962475.581296403,0.00014564287153398525,-3962475.5811126176,1.5577836000011303,0.9387422613229065
1,8,190,7,3314,-3962475.5815661065,-3962475.5813149945,0.00015391141830668571,-3962475.5810546502,1.9042796000139788,0.9388816644993498
1,8,191,7,3321,-3962475.5815661065,-3962475.5813745935,0.00011083808025371018,-3962475.581198562,1.8995391000062227,0.9390204346415829
1,8,192,6,3327,-3962475.5815661065,-3962475.5813373947,0.00017128758190640606,-3962475.581025861,1.7755030999833252,0.9391388798964067
1,8,193,6,3333,-3962475.5815661065,-3962475.5812834837,5.656303777981234e-05,-3962475.581205802,1.7835913999879267,0.9392568659127625
1,8,194,6,3339,-3962475.5815661065,-3962475.5813844055,9.782650882011887e-05,-3962475.5811911896,1.4400595999904908,0.9393743953563367
1,8,195,6,3345,-3962475.5815661065,-3962475.581396658,8.389301857209616e-05,-3962475.5812922306,1.453935300000012,0.939491470872224
1,8,196,6,3351,-3962475.5815661065,-3962475.5813333006,0.0001132767004222952,-3962475.5811433457,1.8077210999908857,0.9396080950851269
1,8,197,6,3357,-3962475.5815661065,-3962475.5813739686,0.0001257292342684048,-3962475.5811167583,1.7492990999890026,0.9397242705995511
1,8,198,6,3363,-3962475.5815661065,-3962475.581306137,0.00022172644545275416,-3962475.5809523836,1.4391324000025634,0.93984
1,8,199,6,3369,-3962475.5815661065,-3962475.5813588253,0.00010063930915031134,-3962475.5811411254,1.4592800999816973,0.9399552858511657
1,8,200,6,3375,-3962475.5815661065,-3962475.58133061,9.76388790091072e-05,-3962475.5811404046,1.7894925999862608,0.9400701306981192
1,8,201,6,3381,-3962475.5815661065,-3962475.581307,0.0001980386481880637,-3962475.58098525,1.4271727000013925,0.940184537066497
1,8,202,6,3387,-3962475.5815661065,-3962475.5813407837,0.00011096768322390358,-3962475.5811746866,1.4560524999978952,0.9402985074626866
1,8,203,6,3393,-3962475.5815661065,-3962475.5813984904,8.034433262454267e-05,-3962475.581296619,1.4587197999935597,0.9404120443740095
1,8,204,6,3399,-3962475.5815661065,-3962475.5812643697,0.00016540820069305297,-3962475.5809293482,1.453813900006935,0.9405251502689023
1,8,205,6,3405,-3962475.5815661065,-3962475.5813738666,6.0276903815694226e-05,-3962475.5812833086,1.8147766000183765,0.940637827597095
1,8,206,6,3411,-3962475.5815661065,-3962475.5814594645,7.730478110277063e-05,-3962475.5813480653,1.4210101999924518,0.9407500787897889
1,8,207,6,3417,-3962475.58156834,-3962475.581392246,0.00013455802798574188,-3962475.581203716,1.84585280000465,0.9408619062598301
1,8,208,6,3423,-3962475.58156834,-3962475.581323952,0.00011382790720724062,-3962475.5811789427,1.7808026999991853,0.9409733124018839
1,8,209,6,3429,-3962475.58156834,-3962475.581356775,0.00011371129899085801,-3962475.5811533425,1.4191197000036482,0.9410842995926042
1,8,210,6,3435,-3962475.58156834,-3962475.5811941624,0.00043945735393793195,-3962475.580226086,1.469070399994962,0.9411948701908038
1,8,211,5,3440,-3962475.58156834,-3962475.5813426943,9.399789440917276e-05,-3962475.5812152866,1.6765156999754254,0.9412866958151156
1,8,212,5,3445,-3962475.58156834,-3962475.5812310143,0.00012602024499731005,-3962475.5810233504,1.6569783000159077,0.9413782351106954
1,8,213,5,3450,-3962475.58156834,-3962475.5813479475,0.00015251691926511217,-3962475.5810550153,1.7244926000130363,0.9414694894146949
1,8,214,5,3455,-3962475.58156834,-3962475.5814467445,0.00011936271489609733,-3962475.581217356,1.349809000006644,0.9415604600559527
1,8,215,5,3460,-3962475.58156834,-3962475.581334489,0.00016900159934274278,-3962475.581060216,1.3604922999802511,0.9416511483550589
1,8,216,5,3465,-3962475.58156834,-3962475.581375573,8.981302307165467e-05,-3962475.5812379345,1.3599879999819677,0.941741555624419
1,8,217,5,3470,-3962475.58156834,-3962475.5814532624,6.758977814764902e-05,-3962475.581360923,1.3575804999854881,0.9418316831683168
1,8,218,5,3475,-3962475.58156834,-3962475.5813359893,0.00013252578164705053,-3962475.581103228,1.362482299999101,0.941921532282978
1,8,219,5,3480,-3962475.5815790407,-3962475.5813839384,0.00012080318686780252,-3962475.5812066905,1.357969000004232,0.9420111042566317
1,8,220,5,3485,-3962475.5815790407,-3962475.5813257312,5.6605876105244664e-05,-3962475.5812552944,1.3526251000002958,0.9421004003695719
1,8,221,5,3490,-3962475.5815790407,-3962475.581397532,2.2178284767822465e-05,-3962475.581353789,1.3647867000254337,0.942189421894219
1,8,222,5,3495,-3962475.5815790407,-3962475.5812941687,0.00012124179281710739,-3962475.5811417606,1.3602121000003535,0.9422781700951797
1,8,223,5,3500,-3962475.5815790407,-3962475.5814195573,0.00010037751197734461,-3962475.581259018,1.3561939999926835,0.9423666462293072
1,8,224,5,3505,-3962475.5815790407,-3962475.581451497,7.484506251230548e-05,-3962475.5813524537,1.7377282000088599,0.9424548515457606
1,8,225,5,3510,-3962475.5815790407,-3962475.5814495524,0.00011890272034522738,-3962475.5812134296,1.6837180000147782,0.9425427872860636
1,8,226,5,3515,-3962475.5815790407,-3962475.5813984247,7.319924022364283e-05,-3962475.5812939536,1.6678471000050195,0.9426304546841623
1,8,227,5,3520,-3962475.5815790407,-3962475.5814276887,7.349366599640078e-05,-3962475.581287803,1.3510170000081416,0.9427178549664839
1,8,228,5,3525,-3962475.5815790407,-3962475.5814225255,9.285166735275206e-05,-3962475.5812917203,1.7366340999724343,0.9428049893519928
1,8,229,5,3530,-3962475.5815790407,-3962475.581454111,4.5550582967973526e-05,-3962475.581395544,1.3800808000087272,0.9428918590522479
1,8,230,5,3535,-3962475.5815790407,-3962475.5813818844,0.00010906937810173118,-3962475.581258578,1.3564759999862872,0.9429784652714589
1,8,231,5,3540,-3962475.5815790407,-3962475.5814773487,0.00012337243932970682,-3962475.5812348276,1.7145682999980636,0.9430648092065415
1,8,232,5,3545,-3962475.5815790407,-3962475.5813538088,7.922164597012335e-05,-3962475.5812623426,1.3318553999997675,0.9431508920471726
1,8,233,4,3549,-3962475.5815790407,-3962475.58147337,5.871678698774595e-05,-3962475.5813740436,1.6268173000134993,0.9432195711265479
1,8,234,4,3553,-3962475.5815790407,-3962475.5813312656,0.00011921682258735228,-3962475.581200801,1.591449300001841,0.943288084464555
1,8,235,4,3557,-3962475.5815790407,-3962475.5813983986,6.521839192717792e-05,-3962475.5812911987,1.2536794999905396,0.9433564326604399
1,8,236,4,3561,-3962475.5815790407,-3962475.58132304,0.00010558646868066546,-3962475.5811746344,1.2776991999999154,0.9434246163105627
1,8,237,4,3565,-3962475.5815790407,-3962475.5814243047,0.0001155239307156057,-3962475.581245713,1.2861504000029527,0.943492636008416
1,8,238,4,3569,-3962475.5815790407,-3962475.5813222323,0.0001249568270680527,-3962475.5811431445,1.2852775000210386,0.9435604923446412
1,8,239,4,3573,-3962475.5815790407,-3962475.581423692,5.3578293849082925e-05,-3962475.5813580044,1.289079899986973,0.9436281859070464
1,8,240,4,3577,-3962475.5815790407,-3962475.5813473687,0.00015758961428809085,-3962475.581082478,1.2815964000183158,0.943695717280623
1,8,241,4,3581,-3962475.5815790407,-3962475.581459143,0.00010157571423165906,-3962475.581293579,1.295958900009282,0.9437630870475621
1,8,242,4,3585,-3962475.5815790407,-3962475.5814370657,9.144766004371942e-05,-3962475.5812799335,1.2837234000035096,0.9438302957872722
1,8,243,4,3589,-3962475.5815790407,-3962475.5813534097,0.00013175567259544213,-3962475.581129987,1.6237324999819975,0.9438973440763951
1,8,244,4,3593,-3962475.5815790407,-3962475.581406996,0.00020407188404862083,-3962475.581067547,1.586233700014418,0.9439642324888227
1,8,245,4,3597,-3962475.5815790407,-3962475.581360965,6.63712565171229e-05,-3962475.5812832974,1.2527954999823123,0.944030961595713
1,9,0,36,36,-1674887.2127746027,60185527.34000373,49795050.2029091,147236038.7684167,58.303292900003726,0.17857142857142858
1,9,1,36,72,-1674887.2127746027,42617529.009028494,46532092.20174583,149392867.9725844,46.96426450001309,0.19642857142857142
1,9,2,35,107,-1698216.175094081,37833908.43591056,43442053.288257726,124157397.70270532,38.7704474000202,0.21518987341772153
1,9,3,35,142,-3015521.6835538074,20705072.183845818,34416887.31126967,116684400.57635954,39.84837740001967,0.18811881188118812
1,9,4,35,177,-3038429.9546185527,12908799.984681942,34375348.796977505,182687673.1220143,27.60413150000386,0.20512820512820512
1,9,5,34,211,-3038429.9546185527,4934041.078536337,11983103.41050388,49834299.41000732,27.575899800023763,0.19696969696969696
1,9,6,34,245,-3038429.9546185527,1173683.4661519986,4404932.287407007,16314051.298696596,37.0152289000107,0.20261437908496732
1,9,7,34,279,-3722471.403640926,669996.2086144169,3719651.191606341,13174971.027990354,32.31032889999915,0.21511627906976744
1,9,8,34,313,-3722471.403640926,2228087.817723662,7591940.232063107,24925477.072726127,33.30506640000385,0.21465968586387435
1,9,9,33,346,-3722471.403640926,1238925.0905324696,4475483.008661094,17877656.005633008,34.06068260001484,0.23943661971830985
1,9,10,33,379,-3722471.403640926,-159472.87884361902,3552661.7192830406,10571505.303094428,38.45902310000383,0.2489451476793249
1,9,11,33,412,-3722471.403640926,-899833.3802974416,3829857.3235866437,12890484.19261786,39.91887389999465,0.2689393939393939
1,9,12,32,444,-3722471.403640926,-491356.7378845938,3455336.9281231742,9221560.295936313,35.49699430001783,0.29310344827586204
1,9,13,32,476,-3722471.403640926,-993323.3115262218,3416783.813587043,12004352.80698996,44.15309540001908,0.29874213836477986
1,9,14,32,508,-3722471.403640926,-127196.59265692224,4282676.981781245,12004352.781155562,37.46154459999525,0.3032069970845481
1,9,15,31,539,-3722471.403640926,527740.4459513023,5842519.027732999,22502504.448229134,39.32771359998151,0.3116531165311653
1,9,16,31,570,-3859670.287069192,-595913.1390614077,5317855.426514017,20685446.66179121,39.36586640001042,0.327455919395466
1,9,17,31,601,-3859670.287069192,-1212031.4534075316,2986421.9096248513,8264998.107050824,39.52325319999363,0.35046728971962615
1,9,18,31,632,-3866356.5606220774,-1915127.7903879632,3110250.311089345,9589035.437878784,43.780012099974556,0.3660130718954248
1,9,19,30,662,-3866356.5606220774,-2594434.3381922147,1229931.668675658,1521456.3246912714,39.64194969998789,0.3824130879345603
1,9,20,30,692,-3866356.5606220774,-3116909.511737928,689685.4898821338,-1324752.4550051056,34.59964669999317,0.40655105973025046
1,9,21,30,722,-3890145.6337790694,-2949170.384421616,1344385.6105335269,2763886.672664322,33.871037100005196,0.42987249544626593
1,9,22,30,752,-3933177.6514972374,-2329493.8735257196,2484196.103693052,6147857.494091054,34.54678049997892,0.4421416234887737
1,9,23,29,781,-3955167.2908755,-3132262.4397520274,1497660.3542820672,4194639.843144601,28.764625599986175,0.46381578947368424
1,9,24,29,810,-3955167.2908755,-2235616.934686103,3293090.178227352,10436580.38580388,28.009940999996616,0.4858490566037736
1,9,25,29,839,-3955167.2908755,-3443598.944380401,982464.1105096677,903236.6797770243,27.403196799976286,0.5052631578947369
1,9,26,29,868,-3955167.2908755,-3740113.8735963954,232061.4858865616,-2885528.3249003403,23.050224199978402,0.5259365994236311
1,9,27,28,896,-3955167.2908755,-3395170.8802678133,996455.2457369533,595222.7056556903,20.80389660000219,0.5443213296398892
1,9,28,28,924,-3955167.2908755,-2857201.279242894,2984760.0188289434,10679681.333120275,26.502849000011338,0.5594125500667557
1,9,29,28,952,-3955167.2908755,-3769315.1236827937,470958.5125218532,-1346261.7482828498,26.1068505999865,0.574002574002574
1,9,30,28,980,-3958959.90546054,-3789829.0992680225,239243.10403465954,-2731049.7938150987,18.66443989999243,0.5888198757763975
1,9,31,27,1007,-3958959.90546054,-3700158.111126497,961684.0782325944,1191046.0037553497,15.869709999999031,0.6021634615384616
1,9,32,27,1034,-3959926.732776394,-3815603.616356061,420093.31589912064,-1694704.4773737881,20.824958199984394,0.6146682188591386
1,9,33,27,1061,-3961149.4556165095,-3775957.747334195,754705.1119688374,68006.64948431589,20.997385299997404,0.626410835214447
1,9,34,27,1088,-3961149.4556165095,-3914672.484399082,37384.947300505235,-3820278.590319939,18.810809599992353,0.6374589266155531
1,9,35,26,1114,-3961149.4556165095,-3693764.318612079,901916.7362696818,694516.7960419916,15.304913400002988,0.6474973375931843
1,9,36,26,1140,-3961472.43727698,-3883131.494693676,228503.9907877794,-2759353.4585305005,13.5395220000064,0.6569948186528497
1,9,37,26,1166,-3961472.43727698,-3917152.2744194074,43223.533024593606,-3806561.109233847,16.258853500010446,0.6659939455095862
1,9,38,26,1192,-3961472.43727698,-3763679.112134936,823700.7469450074,351548.62962785363,18.147454899997683,0.6745329400196657
1,9,39,25,1217,-3961472.43727698,-3935462.7854121053,23922.431013122194,-3872718.2676423527,9.327615800022613,0.682341650671785
1,9,40,25,1242,-3961472.43727698,-3606664.8053438757,1152178.4316118183,686670.802146079,11.967581600008998,0.689784442361762
1,9,41,25,1267,-3961472.43727698,-3938997.592041286,24314.33519342304,-3864011.561692342,13.33997180001461,0.6968864468864469
1,9,42,25,1292,-3961923.1372725256,-3938970.6979228603,26820.090861680892,-3840134.3099738657,12.388989700004458,0.7036705461056401
1,9,43,25,1317,-3961923.1372725256,-3936694.171000741,39705.45125571136,-3829865.4188616257,6.2299445000244305,0.7101576182136602
1,9,44,24,1341,-3962160.694849735,-3950662.3146479405,10019.53258966802,-3920302.783272974,9.437452100013616,0.7161234991423671
1,9,45,24,1365,-3962160.694849735,-3953071.6258106735,9776.015326383093,-3918931.9320527986,9.025239499984309,0.7218487394957983
1,9,46,24,1389,-3962160.694849735,-3950843.0975327617,12393.509515580747,-3910351.174098799,7.426367899985053,0.7273476112026359
1,9,47,24,1413,-3962218.332752105,-3950499.8602594933,13088.51634801354,-3907922.5429845303,9.799922900012461,0.7326332794830371
1,9,48,23,1436,-3962218.332752105,-3954973.029172985,13599.9630208522,-3897998.910568299,5.1535460999875795,0.7375099127676448
1,9,49,23,1459,-3962218.332752105,-3949408.403305684,14294.679152952041,-3905080.3295488562,8.794513300003018,0.7422118380062306
1,9,50,23,1482,-3962218.332752105,-3951873.0813321536,10168.69473082971,-3919900.8370445017,4.891270299995085,0.7467482785003825
1,9,51,23,1505,-3962261.8861197904,-3958825.9854011605,4540.555821717898,-3945646.8621042874,4.8612700999947265,0.7511278195488722
1,9,52,23,1528,-3962261.8861197904,-3959226.0721066957,4431.197454228688,-3944040.818833744,5.448830299981637,0.7553584626755359
1,9,53,22,1550,-3962297.018596953,-3951561.7749752193,12678.829268432724,-3905968.9686593525,4.779536299989559,0.7592727272727273
1,9,54,22,1572,-3962307.8214682583,-3958071.814604785,7038.670642521254,-3941042.2214655876,4.862389999994775,0.7630637079455977
1,9,55,22,1594,-3962382.6276245546,-3958100.279624882,6309.290299827477,-3945927.582411725,4.85188180001569,0.766737138830162
1,9,56,22,1616,-3962382.6276245546,-3957942.4723792863,7044.401464438649,-3939582.9092937484,5.401482999994187,0.7702984038861902
1,9,57,22,1638,-3962388.0158481263,-3958579.184063814,6520.273389635682,-3939295.4805528503,4.8877330999821424,0.7737525632262474
1,9,58,21,1659,-3962388.0158481263,-3952682.4202246666,9018.236733327585,-3935834.4319110457,5.026798999984749,0.7769541778975741
1,9,59,21,1680,-3962389.884124905,-3959771.0870680716,5666.181053330137,-3945473.7034955826,4.978955500002485,0.7800664451827243
1,9,60,21,1701,-3962441.1619615816,-3961967.7888655523,314.34400943236903,-3961425.2193178646,4.665268999990076,0.7830930537352556
1,9,61,21,1722,-3962447.5808979273,-3961342.399623444,3326.608464461663,-3946546.6471232288,4.765840400010347,0.7860374919198448
1,9,62,21,1743,-3962468.320197277,-3961485.462363239,3253.7118734173623,-3946965.3294175155,4.726527399994666,0.7889030612244898
1,9,63,21,1764,-3962468.320197277,-3961330.4906457905,3448.0711346887065,-3945952.198070757,5.017838400002802,0.7916928886091882
1,9,64,20,1784,-3962468.320197277,-3961403.324372436,3738.383844248393,-3945125.2607544567,4.580992500006687,0.7942821628340584
1,9,65,20,1804,-3962468.320197277,-3962231.637469954,183.47973148401368,-3961849.8447807916,4.619755499996245,0.7968078575813382
1,9,66,20,1824,-3962472.9192563463,-3960662.1853964315,4864.106888978548,-3946023.394787481,4.63722209999105,0.7992722862340813
1,9,67,20,1844,-3962472.9192563463,-3962300.553694398,155.34234324056243,-3961853.6791533213,4.9518087999895215,0.8016776512881966
1,9,68,20,1864,-3962472.9192563463,-3961463.058174142,3438.536009002901,-3946522.9323778264,4.567903199989814,0.8040260509177027
1,9,69,19,1883,-3962472.9192563463,-3961496.321272901,3599.7225816604823,-3946232.7627627403,4.4846431000041775,0.8062060889929742
1,9,70,19,1902,-3962472.9192563463,-3962396.517690575,66.0245845757268,-3962217.511768762,4.521215200016741,0.80833815865663
1,9,71,19,1921,-3962472.9192563463,-3962396.8959448347,50.69906170600527,-3962303.2847625073,4.517076899996027,0.8104238258877434
1,9,72,19,1940,-3962472.9192563463,-3962416.937008697,40.02726916584204,-3962304.3609479554,4.594045900012134,0.8124645892351274
1,9,73,19,1959,-3962474.0417155493,-3961534.5534283496,3639.6199224291963,-3946106.0636856724,4.493867799988948,0.8144618834080718
1,9,74,19,1978,-3962474.0417155493,-3962396.1270533917,99.22539387173686,-3962046.195518164,4.478530899999896,0.8164170826400444
1,9,75,18,1996,-3962474.0417155493,-3962419.5771923233,50.462135762183294,-3962285.4774959106,4.468467800004873,0.8182317408017573
1,9,76,18,2014,-3962474.0417155493,-3962374.2734407773,221.14863975166705,-3961473.3489761893,4.779171200003475,0.8200108754758021
1,9,77,18,2032,-3962474.0417155493,-3961515.497875317,3750.06841664048,-3946054.1797686256,4.42624679999426,0.8217555196553581
1,9,78,18,2050,-3962474.0417155493,-3962443.1427426,28.440628974137603,-3962362.694586754,4.4286905999761075,0.8234666666666667
1,9,79,18,2068,-3962474.0417155493,-3962134.4446333763,1185.5604914711441,-3957249.121179007,5.83699670000351,0.8251452720549393
1,9,80,18,2086,-3962474.0417262632,-3962428.756856153,48.03206068211066,-3962305.9233123455,4.3408774999843445,0.826792255363684
1,9,81,17,2103,-3962474.4806825183,-3962462.20770005,10.664639975467653,-3962444.0819825046,4.374437999998918,0.8283195020746889
1,9,82,17,2120,-3962475.2305844557,-3962455.6523887673,33.67103426870352,-3962335.1730937865,4.711367299983976,0.8298200514138817
1,9,83,17,2137,-3962475.2305844557,-3961496.0588560295,3834.1114795278304,-3946160.149590375,4.294596300023841,0.8312945973496432
1,9,84,17,2154,-3962475.4187394325,-3960543.428926287,5248.048529831383,-3946160.9706131816,4.3092679000110365,0.832743810005053
1,9,85,17,2171,-3962475.481947353,-3962461.0700654737,30.7134549871198,-3962348.5797274597,4.265396399976453,0.8341683366733467
1,9,86,17,2188,-3962475.481947353,-3962470.744531538,5.094241160397605,-3962453.691593498,4.304573800007347,0.8355688027819176
1,9,87,17,2205,-3962475.481947353,-3961857.449148046,1667.725066482289,-3957277.162899215,7.245969900017371,0.8369458128078818
1,9,88,16,2221,-3962475.4847752396,-3961453.2461235565,3948.9024713906174,-3946159.215408398,3.3383399000158533,0.8382209188660802
1,9,89,16,2237,-3962475.4847752396,-3962470.6107594743,5.976219405961294,-3962458.5470523424,3.62238200000138,0.8394762366634335
1,9,90,16,2253,-3962475.4847752396,-3962464.3649208024,20.92480240192357,-3962403.881739076,3.275446899991948,0.8407122232916265
1,9,91,16,2269,-3962475.4847752396,-3962466.3185928743,15.255180560320508,-3962430.727068126,3.6914053999935277,0.8419293218720153
1,9,92,16,2285,-3962475.4847752396,-3962467.066548277,16.68009685928949,-3962420.084981544,3.61905080001452,0.843127962085308
1,9,93,16,2301,-3962475.550904207,-3962471.25607763,6.215119055990605,-3962453.9964441583,3.712833400000818,0.8443085606773283
1,9,94,16,2317,-3962475.550904207,-3961130.566124401,4064.457984797206,-3946151.6847253516,5.769750400009798,0.8454715219421102
1,9,95,15,2332,-3962475.550904207,-3961039.7651044712,4180.02852906167,-3946159.3815612346,3.056681500020204,0.8465461288827074
1,9,96,15,2347,-3962475.550904207,-3962127.885160662,1290.7120573178631,-3957298.539863022,6.1093390000169165,0.8476058931860037
1,9,97,15,2362,-3962475.550904207,-3962473.2849093205,5.068966058436913,-3962454.5389200374,3.2286694000067655,0.8486511202560585
1,9,98,15,2377,-3962475.5592375994,-3961782.4951932724,1758.9595943758027,-3957294.542457789,7.2441547000198625,0.8496821071752951
1,9,99,15,2392,-3962475.5592375994,-3962474.5610666764,1.164106772871393,-3962471.7661577016,3.51522770000156,0.8506991429860171
1,9,100,15,2407,-3962475.5592375994,-3962129.7584871575,1290.859500032103,-3957299.8053147253,3.188392299984116,0.8517025089605734
1,9,101,15,2422,-3962475.5592375994,-3962474.2701368025,2.626077039223398,-3962464.6654347386,3.267484699987108,0.8526924788607032
1,9,102,14,2436,-3962475.5592375994,-3962105.564765134,1332.0353839385239,-3957302.843403993,3.142603299987968,0.8536045997346307
1,9,103,14,2450,-3962475.5592375994,-3960996.0424417825,2338.4342673232914,-3957295.4291566703,3.1945818999956828,0.8545054945054945
1,9,104,14,2464,-3962475.572180636,-3961365.257538835,2122.5263497640935,-3957299.948448995,5.634767100011231,0.855395369156837
1,9,105,14,2478,-3962475.572180636,-3960626.619476152,2479.633742844271,-3957295.683735311,3.251116200000979,0.8562744246634825
1,9,106,14,2492,-3962475.572180636,-3962474.9657615745,1.0771524646743231,-3962471.6639763433,3.0872715000004973,0.8571428571428571
1,9,107,14,2506,-3962475.5747838784,-3962105.510642402,1333.2149477048863,-3957298.5359210335,3.1170008999761194,0.858000858000858
1,9,108,14,2520,-3962475.5749502275,-3962475.2810610747,0.510165048190479,-3962474.071572542,3.427455500001088,0.8588486140724947
1,9,109,14,2534,-3962475.5749502275,-3961309.2421392193,4202.422835546596,-3946157.191572612,3.4180386000080034,0.8596863077575244
1,9,110,13,2547,-3962475.5749502275,-3960821.774550235,4449.552212649446,-3946161.3853088077,3.3253299000207335,0.8604553119730185
1,9,111,13,2560,-3962475.575353505,-3961219.6705541033,4349.433004042343,-3946152.7927319724,3.354457800014643,0.8612159329140461
1,9,112,13,2573,-3962475.5783230066,-3961219.5981850205,4348.237641727912,-3946156.861384077,3.310592399997404,0.8619683069224353
1,9,113,13,2586,-3962475.5783230066,-3962475.0506232176,1.0973116546520862,-3962471.5553689823,2.9821355000021867,0.8627125673994194
1,9,114,13,2599,-3962475.5783230066,-3961219.9813400875,4348.328398838213,-3946156.9299743064,3.3553634000127204,0.8634488448844885
1,9,115,13,2612,-3962475.5783230066,-3961219.9893362653,4348.330357732552,-3946156.9311403036,2.9736340999952517,0.8641772671317193
1,9,116,13,2625,-3962475.5783230066,-3961220.032248167,4348.345663999789,-3946156.921090005,3.0161606000037864,0.8648979591836735
1,9,117,13,2638,-3962475.5783230066,-3959964.852956554,5887.732240429043,-3946156.8958373535,3.326274999999441,0.8656110434429557
1,9,118,13,2651,-3962475.5783230066,-3962475.4606788857,0.16389954160268932,-3962475.0814678688,3.347921899985522,0.8663166397415186
1,9,119,12,2663,-3962475.5783230066,-3959755.621823972,6081.557458953257,-3946156.771148948,2.9102506000199355,0.8669614147909968
1,9,120,12,2675,-3962475.5783230066,-3961115.70927119,4509.187929239049,-3946160.42483704,2.923357699997723,0.8676
1,9,121,12,2687,-3962475.5783230066,-3959755.6043377966,6081.835199417124,-3946155.9985878654,2.9737991000001784,0.8682324840764332
1,9,122,12,2699,-3962475.5783230066,-3961115.6344993077,4510.286756422686,-3946156.7056340594,2.9526630000036675,0.8688589540412044
1,9,123,12,2711,-3962475.578506002,-3962475.384607047,0.2729242224743981,-3962474.708098756,2.9245232000248507,0.8694794952681388
1,9,124,12,2723,-3962475.578506002,-3962044.200767794,1430.2888742191892,-3957300.469268171,3.312761599983787,0.8700941915227629
1,9,125,12,2735,-3962475.578506002,-3962475.4826556896,0.20193129091109782,-3962474.8546023928,3.2543384000018705,0.870703125
1,9,126,12,2747,-3962475.578506002,-3962475.5415360243,0.04973008083782948,-3962475.400648216,2.913485600001877,0.8713063763608087
1,9,127,12,2759,-3962475.578506002,-3962475.4152787565,0.18411859275943052,-3962474.9278120976,2.9150754000002053,0.8719040247678018
1,9,128,11,2770,-3962475.578506002,-3962475.4100038484,0.2222022235092066,-3962474.946186578,2.8521633000054862,0.8724470134874759
1,9,129,11,2781,-3962475.578506002,-3962475.4207747607,0.21749819519532054,-3962474.830231171,2.8287602000054903,0.8729854182655411
1,9,130,11,2792,-3962475.5785064567,-3962004.944661736,1488.1892728129658,-3957298.8769736122,3.228541699994821,0.8735192969048529
1,9,131,11,2803,-3962475.5785064567,-3962475.403907561,0.22630311674990541,-3962474.876229102,3.2227126999932807,0.874048706240487
1,9,132,11,2814,-3962475.5785064567,-3962475.5345724593,0.07194352821895629,-3962475.376451675,2.8234228000219446,0.874573702159909
1,9,133,11,2825,-3962475.5785064567,-3962475.493185978,0.14209015454317936,-3962475.130649511,2.874526900006458,0.8750943396226415
1,9,134,11,2836,-3962475.5785064567,-3962475.489891234,0.13162824493081987,-3962475.125898581,2.887791899993317,0.8756106726794438
1,9,135,11,2847,-3962475.5804157536,-3962475.502870153,0.12381033402504277,-3962475.245422285,2.842771299998276,0.876122754491018
1,9,136,11,2858,-3962475.5804157536,-3962004.9798790095,1488.1087645155478,-3957299.166777808,2.834868300007656,0.8766306373462542
1,9,137,11,2869,-3962475.580858959,-3962475.4711316843,0.19179188654989504,-3962474.9468710776,2.82957059997716,0.8771343726800297
1,9,138,10,2879,-3962475.580858959,-3962475.530615844,0.09791218784889046,-3962475.263215542,2.8076819000125397,0.8775887573964497
1,9,139,10,2889,-3962475.580858959,-3962475.5371860014,0.07448646476559243,-3962475.344642438,2.770881800010102,0.8780397936624907
1,9,140,10,2899,-3962475.580858959,-3959211.9974989602,6527.10504245309,-3946157.387321433,3.1073551999870688,0.8784875183553598
1,9,141,10,2909,-3962475.580858959,-3959211.8288182267,6527.467459769705,-3946156.888674492,2.715008500003023,0.8789319678127286
1,9,142,10,2919,-3962475.580858959,-3960326.0822632015,4968.797478661717,-3946156.8814813886,2.7351353999983985,0.8793731778425656
1,9,143,10,2929,-3962475.580858959,-3960843.70502874,4895.605147032337,-3946156.8895876594,2.768850000022212,0.8798111837327524
1,9,144,10,2939,-3962475.5808728747,-3961957.929174191,1552.9289445525142,-3957299.1423405614,2.7525701000122353,0.880246020260492
1,9,145,10,2949,-3962475.5808728747,-3961957.978828068,1552.7695771816993,-3957299.6700965557,2.731876600009855,0.880677721701514
1,9,146,10,2959,-3962475.5808728747,-3962475.5643640384,0.02235138200621605,-3962475.5101234745,2.760126200009836,0.8811063218390804
1,9,147,10,2969,-3962475.5808728747,-3962475.565242565,0.02024859290493921,-3962475.5164899603,2.73115289999987,0.8815318539727989
1,9,148,10,2979,-3962475.5808728747,-3961957.975450547,1552.7851925657835,-3957299.619872909,3.1485439999960363,0.8819543509272468
1,9,149,10,2989,-3962475.5808728747,-3961957.9986989326,1552.7249928498395,-3957299.8237203956,2.7051273999968544,0.8823738450604123
1,9,150,9,2998,-3962475.5808728747,-3961900.4884607038,1626.563985998025,-3957299.8707632814,2.7629420000012033,0.8827488487424725
1,9,151,9,3007,-3962475.5808728747,-3961325.355334552,2151.8482803450297,-3957299.5862361453,2.6429021999938414,0.8831214689265536
1,9,152,9,3016,-3962475.5808728747,-3961900.4388578674,1626.6553122514017,-3957299.562852429,2.614503999997396,0.8834917282646956
1,9,153,9,3025,-3962475.5808728747,-3962475.5453219614,0.0489661239908494,-3962475.416399583,2.635787300008815,0.883859649122807
1,9,154,9,3034,-3962475.5808728747,-3961900.5064614713,1626.545286203773,-3957299.9416543506,2.6465323000156786,0.8842252535851697
1,9,155,9,3043,-3962475.5808728747,-3961900.485793235,1626.5379791739185,-3957299.9416544307,2.6544687999994494,0.8845885634588564
1,9,156,9,3052,-3962475.5808728747,-3960750.315680254,2439.8867735578797,-3957299.6503613815,2.996457700006431,0.8849496002780675
1,9,157,9,3061,-3962475.5808728747,-3962475.5540094757,0.051432505327836636,-3962475.4091132227,2.943049900000915,0.8853083853083853
1,9,158,9,3070,-3962475.5808728747,-3961325.3614721424,2151.852365664983,-3957299.5852473155,2.611157399980584,0.8856649395509499
1,9,159,9,3079,-3962475.5808728747,-3961900.4415204194,1626.6872387331523,-3957299.4752113465,2.646546700008912,0.8860192837465565
1,9,160,9,3088,-3962475.5808728747,-3961900.4704109854,1626.6422020072202,-3957299.6314845867,2.657958600000711,0.8863714383796774
1,9,161,9,3097,-3962475.58103849,-3960750.229635925,2440.0088099629525,-3957299.075234549,2.6593009999778587,0.8867214236824094
1,9,162,8,3105,-3962475.58103849,-3962475.5763728013,0.004531178411039965,-3962475.57006556,1.548698600003263,0.8870307167235495
1,9,163,8,3113,-3962475.58103849,-3962475.577123441,0.006479731027740586,-3962475.560179986,2.0083839999861084,0.8873383253914228
1,9,164,8,3121,-3962475.58103849,-3962475.57607636,0.006215744762218544,-3962475.560003007,1.6312153000035323,0.8876442634080108
1,9,165,8,3129,-3962475.58103849,-3962475.5767713445,0.004473132300083676,-3962475.568515837,1.9994635000184644,0.8879485443466486
1,9,166,8,3137,-3962475.58103849,-3962475.576228624,0.005129976090729233,-3962475.5676116142,1.9661058000056073,0.888251181634031
1,9,167,8,3145,-3962475.58103849,-3962475.5784333325,0.0030012431051212422,-3962475.570702808,1.6116818000155035,0.8885521885521885
1,9,168,8,3153,-3962475.58103849,-3961181.5725839743,2241.278131756625,-3957299.5636305474,2.0412747000227682,0.8888515782404298
1,9,169,8,3161,-3962475.58103849,-3961181.5091059487,2241.393225646316,-3957299.28830095,1.999634200008586,0.8891493636972538
1,9,170,8,3169,-3962475.58103849,-3962475.574356382,0.004620592963511029,-3962475.5686978437,1.9790474000037648,0.8894455577822311
1,9,171,8,3177,-3962475.58103849,-3961828.5738700796,1711.8100405919174,-3957299.5502108987,1.6165858999884222,0.8897401732178548
1,9,172,8,3185,-3962475.58103849,-3962475.5784774097,0.0023222174574854737,-3962475.573252324,1.964820699999109,0.8900332225913621
1,9,173,8,3193,-3962475.58103849,-3961828.5617874376,1711.836540662171,-3957299.4680156726,1.6694216999749187,0.8903247183565275
1,9,174,8,3201,-3962475.58103849,-3961181.5441140733,2241.3331782330306,-3957299.3369315974,2.0563043000001926,0.8906146728354263
1,9,175,8,3209,-3962475.58103849,-3961181.5414550966,2241.339121760999,-3957299.287596615,1.608727099985117,0.8909030982201714
1,9,176,7,3216,-3962475.58103849,-3962475.578934398,0.0036356708761142767,-3962475.570165096,1.5636523999855854,0.8911542255836896
1,9,177,7,3223,-3962475.58103849,-3961736.147848438,1811.2311513177115,-3957299.5557214767,1.9047414000087883,0.8914041994750657
1,9,178,7,3230,-3962475.58103849,-3962475.578868968,0.002242723356021604,-3962475.5752822123,1.8235737000068184,0.8916530278232406
1,9,179,7,3237,-3962475.58103849,-3962475.5806949497,0.00041701356395869267,-3962475.579690071,1.854995899979258,0.8919007184846506
1,9,180,7,3244,-3962475.58103849,-3961736.1488355845,1811.2305264183049,-3957299.5582393073,1.8294999999925494,0.8921472792440535
1,9,181,7,3251,-3962475.58103849,-3962475.5789336,0.0030927325913704838,-3962475.5723862536,1.5248660999932326,0.8923927178153446
1,9,182,7,3258,-3962475.58103849,-3962475.5784439403,0.004628036171735367,-3962475.567132963,1.8973079999850597,0.8926370418423614
1,9,183,7,3265,-3962475.58103849,-3962475.5773976715,0.0038875898973981565,-3962475.571440462,1.9000956999952905,0.8928802588996764
1,9,184,7,3272,-3962475.58103849,-3962475.5801029196,0.0010507227801939394,-3962475.5780286714,1.5516141999978572,0.8931223764933807
1,9,185,7,3279,-3962475.58103849,-3962475.579363458,0.0012163363787060354,-3962475.57769637,1.5484470000083093,0.8933634020618557
1,9,186,7,3286,-3962475.58103849,-3962475.5714310375,0.013549189143453617,-3962475.539256446,1.8774393000057898,0.8936033429765349
1,9,187,7,3293,-3962475.58103849,-3962475.5781433573,0.004750655405581947,-3962475.5669546593,1.5318889000045601,0.8938422065426556
1,9,188,7,3300,-3962475.58103849,-3962475.578126107,0.003519562226488417,-3962475.5705205444,1.5512593000021297,0.89408
1,9,189,7,3307,-3962475.58103849,-3962475.580612509,0.00040317552075704277,-3962475.579689324,1.5590579999843612,0.894316730523627
1,9,190,7,3314,-3962475.58103849,-3962475.574867831,0.004568119961923184,-3962475.5678787883,1.9089157000125851,0.8945524052245938
1,9,191,7,3321,-3962475.58103849,-3962475.5784162427,0.001810349000623529,-3962475.576086223,1.5594504000036977,0.8947870311506675
1,9,192,6,3327,-3962475.58103849,-3962475.5794042447,0.0033176664022166245,-3962475.5719882213,1.7717820999969263,0.8949873096446701
1,9,193,6,3333,-3962475.58103849,-3962475.5804343983,0.0007653617062548981,-3962475.578802785,1.7791729999880772,0.8951868271057631
1,9,194,6,3339,-3962475.58103849,-3962475.58006446,0.001044090578198467,-3962475.578512095,1.7865734999941196,0.895385587863464
1,9,195,6,3345,-3962475.58103849,-3962475.578018829,0.004896242321851711,-3962475.567279212,1.4311156000185292,0.895583596214511
1,9,196,6,3351,-3962475.581095122,-3962475.5795570877,0.0023543518687799063,-3962475.5746601075,1.458258599974215,0.8957808564231738
1,9,197,6,3357,-3962475.581095122,-3962475.57913431,0.003924227351333487,-3962475.5703611914,1.7685494000033941,0.8959773727215588
1,9,198,6,3363,-3962475.581095122,-3962475.5804452873,0.001089705129688088,-3962475.5780153256,1.4421103000058793,0.8961731493099122
1,9,199,6,3369,-3962475.581099022,-3962475.578378202,0.0050967620509269245,-3962475.5670141,1.7770492999989074,0.8963681903569192
1,9,200,6,3375,-3962475.581099022,-3962475.580531796,0.0009327627950708812,-3962475.5784549173,1.4308664000127465,0.8965625
1,9,201,6,3381,-3962475.581099022,-3962475.578476447,0.003922783028849455,-3962475.570000818,1.8113331999920774,0.896756082345602
1,9,202,6,3387,-3962475.581099022,-3962475.580669135,0.0004398033393721506,-3962475.5797732696,1.4254741999902762,0.8969489414694894
1,9,203,6,3393,-3962475.581099022,-3962475.5789637812,0.004059865005005746,-3962475.5699002724,1.8168531999981496,0.8971410814170292
1,9,204,6,3399,-3962475.581099022,-3962475.5769663337,0.005077069679507638,-3962475.5680796113,1.4324545999988914,0.8973325062034739
1,9,205,6,3405,-3962475.581099022,-3962475.578455858,0.005423623699057115,-3962475.5663355626,1.45263069999055,0.8975232198142414
1,9,206,6,3411,-3962475.581099022,-3962475.5780232768,0.005076962099823248,-3962475.566872539,1.450963999988744,0.8977132262051916
1,9,207,6,3417,-3962475.581104148,-3962475.5809002384,0.0002498381188597368,-3962475.580365289,1.770142699999269,0.8979025293028995
1,9,208,6,3423,-3962475.581104148,-3962475.580922241,0.00012417610290912386,-3962475.5807338003,1.7779853999963962,0.8980911330049262
1,9,209,6,3429,-3962475.581107326,-3962475.58099811,7.750244549178264e-05,-3962475.580927439,1.8170259000035003,0.8982790411800861
1,9,210,6,3435,-3962475.581107326,-3962475.580624983,0.0004422626784922409,-3962475.5798902903,1.4409521999768913,0.8984662576687117
1,9,211,5,3440,-3962475.581110798,-3962475.580963065,8.641050637033144e-05,-3962475.5808742084,1.3595489999861456,0.8986217457886677
1,9,212,5,3445,-3962475.581110798,-3962475.5802159086,0.001349092347145641,-3962475.577525284,1.370473300019512,0.8987767584097859
1,9,213,5,3450,-3962475.581110798,-3962475.581014222,6.0027889494066856e-05,-3962475.5809006654,1.3559485000150744,0.8989312977099236
1,9,214,5,3455,-3962475.581110798,-3962475.580652262,0.0005475077480120889,-3962475.579573367,1.3538258999760728,0.8990853658536585
1,9,215,5,3460,-3962475.581110798,-3962475.5809756694,5.948256183164815e-05,-3962475.5809000377,1.6955988999980036,0.8992389649923896
1,9,216,5,3465,-3962475.581110798,-3962475.5807739934,0.00039963543508865,-3962475.5799801443,1.7325877000112087,0.8993920972644377
1,9,217,5,3470,-3962475.581110798,-3962475.580933628,0.00010682896995004329,-3962475.580780618,1.3561025000235531,0.8995447647951441
1,9,218,5,3475,-3962475.581110798,-3962475.5809570947,8.103992990517659e-05,-3962475.5808164235,1.3647584000136703,0.8996969696969697
1,9,219,5,3480,-3962475.581110798,-3962475.580773294,0.00035263474754177284,-3962475.5800795946,1.3604838000028394,0.8998487140695915
1,9,220,5,3485,-3962475.581110798,-3962475.580940026,0.00013228750280874243,-3962475.580695385,1.6893850000051316,0.9
1,9,221,5,3490,-3962475.581110798,-3962475.581010784,5.101089398426233e-05,-3962475.580947336,1.3282716000103392,0.9001508295625943
1,9,222,5,3495,-3962475.581110798,-3962475.5805900716,0.0008313775224436824,-3962475.5789289586,1.355872400017688,0.9003012048192771
1,9,223,5,3500,-3962475.581110798,-3962475.5809215703,5.0140732550372295e-05,-3962475.5808908083,1.3629424999817275,0.9004511278195488
1,9,224,5,3505,-3962475.581112765,-3962475.5809650766,8.291168425888006e-05,-3962475.58086057,1.3572684999962803,0.9006006006006007
1,9,225,5,3510,-3962475.581112765,-3962475.580155076,0.0016402458863860499,-3962475.5768862516,1.7699247999989893,0.9007496251874063
1,9,226,5,3515,-3962475.581112765,-3962475.5803657547,0.0010580329563134275,-3962475.578251891,1.7126511999813374,0.9008982035928144
1,9,227,5,3520,-3962475.581112765,-3962475.5809363807,9.644591301794242e-05,-3962475.580818372,1.3286616000114009,0.9010463378176383
1,9,228,5,3525,-3962475.5811130907,-3962475.580801447,0.00022374675899821737,-3962475.5804403573,1.3562881000107154,0.9011940298507463
1,9,229,5,3530,-3962475.5811130907,-3962475.5809165463,7.495689634130414e-05,-3962475.580847569,1.6748322000203189,0.9013412816691505
1,9,230,5,3535,-3962475.5811130907,-3962475.5808964954,0.00023541091984727148,-3962475.580439644,1.3208282999985386,0.9014880952380953
1,9,231,5,3540,-3962475.5811130907,-3962475.5802092915,0.0014275008402271933,-3962475.577357957,1.3586470000154804,0.9016344725111441
1,9,232,5,3545,-3962475.5811130907,-3962475.580927834,7.605731673019752e-05,-3962475.5808489565,1.357017000002088,0.9017804154302671
1,9,233,4,3549,-3962475.5811130907,-3962475.5806272845,0.00045500671318308387,-3962475.5798454955,1.6384457999956794,0.9018968583283936
1,9,234,4,3553,-3962475.5811130907,-3962475.580964544,5.895374580988515e-05,-3962475.5808753986,1.248944399994798,0.9020130254588514
1,9,235,4,3557,-3962475.5811130907,-3962475.580958225,0.00011431858554364176,-3962475.580784224,1.6260915000166278,0.9021289178001183
1,9,236,4,3561,-3962475.5811130907,-3962475.5808276692,0.00027431944209999114,-3962475.580373451,1.5983724999823608,0.9022445363260484
1,9,237,4,3565,-3962475.5811130907,-3962475.580918353,0.0001012207746604091,-3962475.58082314,1.2451710999885108,0.9023598820058997
1,9,238,4,3569,-3962475.5811130907,-3962475.5808896157,0.00023203941809424815,-3962475.580492746,1.600242700020317,0.9024749558043607
1,9,239,4,3573,-3962475.5811130907,-3962475.5780942775,0.004600956736602332,-3962475.5701407436,1.2557607000053395,0.9025897586815774
1,9,240,4,3577,-3962475.5811130907,-3962475.58097743,9.148206405371055e-05,-3962475.5808711667,1.279598499997519,0.9027042915931804
1,9,241,4,3581,-3962475.5811130907,-3962475.580178607,0.0013516434744531853,-3962475.5778377894,1.284634100011317,0.9028185554903112
1,9,242,4,3585,-3962475.5811155215,-3962475.580977292,0.0001178714602972849,-3962475.580820918,1.2803224000090268,0.9029325513196481
1,9,243,4,3589,-3962475.5811155215,-3962475.5806655237,0.0004912929621577661,-3962475.579815699,1.2739237999776378,0.9030462800234329
1,9,244,4,3593,-3962475.5811155215,-3962475.5804650234,0.0007159851583439306,-3962475.5792748965,1.2829731999954674,0.9031597425394968
1,9,245,4,3597,-3962475.5811155215,-3962475.580989916,7.672596081948747e-05,-3962475.5808885824,1.2769447999889962,0.9032729398012858
1,10,0,36,36,-1467067.656656012,67046929.78977844,53640258.1045438,208596806.89000997,56.81049420000636,0.21428571428571427
1,10,1,36,72,-1723712.6591301598,44320929.686674275,47288318.1105961,208596806.89004928,46.25568080000812,0.24561403508771928
1,10,2,35,107,-1723712.6591301598,28530334.720076606,41250790.716833346,157156527.8594799,31.345584099995904,0.3333333333333333
1,10,3,35,142,-1723712.6591301598,20961797.653780013,33499377.875888515,129074720.49282746,33.94247290000203,0.3163265306122449
1,10,4,35,177,-1723712.6591301598,22132118.636103284,35728713.27322021,126466868.97204506,26.074644199979957,0.3185840707964602
1,10,5,34,211,-1723712.6591301598,11576087.746660644,22480377.428016406,116208170.13051175,26.36522770000738,0.3203125
1,10,6,34,245,-2311583.050827164,9087234.141762808,16264495.349634128,68459334.60300153,37.82005109998863,0.32450331125827814
1,10,7,34,279,-2362238.3795007467,4707323.9783646,7580784.516129108,34528608.561229065,25.59441460002563,0.3253012048192771
1,10,8,34,313,-3191921.991846703,5531601.897455089,12373882.95203009,61022053.777390145,34.54213270000764,0.31351351351351353
1,10,9,33,346,-3599329.429580778,1291567.1035341583,3170950.6806707764,10842842.987958817,32.68951550000929,0.33816425120772947
1,10,10,33,379,-3599329.429580778,-54230.23706070966,2753031.1727278708,11475432.755464977,39.166464499983704,0.3659574468085106
1,10,11,33,412,-3599329.429580778,2456623.2115212656,6342244.22755257,22476270.34111915,30.509246900008293,0.3992248062015504
1,10,12,32,444,-3669817.4620594718,406063.82114770386,4535192.260164938,15398672.094362486,33.690898800006835,0.4225352112676056
1,10,13,32,476,-3866726.1353965476,1080911.777315,5998006.496234528,17585494.76763643,28.653455100022256,0.43790849673202614
1,10,14,32,508,-3866726.1353965476,-1568684.434174551,2407821.53658799,9562401.42760538,37.191323099978035,0.46107784431137727
1,10,15,31,539,-3866726.1353965476,434193.3984030853,5745255.276531415,20579398.49150168,32.343562199996086,0.48333333333333334
1,10,16,31,570,-3910474.682804391,-1751077.7280140654,3430303.1828223504,15123099.012910275,32.05878719998873,0.5103092783505154
1,10,17,31,601,-3910474.682804391,-2262734.9052098957,1449013.1742089374,1546101.1990950368,29.209156199998688,0.5371702637889688
1,10,18,31,632,-3910474.682804391,-1685901.9983309794,3380557.1006989824,12692807.281901157,29.598694599990267,0.5605381165919282
1,10,19,30,662,-3910474.682804391,-2514494.147693905,1987636.1723660047,4073875.1842277776,29.159859100007452,0.5798319327731093
1,10,20,30,692,-3910474.682804391,-1850907.5759309137,4633648.049033687,20341718.827726673,24.8852571999887,0.5992063492063492
1,10,21,30,722,-3910474.682804391,-2077084.1993804895,3289956.6759956214,11724353.202363646,29.270710099983262,0.6146616541353384
1,10,22,30,752,-3914501.2138920035,-2322789.740773785,3614634.818021017,10076023.322471218,28.175192299997434,0.6321428571428571
1,10,23,29,781,-3914501.2138920035,-1797107.6869660963,3792962.5438967296,11018484.249957787,22.726843299984466,0.6479591836734694
1,10,24,29,810,-3914501.2138920035,-2839142.5726088197,2868396.378639924,11218527.278381513,24.056480700004613,0.663961038961039
1,10,25,29,839,-3939404.455364056,-3378242.0905014887,967648.021149908,-184922.01218458265,21.20216270000674,0.6790697674418604
1,10,26,29,868,-3939404.455364056,-3228795.71221913,1410367.9456102166,1700544.9342819303,19.151468300027773,0.6928783382789317
1,10,27,28,896,-3945367.621586656,-3410559.8925924296,1795034.1094682936,5353458.524752043,14.531529999978375,0.7051282051282052
1,10,28,28,924,-3954090.20761854,-3369436.353039845,1593205.4236796736,3795032.251776333,21.132582499994896,0.7164383561643836
1,10,29,28,952,-3954090.20761854,-3834191.9110437175,212155.0058812651,-2782794.2960591707,17.66897549998248,0.7269129287598944
1,10,30,28,980,-3954090.20761854,-3846393.4752394096,115232.74099469189,-3455704.76479063,11.375097500014817,0.7366412213740458
1,10,31,27,1007,-3954495.4708928335,-3243431.480127775,3092555.510256163,12479552.010556526,16.588757200021064,0.7441574415744158
1,10,32,27,1034,-3954495.4708928335,-3899024.0669053793,68348.63680224244,-3618336.518261239,10.542004800023278,0.7523809523809524
1,10,33,27,1061,-3957229.7532754485,-3874780.1741005103,78180.31760132256,-3653021.061285522,12.18078220001189,0.7600922722029988
1,10,34,27,1088,-3959161.54004517,-3217960.843413347,3607382.274280685,15175634.078985158,11.32644479998271,0.7670772676371781
1,10,35,26,1114,-3959908.1807035785,-3230883.218825738,2796418.7158444733,10535955.470782246,14.946352800005116,0.7734204793028322
1,10,36,26,1140,-3961526.891839396,-3913920.501819449,138056.10732805904,-3233487.1169084385,13.867753300000913,0.7796610169491526
1,10,37,26,1166,-3961526.891839396,-3752080.9462014493,656838.13918875,-1070704.9109913837,13.818515899998602,0.7855670103092783
1,10,38,26,1192,-3961526.891839396,-3910482.7724124067,195343.48501821732,-2934778.599868361,10.533220300014364,0.7911646586345381
1,10,39,25,1217,-3961526.891839396,-3857731.0613142615,355207.379024363,-2166308.8236566894,12.594817900011549,0.7962781586679726
1,10,40,25,1242,-3961526.891839396,-3949906.255134265,8854.002107103719,-3923130.3252484836,12.373615399992559,0.8011472275334608
1,10,41,25,1267,-3961526.891839396,-3951023.7626169366,7977.79340183412,-3934257.6377515476,9.115505299996585,0.8057889822595705
1,10,42,25,1292,-3961526.891839396,-3953070.473062147,9654.050007022906,-3928098.3435846213,7.296920400025556,0.8102189781021898
1,10,43,25,1317,-3961702.887083987,-3953004.9141670954,8680.366384085253,-3928456.1947969776,12.103151600022102,0.8144513826940232
1,10,44,24,1341,-3961702.887083987,-3953797.594123997,7406.205532617125,-3926653.760838067,8.166649599996163,0.8183406113537118
1,10,45,24,1365,-3962273.3626378123,-3956152.4912483445,5941.654066022216,-3937461.1337929647,5.3227139999798965,0.8220701454234388
1,10,46,24,1389,-3962273.3626378123,-3955740.900066793,6551.299347193917,-3933200.3593049105,5.377761999989161,0.8256496227996647
1,10,47,24,1413,-3962273.3626378123,-3954821.4410007694,7884.460745797604,-3930863.5169951506,5.372374499973375,0.8290879211175021
1,10,48,23,1436,-3962273.3626378123,-3958953.8084683134,3055.8925854689014,-3949913.4564697966,4.853311000013491,0.832258064516129
1,10,49,23,1459,-3962407.763841726,-3959488.4397036172,2171.753429891415,-3953669.682377802,4.891722500004107,0.8353127474267616
1,10,50,23,1482,-3962428.2982373703,-3958893.9422687637,2702.329447997712,-3951130.7722903695,5.247900500020478,0.838258164852255
1,10,51,23,1505,-3962428.2982373703,-3959102.530829507,2823.8191489767764,-3953597.729059646,5.3074626000016,0.841100076394194
1,10,52,23,1528,-3962428.2982373703,-3959239.3081613146,4633.651789253268,-3939407.954312289,4.834442299994407,0.8438438438438438
1,10,53,22,1550,-3962428.2982373703,-3959970.110095614,4923.602292956333,-3938457.4812097996,4.822216699976707,0.8463810930576071
1,10,54,22,1572,-3962428.2982373703,-3960372.9208123656,1993.32572737741,-3956577.693158401,5.235820300003979,0.8488372093023255
1,10,55,22,1594,-3962448.1894946396,-3959552.84276191,4136.919947892358,-3946839.341441866,5.140680400014389,0.8512160228898427
1,10,56,22,1616,-3962448.1894946396,-3961375.41582158,861.0572632842022,-3959615.0620088875,4.738389600010123,0.8535211267605634
1,10,57,22,1638,-3962448.1894946396,-3960682.2104585427,1928.2864826765351,-3956177.502026584,4.819588000013027,0.855755894590846
1,10,58,21,1659,-3962448.1894946396,-3960838.7183249146,1924.7336225571987,-3955585.0143696554,5.011954600020545,0.8578263841421736
1,10,59,21,1680,-3962448.1894946396,-3960974.2744965404,2319.678076992377,-3953017.3530999497,5.121461100003216,0.8598382749326146
1,10,60,21,1701,-3962459.2349621095,-3961502.248904873,1192.8096828211565,-3957117.356698321,4.656553600012558,0.8617940199335549
1,10,61,21,1722,-3962459.2349621095,-3961507.9638872663,1817.2498396990575,-3955019.5231854767,4.962187299999641,0.8636959370904325
1,10,62,21,1743,-3962459.2349621095,-3961568.37048261,1410.7026477328716,-3957255.6729302164,4.954747900017537,0.865546218487395
1,10,63,21,1764,-3962459.2349621095,-3961571.2267382173,1917.4738400648048,-3953619.4142985046,4.942567299993243,0.8673469387755102
1,10,64,20,1784,-3962459.2349621095,-3961638.808628888,1571.3972767944676,-3956757.165956326,4.669425800006138,0.8690176322418136
1,10,65,20,1804,-3962459.2349621095,-3961735.111158459,2127.0989550834556,-3952510.3303085417,4.586051999998745,0.8706467661691543
1,10,66,20,1824,-3962459.2349621095,-3961707.956104549,1647.8175820957265,-3956661.6533568725,4.918165400013095,0.8722358722358723
1,10,67,20,1844,-3962459.2349621095,-3962008.183679115,1102.4107660706713,-3957264.224830106,4.5477240000036545,0.8737864077669902
1,10,68,20,1864,-3962472.385792479,-3962293.8411927437,184.2023111693957,-3961656.661966063,4.934687800006941,0.8752997601918465
1,10,69,19,1883,-3962474.690780733,-3962325.6287642955,173.61184980613223,-3961852.2785479836,4.886552200012375,0.8767042086544161
1,10,70,19,1902,-3962474.6907840576,-3962133.021048657,1146.3476248284717,-3957288.166768294,4.782522299996344,0.8780773739742087
1,10,71,19,1921,-3962474.6907840576,-3962133.4121311894,1138.5891713064661,-3957311.668820504,4.817837100010365,0.8794202898550725
1,10,72,19,1940,-3962474.6907840576,-3962391.00645246,58.82644616070402,-3962220.463761281,4.4664721000008285,0.8807339449541285
1,10,73,19,1959,-3962474.6907840576,-3962151.094058006,1148.8537026016693,-3957281.7142693773,4.88016709999647,0.8820192853091322
1,10,74,19,1978,-3962474.6907840576,-3962427.316631535,32.61019406445732,-3962334.5850113016,4.892427599988878,0.8832772166105499
1,10,75,18,1996,-3962474.6907840576,-3962395.9691655356,94.58944983025607,-3962064.569997022,4.353833300003316,0.8844444444444445
1,10,76,18,2014,-3962474.6907840576,-3962432.7962490213,34.676186999671415,-3962350.538659282,4.40341939998325,0.8855885588558856
1,10,77,18,2032,-3962474.6907840576,-3962146.8704997953,1169.617525323073,-3957328.9280686323,4.393151500000386,0.8867102396514162
1,10,78,18,2050,-3962474.9378399774,-3962439.4850684307,31.90594822002048,-3962367.0342340935,4.8358749999897555,0.8878101402373247
1,10,79,18,2068,-3962475.3623529915,-3962442.3457968407,49.9411557023259,-3962268.77494229,4.438522799988277,0.8888888888888888
1,10,80,18,2086,-3962475.3623529915,-3960610.755630402,5121.873107963966,-3946123.309418367,4.430442799988668,0.8899470899470899
1,10,81,17,2103,-3962475.3623529915,-3962437.844675823,36.22262508500753,-3962345.0768786017,4.4084923999907915,0.8909281594126901
1,10,82,17,2120,-3962475.3623529915,-3962466.874055186,11.210807809694376,-3962439.364615731,4.298018600005889,0.8918918918918919
1,10,83,17,2137,-3962475.3623529915,-3962429.758746844,104.28231009023199,-3962024.1060801484,4.299876499979291,0.8928387429160227
1,10,84,17,2154,-3962475.3623565156,-3962463.723342646,18.82168441080043,-3962407.853576038,4.358884799992666,0.8937691521961185
1,10,85,17,2171,-3962475.5191360693,-3962464.911725067,21.899912597896165,-3962383.2856377885,4.43777640000917,0.8946835443037975
1,10,86,17,2188,-3962475.5191360693,-3962472.2680211514,3.1071213319738606,-3962463.0043038167,4.326799900009064,0.8955823293172691
1,10,87,17,2205,-3962475.5191360693,-3962471.8157286216,9.54000197840549,-3962433.838447055,4.808634999993956,0.8964659034345446
1,10,88,16,2221,-3962475.5191360693,-3962468.949768182,9.09944699017147,-3962437.2070752475,3.3529285000113305,0.8972839506172839
1,10,89,16,2237,-3962475.5191360693,-3962471.1534847245,13.476866169479463,-3962419.088240944,3.696486400003778,0.8980891719745223
1,10,90,16,2253,-3962475.5191360693,-3962471.8993029725,8.506376284005002,-3962440.1062988844,3.6306422000052407,0.8988818667963053
1,10,91,16,2269,-3962475.5191360693,-3962474.9201255343,0.6552024748506045,-3962473.2094142865,3.7112360000028275,0.899662325132658
1,10,92,16,2285,-3962475.5191360693,-3962474.881911735,0.8516261388578467,-3962472.184383994,3.6173609999823384,0.9004308281474389
1,10,93,16,2301,-3962475.563344408,-3962474.8425448877,1.0926933279714315,-3962471.148274582,3.5618617000000086,0.901187648456057
1,10,94,16,2317,-3962475.563344408,-3960436.137263146,5394.104489962429,-3946155.9350509793,5.84467270001187,0.901933050447902
1,10,95,15,2332,-3962475.563344408,-3962474.848299366,1.116381456523946,-3962471.8472909387,3.3904553999891505,0.9026217228464419
1,10,96,15,2347,-3962475.563344408,-3961387.096836893,4070.541436404881,-3946156.52551846,3.6651666999969166,0.903300790330079
1,10,97,15,2362,-3962475.563344408,-3962474.676172591,1.5628839633931133,-3962469.1646098215,3.2189706999924965,0.9039704524469068
1,10,98,15,2377,-3962475.5643425006,-3962475.214375174,0.5542274128518818,-3962473.374284083,3.2210548000002746,0.9046309032553874
1,10,99,15,2392,-3962475.572853189,-3962475.298226624,0.26856877663540585,-3962474.708939735,3.5701083000167273,0.9052823315118397
1,10,100,15,2407,-3962475.572853189,-3962475.223120753,0.4683417858716899,-3962474.2338581644,3.2166999999899417,0.905924920850294
1,10,101,15,2422,-3962475.572853189,-3962475.1624351847,0.44753023668570413,-3962474.1353580337,3.2492191000201274,0.9065588499550764
1,10,102,14,2436,-3962475.572853189,-3962475.4265605384,0.2991634460679476,-3962474.362168487,3.52703530000872,0.9071428571428571
1,10,103,14,2450,-3962475.572853189,-3962475.0745592,0.5774158189312446,-3962473.721712971,3.1370886999939103,0.9077196095829636
1,10,104,14,2464,-3962475.574304493,-3962475.2669939185,0.5549647401761876,-3962473.7392017245,3.106342900020536,0.908289241622575
1,10,105,14,2478,-3962475.574304493,-3962475.271135672,0.3116445988520499,-3962474.6998208165,3.165790200000629,0.908851884312007
1,10,106,14,2492,-3962475.574304493,-3961309.7216306105,4202.818118802742,-3946156.2454288807,6.70286649998161,0.9094076655052264
1,10,107,14,2506,-3962475.5792735107,-3962475.2988961763,0.4998987435726484,-3962473.6978589706,2.758435899973847,0.90995670995671
1,10,108,14,2520,-3962475.5792735107,-3962475.3130035396,0.49135903188138363,-3962474.093000965,3.177805699990131,0.9104991394148021
1,10,109,14,2534,-3962475.5792735107,-3962474.9757426917,1.4631645726253737,-3962469.8185797576,3.5317068000149447,0.9110350727117195
1,10,110,13,2547,-3962475.5792735107,-3961220.061433273,4348.35806071473,-3946156.9072829504,3.3271449000167195,0.911527009783071
1,10,111,13,2560,-3962475.5792735107,-3962475.52677282,0.09747716483436301,-3962475.2036086284,2.9802009999984875,0.9120135363790186
1,10,112,13,2573,-3962475.5792735107,-3962475.5576230544,0.04320915133511616,-3962475.4083951134,3.003171000018483,0.912494741270509
1,10,113,13,2586,-3962475.5792735107,-3962475.2902119984,0.2817210578576535,-3962474.69735842,3.073251399997389,0.9129707112970711
1,10,114,13,2599,-3962475.5792735107,-3962475.5095526874,0.13612133646018876,-3962475.0762724113,3.046291899983771,0.9134415314190595
1,10,115,13,2612,-3962475.5792735107,-3962475.4948416534,0.20908091390269817,-3962474.780378448,3.389039200003026,0.9139072847682119
1,10,116,13,2625,-3962475.5792735107,-3962475.4882441415,0.12649715270331666,-3962475.1213123687,3.3103969000221696,0.914368052696583
1,10,117,13,2638,-3962475.5793229416,-3962475.546753165,0.09267132625297612,-3962475.2258840688,2.998465300013777,0.9148239148239148
1,10,118,13,2651,-3962475.5793229416,-3962475.4363128864,0.26312326546538334,-3962474.602516804,3.0233364999876358,0.915274949083503
1,10,119,12,2663,-3962475.579730995,-3962475.5485017025,0.0632349731538263,-3962475.3454974685,2.919667700014543,0.9156870693149575
1,10,120,12,2675,-3962475.579767341,-3962475.4737030305,0.15089132853717566,-3962475.104565913,3.2558694000181276,0.9160951996772893
1,10,121,12,2687,-3962475.5800367948,-3962475.5517847645,0.06536590129113232,-3962475.336990295,2.89072130000568,0.9164993978321959
1,10,122,12,2699,-3962475.5800367948,-3962475.5112834745,0.10597581808401653,-3962475.293702064,2.9545268999936525,0.9168997203355973
1,10,123,12,2711,-3962475.5800367948,-3962475.5644520824,0.018183880919407546,-3962475.505524043,2.9915030999982264,0.9172962226640159
1,10,124,12,2723,-3962475.5800367948,-3962475.57153652,0.0030546560292601284,-3962475.5665361583,3.2774843999941368,0.9176889592402058
1,10,125,12,2735,-3962475.5800367948,-3962475.562768802,0.0213491745252261,-3962475.5155063383,2.882471400022041,0.9180779834580544
1,10,126,12,2747,-3962475.5800367948,-3962475.553809604,0.04313507902574753,-3962475.4296007976,3.264527499995893,0.9184633477067816
1,10,127,12,2759,-3962475.5800367948,-3962475.5598772014,0.030920294668219456,-3962475.4607282653,3.215780900005484,0.9188451033944596
1,10,128,11,2770,-3962475.5800367948,-3962475.5710864156,0.007633026360866976,-3962475.548619002,2.793173799989745,0.9191919191919192
1,10,129,11,2781,-3962475.5800367948,-3962475.5123156207,0.07014519265036183,-3962475.373443898,2.840492700022878,0.9195357833655706
1,10,130,11,2792,-3962475.5800367948,-3962475.560331158,0.021913352505773386,-3962475.514301466,2.8802613000152633,0.9198767334360555
1,10,131,11,2803,-3962475.5800367948,-3962475.562974264,0.036610045019201364,-3962475.4475414995,2.883723500010092,0.9202148062907557
1,10,132,11,2814,-3962475.5800367948,-3962475.5692414683,0.02002539643025814,-3962475.506604288,2.87723859999096,0.920550038197097
1,10,133,11,2825,-3962475.5800367948,-3962475.5580999334,0.04304449075436088,-3962475.424682755,3.1617212999844924,0.9208824648155192
1,10,134,11,2836,-3962475.5800367948,-3962475.5747029213,0.005186618209917185,-3962475.563646538,3.140647899999749,0.9212121212121213
1,10,135,11,2847,-3962475.5800367948,-3962475.555385347,0.05602085714504121,-3962475.378525611,2.8040248000179417,0.9215390418709921
1,10,136,11,2858,-3962475.5800367948,-3962475.5647367854,0.026378397676826707,-3962475.482086286,2.8373461999872234,0.9218632607062359
1,10,137,11,2869,-3962475.5800367948,-3962475.5698684873,0.014790965931324047,-3962475.5252796765,2.856162799987942,0.9221848110737
1,10,138,10,2879,-3962475.5800367948,-3962475.561859672,0.02490216206795329,-3962475.491330875,2.7573769000009634,0.9224748415952292
1,10,139,10,2889,-3962475.580718763,-3962475.5752533907,0.003911099491689952,-3962475.5695231296,3.123548400006257,0.9227627181581879
1,10,140,10,2899,-3962475.580718763,-3962475.5751919574,0.005703016323038895,-3962475.560091097,3.0209878999739885,0.9230484646688865
1,10,141,10,2909,-3962475.580718763,-3962475.5672643185,0.01957465842225892,-3962475.5209373534,2.7104051999922376,0.9233321046811648
1,10,142,10,2919,-3962475.580718763,-3962475.566204024,0.024578621802359403,-3962475.49389858,3.152227100013988,0.9236136614028645
1,10,143,10,2929,-3962475.580718763,-3962475.563821611,0.03162648519046156,-3962475.4712964296,2.8464316000172403,0.9238931577021589
1,10,144,10,2939,-3962475.580718763,-3962475.573375675,0.006968115638532301,-3962475.5548777767,3.397107500000857,0.9241706161137441
1,10,145,10,2949,-3962475.580718763,-3962475.5659248233,0.014107513045296796,-3962475.530963607,3.084053699974902,0.9244460588448965
1,10,146,10,2959,-3962475.5808050223,-3962475.5730545493,0.00931315904092132,-3962475.546588991,2.944351899990579,0.924719507781397
1,10,147,10,2969,-3962475.5808050223,-3962475.572979751,0.006796938924427074,-3962475.555792846,3.236915900022723,0.9249909844933285
1,10,148,10,2979,-3962475.5808050223,-3962475.566864,0.021527225524906202,-3962475.5036571342,2.793403699994087,0.9252605102407474
1,10,149,10,2989,-3962475.5808050223,-3962475.572671504,0.008544778975834484,-3962475.5502105877,2.8616459000040777,0.9255281059792339
1,10,150,9,2998,-3962475.5808050223,-3962475.5218112264,0.15186363935091274,-3962475.092490146,3.061288999975659,0.9257673090649536
1,10,151,9,3007,-3962475.5813504923,-3962475.577694809,0.003042298244324661,-3962475.570853444,2.9464891999959946,0.9260049804340093
1,10,152,9,3016,-3962475.5813504923,-3962475.5691886595,0.012317247844438483,-3962475.540224338,2.8738646999991033,0.926241134751773
1,10,153,9,3025,-3962475.5813504923,-3962475.573074464,0.005963405940722429,-3962475.563824462,2.72281499998644,0.9264757864969954
1,10,154,9,3034,-3962475.5813504923,-3962475.5418952415,0.09428088927516447,-3962475.276286468,2.7235617999976967,0.9267089499647639
1,10,155,9,3043,-3962475.5813504923,-3962475.576938284,0.002550008626751498,-3962475.5729197823,2.709579800022766,0.9269406392694064
1,10,156,9,3052,-3962475.5813504923,-3962475.5752305174,0.006836090707259393,-3962475.5594762694,2.6868926000024658,0.927170868347339
1,10,157,9,3061,-3962475.5813504923,-3962475.57584431,0.004158087264955362,-3962475.5661259014,2.690913600003114,0.9273996509598604
1,10,158,9,3070,-3962475.581418775,-3962475.5695945644,0.012577698989806213,-3962475.538217457,2.7895570999826305,0.9276270006958942
1,10,159,9,3079,-3962475.581418775,-3962475.577299301,0.0018026770088517944,-3962475.5731363147,2.708521299995482,0.9278529309746791
1,10,160,9,3088,-3962475.581418775,-3962475.577766728,0.0033097895959817514,-3962475.569913991,2.7698486000008415,0.9280774550484094
1,10,161,9,3097,-3962475.581418775,-3962475.5753974807,0.010847972288483608,-3962475.5450343974,2.73228170000948,0.9283005860048259
1,10,162,8,3105,-3962475.581418775,-3962475.5791813117,0.0019154607016716016,-3962475.5758195687,1.6327773000230081,0.9284977655551736
1,10,163,8,3113,-3962475.581418775,-3962475.575589264,0.008502157965516552,-3962475.5549010523,2.04061389999697,0.9286938635584505
1,10,164,8,3121,-3962475.5829503443,-3962475.5792833976,0.0038091757330924354,-3962475.569898486,1.7265025000087917,0.9288888888888889
1,10,165,8,3129,-3962475.5829503443,-3962475.576977453,0.005746272758531131,-3962475.566811662,1.705889400007436,0.9290828503239005
1,10,166,8,3137,-3962475.5829503443,-3962475.5755902994,0.0070443173120118005,-3962475.558619052,1.687230899988208,0.9292757565453927
1,10,167,8,3145,-3962475.5829503443,-3962475.5691492218,0.010525816737471234,-3962475.545787882,2.1923634000122547,0.9294676161410648
1,10,168,8,3153,-3962475.5829503443,-3962475.5754457423,0.00970497331339228,-3962475.5502942223,2.0263260999927297,0.9296584376056815
1,10,169,8,3161,-3962475.5829503443,-3962475.5549450647,0.033388077744192605,-3962475.4928926956,2.0174373000045307,0.9298482293423271
1,10,170,8,3169,-3962475.5829503443,-3962475.576961425,0.0036364556355377004,-3962475.56836088,1.713917599990964,0.9300369996636394
1,10,171,8,3177,-3962475.5829503443,-3962475.579749581,0.0016221449291466106,-3962475.5771381557,2.080490100022871,0.9302247567930225
1,10,172,8,3185,-3962475.5829503443,-3962475.5589678553,0.01605915969223562,-3962475.5293689277,2.169020300003467,0.9304115088658415
1,10,173,8,3193,-3962475.5829503443,-3962475.5718961107,0.015621068138751111,-3962475.542097755,1.6704796999983955,0.9305972639305973
1,10,174,8,3201,-3962475.5829503443,-3962475.578309088,0.0028371871728557607,-3962475.5730379373,2.0642556000093464,0.9307820299500832
1,10,175,8,3209,-3962475.5829503443,-3962475.5766013954,0.005402041804893232,-3962475.5630235896,1.6691352000052575,0.9309658148025224
1,10,176,7,3216,-3962475.5829503443,-3962475.575300769,0.008698910923077516,-3962475.5543534104,1.6212535999948159,0.9311258278145695
1,10,177,7,3223,-3962475.5829503443,-3962475.5757909454,0.008875356707766985,-3962475.5543865897,1.5927599999995437,0.9312851007598282
1,10,178,7,3230,-3962475.5829503443,-3962475.5763228606,0.005908562363605895,-3962475.562422652,1.5981938999902923,0.9314436387607119
1,10,179,7,3237,-3962475.5829503443,-3962475.574452661,0.008978848280622958,-3962475.55945733,1.9172247000096831,0.9316014468924696
1,10,180,7,3244,-3962475.5829503443,-3962475.5769932396,0.004022951408262871,-3962475.5704616737,1.855388399999356,0.931758530183727
1,10,181,7,3251,-3962475.5829503443,-3962475.5622142744,0.040609962729735855,-3962475.463042453,1.5560756000049878,0.9319148936170213
1,10,182,7,3258,-3962475.5829503443,-3962475.576395091,0.005620882385379282,-3962475.565379396,1.8713514999835752,0.9320705421293273
1,10,183,7,3265,-3962475.5829503443,-3962475.5747005465,0.008260148986173615,-3962475.5550263487,1.932670500013046,0.9322254806125774
1,10,184,7,3272,-3962475.5829503443,-3962475.5783707746,0.0030597750364816695,-3962475.571816029,1.9359676000021864,0.9323797139141743
1,10,185,7,3279,-3962475.5829503443,-3962475.573562818,0.010288834530070822,-3962475.5486578904,1.8483218000037596,0.9325332468374959
1,10,186,7,3286,-3962475.5829503443,-3962475.578857611,0.0025074662206595742,-3962475.574716989,1.6080427000124473,0.9326860841423948
1,10,187,7,3293,-3962475.5829503443,-3962475.5794126582,0.0017944967088322206,-3962475.576661529,1.9778331999841612,0.9328382305456894
1,10,188,7,3300,-3962475.5829503443,-3962475.5793719264,0.0015285522986352876,-3962475.57708364,1.5678025999804959,0.9329896907216495
1,10,189,7,3307,-3962475.5829503443,-3962475.5718683484,0.010888234075948319,-3962475.546488803,1.5970134000235703,0.9331404693024751
1,10,190,7,3314,-3962475.5829503443,-3962475.573545786,0.010126976289427065,-3962475.549442796,1.5874745000037365,0.9332905708787684
1,10,191,7,3321,-3962475.5829503443,-3962475.576126573,0.004089846073262815,-3962475.5666843057,1.6086056999920402,0.93344
1,10,192,6,3327,-3962475.5829503443,-3962475.572230835,0.01136646287956379,-3962475.5475812685,1.9292087999929208,0.9335675503034174
1,10,193,6,3333,-3962475.5829503443,-3962475.578338945,0.003995971436361567,-3962475.5697617307,1.516657900006976,0.9336946126872808
1,10,194,6,3339,-3962475.5829503443,-3962475.56732084,0.014444320354538558,-3962475.5414719433,2.047956199996406,0.9338211899459116
1,10,195,6,3345,-3962475.5829503443,-3962475.5762883504,0.006217797308523483,-3962475.5638221763,2.0017265000205953,0.933947284852334
1,10,196,6,3351,-3962475.5829503443,-3962475.577666107,0.001965745794794846,-3962475.5746637434,1.586527399980696,0.9340729001584787
1,10,197,6,3357,-3962475.5829503443,-3962475.571617063,0.016293002558059072,-3962475.53535988,1.9711852000036743,0.9341980385953812
1,10,198,6,3363,-3962475.5829503443,-3962475.55565239,0.04563673247153796,-3962475.454204917,1.9068810000026133,0.9343227028733817
1,10,199,6,3369,-3962475.5829503443,-3962475.5660154135,0.018548111165307933,-3962475.5273501296,1.8327499000006355,0.9344468956823195
1,10,200,6,3375,-3962475.5829503443,-3962475.57925627,0.0014458062994318294,-3962475.577255711,1.4519342000130564,0.934570619691727
1,10,201,6,3381,-3962475.5829503443,-3962475.5771686225,0.006994436343655195,-3962475.561947828,1.4849197999865282,0.9346938775510204
1,10,202,6,3387,-3962475.5829503443,-3962475.576362385,0.009606159226002402,-3962475.5549452063,1.806100999994669,0.9348166718896898
1,10,203,6,3393,-3962475.5829503443,-3962475.57181214,0.012808657954483178,-3962475.5454247333,1.4614786999882199,0.9349390053174852
1,10,204,6,3399,-3962475.5829503443,-3962475.5759880506,0.003538106470491179,-3962475.568780834,1.4887428999936674,0.9350608804246019
1,10,205,6,3405,-3962475.5829503443,-3962475.576958964,0.004844630921002808,-3962475.5671207756,1.4788788000005297,0.9351822997818635
1,10,206,6,3411,-3962475.5829503443,-3962475.5757290386,0.0047894514321478315,-3962475.565069765,1.8038852000026964,0.9353032659409021
1,10,207,6,3417,-3962475.5829503443,-3962475.576530659,0.005477220103397664,-3962475.5649637673,1.4446714999794494,0.9354237814343371
1,10,208,6,3423,-3962475.5829503443,-3962475.5788921625,0.0026161369034324636,-3962475.574265212,1.7997191000031307,0.9355438487759529
1,10,209,6,3429,-3962475.5829503443,-3962475.5683525098,0.025731167977839826,-3962475.5108937565,1.4527915999933612,0.9356634704608723
1,10,210,6,3435,-3962475.5829503443,-3962475.5753773474,0.006892490996983066,-3962475.561639866,1.8333992999978364,0.9357826489657302
1,10,211,5,3440,-3962475.5829503443,-3962475.57605577,0.0014547962117536586,-3962475.573821813,1.7110227999801282,0.935881627620222
1,10,212,5,3445,-3962475.5829503443,-3962475.571866861,0.007084968531132292,-3962475.5632427465,1.6946500000194646,0.9359803016312711
1,10,213,5,3450,-3962475.5829503443,-3962475.56503282,0.018058446518219244,-3962475.5367029905,1.3606828000047244,0.9360786724031961
1,10,214,5,3455,-3962475.5829503443,-3962475.5789096593,0.0016584698353994413,-3962475.5769179836,1.3816370999848004,0.9361767413316968
1,10,215,5,3460,-3962475.5829503443,-3962475.5786930593,0.0024081213398795096,-3962475.575778328,1.7477826999966055,0.9362745098039216
1,10,216,5,3465,-3962475.5829503443,-3962475.571685544,0.006560908398036033,-3962475.5627621375,1.3474830000195652,0.9363719791985317
1,10,217,5,3470,-3962475.5829503443,-3962475.574701977,0.00554558749165789,-3962475.566664327,1.7293464000103995,0.9364691508857667
1,10,218,5,3475,-3962475.5829503443,-3962475.5710613057,0.010888394118377961,-3962475.5510544013,1.3555347000074107,0.9365660262275084
1,10,219,5,3480,-3962475.5829503443,-3962475.5790912346,0.0021886167807340412,-3962475.575581778,1.3849800000025425,0.9366626065773447
1,10,220,5,3485,-3962475.5829503443,-3962475.5802607564,0.0017215722109861628,-3962475.5769643635,1.7369595000054687,0.9367588932806324
1,10,221,5,3490,-3962475.5829503443,-3962475.5777331977,0.0020470574465438103,-3962475.574981382,1.3423416999867186,0.9368548876745598
1,10,222,5,3495,-3962475.5829503443,-3962475.5745614516,0.007642661538618313,-3962475.5595851038,1.5071442000044044,0.9369505910882086
1,10,223,5,3500,-3962475.5829503443,-3962475.5781277767,0.003868673953734884,-3962475.570857363,1.4524259000027087,0.937046004842615
1,10,224,5,3505,-3962475.5829503443,-3962475.576383748,0.004453820843509155,-3962475.5684957374,1.4012817000038922,0.937141130250831
1,10,225,5,3510,-3962475.5829503443,-3962475.5796178607,0.0013913635911707793,-3962475.577149596,1.3834618999972008,0.9372359686179843
1,10,226,5,3515,-3962475.5829503443,-3962475.5527410684,0.0298869820148496,-3962475.496056162,1.7760315999912564,0.9373305212413378
1,10,227,5,3520,-3962475.5829503443,-3962475.5791397346,0.001439602844330256,-3962475.5771018174,1.3716877000115346,0.937424789410349
1,10,228,5,3525,-3962475.5829503443,-3962475.57427188,0.006358789303672236,-3962475.5626774915,1.784659199998714,0.9375187744067287
1,10,229,5,3530,-3962475.5829503443,-3962475.5806150595,0.0011380218656501379,-3962475.578511879,1.3706969999766443,0.937612477504499
1,10,230,5,3535,-3962475.5829503443,-3962475.5613508685,0.019832529367470327,-3962475.52502577,1.382080000010319,0.9377058999700509
1,10,231,5,3540,-3962475.5829503443,-3962475.574651763,0.008959688979004886,-3962475.557063829,1.374911199993221,0.937799043062201
1,10,232,5,3545,-3962475.5829503443,-3962475.5781149655,0.0013411881974371728,-3962475.5767016653,1.376866800012067,0.9378919080322484
1,10,233,4,3549,-3962475.5829503443,-3962475.5788067505,0.0017477399286273182,-3962475.577203093,1.6715560000156984,0.9379660005964807
1,10,234,4,3553,-3962475.5829503443,-3962475.5690186326,0.014733682488993122,-3962475.5438501965,1.297082600009162,0.9380399165921954
1,10,235,4,3557,-3962475.5829503443,-3962475.570857624,0.017285658734905746,-3962475.540923195,1.6560937000031117,0.9381136566498066
1,10,236,4,3561,-3962475.5829503443,-3962475.564980303,0.016057908606625017,-3962475.5408226065,1.296111400006339,0.938187221396731
1,10,237,4,3565,-3962475.5829503443,-3962475.575274962,0.002924956406137803,-3962475.570348587,1.3097270000143908,0.9382606114574058
1,10,238,4,3569,-3962475.5829503443,-3962475.5720000616,0.010719349295023549,-3962475.553487545,1.3184084999957122,0.9383338274533056
1,10,239,4,3573,-3962475.5829503443,-3962475.5775297727,0.004285580371219861,-3962475.5703434534,1.3144888000097126,0.9384068700029612
1,10,240,4,3577,-3962475.5829503443,-3962475.571208531,0.010589775796687032,-3962475.5529075786,1.6836562999815214,0.9384797397219757
1,10,241,4,3581,-3962475.5829503443,-3962475.5729894,0.008761240117471725,-3962475.5582425836,1.286176699999487,0.9385524372230428
1,10,242,4,3585,-3962475.5829503443,-3962475.5790389054,0.0013585447217226753,-3962475.577549441,1.306228800007375,0.9386249631159634
1,10,243,4,3589,-3962475.5829503443,-3962475.5786517784,0.0011620438231754358,-3962475.5777961873,1.2979411999986041,0.9386973180076629
1,10,244,4,3593,-3962475.5829503443,-3962475.577866426,0.002181904592836045,-3962475.5759594776,1.2912854999885894,0.9387695025022078
1,10,245,4,3597,-3962475.5829503443,-3962475.569574297,0.016505996797601372,-3962475.541082818,1.310599699994782,0.9388415172008233
1,11,0,36,36,-1192213.3237585798,67106365.125827245,46293157.86037709,141566805.39160058,57.10887319999165,0.21428571428571427
1,11,1,36,72,-1192213.3237585798,45248467.08788108,41755966.46441652,131683464.1533532,51.876719399995636,0.23728813559322035
1,11,2,35,107,-3264532.2030647863,23819110.738057226,28605814.612801634,104512928.76090612,39.708276999997906,0.19753086419753085
1,11,3,35,142,-3264532.2030647863,15534858.766659573,23900425.35534437,104512928.76040518,23.111938799993368,0.23958333333333334
1,11,4,35,177,-3264532.2030647863,10652620.916410565,17858850.375214607,78864990.41368207,23.633483199984767,0.25925925925925924
1,11,5,34,211,-3264532.2030647863,3092056.30108403,8294376.181759817,43342416.97882722,15.823454900004435,0.2966101694915254
1,11,6,34,245,-3264532.2030647863,4711716.881662845,10585525.08642441,52780652.53723565,23.753737599996384,0.3153846153846154
1,11,7,34,279,-3264532.2030647863,6068372.664335689,13966107.922373312,64613160.8321715,18.29262349999044,0.34507042253521125
1,11,8,34,313,-3264532.2030647863,1337698.5593767718,5205608.700904134,27906432.671739314,26.218685599975288,0.35443037974683544
1,11,9,33,346,-3413111.017967744,2037884.963183218,7570952.321327947,27669521.639755465,25.19690370000899,0.38285714285714284
1,11,10,33,379,-3585530.974662181,960872.2772510234,5811339.199623442,21509993.500632443,37.38840950001031,0.39195979899497485
1,11,11,33,412,-3585530.974662181,43284.93159783025,4540144.641079463,19524910.897154782,30.61611730000004,0.43243243243243246
1,11,12,32,444,-3655023.552989401,-736817.5410026117,4058716.6723277355,19457837.863981076,32.539506700006314,0.4738955823293173
1,11,13,32,476,-3812139.2045380827,-766873.0702660827,3870703.926354727,14578415.107859284,30.833363400015514,0.5036496350364964
1,11,14,32,508,-3812139.2045380827,-1216.5432173815789,5748947.416802427,21115286.696329363,33.97913339998922,0.543046357615894
1,11,15,31,539,-3812139.2045380827,-389138.59399228205,5885898.87183582,22866496.31814133,32.69860099998186,0.5683890577507599
1,11,16,31,570,-3884949.2068584915,-1244746.6086908602,5639156.042758871,21168031.517866563,33.35356310001225,0.5882352941176471
1,11,17,31,601,-3931831.723781856,-1175939.6152208059,3873979.779143586,10763667.730133032,33.54724930002703,0.6098191214470284
1,11,18,31,632,-3941804.1014329027,-2023157.3047063898,3543786.686491155,15949343.62752736,32.1801527000207,0.6306954436450839
1,11,19,30,662,-3941804.1014329027,-561633.165442457,5204061.026812218,17487052.228867907,27.969367099984083,0.6531531531531531
1,11,20,30,692,-3941804.1014329027,-2696480.941275172,2593922.502174964,7143820.927746362,28.216918999998597,0.6687763713080169
1,11,21,30,722,-3941804.1014329027,-3156117.9050802807,1764486.0670005698,3453759.649229707,26.858530500001507,0.6858846918489065
1,11,22,30,752,-3941804.1014329027,-3166118.7681639884,1241463.8300368804,1244428.288411309,28.20828629998141,0.7035647279549718
1,11,23,29,781,-3953111.923792921,-2579552.5196584137,3558702.659541107,10914885.885650057,20.800624600000447,0.7178571428571429
1,11,24,29,810,-3953111.923792921,-3137712.9944183417,2397474.72953573,8327102.988839499,16.764096099999733,0.7312925170068028
1,11,25,29,839,-3953111.923792921,-2689029.514381753,2951896.5588152055,11886119.208667176,20.98720930001582,0.7435064935064936
1,11,26,29,868,-3953111.923792921,-3301376.242743404,1544774.5492778304,1987783.7015415914,16.98106530000223,0.7550387596899225
1,11,27,28,896,-3953111.923792921,-3102532.8734641545,1938213.180669216,4158889.247600684,19.86761220000335,0.7652303120356612
1,11,28,28,924,-3954377.2932926826,-3741212.424866185,537989.6802704096,-1481519.8154158518,18.23199069997645,0.7746077032810271
1,11,29,28,952,-3954377.2932926826,-3763906.0397813222,454215.13858678576,-1462333.7764965538,16.93995490000816,0.7832647462277091
1,11,30,28,980,-3959611.7487552986,-3866298.668112161,78587.10249083451,-3666268.471089473,17.918425799987745,0.7912813738441216
1,11,31,27,1007,-3959611.7487552986,-3873825.6106212973,104352.85978706423,-3529175.491863534,21.666486700007226,0.798469387755102
1,11,32,27,1034,-3961231.6750059165,-3892829.421415758,174459.90242957626,-3009954.2545508537,14.977784899994731,0.8051787916152897
1,11,33,27,1061,-3962035.8267281614,-3916391.6710421494,38470.025878569715,-3809545.431741813,16.90651150001213,0.8114558472553699
1,11,34,27,1088,-3962035.8267281614,-3935193.252049889,23641.05367168516,-3870123.082581958,14.870209199987585,0.8173410404624277
1,11,35,26,1114,-3962035.8267281614,-3928666.249959032,40000.07212171337,-3795764.646628285,12.101069099997403,0.8226711560044894
1,11,36,26,1140,-3962035.8267281614,-3939400.9503110596,22391.619081777262,-3858994.111099774,11.359729699994205,0.8276990185387132
1,11,37,26,1166,-3962035.8267281614,-3948435.899321321,14119.866608892311,-3908823.213970989,8.566996600013226,0.8324496288441146
1,11,38,26,1192,-3962035.8267281614,-3945040.8585656653,20815.679231822996,-3860487.344402075,9.303567700000713,0.8369453044375645
1,11,39,25,1217,-3962035.8267281614,-3946632.293060596,17886.79128959298,-3888911.0981794223,9.177273699984653,0.8410462776659959
1,11,40,25,1242,-3962462.6457262877,-3947074.359771226,15043.260888749644,-3907181.8386348095,9.001145699992776,0.844946025515211
1,11,41,25,1267,-3962462.6457262877,-3954482.8180323066,11574.248807270273,-3903804.298865609,5.953457900002832,0.8486590038314177
1,11,42,25,1292,-3962462.6457262877,-3955366.463429559,10224.813331114563,-3912460.3204648215,5.972775600006571,0.852198316183349
1,11,43,25,1317,-3962462.6457262877,-3957989.5179717946,4804.91880654356,-3937692.991371518,5.985631000017747,0.8555758683729433
1,11,44,24,1341,-3962462.6457262877,-3958204.741628537,4581.709076461234,-3945663.5148411337,5.285745400004089,0.8586762075134168
1,11,45,24,1365,-3962462.6457262877,-3956148.178981668,6389.2378410858955,-3941313.459771361,9.787944100011373,0.861646234676007
1,11,46,24,1389,-3962469.395266952,-3958161.5683373376,3962.512512197042,-3947291.256456241,5.149137400003383,0.8644939965694682
1,11,47,24,1413,-3962469.395266952,-3957280.842237986,6881.743615636269,-3937432.5495326575,5.252961699996376,0.8672268907563025
1,11,48,23,1436,-3962469.395266952,-3954489.128132927,10267.65091387997,-3928635.7276297286,5.1856916999968234,0.8697444352844188
1,11,49,23,1459,-3962469.395266952,-3956161.68702392,6450.458812746211,-3940715.2761447504,4.889097199979005,0.872168284789644
1,11,50,23,1482,-3962469.395266952,-3956871.068072472,10295.482312880238,-3916431.7791488357,5.275821999995969,0.8745035742652899
1,11,51,23,1505,-3962469.395266952,-3960592.3006839324,3299.86285291638,-3946456.787033459,5.241684300010093,0.8767550702028081
1,11,52,23,1528,-3962469.395266952,-3955537.3865048666,9062.071842446596,-3929116.444548063,5.170880299992859,0.878927203065134
1,11,53,22,1550,-3962469.395266952,-3960811.9567402853,3460.7882649693956,-3946164.7804072443,4.78184089998831,0.8809344385832706
1,11,54,22,1572,-3962469.395266952,-3959741.4539215523,5362.991905472387,-3941532.547912745,5.161345200001961,0.882876204595997
1,11,55,22,1594,-3962469.395266952,-3960450.796941958,4413.369006515526,-3946242.8718892783,5.176803299982566,0.8847556528081693
1,11,56,22,1616,-3962469.395266952,-3960217.53083916,4584.067977003192,-3946382.3299836647,5.061716700001853,0.886575735821967
1,11,57,22,1638,-3962469.395266952,-3961421.032521388,3361.905855018441,-3946050.041182447,4.754947900015395,0.888339222614841
1,11,58,21,1659,-3962469.395266952,-3960492.7143245693,5114.125619052492,-3944624.2200403716,4.728743699990446,0.8899721448467967
1,11,59,21,1680,-3962469.395266952,-3961298.1955355993,3495.458852048849,-3945753.125094224,5.031146900000749,0.8915579958819492
1,11,60,21,1701,-3962470.17969813,-3960531.7884791563,3717.1550020939167,-3946478.4619084857,4.710706699988805,0.8930987821380244
1,11,61,21,1722,-3962470.17969813,-3959674.973492908,5610.338850078431,-3946155.4517656993,4.689749200013466,0.8945963975983989
1,11,62,21,1743,-3962474.591898337,-3959354.556471531,5556.0479829900105,-3945968.2355384342,5.067828700004611,0.8960526315789473
1,11,63,21,1764,-3962474.591898337,-3960794.205561921,3714.5423873508366,-3945788.9460672364,4.950300899974536,0.8974691758598313
1,11,64,20,1784,-3962474.591898337,-3959906.366554551,4910.630476329007,-3946083.783165686,4.558870200009551,0.8987828315182576
1,11,65,20,1804,-3962474.591898337,-3962050.081652974,1204.940885569642,-3957284.038746549,4.652235999994446,0.9000632511068943
1,11,66,20,1824,-3962474.591898337,-3961117.649999766,2264.205220314775,-3956805.0272919163,4.868072599987499,0.9013116801998751
1,11,67,20,1844,-3962474.591898337,-3961235.940375431,2031.2233080283086,-3957271.784773739,4.641624799987767,0.9025293028994448
1,11,68,20,1864,-3962475.421485599,-3962448.462785878,36.46870837873379,-3962305.4169176575,4.6253829000052065,0.9037172455819622
1,11,69,19,1883,-3962475.421485599,-3960187.2636046396,5063.281181245888,-3946128.0157260913,4.825240500009386,0.9048192771084337
1,11,70,19,1902,-3962475.421485599,-3962175.7480323957,1158.322859226289,-3957263.42932328,4.473443100025179,0.9058963668850506
1,11,71,19,1921,-3962475.421485599,-3961892.9985512486,1581.3962488195823,-3957261.952138221,4.614057800004957,0.9069493521790342
1,11,72,19,1940,-3962475.421485599,-3961585.6952700303,3648.7759703348656,-3946105.7820150387,4.551357499993173,0.9079790331974374
1,11,73,19,1959,-3962475.421485599,-3961241.1043671025,3767.0603975249396,-3946030.2543237526,4.863806700013811,0.9089861751152074
1,11,74,19,1978,-3962475.421485599,-3962460.489579628,30.929990866802978,-3962346.263116628,4.485295499995118,0.90997150997151
1,11,75,18,1996,-3962475.421485599,-3960994.4268105244,2382.3407891109746,-3956670.2472982574,4.761961900017923,0.9108855047941342
1,11,76,18,2014,-3962475.5173441917,-3962182.2516778675,1183.1570577173502,-3957304.2142339665,4.391126300004544,0.9117811278615299
1,11,77,18,2032,-3962475.5173441917,-3961897.780302248,1625.0837718331202,-3957296.24265361,4.5188818000024185,0.9126589275843007
1,11,78,18,2050,-3962475.5173441917,-3961887.9795403215,1626.2786842653438,-3957281.5675421134,4.76648109999951,0.9135194307608101
1,11,79,18,2068,-3962475.5173441917,-3961321.272542944,2153.9045475557077,-3957276.649706904,4.368432299990673,0.9143631436314363
1,11,80,18,2086,-3962475.5207459293,-3962186.9557961747,1184.118656158848,-3957304.7181737777,4.740861600002972,0.9151905528717122
1,11,81,17,2103,-3962475.555294927,-3962169.0266929436,1220.3969573579157,-3957287.450756019,4.314792499993928,0.9159574468085107
1,11,82,17,2120,-3962475.5717264786,-3962170.6646006475,1218.3178527842588,-3957297.393393727,4.697890999988886,0.9167105956773853
1,11,83,17,2137,-3962475.5755203553,-3962474.1658959826,3.82240659572937,-3962459.0005224217,4.3331449999823235,0.9174503657262278
1,11,84,17,2154,-3962475.5755337384,-3962474.5827028793,2.2077761891553322,-3962466.052602848,4.362285300012445,0.9181771103055412
1,11,85,17,2171,-3962475.5755337384,-3962474.9902409017,0.6101379262855356,-3962473.5106092487,4.307226999982959,0.9188911704312115
1,11,86,17,2188,-3962475.5755337384,-3962170.6308991103,1217.3614407481095,-3957301.186127156,4.290510499995435,0.9195928753180661
1,11,87,17,2205,-3962475.5755337384,-3962475.2393787294,0.6636066944198112,-3962472.694449745,4.360606200003531,0.9202825428859738
1,11,88,16,2221,-3962475.5755337384,-3962150.9088805304,1253.0894018654049,-3957297.726901762,3.589444299985189,0.9209209209209209
1,11,89,16,2237,-3962475.5755337384,-3962475.3716148203,0.3307817173836305,-3962474.1922375225,3.7268243999860715,0.9215491559086395
1,11,90,16,2253,-3962475.5755337384,-3962475.14074491,0.5473277242027869,-3962474.0794234145,3.3119241999811493,0.9221674876847291
1,11,91,16,2269,-3962475.5755337384,-3962475.2576373713,0.5327870833636422,-3962473.554129498,3.3025998000230175,0.9227761485826002
1,11,92,16,2285,-3962475.5789700393,-3962475.29331679,0.5509646650561338,-3962473.638785526,3.6747870000253897,0.9233753637245393
1,11,93,16,2301,-3962475.5789700393,-3962475.177218874,0.6586912661467144,-3962473.333342638,3.6814340999990236,0.9239653512993262
1,11,94,16,2317,-3962475.5789700393,-3962475.2326881867,0.5134890151972876,-3962474.1007862817,3.683404100011103,0.9245463228271251
1,11,95,15,2332,-3962475.5789824724,-3960299.3840549183,5547.601867812394,-3946154.6662767604,3.5338040000060573,0.9250829777145566
1,11,96,15,2347,-3962475.5789824724,-3962475.251148344,0.43941115013367227,-3962474.0184914377,3.175738599995384,0.9256120527306968
1,11,97,15,2362,-3962475.5789824724,-3961387.1743670306,4071.9220953563913,-3946151.4370001126,3.5418711000238545,0.9261337073398784
1,11,98,15,2377,-3962475.5789824724,-3962475.0798766217,0.717792351576901,-3962472.9378780294,3.203986000007717,0.9266480965645311
1,11,99,15,2392,-3962475.5789824724,-3962475.401294276,0.336802075955024,-3962474.3312794156,3.528706399985822,0.9271553711387737
1,11,100,15,2407,-3962475.5789824724,-3962475.368885869,0.5448762953898857,-3962473.375176506,3.5590923000127077,0.9276556776556777
1,11,101,15,2422,-3962475.5789824724,-3962130.5776217175,1290.654201365488,-3957301.391829014,3.5849517000024207,0.9281491587085039
1,11,102,14,2436,-3962475.5789824724,-3962475.552398793,0.04083250248327117,-3962475.4127808176,3.056953599996632,0.9286037053773158
1,11,103,14,2450,-3962475.5789824724,-3962475.422856249,0.19935149988908038,-3962474.972794393,3.4532572999887634,0.9290525370453525
1,11,104,14,2464,-3962475.5789824724,-3962475.4178139614,0.3024552882368966,-3962474.3599303123,3.093634999997448,0.929495760821062
1,11,105,14,2478,-3962475.5789824724,-3962475.4473945475,0.18499572452333266,-3962475.009086052,3.146054999990156,0.9299334811529933
1,11,106,14,2492,-3962475.580557581,-3962475.492898772,0.19375120696029638,-3962474.8119264487,3.4913070000184234,0.9303657999118554
1,11,107,14,2506,-3962475.580557581,-3962105.884743677,1332.7490735780589,-3957300.5896422435,3.5186056999955326,0.9307928164695576
1,11,108,14,2520,-3962475.580557581,-3962475.5315202167,0.12132120967307328,-3962475.0988392476,3.1110743999888655,0.9312146277753591
1,11,109,14,2534,-3962475.580557581,-3962475.5207516593,0.12320384335240836,-3962475.088507414,3.4110608999908436,0.9316313284292514
1,11,110,13,2547,-3962475.580557581,-3962475.506948336,0.11513261385028098,-3962475.218592543,2.9603927000134718,0.9320137693631669
1,11,111,13,2560,-3962475.580557581,-3962475.511935612,0.09836773103649009,-3962475.3230981734,3.006947499990929,0.9323919554985024
1,11,112,13,2573,-3962475.580557581,-3962475.5565019352,0.03503153253948459,-3962475.44005087,3.0257672000152525,0.9327659574468085
1,11,113,13,2586,-3962475.580557581,-3962475.426807354,0.33222005907094976,-3962474.306005664,3.4376130999880843,0.9331358442657639
1,11,114,13,2599,-3962475.5806490723,-3962475.4412434953,0.20057999346315317,-3962474.857706988,3.1177925000083633,0.9335016835016835
1,11,115,13,2612,-3962475.5806490723,-3962475.540422409,0.06105001376720521,-3962475.3609148506,2.994609399989713,0.9338635412306404
1,11,116,13,2625,-3962475.5806490723,-3962475.555298987,0.029666895447326747,-3962475.4920731466,3.031121300009545,0.9342214820982515
1,11,117,13,2638,-3962475.5806490723,-3962475.5537821944,0.04400888944690954,-3962475.413160946,3.0071948999830056,0.9345755693581781
1,11,118,13,2651,-3962475.5806490723,-3962475.567677498,0.017168666354138374,-3962475.5101257972,3.0058978000015486,0.9349258649093904
1,11,119,12,2663,-3962475.5806490723,-3962475.569968641,0.008859510380353786,-3962475.5506508555,3.235258900007466,0.9352459016393443
1,11,120,12,2675,-3962475.5806490723,-3962475.552704696,0.030094962635704804,-3962475.4693839606,3.399089200014714,0.935562805872757
1,11,121,12,2687,-3962475.5806490723,-3962475.5023267404,0.16414879837188837,-3962475.0086275022,2.8846465999959037,0.9358766233766234
1,11,122,12,2699,-3962475.5806490723,-3962475.575059026,0.0039476525761839186,-3962475.5666838065,2.9444504999846686,0.9361873990306947
1,11,123,12,2711,-3962475.5806490723,-3962475.5739893154,0.005110325785160441,-3962475.562800208,2.9198312000080477,0.9364951768488746
1,11,124,12,2723,-3962475.5806490723,-3962475.538115864,0.06915227890466046,-3962475.365040077,2.954423700022744,0.9368
1,11,125,12,2735,-3962475.5806490723,-3962475.558069373,0.020973707476333352,-3962475.5236766655,2.9171551000035834,0.9371019108280255
1,11,126,12,2747,-3962475.5806490723,-3962475.564166695,0.02440784250313613,-3962475.500813609,2.9384095999994315,0.9374009508716323
1,11,127,12,2759,-3962475.5806490723,-3962475.5639638514,0.018751565500260442,-3962475.5154271256,3.3164118000131566,0.9376971608832808
1,11,128,11,2770,-3962475.5806490723,-3962475.573378612,0.005805067171537661,-3962475.5634003337,2.879935100005241,0.9379662347860228
1,11,129,11,2781,-3962475.5813049823,-3962475.574072549,0.013525237023360717,-3962475.5316032954,3.1744271999923512,0.9382329945269742
1,11,130,11,2792,-3962475.5813049823,-3962475.5705182506,0.01934016499272233,-3962475.510253081,3.1472962999832816,0.9384974698326197
1,11,131,11,2803,-3962475.5813049823,-3962475.5666750018,0.017958796288630147,-3962475.5282318015,2.805991500004893,0.9387596899224806
1,11,132,11,2814,-3962475.581314208,-3962475.5720081124,0.0168728388311239,-3962475.518955821,2.828219100018032,0.9390196835198765
1,11,133,11,2825,-3962475.581314208,-3962475.574180435,0.008912885053854291,-3962475.5535504855,3.1977015000011306,0.9392774788624135
1,11,134,11,2836,-3962475.581314208,-3962475.570061723,0.013821573499342352,-3962475.53087968,2.818956100003561,0.9395331037122082
1,11,135,11,2847,-3962475.581314208,-3962005.0433052615,1487.9539833650954,-3957299.7196643203,2.836286999983713,0.9397865853658537
1,11,136,11,2858,-3962475.581314208,-3962475.5685201394,0.019038193826313162,-3962475.5162274465,3.261501600005431,0.9400379506641366
1,11,137,11,2869,-3962475.5815239195,-3962475.4996674033,0.22560710935346573,-3962474.7877542134,2.816592200018931,0.9402872260015117
1,11,138,10,2879,-3962475.5815239195,-3962475.5633398937,0.02737597168231376,-3962475.5010953452,2.7866482000099495,0.9405120481927711
1,11,139,10,2889,-3962475.5815239195,-3962475.566916643,0.01627222119801634,-3962475.527851356,2.770972400001483,0.940735183795949
1,11,140,10,2899,-3962475.5815239195,-3962475.577550564,0.006351406933017556,-3962475.5590047445,2.7569607000041287,0.9409566517189836
1,11,141,10,2909,-3962475.5815239195,-3962475.5775874928,0.0030810306155765257,-3962475.570143735,2.7426625000080094,0.9411764705882353
1,11,142,10,2919,-3962475.5815239195,-3962475.5664686025,0.03229530810665012,-3962475.470430607,2.772850400011521,0.9413946587537092
1,11,143,10,2929,-3962475.5815336853,-3962475.5654407656,0.019254838455942523,-3962475.5267708637,2.747811300010653,0.9416112342941612
1,11,144,10,2939,-3962475.5815336853,-3962475.5778383864,0.005064466797735701,-3962475.563402798,2.8411632000061218,0.9418262150220913
1,11,145,10,2949,-3962475.5815336853,-3962475.573982744,0.010109223203890768,-3962475.545301553,2.999691700009862,0.942039618488628
1,11,146,10,2959,-3962475.5815336853,-3962475.5668293117,0.02180351537876307,-3962475.506552944,2.781083599984413,0.9422514619883041
1,11,147,10,2969,-3962475.5815336853,-3962475.577959957,0.0028472092482754604,-3962475.5719310883,2.752660600002855,0.942461762563729
1,11,148,10,2979,-3962475.581552416,-3962475.568337494,0.02228751194281345,-3962475.520098787,2.7396104000217747,0.9426705370101597
1,11,149,10,2989,-3962475.581552416,-3962475.57996184,0.0012365540741618977,-3962475.57780282,2.780124799988698,0.9428778018799711
1,11,150,9,2998,-3962475.581552416,-3962475.5748985833,0.010169557323415785,-3962475.546409024,2.722280399990268,0.9430630630630631
1,11,151,9,3007,-3962475.581552416,-3962475.579003996,0.004601695372083719,-3962475.566909533,2.6118981999752577,0.9432471264367817
1,11,152,9,3016,-3962475.581552416,-3962475.579249367,0.002027896483043177,-3962475.57503934,2.6254656999954022,0.9434300035803795
1,11,153,9,3025,-3962475.581552416,-3962475.580087107,0.0017976174785826673,-3962475.57643307,3.0123286999878474,0.9436117059243397
1,11,154,9,3034,-3962475.581552416,-3962475.5810937416,0.0004584350425308374,-3962475.5798871946,2.6367128000129014,0.943792244752757
1,11,155,9,3043,-3962475.581552416,-3962475.5748565295,0.011719222100183047,-3962475.544394519,2.6923014000058174,0.9439716312056737
1,11,156,9,3052,-3962475.581552416,-3962475.5801186264,0.0011914498464410137,-3962475.57796197,2.629477999988012,0.9441498762813715
1,11,157,9,3061,-3962475.581552416,-3962475.579915037,0.0019101699903917937,-3962475.576425884,2.6909316000237595,0.9443269908386187
1,11,158,9,3070,-3962475.581552416,-3962475.5781604648,0.005167094208645899,-3962475.5640284196,2.6545566999993753,0.944502985598876
1,11,159,9,3079,-3962475.581552416,-3962475.5764101,0.005589990801177098,-3962475.5629983563,2.6578417999844532,0.9446778711484594
1,11,160,9,3088,-3962475.581552416,-3962475.5801004525,0.001466893334869935,-3962475.5778773148,2.706777299987152,0.9448516579406632
1,11,161,9,3097,-3962475.581552416,-3962475.580687953,0.0008511795503788888,-3962475.578912705,2.6532056000141893,0.9450243562978428
1,11,162,8,3105,-3962475.581552416,-3962475.580649687,0.0011341714286955218,-3962475.578478735,1.5634880999859888,0.945176960444136
1,11,163,8,3113,-3962475.581552416,-3962475.5792518817,0.001747579239371081,-3962475.576846458,2.0419467999890912,0.9453287197231834
1,11,164,8,3121,-3962475.581552416,-3962475.579329286,0.004544952869518899,-3962475.567375647,1.9272867999970913,0.945479641131815
1,11,165,8,3129,-3962475.581552416,-3962475.5798485316,0.0018265662991290448,-3962475.575253628,1.9617426999902818,0.9456297315898142
1,11,166,8,3137,-3962475.581552416,-3962475.580756303,0.0012456311869881995,-3962475.577703163,1.9697064000065438,0.9457789979409746
1,11,167,8,3145,-3962475.581552416,-3962475.5793732526,0.002886263648340627,-3962475.5726628285,1.606584200024372,0.945927446954141
1,11,168,8,3153,-3962475.581552416,-3962475.580846438,0.000704466240143001,-3962475.579436768,1.6433657999732532,0.9460750853242321
1,11,169,8,3161,-3962475.581552416,-3962475.5805253442,0.0009793330853595317,-3962475.5784331597,1.9957769000029657,0.9462219196732471
1,11,170,8,3169,-3962475.581552416,-3962475.5806561094,0.0008977543823379848,-3962475.5785433967,2.0198850999877322,0.9463679565512559
1,11,171,8,3177,-3962475.581552416,-3962475.5809742534,0.0005983483547455284,-3962475.5796641335,1.6099260000046343,0.946513202437373
1,11,172,8,3185,-3962475.5815626234,-3962475.577734069,0.005777838540104655,-3962475.5654046927,1.9655619999975897,0.9466576637407157
1,11,173,8,3193,-3962475.581569569,-3962475.5799066043,0.0038664478071307566,-3962475.569700137,1.630338400020264,0.9468013468013468
1,11,174,8,3201,-3962475.581569569,-3962475.5812267438,0.00021175523483683687,-3962475.580867747,1.982422700006282,0.9469442578912022
1,11,175,8,3209,-3962475.581569569,-3962475.5811715117,0.0006750032923490375,-3962475.579395037,1.9943921000231057,0.9470864032150034
1,11,176,7,3216,-3962475.581569569,-3962475.5794345373,0.004349203633772165,-3962475.568811493,1.5385645999922417,0.9472101570330772
1,11,177,7,3223,-3962475.581569569,-3962475.5811513835,0.0007117953332280814,-3962475.5794218015,1.8840302000171505,0.9473333333333334
1,11,178,7,3230,-3962475.5815779306,-3962475.581410552,0.00011837797978853272,-3962475.5812864043,1.5235890000185464,0.9474559361489857
1,11,179,7,3237,-3962475.5815779306,-3962475.581302657,0.0002810046848718807,-3962475.5807407126,1.5497419000021182,0.9475779694757797
1,11,180,7,3244,-3962475.5815779306,-3962475.58143144,0.00012457029555383518,-3962475.5811826233,1.861234299984062,0.9476994372724263
1,11,181,7,3251,-3962475.5815779306,-3962475.576347817,0.007993051393118808,-3962475.5633053575,1.8514042000169866,0.9478203434610304
1,11,182,7,3258,-3962475.5815779306,-3962475.581283597,0.00026013107501627415,-3962475.5807301346,1.8492911999928765,0.9479406919275124
1,11,183,7,3265,-3962475.5815779306,-3962475.580439661,0.0016753292587384585,-3962475.5771931093,1.5264580000075512,0.948060486522025
1,11,184,7,3272,-3962475.5815779306,-3962475.5813437877,0.0002068467293131255,-3962475.5808868445,1.8778625999984797,0.9481797310593637
1,11,185,7,3279,-3962475.5815779306,-3962475.581400412,0.00011079862683170528,-3962475.5812349003,1.5278396000212524,0.9482984293193717
1,11,186,7,3286,-3962475.5815779306,-3962475.5814502663,9.444410741166412e-05,-3962475.581285298,1.9982059999892954,0.9484165850473392
1,11,187,7,3293,-3962475.5815779306,-3962475.581436258,7.113251613155366e-05,-3962475.581318736,1.8786831000179518,0.9485342019543974
1,11,188,7,3300,-3962475.5815779306,-3962475.5814203643,6.365804140932033e-05,-3962475.5813463796,1.8672299000027124,0.9486512837179071
1,11,189,7,3307,-3962475.5815779306,-3962475.58084772,0.0013529040059318388,-3962475.5775357224,1.8655845999892335,0.9487678339818417
1,11,190,7,3314,-3962475.5815779306,-3962475.5810451964,0.0008575486126613748,-3962475.578952305,1.5198189999791794,0.948883856357166
1,11,191,7,3321,-3962475.5815788135,-3962475.5814219364,0.00010835342105831548,-3962475.58127453,1.5626075000036508,0.9489993544222078
1,11,192,6,3327,-3962475.5815788135,-3962475.5810375344,0.0007109727305631352,-3962475.579465661,1.8059064999979455,0.9490979381443299
1,11,193,6,3333,-3962475.5815788135,-3962475.581359899,0.00011119512295664315,-3962475.5811417997,1.7814786999952048,0.9491961414790997
1,11,194,6,3339,-3962475.5815788135,-3962475.5811071484,0.0007467129523656271,-3962475.5794391017,1.4428411000117194,0.9492939666238768
1,11,195,6,3345,-3962475.5815788135,-3962475.581400417,7.25344312577843e-05,-3962475.58132069,1.4516017999849282,0.9493914157591288
1,11,196,6,3351,-3962475.5815788135,-3962475.5811673948,0.0005300994092390757,-3962475.579994928,1.7996552999829873,0.9494884910485933
1,11,197,6,3357,-3962475.5815788135,-3962475.5811179713,0.0006843918575099087,-3962475.579604337,1.425060300010955,0.9495851946394385
1,11,198,6,3363,-3962475.5815788135,-3962475.5813085083,8.913593648947392e-05,-3962475.5811565258,1.7882968000194523,0.9496815286624204
1,11,199,6,3369,-3962475.5815788135,-3962475.581000438,0.000496325725228194,-3962475.580092799,1.7656491000088863,0.9497774952320407
1,11,200,6,3375,-3962475.5815788135,-3962475.5813045087,9.265561250598689e-05,-3962475.581112735,1.4220458999916445,0.9498730964467005
1,11,201,6,3381,-3962475.5815788135,-3962475.5809779265,0.0008046102100904524,-3962475.579190448,1.456813799974043,0.9499683343888538
1,11,202,6,3387,-3962475.5815788135,-3962475.5812815665,0.00034243310834277963,-3962475.580555508,1.4491687999980059,0.950063211125158
1,11,203,6,3393,-3962475.5815788135,-3962475.580720469,0.0011470032866999916,-3962475.578336261,1.4521218999871053,0.9501577287066246
1,11,204,6,3399,-3962475.5815788135,-3962475.581441222,0.00012059209156707944,-3962475.581240019,1.8220402000006288,0.9502518891687658
1,11,205,6,3405,-3962475.5815788135,-3962475.581416007,5.886091170854072e-05,-3962475.5813188925,1.4536294999998063,0.950345694531741
1,11,206,6,3411,-3962475.5815788135,-3962475.58129983,0.0001583349238114578,-3962475.5809978694,1.8260626000119373,0.9504391468005019
1,11,207,6,3417,-3962475.5815788135,-3962475.5814148765,9.856752864244105e-05,-3962475.5812631473,1.7624600999988616,0.9505322479649343
1,11,208,6,3423,-3962475.5815788135,-3962475.581426619,4.7642566894416245e-05,-3962475.581341481,1.4348343999881763,0.950625
1,11,209,6,3429,-3962475.581583364,-3962475.581424907,0.0001130089773785548,-3962475.5813088138,1.4527417999925092,0.9507174048658765
1,11,210,6,3435,-3962475.581583364,-3959887.611287317,2587.970228064234,-3957299.640054038,1.4491601999907289,0.9508094645080947
1,11,211,5,3440,-3962475.581583364,-3962475.5813850253,8.97797822140536e-05,-3962475.581262024,1.712977499992121,0.9508859185576625
1,11,212,5,3445,-3962475.581583364,-3961440.39325359,2070.3757897900687,-3957299.64167401,1.3252917999925558,0.9509621353196772
1,11,213,5,3450,-3962475.581583364,-3962475.581434965,9.890244154634248e-05,-3962475.5813192483,1.358686999999918,0.9510381158971181
1,11,214,5,3455,-3962475.581583364,-3962475.5813933364,0.00014873882637328887,-3962475.581161963,1.354176599998027,0.9511138613861386
1,11,215,5,3460,-3962475.581583364,-3962475.5814409656,8.293155447971207e-05,-3962475.5813087635,1.687572299997555,0.9511893728761198
1,11,216,5,3465,-3962475.581583364,-3961440.39334024,2070.3761068459607,-3957299.641126549,1.3272828000190202,0.9512646514497224
1,11,217,5,3470,-3962475.581583364,-3962475.5812615664,0.00021856470104245358,-3962475.5808528997,1.3620370000135154,0.9513396981829381
1,11,218,5,3475,-3962475.581583364,-3961440.3934175475,2070.375935048428,-3957299.641547451,1.7024051000189502,0.9514145141451414
1,11,219,5,3480,-3962475.581583364,-3961440.3926412477,2070.3773987237364,-3957299.6378438007,1.350110399973346,0.9514891003991404
1,11,220,5,3485,-3962475.581583364,-3962475.5813777475,9.753369650152558e-05,-3962475.581294682,1.7024608999781776,0.9515634580012262
1,11,221,5,3490,-3962475.581583364,-3961440.393377936,2070.3760849451655,-3957299.641208045,1.341819299996132,0.9516375880012243
1,11,222,5,3495,-3962475.581583364,-3962475.5814521746,4.673691050766564e-05,-3962475.5813676678,1.3488022000237834,0.9517114914425427
1,11,223,5,3500,-3962475.581583364,-3961440.3934617164,2070.375741297007,-3957299.6419791225,1.7249740999832284,0.9517851693622216
1,11,224,5,3505,-3962475.581583364,-3961440.393327533,2070.37629736811,-3957299.640732797,1.7291181999898981,0.9518586227909811
1,11,225,5,3510,-3962475.581583364,-3962475.5812213435,0.0004464201399953287,-3962475.5803299397,1.3585488999960944,0.9519318527532704
1,11,226,5,3515,-3962475.581583364,-3962475.581395882,7.887895931082855e-05,-3962475.5812724438,1.3536086999811232,0.9520048602673147
1,11,227,5,3520,-3962475.581583364,-3962475.580926048,0.0006083324545724072,-3962475.5800094027,1.365379099996062,0.9520776463451622
1,11,228,5,3525,-3962475.581583364,-3962475.58140483,3.5385509603124585e-05,-3962475.581363078,1.6855114000209142,0.9521502119927316
1,11,229,5,3530,-3962475.581583364,-3962475.5814245073,0.00012330172486522918,-3962475.581224866,1.3411330000089947,0.9522225582098579
1,11,230,5,3535,-3962475.581583364,-3962475.581348383,5.510401341678454e-05,-3962475.581277339,1.3579055000154767,0.9522946859903382
1,11,231,5,3540,-3962475.581583364,-3961440.393636604,2070.3755876667824,-3957299.64246127,1.3590851000044495,0.9523665963219777
1,11,232,5,3545,-3962475.5815850887,-3961440.3929567696,2070.376753628639,-3957299.6394495126,1.6770583000034094,0.9524382901866345
1,11,233,4,3549,-3962475.5815850887,-3961181.596239378,2241.2481729876,-3957299.640531393,1.2476049000106286,0.952495490078172
1,11,234,4,3553,-3962475.5815850887,-3962475.5814677393,7.558821502243892e-05,-3962475.5813750178,1.2851622000162024,0.9525525525525526
1,11,235,4,3557,-3962475.5815850887,-3962475.5813538274,7.07145395572815e-05,-3962475.5812561996,1.2809986000065692,0.9526094781043791
1,11,236,4,3561,-3962475.5815850887,-3961181.5960814897,2241.2483479218963,-3957299.640070509,1.6224578999972437,0.9526662672258838
1,11,237,4,3565,-3962475.5815850887,-3962475.5814396185,6.988947243877264e-05,-3962475.581349347,1.252073300012853,0.952722920406942
1,11,238,4,3569,-3962475.5815850887,-3961181.5956264203,2241.2477688634485,-3957299.640618399,1.2811258000147063,0.9527794381350867
1,11,239,4,3573,-3962475.5815850887,-3961181.5965060648,2241.2476663030293,-3957299.6416756827,1.272685799980536,0.9528358208955224
1,11,240,4,3577,-3962475.5815850887,-3962475.581363645,3.480351355750559e-05,-3962475.581312716,1.2825592000153847,0.9528920691711389
1,11,241,4,3581,-3962475.5815850887,-3961181.5962578817,2241.2479662077926,-3957299.6409080494,1.6159501999791246,0.9529481834425253
1,11,242,4,3585,-3962475.5815850887,-3962475.581429578,4.69315213538742e-05,-3962475.581375448,1.2478479999990668,0.9530041641879834
1,11,243,4,3589,-3962475.5815850887,-3962475.581240499,0.00037076877609737967,-3962475.580604218,1.618178300006548,0.9530600118835413
1,11,244,4,3593,-3962475.5815850887,-3961181.5962598613,2241.2481099872516,-3957299.6406609956,1.5799705999961589,0.9531157270029673
1,11,245,4,3597,-3962475.5815850887,-3962475.581388679,4.829457915065392e-05,-3962475.58132386,1.592385900003137,0.9531713100177831
1,12,0,36,36,-1460401.1927978117,74440180.2679021,65447960.35817156,210082920.41721454,64.27862570001162,0.25
1,12,1,36,72,-1460401.1927978117,51639533.90134704,51267399.38942712,178316253.49614105,62.725048499996774,0.26666666666666666
1,12,2,35,107,-1460401.1927978117,29783951.17914775,38312000.01819791,151148025.60696876,54.89642180001829,0.27586206896551724
1,12,3,35,142,-1460401.1927978117,18744302.574757144,30158334.755141225,130971376.1452303,44.444693900004495,0.3119266055045872
1,12,4,35,177,-3664507.654470602,11830753.495264838,25061361.609750174,121698923.34385404,49.63870380001026,0.2900763358778626
1,12,5,34,211,-3664507.654470602,5507022.971637984,7461819.32779079,32629066.963048607,36.69488860000274,0.3087248322147651
1,12,6,34,245,-3664507.654470602,5032945.6582906805,10157667.538931452,41959063.51984928,41.348320799996145,0.3136094674556213
1,12,7,34,279,-3664507.654470602,3720777.759879177,7769664.265488078,32796412.068941504,30.22821259999182,0.32432432432432434
1,12,8,34,313,-3664507.654470602,1214222.9471375032,4365257.430862226,15207883.229971515,26.217245700012427,0.3383084577114428
1,12,9,33,346,-3664507.654470602,1448649.3838187363,6066665.064319292,26655503.854309186,20.626482199993916,0.352112676056338
1,12,10,33,379,-3840021.53670205,1762115.5564981306,5926868.647194995,24238475.034373857,32.21911780000664,0.36363636363636365
1,12,11,33,412,-3947381.0868562497,1656692.0262450385,6598222.794568073,29621138.733263254,34.0874732999946,0.3790322580645161
1,12,12,32,444,-3947954.9845179766,1084409.9484485702,3790493.7581499172,11543247.22566399,24.694933899998432,0.40304182509505704
1,12,13,32,476,-3947954.9845179766,476145.0420726921,4977439.259310036,20050955.879983976,30.059957999998005,0.43109540636042404
1,12,14,32,508,-3947954.9845179766,554793.4710735533,5062397.430666364,15279849.454620132,39.19763099998818,0.45454545454545453
1,12,15,31,539,-3947954.9845179766,-103465.89038217416,6255062.643596991,24438741.650116045,36.28656999999657,0.48059701492537316
1,12,16,31,570,-3947954.9845179766,-138909.3608517925,5033426.446312921,13245549.640606485,34.95020550000481,0.5097493036211699
1,12,17,31,601,-3947954.9845179766,-404261.59296167764,4514173.750426874,17981618.93836929,34.04606059999787,0.53125
1,12,18,31,632,-3947954.9845179766,-1605408.0416778051,3091654.2863165666,8962864.996771738,35.59949459999916,0.5571776155717761
1,12,19,30,662,-3947954.9845179766,-1405724.1776881744,3870619.093210816,11305732.689077202,32.88973850000184,0.5785876993166287
1,12,20,30,692,-3947954.9845179766,-1970732.424121958,3702369.504521001,13090263.53441808,36.644052099989494,0.5982905982905983
1,12,21,30,722,-3947954.9845179766,-2181662.7437599762,3186329.1221010885,8906894.949389795,32.78641490000882,0.6184738955823293
1,12,22,30,752,-3947954.9845179766,-2858507.3901609634,2049370.587798596,6620131.544172032,35.30392989999382,0.6382575757575758
1,12,23,29,781,-3953129.8957597017,-2298297.4625400826,3442427.2342752856,10977106.55810121,23.579876199975843,0.6564748201438849
1,12,24,29,810,-3953129.895870071,-2883702.9484328236,2378729.128720355,5805915.37443882,29.243953500001226,0.6735042735042736
1,12,25,29,839,-3953129.895870071,-2650290.392707615,4172987.705088806,18075348.62797702,19.064872399991145,0.6872964169381107
1,12,26,29,868,-3953129.895870071,-2501425.9129992938,3462833.1116697364,12367194.873975853,12.996486899995944,0.7013996889580093
1,12,27,28,896,-3955302.660825832,-3544578.040825766,1441563.809299192,3893068.375123852,12.870462099992437,0.713859910581222
1,12,28,28,924,-3955302.660825832,-3331500.8192796656,1818651.6636327796,5430418.676148201,14.01383129999158,0.7253218884120172
1,12,29,28,952,-3960183.36267264,-3404037.9446029,1922917.6139944422,6361674.010821475,15.313429100002395,0.7359009628610729
1,12,30,28,980,-3960183.36267264,-3601475.020189197,1507156.2133587673,4223161.264019564,16.64881380001316,0.7456953642384105
1,12,31,27,1007,-3960183.36267264,-3920447.1285981615,45718.41952113669,-3711795.404622337,14.933926900004735,0.7544757033248082
1,12,32,27,1034,-3960183.36267264,-3091065.610846601,3387933.4558540196,13371845.985710228,12.991966400004458,0.7626699629171817
1,12,33,27,1061,-3960183.36267264,-3924231.6000601742,32708.038098039957,-3828009.915039394,13.228142599982675,0.7703349282296651
1,12,34,27,1088,-3961319.915084474,-3932196.117095134,37538.281530742905,-3811983.6873704437,11.58754810001119,0.7775202780996524
1,12,35,26,1114,-3961591.877845334,-3936789.136023408,22084.9858079204,-3851883.6907862816,11.056275700015249,0.7840269966254219
1,12,36,26,1140,-3961591.877845334,-3945322.6526855384,14681.635021739901,-3912174.98004541,10.732694999984233,0.7901639344262295
1,12,37,26,1166,-3961608.201075226,-3943692.9592600064,24110.75213212833,-3852638.654693706,9.790702199999942,0.79596174282678
1,12,38,26,1192,-3961608.201075226,-3940589.3548548985,23763.688507013398,-3843119.0433364436,9.11668340000324,0.8014477766287487
1,12,39,25,1217,-3961840.511170082,-3949959.9554255153,13345.72124701135,-3908088.01406065,11.30749580002157,0.8064516129032258
1,12,40,25,1242,-3962016.167421967,-3945740.9202547306,27077.69211680875,-3844086.43715458,10.74629010001081,0.8112094395280236
1,12,41,25,1267,-3962026.370962348,-3949070.4973276895,17484.32002321253,-3892412.657017274,11.479678200004855,0.8157389635316699
1,12,42,25,1292,-3962373.912986893,-3953654.004888477,12666.296468861205,-3906320.312945867,10.712759999994887,0.8200562324273665
1,12,43,25,1317,-3962373.912986893,-3948669.12870768,19141.946020637693,-3899485.3449365217,7.146124399994733,0.8241758241758241
1,12,44,24,1341,-3962373.912986893,-3956357.1153258854,7862.406709616855,-3935014.2994763236,7.806199599988759,0.8279569892473119
1,12,45,24,1365,-3962373.912986893,-3955627.6592847905,7869.818403076273,-3934017.0255472437,6.845686699991347,0.8315789473684211
1,12,46,24,1389,-3962474.4809635375,-3958871.063567853,4935.611437865791,-3941532.119693013,7.7848930999753065,0.8350515463917526
1,12,47,24,1413,-3962474.4809635375,-3958981.611524208,4419.709038104754,-3946054.8900484294,7.4877562999899965,0.8383838383838383
1,12,48,23,1436,-3962474.4809635375,-3958467.7568236557,5529.206193362031,-3941324.1400240883,7.506150300003355,0.8414533443435177
1,12,49,23,1459,-3962474.4809635375,-3959070.1587986676,5235.966526257042,-3944713.6213014815,6.502721800003201,0.8444084278768234
1,12,50,23,1482,-3962474.4809635375,-3958537.2866459833,3984.221583982049,-3947747.9696201906,6.829013299982762,0.847255369928401
1,12,51,23,1505,-3962474.4809635375,-3958515.892494199,4692.402745622341,-3947023.8044617046,6.847572899976512,0.85
1,12,52,23,1528,-3962474.4809635375,-3960127.0884485776,3180.161413110725,-3948704.9540399164,6.937566300010076,0.8526477359938603
1,12,53,22,1550,-3962474.4809635375,-3960505.4064514306,2256.1320500303364,-3956755.6420555767,6.339345100015635,0.8550943396226415
1,12,54,22,1572,-3962474.4809635375,-3958517.519652292,6456.158255210265,-3942590.9576356076,6.642896700010169,0.8574610244988864
1,12,55,22,1594,-3962474.4809635375,-3957144.153987624,11992.77559095591,-3911983.7032515444,7.032409599982202,0.8597516435354273
1,12,56,22,1616,-3962474.4809635375,-3960855.8682557936,2300.458237238753,-3955288.4240246527,7.043998999986798,0.8619698058950396
1,12,57,22,1638,-3962474.4809635375,-3960691.5880101086,2435.2664776591805,-3955202.3825238813,6.394857800012687,0.8641188959660298
1,12,58,21,1659,-3962474.4809635375,-3960359.033359962,4039.6356754515114,-3945861.9283267967,6.207144700019853,0.8661087866108786
1,12,59,21,1680,-3962474.4809635375,-3959002.8332755202,7120.494275244058,-3931470.24099553,6.527763499994762,0.8680412371134021
1,12,60,21,1701,-3962474.4809635375,-3958932.9994119727,8490.442809902068,-3924877.306435181,6.117303899984108,0.8699186991869918
1,12,61,21,1722,-3962474.4809635375,-3961074.5739034046,3617.000207115299,-3946537.0052690487,5.965752399992198,0.8717434869739479
1,12,62,21,1743,-3962474.4809635375,-3960809.476713785,3667.6287385771366,-3946405.146426715,5.8491136000084225,0.8735177865612648
1,12,63,21,1764,-3962474.4809635375,-3961823.714193786,1493.7782691369082,-3957233.852815287,5.846425399999134,0.8752436647173489
1,12,64,20,1784,-3962474.4809635375,-3960748.9728123723,3759.9234151647893,-3946345.249401411,6.27784269998665,0.876844130853111
1,12,65,20,1804,-3962474.4809635375,-3960821.601096758,3829.463508038594,-3946119.078342516,5.799776100000599,0.8784040531982267
1,12,66,20,1824,-3962474.4809635375,-3961839.3371378435,1544.3663223786007,-3957178.725737011,5.912526500003878,0.8799249530956847
1,12,67,20,1844,-3962474.9098736886,-3959746.983007128,5006.575852138149,-3945912.0640874766,5.8959573000029195,0.881408276714021
1,12,68,20,1864,-3962475.334595207,-3961639.7628266765,1825.8130936893824,-3957231.6239133794,6.022247100016102,0.8828553996339231
1,12,69,19,1883,-3962475.334595207,-3961014.1430410617,3857.3132655379154,-3946041.7395744883,5.276550400012638,0.8841978287092883
1,12,70,19,1902,-3962475.334595207,-3962448.655035077,27.308037835025573,-3962378.883672923,5.441201199981151,0.8855098389982111
1,12,71,19,1921,-3962475.334595207,-3962183.5207215063,1152.448311460183,-3957296.2119558584,5.470675999997184,0.8867924528301887
1,12,72,19,1940,-3962475.334595207,-3962456.235244759,21.57495735640923,-3962398.1382614076,5.686588699987624,0.8880466472303207
1,12,73,19,1959,-3962475.483262565,-3960745.3049996803,5006.61198350314,-3946122.1845588535,5.537713300000178,0.889273356401384
1,12,74,19,1978,-3962475.483262565,-3960747.1785978503,5004.408582242566,-3946151.1827739924,5.4905218000058085,0.8904734740444952
1,12,75,18,1996,-3962475.483262565,-3962180.05265421,1185.264578968764,-3957293.381782498,5.477908899978502,0.8915866741953699
1,12,76,18,2014,-3962475.483262565,-3962473.5550816962,2.7944089693706484,-3962463.3679575287,5.548038999986602,0.8926774734488541
1,12,77,18,2032,-3962475.483262565,-3962469.075988715,16.447577987267444,-3962402.6391378436,5.261646300001303,0.8937465412285556
1,12,78,18,2050,-3962475.483262565,-3962468.839470407,12.194624830361573,-3962425.6657817736,5.484505899978103,0.8947945205479452
1,12,79,18,2068,-3962475.483262565,-3962470.649506589,7.978763720965938,-3962444.5560672022,5.533354699990014,0.8958220293000543
1,12,80,18,2086,-3962475.483262565,-3962470.9041067287,8.521444068895473,-3962439.9985883683,5.151675900007831,0.8968296614723267
1,12,81,17,2103,-3962475.5486507732,-3962473.99270306,3.060357208315261,-3962462.865144102,5.278596499993,0.8977635782747604
1,12,82,17,2120,-3962475.5494836047,-3962469.482817597,13.286245975054094,-3962420.919438787,5.225267600006191,0.8986807387862796
1,12,83,17,2137,-3962475.5494836047,-3962471.682518666,6.819570186434968,-3962453.5952174813,5.169414600008167,0.899581589958159
1,12,84,17,2154,-3962475.5494836047,-3962470.929938375,16.63699738748902,-3962404.4171013124,4.9433604999794625,0.9004665629860031
1,12,85,17,2171,-3962475.5494836047,-3962474.441727356,1.170156471888996,-3962471.470748594,5.185335499991197,0.9013360739979445
1,12,86,17,2188,-3962475.5494836047,-3962473.302814551,4.547386973387233,-3962457.844134776,5.68316259997664,0.9021905247070809
1,12,87,17,2205,-3962475.5536608435,-3962475.234056282,0.36995691848312273,-3962473.8701561503,5.085776399995666,0.9030303030303031
1,12,88,16,2221,-3962475.5536608435,-3962474.7929193852,1.5848046411811867,-3962469.4581919275,4.713100099994335,0.9038076152304609
1,12,89,16,2237,-3962475.557078628,-3961453.295425689,3948.918388333286,-3946159.216072431,5.142053299990948,0.904572564612326
1,12,90,16,2253,-3962475.557078628,-3962475.4226110373,0.10059879975555223,-3962475.2168676686,4.649421300011454,0.9053254437869822
1,12,91,16,2269,-3962475.557078628,-3962474.7445335947,2.8273950687676814,-3962463.797516525,4.5629196999943815,0.9060665362035225
1,12,92,16,2285,-3962475.5705986563,-3962474.6794575844,1.2935026032078254,-3962471.780973833,4.722291899990523,0.9067961165048544
1,12,93,16,2301,-3962475.5705986563,-3962473.3707138337,5.057119443551872,-3962457.9180348255,4.641033300023992,0.9075144508670521
1,12,94,16,2317,-3962475.572221199,-3962475.397327801,0.28401117074891247,-3962474.5114010014,4.77778699999908,0.9082217973231358
1,12,95,15,2332,-3962475.572489381,-3962475.1808291147,0.8204491761210579,-3962472.6827636976,4.640165999997407,0.908875177978168
1,12,96,15,2347,-3962475.572489381,-3962475.474217458,0.18590399032539634,-3962474.811538292,5.164767500013113,0.9095193213949104
1,12,97,15,2362,-3962475.572489381,-3962475.457046031,0.1300301720271284,-3962475.03220712,5.249333799991291,0.9101544220870379
1,12,98,15,2377,-3962475.574658811,-3962475.4468812295,0.19479664321654527,-3962474.9415814,4.908501199999591,0.9107806691449815
1,12,99,15,2392,-3962475.5786940735,-3962475.52263018,0.1164620706335106,-3962475.089616621,4.1320100000011735,0.9113982464236271
1,12,100,15,2407,-3962475.5786940735,-3962475.540433421,0.0287187305639398,-3962475.460170254,4.754705700004706,0.9120073327222732
1,12,101,15,2422,-3962475.5786940735,-3962475.5086289546,0.1548248277386233,-3962474.935294535,5.287267399980919,0.9126081019572144
1,12,102,14,2436,-3962475.5786940735,-3962475.497542132,0.14933264271211014,-3962474.9800821543,4.014583300013328,0.9131614654002713
1,12,103,14,2450,-3962475.5786940735,-3962475.4475295655,0.2283386137828316,-3962474.7897988353,4.489377499994589,0.9137078651685393
1,12,104,14,2464,-3962475.5786940735,-3962475.5623384123,0.013184088530183349,-3962475.526263885,4.530409500002861,0.9142474318892363
1,12,105,14,2478,-3962475.5786940735,-3962475.548672024,0.04372939299873455,-3962475.411752967,4.774782899999991,0.914780292942743
1,12,106,14,2492,-3962475.5786940735,-3962475.5572440815,0.02216719273918818,-3962475.4936645273,4.353809799998999,0.9153065725628584
1,12,107,14,2506,-3962475.5786940735,-3962475.5457838387,0.0433048695458544,-3962475.418059906,4.2490466000163,0.9158263919333626
1,12,108,14,2520,-3962475.5786940735,-3962475.5351299667,0.09837501237467065,-3962475.1896892153,4.718252200022107,0.9163398692810457
1,12,109,14,2534,-3962475.5786940735,-3962475.5548234177,0.032483461239007236,-3962475.444180539,4.690167499997187,0.916847119965353
1,12,110,13,2547,-3962475.5795876924,-3962475.5447690627,0.08054046295033299,-3962475.2668505795,4.329824199987343,0.917312661498708
1,12,111,13,2560,-3962475.5795876924,-3962475.54564809,0.06470806389837121,-3962475.3266576603,3.9728065000090282,0.9177730192719487
1,12,112,13,2573,-3962475.5795876924,-3962475.52512731,0.10837513050946353,-3962475.195833087,3.829028800013475,0.9182282793867121
1,12,113,13,2586,-3962475.5795876924,-3962475.5610236037,0.029834087719622725,-3962475.460396033,4.369181100017158,0.9186785260482846
1,12,114,13,2599,-3962475.579937281,-3962475.544226912,0.055201789974486264,-3962475.3805493675,3.710880600003293,0.9191238416175231
1,12,115,13,2612,-3962475.579937281,-3962475.5244089044,0.09711047346007991,-3962475.279756505,4.443649300024845,0.9195643066610808
1,12,116,13,2625,-3962475.579937281,-3962475.5622957395,0.029033393862278736,-3962475.464855589,3.9693427000020165,0.92
1,12,117,13,2638,-3962475.579937281,-3962475.5494919075,0.05394740572140152,-3962475.395240005,4.591498499998124,0.9204309987567344
1,12,118,13,2651,-3962475.5801917072,-3962475.515595478,0.11907709941866437,-3962475.180427337,4.002848899981473,0.9208573784006595
1,12,119,12,2663,-3962475.5801917072,-3962475.545127541,0.039324631731175015,-3962475.45705132,3.666614899993874,0.9212469237079574
1,12,120,12,2675,-3962475.5801917072,-3962475.5679121967,0.02400867154659478,-3962475.4888486173,4.107990199991036,0.9216326530612244
1,12,121,12,2687,-3962475.5801917072,-3962475.5509162084,0.03122592521066241,-3962475.495287858,4.03662389999954,0.9220146222583265
1,12,122,12,2699,-3962475.5801917072,-3962475.5688915276,0.01631363874401148,-3962475.5167526845,3.788496099994518,0.9223928860145514
1,12,123,12,2711,-3962475.5801917072,-3962475.5750833564,0.003221724634942376,-3962475.568616517,3.7829360000032466,0.9227674979887369
1,12,124,12,2723,-3962475.5801917072,-3962475.5706248623,0.014036985232390421,-3962475.527157519,4.068240100023104,0.923138510808647
1,12,125,12,2735,-3962475.5801917072,-3962475.558716802,0.046765077106461966,-3962475.407412097,3.7568307999754325,0.9235059760956176
1,12,126,12,2747,-3962475.5801917072,-3962475.5596465054,0.032747076624970256,-3962475.480838405,3.818570700008422,0.9238699444885012
1,12,127,12,2759,-3962475.58026213,-3962475.5655068904,0.017249687702903117,-3962475.517691694,3.8708790999953635,0.9242304656669298
1,12,128,11,2770,-3962475.5807608217,-3962475.5508656693,0.05089930716607009,-3962475.3976568338,3.154174299997976,0.9245579567779961
1,12,129,11,2781,-3962475.5807991065,-3962475.564317072,0.029127035161900364,-3962475.473748697,3.784690500004217,0.9248826291079812
1,12,130,11,2792,-3962475.5807991065,-3962475.5773685058,0.003994378924662099,-3962475.5672509056,3.4859496999997646,0.9252045188936502
1,12,131,11,2803,-3962475.5807991065,-3962475.5615074513,0.02420828663922614,-3962475.497757286,3.684630700008711,0.9255236617532971
1,12,132,11,2814,-3962475.5807991065,-3962475.5688786786,0.022112086643330257,-3962475.5002047475,3.1326821999973617,0.9258400926998841
1,12,133,11,2825,-3962475.5807991065,-3962475.567932399,0.018658681155915353,-3962475.5116395503,3.833986100013135,0.9261538461538461
1,12,134,11,2836,-3962475.582586035,-3962475.5746438336,0.008982848942269063,-3962475.5512734186,3.488599400006933,0.9264649559555725
1,12,135,11,2847,-3962475.582586035,-3962475.5684474427,0.018178607401350792,-3962475.5195001736,3.495354899991071,0.9267734553775744
1,12,136,11,2858,-3962475.582586035,-3962475.5675368006,0.014206742555651172,-3962475.5418792106,3.4405762999958824,0.9270793771363464
1,12,137,11,2869,-3962475.582586035,-3962475.565837988,0.020166986751357356,-3962475.5088382754,3.6833909999986645,0.9273827534039334
1,12,138,10,2879,-3962475.582586035,-3962475.5704896124,0.011482545609872222,-3962475.5392475333,3.1152040000015404,0.9276563677467973
1,12,139,10,2889,-3962475.582586035,-3962475.573629523,0.009601462215011606,-3962475.5487719905,3.198955100000603,0.9279279279279279
1,12,140,10,2899,-3962475.582586035,-3962475.5591334463,0.04408482679849703,-3962475.428565964,3.312237100006314,0.9281974569932685
1,12,141,10,2909,-3962475.582586035,-3962475.5700330436,0.01173161229768802,-3962475.547466062,3.2532246000191662,0.9284649776453056
1,12,142,10,2919,-3962475.582586035,-3962475.5657097446,0.026272130862385723,-3962475.490101194,3.4285901999974158,0.9287305122494433
1,12,143,10,2929,-3962475.582586035,-3962475.570848825,0.013884275497532723,-3962475.5322739854,3.236941900016973,0.9289940828402367
1,12,144,10,2939,-3962475.582586035,-3962475.574651907,0.007985394538764764,-3962475.5541518275,3.1555259999877308,0.9292557111274871
1,12,145,10,2949,-3962475.582586035,-3962475.569053988,0.020010046424742193,-3962475.5120678544,3.0379894000070635,0.9295154185022027
1,12,146,10,2959,-3962475.582586035,-3962475.5712425276,0.010299839566076208,-3962475.5421036184,3.659881300001871,0.9297732260424286
1,12,147,10,2969,-3962475.582586035,-3962475.5547074303,0.047757047176167244,-3962475.4156327974,3.850103200005833,0.9300291545189504
1,12,148,10,2979,-3962475.582586035,-3962475.5742091862,0.007005404922032726,-3962475.5592922624,3.6339793000079226,0.9302832244008714
1,12,149,10,2989,-3962475.582586035,-3962475.573069201,0.010003473729881517,-3962475.5502199624,3.7135079999861773,0.9305354558610709
1,12,150,9,2998,-3962475.582586035,-3962475.575778943,0.004908587606550805,-3962475.5667699818,2.754188899998553,0.9307609087630725
1,12,151,9,3007,-3962475.582586035,-3962475.5710205883,0.015457535231839124,-3962475.5381006263,2.7885193999973126,0.9309849029475198
1,12,152,9,3016,-3962475.582586035,-3962475.5711283353,0.01296006407539249,-3962475.541080676,3.711381100001745,0.9312074525259764
1,12,153,9,3025,-3962475.582586035,-3962475.561848006,0.029285795759365053,-3962475.488540033,2.9631723999918904,0.9314285714285714
1,12,154,9,3034,-3962475.582586035,-3962475.577333909,0.0043771933781476145,-3962475.56625814,3.006440199998906,0.9316482734069064
1,12,155,9,3043,-3962475.582586035,-3962475.57093524,0.011670307343594727,-3962475.546844313,2.8275817000248935,0.9318665720369056
1,12,156,9,3052,-3962475.582586035,-3962475.5733314753,0.012178789924109671,-3962475.5395547133,3.043569200002821,0.9320834807216131
1,12,157,9,3061,-3962475.582586035,-3962475.5724363904,0.010428747708974088,-3962475.5484249536,2.9657737000088673,0.9322990126939351
1,12,158,9,3070,-3962475.582586035,-3962475.568882444,0.01929050211148763,-3962475.516761441,3.9053965999919455,0.9325131810193321
1,12,159,9,3079,-3962475.582586035,-3962475.572897812,0.010599613565132714,-3962475.550888194,2.637762800004566,0.9327259985984583
1,12,160,9,3088,-3962475.582586035,-3962475.575031258,0.009741232068288,-3962475.5496341046,2.793504400004167,0.932937478169752
1,12,161,9,3097,-3962475.582586035,-3962475.576965561,0.006606996232876754,-3962475.5591131803,2.9490840999933425,0.9331476323119777
1,12,162,8,3105,-3962475.582586035,-3962475.5762891183,0.002940255440655638,-3962475.571586417,2.300536100025056,0.9333333333333333
1,12,163,8,3113,-3962475.582586035,-3962475.5754859573,0.005785938488537435,-3962475.5636816043,2.6097131999849807,0.9335180055401662
1,12,164,8,3121,-3962475.582586035,-3962475.576471841,0.006082454099512468,-3962475.5613331776,2.552793800015934,0.9337016574585635
1,12,165,8,3129,-3962475.582586035,-3962475.5784037285,0.002793169739144369,-3962475.572283186,2.4127078999881633,0.9338842975206612
1,12,166,8,3137,-3962475.582586035,-3962475.5729913046,0.0129891159716263,-3962475.539960133,2.6507826000161003,0.9340659340659341
1,12,167,8,3145,-3962475.582586035,-3962475.5758604733,0.0037294233708862683,-3962475.570080351,2.7162068000179715,0.9342465753424658
1,12,168,8,3153,-3962475.582586035,-3962475.574378914,0.006871014403276608,-3962475.561438881,2.2593381000042427,0.9344262295081968
1,12,169,8,3161,-3962475.582586035,-3962475.5754714357,0.0061238447811225736,-3962475.562546205,2.427612700004829,0.9346049046321526
1,12,170,8,3169,-3962475.582586035,-3962475.573401373,0.005985391570703092,-3962475.5614742413,2.630074299988337,0.9347826086956522
1,12,171,8,3177,-3962475.582586035,-3962475.5794579936,0.0016952628656633389,-3962475.5769141726,2.4533731999981683,0.9349593495934959
1,12,172,8,3185,-3962475.582586035,-3962475.578027538,0.004326412501004761,-3962475.5699440837,2.5617178000102285,0.9351351351351351
1,12,173,8,3193,-3962475.582586035,-3962475.5737237716,0.008525643592358563,-3962475.5577369016,2.491738799988525,0.9353099730458221
1,12,174,8,3201,-3962475.582586035,-3962475.578666578,0.0037659805012534757,-3962475.5693640094,2.567768899985822,0.9354838709677419
1,12,175,8,3209,-3962475.582586035,-3962475.5799219636,0.0008838879606808463,-3962475.5784035064,2.2362057999998797,0.935656836461126
1,12,176,7,3216,-3962475.582586035,-3962475.5721109915,0.011612618402123928,-3962475.551815154,2.3073653999890666,0.9358074222668004
1,12,177,7,3223,-3962475.582586035,-3962475.577276426,0.00625777005102793,-3962475.5624731965,2.4165159000258427,0.9359573048699132
1,12,178,7,3230,-3962475.582586035,-3962475.579772334,0.00148444130549088,-3962475.5770857427,2.53626510000322,0.9361064891846922
1,12,179,7,3237,-3962475.582586035,-3962475.578805488,0.0028570377811041703,-3962475.5733325295,2.4096239999926183,0.9362549800796812
1,12,180,7,3244,-3962475.582586035,-3962475.5789894834,0.0030236047498474012,-3962475.5723323524,2.5728843999968376,0.9364027823782709
1,12,181,7,3251,-3962475.582586035,-3962475.572475544,0.01259306864746647,-3962475.5450234096,2.5834285999881104,0.9365499008592201
1,12,182,7,3258,-3962475.582586035,-3962475.577986697,0.0030063180938406826,-3962475.5729261413,2.5062035999726504,0.9366963402571711
1,12,183,7,3265,-3962475.582586035,-3962475.5773093365,0.0021379259737900223,-3962475.5725926794,2.39202810000279,0.9368421052631579
1,12,184,7,3272,-3962475.582586035,-3962475.579552642,0.0016432557271489976,-3962475.5768892337,2.2924437999899965,0.9369872005251066
1,12,185,7,3279,-3962475.582586035,-3962475.5777753973,0.0031031489057624477,-3962475.5714651737,2.4253602999961004,0.93713163064833
1,12,186,7,3286,-3962475.582586035,-3962475.5779440547,0.0033100268209317373,-3962475.571517542,2.3796136000019033,0.9372754001960144
1,12,187,7,3293,-3962475.582586035,-3962475.576919638,0.0027058947005688173,-3962475.572547294,2.558360700000776,0.9374185136897001
1,12,188,7,3300,-3962475.582586035,-3962475.57891257,0.0024014724836843057,-3962475.5750015955,2.428019899991341,0.937560975609756
1,12,189,7,3307,-3962475.582586035,-3962475.572337301,0.008910680318812803,-3962475.553099023,2.0464597000100184,0.9377027903958468
1,12,190,7,3314,-3962475.582586035,-3962475.577891976,0.003631017429275293,-3962475.570661165,2.492422200011788,0.937843962447394
1,12,191,7,3321,-3962475.582586035,-3962475.576267996,0.005156839197385017,-3962475.565097414,2.448273399990285,0.937984496124031
1,12,192,6,3327,-3962475.582586035,-3962475.569265958,0.008229864102464153,-3962475.5595813654,2.2971712999860756,0.9381044487427466
1,12,193,6,3333,-3962475.582586035,-3962475.57868127,0.003389836787174694,-3962475.5714714583,2.564866600005189,0.9382239382239382
1,12,194,6,3339,-3962475.582586035,-3962475.579280287,0.0020454995607375064,-3962475.576998852,2.2423202999925707,0.9383429672447013
1,12,195,6,3345,-3962475.582586035,-3962475.569798991,0.012924327128073562,-3962475.544998262,2.228813799971249,0.9384615384615385
1,12,196,6,3351,-3962475.582586035,-3962475.5697336756,0.00894402285301652,-3962475.552532062,2.624709499999881,0.9385796545105566
1,12,197,6,3357,-3962475.582586035,-3962475.570073255,0.017239199199774114,-3962475.531943666,2.0519694999966305,0.9386973180076629
1,12,198,6,3363,-3962475.582586035,-3962475.558390303,0.032115596412201554,-3962475.503308106,2.3010828000260517,0.9388145315487572
1,12,199,6,3369,-3962475.582586035,-3962475.5786715467,0.0027692706516704215,-3962475.572974287,2.3367713000043295,0.9389312977099237
1,12,200,6,3375,-3962475.582586035,-3962475.5527144205,0.061581809228358174,-3962475.415035151,2.164866000006441,0.939047619047619
1,12,201,6,3381,-3962475.582586035,-3962475.573666239,0.0026798313411237253,-3962475.5706543364,2.296001899987459,0.9391634980988594
1,12,202,6,3387,-3962475.582586035,-3962475.5793018066,0.001807180311218575,-3962475.5771348104,2.5197606000001542,0.9392789373814042
1,12,203,6,3393,-3962475.582586035,-3962475.5746641327,0.0072192838442585614,-3962475.5618825834,2.095029500022065,0.9393939393939394
1,12,204,6,3399,-3962475.582586035,-3962475.579632132,0.0012557520563695299,-3962475.5776556376,2.5252527999982703,0.9395085066162571
1,12,205,6,3405,-3962475.582586035,-3962475.5772042326,0.003988987625149297,-3962475.569987528,2.115817899990361,0.939622641509434
1,12,206,6,3411,-3962475.582586035,-3962475.5793369296,0.0013541108763737363,-3962475.5767513663,2.2885144000174478,0.9397363465160076
1,12,207,6,3417,-3962475.582586035,-3962475.5778332744,0.002274016788441478,-3962475.573288759,2.146844000002602,0.9398496240601504
1,12,208,6,3423,-3962475.582586035,-3962475.569533275,0.011998319186796778,-3962475.5484033693,2.3097255999746267,0.9399624765478424
1,12,209,6,3429,-3962475.582586035,-3962475.5774209523,0.0030790522863116242,-3962475.5717614703,1.948203799984185,0.9400749063670412
1,12,210,6,3435,-3962475.582586035,-3962475.5651691523,0.02057086644766315,-3962475.5200824793,2.163459999981569,0.9401869158878504
1,12,211,5,3440,-3962475.582586035,-3962475.560641253,0.03289549463201418,-3962475.495073486,2.0081682999734767,0.9402799377916019
1,12,212,5,3445,-3962475.582586035,-3962475.577553776,0.0027066462633480335,-3962475.5736553576,1.9612261999864131,0.9403726708074535
1,12,213,5,3450,-3962475.582586035,-3962475.5764346933,0.007072402555486736,-3962475.562358387,2.137397400016198,0.9404651162790698
1,12,214,5,3455,-3962475.582586035,-3962475.562984787,0.020823628675807615,-3962475.522688959,1.9871994999994058,0.9405572755417957
1,12,215,5,3460,-3962475.582586035,-3962475.5777248843,0.002928324014393017,-3962475.572350841,1.8147062999778427,0.9406491499227202
1,12,216,5,3465,-3962475.582586035,-3962475.559565369,0.035452430500019304,-3962475.489090251,2.2471589000197127,0.9407407407407408
1,12,217,5,3470,-3962475.582586035,-3962475.5759975105,0.005968629805596136,-3962475.564444622,2.19848260001163,0.9408320493066256
1,12,218,5,3475,-3962475.582586035,-3962475.563228005,0.03150942912209801,-3962475.5002658963,2.0917552999744657,0.940923076923077
1,12,219,5,3480,-3962475.582586035,-3962475.579047577,0.00134208360249695,-3962475.577257205,1.8007626000035089,0.9410138248847926
1,12,220,5,3485,-3962475.582586035,-3962475.5759758637,0.007136894071393696,-3962475.5621360224,1.8413602999935392,0.9411042944785276
1,12,221,5,3490,-3962475.582586035,-3962475.577388649,0.0021663207486734438,-3962475.5743677467,2.095081300009042,0.9411944869831547
1,12,222,5,3495,-3962475.582586035,-3962475.5744029926,0.00858362263753807,-3962475.557657892,2.3803396000002977,0.9412844036697248
1,12,223,5,3500,-3962475.582586035,-3962475.5757335112,0.003055355092796585,-3962475.5715292487,2.3655168999976013,0.9413740458015267
1,12,224,5,3505,-3962475.582586035,-3962475.5694964156,0.009283575739090331,-3962475.557700999,1.7108632999879774,0.9414634146341463
1,12,225,5,3510,-3962475.582586035,-3962475.5784929506,0.003848258193955224,-3962475.571094759,2.1156033000152092,0.9415525114155251
1,12,226,5,3515,-3962475.582586035,-3962475.575012791,0.003661550684948141,-3962475.570943812,2.2117074000125285,0.9416413373860182
1,12,227,5,3520,-3962475.582586035,-3962475.570994484,0.006416438464022086,-3962475.561214201,2.0677169999980833,0.9417298937784522
1,12,228,5,3525,-3962475.582586035,-3962475.57837815,0.002002667965256246,-3962475.5752505176,2.1881655999750365,0.9418181818181818
1,12,229,5,3530,-3962475.582586035,-3962475.577207707,0.0006671723013814884,-3962475.576723762,1.8902622000023257,0.9419062027231467
1,12,230,5,3535,-3962475.582586035,-3962475.5666348124,0.01597914667215127,-3962475.5450778306,1.978323299990734,0.9419939577039275
1,12,231,5,3540,-3962475.582586035,-3962475.573191793,0.009484022588813031,-3962475.554587992,2.1407803000183776,0.9420814479638009
1,12,232,5,3545,-3962475.582586035,-3962475.5721085696,0.012223260867133467,-3962475.548084749,1.7332365999754984,0.9421686746987952
1,12,233,4,3549,-3962475.582586035,-3962475.577911546,0.004633916774268983,-3962475.5700245947,1.6899638999893796,0.9422382671480144
1,12,234,4,3553,-3962475.582586035,-3962475.5786159076,0.0022051258402105804,-3962475.5761825424,1.7987754000059795,0.9423076923076923
1,12,235,4,3557,-3962475.582586035,-3962475.576773505,0.0055751657519927025,-3962475.5681874305,1.8530455000000075,0.9423769507803121
1,12,236,4,3561,-3962475.582586035,-3962475.5774980006,0.0011442481770491562,-3962475.57598876,1.9054946000105701,0.9424460431654677
1,12,237,4,3565,-3962475.582586035,-3962475.5771381585,0.0017169138806864487,-3962475.574387988,1.638601100014057,0.9425149700598803
1,12,238,4,3569,-3962475.582586035,-3962475.575598665,0.003817262194781706,-3962475.5718755163,2.136384499986889,0.9425837320574163
1,12,239,4,3573,-3962475.582586035,-3962475.5792585704,0.0037960873611093075,-3962475.5727216788,1.8945237000007182,0.942652329749104
1,12,240,4,3577,-3962475.582586035,-3962475.5791698513,0.0022735978504880893,-3962475.5766276605,1.6889535999798682,0.9427207637231504
1,12,241,4,3581,-3962475.582586035,-3962475.5777786425,0.00106185275075946,-3962475.5763006043,1.9038071000250056,0.9427890345649583
1,12,242,4,3585,-3962475.582586035,-3962475.577107968,0.002867607322094968,-3962475.5748579744,2.057403000013437,0.9428571428571428
1,12,243,4,3589,-3962475.582586035,-3962475.5763477413,0.003591472414791254,-3962475.570787253,1.6087926999898627,0.9429250891795482
1,12,244,4,3593,-3962475.582586035,-3962475.576160293,0.003557986027479514,-3962475.571200123,1.9119790999975521,0.9429928741092637
1,12,245,4,3597,-3962475.582586035,-3962475.5798724717,0.0007665790354086465,-3962475.5789914634,1.8946758000238333,0.9430604982206405
1,13,0,36,36,-2605635.640773344,61702074.87353047,52573818.48830806,235980586.06516725,72.90184060001047,0.10714285714285714
1,13,1,36,72,-2605635.640773344,37495472.094487436,48246927.10852956,224460877.5414038,66.34710380001343,0.13333333333333333
1,13,2,35,107,-2605635.640773344,25176166.207572576,32195837.451615244,139506000.78364003,53.22737859998597,0.20454545454545456
1,13,3,35,142,-2605635.640773344,15352238.694572054,23287326.326933637,84614447.23670173,43.47215319998213,0.24545454545454545
1,13,4,35,177,-2735463.437872339,8311765.263023191,14711242.97611583,66090041.99118911,46.56505929998821,0.291044776119403
1,13,5,34,211,-2735463.437872339,4285084.997004891,4560169.785286058,14365547.080755234,36.32984859999851,0.29411764705882354
1,13,6,34,245,-2891520.5587533154,4923133.093764062,8532380.71842403,41837542.37302294,24.83055549999699,0.3151515151515151
1,13,7,34,279,-2891520.5587533154,5804190.382577989,10218230.139276253,40695974.88992513,31.334568100020988,0.3163841807909605
1,13,8,34,313,-2891520.5587533154,4839305.066930767,9360103.387368275,38731038.92375497,29.377394900016952,0.3385416666666667
1,13,9,33,346,-3594794.253321098,2812829.1153176907,5901904.719740028,24112989.65831503,32.84147180002765,0.37264150943396224
1,13,10,33,379,-3594794.253321098,3175018.7570198476,7558558.767264492,27246592.55466004,28.899851599999238,0.39035087719298245
1,13,11,33,412,-3594794.253321098,6653755.464026973,10783949.475674745,37476404.02093366,30.81198399999994,0.4139344262295082
1,13,12,32,444,-3594794.253321098,4254599.214374606,8046903.31021611,23453362.940218747,32.2251037999813,0.4269230769230769
1,13,13,32,476,-3937560.5367392823,2851597.7744261003,6936475.4660060415,25010607.929198373,32.96894679998513,0.45
1,13,14,32,508,-3937560.5367392823,2354318.755427249,7099816.005846134,19952033.50574508,34.11732690001372,0.4769736842105263
1,13,15,31,539,-3949479.3414857853,944328.8677327298,6976186.839429655,26403353.814179923,37.24377739999909,0.5030487804878049
1,13,16,31,570,-3949479.3414857853,1123939.1056610849,5431902.146782943,22734478.719504867,30.05490469999495,0.5228571428571429
1,13,17,31,601,-3949479.3414857853,-558485.9792574752,3989440.2511835243,13725459.322180152,35.03674499999033,0.5452127659574468
1,13,18,31,632,-3949479.3414857853,788004.1631490862,6772228.4338896815,23542066.542077266,35.53929099999368,0.5685785536159601
1,13,19,30,662,-3949479.3414857853,-456416.1095062454,6112406.094866172,19310759.358345117,36.90066840001964,0.5878220140515222
1,13,20,30,692,-3949479.3414857853,-1095372.643703461,4289507.74206846,13253721.279459467,33.06239690000075,0.6101321585903083
1,13,21,30,722,-3949479.3414857853,-532628.1139671078,4547764.999392084,10168427.54122157,35.417354799981695,0.6244813278008299
1,13,22,30,752,-3953809.5091653224,-2287725.39793206,3629022.495075648,15484332.23210574,35.35216660000151,0.6457925636007827
1,13,23,29,781,-3953809.5091653224,-2357055.3364537223,3010395.504420427,10123694.18593102,37.388948000007076,0.662962962962963
1,13,24,29,810,-3953809.5091653224,-2493865.8454037094,3348111.496624379,14180952.962825626,30.531243700010236,0.6790123456790124
1,13,25,29,839,-3953809.5091653224,-1951801.0500772668,4083868.5512937387,14167131.746048836,28.004487600002903,0.6919191919191919
1,13,26,29,868,-3953809.5091653224,-3438782.6604246995,845930.8293498482,569263.2965901752,28.69298439999693,0.7041800643086816
1,13,27,28,896,-3953809.5091653224,-3147196.2015720094,1152211.0388590961,566867.5282758474,32.111925800010795,0.7134052388289677
1,13,28,28,924,-3953809.5091653224,-3009007.6344382567,1753607.4452798057,4267894.914342927,26.536850200005574,0.7248520710059172
1,13,29,28,952,-3953809.5091653224,-3118485.7801202596,1870970.9979339237,5181867.214352751,26.86962769998354,0.7350427350427351
1,13,30,28,980,-3953809.5091653224,-3639989.5821643732,433286.99781564693,-2159219.918512538,21.888574699987657,0.7438356164383562
1,13,31,27,1007,-3955742.9071552623,-3546355.431351064,861149.5510645615,-538081.3654289003,19.39880350002204,0.7529722589167768
1,13,32,27,1034,-3955742.9071552623,-3718502.192629323,395081.2589968896,-2062517.014468234,25.804943600000115,0.7614795918367347
1,13,33,27,1061,-3955742.9071552623,-3819031.7801014036,171701.8648816423,-3287989.5958460337,23.87167719998979,0.7694204685573366
1,13,34,27,1088,-3955742.9071552623,-3817261.3931709747,234988.80414209084,-2782546.1755514815,20.152405800006818,0.7768496420047732
1,13,35,26,1114,-3955742.9071552623,-3824984.36302944,191353.0075203299,-3197497.4459910654,17.47709639999084,0.7835648148148148
1,13,36,26,1140,-3955742.9071552623,-3879571.9700301294,141137.93446916208,-3220278.3076692764,22.83825580001576,0.7898876404494382
1,13,37,26,1166,-3955742.9071552623,-3669359.528231756,1161909.0508914774,2132055.7082736474,18.929324700002326,0.7958515283842795
1,13,38,26,1192,-3959196.856753433,-3827587.1370411837,433589.05135347886,-1671612.2837605774,20.141505000006873,0.8014861995753716
1,13,39,25,1217,-3959196.856753433,-3916219.161563181,38605.39707019556,-3800662.080350641,16.55937659999472,0.8066184074457083
1,13,40,25,1242,-3959702.485248463,-3923461.089235548,46375.33563135249,-3728564.7931436673,16.89592700000503,0.811491935483871
1,13,41,25,1267,-3959702.485248463,-3932708.776940218,39221.82808335285,-3754496.6158586033,16.256598600011785,0.816125860373648
1,13,42,25,1292,-3959939.6543582305,-3943786.462601045,21102.723048022926,-3852079.160599485,17.51345160001074,0.8205374280230326
1,13,43,25,1317,-3959939.6543582305,-3928134.5640799617,39564.166288211076,-3818949.706299357,14.458698000002187,0.8247422680412371
1,13,44,24,1341,-3961939.885439664,-3943144.4250004776,15351.530129280176,-3903885.3542944137,19.233537899999646,0.8285976168652612
1,13,45,24,1365,-3961939.885439664,-3942110.2457415685,19249.796943551573,-3878122.228373518,12.628689200006193,0.8322869955156951
1,13,46,24,1389,-3962301.793445738,-3941242.153784784,30684.40103654158,-3826432.3614467587,12.76028019998921,0.835820895522388
1,13,47,24,1413,-3962301.793445738,-3946113.7942148023,27458.801950198384,-3824150.8515706994,12.127141900011338,0.8392089423903697
1,13,48,23,1436,-3962301.793445738,-3952516.2098731827,8272.34680863791,-3929072.589455692,10.218319699983113,0.842327150084317
1,13,49,23,1459,-3962391.452427432,-3952581.5544994758,18496.61486720241,-3871974.893333867,9.966545199975371,0.8453267162944582
1,13,50,23,1482,-3962391.452427432,-3952775.2563881776,23242.972020430334,-3846070.964100778,8.962106099992525,0.8482142857142857
1,13,51,23,1505,-3962391.452427432,-3954261.110238325,12785.885280389733,-3896714.5651368313,8.920408899983158,0.850996015936255
1,13,52,23,1528,-3962391.452427432,-3957522.8606049134,4504.720406472307,-3947371.0913793985,6.587446299992735,0.8536776212832551
1,13,53,22,1550,-3962391.452427432,-3959639.6718700496,3867.2315867673988,-3945037.1525342315,6.930362399987644,0.8561538461538462
1,13,54,22,1572,-3962407.440989949,-3954224.4205691055,23123.651934672846,-3850631.5313875712,8.267166100005852,0.8585476550680786
1,13,55,22,1594,-3962463.7722771782,-3960625.0514749885,1997.2312940446639,-3952649.194976488,6.206926399987424,0.8608630952380952
1,13,56,22,1616,-3962463.7722771782,-3959195.58987913,6016.046153941318,-3934394.784276748,7.156792299996596,0.863103953147877
1,13,57,22,1638,-3962463.7722771782,-3959640.3061107174,3144.1590507357873,-3952197.595738858,6.80383439999423,0.8652737752161384
1,13,58,21,1659,-3962463.7722771782,-3960375.792268607,3431.416071828232,-3946728.3632219993,9.182661400001962,0.8672817601135557
1,13,59,21,1680,-3962463.7722771782,-3960596.94751833,3529.0495256309537,-3947736.3513235394,5.7794837999972515,0.8692307692307693
1,13,60,21,1701,-3962463.7722771782,-3959397.935068865,5398.463995837,-3946130.966612665,9.141053800005466,0.8711233631977946
1,13,61,21,1722,-3962463.7722771782,-3960158.7514009583,4672.86350819867,-3946228.345865449,5.960592000017641,0.8729619565217391
1,13,62,21,1743,-3962463.7722771782,-3960246.752234862,4708.996259848973,-3945466.011116406,6.981092500005616,0.8747488278633624
1,13,63,21,1764,-3962471.8529241737,-3961966.2901866194,1122.17232781442,-3957075.350337481,5.76719869999215,0.8764861294583883
1,13,64,20,1784,-3962471.8529241737,-3960249.3799036266,5106.9282998368635,-3945404.477008354,7.30033870000625,0.878096479791395
1,13,65,20,1804,-3962471.8529241737,-3959702.344003645,5657.991306758429,-3945883.645914633,10.068811799981631,0.8796653796653797
1,13,66,20,1824,-3962471.8529241737,-3959841.1319876923,5671.0168175656,-3946140.79428719,5.329823899985058,0.8811944091486659
1,13,67,20,1844,-3962472.101145854,-3960663.2061131867,4949.848859619557,-3945372.3726269137,5.773200600000564,0.882685069008783
1,13,68,20,1864,-3962472.101145854,-3961249.093087943,3604.644116579941,-3946270.36787007,6.140924200008158,0.8841387856257745
1,13,69,19,1883,-3962472.7243238837,-3960600.2092081276,5241.720525733226,-3945272.6827758513,5.5969158000079915,0.8854868340477648
1,13,70,19,1902,-3962472.7243238837,-3961275.0378598375,3741.519580485526,-3946117.6259215623,5.424154000007547,0.8868038740920097
1,13,71,19,1921,-3962472.7243238837,-3961604.02754727,1852.3115377116173,-3957289.627130598,6.017160599993076,0.8880909634949132
1,13,72,19,1940,-3962474.9931535944,-3961218.725679316,3738.0903872543768,-3946116.6668968443,5.627294900012203,0.8893491124260355
1,13,73,19,1959,-3962474.9931535944,-3961285.722793027,3752.859727787964,-3946109.924613964,6.060723500006134,0.890579286132241
1,13,74,19,1978,-3962474.9931535944,-3961087.3846141235,2273.2543705253993,-3957183.653271083,5.692764899984468,0.8917824074074074
1,13,75,18,1996,-3962474.9931535944,-3959884.165288257,2574.788440959287,-3957264.787387157,5.683090500009712,0.8928980526918672
1,13,76,18,2014,-3962474.9931535944,-3961009.676522355,2301.0746399223467,-3957265.851784004,6.0208934000111185,0.8939909297052154
1,13,77,18,2032,-3962475.0173744336,-3961890.6612239694,1619.074256581867,-3957293.465007916,5.146565200004261,0.8950617283950617
1,13,78,18,2050,-3962475.0173744336,-3962134.7520343238,1179.0596200912962,-3957288.6449952107,6.494795600010548,0.8961111111111111
1,13,79,18,2068,-3962475.2190899868,-3961542.309697075,3737.8736371382925,-3946131.1398629434,5.228174100018805,0.8971397139713971
1,13,80,18,2086,-3962475.3749429677,-3962458.1490352163,26.935100598777986,-3962384.4435705524,5.846186899987515,0.8981481481481481
1,13,81,17,2103,-3962475.3749429677,-3961503.481599942,3836.9603614387947,-3946155.8788542077,5.759277400007704,0.8990825688073395
1,13,82,17,2120,-3962475.3749429677,-3962468.295497534,10.745233302380155,-3962431.040367268,5.015633600007277,0.9
1,13,83,17,2137,-3962475.488063017,-3962458.663868933,54.14951613992938,-3962243.0088257007,5.671440800011624,0.9009009009009009
1,13,84,17,2154,-3962475.488063017,-3961513.076523774,3838.8106831933314,-3946157.8417017628,4.968294399994193,0.9017857142857143
1,13,85,17,2171,-3962475.5254664384,-3962472.196727714,4.17922734638935,-3962462.1639778297,5.450767900008941,0.9026548672566371
1,13,86,17,2188,-3962475.5254664384,-3962160.021053335,1210.1205358516827,-3957321.075971054,5.367443299997831,0.9035087719298246
1,13,87,17,2205,-3962475.5254664384,-3962474.571742688,1.13405043597264,-3962471.9022624306,5.363004500017269,0.9043478260869565
1,13,88,16,2221,-3962475.5560192186,-3961454.933760481,3947.842758356398,-3946165.005777031,4.602638000011211,0.9051243023845763
1,13,89,16,2237,-3962475.5560192186,-3962474.1934956023,2.2219670990386975,-3962467.2582860366,4.9889339999936055,0.9058882737795672
1,13,90,16,2253,-3962475.5560192186,-3962473.0693509467,5.296390061358379,-3962454.7017937023,5.2053950000263285,0.9066400399400899
1,13,91,16,2269,-3962475.5560192186,-3962151.989997961,1252.115558064584,-3957302.56738982,5.384548900008667,0.9073798910351659
1,13,92,16,2285,-3962475.5560192186,-3962475.2130645257,0.5303663044712312,-3962473.603702426,5.064436500018928,0.9081081081081082
1,13,93,16,2301,-3962475.5560192186,-3962475.2701079394,0.3733502975563373,-3962474.1463249233,5.14749970001867,0.908824963432472
1,13,94,16,2317,-3962475.556020526,-3962151.4442940354,1254.6060898202486,-3957292.3758380115,5.2744109999912325,0.9095307208514756
1,13,95,15,2332,-3962475.556020526,-3962130.283104542,1291.5158420282999,-3957297.873336207,4.90217849999317,0.9101825168107589
1,13,96,15,2347,-3962475.560888773,-3962130.495074272,1290.853593075701,-3957300.5631957687,4.088974499987671,0.910824988078207
1,13,97,15,2362,-3962475.560888773,-3962475.437718071,0.30735209197585317,-3962474.2944672573,4.753151699987939,0.9114583333333334
1,13,98,15,2377,-3962475.573781112,-3962475.2743066056,0.8353694924215507,-3962472.1577927563,4.679348200006643,0.9120827456511519
1,13,99,15,2392,-3962475.573781112,-3962475.1539715305,0.6845176282515706,-3962473.451479774,4.725351999979466,0.9126984126984127
1,13,100,15,2407,-3962475.573781112,-3962475.4606849267,0.17822384766957017,-3962474.9833727553,4.64398289998644,0.9133055169216504
1,13,101,15,2422,-3962475.573781112,-3961440.851153701,2069.2541179646896,-3957301.6605876926,4.407500099972822,0.9139042357274402
1,13,102,14,2436,-3962475.573781112,-3962475.4911071765,0.1427539942812868,-3962475.108198095,4.080035699997097,0.914455626715462
1,13,103,14,2450,-3962475.573781112,-3962105.756377707,1332.4569631940794,-3957301.5147979036,5.106440900010057,0.915
1,13,104,14,2464,-3962475.575389337,-3962105.705531545,1332.7429552085107,-3957300.432986034,4.414326199999778,0.9155374887082204
1,13,105,14,2478,-3962475.575389337,-3962475.5549384346,0.021833934534191975,-3962475.497639224,4.247115600010147,0.9160682226211849
1,13,106,14,2492,-3962475.575389337,-3962475.5659715314,0.009174403585212172,-3962475.5375388116,3.8279001000046264,0.9165923282783229
1,13,107,14,2506,-3962475.575389337,-3961366.636387569,2123.415394650149,-3957299.9149972424,4.7824863999849185,0.9171099290780141
1,13,108,14,2520,-3962475.579792276,-3961736.166994902,1811.0431809620102,-3957299.507960597,3.7666314000089187,0.9176211453744494
1,13,109,14,2534,-3962475.579792276,-3961366.353791504,2123.822323715257,-3957299.3197791,4.130765300011262,0.9181260945709282
1,13,110,13,2547,-3962475.579792276,-3962077.360724486,1379.191003446809,-3957299.7029583696,3.936543799994979,0.9185894645189377
1,13,111,13,2560,-3962475.579792276,-3962077.397447532,1379.303957403852,-3957299.348380983,3.8760342999885324,0.919047619047619
1,13,112,13,2573,-3962475.579792276,-3961679.2679272345,1867.4947424480356,-3957298.6185185704,4.251824400009355,0.9195006457167456
1,13,113,13,2586,-3962475.579792276,-3962475.531369348,0.1290246595507803,-3962475.084973311,3.8830707000161055,0.9199486301369864
1,13,114,13,2599,-3962475.579792276,-3961679.1962566767,1867.6414282918286,-3957299.095054688,4.312477100000251,0.9203916560238399
1,13,115,13,2612,-3962475.579792276,-3960883.1706204186,2388.597414281306,-3957300.071508836,4.1121016000106465,0.9208298052497883
1,13,116,13,2625,-3962475.579792276,-3961679.218231302,1867.488916763678,-3957299.421380218,4.446431499993196,0.9212631578947369
1,13,117,13,2638,-3962475.579792276,-3961281.1160465707,2180.5987949807513,-3957299.6246647704,4.346312600013334,0.9216917922948074
1,13,118,13,2651,-3962475.580437921,-3961281.086751939,2180.7315395956234,-3957299.155884104,4.538722199999029,0.9221157850895461
1,13,119,12,2663,-3962475.580929937,-3962044.2538862615,1430.5242638163095,-3957299.74164973,3.727344000013545,0.9225031081641111
1,13,120,12,2675,-3962475.580929937,-3961612.767567534,1929.0881729073787,-3957298.6403753925,3.897532000002684,0.9228865979381443
1,13,121,12,2687,-3962475.580929937,-3961612.9233446377,1928.9290230107672,-3957299.674135413,3.9369989999977406,0.9232663110381617
1,13,122,12,2699,-3962475.580929937,-3962044.2442679815,1430.4580219392694,-3957299.9517363384,4.085836299986113,0.9236423029808085
1,13,123,12,2711,-3962475.580929937,-3962475.571797736,0.00738449221284273,-3962475.556375392,3.9091561999812257,0.9240146281999188
1,13,124,12,2723,-3962475.580929937,-3962044.2342738435,1430.4895625108768,-3957299.8371319976,3.701802099996712,0.9243833400727861
1,13,125,12,2735,-3962475.580929937,-3961612.9301590044,1928.9155156532952,-3957299.5373031925,4.344371200015303,0.924748490945674
1,13,126,12,2747,-3962475.580929937,-3961612.89412847,1928.969161174558,-3957299.1645223014,3.6568216999876313,0.9251101321585903
1,13,127,12,2759,-3962475.580929937,-3962044.154343204,1430.817099565638,-3957298.6708806325,4.388114599976689,0.9254683140693504
1,13,128,11,2770,-3962475.580929937,-3962005.0182836396,1487.9854687756495,-3957299.5950786974,3.9655571000184864,0.9257936507936508
1,13,129,11,2781,-3962475.580929937,-3962475.5734475907,0.005852805698039657,-3962475.561501544,3.303789700003108,0.9261161596207033
1,13,130,11,2792,-3962475.580929937,-3962475.561477842,0.03418088694315852,-3962475.4559806436,3.6292132000089623,0.9264358772619984
1,13,131,11,2803,-3962475.58152321,-3962475.5700639323,0.013473510598575288,-3962475.533777086,4.126644799980568,0.9267528397963181
1,13,132,11,2814,-3962475.58152321,-3962475.5624077483,0.03433194221143824,-3962475.4572351035,3.791241799975978,0.9270670826833073
1,13,133,11,2825,-3962475.58152321,-3962005.0456408635,1487.950335192968,-3957299.733536454,3.5620663999870885,0.9273786407766991
1,13,134,11,2836,-3962475.58152321,-3962475.572785911,0.012098237150134203,-3962475.5378500074,3.9218030000047293,0.9276875483372004
1,13,135,11,2847,-3962475.58152321,-3962475.571934818,0.014035903073411583,-3962475.530332137,3.4684218000038527,0.927993839045052
1,13,136,11,2858,-3962475.5818762034,-3962475.5684408885,0.01403154282488252,-3962475.544662833,3.769747999991523,0.92829754601227
1,13,137,11,2869,-3962475.5818762034,-3962005.027610283,1487.9766755547382,-3957299.6322105266,3.9270877999952063,0.928598701794578
1,13,138,10,2879,-3962475.5818762034,-3961957.9595186254,1552.8356258681174,-3957299.452641083,3.267325599998003,0.9288702928870293
1,13,139,10,2889,-3962475.5818762034,-3962475.569011712,0.009931139944411091,-3962475.547642773,3.1636630999855697,0.9291398256915498
1,13,140,10,2899,-3962475.5818762034,-3962475.55200174,0.03480371338488311,-3962475.464326797,3.452938800008269,0.9294073235183088
1,13,141,10,2909,-3962475.5818762034,-3962475.576298496,0.005271803881965555,-3962475.561404517,3.1614915000100154,0.9296728093268146
1,13,142,10,2919,-3962475.5818762034,-3962475.5703659453,0.013590780171354674,-3962475.531104656,3.677608300000429,0.9299363057324841
1,13,143,10,2929,-3962475.5818762034,-3962475.5686589703,0.008931513175120866,-3962475.553728167,3.5489841000235174,0.9301978350130645
1,13,144,10,2939,-3962475.5818762034,-3962475.568742807,0.012101242067712664,-3962475.5470992513,3.6562050000065938,0.9304574191149126
1,13,145,10,2949,-3962475.5818762034,-3962475.5671500177,0.01680322744735961,-3962475.5276159495,3.235987699998077,0.930715079659133
1,13,146,10,2959,-3962475.5818762034,-3962475.5633976227,0.016553427399648428,-3962475.533649897,3.803575700003421,0.9309708379475822
1,13,147,10,2969,-3962475.5818762034,-3962475.563637992,0.023813118465938057,-3962475.501083635,3.3378182999731507,0.9312247149687385
1,13,148,10,2979,-3962475.5818762034,-3962475.5660414756,0.018075747817048696,-3962475.5255119205,3.6660939999856055,0.9314767314034444
1,13,149,10,2989,-3962475.5818762034,-3962475.5613226136,0.026378833201870535,-3962475.4902468435,3.274691900005564,0.9317269076305221
1,13,150,9,2998,-3962475.5818762034,-3962475.573244921,0.009656982997282355,-3962475.5493394043,2.69358099999954,0.9319505094614265
1,13,151,9,3007,-3962475.5818762034,-3962475.5747441966,0.006951267367732526,-3962475.556545753,2.995952999975998,0.9321726514327168
1,13,152,9,3016,-3962475.5818762034,-3961325.389880832,2151.7675252404824,-3957299.647676233,2.8837386000086553,0.9323933477946493
1,13,153,9,3025,-3962475.5818762034,-3962475.5763942087,0.007343469337513882,-3962475.5565786622,3.244773799990071,0.9326126126126126
1,13,154,9,3034,-3962475.5818762034,-3962475.566461363,0.015679781633536626,-3962475.52955818,3.008601000008639,0.9328304597701149
1,13,155,9,3043,-3962475.5818762034,-3962475.55578663,0.043468324577195766,-3962475.4368755277,3.4569446000095922,0.933046902971715
1,13,156,9,3052,-3962475.5818762034,-3962475.5405591778,0.04649111374284666,-3962475.4287979566,2.941451099992264,0.9332619557458958
1,13,157,9,3061,-3962475.5818762034,-3961900.4176522014,1626.7684267612217,-3957299.2217085287,3.197766099998262,0.9334756314478834
1,13,158,9,3070,-3962475.5818762034,-3962475.5781863015,0.0033755204494430122,-3962475.571108222,3.134403999982169,0.9336879432624113
1,13,159,9,3079,-3962475.5818762034,-3962475.5732837575,0.0066298723924906764,-3962475.56122254,2.7677675999875646,0.9338989042064334
1,13,160,9,3088,-3962475.5818762034,-3962475.560975876,0.01491611430743475,-3962475.533380514,2.788497500005178,0.9341085271317829
1,13,161,9,3097,-3962475.5818762034,-3962475.572432833,0.011688709911871605,-3962475.539743617,3.568868800008204,0.9343168247277837
1,13,162,8,3105,-3962475.5818762034,-3961828.581236891,1711.7828943339607,-3957299.629399987,2.2153455000079703,0.9345008756567426
1,13,163,8,3113,-3962475.5818762034,-3962475.5619019866,0.019243436375440428,-3962475.5219060723,2.61210649998975,0.9346838980090814
1,13,164,8,3121,-3962475.5818762034,-3962475.5746429036,0.006563958446301184,-3962475.558450356,2.7705862000002526,0.9348659003831418
1,13,165,8,3129,-3962475.5818762034,-3962475.5706314817,0.024363651460178427,-3962475.5062600654,2.65546420001192,0.935046891281695
1,13,166,8,3137,-3962475.5818762034,-3962475.5765117723,0.007008245709369545,-3962475.558168957,2.8404739999969024,0.9352268791132664
1,13,167,8,3145,-3962475.5818762034,-3962475.562170496,0.0300136439615402,-3962475.4860651735,2.4096837999823038,0.935405872193437
1,13,168,8,3153,-3962475.5818762034,-3962475.5714040506,0.010677262589411648,-3962475.55292717,2.585762699978659,0.9355838787461247
1,13,169,8,3161,-3962475.5818762034,-3962475.5743525615,0.007495338608847596,-3962475.556995999,2.3798386999987997,0.9357609069048437
1,13,170,8,3169,-3962475.5818762034,-3962475.577195879,0.006280447798503452,-3962475.561081331,2.5121038999932352,0.9359369647139432
1,13,171,8,3177,-3962475.5818762034,-3962475.5699481284,0.01067013930685288,-3962475.5512173492,2.6857470000104513,0.9361120601298257
1,13,172,8,3185,-3962475.5818762034,-3962475.5784906857,0.004901391006266121,-3962475.5660318825,2.5761814000143204,0.9362862010221465
1,13,173,8,3193,-3962475.5818762034,-3961828.5715649426,1711.8037529446565,-3957299.5645413883,2.499311100022169,0.9364593951749915
1,13,174,8,3201,-3962475.5818762034,-3962475.5718704304,0.012316442130959762,-3962475.5431124177,2.3322182999982033,0.936631650288038
1,13,175,8,3209,-3962475.5818762034,-3962475.578071396,0.0025086179638209734,-3962475.572921749,2.847425399988424,0.9368029739776952
1,13,176,7,3216,-3962475.5818762034,-3962475.5755095445,0.005597207912762002,-3962475.562033819,2.6500128000043333,0.9369521240728254
1,13,177,7,3223,-3962475.5818762034,-3962475.569995649,0.014408969175504353,-3962475.539986439,2.5040709000022616,0.9371005718129836
1,13,178,7,3230,-3962475.5818762034,-3962475.5761664063,0.005831666034211138,-3962475.5627030935,2.3668812999967486,0.937248322147651
1,13,179,7,3237,-3962475.5818762034,-3962475.5739170644,0.00894850829993499,-3962475.552796336,2.252647299988894,0.937395379979913
1,13,180,7,3244,-3962475.5818762034,-3962475.5762227764,0.005170712320797932,-3962475.5667827874,2.5705679999955464,0.9375417501670007
1,13,181,7,3251,-3962475.5818762034,-3962475.5662503997,0.028216960875257466,-3962475.4980114717,2.4357250000175554,0.9376874375208264
1,13,182,7,3258,-3962475.5818762034,-3962475.5776056987,0.00429242970764467,-3962475.5676765516,2.456277699995553,0.9378324468085106
1,13,183,7,3265,-3962475.5818762034,-3962475.5779869584,0.003327490476473445,-3962475.5714989174,2.1610399000055622,0.9379767827529022
1,13,184,7,3272,-3962475.5818762034,-3962475.5798760615,0.0021470137463333668,-3962475.5759149753,2.2177726000081748,0.9381204500330906
1,13,185,7,3279,-3962475.5818762034,-3961736.153751831,1811.2065026659886,-3957299.6220015176,2.1451968000037596,0.9382634532849126
1,13,186,7,3286,-3962475.5818762034,-3962475.576574199,0.003473535361856456,-3962475.570414016,2.265993899985915,0.9384057971014492
1,13,187,7,3293,-3962475.5818762034,-3962475.5791664314,0.0016363947332987691,-3962475.5764866173,2.0480317999899853,0.9385474860335196
1,13,188,7,3300,-3962475.5818762034,-3962475.576848756,0.004576544196455696,-3962475.5668998025,2.1631014999875333,0.9386885245901639
1,13,189,7,3307,-3962475.5818762034,-3962475.5795112615,0.0026745946400975403,-3962475.5731217247,2.3792675999866333,0.9388289172391233
1,13,190,7,3314,-3962475.5818762034,-3962475.567747944,0.0265148465770516,-3962475.503063375,2.4269040999934077,0.9389686684073107
1,13,191,7,3321,-3962475.5818762034,-3962475.5708724568,0.010616114591709585,-3962475.5479318053,2.461228200001642,0.9391077824812765
1,13,192,6,3327,-3962475.5818762034,-3961612.9204506758,1928.9500601021412,-3957299.6569911055,2.187181299988879,0.9392265193370166
1,13,193,6,3333,-3962475.5818762034,-3962475.575362167,0.005776047691806737,-3962475.562859671,2.713370199984638,0.9393447940317872
1,13,194,6,3339,-3962475.5818762034,-3962475.5781406392,0.006619571783043978,-3962475.563341733,2.041131800011499,0.9394626092586598
1,13,195,6,3345,-3962475.5818762034,-3962475.575189937,0.005965465669849825,-3962475.5623373315,2.0657874000025913,0.9395799676898223
1,13,196,6,3351,-3962475.5819231477,-3961612.920370308,1928.9501924897356,-3957299.656614762,2.12314690000494,0.9396968719767816
1,13,197,6,3357,-3962475.5819231477,-3962475.570195369,0.012385569896477551,-3962475.5463533085,2.3833650999877136,0.9398133247505632
1,13,198,6,3363,-3962475.5821056925,-3962475.579029,0.0021327084291234318,-3962475.576256927,2.42424839999876,0.9399293286219081
1,13,199,6,3369,-3962475.5821056925,-3962475.5714563057,0.010298102645984028,-3962475.5510857236,2.341418399999384,0.9400448861814684
1,13,200,6,3375,-3962475.5821056925,-3962475.5785800614,0.002394179113733063,-3962475.575367946,2.3713429999770597,0.94016
1,13,201,6,3381,-3962475.5821056925,-3961612.925980425,1928.9480973256568,-3957299.6669097412,2.2971322999801487,0.9402746726285531
1,13,202,6,3387,-3962475.5821608678,-3962475.5802408424,0.0017575474290200325,-3962475.5766384937,2.28612889998476,0.9403889065986611
1,13,203,6,3393,-3962475.5821608678,-3962475.579398709,0.002611477152400325,-3962475.5737273134,2.320573200006038,0.9405027044225263
1,13,204,6,3399,-3962475.5821608678,-3962475.5755642676,0.004927167343707989,-3962475.565590637,2.173070999997435,0.9406160685932042
1,13,205,6,3405,-3962475.5821608678,-3962475.5731153027,0.0050116296482982945,-3962475.564903166,2.5564988999976777,0.940729001584786
1,13,206,6,3411,-3962475.5821608678,-3962475.575907009,0.005371869727131427,-3962475.5649390128,2.1900023999914993,0.9408415058525783
1,13,207,6,3417,-3962475.5821608678,-3962475.5717851347,0.011590925693830318,-3962475.5475675315,1.8255856999894604,0.9409535838332808
1,13,208,6,3423,-3962475.5821608678,-3962475.5743171214,0.007378744041547745,-3962475.5627555326,2.409001399995759,0.9410652379451623
1,13,209,6,3429,-3962475.5821608678,-3962475.578577654,0.002241925478727257,-3962475.575351661,2.308196300000418,0.9411764705882353
1,13,210,6,3435,-3962475.5821608678,-3962475.5754168667,0.0034678610686131165,-3962475.571212588,2.096554899995681,0.941287284144427
1,13,211,5,3440,-3962475.5821608678,-3962475.578917054,0.0030748989730137784,-3962475.5733860508,2.1054477999859955,0.9413793103448276
1,13,212,5,3445,-3962475.5821608678,-3962475.562238688,0.022110884030028945,-3962475.5333366413,1.9223823999927845,0.941471048513302
1,13,213,5,3450,-3962475.5821608678,-3962475.57832547,0.003291484934416762,-3962475.5725504253,1.8482694000122137,0.9415625
1,13,214,5,3455,-3962475.5821608678,-3962475.5772534846,0.0030693378173375628,-3962475.573200777,1.738091200008057,0.9416536661466459
1,13,215,5,3460,-3962475.5821608678,-3962475.580462846,0.00220330964879999,-3962475.576098753,2.095207100006519,0.9417445482866044
1,13,216,5,3465,-3962475.5821608678,-3961440.395581634,2070.3641314177676,-3957299.6673188023,2.067352599988226,0.9418351477449456
1,13,217,5,3470,-3962475.5821608678,-3962475.5775015266,0.005276434836025345,-3962475.567144355,2.461052800004836,0.9419254658385093
1,13,218,5,3475,-3962475.5821608678,-3962475.5811133524,0.000508153289512983,-3962475.580599688,1.863364199991338,0.942015503875969
1,13,219,5,3480,-3962475.5821608678,-3962475.5791401775,0.003044336851448732,-3962475.57516478,2.20574810000835,0.9421052631578948
1,13,220,5,3485,-3962475.5821608678,-3962475.5758437766,0.006235505090794725,-3962475.5640231706,2.2904389000032097,0.9421947449768161
1,13,221,5,3490,-3962475.5821608678,-3962475.5776398755,0.002157349076412314,-3962475.5748525783,2.012002500006929,0.942283950617284
1,13,222,5,3495,-3962475.5821608678,-3962475.5789049966,0.002141104839830568,-3962475.5760690495,1.5567331000056583,0.9423728813559322
1,13,223,5,3500,-3962475.5821608678,-3962475.580191417,0.0016680103351171746,-3962475.5775290355,1.9310613000125159,0.9424615384615385
1,13,224,5,3505,-3962475.5821608678,-3962475.576003657,0.006804364630486497,-3962475.5627664085,1.9895619000017177,0.9425499231950845
1,13,225,5,3510,-3962475.5821608678,-3962475.577903987,0.0017748852890587016,-3962475.5757860914,2.1504183000070043,0.942638036809816
1,13,226,5,3515,-3962475.5821608678,-3962475.5731621473,0.011262334044969426,-3962475.552264044,2.295338500000071,0.9427258805513017
1,13,227,5,3520,-3962475.5821608678,-3962475.577451346,0.004089428223705229,-3962475.5697024576,2.0917335000121966,0.9428134556574923
1,13,228,5,3525,-3962475.5821608678,-3962475.5469008414,0.02961090637891874,-3962475.4963282254,1.6746325000131037,0.9429007633587786
1,13,229,5,3530,-3962475.5821608678,-3962475.5787048773,0.002332639537424555,-3962475.575621873,1.9869996999914292,0.9429878048780488
1,13,230,5,3535,-3962475.5821608678,-3962475.578330836,0.0035703229588771373,-3962475.573454134,1.7627514000050724,0.9430745814307459
1,13,231,5,3540,-3962475.5821608678,-3962475.578058716,0.0022024030595845737,-3962475.576100813,1.9584805000049528,0.943161094224924
1,13,232,5,3545,-3962475.5821608678,-3962475.5800515725,0.0023606411783556936,-3962475.5767180957,2.0562547000008635,0.943247344461305
1,13,233,4,3549,-3962475.5821608678,-3962475.57114638,0.010644895914831398,-3962475.5560549516,1.6797079000098165,0.9433161564110336
1,13,234,4,3553,-3962475.5821608678,-3962475.5803327966,0.001487264282810097,-3962475.57794879,1.5971948000078555,0.9433848016954284
1,13,235,4,3557,-3962475.5821608678,-3962475.5804509,0.002165574862053283,-3962475.5767984763,2.071538199990755,0.9434532809192622
1,13,236,4,3561,-3962475.5821608678,-3962475.5812880616,0.001377483407379535,-3962475.578902386,1.8062899000069592,0.9435215946843853
1,13,237,4,3565,-3962475.5821608678,-3962475.5798994196,0.002643131192757805,-3962475.5754344426,1.9401666999910958,0.9435897435897436
1,13,238,4,3569,-3962475.5821764804,-3962475.5803806987,0.002233779248782694,-3962475.5766572393,1.7465591999934986,0.943657728231395
1,13,239,4,3573,-3962475.5821764804,-3962475.579952402,0.0029261552297686747,-3962475.5749642774,1.8051280999789014,0.9437255492025278
1,13,240,4,3577,-3962475.5821764804,-3962475.5812892537,0.0006746649251577837,-3962475.5805621035,1.8818992000014987,0.9437932070934776
1,13,241,4,3581,-3962475.582215622,-3962475.581366767,0.0006784533406203217,-3962475.580610603,2.1976146000088193,0.9438607024917443
1,13,242,4,3585,-3962475.582215622,-3962475.581740926,0.0005965933017437398,-3962475.5807128046,1.9443597000208683,0.943928035982009
1,13,243,4,3589,-3962475.582215622,-3962475.58163033,0.0005455993570400291,-3962475.580692604,1.8400153999973554,0.9439952081461516
1,13,244,4,3593,-3962475.582215622,-3962475.579483706,0.00266918342297806,-3962475.574980527,2.240401400020346,0.9440622195632665
1,13,245,4,3597,-3962475.582215622,-3962475.5819420214,7.056287675277716e-05,-3962475.5818667747,1.5714441000018269,0.9441290708096803
1,14,0,36,36,-959923.3848943543,76011997.88785785,57045169.93265948,232294050.22810853,61.29777149998699,0.35714285714285715
1,14,1,36,72,-1154317.724771373,48096085.53709511,56835244.23619621,240781175.05675688,55.91592080000555,0.3448275862068966
1,14,2,35,107,-2289036.941250967,30487051.71243055,41156189.744558856,152518790.67350012,50.67071700000088,0.3048780487804878
1,14,3,35,142,-2335902.20457666,18591369.8246737,26528583.73359321,107847945.42869031,48.168359299976146,0.28846153846153844
1,14,4,35,177,-3100954.82304609,7325537.336108421,15624693.84705237,64127542.6311782,28.469495800003642,0.31932773109243695
1,14,5,34,211,-3100954.82304609,4817504.715525078,9698619.700623067,39259765.78087819,30.95529450001777,0.362962962962963
1,14,6,34,245,-3108867.0525168497,3177521.8772856486,6318185.854785713,26019237.458939824,28.266222799982643,0.3825503355704698
1,14,7,34,279,-3108867.0525168497,1872287.9511792255,4798944.559894808,21118894.966698263,38.26788200001465,0.39285714285714285
1,14,8,34,313,-3587186.308420237,584907.0622481714,2682003.9575543087,8564976.673066005,28.93047829999705,0.39779005524861877
1,14,9,33,346,-3753361.511797903,2273880.4109108355,6868144.7501008,26546784.010735054,31.810569899971597,0.41414141414141414
1,14,10,33,379,-3753361.511797903,2525069.9765213537,6504840.357370523,23112307.723576527,25.92849479999859,0.43661971830985913
1,14,11,33,412,-3753361.511797903,897380.837805256,4700653.188017395,20506808.337779976,32.7886787999887,0.4723404255319149
1,14,12,32,444,-3753361.511797903,622519.3765687861,4754862.738718991,17611264.355645966,40.57012590000522,0.49612403100775193
1,14,13,32,476,-3753361.511797903,308596.0482882573,4229060.216341286,15917499.986237803,38.853238799987594,0.5124555160142349
1,14,14,32,508,-3753361.511797903,533472.123287295,5330569.180597276,21118894.973198358,36.242147899989504,0.5231788079470199
1,14,15,31,539,-3900653.031915443,-1227417.0362518358,3228998.920689023,11286766.343869016,41.82208750001155,0.5440729483282675
1,14,16,31,570,-3923838.3099882007,252590.72032210333,4512183.338607699,13271989.71038486,37.48648099999991,0.5539772727272727
1,14,17,31,601,-3923838.3099882007,-1087827.1960526018,4042981.383677033,16669376.49202707,34.227731500024674,0.5804749340369393
1,14,18,31,632,-3923838.3099882007,-1989683.4972707399,2366098.00662114,8068282.071887319,41.69169589999365,0.6053921568627451
1,14,19,30,662,-3923838.3099882007,-1896941.748987303,2501170.376698444,7343385.035672403,34.93020020000404,0.6229885057471264
1,14,20,30,692,-3923838.3099882007,-2142095.9937175233,3144163.9891279098,11580850.766949475,35.38333560002502,0.6371490280777538
1,14,21,30,722,-3923838.3099882007,-2488987.7967349025,1571940.8607651342,2374728.616257401,34.33232690001023,0.6551020408163265
1,14,22,30,752,-3923838.3099882007,-1388150.4915101414,5556454.761729975,22085476.053847503,34.577564399980474,0.6698841698841699
1,14,23,29,781,-3956478.128185438,-1417832.875920966,5575775.190831616,24178692.837610632,30.702269300003536,0.6832412523020258
1,14,24,29,810,-3956478.128185438,-2903378.4919960746,2870638.5494425194,11864846.278870154,29.972911400021985,0.6987740805604203
1,14,25,29,839,-3956478.128185438,-3456841.2806125386,563096.3399792969,-1563946.5234670434,35.94358590000775,0.7133333333333334
1,14,26,29,868,-3956478.1281858627,-3320524.335461114,1611370.974565481,4906019.552440744,34.74514330000966,0.7265500794912559
1,14,27,28,896,-3956478.1281858627,-3348891.402044547,1136337.55811645,2034396.4636823628,29.10745599999791,0.7382039573820396
1,14,28,28,924,-3956478.1281858627,-3273329.7980504823,1898911.5909934998,6161782.759435287,27.81862590002129,0.7474452554744525
1,14,29,28,952,-3956478.1281858627,-3638455.389880768,717544.6142764621,-0.061120211536184854,25.73773659998551,0.7570224719101124
1,14,30,28,980,-3956478.1281858627,-3771586.4187092534,316716.1817541574,-2231042.4770482685,26.11045209999429,0.7662162162162162
1,14,31,27,1007,-3956478.1281858627,-2924772.654231399,3010959.8336038003,10551571.215224002,21.73020250000991,0.7744458930899609
1,14,32,27,1034,-3956478.1281858627,-3744172.293820226,557644.6956824049,-930840.1633178368,22.05576459999429,0.7821158690176322
1,14,33,27,1061,-3956478.1281858627,-3833785.7675446887,256506.11624618174,-2583547.7075416334,18.154625600000145,0.7892813641900122
1,14,34,27,1088,-3956478.1281858627,-3862137.9140174664,77938.9174505657,-3592603.844307324,24.35669339998276,0.7959905660377359
1,14,35,26,1114,-3956478.1281858627,-3835871.88912177,305289.0123357467,-2338633.237358507,16.01555969999754,0.8020594965675057
1,14,36,26,1140,-3956478.1281858627,-3881346.1624293867,78190.66771008402,-3623330.6095360313,17.681270099972608,0.8077777777777778
1,14,37,26,1166,-3956478.1281858627,-3889770.771575436,118333.90972915373,-3330805.5743420254,15.816933699999936,0.8131749460043196
1,14,38,26,1192,-3960742.2600770127,-3918258.902653545,37764.321780102975,-3784409.4242801536,18.778390799998306,0.8182773109243697
1,14,39,25,1217,-3960742.2600770127,-3917700.544810089,53305.46202927879,-3688223.375317149,11.868675700010499,0.8229273285568065
1,14,40,25,1242,-3960742.2600770127,-3926996.5864927494,28246.825882481004,-3833134.652834624,16.56517889999668,0.8273453093812375
1,14,41,25,1267,-3960742.2600770127,-3914837.7931424873,87460.14875291467,-3606289.092165632,11.795253799995407,0.8315481986368062
1,14,42,25,1292,-3960742.2600770127,-3936747.5725564677,21981.546782915026,-3865951.534217285,8.333281200000783,0.8355513307984791
1,14,43,25,1317,-3961195.871777253,-3940396.9034865825,21866.330806933507,-3874836.111446526,11.630276000010781,0.8393686165273909
1,14,44,24,1341,-3961700.2903330233,-3945631.177652392,20135.064303701787,-3866256.0071629453,10.438548799982527,0.8428701180744778
1,14,45,24,1365,-3961700.2903330233,-3945712.880768253,12789.284844119955,-3903251.9981240183,12.688977900019381,0.8462222222222222
1,14,46,24,1389,-3962084.646131765,-3946855.891242838,14300.166091927535,-3908773.712213233,11.54511169999023,0.8494342906875544
1,14,47,24,1413,-3962084.646131765,-3953122.6494592368,11441.685475452574,-3907406.7776725274,8.038963600003626,0.8525149190110827
1,14,48,23,1436,-3962084.646131765,-3953564.8881391142,9456.501513546267,-3915673.8099594656,7.630648500024108,0.8553511705685619
1,14,49,23,1459,-3962084.646131765,-3950656.6563210045,12328.370728194099,-3917866.855741577,7.461255200003507,0.8580803937653815
1,14,50,23,1482,-3962084.646131765,-3955474.8793051066,8583.551243627511,-3931378.1540820412,10.994681499985745,0.8607085346215781
1,14,51,23,1505,-3962084.646131765,-3958386.244377254,3978.306874124513,-3947125.7545129806,6.589903999993112,0.8632411067193676
1,14,52,23,1528,-3962084.646131765,-3956659.539539364,6540.7272258552075,-3942812.6716557574,7.100695300003281,0.8656832298136646
1,14,53,22,1550,-3962475.1799614895,-3958711.9229555223,5905.823700593891,-3941705.4631826654,7.083055499999318,0.8679389312977099
1,14,54,22,1572,-3962475.1799614895,-3959821.993787709,3989.479296146633,-3945796.6170439236,6.6399098000256345,0.8701201201201201
1,14,55,22,1594,-3962475.1799614895,-3959857.290392575,4509.539117506269,-3945740.421257239,6.79442989997915,0.8722304283604135
1,14,56,22,1616,-3962475.1799614895,-3959892.658524935,3459.9844604930668,-3947225.3109283336,7.335177400003886,0.8742732558139535
1,14,57,22,1638,-3962475.1799614895,-3961614.553364155,1633.0949185858512,-3954263.907015819,6.445317500008969,0.8762517882689557
1,14,58,21,1659,-3962475.1799614895,-3959311.4805853404,6016.614875426605,-3941393.7916243933,5.8330819999973755,0.8780831571529246
1,14,59,21,1680,-3962475.1799614895,-3959064.297181605,5875.853495843183,-3943391.7446252834,6.5941815999976825,0.8798611111111111
1,14,60,21,1701,-3962475.1799614895,-3957263.4394078352,7235.833270311583,-3944204.2320870273,6.521779100003187,0.8815879534565366
1,14,61,21,1722,-3962475.1799614895,-3958523.144653379,6927.121308480216,-3940633.3906102963,6.1110602999979164,0.8832658569500674
1,14,62,21,1743,-3962475.1799614895,-3960546.7370956056,4837.499450847124,-3945218.294523759,5.937261799990665,0.884896872920825
1,14,63,21,1764,-3962475.1799614895,-3958978.2604309744,6244.341582103029,-3945706.5083099455,5.896543100010604,0.886482939632546
1,14,64,20,1784,-3962475.1799614895,-3959808.252685775,5679.065893961711,-3946122.7196107507,5.852983899996616,0.8879533678756477
1,14,65,20,1804,-3962475.1799614895,-3960592.857179112,5019.854718866047,-3945451.6420327146,5.637888699973701,0.889386189258312
1,14,66,20,1824,-3962475.457696257,-3960825.9029013915,3862.5587573631337,-3945325.0393654127,6.280069100001128,0.8907828282828283
1,14,67,20,1844,-3962475.457696257,-3961241.213319356,3694.223861032541,-3945872.59311036,5.666090700018685,0.89214463840399
1,14,68,20,1864,-3962475.457696257,-3961539.905711635,3548.4846675949548,-3946077.6235712823,5.882626300008269,0.8934729064039408
1,14,69,19,1883,-3962475.457696257,-3962161.142139538,490.34344800064775,-3960516.037134763,5.460476799984463,0.8947048082775411
1,14,70,19,1902,-3962475.457696257,-3961492.0977263656,3670.723426722474,-3945925.1053002737,5.847398799989605,0.8959085439229844
1,14,71,19,1921,-3962475.457696257,-3961276.7287478684,3759.2935797194646,-3946039.7190563027,5.937397600006079,0.8970850684116597
1,14,72,19,1940,-3962475.457696257,-3960412.064176318,5034.338912557373,-3946095.883375557,5.565440300008049,0.898235294117647
1,14,73,19,1959,-3962475.457696257,-3962409.3543024273,70.92365209206669,-3962152.322039729,5.529802900011418,0.8993600930773705
1,14,74,19,1978,-3962475.457696257,-3962379.9879009197,125.54663281996156,-3961988.2428596765,5.206616500014206,0.9004602991944765
1,14,75,18,1996,-3962475.457696257,-3961226.0433479217,3845.730488740798,-3946134.7444573734,5.370102599990787,0.9014806378132119
1,14,76,18,2014,-3962475.457696257,-3961230.914329229,3849.8499420770045,-3946106.246460939,5.230953399994178,0.9024802705749718
1,14,77,18,2032,-3962475.457696257,-3961536.3912903178,3733.0548045040678,-3946145.2188263405,5.0812421000155155,0.9034598214285714
1,14,78,18,2050,-3962475.457696257,-3961548.035368548,3725.9322741284436,-3946186.480859723,5.902406900015194,0.9044198895027624
1,14,79,18,2068,-3962475.457696257,-3962444.8499803576,60.17869917230744,-3962212.8829787932,5.018176100013079,0.9053610503282276
1,14,80,18,2086,-3962475.457696257,-3962457.6729236906,22.24059304521664,-3962402.183030648,5.034903199994005,0.9062838569880823
1,14,81,17,2103,-3962475.457696257,-3961487.8626996297,3839.014650982059,-3946132.5781572275,5.170618200005265,0.9071390230810521
1,14,82,17,2120,-3962475.457696257,-3959941.631869194,5290.670605470084,-3946171.341397723,4.955726299987873,0.9079787234042553
1,14,83,17,2137,-3962475.457696257,-3961498.046600241,3836.5903279082777,-3946152.7623491623,5.119507399998838,0.9088033737480232
1,14,84,17,2154,-3962475.457696257,-3959286.3933534194,6200.620900823034,-3946120.15929717,5.370537500013597,0.9096133751306165
1,14,85,17,2171,-3962475.457696257,-3960224.9339647642,5278.256189022816,-3946144.526943341,5.221658199996455,0.9104091144484723
1,14,86,17,2188,-3962475.457696257,-3960553.119346874,5255.773737456207,-3946157.8611305263,5.458005699998466,0.9111909650924025
1,14,87,17,2205,-3962475.457696257,-3962472.1353311925,4.496808390818421,-3962457.9637309536,4.662342799972976,0.9119592875318067
1,14,88,16,2221,-3962475.457696257,-3962474.5172268082,0.9715833398376509,-3962472.063760735,5.089814500010107,0.9126703685007572
1,14,89,16,2237,-3962475.457696257,-3962473.7284004614,2.84928087959702,-3962462.946414821,4.731071399990469,0.9133700550826239
1,14,90,16,2253,-3962475.457696257,-3962151.0537885716,1250.6593849817225,-3957307.2751973085,4.6339912000112236,0.9140586189766517
1,14,91,16,2269,-3962475.457696257,-3962474.424388475,0.9586500838148827,-3962472.243728036,5.2907377000083216,0.9147363233119763
1,14,92,16,2285,-3962475.457696257,-3962150.9577228515,1252.8620691929825,-3957298.6478725392,5.100463900016621,0.9154034229828851
1,14,93,16,2301,-3962475.561214598,-3962474.975302133,0.6450511390089583,-3962473.1258718353,5.068160900002113,0.9160601649684619
1,14,94,16,2317,-3962475.561214598,-3962474.991538329,0.8302319873865427,-3962471.966298418,5.231817399995634,0.9167067886374579
1,14,95,15,2332,-3962475.561214598,-3961785.3177645775,1758.6176746497258,-3957299.7688750513,4.48667879999266,0.9173040152963671
1,14,96,15,2347,-3962475.561214598,-3961784.6137689264,1759.4681204744077,-3957297.925579721,4.606639300007373,0.9178927384907452
1,14,97,15,2362,-3962475.573058458,-3962474.9943728135,0.5532280599454643,-3962473.520777913,4.216032500000438,0.9184731385485391
1,14,98,15,2377,-3962475.573058458,-3962129.76237226,1290.3824130740425,-3957301.5948900916,4.665780899988022,0.9190453907346747
1,14,99,15,2392,-3962475.573058458,-3962130.0124839693,1291.193973032595,-3957298.807639137,4.640449200000148,0.9196096654275093
1,14,100,15,2407,-3962475.573058458,-3962475.189215006,0.5665997836636799,-3962473.470899638,4.518062399991322,0.9201661282879557
1,14,101,15,2422,-3962475.573058458,-3962475.1138503943,0.608631886522793,-3962473.786296215,4.763164000003599,0.9207149404216315
1,14,102,14,2436,-3962475.573058458,-3962105.319228017,1333.8822407476673,-3957295.938589826,4.320518099993933,0.9212204007285975
1,14,103,14,2450,-3962475.573572656,-3962105.5858101584,1333.2315978846332,-3957298.5512471832,4.326417799980845,0.9217194570135746
1,14,104,14,2464,-3962475.575864274,-3962475.3558064993,0.3478878034870032,-3962474.3197466433,4.313538899994455,0.9222122302158273
1,14,105,14,2478,-3962475.575864274,-3962475.277538932,0.4765071022942561,-3962473.7463782877,4.127986999985296,0.9226988382484361
1,14,106,14,2492,-3962475.575864274,-3962475.408702999,0.3416275825138337,-3962474.2452601697,4.287411700002849,0.9231793960923623
1,14,107,14,2506,-3962475.575864274,-3962475.4492408526,0.19397261606058422,-3962474.8581644576,4.125317300000461,0.9236540158870256
1,14,108,14,2520,-3962475.575864274,-3962475.30852821,0.49944798210607594,-3962474.0600961875,4.377040000021225,0.9241228070175439
1,14,109,14,2534,-3962475.575864274,-3962475.464080869,0.16729267900235287,-3962475.0573521666,4.227385700010927,0.9245858761987794
1,14,110,13,2547,-3962475.577146042,-3962077.1429008935,1379.4564019978598,-3957298.565874301,4.116988999972818,0.9250108365843086
1,14,111,13,2560,-3962475.577146042,-3962475.440109903,0.20266821830510962,-3962474.8227040824,4.089455000008456,0.9254310344827587
1,14,112,13,2573,-3962475.577146042,-3962475.4080227027,0.2629367390460407,-3962474.5599969197,4.112043100001756,0.9258465495070725
1,14,113,13,2586,-3962475.577146042,-3962077.0625358704,1379.538373507092,-3957298.20177144,4.346278999990318,0.9262574595055414
1,14,114,13,2599,-3962475.578013055,-3962475.502842742,0.12144509666973388,-3962475.177891791,4.249421799991978,0.9266638406104282
1,14,115,13,2612,-3962475.578013055,-3962475.499924368,0.09966055536025553,-3962475.3174604885,3.9290305000031367,0.9270657672849916
1,14,116,13,2625,-3962475.578013055,-3962475.524921884,0.07726670626352723,-3962475.2972581703,4.008940100000473,0.9274633123689727
1,14,117,13,2638,-3962475.5790063646,-3962475.5450812015,0.05126076532601343,-3962475.4286320973,4.142805700015742,0.9278565471226021
1,14,118,13,2651,-3962475.5790063646,-3962475.5333952573,0.055264931108739326,-3962475.396483954,4.170840299979318,0.9282455412691829
1,14,119,12,2663,-3962475.5790063646,-3962475.5343506318,0.07194087793996717,-3962475.3260120284,3.690061900008004,0.9286009079653322
1,14,120,12,2675,-3962475.5790063646,-3962475.563774834,0.019717801087169685,-3962475.5172672365,3.498007799993502,0.928952772073922
1,14,121,12,2687,-3962475.5790063646,-3962475.5385343484,0.06482287052283031,-3962475.376109181,3.826091599999927,0.9293011851246424
1,14,122,12,2699,-3962475.579270171,-3962475.5662785266,0.02328901880653595,-3962475.491251407,3.934589499986032,0.9296461976413176
1,14,123,12,2711,-3962475.580798954,-3962475.567622708,0.012709790914865847,-3962475.5394916274,4.115863499988336,0.9299878591663294
1,14,124,12,2723,-3962475.580798954,-3962475.569275677,0.01320216732420244,-3962475.5272446014,3.7523057000071276,0.9303262182843335
1,14,125,12,2735,-3962475.5810264423,-3962475.5388701614,0.0646234442479722,-3962475.3603985235,3.8759514999983367,0.9306613226452906
1,14,126,12,2747,-3962475.5810264423,-3962475.569350014,0.0082514861461434,-3962475.551693799,3.9520337999856565,0.9309932189868368
1,14,127,12,2759,-3962475.5810264423,-3962475.565186303,0.026225083481536262,-3962475.481011145,3.8148896000056993,0.9313219531560143
1,14,128,11,2770,-3962475.5810264423,-3962475.5551766795,0.03560226214779382,-3962475.4593441132,3.5327124999894295,0.9316205533596837
1,14,129,11,2781,-3962475.5810264423,-3962475.552618295,0.0444676805546518,-3962475.4327223767,3.3815748000051826,0.9319165682802046
1,14,130,11,2792,-3962475.5810264423,-3962475.5533491317,0.03870220597837478,-3962475.452940272,4.199195499997586,0.9322100313479624
1,14,131,11,2803,-3962475.5810264423,-3962475.57651505,0.0029679988547353544,-3962475.570286628,3.176695300004212,0.9325009754194303
1,14,132,11,2814,-3962475.5810264423,-3962475.5662069605,0.023477242686350375,-3962475.496685311,3.801056800002698,0.9327894327894328
1,14,133,11,2825,-3962475.5810264423,-3962475.5735893724,0.010575564916409453,-3962475.541553067,3.354492999991635,0.9330754352030948
1,14,134,11,2836,-3962475.5810752865,-3962475.5744834137,0.00434786151711215,-3962475.565293994,3.9855736999888904,0.9333590138674884
1,14,135,11,2847,-3962475.5810752865,-3962475.5734567423,0.004980729149385343,-3962475.56147087,3.193575699988287,0.9336401994629843
1,14,136,11,2858,-3962475.5810752865,-3962475.5696947426,0.009351703693533584,-3962475.547567075,4.039352299994789,0.9339190221543163
1,14,137,11,2869,-3962475.5810752865,-3962475.575043578,0.0035857809350024177,-3962475.5682630986,3.6123281000182033,0.9341955116013694
1,14,138,10,2879,-3962475.5811170246,-3962475.5766143897,0.0030849714451222417,-3962475.5709217656,2.998972800007323,0.9344448654793482
1,14,139,10,2889,-3962475.5811170246,-3962475.5746513368,0.004575325616221087,-3962475.567225581,2.7817143999855034,0.9346923367308418
1,14,140,10,2899,-3962475.5811170246,-3962475.5757883214,0.010468674797383101,-3962475.544564482,3.3428577999875415,0.9349379465964648
1,14,141,10,2909,-3962475.5811170246,-3962475.5761644333,0.005142278524736777,-3962475.565950578,3.7587846999813337,0.9351817159985013
1,14,142,10,2919,-3962475.581530193,-3962475.5743212113,0.005930492818376229,-3962475.5620317347,3.6635504000005312,0.9354236655468459
1,14,143,10,2929,-3962475.581530193,-3962475.5690673226,0.025463891379812646,-3962475.4942889307,3.630508900008863,0.9356638155448121
1,14,144,10,2939,-3962475.581530193,-3962475.568275541,0.01149974802992138,-3962475.547007188,2.86799559998326,0.9359021859948129
1,14,145,10,2949,-3962475.581530193,-3962475.5745183425,0.009905691530115392,-3962475.549669288,3.210846899979515,0.9361387966039129
1,14,146,10,2959,-3962475.581530193,-3962475.565718688,0.03692181452251388,-3962475.4552291054,3.1404435000149533,0.9363736667892607
1,14,147,10,2969,-3962475.581530193,-3962475.5708894595,0.010483794517380827,-3962475.5449599847,3.185303100006422,0.9366068156834005
1,14,148,10,2979,-3962475.581530193,-3962475.5756493034,0.010131280538285289,-3962475.5460744277,3.0942604999872856,0.936838262139467
1,14,149,10,2989,-3962475.581530193,-3962475.5757049196,0.008230340610698652,-3962475.554098949,3.4031035999942105,0.9370680247362677
1,14,150,9,2998,-3962475.581530193,-3962475.577992188,0.004073811156360331,-3962475.5670762323,3.1455274999898393,0.9372733865119652
1,14,151,9,3007,-3962475.581546657,-3962475.5788564254,0.0040520814113326545,-3962475.568206316,2.9370572000043467,0.9374774123599566
1,14,152,9,3016,-3962475.581546657,-3962475.56526414,0.03941875337808474,-3962475.453872297,3.173423100000946,0.9376801152737753
1,14,153,9,3025,-3962475.581546657,-3962475.5767087024,0.0037279130724126542,-3962475.570563007,3.2928842999972403,0.9378815080789946
1,14,154,9,3034,-3962475.581546657,-3962475.5792405,0.0017146995832744386,-3962475.576865431,2.9501841999881435,0.9380816034359342
1,14,155,9,3043,-3962475.581546657,-3962475.5790376556,0.001557103681996751,-3962475.5769409444,2.876087800017558,0.9382804138423118
1,14,156,9,3052,-3962475.581546657,-3962475.572194191,0.013982822365915753,-3962475.544636609,3.172950199979823,0.9384779516358464
1,14,157,9,3061,-3962475.581546657,-3962475.577412663,0.005436847473210692,-3962475.562715344,2.867688400001498,0.9386742289968096
1,14,158,9,3070,-3962475.581546657,-3962475.579854546,0.0014315433278247927,-3962475.577509947,2.9907858000078704,0.93886925795053
1,14,159,9,3079,-3962475.581546657,-3962475.5649404475,0.043723570556148963,-3962475.4413227215,3.7530284999811556,0.9390630503698485
1,14,160,9,3088,-3962475.581546657,-3962475.57696328,0.00961092212036432,-3962475.550086653,3.214157399983378,0.9392556179775281
1,14,161,9,3097,-3962475.581546657,-3962475.575736033,0.01056402762743133,-3962475.546190355,3.168158799991943,0.9394469723486174
1,14,162,8,3105,-3962475.581546657,-3962475.5804768447,0.0015595052323685897,-3962475.5765340813,2.600523700006306,0.9396160558464224
1,14,163,8,3113,-3962475.581546657,-3962475.580766337,0.000843011629178343,-3962475.578913633,2.590976800012868,0.9397841977027498
1,14,164,8,3121,-3962475.581546657,-3962475.5791028654,0.0037203337368684206,-3962475.5695501138,2.6197946000029333,0.9399514057618882
1,14,165,8,3129,-3962475.581546657,-3962475.580506464,0.001270571820393676,-3962475.5783030745,2.524834500014549,0.9401176877812392
1,14,166,8,3137,-3962475.581546657,-3962475.580783411,0.0010470295334343194,-3962475.5783383437,2.4301888000045437,0.9402830514325164
1,14,167,8,3145,-3962475.581546657,-3962475.5784499478,0.0033316068241078622,-3962475.57139075,2.8184614999918267,0.940447504302926
1,14,168,8,3153,-3962475.581546657,-3962475.5806834567,0.0013049394337828753,-3962475.577320803,2.290895200014347,0.9406110538963268
1,14,169,8,3161,-3962475.581563752,-3962475.5802744264,0.001865680334749462,-3962475.576280875,2.6286036999954376,0.9407737076343717
1,14,170,8,3169,-3962475.581563752,-3962475.577013749,0.009538279566741689,-3962475.552021969,2.3987804999924265,0.9409354728576306
1,14,171,8,3177,-3962475.581563752,-3962475.5808048397,0.0010862883314870131,-3962475.5781734884,2.555592799995793,0.9410963568266939
1,14,172,8,3185,-3962475.581563752,-3962475.576349532,0.00825508641703051,-3962475.5595977083,2.601704900007462,0.9412563667232597
1,14,173,8,3193,-3962475.581563752,-3962475.5812338735,0.0004237948679195557,-3962475.5801270735,2.6696005999983754,0.9414155096512021
1,14,174,8,3201,-3962475.581563752,-3962475.5802603983,0.0013372297929933254,-3962475.578039998,2.583657499984838,0.9415737926376224
1,14,175,8,3209,-3962475.581563752,-3962475.5811732933,0.000509160725687957,-3962475.5801039785,2.6010075000231154,0.9417312226338834
1,14,176,7,3216,-3962475.581563752,-3962475.580998969,0.0008075775858316276,-3962475.5790439583,2.6971643999859225,0.9418682795698925
1,14,177,7,3223,-3962475.581563752,-3962475.5811869684,0.000586198207670679,-3962475.579756636,2.3984242999868,0.942004693261817
1,14,178,7,3230,-3962475.581563752,-3962475.581290148,0.0002955882099682193,-3962475.580594247,2.450383799994597,0.9421404682274247
1,14,179,7,3237,-3962475.581563752,-3962475.5809523547,0.0010501460737865705,-3962475.5783929303,2.5376624999917112,0.9422756089422756
1,14,180,7,3244,-3962475.581563752,-3962475.581380575,7.939118722296991e-05,-3962475.581257701,2.518786499975249,0.9424101198402131
1,14,181,7,3251,-3962475.581563752,-3962475.581114445,0.000715500860906563,-3962475.579372095,2.4597929000156,0.9425440053138492
1,14,182,7,3258,-3962475.581563752,-3962475.581246529,0.0003755363589413961,-3962475.580358509,2.8634206000133418,0.9426772697150431
1,14,183,7,3265,-3962475.581563752,-3962475.5813048533,0.00023263074693644084,-3962475.5807893183,2.3520787000015844,0.9428099173553719
1,14,184,7,3272,-3962475.581563752,-3962475.581317482,0.000264415789681594,-3962475.580691943,2.4326277999789454,0.9429419525065963
1,14,185,7,3279,-3962475.5815724377,-3962475.5814719913,6.481215385920187e-05,-3962475.581355775,2.7052492999937385,0.9430733794011188
1,14,186,7,3286,-3962475.5815724377,-3962475.581485064,2.8599178900879206e-05,-3962475.58144203,2.8648378000070807,0.943204202232436
1,14,187,7,3293,-3962475.5815941617,-3962475.5814709356,8.593519264335108e-05,-3962475.581315838,2.2700331000087317,0.9433344251555846
1,14,188,7,3300,-3962475.5815941617,-3962475.581379884,5.985348576657203e-05,-3962475.5812931433,2.4128021000069566,0.9434640522875817
1,14,189,7,3307,-3962475.5815941617,-3962475.5813234756,0.0003057232033531472,-3962475.5805835985,2.4371968999912497,0.9435930877078579
1,14,190,7,3314,-3962475.5815941617,-3962475.581424666,6.935363703569756e-05,-3962475.5813530833,2.9303370999987237,0.9437215354586858
1,14,191,7,3321,-3962475.5815941617,-3962475.58150675,5.334350508206398e-05,-3962475.5814063083,2.3723296000098344,0.9438493995456021
1,14,192,6,3327,-3962475.5815941617,-3962475.581471406,6.448944281781831e-05,-3962475.5814000107,2.2335403000179213,0.9439585357952704
1,14,193,6,3333,-3962475.5815941617,-3962475.581449214,5.068900725538556e-05,-3962475.581371907,2.2099056000006385,0.9440672486259295
1,14,194,6,3339,-3962475.5815941617,-3962475.5814117026,0.00011597061363624951,-3962475.58120222,2.355330499995034,0.9441755404969345
1,14,195,6,3345,-3962475.5815941617,-3962475.581497339,7.617275707673136e-05,-3962475.581336092,2.510787800012622,0.9442834138486312
1,14,196,6,3351,-3962475.5815941617,-3962475.5813151575,9.075439202304211e-05,-3962475.5811803956,1.9972110000089742,0.9443908711025394
1,14,197,6,3357,-3962475.5815941617,-3962475.581387075,9.646140362576238e-05,-3962475.581208762,2.2607158000173513,0.9444979146615335
1,14,198,6,3363,-3962475.5815941617,-3962475.5813609925,8.343547107407675e-05,-3962475.5812864956,2.108281099994201,0.9446045469100224
1,14,199,6,3369,-3962475.5815941617,-3962475.581482284,6.552847635952917e-05,-3962475.58140642,2.115777499973774,0.944710770214126
1,14,200,6,3375,-3962475.5815941617,-3962475.5813814066,0.00010344789804916242,-3962475.5812062547,2.078752599976724,0.9448165869218501
1,14,201,6,3381,-3962475.5815941617,-3962475.5813608156,0.00010705276386902565,-3962475.5812294185,2.8179676000145264,0.9449219993632602
1,14,202,6,3387,-3962475.5815941617,-3962475.581390577,0.00010766363906085946,-3962475.5812687315,1.8949987999803852,0.9450270098506515
1,14,203,6,3393,-3962475.5815941617,-3962475.5814632536,8.272276983241704e-05,-3962475.5813257527,2.174345799983712,0.9451316206787187
1,14,204,6,3399,-3962475.5815941617,-3962475.5814267476,8.986557526415065e-05,-3962475.581309324,2.0777630000084173,0.945235834124723
1,14,205,6,3405,-3962475.5815941617,-3962475.5814557313,7.872221133360213e-05,-3962475.581358811,2.2865416000131518,0.9453396524486571
1,14,206,6,3411,-3962475.5815941617,-3962475.581417773,4.88785223419779e-05,-3962475.5813302863,2.3477168999961577,0.945443077893409
1,14,207,6,3417,-3962475.5815941617,-3962475.5812484976,0.00046669514382549415,-3962475.5802162476,2.662683599977754,0.9455461126849228
1,14,208,6,3423,-3962475.5815941617,-3962475.5811687037,0.0005648095096197716,-3962475.5799154527,1.7729932999936864,0.9456487590323595
1,14,209,6,3429,-3962475.5815941617,-3962475.581429793,7.504591891786149e-05,-3962475.5813527163,2.1125567999843042,0.9457510191282533
1,14,210,6,3435,-3962475.5815941617,-3962475.581406133,0.00013915717630176293,-3962475.5811840966,2.096928300015861,0.9458528951486698
1,14,211,5,3440,-3962475.5815941617,-3962475.5814003376,4.0251272602577296e-05,-3962475.5813598726,1.8813550000195391,0.9459375
1,14,212,5,3445,-3962475.5815941617,-3962475.5813754303,6.430772536175159e-05,-3962475.5813032053,2.3666589000204112,0.946021840873635
1,14,213,5,3450,-3962475.5815941617,-3962475.5814680653,5.4281816991928575e-05,-3962475.5813968964,1.9646075000055134,0.9461059190031152
1,14,214,5,3455,-3962475.5815941617,-3962475.581466046,6.520745529856742e-05,-3962475.5813439395,2.080900400003884,0.946189735614308
1,14,215,5,3460,-3962475.5815941617,-3962475.5813791044,0.00018467022386578166,-3962475.5810439363,1.9189168000011705,0.9462732919254658
1,14,216,5,3465,-3962475.5815941617,-3962475.5812636465,0.00011913247407156011,-3962475.5810360014,1.513348300009966,0.9463565891472868
1,14,217,5,3470,-3962475.5815941617,-3962475.581458929,7.072837683881698e-05,-3962475.581381444,1.9600014000025112,0.9464396284829721
1,14,218,5,3475,-3962475.5815941617,-3962475.5812743194,0.0002473234304382294,-3962475.580793733,2.1277641000051517,0.9465224111282844
1,14,219,5,3480,-3962475.5815941617,-3962475.581354006,0.00017239833383189964,-3962475.581021445,2.294003299990436,0.946604938271605
1,14,220,5,3485,-3962475.5815941617,-3962475.581401071,9.496255841747516e-05,-3962475.581249412,2.500829299999168,0.9466872110939908
1,14,221,5,3490,-3962475.5815941617,-3962475.581259997,0.00024844688416098833,-3962475.5807746295,1.9543305999832228,0.9467692307692308
1,14,222,5,3495,-3962475.5815941617,-3962475.5814160407,6.000001820458547e-05,-3962475.5813004673,2.1619980999967083,0.9468509984639016
1,14,223,5,3500,-3962475.5815941617,-3962475.581406966,0.00010361003734679823,-3962475.581254266,2.1347100000130013,0.9469325153374233
1,14,224,5,3505,-3962475.5815941617,-3962475.581436002,8.791805220015394e-05,-3962475.5812814794,1.8168398000125308,0.9470137825421133
1,14,225,5,3510,-3962475.5815941617,-3962475.581411965,0.0001491018669200874,-3962475.581117803,1.7998505999858025,0.9470948012232416
1,14,226,5,3515,-3962475.5815941617,-3962475.5813798807,4.686255731384343e-05,-3962475.5813100506,2.268140499974834,0.947175572519084
1,14,227,5,3520,-3962475.5815941617,-3962475.581419459,5.9519473116332336e-05,-3962475.581348177,1.8544082999869715,0.9472560975609756
1,14,228,5,3525,-3962475.5815941617,-3962475.5813304097,0.00017271156262499147,-3962475.5809940547,2.1742901999969035,0.9473363774733637
1,14,229,5,3530,-3962475.5815941617,-3962475.5814543115,8.75605389406204e-05,-3962475.5813197605,1.80811429998721,0.9474164133738602
1,14,230,5,3535,-3962475.5815941617,-3962475.5814812235,5.058822695728232e-05,-3962475.581383435,2.1404962000087835,0.9474962063732929
1,14,231,5,3540,-3962475.5815941617,-3962475.5814164863,7.007864314328788e-05,-3962475.581319915,2.3007999999972526,0.9475757575757576
1,14,232,5,3545,-3962475.5815941617,-3962475.581378317,9.266229476554363e-05,-3962475.581289375,2.277983600011794,0.9476550680786687
1,14,233,4,3549,-3962475.5815941617,-3962475.58138502,0.00012453715272877893,-3962475.58119867,1.9301076999981888,0.947718343910547
1,14,234,4,3553,-3962475.5815941617,-3962475.5814367705,3.0364483087501926e-05,-3962475.5814048722,1.7309359000064433,0.9477814669483852
1,14,235,4,3557,-3962475.5815941617,-3962475.5813418217,0.00012889159926874347,-3962475.581163006,2.0459635000152048,0.9478444377449503
1,14,236,4,3561,-3962475.5815941617,-3962475.581365122,9.91816714763653e-05,-3962475.5812224653,2.2252556999737862,0.9479072568503463
1,14,237,4,3565,-3962475.5815941617,-3962475.5815226506,4.072100880893011e-05,-3962475.5814772192,2.078575300023658,0.9479699248120301
1,14,238,4,3569,-3962475.5815941617,-3962475.5807829895,0.0011540499307673136,-3962475.57878601,2.1429039999784436,0.9480324421748273
1,14,239,4,3573,-3962475.5815941617,-3962475.5814362797,5.8504421966304205e-05,-3962475.581370728,2.341589500021655,0.948094809480948
1,14,240,4,3577,-3962475.5815941617,-3962475.581490686,3.471418583253516e-05,-3962475.5814326555,1.6377807999961078,0.948157027270003
1,14,241,4,3581,-3962475.5815941617,-3962475.5814043647,0.00014326951644737964,-3962475.581170857,1.7157154000014998,0.9482190960790182
1,14,242,4,3585,-3962475.5815941617,-3962475.5813519848,0.00011950666303441313,-3962475.5812081564,1.5109345000237226,0.9482810164424514
1,14,243,4,3589,-3962475.5815941617,-3962475.5814450374,8.013613388343164e-05,-3962475.5813734178,2.1070056000025943,0.9483427888922066
1,14,244,4,3593,-3962475.5815941617,-3962475.581502545,6.53102086219705e-05,-3962475.58140691,1.7577649000159,0.9484044139576498
1,14,245,4,3597,-3962475.5815941617,-3962475.581380281,0.00014351303038371308,-3962475.5811677612,1.9592840999830514,0.948465892165624
1,15,0,36,36,2945435.451418653,72017396.70032452,48596407.85351327,171684636.89734048,67.64283250001608,0.32142857142857145
1,15,1,36,72,336634.6710550487,50948391.27459696,45221574.26002978,215908028.8432287,63.732990199991036,0.2711864406779661
1,15,2,35,107,-1111315.2392287198,27726294.02121769,31170893.33821189,119275171.26553893,53.49232990000746,0.27906976744186046
1,15,3,35,142,-3076174.6041250024,16408435.4581076,22532250.30456233,107068210.43585412,42.83393220001017,0.3119266055045872
1,15,4,35,177,-3076174.6041250024,16276860.452360395,29024401.277929023,151727705.33496016,37.42536110000219,0.3228346456692913
1,15,5,34,211,-3076174.6041250024,5975253.929480826,9444467.366115492,42278949.86544433,30.86043790000258,0.3191489361702128
1,15,6,34,245,-3377970.9304922335,4127669.5247889566,12966830.994851239,70269794.44581151,34.49066569999559,0.3584905660377358
1,15,7,34,279,-3449206.830125533,1743788.141393043,5970839.641062904,25708705.22431031,26.00675259999116,0.37209302325581395
1,15,8,34,313,-3502381.6369084083,605905.1847391254,3658794.0491571813,13341476.546353435,33.06718949999777,0.39473684210526316
1,15,9,33,346,-3546167.6630756855,304911.4882868443,5278233.176177989,26991812.603311975,38.50374829999055,0.4218009478672986
1,15,10,33,379,-3637078.1389159113,-658103.9398138578,2933371.066855757,9030700.077326875,43.96406460000435,0.43829787234042555
1,15,11,33,412,-3760453.1090232953,1054958.7004722713,5773496.994616359,18836149.8874091,37.07552809998742,0.4573643410852713
1,15,12,32,444,-3760453.1090232953,-452029.97849878966,3746444.287449959,15207536.840848943,40.62372010000399,0.4858156028368794
1,15,13,32,476,-3892373.0615648013,-1129782.58323691,3548766.578903059,12052444.265833931,41.41401809998206,0.5193548387096775
1,15,14,32,508,-3934949.0431529507,-741256.7447888984,4766954.171849886,16925463.110353302,37.00448239999241,0.5446428571428571
1,15,15,31,539,-3934949.0431529507,-1063669.7743331129,4500479.937235464,17367792.49039347,40.23101889999816,0.5698630136986301
1,15,16,31,570,-3934949.0431529507,-1281900.7903031139,4218022.105319081,15418546.563765373,35.7157048000081,0.5989847715736041
1,15,17,31,601,-3934949.0431529507,-1277788.394765714,4165973.0762023716,13209169.598946119,37.75105540000368,0.6208530805687204
1,15,18,31,632,-3934949.0431529507,-1285523.4149909548,4608150.2135867495,15400933.43720234,31.093492499989225,0.6415929203539823
1,15,19,30,662,-3951125.803139724,-3421241.1645886344,730351.3207699151,-404597.80109996535,33.289443299989216,0.6639004149377593
1,15,20,30,692,-3951125.803139724,-3152250.2161664315,1512975.1961912322,1931672.5950902533,34.71268090000376,0.6796875
1,15,21,30,722,-3951125.803139724,-3647829.843594122,434487.74169955536,-1788584.1391133443,31.46495560000767,0.6937269372693727
1,15,22,30,752,-3951125.803139724,-3396042.4212938333,1341427.2358547172,3035870.7402166,30.243034300016006,0.7097902097902098
1,15,23,29,781,-3951125.803139724,-3676199.2174914926,546210.5304648058,-950662.1910965741,27.159690300002694,0.7204658901830283
1,15,24,29,810,-3952115.1265907045,-3592099.3904120815,976140.058987313,1333762.8366326336,19.99954479999724,0.7333333333333333
1,15,25,29,839,-3952115.1265907045,-3845687.6587437876,197063.26290304112,-2844706.8459556513,18.081370500003686,0.7450682852807283
1,15,26,29,868,-3955465.2173677925,-3837818.260688687,257548.03920670334,-2513836.998766776,11.675899599998957,0.7558139534883721
1,15,27,28,896,-3955465.2173677925,-3588014.3862812063,1539476.6152340053,4399297.98297969,12.437204900023062,0.7653631284916201
1,15,28,28,924,-3955465.2173677925,-3906569.9366853577,46627.55622081628,-3728395.9062833115,14.18934270000318,0.7741935483870968
1,15,29,28,952,-3955465.2173677925,-3914108.7960993596,30956.65812730086,-3854124.3894299436,14.009290100017097,0.7823834196891192
1,15,30,28,980,-3955465.217416832,-3923946.2413782114,38401.45510559913,-3800671.380355401,9.232400700013386,0.79
1,15,31,27,1007,-3955465.217416832,-3918490.2887147623,93607.49347136225,-3454759.352152122,7.955604799994035,0.7968561064087062
1,15,32,27,1034,-3955465.217416832,-3930022.335121595,27169.820032069652,-3826237.5771494824,7.92164220000268,0.8032786885245902
1,15,33,27,1061,-3956472.018715959,-3939802.5992082236,15714.549730751865,-3888209.0848654956,8.781759600009536,0.8093076049943246
1,15,34,27,1088,-3956472.018715959,-3946162.260910915,10454.951027516863,-3916035.6422381215,7.5321533999813255,0.8149779735682819
1,15,35,26,1114,-3956815.008799061,-3943958.615661886,13421.854230642417,-3886280.8937137835,7.924226000002818,0.8201284796573876
1,15,36,26,1140,-3956934.4291480836,-3945702.242089263,11116.117953070727,-3909529.280627951,7.606771000020672,0.825
1,15,37,26,1166,-3956934.4291480836,-3944943.32944845,13909.770308447927,-3892673.5441343077,7.538710799999535,0.8296146044624746
1,15,38,26,1192,-3956934.4291480836,-3948331.8515511835,8827.114575776866,-3924717.136448901,7.813792000000831,0.83399209486166
1,15,39,25,1217,-3956934.4291480836,-3948974.9198478637,9097.791603997512,-3918784.256821394,7.5869129000057,0.8379942140790743
1,15,40,25,1242,-3956934.4291480836,-3949779.667305609,7216.264055701758,-3929106.9837206043,7.338780499994755,0.8418079096045198
1,15,41,25,1267,-3957422.1710295547,-3954117.511560269,3672.973298639934,-3938454.116602732,6.697063100000378,0.8454461821527139
1,15,42,25,1292,-3957422.1710295547,-3952884.6879233853,6934.593304539035,-3921961.2382480726,7.477828400005819,0.8489208633093526
1,15,43,25,1317,-3957422.1710295547,-3953847.672379275,4468.576251480383,-3939598.4869318306,7.093103200022597,0.8522427440633246
1,15,44,24,1341,-3957422.1710295547,-3953768.430623267,7277.595588768665,-3924287.484992223,6.584228699997766,0.8552971576227391
1,15,45,24,1365,-3957422.1710295547,-3956131.1009113975,1324.191464828352,-3951568.6920664404,6.871381500008283,0.8582278481012658
1,15,46,24,1389,-3957422.1710295547,-3956165.621024972,1819.2058991844574,-3948190.627485901,7.4187013000191655,0.8610421836228288
1,15,47,24,1413,-3957422.1710295547,-3955422.507091876,2710.5239210587515,-3945248.324783355,7.222759399999632,0.8637469586374696
1,15,48,23,1436,-3957422.1710295547,-3956541.914349087,1156.9893872930877,-3952839.819908038,7.453544999996666,0.8662420382165605
1,15,49,23,1459,-3957422.1710295547,-3955309.250861542,4198.887221847132,-3938797.7252008133,6.497352799982764,0.8686473807662236
1,15,50,23,1482,-3957422.1710295547,-3956202.6271888893,3366.4318820001317,-3940717.9375703614,7.144740899995668,0.8709677419354839
1,15,51,23,1505,-3957422.1710295547,-3956978.797261597,660.2853521965316,-3954078.1723635662,6.933884500002023,0.8732075471698113
1,15,52,23,1528,-3957431.9532456156,-3956971.9220007355,814.3335078143258,-3953437.3801914863,6.751945099997101,0.8753709198813057
1,15,53,22,1550,-3957431.9532456156,-3956401.0363993202,3340.2303194795154,-3941157.4742100947,6.179988299991237,0.8773722627737226
1,15,54,22,1572,-3957431.9532456156,-3957232.656184725,247.47528358767747,-3956305.6571654174,6.704915600013919,0.8793103448275862
1,15,55,22,1594,-3957431.9532456156,-3957071.1757819625,293.06862834784005,-3956359.735130567,6.8480191999988165,0.8811881188118812
1,15,56,22,1616,-3957431.9532456156,-3957083.2265713066,537.5421601045232,-3955105.289668413,6.5781012999941595,0.883008356545961
1,15,57,22,1638,-3957431.9532456156,-3957103.613893472,672.3401833703094,-3954134.7732224204,6.989142100006575,0.8847736625514403
1,15,58,21,1659,-3957431.9532570057,-3956971.4386765235,887.3563607502053,-3953591.311903706,6.4376304000034,0.8864097363083164
1,15,59,21,1680,-3957431.9532570057,-3957137.0379268825,925.5441319528901,-3953014.2076110337,5.9421911999816075,0.888
1,15,60,21,1701,-3957431.9532570057,-3957336.0323237577,154.91286371479222,-3956687.51001437,6.732788699999219,0.8895463510848126
1,15,61,21,1722,-3957431.9532570057,-3957376.4938630364,71.81741560723404,-3957108.923455322,6.35221859999001,0.8910505836575876
1,15,62,21,1743,-3957431.9620053265,-3956924.89857887,1411.1803707408042,-3950939.649979923,6.2945430999970995,0.8925143953934741
1,15,63,21,1764,-3957431.9620053265,-3956948.8256649105,1578.5914980866785,-3949954.756079415,6.2555289000156336,0.8939393939393939
1,15,64,20,1784,-3957433.1008934937,-3957059.308186398,1389.5132742738958,-3951009.671352951,6.592287100007525,0.8952618453865336
1,15,65,20,1804,-3957434.074221721,-3957402.973433892,37.256155243753,-3957263.8577722386,6.298845699988306,0.896551724137931
1,15,66,20,1824,-3957435.2835528515,-3957340.168168546,281.4238305596171,-3956127.4362534694,5.716633699979866,0.8978102189781022
1,15,67,20,1844,-3957435.2835657597,-3957391.6827600463,51.166375057342336,-3957260.158184873,5.867427299992414,0.8990384615384616
1,15,68,20,1864,-3962151.7804416046,-3957491.713207747,1223.4964366177946,-3954662.7391909715,6.609924799995497,0.9002375296912114
1,15,69,19,1883,-3962220.5866055004,-3958405.6081965556,1935.028189607035,-3957331.044360429,11.737452900008066,0.9013505578391074
1,15,70,19,1902,-3962232.202666521,-3959916.949581394,2372.908103221947,-3957352.5549177304,9.529599999979837,0.9024390243902439
1,15,71,19,1921,-3962385.9189139567,-3960962.2608146826,2127.5511318976505,-3957370.0397428833,6.033609200007049,0.903503733486502
1,15,72,19,1940,-3962421.6694589816,-3960072.0821176185,4995.4897428869535,-3946189.9773301687,8.459330700017745,0.9045454545454545
1,15,73,19,1959,-3962421.6694589816,-3954983.269335633,7673.355516463327,-3945968.221851824,13.373143999982858,0.9055649241146712
1,15,74,19,1978,-3962421.6694589816,-3950883.3156406777,24318.866045295435,-3852251.762642881,11.342877199989744,0.9065628476084538
1,15,75,18,1996,-3962421.6694589816,-3956955.051955523,7586.388026723032,-3946079.1819297075,5.001990699995076,0.9074889867841409
1,15,76,18,2014,-3962449.2828780618,-3961419.22334264,3641.139174506717,-3946410.192909753,5.083378699986497,0.9083969465648855
1,15,77,18,2032,-3962462.7288302816,-3957924.0327835614,7108.529442404042,-3946365.63946072,5.521408100001281,0.9092872570194385
1,15,78,18,2050,-3962464.80047665,-3958500.273105478,6605.061608482006,-3946240.7355852146,10.859050400002161,0.9101604278074866
1,15,79,18,2068,-3962473.5932983123,-3956998.35092317,7638.898182994011,-3946035.697047334,4.550539200019557,0.9110169491525424
1,15,80,18,2086,-3962473.5932983123,-3962108.0192586,1176.6827527243825,-3957265.05885846,5.129552800004603,0.9118572927597062
1,15,81,17,2103,-3962473.5932983123,-3962374.1322993767,119.93024050086132,-3962019.4021238293,5.723129600024549,0.9126365054602185
1,15,82,17,2120,-3962473.5932983123,-3959268.6063911417,6137.915309332347,-3946101.787632879,5.220237900008215,0.9134020618556701
1,15,83,17,2137,-3962473.5932983123,-3960519.1711034724,5252.191966900319,-3946111.7443600073,5.113322599994717,0.9141543178334185
1,15,84,17,2154,-3962473.911898764,-3960571.895411807,4096.357384662641,-3946213.35194367,5.18437719999929,0.9148936170212766
1,15,85,17,2171,-3962474.660567494,-3960500.9131599106,5258.871925636152,-3946032.4797552284,4.876551100023789,0.9156202913108991
1,15,86,17,2188,-3962474.660567494,-3961182.4276219755,3940.8437676047274,-3946198.154293187,5.423597799992422,0.9163346613545816
1,15,87,17,2205,-3962474.6737957653,-3960532.2936190558,5253.6356753339005,-3946142.1968561076,5.3023209999955725,0.917037037037037
1,15,88,16,2221,-3962474.6737957653,-3960411.144383573,5393.151261075673,-3946129.2984778415,5.268842399993446,0.917687408133268
1,15,89,16,2237,-3962474.6737957653,-3961443.4669788815,3945.7152328128623,-3946161.90241901,4.843484999990324,0.9183276616431697
1,15,90,16,2253,-3962475.209517384,-3962470.48932347,7.449691983832766,-3962443.9367932472,5.051536199986003,0.918958031837916
1,15,91,16,2269,-3962475.209517384,-3962134.743835586,1253.4178622405066,-3957280.668372337,5.304574200010393,0.919578745811393
1,15,92,16,2285,-3962475.209517384,-3961802.353886649,1714.6953761954321,-3957257.562571984,4.97872380001354,0.9201900237529691
1,15,93,16,2301,-3962475.209517384,-3962102.315924924,1242.7343456188044,-3957312.3139979374,5.479885299981106,0.9207920792079208
1,15,94,16,2317,-3962475.209517384,-3959780.2916742573,5424.393857752793,-3946135.402732514,5.368965700006811,0.9213851193261582
1,15,95,15,2332,-3962475.4724924825,-3959943.482146341,5561.79265759692,-3946135.8651374876,4.889121799991699,0.9219330855018587
1,15,96,15,2347,-3962475.4724924825,-3960687.8034247817,4264.898095379416,-3946127.3483191915,4.928315199998906,0.9224734656206738
1,15,97,15,2362,-3962475.4724924825,-3959983.439426727,4326.437233581679,-3946152.252611587,5.063013800012413,0.923006416131989
1,15,98,15,2377,-3962475.4724924825,-3962125.3384346343,1296.2069173440632,-3957275.3921809103,4.818802399997367,0.9235320892125626
1,15,99,15,2392,-3962475.5294891503,-3961038.924814022,4184.0882440766945,-3946141.3580488022,5.0977118000155315,0.9240506329113924
1,15,100,15,2407,-3962475.5294891503,-3959943.942567404,5558.802143843024,-3946152.0370277185,4.778269400005229,0.9245621912887292
1,15,101,15,2422,-3962475.5294891503,-3957025.681830473,7692.269287637467,-3946122.5865656156,4.435404100018786,0.9250669045495094
1,15,102,14,2436,-3962475.5294891503,-3958953.722377396,6683.533136254339,-3946149.7329220697,4.528679499984719,0.925531914893617
1,15,103,14,2450,-3962475.5294891503,-3960139.4361187737,5707.285089776355,-3946158.3383297976,4.5741988999943715,0.9259911894273127
1,15,104,14,2464,-3962475.5294891503,-3962461.2584617063,41.87310333890364,-3962312.1016675085,4.504026500013424,0.9264448336252189
1,15,105,14,2478,-3962475.5294891503,-3961305.373815349,4200.8788548786715,-3946158.908084348,4.667450299981283,0.9268929503916449
1,15,106,14,2492,-3962475.5294891503,-3960143.1951930895,5710.128069132272,-3946156.1351496503,4.13898240000708,0.9273356401384083
1,15,107,14,2506,-3962475.5294891503,-3958979.06899419,6692.76970686072,-3946158.654714018,4.549030399997719,0.9277730008598453
1,15,108,14,2520,-3962475.5294891503,-3962473.367695305,3.823076920101869,-3962460.302276768,4.386557699996047,0.9282051282051282
1,15,109,14,2534,-3962475.5294891503,-3961306.625942982,4202.765418148765,-3946153.353238046,4.1158592000138015,0.9286321155480034
1,15,110,13,2547,-3962475.5294891503,-3961218.240819129,4348.2993472564385,-3946155.29730084,4.375326699984726,0.9290240811153359
1,15,111,13,2560,-3962475.5294891503,-3962475.0727734407,0.7287330477049412,-3962473.1111861914,4.675465600012103,0.9294117647058824
1,15,112,13,2573,-3962475.5294891503,-3959964.2929085013,5887.459873611482,-3946156.7317747157,4.0123649000015575,0.9297952361053071
1,15,113,13,2586,-3962475.5294891503,-3958705.1655620513,6879.208412124996,-3946123.537075188,4.566287199995713,0.9301745635910225
1,15,114,13,2599,-3962475.553582143,-3954944.990488469,8133.753032104304,-3946155.831398776,4.816739600006258,0.930549813972716
1,15,115,13,2612,-3962475.553582143,-3959962.97035913,5891.539466567789,-3946135.3428902254,4.513061400008155,0.930921052631579
1,15,116,13,2625,-3962475.5599855985,-3961219.0688027707,4347.3012151711,-3946159.5829759613,4.052655300009064,0.9312883435582822
1,15,117,13,2638,-3962475.569164861,-3961216.775772172,4358.104038840187,-3946119.8612773996,4.590134900005069,0.9316517493897477
1,15,118,13,2651,-3962475.570105344,-3959962.49199061,5892.620963488243,-3946129.4551707134,4.15676009998424,0.9320113314447592
1,15,119,12,2663,-3962475.570435405,-3958395.427253086,7066.957241373957,-3946150.8076949213,3.7165013999911025,0.932339911397503
1,15,120,12,2675,-3962475.57152378,-3959753.917226326,6085.332383353901,-3946136.3868815955,4.070277399994666,0.9326653306613226
1,15,121,12,2687,-3962475.576550102,-3961115.632409438,4508.73709291543,-3946161.84360094,3.9415944000065792,0.9329876346230555
1,15,122,12,2699,-3962475.576550102,-3962475.467408011,0.18232495649031832,-3962475.041631682,4.1199186999874655,0.9333068678046844
1,15,123,12,2711,-3962475.5765592866,-3962475.127516708,1.0828576694134002,-3962471.631556418,3.5335894000018016,0.9336230738838404
1,15,124,12,2723,-3962475.5765592866,-3962475.424090497,0.3159854170114015,-3962474.471302461,4.006988699984504,0.9339362957137239
1,15,125,12,2735,-3962475.5765592866,-3962475.4016720164,0.4083288013590043,-3962474.0777436513,3.9382279999845196,0.9342465753424658
1,15,126,12,2747,-3962475.5765592866,-3962044.0532565936,1430.878118179695,-3957298.367441416,3.8086238999967463,0.9345539540319439
1,15,127,12,2759,-3962475.5765592866,-3960253.1474535293,4659.898394821996,-3946156.9381222483,3.748043500003405,0.934858472276076
1,15,128,11,2770,-3962475.5765592866,-3962475.4503942323,0.24574547794003035,-3962474.6856937017,3.666785599983996,0.9351351351351351
1,15,129,11,2781,-3962475.5765592866,-3958024.8658049,7267.828712444788,-3946155.111037679,3.835251300013624,0.9354094579008074
1,15,130,11,2792,-3962475.5765592866,-3960991.9502401412,4691.286989569582,-3946156.798218744,3.2709449999965727,0.9356814701378254
1,15,131,11,2803,-3962475.580714142,-3959038.0571152377,6247.902939182072,-3946156.873228006,4.107517600001302,0.9359512009149829
1,15,132,11,2814,-3962475.580714142,-3959508.387807324,6293.941055081288,-3946156.9170033075,3.5357385000097565,0.9362186788154897
1,15,133,11,2825,-3962475.580714142,-3960991.9874798055,4691.268687389678,-3946156.8933241945,3.451775599998655,0.9364839319470699
1,15,134,11,2836,-3962475.580714142,-3953574.4626838346,8125.542947412405,-3946156.8551172074,3.915531100006774,0.9367469879518072
1,15,135,11,2847,-3962475.580714142,-3958024.914348444,7267.782779389478,-3946156.2223398406,3.3106397000083234,0.937007874015748
1,15,136,11,2858,-3962475.580714142,-3959508.528933214,6293.909605135588,-3946156.94831503,3.388950400025351,0.9372666168782674
1,15,137,11,2869,-3962475.580714142,-3962475.4939088,0.1479585141616072,-3962475.1582570933,4.064695800014306,0.9375232428412049
1,15,138,10,2879,-3962475.580714142,-3960843.6273730425,4895.557683607689,-3946156.95432749,3.123000299994601,0.9377547239718415
1,15,139,10,2889,-3962475.580714142,-3962475.5469665453,0.056637493723229876,-3962475.3929166533,4.45251279999502,0.937984496124031
1,15,140,10,2899,-3962475.5808860213,-3962475.5591982394,0.03914794830998594,-3962475.4433376007,3.395076799992239,0.938212578153733
1,15,141,10,2909,-3962475.5808860213,-3961957.878286046,1552.7452015151223,-3957299.642745964,3.221431699988898,0.9384389886405277
1,15,142,10,2919,-3962475.5809246656,-3961957.899129952,1552.9072208893679,-3957299.177478306,3.2533315000182483,0.9386637458926615
1,15,143,10,2929,-3962475.5809246656,-3961440.9589367555,2069.085637588375,-3957302.0952215865,3.830556800006889,0.9388868679519825
1,15,144,10,2939,-3962475.581577314,-3962475.5486942055,0.033642170271493854,-3962475.4888717774,3.249165500019444,0.9391083725987677
1,15,145,10,2949,-3962475.581577314,-3958334.9930524738,2070.2759309961,-3957299.4471153617,3.3202384999895003,0.9393282773564464
1,15,146,10,2959,-3962475.581577314,-3961958.2218418657,1551.902151047992,-3957302.515400607,3.5653095999732614,0.9395465994962217
1,15,147,10,2969,-3962475.581577314,-3961441.107723984,2068.8954891497974,-3957303.3138345554,3.0032007999834605,0.939763356041592
1,15,148,10,2979,-3962475.581577314,-3961440.3742948226,2070.38629955727,-3957299.5276261717,3.24526570001035,0.939978563772776
1,15,149,10,2989,-3962475.581577314,-3962475.568566987,0.011538419726480778,-3962475.545803886,3.238951300008921,0.9401922392310431
1,15,150,9,2998,-3962475.581577314,-3961325.8701733425,2150.886517988715,-3957301.69206742,3.3003390999801923,0.9403832505322924
1,15,151,9,3007,-3962475.581577314,-3961900.465998277,1626.65392162916,-3957299.5939237736,3.1687622999888845,0.9405730456314114
1,15,152,9,3016,-3962475.581577314,-3962475.5763136563,0.004851255720825568,-3962475.567011945,2.592164200003026,0.9407616361071932
1,15,153,9,3025,-3962475.581577314,-3962475.5689874324,0.021346517595431456,-3962475.5104053393,2.9224380999803543,0.9409490333919156
1,15,154,9,3034,-3962475.581577314,-3961900.475215701,1626.63361710574,-3957299.6605710667,3.0987667000154033,0.9411352487736511
1,15,155,9,3043,-3962475.5816470236,-3961325.359992822,2151.8622154683544,-3957299.5306367725,3.1979598000179976,0.941320293398533
1,15,156,9,3052,-3962475.5816470236,-3960175.29349502,2571.7860419530684,-3957299.5409299675,2.889923999988241,0.9415041782729805
1,15,157,9,3061,-3962475.5816470236,-3961325.7756834733,2151.075934909974,-3957299.613899894,3.027160300000105,0.9416869142658799
1,15,158,9,3070,-3962475.5816470236,-3960175.684887687,2571.3570949966174,-3957299.6232599635,3.0668910999957006,0.9418685121107266
1,15,159,9,3079,-3962475.5816470236,-3961325.3616397255,2151.853713692879,-3957299.588253109,2.820773500017822,0.9420489824077268
1,15,160,9,3088,-3962475.581755584,-3961325.3538084533,2151.8708582274976,-3957299.5564754643,3.1707833999826107,0.9422283356258597
1,15,161,9,3097,-3962475.581755584,-3960175.523520936,2571.5381041137484,-3957299.6040375456,2.652732200018363,0.9424065821049022
1,15,162,8,3105,-3962475.581755584,-3961181.8469828162,2240.80279764299,-3957299.640236823,2.5739908999821637,0.9425641025641026
1,15,163,8,3113,-3962475.581755584,-3961181.595650524,2241.24274469854,-3957299.6175244264,2.741979199985508,0.9427207637231504
1,15,164,8,3121,-3962475.581755584,-3959887.5753540825,2588.0012690045655,-3957299.5488368683,2.4223863999941386,0.9428765725943556
1,15,165,8,3129,-3962475.581755584,-3959240.702473145,2505.5630728708493,-3957299.5713898186,2.5138278999947943,0.943031536113937
1,15,166,8,3137,-3962475.581755584,-3960534.5811671056,2505.8184284314866,-3957299.5418144017,2.6399124000163283,0.9431856611430504
1,15,167,8,3145,-3962475.581755584,-3961828.5836298307,1711.7877199602035,-3957299.6190254893,2.2078143000253476,0.9433389544688027
1,15,168,8,3153,-3962475.581755584,-3959240.5516582457,2505.7793606879454,-3957299.5601409525,2.6806443000095896,0.9434914228052472
1,15,169,8,3161,-3962475.581755584,-3960534.8517723083,2505.4062009964314,-3957299.580549795,2.457836799992947,0.9436430727943643
1,15,170,8,3169,-3962475.581755584,-3960534.703432696,2505.658816579016,-3957299.547879629,3.1018127000133973,0.9437939110070258
1,15,171,8,3177,-3962475.581755584,-3961182.0569853187,2240.429290417473,-3957299.6457405817,2.466656599979615,0.943943943943944
1,15,172,8,3185,-3962475.581755584,-3961181.751002588,2240.9676915869104,-3957299.584830731,2.4109492000134196,0.9440931780366056
1,15,173,8,3193,-3962475.581755584,-3961828.5804235125,1711.7931905590638,-3957299.6013453417,2.632846399996197,0.9442416196481912
1,15,174,8,3201,-3962475.581755584,-3959240.848560051,2505.612068227822,-3957299.5552081726,2.655627899977844,0.9443892750744787
1,15,175,8,3209,-3962475.581755584,-3960534.575172056,2505.8259722584908,-3957299.5299039334,2.310121299989987,0.9445361505447343
1,15,176,7,3216,-3962475.581755584,-3960996.697078093,2338.26550118185,-3957299.564269582,2.489764900004957,0.9446640316205533
1,15,177,7,3223,-3962475.581755584,-3960996.721853402,2338.2749973100726,-3957299.5778040495,1.9685123999952339,0.9447913243509695
1,15,178,7,3230,-3962475.581755584,-3960257.292729527,2561.457769388668,-3957299.5620458312,2.3710890999936964,0.9449180327868852
1,15,179,7,3237,-3962475.581755584,-3960996.726751671,2338.270849357176,-3957299.5789193586,2.1364459000178613,0.9450441609421001
1,15,180,7,3244,-3962475.581755584,-3961736.1510574115,1811.2220600361436,-3957299.5811994523,2.377571999997599,0.9451697127937336
1,15,181,7,3251,-3962475.581755584,-3961736.142167055,1811.206230870652,-3957299.611083057,2.176502199989045,0.9452946922826441
1,15,182,7,3258,-3962475.581755584,-3961736.1503445185,1811.2131396148814,-3957299.602337053,2.150887199997669,0.9454191033138402
1,15,183,7,3265,-3962475.581755584,-3961736.1514672297,1811.2070203716573,-3957299.6184488125,2.502738999988651,0.9455429497568881
1,15,184,7,3272,-3962475.581755584,-3960257.2882069224,2561.4592544990182,-3957299.552467009,2.2470769999781623,0.9456662354463131
1,15,185,7,3279,-3962475.581755584,-3960996.7287624977,2338.2682807086617,-3957299.5937718805,2.682474400004139,0.9457889641819942
1,15,186,7,3286,-3962475.581755584,-3961736.1490169503,1811.2171131283628,-3957299.5912764072,2.1300883000076283,0.9459111397295557
1,15,187,7,3293,-3962475.581755584,-3961736.1508663557,1811.2080261156316,-3957299.6153843924,2.4400891000113916,0.9460327658207517
1,15,188,7,3300,-3962475.581755584,-3962475.5798420175,0.0016486018998101285,-3962475.5766989365,2.1440473000111524,0.9461538461538461
1,15,189,7,3307,-3962475.581755584,-3961736.149168833,1811.2174366364484,-3957299.590635851,2.4366250000020955,0.9462743843939878
1,15,190,7,3314,-3962475.581755584,-3962475.5779777826,0.00309539833673688,-3962475.570756102,2.1550917999993544,0.9463943841735801
1,15,191,7,3321,-3962475.581755584,-3961736.145278394,1811.2287589004168,-3957299.559011692,2.135933200013824,0.9465138490926457
1,15,192,6,3327,-3962475.581755584,-3962475.580679109,0.0011276513854094018,-3962475.5784459542,2.003840499994112,0.9466158245948523
1,15,193,6,3333,-3962475.581755584,-3961612.9150132574,1928.9718815706083,-3957299.602759404,2.3654043000133242,0.9467174119885823
1,15,194,6,3339,-3962475.581755584,-3961612.9090869366,1928.973164220476,-3957299.5939649884,2.0606979000149295,0.9468186134852802
1,15,195,6,3345,-3962475.581755584,-3962475.5759699848,0.006345414155269807,-3962475.5628253818,2.2492803999921307,0.9469194312796209
1,15,196,6,3351,-3962475.581755584,-3962475.579562837,0.0018972356289596877,-3962475.5773140267,1.8159725000150502,0.9470198675496688
1,15,197,6,3357,-3962475.581803648,-3960750.2375889285,2440.0045168528386,-3957299.5403339956,2.117029100016225,0.947119924457035
1,15,198,6,3363,-3962475.581803648,-3962475.5796014294,0.0019231062509555558,-3962475.57648181,2.052750200004084,0.9472196041470311
1,15,199,6,3369,-3962475.581803648,-3962475.5785637475,0.0015202796943310907,-3962475.5768426936,2.383362799999304,0.9473189087488241
1,15,200,6,3375,-3962475.581803648,-3961612.915361456,1928.9764230879766,-3957299.5929524377,1.8430097000091337,0.9474178403755869
1,15,201,6,3381,-3962475.581803648,-3962475.57480355,0.01158691555534308,-3962475.5492620543,2.0404171999834944,0.9475164011246485
1,15,202,6,3387,-3962475.581803648,-3961612.9104679977,1928.9736508882968,-3957299.5942578446,2.1624437000136822,0.9476145930776426
1,15,203,6,3393,-3962475.581803648,-3960750.2462355588,2439.9797881897075,-3957299.5935571045,2.142413099994883,0.9477124183006536
1,15,204,6,3399,-3962475.581803648,-3961612.908784786,1928.989674735901,-3957299.5567441825,2.416823799983831,0.9478098788443616
1,15,205,6,3405,-3962475.581803648,-3962475.58062836,0.001270841700603597,-3962475.578542689,2.2483584999863524,0.947906976744186
1,15,206,6,3411,-3962475.581803648,-3960750.241931243,2439.9963676559637,-3957299.5550455935,2.3910076999745797,0.9480037140204272
1,15,207,6,3417,-3962475.581803648,-3962475.574540625,0.012016526427466236,-3962475.548030764,2.5374758999969345,0.9481000926784059
1,15,208,6,3423,-3962475.581803648,-3962475.580341497,0.0015364838356753162,-3962475.5773229394,2.068304199987324,0.9481961147086031
1,15,209,6,3429,-3962475.581803648,-3961612.907518755,1928.996959484777,-3957299.539188957,2.543473300000187,0.948291782086796
1,15,210,6,3435,-3962475.581803648,-3962475.581240526,0.001039970917912637,-3962475.5789265614,2.257928599981824,0.9483870967741935
1,15,211,5,3440,-3962475.581803648,-3961440.3829112826,2070.3948312965576,-3957299.5932486914,1.9297600999998394,0.9484662576687116
1,15,212,5,3445,-3962475.581803648,-3962475.5800426863,0.0020772650471648237,-3962475.576728724,2.1611643999931403,0.9485451761102603
1,15,213,5,3450,-3962475.581803648,-3962475.579860239,0.0021905862117268683,-3962475.57654085,2.4436031999939587,0.9486238532110092
1,15,214,5,3455,-3962475.581803648,-3961440.3839757442,2070.3952018657824,-3957299.593572013,2.2076939000107814,0.9487022900763359
1,15,215,5,3460,-3962475.581803648,-3961440.3700567693,2070.4163232386204,-3957299.537410302,2.2174301000195555,0.948780487804878
1,15,216,5,3465,-3962475.581803648,-3960405.1858305037,2535.705599067647,-3957299.592848113,2.118022500013467,0.9488584474885845
1,15,217,5,3470,-3962475.581803648,-3961440.3807820664,2070.393767016009,-3957299.5932480525,2.583287300018128,0.948936170212766
1,15,218,5,3475,-3962475.5818264596,-3962475.5799977733,0.002520191965876941,-3962475.5750500597,2.2009741999791004,0.9490136570561457
1,15,219,5,3480,-3962475.5818264596,-3961440.3743509226,2070.41380941895,-3957299.546732085,1.9092654999985825,0.9490909090909091
1,15,220,5,3485,-3962475.5818264596,-3961440.364775181,2070.433381957196,-3957299.498011267,2.1140957000025082,0.9491679273827534
1,15,221,5,3490,-3962475.5818264596,-3960405.1708680624,2535.7167639055106,-3957299.5367522985,2.0135658000072,0.9492447129909366
1,15,222,5,3495,-3962475.5818264596,-3961440.3800407173,2070.3936170655475,-3957299.592806613,2.313465399987763,0.9493212669683257
1,15,223,5,3500,-3962475.5818264596,-3961440.3839218332,2070.395516051726,-3957299.59288973,2.2767429999948945,0.9493975903614458
1,15,224,5,3505,-3962475.5818264596,-3962475.581489435,0.00012215153272288268,-3962475.581308566,2.3966429000138305,0.9494736842105264
1,15,225,5,3510,-3962475.5818264596,-3962475.58155863,0.00020112289730054664,-3962475.5811731685,2.317559599992819,0.9495495495495495
1,15,226,5,3515,-3962475.5818264596,-3962475.5816390426,0.0001686673941763349,-3962475.5813402813,2.031882899987977,0.9496251874062969
1,15,227,5,3520,-3962475.5818264596,-3962475.581001942,0.0005551612117072653,-3962475.5802004356,2.091094300005352,0.9497005988023952
1,15,228,5,3525,-3962475.5818264596,-3962475.5812835447,0.0006997374592707285,-3962475.579929121,2.194663700007368,0.9497757847533632
1,15,229,5,3530,-3962475.5818264596,-3962475.5815335438,0.0004786102607034586,-3962475.5805799104,2.216882800013991,0.9498507462686567
1,15,230,5,3535,-3962475.5818264596,-3962475.5816246653,0.00015816640650898967,-3962475.5813502558,1.9313968000060413,0.9499254843517139
1,15,231,5,3540,-3962475.5818264596,-3962475.5815081373,0.00030461771239793326,-3962475.5809773654,1.9493490999739151,0.95
1,15,232,5,3545,-3962475.5818264596,-3962475.581488964,0.0001494737483801137,-3962475.5813356135,2.1214232000056654,0.950074294205052
1,15,233,4,3549,-3962475.5818264596,-3962475.5815702747,0.00019987169890637598,-3962475.581262214,2.0668566999956965,0.95013357079252
1,15,234,4,3553,-3962475.5818264596,-3961181.5844045337,2241.268806464445,-3957299.592958318,1.9115614000183996,0.9501927067892084
1,15,235,4,3557,-3962475.5818264596,-3962475.5816771756,8.2693302361606e-05,-3962475.58158567,1.566700800001854,0.9502517026946994
1,15,236,4,3561,-3962475.5818264596,-3961181.5844780193,2241.2686636614526,-3957299.5932791457,1.8777888000186067,0.9503105590062112
1,15,237,4,3565,-3962475.5818264596,-3962475.581679436,6.233772478739575e-05,-3962475.5815795194,1.8750828000192996,0.9503692762186116
1,15,238,4,3569,-3962475.5818264596,-3962475.5814801217,0.00020705506985559423,-3962475.581316987,1.8562013999908231,0.950427854824432
1,15,239,4,3573,-3962475.5818264596,-3962475.5814966965,0.0002813108732574921,-3962475.5810114685,2.47399509997922,0.9504862953138815
1,15,240,4,3577,-3962475.5818264596,-3962475.581633009,6.33470816197834e-05,-3962475.581529107,2.053676199982874,0.9505445981748601
1,15,241,4,3581,-3962475.5818264596,-3962475.581691229,4.1466382717988254e-05,-3962475.581644211,1.5764788999804296,0.9506027638929726
1,15,242,4,3585,-3962475.5818264596,-3962475.581632034,7.892682937517823e-05,-3962475.5815713406,2.1774332000059076,0.9506607929515418
1,15,243,4,3589,-3962475.5818264596,-3962475.5812992644,0.0003101271589436381,-3962475.5808852315,2.441881699982332,0.9507186858316222
1,15,244,4,3593,-3962475.5818264596,-3962475.581507564,0.00018436222262039988,-3962475.5813702047,1.9564788000134286,0.9507764430120129
1,15,245,4,3597,-3962475.5818264596,-3962475.5815857532,0.00011707237155733292,-3962475.581383975,1.9127122999925632,0.9508340649692713
1,16,0,36,36,-3318915.413156774,79250391.79309312,57170380.85193182,197471088.62308827,65.20229430001928,0.25
1,16,1,36,72,-3318915.413156774,50884952.611077935,45642879.8701258,181852810.44134092,58.71526120000635,0.27586206896551724
1,16,2,35,107,-3318915.413156774,35706543.69599351,41551391.82393516,146482771.3543267,56.599291799997445,0.29069767441860467
1,16,3,35,142,-3318915.413156774,20033749.766218416,27069334.46041261,94608793.88609871,42.142755099979695,0.3364485981308411
1,16,4,35,177,-3318915.413156774,17955361.922658388,25663610.819088068,88594321.98709944,46.680305100016994,0.3384615384615385
1,16,5,34,211,-3318915.413156774,10104216.717135668,17612562.184636496,69676785.1748614,39.23040339999716,0.3708609271523179
1,16,6,34,245,-3535185.3554248475,3456377.094515911,10780620.859860972,55092013.536250606,36.951817099994514,0.4
1,16,7,34,279,-3535185.3554248475,3346057.4409907274,6668887.66238103,23836415.542448957,38.593516900000395,0.42487046632124353
1,16,8,34,313,-3755999.7974814475,3590370.3250855976,8489990.99063922,31509690.96539405,36.671792900015134,0.45794392523364486
1,16,9,33,346,-3755999.7974814475,2685476.963735144,8542784.136203652,31509691.024563033,33.52782099999604,0.4957627118644068
1,16,10,33,379,-3755999.7974814475,469470.3844322405,5307068.128358434,19462787.781309035,36.499027299985755,0.5325670498084292
1,16,11,33,412,-3899031.8309816327,451606.706623568,4387536.417417472,16173981.544641046,41.22584829997504,0.5547703180212014
1,16,12,32,444,-3899031.8309816327,-156151.38864452363,4518822.496645997,13120876.820340546,34.56645309997839,0.5889967637540453
1,16,13,32,476,-3932938.429734066,1083307.00931338,6753289.263379903,18312470.1164159,35.25121129999752,0.6137724550898204
1,16,14,32,508,-3932938.429734066,-208718.13416850526,5789834.892718422,19002821.320544377,33.568511799996486,0.637883008356546
1,16,15,31,539,-3937804.525066331,-1580004.3614899283,4421413.555683782,14616774.577434063,27.232901299983496,0.6623711340206185
1,16,16,31,570,-3937804.525066331,-463471.23102247383,5366771.476171359,14760430.400262585,33.50974920002045,0.6819277108433734
1,16,17,31,601,-3937804.525066331,-1259644.4277038975,4435965.239149341,11943177.283298131,34.75830449999194,0.7004504504504504
1,16,18,31,632,-3939115.695284091,-2131665.5191562823,3441467.99394781,11028178.579790426,28.48388480002177,0.718816067653277
1,16,19,30,662,-3939115.695284091,-2111094.6896400605,4121439.4351903326,11858969.316246754,26.84478020001552,0.734
1,16,20,30,692,-3939115.695284091,-2880932.629069776,2800069.012775335,11483301.836893992,28.104092199995648,0.7485822306238186
1,16,21,30,722,-3939115.695284091,-3125095.252889454,1817584.7827513616,4842471.097854996,33.7292235000059,0.7602862254025045
1,16,22,30,752,-3939115.695284091,-1673204.3455785057,5204499.937051729,12618138.998323902,23.8602525999886,0.770940170940171
1,16,23,29,781,-3940238.0895114187,-3223549.0661441726,2671387.980142891,10546385.171167327,22.47887749999063,0.7814029363784666
1,16,24,29,810,-3949472.621407669,-3845745.70776235,133817.6809323237,-3226981.0124648158,22.235784399992554,0.7912772585669782
1,16,25,29,839,-3958287.8132122997,-3758816.861090109,700062.3039207687,-62559.58141634427,20.79923009997583,0.8002980625931445
1,16,26,29,868,-3958287.8132122997,-3657034.562815204,1024214.9391949816,1458243.4293559697,20.329577900003642,0.8085714285714286
1,16,27,28,896,-3958287.8132122997,-3902793.163828321,47886.10977356864,-3759356.0366286132,24.18853610000224,0.8145604395604396
1,16,28,28,924,-3958287.8132122997,-3916638.1394580356,40211.07595423044,-3818985.0201120693,25.043041099997936,0.8214285714285714
1,16,29,28,952,-3961831.9945941176,-3914072.585504534,58186.68936954125,-3683730.946181515,18.608301400003256,0.8278061224489796
1,16,30,28,980,-3961831.9945941176,-3934729.266667075,31346.58876898529,-3798337.07997036,16.69192889999249,0.833743842364532
1,16,31,27,1007,-3961831.9945941176,-3782050.1666573132,802400.3362116994,307244.7325533666,12.9174054999894,0.8390941597139452
1,16,32,27,1034,-3961831.9945941176,-3941847.5380764497,19244.216198245012,-3868968.337174993,14.171577100001741,0.8441108545034642
1,16,33,27,1061,-3961831.9945941176,-3937202.576896995,42813.378263606435,-3725685.6411277708,17.07758310000645,0.8488241881298992
1,16,34,27,1088,-3962007.125438763,-3936603.4048787365,39717.00732391248,-3749505.479188258,14.66627710001194,0.8532608695652174
1,16,35,26,1114,-3962007.125438763,-3946290.3618831635,27625.027037139473,-3816374.8542097285,13.866902400011895,0.857293868921776
1,16,36,26,1140,-3962007.125438763,-3944514.7373123905,37675.67642222349,-3763731.9712002855,9.928354300005594,0.8611111111111112
1,16,37,26,1166,-3962007.125438763,-3954867.6758631594,9647.94928556115,-3910360.3060563616,9.796412399999099,0.8647294589178357
1,16,38,26,1192,-3962007.125438763,-3949561.4595473753,36696.40408157022,-3767958.655607721,13.598321400000714,0.8681640625
1,16,39,25,1217,-3962007.125438763,-3950096.086721091,29915.986570235327,-3811848.6693869196,7.268118699983461,0.871306005719733
1,16,40,25,1242,-3962007.125438763,-3926602.5081196385,87843.71564662788,-3624230.4246610273,13.465145699999994,0.8743016759776536
1,16,41,25,1267,-3962410.740161078,-3944532.9556816043,52465.50697996615,-3691894.3425993174,6.9295047000050545,0.8771610555050046
1,16,42,25,1292,-3962410.740161078,-3958238.657476432,5059.370930377871,-3943782.3691784963,7.624385600007372,0.8798932384341637
1,16,43,25,1317,-3962410.740161078,-3956399.8072990123,8312.166641968233,-3935119.3547775317,9.378134500002488,0.8825065274151436
1,16,44,24,1341,-3962411.840028221,-3959539.7737136628,4648.983236801878,-3944121.4950527195,11.411072699993383,0.8849104859335039
1,16,45,24,1365,-3962411.840028221,-3960098.1778126303,3433.740400687462,-3945375.4378477335,6.5878854999900796,0.8872180451127819
1,16,46,24,1389,-3962411.840028221,-3960943.805069963,1714.7084124677385,-3955561.815015409,6.982780599995749,0.8894348894348895
1,16,47,24,1413,-3962411.840028221,-3959156.9517938774,5144.197815004964,-3944720.8140591476,7.964181599993026,0.891566265060241
1,16,48,23,1436,-3962411.840028221,-3961443.238199836,1370.562070249593,-3956419.5784044806,6.494489400007296,0.8935331230283912
1,16,49,23,1459,-3962411.840028221,-3960384.101515019,3793.366468309879,-3945972.470095411,6.997100600012345,0.895429899302866
1,16,50,23,1482,-3962411.840028221,-3958849.005377162,5590.430602252314,-3941295.108985875,9.03120339999441,0.8972602739726028
1,16,51,23,1505,-3962454.5510917306,-3958632.960033091,5920.481258320103,-3945499.8522410262,6.26418059997377,0.8990276738967838
1,16,52,23,1528,-3962468.4601197112,-3959736.3869493087,5357.156403296525,-3946163.2337671556,6.978943499998422,0.9007352941176471
1,16,53,22,1550,-3962468.4601197112,-3961969.3180300626,592.0743945168904,-3960382.8690490685,6.684632200020133,0.902315484804631
1,16,54,22,1572,-3962468.4601197112,-3960464.0651052003,4545.815119224481,-3946013.4713882674,9.458230799995363,0.9038461538461539
1,16,55,22,1594,-3962468.4601197112,-3961406.090982549,3304.980112242401,-3946446.9768128265,6.40253799999482,0.9053295932678822
1,16,56,22,1616,-3962468.4601197112,-3961533.2739416063,3410.6097331267706,-3945932.5770631507,6.706495200021891,0.9067679558011049
1,16,57,22,1638,-3962468.4601197112,-3961599.213747473,3319.7461438493233,-3946408.548799023,6.761019199999282,0.9081632653061225
1,16,58,21,1659,-3962472.371448243,-3961582.570702809,3495.5120196498888,-3945959.880813593,6.097439500008477,0.9094567404426559
1,16,59,21,1680,-3962472.6721879095,-3958537.8034037123,6942.979587602478,-3945944.2029380035,6.2358535999956075,0.9107142857142857
1,16,60,21,1701,-3962472.6721879095,-3961633.972753109,3466.1791219355146,-3946135.143956162,6.037835199997062,0.9119373776908023
1,16,61,21,1722,-3962472.6721879095,-3960842.502332415,4864.728695288368,-3945547.2522847,6.322488300007535,0.9131274131274131
1,16,62,21,1743,-3962472.6721879095,-3960101.537842163,5689.297214293034,-3946066.2117059566,5.670770899974741,0.9142857142857143
1,16,63,21,1764,-3962473.872746177,-3960085.9077954507,5713.561689508911,-3946023.3164588064,6.163005799986422,0.9154135338345865
1,16,64,20,1784,-3962474.2919754554,-3958348.141918247,7100.360827965036,-3945710.85450132,6.4921873999992386,0.9164603960396039
1,16,65,20,1804,-3962474.3898695502,-3960812.1539580645,4889.372488896125,-3946097.147404207,6.078114400006598,0.9174816625916871
1,16,66,20,1824,-3962474.8086598814,-3960802.084846318,4929.40548421605,-3945892.555058712,6.3096316999872215,0.9184782608695652
1,16,67,20,1844,-3962474.8086598814,-3960791.7047558823,4883.627410899572,-3946132.1183385924,6.430710800021188,0.9194510739856802
1,16,68,20,1864,-3962475.0907779615,-3961651.2473366396,3557.0838909577474,-3946146.3136441465,5.711395499994978,0.9204009433962265
1,16,69,19,1883,-3962475.403884271,-3960752.974199583,4995.4595834560205,-3946185.412085714,5.621067000000039,0.9212827988338192
1,16,70,19,1902,-3962475.403884271,-3959024.4116312377,6658.600795141415,-3946100.450257458,5.809584100003121,0.9221453287197232
1,16,71,19,1921,-3962475.5444039106,-3960754.7476598048,5006.391670452636,-3946154.2520217635,5.655236699996749,0.9229891614375356
1,16,72,19,1940,-3962475.5444039106,-3961606.9128612145,3643.271261278567,-3946150.1697309576,6.035451199975796,0.9238148984198645
1,16,73,19,1959,-3962475.565938769,-3962462.5465236194,22.35690466334977,-3962384.092884062,5.756861799978651,0.9246231155778895
1,16,74,19,1978,-3962475.565938769,-3961607.853112915,3660.827711984605,-3946076.335486941,5.432239399990067,0.925414364640884
1,16,75,18,1996,-3962475.565938769,-3961558.330152319,3735.184478426629,-3946158.1959407665,5.078871200006688,0.9261487964989059
1,16,76,18,2014,-3962475.565938769,-3960659.827914768,5126.896990405069,-3946158.2473897245,5.297600999998394,0.9268689057421452
1,16,77,18,2032,-3962475.565938769,-3961568.535097698,3735.976454585499,-3946164.709852796,5.7914376000117045,0.9275751072961373
1,16,78,18,2050,-3962475.565938769,-3960661.5570049337,5127.282949080664,-3946156.0201199576,5.638894999981858,0.9282678002125399
1,16,79,18,2068,-3962475.565938769,-3962473.0607958627,6.772131088650049,-3962446.428420095,5.554357599990908,0.9289473684210526
1,16,80,18,2086,-3962475.565938769,-3961564.369732475,3737.0969773131847,-3946156.047958467,5.526167900010478,0.929614181438999
1,16,81,17,2103,-3962475.565938769,-3961515.1725051296,3838.4662082136642,-3946161.308188081,4.637488200009102,0.9302325581395349
1,16,82,17,2120,-3962475.565938769,-3961515.4804579634,3838.83036896757,-3946160.1591032613,4.962322300008964,0.9308401639344263
1,16,83,17,2137,-3962475.565938769,-3960555.2884978633,5257.555468893534,-3946156.564788254,5.168921900010901,0.9314372778059928
1,16,84,17,2154,-3962475.565938769,-3962474.8628598275,1.5029533040531946,-3962468.94986004,5.231979100004537,0.93202416918429
1,16,85,17,2171,-3962475.5716288015,-3958636.0206891797,6921.174204048821,-3946155.7045500875,5.28432310000062,0.9326010983524713
1,16,86,17,2188,-3962475.572563067,-3962474.9805774083,1.833057304601865,-3962467.75916389,4.787342399999034,0.9331683168316832
1,16,87,17,2205,-3962475.572563067,-3962475.3115610164,0.4082831150903152,-3962474.0086173713,5.012164799991297,0.9337260677466863
1,16,88,16,2221,-3962475.572563067,-3961180.9815148255,2240.306017539564,-3957300.453489097,5.387886200012872,0.934242571846079
1,16,89,16,2237,-3962475.573457923,-3962474.828632677,2.64502959036642,-3962464.589244459,4.849687300011283,0.9347510874818753
1,16,90,16,2253,-3962475.5750958323,-3961455.5277361586,3950.0817064222438,-3946156.92710332,4.791117699991446,0.935251798561151
1,16,91,16,2269,-3962475.5750958323,-3962151.8406384075,1252.9560955589563,-3957299.1628530454,5.07701549999183,0.9357448833888624
1,16,92,16,2285,-3962475.5750958323,-3962151.9157638727,1252.4033407045224,-3957301.378668789,4.434869999997318,0.9362305148795466
1,16,93,16,2301,-3962475.5750958323,-3961455.354517873,3950.105318220556,-3946156.6625545304,4.885879500012379,0.9367088607594937
1,16,94,16,2317,-3962475.5750958323,-3961455.4608447934,3950.0507880023965,-3946156.979963485,4.95875160000287,0.9371800837598884
1,16,95,15,2332,-3962475.5750958323,-3961042.193588938,4182.447667852478,-3946152.992390435,5.015698100003647,0.9376155268022182
1,16,96,15,2347,-3962475.5756508317,-3962130.3830802804,1290.9259910531473,-3957300.180469755,4.857079600013094,0.9380449747590638
1,16,97,15,2362,-3962475.5756508317,-3960299.5138208508,5547.676836154445,-3946154.3287354,4.3878562999889255,0.9384685505925251
1,16,98,15,2377,-3962475.5759023875,-3962130.359569119,1290.7901569909973,-3957300.6654327232,4.397277200012468,0.9388863739248529
1,16,99,15,2392,-3962475.5759023875,-3962475.4882969134,0.1886624322625724,-3962474.826036131,4.966690799978096,0.9392985611510791
1,16,100,15,2407,-3962475.5797104165,-3962130.3706860295,1290.7873866964346,-3957300.687009426,4.356412099994486,0.9397052255471192
1,16,101,15,2422,-3962475.5800803117,-3961440.197380533,2070.444603613805,-3957298.7709330022,4.51848020000034,0.9401064773735581
1,16,102,14,2436,-3962475.5800803117,-3962475.4472691887,0.36601057820945365,-3962474.153332237,4.212790899997344,0.9404761904761905
1,16,103,14,2450,-3962475.5800803117,-3962475.463301079,0.19991915527587084,-3962475.0572747476,4.1799979000061285,0.9408413672217353
1,16,104,14,2464,-3962475.5800803117,-3962475.5626717964,0.01709828524141353,-3962475.516990479,4.107052300008945,0.9412020905923345
1,16,105,14,2478,-3962475.5800803117,-3962105.9606323317,1332.6406009900975,-3957301.056613758,4.040123499988113,0.9415584415584416
1,16,106,14,2492,-3962475.5800803117,-3962475.546389967,0.06419130005316884,-3962475.3633815255,4.641054300009273,0.9419104991394148
1,16,107,14,2506,-3962475.5800803117,-3962105.832724263,1332.9463472127202,-3957299.8263361715,4.300365700008115,0.9422583404619332
1,16,108,14,2520,-3962475.5800803117,-3961736.231973895,1810.992894890586,-3957299.4660007358,4.462441500014393,0.9426020408163265
1,16,109,14,2534,-3962475.5800803117,-3962475.5283304774,0.09549351089302288,-3962475.2213559058,4.755858899996383,0.9429416737109044
1,16,110,13,2547,-3962475.5800803117,-3961679.2579667973,1867.5246139408978,-3957299.4968089964,3.851049900025828,0.9432534678436317
1,16,111,13,2560,-3962475.5800803117,-3961679.3696607775,1867.2571533379326,-3957299.521560276,4.345788899983745,0.943561872909699
1,16,112,13,2573,-3962475.5806538984,-3962077.418363837,1379.2486903744377,-3957299.5607478656,4.6698394999839365,0.9438669438669439
1,16,113,13,2586,-3962475.5806538984,-3962077.4089313573,1379.2244350887086,-3957299.6353399567,3.8029836999776307,0.9441687344913151
1,16,114,13,2599,-3962475.5806538984,-3962475.493765838,0.2135885975310647,-3962474.7632736377,3.912839199998416,0.9444672974084739
1,16,115,13,2612,-3962475.5806538984,-3962077.3688995955,1379.2095531303175,-3957299.646888498,4.247426599991741,0.9447626841243862
1,16,116,13,2625,-3962475.5806538984,-3960822.161202448,4450.9258141698,-3946157.253596818,4.055135700007668,0.945054945054945
1,16,117,13,2638,-3962475.5808315873,-3961679.258079578,1867.519626253953,-3957299.522180017,4.214020400017034,0.9453441295546559
1,16,118,13,2651,-3962475.5808315873,-3962475.5685759005,0.012001726272657255,-3962475.539470393,3.9590876000002027,0.9456302859444221
1,16,119,12,2663,-3962475.5808315873,-3962475.5000159387,0.200940853536683,-3962474.8426018544,3.5698825999861583,0.9458917835671342
1,16,120,12,2675,-3962475.5811860487,-3962475.562805532,0.02098234436356729,-3962475.5181183703,4.165654700016603,0.9461507778220981
1,16,121,12,2687,-3962475.5811860487,-3962475.5656892187,0.03222558735606168,-3962475.460131349,3.975738899986027,0.9464073044859072
1,16,122,12,2699,-3962475.5811860487,-3962475.5731094945,0.010303552114601771,-3962475.541457776,4.024510100018233,0.9466613986566574
1,16,123,12,2711,-3962475.5811860487,-3961612.9016668065,1928.9932043046317,-3957299.516781913,4.080999999976484,0.9469130947699568
1,16,124,12,2723,-3962475.5811860487,-3961181.511294663,2241.2608791196812,-3957299.483707713,4.147512800002005,0.9471624266144814
1,16,125,12,2735,-3962475.5811860487,-3962044.2392614563,1430.5803321032242,-3957299.541067457,3.8037631000042893,0.9474094273470978
1,16,126,12,2747,-3962475.5811860487,-3962044.152297457,1430.8711711845708,-3957298.4894993417,4.264228300016839,0.9476541295075611
1,16,127,12,2759,-3962475.5811860487,-3962044.1833206867,1430.52738090254,-3957299.660791002,4.106804000010015,0.9478965650328058
1,16,128,11,2770,-3962475.5811860487,-3961063.9067419576,2305.233812556789,-3957299.365029428,3.441752599988831,0.9481168332052268
1,16,129,11,2781,-3962475.5811860487,-3962475.5631265044,0.03292657388137898,-3962475.4602749236,4.206401500006905,0.9483352468427095
1,16,130,11,2792,-3962475.5811860487,-3962475.574686328,0.010430186079629821,-3962475.5434313007,3.3070245000126306,0.9485518292682927
1,16,131,11,2803,-3962475.5811860487,-3962005.0271757175,1487.9956679744553,-3957299.571716491,3.6202367000223603,0.9487666034155597
1,16,132,11,2814,-3962475.5811860487,-3962475.57043612,0.01829428019743054,-3962475.515663659,3.7141330000013113,0.9489795918367347
1,16,133,11,2825,-3962475.5811860487,-3962475.5762211652,0.006465861183284728,-3962475.5576881263,3.6708625000028405,0.9491908167105758
1,16,134,11,2836,-3962475.5811860487,-3962475.5769936075,0.003845944721012104,-3962475.568359295,3.879412299982505,0.949400299850075
1,16,135,11,2847,-3962475.5811860487,-3962475.5721120103,0.013615022136262322,-3962475.533596875,3.705178000003798,0.9496080627099664
1,16,136,11,2858,-3962475.5811860487,-3962475.576673655,0.0034967839909348423,-3962475.571150724,3.673606700001983,0.949814126394052
1,16,137,11,2869,-3962475.581548106,-3962475.563522889,0.02886503479120928,-3962475.486447623,4.224661699990975,0.9500185116623473
1,16,138,10,2879,-3962475.581548106,-3962475.5727359788,0.010035797067499486,-3962475.5443550404,3.206960399984382,0.9502028771670971
1,16,139,10,2889,-3962475.581548106,-3960922.796329518,2371.913714812576,-3957299.4822240546,3.8594041999895126,0.9503858875413451
1,16,140,10,2899,-3962475.581548106,-3961957.971408776,1552.8103764224675,-3957299.5402795486,3.0082006999873556,0.9505675576711827
1,16,141,10,2909,-3962475.581548106,-3961957.976045847,1552.8023186701118,-3957299.5690898485,3.5534701000142377,0.9507479022254651
1,16,142,10,2919,-3962475.581548106,-3961957.9681682265,1552.8212499811432,-3957299.504418304,3.475001799990423,0.95092693565976
1,16,143,10,2929,-3962475.581548106,-3961958.052580322,1552.5586279993636,-3957300.3766964544,3.702755599981174,0.9511046722202101
1,16,144,10,2939,-3962475.581548106,-3961958.0667854897,1552.517184398232,-3957300.5152323563,3.0892777000262868,0.9512811259473114
1,16,145,10,2949,-3962475.581548106,-3961957.980859831,1552.7810912155742,-3957299.6375862285,3.474602100002812,0.9514563106796117
1,16,146,10,2959,-3962475.581548106,-3961958.132145858,1552.3349672077081,-3957301.1272442564,3.169092600001022,0.9516302400573271
1,16,147,10,2969,-3962475.581548106,-3962475.575719015,0.00947257106814134,-3962475.5477154274,3.5086213999893516,0.9518029275258836
1,16,148,10,2979,-3962475.581548106,-3961957.977521242,1552.805259085634,-3957299.5617439877,3.401513300021179,0.951974386339381
1,16,149,10,2989,-3962475.581548106,-3960405.253000015,2535.593163250256,-3957299.515275607,3.1207375999947544,0.9521446295639844
1,16,150,9,2998,-3962475.581548106,-3961900.4624273726,1626.6698991659748,-3957299.545161573,3.16555890001473,0.9522968197879859
1,16,151,9,3007,-3962475.581548106,-3962475.5720442436,0.009157899416001165,-3962475.5555289034,2.985695500014117,0.952448045086298
1,16,152,9,3016,-3962475.581548106,-3961900.4663808295,1626.6665839801678,-3957299.558491785,2.871045200008666,0.9525983146067416
1,16,153,9,3025,-3962475.581548106,-3961900.4574953415,1626.6903376670548,-3957299.482420724,3.0207094000070356,0.9527476373818691
1,16,154,9,3034,-3962475.581548106,-3962475.5768258777,0.005372411642729083,-3962475.5626404807,2.864779499999713,0.9528960223307746
1,16,155,9,3043,-3962475.581548106,-3962475.5729051125,0.01035293656364854,-3962475.548400186,3.0900638999883085,0.9530434782608695
1,16,156,9,3052,-3962475.581548106,-3961900.462092855,1626.6588736861277,-3957299.5760119595,2.9225080999895,0.9531900138696255
1,16,157,9,3061,-3962475.581548106,-3962475.5747992937,0.007165390773900418,-3962475.555703001,3.0295624999853317,0.9533356377462842
1,16,158,9,3070,-3962475.5815719664,-3962475.56936734,0.01961212283587032,-3962475.515559679,3.1464116999995895,0.9534803583735355
1,16,159,9,3079,-3962475.5815719664,-3962475.5778592965,0.00346634769032453,-3962475.56988124,3.9999762999941595,0.9536241841291653
1,16,160,9,3088,-3962475.5815719664,-3962475.5743921646,0.007514005837397643,-3962475.554782614,2.926683600002434,0.9537671232876712
1,16,161,9,3097,-3962475.5815719664,-3962475.578773508,0.0030611508163965566,-3962475.57135652,3.061679699982051,0.9539091840218504
1,16,162,8,3105,-3962475.5815719664,-3962475.5780845713,0.003651082478137072,-3962475.569368137,2.42732619997696,0.9540347293156282
1,16,163,8,3113,-3962475.5815719664,-3962475.5786717655,0.004094395667054487,-3962475.5685982835,2.4469433999911416,0.9541595925297114
1,16,164,8,3121,-3962475.5815719664,-3962475.5745000932,0.007154978064944502,-3962475.561099874,2.3029070000047795,0.9542837792075856
1,16,165,8,3129,-3962475.5815719664,-3962475.5781520233,0.007455657328166874,-3962475.5584392156,2.466307399998186,0.9544072948328267
1,16,166,8,3137,-3962475.5815719664,-3962475.5770658515,0.007581717639872535,-3962475.557279641,2.6124835000082385,0.954530144829909
1,16,167,8,3145,-3962475.5816083737,-3962475.5771436645,0.004459679890998552,-3962475.5682013463,2.204792799981078,0.9546523345649983
1,16,168,8,3153,-3962475.5816083737,-3962475.5791288246,0.0035088607491906123,-3962475.5700831246,2.41288680001162,0.9547738693467337
1,16,169,8,3161,-3962475.5816083737,-3962475.5615549544,0.046012020449883596,-3962475.4399018325,2.636776400002418,0.9548947544269963
1,16,170,8,3169,-3962475.5816083737,-3962475.574613046,0.008831522381638647,-3962475.5543332286,2.4473595000163186,0.9550149950016661
1,16,171,8,3177,-3962475.5816083737,-3962475.578218813,0.0031873880687326188,-3962475.5725953616,2.3872621999762487,0.9551345962113659
1,16,172,8,3185,-3962475.5816083737,-3962475.5750922794,0.008878864081458297,-3962475.5538555346,2.9192917000036687,0.9552535631421942
1,16,173,8,3193,-3962475.5816083737,-3962475.578445713,0.0023854833843045212,-3962475.5741115585,2.7006271999853197,0.9553719008264463
1,16,174,8,3201,-3962475.5816083737,-3962475.579346847,0.002574095808919338,-3962475.5732584577,2.456435900006909,0.9554896142433235
1,16,175,8,3209,-3962475.5816083737,-3962475.573930725,0.008016786364983215,-3962475.557293672,2.68270050000865,0.9556067083196317
1,16,176,7,3216,-3962475.5816083737,-3962475.579826277,0.0021025922929510674,-3962475.5754517205,2.2875942999962717,0.9557086614173228
1,16,177,7,3223,-3962475.5816083737,-3962475.5744236195,0.004061287034696117,-3962475.5658718944,2.4930458999879193,0.955810147299509
1,16,178,7,3230,-3962475.5816083737,-3962475.5734225907,0.008941593568001378,-3962475.5541694667,2.252998000010848,0.9559111691704768
1,16,179,7,3237,-3962475.5816083737,-3962475.578744917,0.004008578729415496,-3962475.5697560776,2.454393499996513,0.9560117302052786
1,16,180,7,3244,-3962475.582361942,-3962475.579486459,0.0028434262712407296,-3962475.5737787336,2.231304800021462,0.956111833550065
1,16,181,7,3251,-3962475.582361942,-3962475.5774376327,0.004559212439878823,-3962475.5671426,2.3428768000158016,0.9562114823224133
1,16,182,7,3258,-3962475.582361942,-3962475.578936475,0.0019181765094762524,-3962475.576168429,2.390451799990842,0.9563106796116505
1,16,183,7,3265,-3962475.582361942,-3962475.578541613,0.004816049552358039,-3962475.567290686,2.2129323999979533,0.9564094284791734
1,16,184,7,3272,-3962475.582361942,-3962475.57832192,0.005331924551445912,-3962475.565569032,2.2731083999969997,0.9565077319587629
1,16,185,7,3279,-3962475.582361942,-3962475.5732948445,0.006607418527117525,-3962475.5625538677,2.7232890000159387,0.9566055930568949
1,16,186,7,3286,-3962475.582361942,-3962475.579652284,0.0020010039893119495,-3962475.5772196706,2.7180804000236094,0.9567030147530469
1,16,187,7,3293,-3962475.582361942,-3962475.575460968,0.009483444671267785,-3962475.552494673,2.425594700005604,0.9568
1,16,188,7,3300,-3962475.582361942,-3962475.576615505,0.006309406802083808,-3962475.56157762,2.0790603999921586,0.9568965517241379
1,16,189,7,3307,-3962475.582361942,-3962475.5783888674,0.0018556251165672683,-3962475.575551985,2.6139053000079002,0.9569926728257406
1,16,190,7,3314,-3962475.582361942,-3962475.5797530664,0.0016242937973774225,-3962475.5773955137,2.5791215999925043,0.9570883661792753
1,16,191,7,3321,-3962475.582361942,-3962475.573337,0.010459868742557615,-3962475.549496483,2.3406748000124935,0.9571836346336822
1,16,192,6,3327,-3962475.582361942,-3961612.920152666,1928.9637874635844,-3957299.625997763,2.057995999988634,0.9572649572649573
1,16,193,6,3333,-3962475.582361942,-3962475.5737973773,0.005840108029789304,-3962475.561605457,2.111141500005033,0.957345971563981
1,16,194,6,3339,-3962475.582361942,-3962475.5745939524,0.00740418160352309,-3962475.5590957403,1.9752528000099119,0.9574266792809839
1,16,195,6,3345,-3962475.582361942,-3962475.573825173,0.009951942343484822,-3962475.5523968134,2.191331199981505,0.9575070821529745
1,16,196,6,3351,-3962475.582361942,-3962475.577375703,0.0035790693491075045,-3962475.570273539,1.9481077000091318,0.9575871819038643
1,16,197,6,3357,-3962475.582361942,-3962475.578390859,0.0010518315338032718,-3962475.5772913285,2.4045286000182386,0.9576669802445907
1,16,198,6,3363,-3962475.582361942,-3962475.5462272936,0.06003006237034563,-3962475.4135397524,2.231553400022676,0.9577464788732394
1,16,199,6,3369,-3962475.582361942,-3962475.5787454373,0.0015597916583035781,-3962475.5772698186,2.085511899989797,0.9578256794751641
1,16,200,6,3375,-3962475.582361942,-3962475.5787193254,0.002091883710149231,-3962475.575461557,2.7391168999893125,0.9579045837231057
1,16,201,6,3381,-3962475.582361942,-3962475.5700008734,0.010406048463304354,-3962475.550916111,2.5161164999881294,0.957983193277311
1,16,202,6,3387,-3962475.582361942,-3962475.5800154507,0.001183074292397381,-3962475.5781372134,2.4645939999900293,0.9580615097856477
1,16,203,6,3393,-3962475.582361942,-3962475.5768474075,0.003574830266203473,-3962475.5695519093,2.2295309000182897,0.958139534883721
1,16,204,6,3399,-3962475.582361942,-3962475.5800686865,0.001488212088035302,-3962475.577279553,2.512660499982303,0.958217270194986
1,16,205,6,3405,-3962475.582361942,-3962475.5771564096,0.006048639978322176,-3962475.564469857,2.3218667000182904,0.9582947173308619
1,16,206,6,3411,-3962475.582361942,-3962475.5788534353,0.0019914901153480053,-3962475.576433085,2.064658600022085,0.9583718778908418
1,16,207,6,3417,-3962475.582361942,-3962475.57762879,0.005176071640562166,-3962475.5675907936,2.1951997999858577,0.9584487534626038
1,16,208,6,3423,-3962475.582361942,-3962475.573053283,0.01294461256077878,-3962475.5476683937,2.1908608000085223,0.9585253456221198
1,16,209,6,3429,-3962475.582361942,-3962475.5801138286,0.0019866366714366983,-3962475.577256266,2.3896663999767043,0.9586016559337627
1,16,210,6,3435,-3962475.582361942,-3962475.5801380635,0.001957543077786618,-3962475.57679135,2.1575215999910142,0.9586776859504132
1,16,211,5,3440,-3962475.582361942,-3962475.556407336,0.04856071405517057,-3962475.459291026,2.2838480999926105,0.9587408312958435
1,16,212,5,3445,-3962475.582361942,-3962475.576934946,0.005588765422884069,-3962475.5664102696,1.787286500009941,0.9588037839487336
1,16,213,5,3450,-3962475.582361942,-3962475.5757069737,0.008454742237567496,-3962475.55936498,2.0433974000043236,0.9588665447897623
1,16,214,5,3455,-3962475.582361942,-3962475.579451044,0.0026560212198582936,-3962475.5760245696,1.8010053999896627,0.9589291146942501
1,16,215,5,3460,-3962475.582361942,-3962475.572269211,0.009613143800122518,-3962475.553820895,2.212017499987269,0.9589914945321992
1,16,216,5,3465,-3962475.582361942,-3962475.5795872076,0.0023145913916766186,-3962475.5764123052,1.7217296000162605,0.9590536851683349
1,16,217,5,3470,-3962475.5823637713,-3962475.580166869,0.001997714270284224,-3962475.577167291,1.966324999986682,0.9591156874621442
1,16,218,5,3475,-3962475.5823637713,-3962475.5757078156,0.007854726819225648,-3962475.560415186,2.285220699995989,0.9591775022679165
1,16,219,5,3480,-3962475.5823637713,-3962475.579495142,0.002472623582390051,-3962475.576110011,2.027540000010049,0.9592391304347826
1,16,220,5,3485,-3962475.5823637713,-3962475.5792199494,0.003293281078978236,-3962475.5731856115,2.3078718000033405,0.9593005728067531
1,16,221,5,3490,-3962475.5823637713,-3962475.578323462,0.0030822137278247314,-3962475.574179115,1.7267646999971475,0.9593618302227573
1,16,222,5,3495,-3962475.5823637713,-3962475.580497364,0.00174899893927618,-3962475.577147944,2.60309559997404,0.9594229035166817
1,16,223,5,3500,-3962475.5823637713,-3962475.5744626196,0.0073253756878074285,-3962475.5651008505,1.7225283999869134,0.959483793517407
1,16,224,5,3505,-3962475.5823637713,-3962475.581128451,0.0006815695170481635,-3962475.580059506,2.151673899992602,0.9595445010488463
1,16,225,5,3510,-3962475.5823637713,-3962475.578598623,0.0032246908486188563,-3962475.5743058696,1.7358180999872275,0.9596050269299821
1,16,226,5,3515,-3962475.5823678635,-3962475.5788426534,0.0060138355455807676,-3962475.5668278877,1.730219000019133,0.9596653719749029
1,16,227,5,3520,-3962475.5823678635,-3962475.580390728,0.0024984799451544873,-3962475.5753945895,1.9574568000098225,0.9597255369928401
1,16,228,5,3525,-3962475.5823678635,-3962475.581265135,0.0003930160288954724,-3962475.580545837,1.8726436000142712,0.9597855227882037
1,16,229,5,3530,-3962475.5823678635,-3962475.579831429,0.002531381399375372,-3962475.5748487767,2.2895296000060625,0.9598453301606187
1,16,230,5,3535,-3962475.5823678635,-3962475.5813022302,0.0007873373328873484,-3962475.5798558053,2.4247378000000026,0.9599049599049599
1,16,231,5,3540,-3962475.5823678635,-3962475.578450498,0.004667158950261328,-3962475.5696920287,2.244725099997595,0.9599644128113879
1,16,232,5,3545,-3962475.5823678635,-3962475.5788062317,0.002358615232597922,-3962475.575637508,2.6327167999988887,0.9600236896653834
1,16,233,4,3549,-3962475.5823678635,-3962475.5779712014,0.00443207806079333,-3962475.5710027236,1.895960499998182,0.9600709849157054
1,16,234,4,3553,-3962475.5823678635,-3962475.580800578,0.0016245144467219885,-3962475.5779881254,1.8063429000030737,0.9601181683899557
1,16,235,4,3557,-3962475.5823678635,-3962475.576545183,0.0035799707653851203,-3962475.5726559237,1.7541874999878928,0.9601652404839186
1,16,236,4,3561,-3962475.5823678635,-3962475.578119202,0.0029490693664267265,-3962475.573797891,1.9032960000040475,0.9602122015915119
1,16,237,4,3565,-3962475.5823678635,-3962475.579730946,0.0032986910270179953,-3962475.5740183983,2.1191539999854285,0.9602590521047983
1,16,238,4,3569,-3962475.5823678635,-3962475.5815928704,0.00020576017139692842,-3962475.5812506713,2.6659690999949817,0.9603057924139958
1,16,239,4,3573,-3962475.5823678635,-3962475.572641403,0.009684835567515395,-3962475.556246223,2.4942740999977104,0.960352422907489
1,16,240,4,3577,-3962475.5823678635,-3962475.5778188086,0.0025002302024166793,-3962475.5748438444,2.2972259999951348,0.9603989439718392
1,16,241,4,3581,-3962475.5823678635,-3962475.5762016773,0.008926314785571725,-3962475.5607502945,1.64510260001407,0.960445355991796
1,16,242,4,3585,-3962475.5823678635,-3962475.581680656,0.00018826301036558245,-3962475.5814507846,1.722360400017351,0.9604916593503073
1,16,243,4,3589,-3962475.5823678635,-3962475.539878296,0.056860816143118026,-3962475.443551356,1.970921800006181,0.9605378544285297
1,16,244,4,3593,-3962475.5823678635,-3962475.5715704327,0.006740558299949679,-3962475.561654605,1.5625365000159945,0.9605839416058394
1,16,245,4,3597,-3962475.5823678635,-3962475.5785122924,0.0014195258507357295,-3962475.5771114714,1.815512499975739,0.9606299212598425
1,17,0,36,36,4628595.769916326,69718060.64629477,57174670.96584248,218594119.83632833,67.17220790000283,0.25
1,17,1,36,72,0.00013497109605253854,43590937.43308443,40684524.833761476,159619050.84232304,58.8533771999937,0.3103448275862069
1,17,2,35,107,-1643861.2148179412,25681154.1565239,39272380.06069418,212248419.7785016,50.05962380001438,0.3333333333333333
1,17,3,35,142,-2657283.4644002486,15624056.557442805,25638408.776210684,119991154.13921677,48.65314260000014,0.3177570093457944
1,17,4,35,177,-3091334.9118915815,14509631.916606525,24880182.651081823,97103009.14059061,34.951219600014156,0.33064516129032256
1,17,5,34,211,-3091334.9118915815,9518484.470853733,23082832.756413344,105597446.73764214,35.40294230001746,0.3357142857142857
1,17,6,34,245,-3091334.9118915815,9495182.35254813,22184089.246597074,101400658.0305014,26.40040250000311,0.35714285714285715
1,17,7,34,279,-3091334.9118915815,3910508.9567102706,9975102.065645732,48116137.818544954,34.932738600007724,0.3684210526315789
1,17,8,34,313,-3929286.87848418,4024985.140047033,10359014.950848442,48116137.81854594,31.943786300020292,0.3850267379679144
1,17,9,33,346,-3929286.8784870785,3053935.937803184,6900371.43150776,24697145.653361164,30.24063549999846,0.39901477832512317
1,17,10,33,379,-3929286.8784870785,2161941.9594390104,6902974.769481928,22158866.43712005,39.35133350000251,0.43859649122807015
1,17,11,33,412,-3929286.8784870785,1718652.9286005243,6345375.568132719,23369076.354083814,34.33737639998435,0.4701195219123506
1,17,12,32,444,-3929286.8784870785,585589.569986205,4478295.938183567,15115262.278075313,34.41756549998536,0.49264705882352944
1,17,13,32,476,-3929286.8784870785,41021.026655480964,5146371.17473383,24014500.83218256,30.738393699983135,0.527027027027027
1,17,14,32,508,-3929286.8784870785,1459396.3693528916,7020167.068312451,20713513.298416935,34.332444700005,0.5517241379310345
1,17,15,31,539,-3929286.8784870785,-2172872.534713643,1375686.8990384736,1787875.5674670888,39.25794589999714,0.5821325648414986
1,17,16,31,570,-3929286.8784870785,-783463.9017814009,3863356.0248763883,10103519.325469553,36.284414699999616,0.5994623655913979
1,17,17,31,601,-3929286.8784870785,-1203907.6940590546,4218744.674841279,10726391.210768871,34.0818517000007,0.6225
1,17,18,31,632,-3929286.8784870785,-1600910.9431317775,4247344.838952843,11626684.296084052,35.699890699994285,0.6425233644859814
1,17,19,30,662,-3929286.8784870785,-2272468.3684613407,3093127.4482627055,12831354.791628871,33.92532380000921,0.6644736842105263
1,17,20,30,692,-3929286.8784870785,-2009550.4337671597,3711859.1814112626,10938922.986984083,39.11976530001266,0.6776859504132231
1,17,21,30,722,-3930426.917991141,-3070674.9233836234,2527639.9483240433,10290233.824562158,35.23265479999827,0.6920077972709552
1,17,22,30,752,-3930956.123011198,-2624622.3803857914,3150281.9324849104,11192247.921993613,29.823115300008794,0.7084870848708487
1,17,23,29,781,-3949457.854017405,-3054228.3224034775,2504275.4226177777,8872028.671023658,28.92236789999879,0.7228070175438597
1,17,24,29,810,-3949457.854017405,-3390967.693375653,879079.299979523,-221464.1377047412,24.885257200017804,0.7362270450751253
1,17,25,29,839,-3949457.854017405,-3157545.6544354437,2426496.736608578,9262929.709944706,28.752791999984765,0.748006379585327
1,17,26,29,868,-3949457.854017405,-3537259.331954534,815182.71820716,-244602.97070673644,25.294017700012773,0.7591463414634146
1,17,27,28,896,-3949974.3364780173,-3386278.216380741,2295263.5209837044,8476838.525632514,18.805420799995773,0.7686676427525623
1,17,28,28,924,-3949974.3364780173,-3361837.5022502984,2587562.4407082372,10059886.784706037,22.559398000012152,0.7774647887323943
1,17,29,28,952,-3949974.3364780173,-2788424.1671856493,3754485.880862196,10723430.411285255,14.042180000018561,0.7853260869565217
1,17,30,28,980,-3949974.3364780173,-3381906.6180927637,2448308.829941712,9289334.22770164,25.71353890001774,0.7918848167539267
1,17,31,27,1007,-3955450.7149647083,-3869133.903931892,257025.9274117828,-2577563.7712146956,18.593009900010657,0.7989886219974716
1,17,32,27,1034,-3957478.678093359,-3923284.615319752,32167.73073526934,-3823297.629640922,17.8506699000136,0.8056234718826406
1,17,33,27,1061,-3957478.678093359,-3922940.9504003404,44896.798513140544,-3729660.93212696,17.43360489999759,0.8118343195266272
1,17,34,27,1088,-3957478.678093359,-3925682.8070019674,34076.51583889408,-3793702.3915078845,14.823016600013943,0.8176605504587156
1,17,35,26,1114,-3961533.188535204,-3942908.859813579,15993.34915429318,-3902559.932241382,12.37758619998931,0.8229398663697105
1,17,36,26,1140,-3961533.188535204,-3933408.9343311223,32403.116215691036,-3815519.162005121,14.308794200012926,0.827922077922078
1,17,37,26,1166,-3961533.188535204,-3947566.6702603754,12451.661244940344,-3898733.7777478155,16.994834799988894,0.8326315789473684
1,17,38,26,1192,-3961533.188535204,-3940139.3425332797,24637.487722180827,-3841704.0483634323,10.445234299986623,0.8370901639344263
1,17,39,25,1217,-3961533.188535204,-3944779.6863783193,26017.085157029924,-3849628.5624616295,12.532514999998966,0.8411588411588412
1,17,40,25,1242,-3961533.188535204,-3943621.8750464725,28657.862814596218,-3853533.3355227485,14.292396900011227,0.8450292397660819
1,17,41,25,1267,-3961697.5469837915,-3952153.8927183477,14245.283663526452,-3901607.890328642,13.149133700004313,0.8487155090390105
1,17,42,25,1292,-3962284.193996474,-3952718.5770881576,14879.129206448932,-3910126.3493387345,12.620819599978859,0.8522304832713755
1,17,43,25,1317,-3962367.185289301,-3953592.703977002,11216.095617378674,-3926302.7097516097,10.084104900015518,0.8555858310626703
1,17,44,24,1341,-3962367.185289301,-3950684.217574553,18257.14571126704,-3900136.2826352455,6.622356900013983,0.8586666666666667
1,17,45,24,1365,-3962367.185289301,-3958515.3582290444,6420.602381779425,-3936378.10425047,6.686418199999025,0.8616187989556136
1,17,46,24,1389,-3962367.185289301,-3956464.084104287,7255.620316133026,-3935852.548554929,11.59845249998034,0.8644501278772379
1,17,47,24,1413,-3962367.185289301,-3957330.809150094,7081.283417995379,-3940979.9972035903,7.733304800000042,0.8671679197994987
1,17,48,23,1436,-3962367.185289301,-3957647.100628386,6352.626108932903,-3940452.207269123,7.259279299993068,0.8696721311475409
1,17,49,23,1459,-3962368.920854727,-3960696.504030403,3352.352079664907,-3945972.710371295,6.523244599986356,0.8720836685438456
1,17,50,23,1482,-3962368.920854727,-3959301.4735765676,5760.930666775575,-3943579.0300761145,6.46158010000363,0.8744075829383886
1,17,51,23,1505,-3962368.920854727,-3959765.454783547,4520.364178874203,-3945962.024143541,7.069034499989357,0.8766485647788984
1,17,52,23,1528,-3962368.920854727,-3959946.9933326878,4923.9456851547,-3942659.412357798,6.863875099981669,0.8788109756097561
1,17,53,22,1550,-3962473.122711165,-3961043.0613704678,4141.461081939106,-3942219.3378150277,6.914129499986302,0.8808095952023988
1,17,54,22,1572,-3962473.122711165,-3960515.4892180203,4439.964027336214,-3941479.432034038,6.499092699988978,0.8827433628318584
1,17,55,22,1594,-3962473.122711165,-3961627.6014018375,1280.5338325480413,-3957363.7019320317,6.538897799997358,0.8846153846153846
1,17,56,22,1616,-3962473.122711165,-3961289.8290591408,3337.165914852828,-3946166.18280058,7.082376399979694,0.8864285714285715
1,17,57,22,1638,-3962473.122711165,-3960905.0276925634,3688.301656580462,-3945339.815815622,6.686726499989163,0.8881856540084389
1,17,58,21,1659,-3962473.122711165,-3961528.1950055985,3341.205333325404,-3946627.1071137246,6.772036000009393,0.8898128898128899
1,17,59,21,1680,-3962473.122711165,-3961894.140834754,991.1555850192881,-3958486.91564337,6.357280199998058,0.8913934426229508
1,17,60,21,1701,-3962473.122711165,-3961484.257656672,3464.425585007473,-3946019.345410133,6.501797799981432,0.8929292929292929
1,17,61,21,1722,-3962474.695035929,-3960762.4069406753,4732.802754633401,-3946193.970559558,6.435533200012287,0.8944223107569721
1,17,62,21,1743,-3962474.695035929,-3962211.334882983,600.21927254054,-3959701.8683080543,5.903674899978796,0.8958742632612967
1,17,63,21,1764,-3962474.695035929,-3961623.2482553893,3421.5751698812883,-3946324.6282087974,6.414527300017653,0.8972868217054264
1,17,64,20,1784,-3962474.695035929,-3962172.6684732838,1109.963092493845,-3957337.276533317,6.231585300003644,0.8985969387755102
1,17,65,20,1804,-3962474.695035929,-3961363.342642403,3812.340705003781,-3944834.9607181977,6.294046199996956,0.8998740554156172
1,17,66,20,1824,-3962475.2890807893,-3962255.7825184427,379.21475685339226,-3961061.786082372,6.070073800015962,0.9011194029850746
1,17,67,20,1844,-3962475.2890807893,-3961601.954692626,3545.9426510056437,-3946149.533539677,6.143274600006407,0.9023341523341524
1,17,68,20,1864,-3962475.2890807893,-3961921.508098311,1539.8381527481363,-3957303.230216371,5.812216999998782,0.9035194174757282
1,17,69,19,1883,-3962475.2890807893,-3962448.7447755774,35.21708919492689,-3962341.2312226947,5.839148600003682,0.904619076184763
1,17,70,19,1902,-3962475.295400219,-3961898.7441258924,1576.5919773659118,-3957303.3791049495,5.380135200015502,0.905693950177936
1,17,71,19,1921,-3962475.295400219,-3961601.6706906697,1871.1628668638355,-3957279.163563816,6.058559800003422,0.9067448680351906
1,17,72,19,1940,-3962475.295400219,-3960314.738476181,5029.536223395977,-3946132.2836630084,5.701507599995239,0.9077726218097448
1,17,73,19,1959,-3962475.295400219,-3961915.2902403944,1581.4909307098187,-3957304.2681360506,5.979080099990824,0.9087779690189329
1,17,74,19,1978,-3962475.4509049077,-3962192.0884410283,1150.164667095488,-3957312.9031336084,5.8579754999955185,0.9097616345062429
1,17,75,18,1996,-3962475.4509049077,-3962174.530325251,1180.9688981101338,-3957305.9695575405,5.01664840002195,0.9106741573033708
1,17,76,18,2014,-3962475.4509049077,-3961887.753549181,1622.692448352765,-3957282.1294415295,5.1842497999896295,0.9115684093437152
1,17,77,18,2032,-3962475.4509049077,-3962180.1027934947,1179.763283593984,-3957316.0668568704,5.268910400016466,0.9124449339207048
1,17,78,18,2050,-3962475.514634339,-3961276.9472711897,3853.7854265323285,-3946157.712943312,5.523794600012479,0.9133042529989095
1,17,79,18,2068,-3962475.514634339,-3957939.181110281,7311.2449595035105,-3946122.2238903847,4.888573300006101,0.9141468682505399
1,17,80,18,2086,-3962475.514634339,-3959462.114327817,6070.157038850201,-3946134.1958867777,5.619540499988943,0.9149732620320855
1,17,81,17,2103,-3962475.514634339,-3957674.276634148,7434.674459372777,-3946151.8281789515,4.902576099993894,0.9157392686804452
1,17,82,17,2120,-3962475.514634339,-3960553.5481244763,5258.558432682915,-3946150.5444162693,5.089723299985053,0.9164915966386554
1,17,83,17,2137,-3962475.514634339,-3958680.8096001805,6109.602827088205,-3946155.9446063694,4.833653600013349,0.9172306090577824
1,17,84,17,2154,-3962475.514634339,-3957720.613072788,6693.340002868464,-3946136.155964723,4.882615700014867,0.9179566563467493
1,17,85,17,2171,-3962475.555193292,-3959593.949182559,6222.358281161356,-3946140.1917731315,5.588593599997694,0.9186700767263427
1,17,86,17,2188,-3962475.555193292,-3960554.728038423,5257.360218119204,-3946156.4998884536,4.752101099991705,0.9193711967545639
1,17,87,17,2205,-3962475.555193292,-3960250.1319906823,5288.782579016706,-3946140.350221811,5.597122299979674,0.9200603318250377
1,17,88,16,2221,-3962475.555193292,-3956354.529491552,7899.152078418941,-3946153.482687503,4.683968499972252,0.9206982543640898
1,17,89,16,2237,-3962475.556464225,-3959413.6022654185,6369.466247937551,-3946151.901694149,4.856872800010024,0.921326076199901
1,17,90,16,2253,-3962475.556464225,-3960434.7290843343,5395.889227645178,-3946157.553893855,4.383617999992566,0.9219440353460973
1,17,91,16,2269,-3962475.556464225,-3960112.419183664,5417.939683851586,-3946157.6267807707,4.709611099999165,0.922552362396493
1,17,92,16,2285,-3962475.556464225,-3958392.963118878,7068.4680824392935,-3946144.7700599413,4.919853100000182,0.9231512808119865
1,17,93,16,2301,-3962475.55708516,-3961455.138919629,3949.807807153907,-3946157.599387387,5.3396929999871645,0.9237410071942446
1,17,94,16,2317,-3962475.55708516,-3960434.4761041836,5397.200964692152,-3946148.9616785124,4.475666000013007,0.9243217515468825
1,17,95,15,2332,-3962475.55708516,-3961385.95522422,4070.136543571723,-3946156.905196024,4.4871894999814685,0.9248582230623819
1,17,96,15,2347,-3962475.567986494,-3960299.114785005,5546.99059365012,-3946156.6264141556,4.4981675000162795,0.9253871421867668
1,17,97,15,2362,-3962475.576656712,-3958122.552650305,7217.877148830609,-3946141.1325023826,4.9675635999883525,0.9259086672879776
1,17,98,15,2377,-3962475.576656712,-3958123.477957668,7215.253669071931,-3946156.771639388,5.1051012000243645,0.9264229523368811
1,17,99,15,2392,-3962475.576656712,-3962475.2728474434,0.35900801365079515,-3962474.1364837773,5.141059699992184,0.9269301470588235
1,17,100,15,2407,-3962475.576656712,-3962475.257885451,0.5029104823483327,-3962473.792113319,4.872935899998993,0.9274303970789594
1,17,101,15,2422,-3962475.576656712,-3960298.9215893787,5547.4548452756535,-3946154.853624467,4.720448400010355,0.9279238440616501
1,17,102,14,2436,-3962475.576656712,-3962474.575069097,1.1360004730011464,-3962471.9774769247,3.9406366999901365,0.9283783783783783
1,17,103,14,2450,-3962475.576656712,-3961309.2396328067,4202.5019640675755,-3946156.9035520554,4.958644199999981,0.9288272157564906
1,17,104,14,2464,-3962475.576656712,-3961309.5205113413,4202.60188921318,-3946156.82403511,4.512063600006513,0.9292704626334519
1,17,105,14,2478,-3962475.576656712,-3962104.981565335,1330.7942712484075,-3957306.7461775355,4.287616599991452,0.9297082228116711
1,17,106,14,2492,-3962475.576656712,-3962105.3064196547,1332.9826942251018,-3957299.1698959656,4.388825500005623,0.930140597539543
1,17,107,14,2506,-3962475.576656712,-3962474.8833693317,0.6491048092869464,-3962473.0093188174,4.2200187999987975,0.9305676855895196
1,17,108,14,2520,-3962475.576656712,-3960570.0489358464,4384.470616922946,-3946154.80819346,4.411894199991366,0.9309895833333334
1,17,109,14,2534,-3962475.576656712,-3961309.019328688,4203.932357239042,-3946151.5258404724,4.387675900012255,0.9314063848144952
1,17,110,13,2547,-3962475.576656712,-3962475.09045594,0.4353542895208044,-3962474.345397832,3.705589899996994,0.9317889317889317
1,17,111,13,2560,-3962475.576656712,-3962076.816601445,1378.8115028162094,-3957300.4740461055,4.182484799996018,0.9321672354948806
1,17,112,13,2573,-3962475.576656712,-3961220.1053194026,4348.063524915194,-3946157.971546583,4.175215600000229,0.9325413661434027
1,17,113,13,2586,-3962475.576656712,-3959964.728651263,5887.664366745252,-3946156.9035406,4.252423899975838,0.9329113924050633
1,17,114,13,2599,-3962475.576656712,-3962475.047358136,0.5899983927521087,-3962473.86879047,4.101090700016357,0.9332773814519513
1,17,115,13,2612,-3962475.5777875427,-3962475.1758580375,0.5283329490346276,-3962474.040764883,4.142877700011013,0.9336393989983306
1,17,116,13,2625,-3962475.5777875427,-3959566.0661491146,5880.555602941094,-3946151.4323234335,3.9268359999987297,0.933997509339975
1,17,117,13,2638,-3962475.5777875427,-3958709.365295859,6875.668090566229,-3946154.7207948137,4.151179899985436,0.9343517753922378
1,17,118,13,2651,-3962475.57787947,-3959566.962607622,5878.819453636463,-3946156.8156746067,3.8081798999919556,0.9347022587268994
1,17,119,12,2663,-3962475.57787947,-3962044.002110448,1430.537109026763,-3957299.447394168,3.9306524000130594,0.935022476501839
1,17,120,12,2675,-3962475.57787947,-3960684.466019807,4604.956880128434,-3946160.6916376576,4.23778670001775,0.9353395689304596
1,17,121,12,2687,-3962475.57787947,-3961612.814591425,1928.5359848970172,-3957299.629284434,4.004094099975191,0.9356535815459328
1,17,122,12,2699,-3962475.57787947,-3960684.25998708,4605.8888335084475,-3946156.8912546504,3.655531800002791,0.9359645590012082
1,17,123,12,2711,-3962475.57787947,-3959390.0348375724,4648.027214693087,-3946156.052534215,4.10978110000724,0.9362725450901803
1,17,124,12,2723,-3962475.5788625814,-3962475.0632421575,1.1109082831538322,-3962471.517668588,3.720232000021497,0.9365775827682489
1,17,125,12,2735,-3962475.5788625814,-3962475.316859393,0.40417307612803827,-3962474.097297877,3.633186500024749,0.9368797141722905
1,17,126,12,2747,-3962475.5788625814,-3961115.4166535563,4510.16316559047,-3946156.8977253623,4.2930526999989524,0.9371789806400632
1,17,127,12,2759,-3962475.5788625814,-3961181.450141339,2241.266850527661,-3957299.069612175,3.475434799998766,0.9374754227290601
1,17,128,11,2770,-3962475.5788625814,-3962475.3794789254,0.36636091798001363,-3962474.3143575136,3.605215200019302,0.937744714173845
1,17,129,11,2781,-3962475.5788625814,-3962475.360989204,0.30530246921875986,-3962474.5968856663,3.7578887999989092,0.9380116959064327
1,17,130,11,2792,-3962475.5788625814,-3962475.4692004398,0.14781332534246022,-3962475.132310724,3.338623399991775,0.9382763975155279
1,17,131,11,2803,-3962475.5788625814,-3960991.903714746,4690.963943854536,-3946157.7732623033,4.355806000006851,0.9385388480865868
1,17,132,11,2814,-3962475.5788625814,-3960992.1174241086,4690.83884099858,-3946158.382553,3.5998074000235647,0.9387990762124712
1,17,133,11,2825,-3962475.5788627397,-3961534.1454858794,1996.5796747609709,-3957298.709474435,4.069086400006199,0.9390571100038329
1,17,134,11,2836,-3962475.5788627397,-3958024.7298501437,7267.840757312666,-3946155.230691621,3.6919985999993514,0.9393129770992367
1,17,135,11,2847,-3962475.5788627397,-3959037.978756501,6247.841128951233,-3946156.9035384636,3.683251000009477,0.9395667046750285
1,17,136,11,2858,-3962475.578868758,-3958567.4384074095,6165.597511682177,-3946156.346209269,3.556285200000275,0.9398183194549584
1,17,137,11,2869,-3962475.578868758,-3960991.9749840726,4691.261228707454,-3946156.9044091776,3.76129709999077,0.9400678477195628
1,17,138,10,2879,-3962475.578868758,-3962475.4853479997,0.12465786578366313,-3962475.2222211882,3.317578999995021,0.9402929027412692
1,17,139,10,2889,-3962475.578868758,-3957580.0247197943,7478.013578606096,-3946156.9022107124,3.282015800010413,0.9405162738496072
1,17,140,10,2899,-3962475.5788760185,-3960326.072469349,4968.7683742665195,-3946156.9061946087,3.51392389999819,0.9407379798732762
1,17,141,10,2909,-3962475.578997519,-3960843.68604294,4895.590795432032,-3946156.9136577696,3.275692099996377,0.9409580393613071
1,17,142,10,2919,-3962475.578997519,-3959211.9008230804,6527.120776501288,-3946156.88745882,3.3050223999889567,0.9411764705882353
1,17,143,10,2929,-3962475.578997519,-3962475.463706373,0.17250369926274167,-3962475.0756460093,3.29077170000528,0.9413932915591596
1,17,144,10,2939,-3962475.5800209884,-3962475.5055280537,0.11849932226296259,-3962475.1758136395,3.6895719000021927,0.9416085200146896
1,17,145,10,2949,-3962475.5800209884,-3959211.873838504,6527.392498762502,-3946156.8882110603,3.3581131999962963,0.9418221734357849
1,17,146,10,2959,-3962475.5800209884,-3960922.779799135,2371.893691851011,-3957299.5052507017,4.175850500003435,0.9420342690484871
1,17,147,10,2969,-3962475.5800209884,-3960405.151480918,2535.6185579580047,-3957299.5338404123,2.99837319998187,0.9422448238285507
1,17,148,10,2979,-3962475.5800209884,-3960326.088370482,4968.774727648989,-3946156.8941068724,3.724365800007945,0.9424538545059717
1,17,149,10,2989,-3962475.5800215937,-3961957.899325254,1552.8867183641594,-3957299.2391747124,3.3134265999833588,0.9426613775694194
1,17,150,9,2998,-3962475.5800215937,-3962475.5759363323,0.0030131303638924567,-3962475.5705035925,2.899941999989096,0.9428468727534148
1,17,151,9,3007,-3962475.5800215937,-3961900.4629241014,1626.6591497535298,-3957299.5760622397,3.011351900000591,0.9430311716230741
1,17,152,9,3016,-3962475.5800215937,-3962475.524328212,0.07493261826310298,-3962475.378936872,3.10939729999518,0.9432142857142857
1,17,153,9,3025,-3962475.5800215937,-3962475.5747388303,0.003985471564826769,-3962475.5678436607,2.941297100012889,0.9433962264150944
1,17,154,9,3034,-3962475.5800215937,-3962475.57271081,0.006993997902184607,-3962475.5592946038,3.1023874999955297,0.9435770049680624
1,17,155,9,3043,-3962475.5800215937,-3962475.532633083,0.10899954042524701,-3962475.2254398055,3.050036900007399,0.9437566324725858
1,17,156,9,3052,-3962475.580205258,-3962475.5775047075,0.002754521497893839,-3962475.5721166544,2.8263423000171315,0.943935119887165
1,17,157,9,3061,-3962475.580205258,-3961325.343813171,2151.879162047598,-3957299.539208511,3.394169700011844,0.9441124780316345
1,17,158,9,3070,-3962475.580205258,-3961325.3463998158,2151.8800126385026,-3957299.5364221055,3.174461300019175,0.9442887175893483
1,17,159,9,3079,-3962475.580205258,-3961325.3345817127,2151.85939427452,-3957299.569691358,2.7106897000048775,0.9444638491093259
1,17,160,9,3088,-3962475.580760943,-3960175.119386611,2571.986120763071,-3957299.5276456606,2.6457050000026356,0.9446378830083565
1,17,161,9,3097,-3962475.580760943,-3961900.454520512,1626.6682202108175,-3957299.5420037154,2.7845818999921903,0.944810829573065
1,17,162,8,3105,-3962475.580760943,-3959887.57221506,2588.0077831900167,-3957299.5471495595,2.676853900018614,0.944963655244029
1,17,163,8,3113,-3962475.580760943,-3961828.5722553674,1711.8100060022343,-3957299.548687719,2.4314854000112973,0.9451156368657232
1,17,164,8,3121,-3962475.580760943,-3961181.5760270855,2241.268031282706,-3957299.5720783677,2.3811920000007376,0.9452667814113598
1,17,165,8,3129,-3962475.580898892,-3960534.574002065,2505.8216254762588,-3957299.542020574,2.503295900009107,0.945417095777549
1,17,166,8,3137,-3962475.580898892,-3961181.5739903473,2241.27391493872,-3957299.5734546,2.8440585000207648,0.9455665867853474
1,17,167,8,3145,-3962475.580898892,-3960534.575230998,2505.8218847286807,-3957299.554177964,2.4573701999906916,0.9457152611812906
1,17,168,8,3153,-3962475.580898892,-3960534.5734038493,2505.8281117383117,-3957299.5545231886,2.632606700004544,0.9458631256384066
1,17,169,8,3161,-3962475.580898892,-3961828.5787773253,1711.7998637701924,-3957299.5820434876,2.4532330999791157,0.9460101867572156
1,17,170,8,3169,-3962475.580898892,-3962475.578478855,0.0023859801668471964,-3962475.5725649316,2.57196020000265,0.9461564510667119
1,17,171,8,3177,-3962475.580898892,-3962475.5773513876,0.0050143331548221926,-3962475.567507636,2.4537438999977894,0.9463019250253293
1,17,172,8,3185,-3962475.5809518564,-3962475.579784613,0.001730840889467188,-3962475.575345585,2.5927354999876115,0.9464466150218929
1,17,173,8,3193,-3962475.581060199,-3962475.5804282837,0.000941866038381639,-3962475.5780046526,2.3137268999998923,0.9465905273765536
1,17,174,8,3201,-3962475.581060199,-3962475.575833426,0.0035003428284959576,-3962475.5710494705,2.471764100017026,0.9467336683417086
1,17,175,8,3209,-3962475.581060199,-3962475.5775230657,0.0038868407864738022,-3962475.568174718,2.7469276000047103,0.9468760441029068
1,17,176,7,3216,-3962475.581060199,-3962475.5795757105,0.0018382589790877024,-3962475.5754950084,2.1115358999813907,0.947
1,17,177,7,3223,-3962475.581061974,-3962475.57735433,0.005343795183451352,-3962475.564917896,2.214987999992445,0.94712337878284
1,17,178,7,3230,-3962475.5815413054,-3962475.5805608556,0.0006960793050262236,-3962475.5795209035,2.5161982999998145,0.9472461844724619
1,17,179,7,3237,-3962475.5815413054,-3962475.578422915,0.0029638334222073545,-3962475.571622528,2.283958799991524,0.9473684210526315
1,17,180,7,3244,-3962475.5815413054,-3962475.577878841,0.004685905353432559,-3962475.566858722,2.713417099992512,0.9474900924702774
1,17,181,7,3251,-3962475.5815413054,-3962475.578460388,0.0030943982783083416,-3962475.572894126,2.270996599982027,0.9476112026359144
1,17,182,7,3258,-3962475.5815413054,-3962475.5800725366,0.001404383361027924,-3962475.5768108144,2.4467524999927264,0.9477317554240631
1,17,183,7,3265,-3962475.5815413054,-3962475.5775573133,0.004257132623087331,-3962475.569992069,2.4117277000041213,0.9478517546736634
1,17,184,7,3272,-3962475.5815413054,-3962475.5788238565,0.003824064819718754,-3962475.5696039237,2.4151630999986082,0.9479712041884817
1,17,185,7,3279,-3962475.5815413054,-3960144.3412219356,5710.34589825797,-3946156.9075164087,2.093475200003013,0.9480901077375122
1,17,186,7,3286,-3962475.5815413054,-3962475.578470283,0.002304488534262347,-3962475.5748119876,2.3778226999856997,0.9482084690553746
1,17,187,7,3293,-3962475.5815413054,-3962475.5790739506,0.0023739025065241622,-3962475.573649494,2.387261199997738,0.9483262918427039
1,17,188,7,3300,-3962475.5815413054,-3960144.3369844067,5710.34342988478,-3946156.9093251433,2.611782200023299,0.9484435797665369
1,17,189,7,3307,-3962475.5815413054,-3962475.5774168917,0.0035590279218167837,-3962475.569863405,2.5522440999920946,0.9485603364606924
1,17,190,7,3314,-3962475.5815413054,-3962475.578768519,0.0034587210258928223,-3962475.573054595,2.2202332000015303,0.9486765655261459
1,17,191,7,3321,-3962475.5815413054,-3962475.575469818,0.0047427340301162465,-3962475.568481464,2.5749748999951407,0.9487922705314009
1,17,192,6,3327,-3962475.5815413054,-3962475.5780102555,0.003877687124478689,-3962475.569635935,2.0185743999900296,0.9488910318225651
1,17,193,6,3333,-3962475.5815413054,-3961612.909939294,1928.9894961025143,-3957299.558298126,2.779863599978853,0.9489894128970163
1,17,194,6,3339,-3962475.5815413054,-3962475.5759216826,0.0038781846451837253,-3962475.569556674,2.0607407999923453,0.9490874159462056
1,17,195,6,3345,-3962475.5815413054,-3962475.575029081,0.00782261377288547,-3962475.5624404997,2.0272328999999445,0.9491850431447747
1,17,196,6,3351,-3962475.5815413054,-3962475.5797514296,0.0011509060138757505,-3962475.5780865196,1.9223854999872856,0.9492822966507177
1,17,197,6,3357,-3962475.5815413054,-3961612.9071422764,1928.9915533837052,-3957299.550900897,2.0761908999993466,0.9493791786055397
1,17,198,6,3363,-3962475.5815413054,-3962475.577548155,0.004114478230283506,-3962475.5712890998,1.8852774999977555,0.9494756911344138
1,17,199,6,3369,-3962475.5815413054,-3962475.579823475,0.0018923216654556875,-3962475.5756502952,2.4148966999782715,0.9495718363463368
1,17,200,6,3375,-3962475.5815413054,-3962475.5801725476,0.0010554139256063796,-3962475.5780547448,1.9090849999920465,0.949667616334283
1,17,201,6,3381,-3962475.5815413054,-3962475.5765558407,0.005501382776246259,-3962475.5675028786,2.5121460999944247,0.9497630331753555
1,17,202,6,3387,-3962475.5815413054,-3962475.578096559,0.005810993974311967,-3962475.5651125796,2.0252130000153556,0.9498580889309366
1,17,203,6,3393,-3962475.5815413054,-3962475.58040447,0.0009025638604897369,-3962475.578860415,2.2873393000045326,0.9499527856468366
1,17,204,6,3399,-3962475.5815413054,-3959755.7903963476,6081.6350964932335,-3946156.84090624,2.010495800001081,0.9500471253534402
1,17,205,6,3405,-3962475.5815413054,-3962475.5797009165,0.0007056866747049842,-3962475.5790118575,2.4217595999944024,0.9501411100658513
1,17,206,6,3411,-3962475.5815413054,-3962475.5802987926,0.0007601302612267304,-3962475.5792857464,2.641103200003272,0.9502347417840376
1,17,207,6,3417,-3962475.5815413054,-3962475.580642373,0.00037969215432036687,-3962475.5799835734,1.9154818000097293,0.950328022492971
1,17,208,6,3423,-3962475.5815413054,-3962475.5799646843,0.0008175365112216759,-3962475.5785814486,2.6160958999826107,0.950420954162769
1,17,209,6,3429,-3962475.5815413054,-3962475.5802313997,0.0005679683258262952,-3962475.5792296585,2.3978738999867346,0.9505135387488328
1,17,210,6,3435,-3962475.5815413054,-3962475.579860466,0.00135243462209923,-3962475.577371666,2.154648499999894,0.9506057781919851
1,17,211,5,3440,-3962475.5815413054,-3962475.5765665174,0.004876855413531964,-3962475.5688710213,1.6406342999835033,0.950682382133995
1,17,212,5,3445,-3962475.5815413054,-3962475.5799348787,0.0008673749844555758,-3962475.5788030233,1.8990142999973614,0.9507587488386497
1,17,213,5,3450,-3962475.5815413054,-3962475.5800664453,0.0010919717512959883,-3962475.578583872,2.0712438999908045,0.950834879406308
1,17,214,5,3455,-3962475.5815413054,-3962475.5803182856,0.0004925822489903498,-3962475.5794550106,1.9251420000218786,0.9509107749305341
1,17,215,5,3460,-3962475.5815413054,-3962475.57823762,0.0036429639777090296,-3962475.5710367206,2.048473400005605,0.9509864364981504
1,17,216,5,3465,-3962475.5815413054,-3962475.5772245154,0.005649333196950884,-3962475.566146463,1.983305100002326,0.951061865189289
1,17,217,5,3470,-3962475.5815413054,-3962475.5797669427,0.000830434030958726,-3962475.5788344033,2.2129899999999907,0.9511370620774432
1,17,218,5,3475,-3962475.5815413054,-3962475.5797546906,0.000618810961043925,-3962475.5791522507,1.8280474999919534,0.9512120282295182
1,17,219,5,3480,-3962475.5815413054,-3962475.5798091986,0.0007422978916117441,-3962475.5786306504,1.696228599990718,0.9512867647058824
1,17,220,5,3485,-3962475.5815413054,-3962475.5787085383,0.0026176766370729324,-3962475.5735674575,1.3801926000160165,0.951361272560416
1,17,221,5,3490,-3962475.5815413054,-3962475.576890847,0.004770622880993503,-3962475.5702512357,1.7212926000065636,0.951435552840562
1,17,222,5,3495,-3962475.5815413054,-3962475.578519784,0.0031058452426121767,-3962475.5726489145,1.340542199992342,0.9515096065873742
1,17,223,5,3500,-3962475.5815413054,-3962475.578249541,0.003366684437897688,-3962475.571837632,1.744283500011079,0.9515834348355664
1,17,224,5,3505,-3962475.5815413054,-3962475.5802689544,0.0010267678158557784,-3962475.5782695487,1.3621170000114944,0.9516570386135603
1,17,225,5,3510,-3962475.5815413054,-3962475.580649732,0.0003807810155736474,-3962475.5801120736,1.3637611999874935,0.9517304189435337
1,17,226,5,3515,-3962475.5815413054,-3962475.579160071,0.001774225024996875,-3962475.5761675444,1.7349140000005718,0.9518035768414671
1,17,227,5,3520,-3962475.5815413054,-3962475.580330924,0.0007301453400121556,-3962475.57910854,1.693774699990172,0.9518765133171913
1,17,228,5,3525,-3962475.5815413054,-3962475.5784068406,0.002933231778664215,-3962475.574393397,1.3430391000001691,0.9519492293744334
1,17,229,5,3530,-3962475.5815413054,-3962475.580691646,0.0004098681039820542,-3962475.579952346,1.3513132000225596,0.952021726010863
1,17,230,5,3535,-3962475.5815413054,-3962475.5799392136,0.0006699800156941111,-3962475.5792073812,1.705064100009622,0.952094004218138
1,17,231,5,3540,-3962475.5815413054,-3962475.5794008235,0.0012482231019916251,-3962475.577243492,1.319028999976581,0.9521660649819494
1,17,232,5,3545,-3962475.5815413054,-3962475.5784735316,0.004544385535685416,-3962475.5694021955,1.707422699982999,0.9522379092820666
1,17,233,4,3549,-3962475.5815413054,-3962475.5753663797,0.006414425868086575,-3962475.56435021,1.2696172000141814,0.9522952295229523
1,17,234,4,3553,-3962475.5815413054,-3962475.5801707595,0.0005159309831578102,-3962475.5795400534,1.2781484999868553,0.952352412346419
1,17,235,4,3557,-3962475.5815413054,-3962475.57698323,0.00603874464897807,-3962475.566526903,1.280765799980145,0.9524094582460341
1,17,236,4,3561,-3962475.5815413054,-3962475.576699577,0.0033014153810190087,-3962475.5713260137,1.2806133000121918,0.9524663677130045
1,17,237,4,3565,-3962475.5815413054,-3962475.580050144,0.0012461330880085774,-3962475.577955669,1.2777685000037309,0.9525231412361899
1,17,238,4,3569,-3962475.5815413054,-3962475.57792893,0.004361410425991442,-3962475.5704037696,1.2719991999911144,0.9525797793021175
1,17,239,4,3573,-3962475.5815413054,-3962475.571520742,0.007456636628503215,-3962475.562842019,1.2792249000049196,0.9526362823949955
1,17,240,4,3577,-3962475.5815413054,-3962475.573625319,0.00691785459801251,-3962475.5643958226,1.2847783000033814,0.9526926509967272
1,17,241,4,3581,-3962475.5815413054,-3962475.5745694786,0.00647950339220155,-3962475.566548338,1.672676499991212,0.9527488855869242
1,17,242,4,3585,-3962475.5815413054,-3962475.574459555,0.003964820645943932,-3962475.570001662,1.2685819999896921,0.9528049866429208
1,17,243,4,3589,-3962475.5815413054,-3962475.5780999656,0.004002852278334296,-3962475.5712707844,1.2859100000059698,0.9528609546397866
1,17,244,4,3593,-3962475.5815413054,-3962475.577373877,0.004792726724322442,-3962475.5693444777,1.2662410000048112,0.9529167900503406
1,17,245,4,3597,-3962475.5815413054,-3962475.5784026743,0.0024664017160403603,-3962475.57413961,1.2784328999987338,0.9529724933451642
1,18,0,36,36,4295343.514142722,86885418.22115333,53482744.20955067,193532495.10023206,53.59604350000154,0.2857142857142857
1,18,1,36,72,168796.04227890357,70523135.55638319,47323353.72703236,159263587.1606676,64.37538260000292,0.2459016393442623
1,18,2,35,107,24672.85155314207,40155814.59051806,45184205.500351466,162646245.77564126,58.22940660000313,0.23595505617977527
1,18,3,35,142,-2931401.052034434,28642228.7843985,33454198.703977328,126738548.0527021,44.94985000000452,0.26126126126126126
1,18,4,35,177,-2931401.052034434,15271523.439013345,18136270.18083034,62325348.17897029,40.633068600000115,0.29545454545454547
1,18,5,34,211,-2976501.8063816577,7264771.175297546,11729298.018661324,43826294.99155681,35.80289950000588,0.3509933774834437
1,18,6,34,245,-3304193.1731255474,5866292.738337804,14159096.77427498,58481268.562576905,29.83011120001902,0.3674698795180723
1,18,7,34,279,-3304193.1731255474,2150616.6612565676,5076994.469679039,20915714.354176436,29.017582900007255,0.3812154696132597
1,18,8,34,313,-3304193.1731255474,123887.19042027969,3311188.5698947525,15813785.9307254,33.2267004000023,0.4120603015075377
1,18,9,33,346,-3599075.205139391,178945.5333101158,3072552.0667205974,8358170.724256045,37.11010999997961,0.43891402714932126
1,18,10,33,379,-3777378.9062944725,205681.36988874254,4380600.01746876,10636516.647105394,41.160210600006394,0.46938775510204084
1,18,11,33,412,-3777378.9062944725,469638.4691888092,3883326.324781274,11972811.650085365,35.279900300025474,0.5
1,18,12,32,444,-3943374.4250195622,-268159.48267794144,3801827.466680183,9688159.17707178,34.27658279999741,0.5308219178082192
1,18,13,32,476,-3943374.4250195622,656042.9019786848,5103992.754584109,12797408.78981042,27.476169800007483,0.5636942675159236
1,18,14,32,508,-3943374.4250195622,454947.0246479212,5053340.620955248,11420242.366082503,28.939899700024398,0.5934718100890207
1,18,15,31,539,-3943374.4250195622,-2426222.739536619,2307379.9101014994,6470117.970525715,35.1697092000104,0.6229508196721312
1,18,16,31,570,-3943374.4250195622,-19360.61781124963,5359830.833970181,13070293.717841623,30.035439900006168,0.6445012787723785
1,18,17,31,601,-3943374.4250195622,-2238823.2010262767,2709610.527163007,7608704.248300597,33.558609700005036,0.6666666666666666
1,18,18,31,632,-3943374.4250195622,-1819667.7670169573,4180731.1186143868,12858020.336106626,31.12374490001821,0.6859688195991092
1,18,19,30,662,-3956763.683640307,-2955835.676396106,3336160.2350652167,14721746.681171557,31.192717099998845,0.702928870292887
1,18,20,30,692,-3956763.683640307,-2353557.187926366,3749189.6647932567,11721203.599297523,28.827421199996024,0.7199211045364892
1,18,21,30,722,-3956763.683640307,-3208189.9399296567,2608666.2186549357,10711197.26340623,27.39971239998704,0.7350746268656716
1,18,22,30,752,-3956763.6836913284,-3789602.7456899392,320264.80710031086,-2187581.836602388,22.29760009999154,0.7491166077738516
1,18,23,29,781,-3956763.6836913284,-3464948.3435697905,1798006.6514888078,6014139.039602979,25.764919400011422,0.761344537815126
1,18,24,29,810,-3956763.6836913284,-3397327.429249828,2020150.4244094107,6960325.930734061,21.14001339999959,0.7724358974358975
1,18,25,29,839,-3958401.200710634,-3694631.758360127,1136252.411575152,2314226.4640573096,25.037624199991114,0.7825421133231241
1,18,26,29,868,-3958401.200710634,-3894215.5706900214,86675.20224723198,-3512471.253442079,26.282023099978687,0.7917888563049853
1,18,27,28,896,-3959737.359493198,-3898439.466201917,128298.93527895604,-3258172.141197365,19.963423399982275,0.8
1,18,28,28,924,-3959737.359493198,-3917906.454695887,41105.04229184757,-3793892.636803128,16.881323800014798,0.8075880758807588
1,18,29,28,952,-3959737.359493198,-3909173.7456899555,49668.429934440916,-3790090.98296619,14.462724100012565,0.814621409921671
1,18,30,28,980,-3959934.654407244,-3899380.349826441,126102.01876812619,-3309087.2059202995,17.48592799998005,0.8211586901763224
1,18,31,27,1007,-3959934.654407244,-3923973.0116050728,32844.90780833098,-3815197.253371142,18.331675000023097,0.8270401948842875
1,18,32,27,1034,-3959934.654407244,-3902877.1251850915,150026.6493892804,-3146072.807016545,15.348096200003056,0.8325471698113207
1,18,33,27,1061,-3960830.983536478,-3941288.0094246324,25341.524078753704,-3838176.5890074726,13.734996600018349,0.8377142857142857
1,18,34,27,1088,-3961942.190485468,-3940419.2410420775,30744.845048235664,-3839054.6636671945,13.508579199988162,0.8425720620842572
1,18,35,26,1114,-3961942.190485468,-3945712.9342162614,23517.83102120497,-3840804.5738369618,13.52746469998965,0.8469827586206896
1,18,36,26,1140,-3962433.0451902375,-3950565.15566578,13361.435130476058,-3900924.126254685,10.170624299993506,0.8511530398322851
1,18,37,26,1166,-3962433.0451902375,-3949466.044879061,17967.939304555453,-3872639.0614974536,7.951062000007369,0.8551020408163266
1,18,38,26,1192,-3962433.0451902375,-3952451.0155238095,11994.82663745531,-3915647.9165368713,8.632370400009677,0.8588469184890656
1,18,39,25,1217,-3962433.0451902375,-3956460.904745776,4819.856184862656,-3944921.3695649356,7.797566299996106,0.8622696411251213
1,18,40,25,1242,-3962433.0451902375,-3955387.4785698904,9097.831306783835,-3925502.13567432,10.749565899983281,0.865530303030303
1,18,41,25,1267,-3962433.045193061,-3954422.784779423,22784.137527080904,-3843985.294361256,8.441804600006435,0.8686401480111008
1,18,42,25,1292,-3962433.045193061,-3951115.0994793517,22661.297946513936,-3845205.4697588924,7.065432400006102,0.8716094032549728
1,18,43,25,1317,-3962433.045193061,-3954990.85580741,9623.28630739993,-3923184.5428384505,7.017218299995875,0.874447391688771
1,18,44,24,1341,-3962433.045193061,-3957236.040371111,6955.815133640177,-3943108.17441947,7.3597925000067335,0.8770562770562771
1,18,45,24,1365,-3962433.045193061,-3957097.5383193516,10103.150597054568,-3914252.3573631495,6.65796360000968,0.8795589482612384
1,18,46,24,1389,-3962433.045193061,-3957767.4050157457,5816.66182124079,-3942725.2013758738,7.005030500004068,0.8819617622610141
1,18,47,24,1413,-3962433.045193061,-3958585.5195865757,5939.956773897265,-3942516.485775184,6.976990600000136,0.8842705786471068
1,18,48,23,1436,-3962433.045193061,-3959590.9762014085,4865.719489316553,-3944344.5644359756,6.974785099999281,0.8864
1,18,49,23,1459,-3962433.045193061,-3955448.4050465957,12435.455496049855,-3912073.5506119076,6.737775999994483,0.8884524744697565
1,18,50,23,1482,-3962433.0452006925,-3958528.687897964,8608.90723398648,-3927945.7352632284,6.259006600012071,0.8904320987654321
1,18,51,23,1505,-3962433.0452006925,-3960731.117677233,3463.0968009623643,-3946403.3027277254,6.425302999996347,0.8923426838514026
1,18,52,23,1528,-3962433.0452006925,-3960879.033535082,3614.938349678023,-3945040.0124645904,6.7418985000113025,0.8941877794336811
1,18,53,22,1550,-3962433.0452006925,-3959820.4759944486,5639.27959988615,-3944934.7755191326,6.633217299997341,0.8958944281524927
1,18,54,22,1572,-3962453.316156693,-3960565.9775637467,4721.508553164263,-3944941.412429273,7.11238430000958,0.8975468975468975
1,18,55,22,1594,-3962453.316156693,-3961141.8276735265,3518.9592920276173,-3946102.243924737,6.338349199999357,0.8991477272727273
1,18,56,22,1616,-3962453.316156693,-3959229.892572439,6296.404960614516,-3945186.011461517,6.413398000004236,0.9006993006993007
1,18,57,22,1638,-3962463.468635708,-3960867.82253744,3872.1784393896055,-3945038.157587094,6.672092499997234,0.9022038567493113
1,18,58,21,1659,-3962464.399366472,-3962368.897496965,77.93267619269635,-3962162.7119379975,6.311305100010941,0.9035980991174474
1,18,59,21,1680,-3962464.399366472,-3960842.7561208536,4722.9821558349595,-3946199.9671957716,6.918930699990597,0.9049531459170014
1,18,60,21,1701,-3962473.138008464,-3960739.241710018,4798.66638715116,-3945903.747936569,6.480240700009745,0.9062706270627062
1,18,61,21,1722,-3962473.138008464,-3959282.130623267,6389.838975742325,-3945955.182166593,6.045986599987373,0.9075520833333334
1,18,62,21,1743,-3962473.138008464,-3960019.1118775485,5714.378942972411,-3945836.9235265814,6.288184400007594,0.9087989723827874
1,18,63,21,1764,-3962473.138008464,-3960089.897874175,5687.805824224469,-3946011.386215994,6.032993200002238,0.9100126742712294
1,18,64,20,1784,-3962474.808338966,-3962420.0639998866,50.406858181562846,-3962282.5515059363,6.503516800003126,0.9111389236545682
1,18,65,20,1804,-3962474.808338966,-3960768.040916547,4908.767549406769,-3945894.9524212144,5.919101100007538,0.9122373300370828
1,18,66,20,1824,-3962475.0511615537,-3961582.97806012,3531.2479263490186,-3946194.6331044585,6.085840500018094,0.9133089133089133
1,18,67,20,1844,-3962475.0511615537,-3958336.996093119,7085.534447303283,-3945877.614550898,5.918106299999636,0.9143546441495778
1,18,68,20,1864,-3962475.081315497,-3962436.742141462,28.992093742702238,-3962355.9391884096,5.8453691999893636,0.9153754469606674
1,18,69,19,1883,-3962475.081315497,-3960729.4424893362,4979.906686397739,-3946210.8682658523,6.240093699976569,0.9163229228049499
1,18,70,19,1902,-3962475.096448688,-3960702.807061696,4989.845946898448,-3946129.2418610193,5.626891699997941,0.9172494172494172
1,18,71,19,1921,-3962475.339206198,-3961581.74193697,3649.413830727515,-3946099.019675849,5.866339100000914,0.9181556195965418
1,18,72,19,1940,-3962475.339206198,-3961591.198092927,3638.603118452863,-3946154.4427188747,5.516691199998604,0.9190421892816419
1,18,73,19,1959,-3962475.339206198,-3959014.128086308,6660.783276510661,-3946024.744277276,6.014525700011291,0.9199097574732092
1,18,74,19,1978,-3962475.339206198,-3960736.867894255,4995.070108038097,-3946143.0713460706,6.1784446999954525,0.9207589285714286
1,18,75,18,1996,-3962475.339206198,-3961561.9994923132,3739.607964746564,-3946143.2195677683,5.381445399980294,0.9215469613259668
1,18,76,18,2014,-3962475.396372255,-3959741.6362658655,6077.130680614941,-3946139.658325361,5.304532999987714,0.9223194748358862
1,18,77,18,2032,-3962475.396372255,-3960644.107146499,5127.1353100065435,-3946129.0394145884,5.175704399996903,0.9230769230769231
1,18,78,18,2050,-3962475.396372255,-3962458.058665255,30.385830152079382,-3962340.6955200583,5.390128800005186,0.9238197424892703
1,18,79,18,2068,-3962475.396372255,-3962468.869542453,10.32352401099704,-3962440.9238453284,5.14431059997878,0.924548352816153
1,18,80,18,2086,-3962475.396372255,-3957935.949014614,7310.164033543908,-3946132.775841672,5.185324599995511,0.9252631578947368
1,18,81,17,2103,-3962475.396372255,-3961513.9877214404,3829.218080066087,-3946197.125900572,4.8503563000122085,0.9259259259259259
1,18,82,17,2120,-3962475.396372255,-3962468.766936175,7.490785632852939,-3962452.643946236,5.043811399984406,0.9265770423991727
1,18,83,17,2137,-3962475.396372255,-3961508.277377538,3837.68391946758,-3946157.5801172443,5.012516299990239,0.9272168118913378
1,18,84,17,2154,-3962475.396372255,-3961515.289592359,3833.967166664709,-3946179.4229380935,5.949200899980497,0.9278455284552846
1,18,85,17,2171,-3962475.4619313516,-3962468.9478120613,8.945716914550196,-3962439.4964342136,4.7202727000112645,0.9284634760705289
1,18,86,17,2188,-3962475.4619313516,-3962471.5841381927,4.047840461650537,-3962460.681306485,5.116746899991995,0.929070929070929
1,18,87,17,2205,-3962475.4619313516,-3961505.8043341227,3851.0998759848458,-3946101.472713489,4.666911699983757,0.9296681525507677
1,18,88,16,2221,-3962475.4619313516,-3961448.24194459,3958.3899245149646,-3946117.481999224,4.706642399978591,0.9302211302211302
1,18,89,16,2237,-3962475.521174684,-3962468.5187232643,10.09547968655221,-3962445.2033949066,4.589966300001834,0.9307654802535349
1,18,90,16,2253,-3962475.521174684,-3962474.068963468,3.883006487485681,-3962459.1375012733,5.197458400012692,0.9313014029995162
1,18,91,16,2269,-3962475.521174684,-3961446.497904544,3965.2405745673186,-3946089.255345639,4.535849799984135,0.9318290926548247
1,18,92,16,2285,-3962475.521174684,-3962472.5731548574,6.058210991560467,-3962452.454089647,4.774167700001271,0.9323487374940448
1,18,93,16,2301,-3962475.5430234764,-3962474.2216900983,2.4933052830984117,-3962465.157778563,4.894988599990029,0.9328605200945627
1,18,94,16,2317,-3962475.5430234764,-3962471.6754986346,8.557020368780668,-3962443.331413692,4.76721260001068,0.9333646175504458
1,18,95,15,2332,-3962475.5430234764,-3962474.8216023403,1.1032584590204375,-3962471.8140500244,4.693399699986912,0.9338303821062441
1,18,96,15,2347,-3962475.5430234764,-3962473.9200007026,3.164474936529336,-3962462.5994769055,4.730239900003653,0.934289680703378
1,18,97,15,2362,-3962475.5512571726,-3962473.292218587,6.004044542198437,-3962451.0960589238,4.415353199990932,0.9347426470588235
1,18,98,15,2377,-3962475.5512571726,-3962474.209780991,3.647863522201482,-3962460.749674592,4.350032399990596,0.9351894112277499
1,18,99,15,2392,-3962475.570031423,-3962475.2497492116,0.4881006342009077,-3962473.724980302,4.369648699997924,0.9356300997280145
1,18,100,15,2407,-3962475.570031423,-3962475.0573429037,0.682334244047814,-3962472.9778920673,4.792409700021381,0.9360648356596127
1,18,101,15,2422,-3962475.570031423,-3962475.4373858403,0.1717200488610975,-3962475.009369988,4.532418499991763,0.9364937388193202
1,18,102,14,2436,-3962475.570031423,-3962473.2426449102,6.125816811811799,-3962451.9978675414,4.628208699985407,0.9368888888888889
1,18,103,14,2450,-3962475.570031423,-3962474.812940109,1.148049319023821,-3962471.825265631,4.447108699998353,0.9372791519434629
1,18,104,14,2464,-3962475.571909964,-3962475.186224288,0.8261420017494272,-3962472.292219162,4.410419200023171,0.9376646180860404
1,18,105,14,2478,-3962475.571909964,-3962475.1401768317,0.9557769022840263,-3962471.8272279855,4.568125499994494,0.9380453752181501
1,18,106,14,2492,-3962475.571909964,-3962475.448785723,0.22003949829406272,-3962474.6839370374,4.3902118999976665,0.9384215091066782
1,18,107,14,2506,-3962475.571909964,-3962475.259737888,0.3936317908687205,-3962474.2510078438,4.50618100000429,0.9387931034482758
1,18,108,14,2520,-3962475.571909964,-3962475.3629778028,0.3581514417837038,-3962474.2227688897,4.874293400003808,0.9391602399314481
1,18,109,14,2534,-3962475.574836623,-3962475.4167585648,0.2978147318144304,-3962474.66200703,4.72075579999364,0.9395229982964225
1,18,110,13,2547,-3962475.574836623,-3962475.4354470195,0.24547847035579873,-3962474.6333441734,4.325995599996531,0.9398559932232105
1,18,111,13,2560,-3962475.574836623,-3962475.439869473,0.21664814786072054,-3962474.88731288,3.9222160000063013,0.9401853411962932
1,18,112,13,2573,-3962475.574836623,-3962475.4292267137,0.18759552297542365,-3962475.0237067062,3.9548937999934424,0.9405111018014244
1,18,113,13,2586,-3962475.576549927,-3962475.406208175,0.2021560901996183,-3962474.9825105276,4.417091399984201,0.9408333333333333
1,18,114,13,2599,-3962475.576549927,-3962475.4719810234,0.19288219900764347,-3962474.8758698925,4.344555299991043,0.9411520928305015
1,18,115,13,2612,-3962475.576549927,-3962475.4986246084,0.14995020761976416,-3962474.995209802,4.111876899987692,0.9414674361088211
1,18,116,13,2625,-3962475.5788807534,-3962475.512622103,0.1412457772336289,-3962475.04301784,3.7972962000058033,0.941779417794178
1,18,117,13,2638,-3962475.5788807534,-3962475.4889928764,0.1482558695488632,-3962475.041170614,2.981862500018906,0.9420880913539967
1,18,118,13,2651,-3962475.5788807534,-3962475.5330522126,0.05794563214390678,-3962475.3947420456,3.751608999999007,0.9423935091277891
1,18,119,12,2663,-3962475.5788807534,-3962475.5493980595,0.029517077277593767,-3962475.491763016,3.200649099977454,0.942672587807832
1,18,120,12,2675,-3962475.5788807534,-3962475.554838883,0.03694447368339002,-3962475.4358408675,3.3142538999964017,0.9429489754921655
1,18,121,12,2687,-3962475.5788807534,-3962475.5270703644,0.10923909130897616,-3962475.1694501583,2.9536821999936365,0.9432227109156337
1,18,122,12,2699,-3962475.5788807534,-3962475.5155691695,0.14003906855375586,-3962475.0565074347,3.6272263000137173,0.9434938320732192
1,18,123,12,2711,-3962475.5788807534,-3962475.424798069,0.31041971827020187,-3962474.471615454,3.387121199979447,0.9437623762376237
1,18,124,12,2723,-3962475.5788807534,-3962475.5439267233,0.06860056043192603,-3962475.3259615973,3.0755903999961447,0.94402837997635
1,18,125,12,2735,-3962475.579733221,-3962475.4688915703,0.18225700040659226,-3962475.0514195208,2.9752078999881633,0.9442918791683013
1,18,126,12,2747,-3962475.579733221,-3962475.5152519546,0.09605835811681661,-3962475.2769359257,2.9859089000092354,0.9445529090199141
1,18,127,12,2759,-3962475.579733221,-3962475.5268189167,0.130632223947496,-3962475.0965195987,4.294129099987913,0.9448115040808395
1,18,128,11,2770,-3962475.579733221,-3962475.5630242755,0.016315500149465156,-3962475.5276195593,3.791980300011346,0.945046439628483
1,18,129,11,2781,-3962475.579733221,-3962475.544291396,0.061761379925117925,-3962475.380657578,3.702225899993209,0.9452793834296724
1,18,130,11,2792,-3962475.579733221,-3962475.5614620894,0.029183115749256194,-3962475.4713936057,3.438226999976905,0.945510360706063
1,18,131,11,2803,-3962475.579733221,-3962475.5708967266,0.0071771337881917354,-3962475.5505168475,3.4064377000031527,0.9457393962552542
1,18,132,11,2814,-3962475.579733221,-3962475.5228708093,0.05855352333110153,-3962475.3825343885,3.3208362000004854,0.9459665144596652
1,18,133,11,2825,-3962475.579733221,-3962475.5524293603,0.043271099575078555,-3962475.427966332,3.950624399993103,0.9461917392951875
1,18,134,11,2836,-3962475.579733221,-3962475.556212065,0.053494723433800524,-3962475.3874647543,3.732780999998795,0.9464150943396227
1,18,135,11,2847,-3962475.579733221,-3962475.5595323457,0.050409908695934084,-3962475.400413418,4.273686300002737,0.9466366027809094
1,18,136,11,2858,-3962475.579733221,-3962475.5697353627,0.017856656284477388,-3962475.514012225,3.8525321999914013,0.9468562874251497
1,18,137,11,2869,-3962475.579733221,-3962475.5714402227,0.005805273854893483,-3962475.557449715,4.0549653000198305,0.9470741707044353
1,18,138,10,2879,-3962475.579733221,-3962475.5270855986,0.08854526662075965,-3962475.275631584,3.3306808000197634,0.9472707018195321
1,18,139,10,2889,-3962475.579733221,-3962475.573633139,0.004979461487952234,-3962475.564933805,3.279726300010225,0.9474657787643359
1,18,140,10,2899,-3962475.579733221,-3962475.535946359,0.06484451888013447,-3962475.373816127,3.0055906000197865,0.9476594176188721
1,18,141,10,2909,-3962475.579733221,-3962475.555245115,0.02769624379907519,-3962475.496750148,3.5360098999808542,0.9478516342269555
1,18,142,10,2919,-3962475.579733221,-3962475.5557640092,0.02897762715544009,-3962475.504456714,3.4473173999867868,0.9480424442005122
1,18,143,10,2929,-3962475.579733221,-3962475.5714874915,0.008592153244915473,-3962475.553353958,3.058811800001422,0.948231862923806
1,18,144,10,2939,-3962475.579733221,-3962475.5745495334,0.005238807197318586,-3962475.5605500024,3.671179099997971,0.9484199055575736
1,18,145,10,2949,-3962475.579733221,-3962475.53491482,0.06076625099970537,-3962475.370648062,3.888635000010254,0.9486065870430691
1,18,146,10,2959,-3962475.579733221,-3962475.574090909,0.0034005815254415754,-3962475.568063371,3.4618952000164427,0.9487919221060224
1,18,147,10,2969,-3962475.5810351875,-3962475.5549070314,0.03465680555583525,-3962475.469876984,3.5766516999865416,0.9489759252605102
1,18,148,10,2979,-3962475.5810351875,-3962475.574147639,0.005186054491332349,-3962475.5622011255,3.3989287999866065,0.9491586108127461
1,18,149,10,2989,-3962475.5810351875,-3962475.5525252707,0.03040982787359102,-3962475.499318499,3.0358328000002075,0.9493399928647878
1,18,150,9,2998,-3962475.5810351875,-3962475.5207458637,0.09181113698216778,-3962475.3415355254,3.257914299989352,0.94950213371266
1,18,151,9,3007,-3962475.5810351875,-3962475.5601356467,0.0399748370631328,-3962475.447412364,3.018161699990742,0.9496632399858206
1,18,152,9,3016,-3962475.5810351875,-3962475.5489594736,0.05155840597348966,-3962475.4226611424,2.765681899996707,0.9498233215547703
1,18,153,9,3025,-3962475.5810351875,-3962475.5438032765,0.06340833856952284,-3962475.3783761263,2.998540200002026,0.9499823881648468
1,18,154,9,3034,-3962475.5810351875,-3962475.5472924644,0.04226198635122936,-3962475.442640122,3.0655456999957096,0.9501404494382022
1,18,155,9,3043,-3962475.5810351875,-3962475.5628924742,0.03128851902699126,-3962475.4764117952,3.1512614999955986,0.9502975148757438
1,18,156,9,3052,-3962475.5810351875,-3962475.558456457,0.053975931244293236,-3962475.405816829,3.559969699999783,0.9504535938590369
1,18,157,9,3061,-3962475.5810351875,-3962475.562780987,0.026327319364809275,-3962475.4896520562,2.9536298000020906,0.9506086956521739
1,18,158,9,3070,-3962475.5810351875,-3962475.564883208,0.03016107257916732,-3962475.480866719,3.125169900013134,0.9507628294036061
1,18,159,9,3079,-3962475.5810351875,-3962475.56877346,0.01550338550301424,-3962475.5266926475,3.1448168999922927,0.9509160041479433
1,18,160,9,3088,-3962475.5810351875,-3962475.573845277,0.004703849744658679,-3962475.56133643,3.0021972999966238,0.9510682288077188
1,18,161,9,3097,-3962475.5810351875,-3962475.5686568343,0.014396859743905642,-3962475.5294609778,3.2440422999789007,0.9512195121951219
1,18,162,8,3105,-3962475.5810351875,-3962475.569705332,0.01314862260660309,-3962475.5363168214,2.3529397000093013,0.9513532031517643
1,18,163,8,3113,-3962475.5810351875,-3962475.575624247,0.0024774218088224947,-3962475.5723607577,2.5259494000056293,0.9514861633071404
1,18,164,8,3121,-3962475.5810351875,-3962475.5619249227,0.04040318548551143,-3962475.4551909417,2.676301700004842,0.951618398637138
1,18,165,8,3129,-3962475.5810351875,-3962475.570943338,0.008200167418781367,-3962475.551429333,2.475734099978581,0.9517499150526674
1,18,166,8,3137,-3962475.5810351875,-3962475.575843582,0.00372303523703588,-3962475.5666996837,2.3167621000029612,0.9518807184005422
1,18,167,8,3145,-3962475.5810351875,-3962475.5752323903,0.0036890892741045836,-3962475.5700523127,2.973286000022199,0.9520108144643461
1,18,168,8,3153,-3962475.581169715,-3962475.5783813903,0.0015532792514288839,-3962475.575577108,2.3052769000059925,0.9521402089652848
1,18,169,8,3161,-3962475.581169715,-3962475.566087839,0.014259172512119733,-3962475.5354120284,2.3633074999961536,0.9522689075630252
1,18,170,8,3169,-3962475.581169715,-3962475.562650129,0.026026140369151414,-3962475.49882859,2.2758736000105273,0.9523969158565203
1,18,171,8,3177,-3962475.581169715,-3962475.5630820384,0.024242065724441566,-3962475.5017762706,2.3698211000009906,0.9525242393848211
1,18,172,8,3185,-3962475.581169715,-3962475.571818743,0.005111634222175512,-3962475.5612719413,2.7004579000058584,0.952650883627876
1,18,173,8,3193,-3962475.581169715,-3962475.5757456133,0.002995175463198881,-3962475.568504609,2.6538388000044506,0.9527768540073163
1,18,174,8,3201,-3962475.581169715,-3962475.5685504097,0.011999521853915457,-3962475.5463574585,2.77728500001831,0.9529021558872305
1,18,175,8,3209,-3962475.581169715,-3962475.574708725,0.0057620123472569475,-3962475.5603268277,2.4811619000101928,0.9530267945749256
1,18,176,7,3216,-3962475.581169715,-3962475.5644789124,0.02537429443928426,-3962475.503315406,2.47523340000771,0.9531353135313532
1,18,177,7,3223,-3962475.581169715,-3962475.5747989146,0.003840706337073566,-3962475.566991115,2.405220799992094,0.953243332235759
1,18,178,7,3230,-3962475.581169715,-3962475.576263937,0.0021459188484590805,-3962475.572804941,2.2949257000000216,0.9533508541392904
1,18,179,7,3237,-3962475.581169715,-3962475.5719298325,0.009271295480669644,-3962475.551579237,2.391360000008717,0.9534578826614225
1,18,180,7,3244,-3962475.581169715,-3962475.5652128286,0.0144615813709157,-3962475.5390023757,2.3428044999891426,0.9535644211903205
1,18,181,7,3251,-3962475.581169715,-3962475.5717898537,0.0111853098467906,-3962475.545883542,2.825226599990856,0.9536704730831974
1,18,182,7,3258,-3962475.581169715,-3962475.57361857,0.0071807454688356835,-3962475.5623445287,2.6285098000080325,0.9537760416666666
1,18,183,7,3265,-3962475.581169715,-3962475.5736677707,0.006316629106701413,-3962475.563889606,2.378769499977352,0.95388113023709
1,18,184,7,3272,-3962475.581169715,-3962475.572700406,0.0038732744370305215,-3962475.5667052194,2.4314674000197556,0.9539857420609202
1,18,185,7,3279,-3962475.581169715,-3962475.5756635466,0.0023078301955750773,-3962475.571219459,2.710424499993678,0.9540898803750404
1,18,186,7,3286,-3962475.581169715,-3962475.573916421,0.0046164517457791725,-3962475.563936012,2.3388242999790236,0.9541935483870968
1,18,187,7,3293,-3962475.581169715,-3962475.5747926575,0.0035857310751114557,-3962475.5677151512,2.301273899996886,0.9542967492758287
1,18,188,7,3300,-3962475.581169715,-3962475.574075621,0.004555704844567816,-3962475.5663193837,2.611023900011787,0.9543994861913937
1,18,189,7,3307,-3962475.581169715,-3962475.569421115,0.012517908348973612,-3962475.5456459112,2.2876461999840103,0.9545017622556873
1,18,190,7,3314,-3962475.581169715,-3962475.555727714,0.030911312491126372,-3962475.490942208,2.89132029999746,0.9546035805626598
1,18,191,7,3321,-3962475.5816727187,-3962475.5652801176,0.019648211655502543,-3962475.5218606256,2.178425599995535,0.9547049441786284
1,18,192,6,3327,-3962475.5816727187,-3962475.558840318,0.017148161607106922,-3962475.5309516303,2.207688099995721,0.9547914676854505
1,18,193,6,3333,-3962475.5816727187,-3962475.5569226914,0.039919688056036455,-3962475.4680607934,2.391195100004552,0.9548776612646965
1,18,194,6,3339,-3962475.5816727187,-3962475.5286233574,0.09045995787433456,-3962475.3268886823,2.3263204999966547,0.9549635267998732
1,18,195,6,3345,-3962475.5816727187,-3962475.5517643765,0.0366210413145244,-3962475.4880582877,2.150528199999826,0.9550490661601773
1,18,196,6,3351,-3962475.5816727187,-3962475.5485429442,0.04375918622401445,-3962475.4613591917,2.1139870999904815,0.9551342812006319
1,18,197,6,3357,-3962475.5816727187,-3962475.5212817094,0.07389990556677463,-3962475.365033619,2.4013951999950223,0.9552191737622201
1,18,198,6,3363,-3962475.5816727187,-3962475.5144928503,0.08745270647491732,-3962475.3654670045,1.828932000003988,0.9553037456720176
1,18,199,6,3369,-3962475.5816727187,-3962475.56298414,0.016760219473590927,-3962475.528940823,2.138452299986966,0.9553879987433239
1,18,200,6,3375,-3962475.5816727187,-3962475.5542557947,0.05385832823754675,-3962475.4338660818,2.416113099985523,0.9554719347757917
1,18,201,6,3381,-3962475.5816727187,-3962475.556872774,0.028667486911476733,-3962475.493540507,2.2062014999974053,0.9555555555555556
1,18,202,6,3387,-3962475.5816727187,-3962475.522225488,0.11980010684702773,-3962475.254527645,2.293572499998845,0.9556388628553577
1,18,203,6,3393,-3962475.5816727187,-3962475.5603731927,0.03731196130199324,-3962475.4773106687,2.3866511000087485,0.9557218584346742
1,18,204,6,3399,-3962475.5816727187,-3962475.49334022,0.07923089057481221,-3962475.3706935663,2.3142624000029173,0.9558045440398382
1,18,205,6,3405,-3962475.5816727187,-3962475.562474715,0.03190512552707624,-3962475.4913605563,2.1945818999956828,0.9558869214041628
1,18,206,6,3411,-3962475.5816727187,-3962475.551619882,0.04269134623023606,-3962475.4577196296,2.1597206000005826,0.955968992248062
1,18,207,6,3417,-3962475.5816727914,-3962475.558845375,0.02505207481490858,-3962475.504637953,1.9552182999905199,0.9560507582791705
1,18,208,6,3423,-3962475.5816727914,-3962475.5689063333,0.024196767462121665,-3962475.515037719,2.1538537000014912,0.9561322211924621
1,18,209,6,3429,-3962475.5816727914,-3962475.5714909765,0.012201084465524564,-3962475.545771379,2.1084077000268735,0.9562133826703669
1,18,210,6,3435,-3962475.5816727914,-3962475.5566050815,0.038788540918086846,-3962475.4714624435,2.150028200005181,0.956294244382887
1,18,211,5,3440,-3962475.5816727914,-3962475.5223120563,0.0449258045103983,-3962475.4691414125,1.7046203000063542,0.956361401352182
1,18,212,5,3445,-3962475.5816727914,-3962475.5179076097,0.07229033685499615,-3962475.3800284937,2.08808719998342,0.956428352255293
1,18,213,5,3450,-3962475.5816727914,-3962475.547405123,0.04208209113025356,-3962475.4667103793,2.450210099981632,0.9564950980392157
1,18,214,5,3455,-3962475.5816727914,-3962475.552174127,0.04186757530495788,-3962475.4689376764,1.899913800007198,0.9565616396451514
1,18,215,5,3460,-3962475.5816727914,-3962475.5761875613,0.0023267057238437203,-3962475.572075896,1.9274100000038743,0.9566279780085523
1,18,216,5,3465,-3962475.5816727914,-3962475.501473351,0.0541815761563609,-3962475.4416068327,1.7976028000121005,0.9566941140591644
1,18,217,5,3470,-3962475.5816727914,-3962475.4984278837,0.09815669912977695,-3962475.329473406,2.1636906000203453,0.9567600487210719
1,18,218,5,3475,-3962475.5816727914,-3962475.5737198205,0.0035716709069421593,-3962475.5689442176,1.7636261999723502,0.9568257829127395
1,18,219,5,3480,-3962475.5816727914,-3962475.559500718,0.025301731608024725,-3962475.5093933083,2.1042651000025216,0.9568913175470553
1,18,220,5,3485,-3962475.5816727914,-3962475.546967937,0.04347961403336125,-3962475.469114499,2.1742231999814976,0.9569566535313732
1,18,221,5,3490,-3962475.5816727914,-3962475.525571025,0.0788303669500796,-3962475.3704704456,2.330453900009161,0.9570217917675545
1,18,222,5,3495,-3962475.581680691,-3962475.558961709,0.020113947707532148,-3962475.526845755,2.051848900009645,0.9570867331520096
1,18,223,5,3500,-3962475.581680691,-3962475.572070138,0.007186441857043304,-3962475.5611367654,2.0306463000015356,0.9571514785757392
1,18,224,5,3505,-3962475.581680691,-3962475.5296051204,0.08064140912349459,-3962475.3704667035,2.2366126000124495,0.9572160289243749
1,18,225,5,3510,-3962475.581680691,-3962475.5536118,0.04234968850617809,-3962475.4691160806,1.7625167999940459,0.957280385078219
1,18,226,5,3515,-3962475.581680691,-3962475.5615615076,0.029315554592254427,-3962475.504135616,2.3568333000002895,0.957344547912286
1,18,227,5,3520,-3962475.581680691,-3962475.5567421345,0.03904408257421753,-3962475.479140954,1.856064099993091,0.9574085182963408
1,18,228,5,3525,-3962475.581680691,-3962475.5730466307,0.004924474583497182,-3962475.5667247176,2.1640362000034656,0.9574722970949386
1,18,229,5,3530,-3962475.5817170013,-3962475.53281634,0.09014363182698516,-3962475.35288457,2.044938400009414,0.9575358851674641
1,18,230,5,3535,-3962475.5817170013,-3962475.4600219713,0.09791396286675627,-3962475.352892071,2.3930266000097618,0.9575992833681696
1,18,231,5,3540,-3962475.5817170013,-3962475.5470826416,0.06852237391883324,-3962475.4100386873,1.888249400013592,0.9576624925462135
1,18,232,5,3545,-3962475.5817170013,-3962475.558887043,0.044882476732821246,-3962475.4691231903,2.5959474999981467,0.9577255135456981
1,18,233,4,3549,-3962475.5817170013,-3962475.455758966,0.10199186923605295,-3962475.2969780117,1.6360056000121403,0.9577757954207553
1,18,234,4,3553,-3962475.5817170013,-3962475.5700014345,0.0013568261438582782,-3962475.5687230825,1.7510573999898043,0.9578259578259578
1,18,235,4,3557,-3962475.5817170013,-3962475.57430612,0.004197813242134791,-3962475.571140941,1.8108057000208646,0.9578760011865916
1,18,236,4,3561,-3962475.5817170013,-3962475.5066923196,0.1291974549396688,-3962475.282916153,2.0024149999953806,0.957925925925926
1,18,237,4,3565,-3962475.5817170013,-3962475.4836375853,0.07315554267650198,-3962475.380032569,1.993713799980469,0.9579757324652264
1,18,238,4,3569,-3962475.5817170013,-3962475.4896444823,0.05080606255819521,-3962475.4516127147,2.0918399000074714,0.9580254212237659
1,18,239,4,3573,-3962475.5817170013,-3962475.516536291,0.05878566830828105,-3962475.452882597,2.020562899997458,0.9580749926188368
1,18,240,4,3577,-3962475.5817170013,-3962475.5722911363,0.0019102031540642577,-3962475.569926396,1.9441559000115376,0.9581244470657623
1,18,241,4,3581,-3962475.5817177445,-3962475.576202033,0.005431792257558212,-3962475.570718294,2.226418799982639,0.9581737849779087
1,18,242,4,3585,-3962475.5817177445,-3962475.5767271747,0.004744491496196453,-3962475.570821015,1.9251634000102058,0.9582230067666961
1,18,243,4,3589,-3962475.5817177445,-3962475.553460082,0.04857074568304361,-3962475.469333466,1.6694793999777175,0.9582721128416103
1,18,244,4,3593,-3962475.5817177445,-3962475.576064798,0.005328742169017112,-3962475.5706578046,2.2164131999888923,0.9583211036102143
1,18,245,4,3597,-3962475.581727328,-3962475.5814899486,0.0002464477066164191,-3962475.581089968,1.7740514000179246,0.9583699794781589
1,19,0,36,36,2518425.663069945,76669036.58904009,53152331.30796052,218843675.10817707,69.9431123000104,0.25
1,19,1,36,72,2518425.663069945,53297281.58950815,38495654.31271716,153162676.03453493,61.89944530001958,0.26666666666666666
1,19,2,35,107,181900.56903318688,24420105.312259305,25970349.98322143,109083625.23826914,62.52393830000074,0.2247191011235955
1,19,3,35,142,-628359.6778889876,20478532.329761475,28389529.214452006,105733778.81290695,46.32362569999532,0.2894736842105263
1,19,4,35,177,-3179513.6155209094,12497924.609494708,16842274.512295537,55469311.17248319,54.78007780000917,0.2978723404255319
1,19,5,34,211,-3179513.6155209094,8195734.4132190645,18317222.140276056,103769803.57752554,39.020344600023236,0.31875
1,19,6,34,245,-3179513.6155209094,3722103.5263033197,7402516.564641226,33861178.35406198,32.612816700013354,0.33707865168539325
1,19,7,34,279,-3463282.88881764,3486888.074776505,13491184.51463885,63438529.04313484,37.147836699994514,0.36548223350253806
1,19,8,34,313,-3561282.7480337415,1086688.2550729252,4815109.618340369,24194624.904485084,31.471556700009387,0.4055299539170507
1,19,9,33,346,-3570082.648678735,-105359.51953713605,3391914.9103272124,16162568.6561983,26.29869470000267,0.453781512605042
1,19,10,33,379,-3616719.2523753885,723288.6345376963,5906911.430876577,24590800.5943213,32.29630030001863,0.4864864864864865
1,19,11,33,412,-3881013.710718211,-1043764.0252552977,3815923.372336939,15792590.692327894,33.267324299988104,0.5314685314685315
1,19,12,32,444,-3883188.5052893404,1201881.4717752328,5833527.349422518,15599883.967025463,29.54052579999552,0.5570032573289903
1,19,13,32,476,-3906425.6270147655,803412.4466587028,6292012.91918079,16217126.939773839,31.895767000009073,0.5775075987841946
1,19,14,32,508,-3924410.290660044,111178.249779128,4447192.248524158,12373107.788643176,30.15568270001677,0.5982905982905983
1,19,15,31,539,-3924410.290660044,595162.2768422543,5296302.965533669,12603170.451240372,28.185437300009653,0.6186666666666667
1,19,16,31,570,-3924410.290660044,-722594.9317765594,4459295.706781593,11291195.584616806,35.849292400002014,0.6334164588528678
1,19,17,31,601,-3924410.290660044,-2606065.807581302,2104017.2163025406,6660436.356811274,35.273448199994164,0.6589327146171694
1,19,18,31,632,-3937075.2693600133,-2262253.906803643,3219623.7779772314,9440902.086327191,30.09114469998167,0.6789587852494577
1,19,19,30,662,-3953261.016289696,-2486203.557378717,2977903.8611171283,11609631.67535124,29.727199200016912,0.6952965235173824
1,19,20,30,692,-3953261.016289696,-1782964.1922845182,4295880.967364077,12252247.806529354,27.840929900004994,0.7093023255813954
1,19,21,30,722,-3953261.016289696,-216266.54155016213,5798322.136251955,12964677.771498509,31.52740749999066,0.7200736648250461
1,19,22,30,752,-3953261.016289696,-3230790.905139983,2867617.513086786,12179974.507811941,26.319108900002902,0.7342657342657343
1,19,23,29,781,-3953261.016289696,-2613966.519690773,3351073.693273387,12167009.507333782,28.127097899996443,0.7466666666666667
1,19,24,29,810,-3953261.016289696,-3429708.0566796297,2201938.9903285424,8209351.61241108,23.72424929999397,0.7579617834394905
1,19,25,29,839,-3953261.016289696,-3147137.1871877857,2001121.6395157469,5290561.163534938,22.83053559999098,0.7686453576864536
1,19,26,29,868,-3953261.016289696,-3122807.2857970973,2932500.818700205,10662710.494783666,20.141961100016488,0.7781021897810219
1,19,27,28,896,-3953361.2325124554,-3828769.6266230377,242803.1370554446,-2626311.048113562,17.48184150000452,0.7868162692847125
1,19,28,28,924,-3958927.314175835,-3876704.2328108596,125042.90818815277,-3261740.332650382,13.13636599999154,0.7948717948717948
1,19,29,28,952,-3958927.314175835,-3914286.352175631,46496.126850498076,-3765423.927734375,16.789755000005243,0.8023407022106632
1,19,30,28,980,-3958927.314175835,-3919202.7365951794,53824.59589689363,-3676381.8018579427,12.543633200024487,0.8092848180677541
1,19,31,27,1007,-3958927.314175835,-3918352.818024203,43081.67683058278,-3797914.7180472557,14.85121279998566,0.8155339805825242
1,19,32,27,1034,-3959883.238320427,-3931835.5156781483,26974.174516706295,-3841733.282751398,14.361523300001863,0.8213866039952996
1,19,33,27,1061,-3961255.733417323,-3940884.798152294,32219.527399494826,-3789320.326381646,10.530488899996271,0.826879271070615
1,19,34,27,1088,-3961255.733417323,-3934366.249603325,33769.958069883025,-3834384.663422784,13.32446850000997,0.8320441988950277
1,19,35,26,1114,-3961255.733417323,-3945424.799056733,12356.217646879919,-3902185.7470461316,11.863613599998644,0.8367346938775511
1,19,36,26,1140,-3961537.306768734,-3950142.685072288,8948.041613423346,-3927392.645243764,11.903413000021828,0.8411703239289446
1,19,37,26,1166,-3961566.492701523,-3952994.574412398,9799.817240586815,-3913126.3908711374,9.705082400003448,0.8453713123092573
1,19,38,26,1192,-3961566.492701523,-3951926.4339675726,16273.06088027432,-3879251.643676851,9.994508000003407,0.8493557978196233
1,19,39,25,1217,-3962232.535067577,-3958105.6211671955,4324.414219278979,-3943337.3122246247,6.038411600020481,0.8529980657640233
1,19,40,25,1242,-3962326.843889933,-3955212.6478672405,8477.6667096778,-3937144.767534593,10.568013199983397,0.8564683663833805
1,19,41,25,1267,-3962326.843889933,-3953204.5162679483,12466.92166264041,-3911940.1071809866,8.683931999985361,0.8597785977859779
1,19,42,25,1292,-3962326.843889933,-3957056.9377666693,6331.681768204805,-3940165.3141442593,12.400401699997019,0.8629395852119026
1,19,43,25,1317,-3962326.843889933,-3958606.248292336,5918.526254852211,-3941444.0026712827,9.057563000009395,0.8659611992945326
1,19,44,24,1341,-3962326.843889933,-3957142.7410829384,8579.983138940668,-3931028.111484606,7.035286300000735,0.8687392055267703
1,19,45,24,1365,-3962405.814496182,-3958455.9217247595,6176.98002983131,-3942454.3422322255,7.421280200011097,0.871404399323181
1,19,46,24,1389,-3962433.2207033094,-3955739.7910837405,9726.843430335717,-3921265.463032102,6.94561419999809,0.8739635157545605
1,19,47,24,1413,-3962436.677195739,-3959718.1027999534,5297.688728992955,-3944369.056607293,9.200006500002928,0.8764227642276423
1,19,48,23,1436,-3962436.677195739,-3960048.468153915,3790.20160704981,-3948337.584759727,7.289888999977848,0.8786911412609737
1,19,49,23,1459,-3962455.631554816,-3961299.441756153,1604.930029374767,-3956122.7627236918,7.000555200007511,0.8808777429467085
1,19,50,23,1482,-3962455.631554816,-3960582.0030707074,2317.216296423973,-3955760.425025087,11.167505799996434,0.8829869130100076
1,19,51,23,1505,-3962472.783630464,-3961092.3063013135,1955.7327526675435,-3956559.1757180095,5.532924500002991,0.8850226928895613
1,19,52,23,1528,-3962472.783630464,-3960318.008470969,3481.3922469695276,-3947351.642582761,6.5401755000057165,0.8869888475836432
1,19,53,22,1550,-3962472.783630464,-3961700.196738338,1234.0427396656205,-3957191.751871679,6.067329399986193,0.888807607900512
1,19,54,22,1572,-3962472.783630464,-3961502.1677728025,1734.1967829193695,-3957164.4374808446,6.436652200005483,0.89056875449964
1,19,55,22,1594,-3962472.783630464,-3962112.0194645855,1069.72808187279,-3957304.1588760037,6.854237399995327,0.8922749822820695
1,19,56,22,1616,-3962472.7836465463,-3960619.8402599944,4775.325223133146,-3945283.9862321056,6.743308100005379,0.8939288206559665
1,19,57,22,1638,-3962472.7836465463,-3960802.4802638413,2231.8626968351764,-3957025.825181566,7.038828700024169,0.89553264604811
1,19,58,21,1659,-3962472.7836465463,-3959921.1092108227,5100.137445115244,-3945179.483527256,6.4574948999797925,0.8970189701897019
1,19,59,21,1680,-3962472.7836465463,-3961790.6846546717,1546.1356942344091,-3957183.0499289744,6.397877799987327,0.8984635938543755
1,19,60,21,1701,-3962473.8053418733,-3961542.1003974485,1834.9018581892371,-3957163.209651202,6.524419199995464,0.8998682476943346
1,19,61,21,1722,-3962474.3567890096,-3961123.468592515,3670.607684414433,-3946162.3502520453,6.208439200010616,0.9012345679012346
1,19,62,21,1743,-3962474.356796423,-3962178.985929457,1085.9476067445944,-3957331.9790100884,6.247781499987468,0.9025641025641026
1,19,63,21,1764,-3962475.242658736,-3961681.9340656414,1802.6550993306578,-3957252.388265427,6.559556899999734,0.9038583175205566
1,19,64,20,1784,-3962475.242658736,-3961580.2829526314,1973.151465688294,-3956188.9036189243,5.649872000009054,0.9050593379138039
1,19,65,20,1804,-3962475.242658736,-3962058.599616493,1170.8573994030507,-3957218.7497639935,5.79821800001082,0.9062307217766811
1,19,66,20,1824,-3962475.242658736,-3961851.0518133165,1282.2412706541688,-3957295.1585336123,5.93841390000307,0.9073735527117611
1,19,67,20,1844,-3962475.242658736,-3961890.6126324325,1543.7939950632976,-3957306.0272094365,5.824368599976879,0.9084888621312462
1,19,68,20,1864,-3962475.242658736,-3961949.562741204,1546.983582033356,-3957302.45925455,6.124512400012463,0.9095776323616894
1,19,69,19,1883,-3962475.471109653,-3961543.1496409336,1868.3283113796736,-3957291.088608587,5.460423200012883,0.9105882352941177
1,19,70,19,1902,-3962475.505986681,-3961607.1219501817,3645.017622201613,-3946142.7606949434,5.568392000015592,0.9115764979639325
1,19,71,19,1921,-3962475.505986681,-3960754.4319256935,5005.228535148512,-3946150.5200944208,5.768883200013079,0.9125431530494822
1,19,72,19,1940,-3962475.516091224,-3961640.3947222717,1916.7710068005965,-3957050.0549224485,5.281541600008495,0.9134889015367103
1,19,73,19,1959,-3962475.5638713483,-3962474.811936948,0.5830409651008533,-3962473.3140051793,5.843696300027659,0.9144144144144144
1,19,74,19,1978,-3962475.5638713483,-3961929.3452845477,1588.721916952215,-3957293.7878224533,5.97919510002248,0.9153203342618385
1,19,75,18,1996,-3962475.5638713483,-3962474.7252524663,1.2556746212247527,-3962470.3278479874,5.924358999996912,0.9161610590182019
1,19,76,18,2014,-3962475.5638713483,-3961612.7698051897,1928.3485975463266,-3957300.0921308156,4.967657200002577,0.916985253959585
1,19,77,18,2032,-3962475.5638713483,-3961612.622526997,1928.7412293809728,-3957294.144773552,4.993159099976765,0.9177934018388318
1,19,78,18,2050,-3962475.5638713483,-3960678.0068513504,2547.9253845645835,-3956507.861563636,5.5825759999861475,0.9185859667916444
1,19,79,18,2068,-3962475.5638713483,-3961612.0111691407,1928.8465719496128,-3957296.7911888193,5.0862652999931015,0.9193633952254642
1,19,80,18,2086,-3962475.5638713483,-3961266.449357104,2161.8749601700506,-3957057.331087187,5.841326299996581,0.9201261166579086
1,19,81,17,2103,-3962475.5710847266,-3962170.8011360806,1216.776818760599,-3957303.6948560346,4.815085599984741,0.9208333333333333
1,19,82,17,2120,-3962475.5710847266,-3960648.4232699443,2473.118507624643,-3957297.928410329,5.5064267000125255,0.9215281362932369
1,19,83,17,2137,-3962475.5710847266,-3961258.0201109718,2194.3652460356066,-3957296.59903137,4.948996099992655,0.9222108495394064
1,19,84,17,2154,-3962475.5710847266,-3959430.428706918,2547.4903491439304,-3957294.4723353162,5.2852638000040315,0.9228817858954845
1,19,85,17,2171,-3962475.5710847266,-3960953.5775562497,2357.3327497431146,-3957296.3421608657,5.041097500012256,0.9235412474849095
1,19,86,17,2188,-3962475.5710847266,-3961257.6877527274,2194.5881985431697,-3957297.3350749183,5.300583100004587,0.9241895261845386
1,19,87,17,2205,-3962475.5721419845,-3961866.3880915362,1667.5525590298635,-3957294.4841511697,5.014115700003458,0.9248269040553907
1,19,88,16,2221,-3962475.5721419845,-3961504.9613890015,2020.027238696472,-3957299.718061775,4.530476899992209,0.9254170755642787
1,19,89,16,2237,-3962475.5721419845,-3961181.3783009853,2241.4816299529084,-3957297.251106547,4.91374249997898,0.9259980525803311
1,19,90,16,2253,-3962475.5721419845,-3962475.412524513,0.24903319512251648,-3962474.5356370583,5.1620191000110935,0.9265700483091788
1,19,91,16,2269,-3962475.5721419845,-3961827.079019347,1712.958128661375,-3957288.9271977916,4.283606500015594,0.9271332694151486
1,19,92,16,2285,-3962475.5721419845,-3961505.054173321,2020.1144446437145,-3957298.0757636987,4.818857599981129,0.9276879162702188
1,19,93,16,2301,-3962475.5721419845,-3961180.9895168804,2241.1119721219698,-3957298.015502924,4.554143599991221,0.9282341831916903
1,19,94,16,2317,-3962475.5721419845,-3962152.2167905266,1251.7223356762918,-3957304.3171351273,5.102207100018859,0.9287722586691659
1,19,95,15,2332,-3962475.5721419845,-3962475.485698242,0.1640671243522579,-3962475.000264518,5.135496900009457,0.9292694276407631
1,19,96,15,2347,-3962475.5721419845,-3962475.3301055147,0.34268355346617463,-3962474.419685006,4.288647800014587,0.9297597042513863
1,19,97,15,2362,-3962475.5773379374,-3962475.432063037,0.31591857628455555,-3962474.27570994,4.121388599975035,0.9302432308398347
1,19,98,15,2377,-3962475.5773379374,-3962475.3983899583,0.34763745276728086,-3962474.491446236,4.790936600009445,0.9307201458523245
1,19,99,15,2392,-3962475.5773379374,-3962130.2419646066,1291.085686676364,-3957299.442066932,4.141248699976131,0.9311905839746492
1,19,100,15,2407,-3962475.5773379374,-3958123.825879124,7216.334112703885,-3946156.7532913424,4.868924000009429,0.9316546762589928
1,19,101,15,2422,-3962475.579349937,-3957035.917585895,7692.661901764659,-3946156.7685648017,4.4405975000117905,0.9321125502456454
1,19,102,14,2436,-3962475.579349937,-3956647.3099003364,7819.119781182869,-3946156.8119035494,4.207940799999051,0.9325343985796716
1,19,103,14,2450,-3962475.579349937,-3956647.446850005,7819.186922717188,-3946156.8787350897,4.733544700022321,0.9329510366122629
1,19,104,14,2464,-3962475.579349937,-3957813.227190536,7371.431224707888,-3946156.8003257737,4.2001581999938935,0.9333625602805787
1,19,105,14,2478,-3962475.579349937,-3954316.260438898,8159.162047585138,-3946156.192488527,5.036814699997194,0.9337690631808279
1,19,106,14,2492,-3962475.579349937,-3954316.2281991714,8159.341696676517,-3946156.810781095,4.2472667999973055,0.9341706366392377
1,19,107,14,2506,-3962475.579349937,-3957813.0474868775,7371.992167469893,-3946156.847743936,4.377450100000715,0.9345673697804563
1,19,108,14,2520,-3962475.579349937,-3953150.620451022,8075.645173509646,-3946156.8142950013,4.739178499992704,0.9349593495934959
1,19,109,14,2534,-3962475.579349937,-3955481.825439412,8075.645518280174,-3946156.8205439523,4.490776699996786,0.9353466609953212
1,19,110,13,2547,-3962475.579349937,-3954943.380973249,8135.559545720301,-3946153.208542887,3.6340847999963444,0.9357021996615905
1,19,111,13,2560,-3962475.579349937,-3953688.857759081,8134.822032925279,-3946156.8423672,3.8204804999986663,0.9360538493899874
1,19,112,13,2573,-3962475.579349937,-3958709.6814769907,6875.454747695494,-3946156.8436531145,4.6425684000132605,0.9364016736401674
1,19,113,13,2586,-3962475.579349937,-3958709.7236341294,6875.465742681794,-3946156.8919262458,3.68788409998524,0.9367457344985435
1,19,114,13,2599,-3962475.579349937,-3958709.5795397568,6875.725966292627,-3946155.026220072,4.035118200001307,0.9370860927152318
1,19,115,13,2612,-3962475.579349937,-3956199.159059432,7939.099199577423,-3946156.8942093905,4.323088899982395,0.9374228077398106
1,19,116,13,2625,-3962475.5799200498,-3954943.784142196,8135.260959919746,-3946154.687882861,4.019333600008395,0.9377559377559378
1,19,117,13,2638,-3962475.5799200498,-3956199.089681672,7939.189963126267,-3946155.7813605163,4.20918839998194,0.9380855397148676
1,19,118,13,2651,-3962475.5799200498,-3958709.7256635954,6875.465235145082,-3946156.8900142647,3.8807266999792773,0.9384116693679092
1,19,119,12,2663,-3962475.5799200498,-3955676.1235289113,8045.216357228495,-3946156.874576103,4.149345299985725,0.9387096774193548
1,19,120,12,2675,-3962475.5799200498,-3958395.886673288,7066.186018227019,-3946156.8892532103,3.7236137999861967,0.9390048154093098
1,19,121,12,2687,-3962475.5799200498,-3957036.3611064083,7692.2075485092855,-3946156.9219830334,3.869955999980448,0.939297124600639
1,19,122,12,2699,-3962475.5799200498,-3958395.9021896333,7066.1854522348,-3946156.8911012467,4.072398600023007,0.9395866454689984
1,19,123,12,2711,-3962475.5799200498,-3957036.079055562,7692.60784373695,-3946156.8943353146,3.5227955000009388,0.939873417721519
1,19,124,12,2723,-3962475.5799200498,-3958395.888954354,7066.220505472822,-3946156.7313154247,4.674641700024949,0.9401574803149606
1,19,125,12,2735,-3962475.5799200498,-3961115.63447937,4510.233713175828,-3946156.8815413658,3.5862246000033338,0.9404388714733543
1,19,126,12,2747,-3962475.5799200498,-3955676.115649758,8045.192888417471,-3946156.8822967447,3.9747399000043515,0.9407176287051482
1,19,127,12,2759,-3962475.5799200498,-3957036.015882166,7692.692989756289,-3946156.8931778334,3.746783200011123,0.9409937888198758
1,19,128,11,2770,-3962475.5799200498,-3960992.054262482,4691.287730136401,-3946156.8998760674,3.9882108999881893,0.941244684963278
1,19,129,11,2781,-3962475.5799200498,-3959508.6195122693,6293.8602199619645,-3946156.9318963736,3.5228873000014573,0.9414934565050038
1,19,130,11,2792,-3962475.5799200498,-3960992.0533761787,4691.281385585301,-3946156.9190530386,3.7346978999848943,0.9417401303181295
1,19,131,11,2803,-3962475.5804128796,-3959508.561974982,6293.98684328195,-3946156.8916827757,3.820075399999041,0.9419847328244275
1,19,132,11,2814,-3962475.5804128796,-3962475.5652646706,0.025594588863440442,-3962475.4857797753,3.9537799000099767,0.9422272900038008
1,19,133,11,2825,-3962475.5804128796,-3960992.0550906807,4691.28624557184,-3946156.905398881,3.364528200007044,0.9424678274034822
1,19,134,11,2836,-3962475.5804128796,-3960992.2420581416,4690.667243876905,-3946159.049821859,3.571665600000415,0.9427063701470034
1,19,135,11,2847,-3962475.5806622,-3962475.5201796573,0.07576532211384138,-3962475.3566183187,3.7051465999975335,0.9429429429429429
1,19,136,11,2858,-3962475.5806622,-3960992.0489385766,4691.290246168143,-3946156.8865958154,3.326285099989036,0.9431775700934579
1,19,137,11,2869,-3962475.5806622,-3959508.5337247746,6294.023063209474,-3946156.892815629,3.7505536999960896,0.9434102755026061
1,19,138,10,2879,-3962475.5806622,-3962475.55280893,0.041354198063254674,-3962475.457085464,3.9353078000131063,0.9436201780415431
1,19,139,10,2889,-3962475.5806622,-3959211.838378708,6527.468915516334,-3946156.897918377,3.2824982999882195,0.9438285291943829
1,19,140,10,2899,-3962475.5806622,-3958694.2454830618,6452.854777478505,-3946156.8984594382,3.305183100019349,0.9440353460972017
1,19,141,10,2909,-3962475.5806622,-3959211.8316699974,6527.465936699367,-3946156.898570087,3.3442769999965094,0.9442406456346295
1,19,142,10,2919,-3962475.5806622,-3958694.2315695225,6452.937196104849,-3946156.8924698364,3.3045418999972753,0.9444444444444444
1,19,143,10,2929,-3962475.5806622,-3961957.982502669,1552.770967390143,-3957299.6696005203,3.2611393999832217,0.9446467589220685
1,19,144,10,2939,-3962475.5806622,-3960843.6817469434,4895.594683479978,-3946156.897698419,2.891178799996851,0.9448476052249637
1,19,145,10,2949,-3962475.5806622,-3957579.9696823508,7478.157665138301,-3946156.887647895,3.370037799992133,0.9450469992769343
1,19,146,10,2959,-3962475.5806622,-3959211.8406946072,6527.471015538872,-3946156.8956796043,3.153996000008192,0.9452449567723343
1,19,147,10,2969,-3962475.5806622,-3959211.8356950497,6527.465560602635,-3946156.9043657184,3.5272013999929186,0.9454414931801867
1,19,148,10,2979,-3962475.5806622,-3957579.9686363013,7478.148589903746,-3946156.9028291777,3.692478699987987,0.9456366237482118
1,19,149,10,2989,-3962475.5806622,-3959211.840712934,6527.4678651260865,-3946156.901753895,3.1765297999954782,0.9458303635067712
1,19,150,9,2998,-3962475.5806622,-3957036.01632371,7692.697712753323,-3946156.8955013156,3.3544905000017025,0.9460035523978686
1,19,151,9,3007,-3962475.5806622,-3958849.1929859826,6784.31417679453,-3946156.896684736,3.2456610999943223,0.9461756373937678
1,19,152,9,3016,-3962475.5806622,-3958849.2064358094,6784.318783807535,-3946156.903455876,3.082522299984703,0.9463466290151783
1,19,153,9,3025,-3962475.5806622,-3953409.553505843,8108.85870981696,-3946156.212531451,2.6385782999859657,0.9465165376495426
1,19,154,9,3034,-3962475.5817257,-3958849.207012875,6784.31818524645,-3946156.909271242,3.179513599985512,0.9466853735531392
1,19,155,9,3043,-3962475.5817257,-3958849.197044475,6784.309007298346,-3946156.911663102,2.833251799980644,0.9468531468531468
1,19,156,9,3052,-3962475.5817257,-3962475.5699384115,0.010681925094349096,-3962475.54407217,2.9558020000113174,0.9470198675496688
1,19,157,9,3061,-3962475.5817257,-3958849.206191148,6784.319286310523,-3946156.903925469,2.8449212000123225,0.9471855455177206
1,19,158,9,3070,-3962475.5817257,-3962475.5737144086,0.004462976805906895,-3962475.566162616,3.2145558999909554,0.9473501905091791
1,19,159,9,3079,-3962475.5817257,-3962475.5757437698,0.0059218812728688815,-3962475.5662985444,2.6671095000056084,0.9475138121546961
1,19,160,9,3088,-3962475.5817257,-3960662.392537498,5128.459671023673,-3946156.9180958103,2.777609200013103,0.9476764199655766
1,19,161,9,3097,-3962475.5817257,-3960662.3846835494,5128.459563958111,-3946156.9105447084,3.2485265000141226,0.9478380233356212
1,19,162,8,3105,-3962475.5817257,-3960435.7440376217,5396.8917080595065,-3946156.910725355,2.3610645000007935,0.94798083504449
1,19,163,8,3113,-3962475.5817257,-3962475.5672117467,0.022178032177724544,-3962475.5191893727,2.539854699978605,0.948122866894198
1,19,164,8,3121,-3962475.5817257,-3960435.745652893,5396.890203922379,-3946156.9163201954,2.800808699976187,0.9482641252552757
1,19,165,8,3129,-3962475.5817257,-3960435.7444326123,5396.8922518424815,-3946156.9096816313,2.569127499999013,0.9484046164290564
1,19,166,8,3137,-3962475.5817257,-3958395.909915043,7066.189202301632,-3946156.9094243273,2.9349297000153456,0.9485443466486121
1,19,167,8,3145,-3962475.581905041,-3962475.570566934,0.013914104555602009,-3962475.5368433837,2.542413100018166,0.9486833220796759
1,19,168,8,3153,-3962475.581905041,-3962475.5762393083,0.004549838957324938,-3962475.5652639735,2.6729586999863386,0.9488215488215488
1,19,169,8,3161,-3962475.581905041,-3962475.563286759,0.020320774037236415,-3962475.5161650497,2.6906798999989405,0.948959032907992
1,19,170,8,3169,-3962475.581905041,-3962475.5752082607,0.0036575851452502516,-3962475.5699192043,2.519497200002661,0.9490957803081045
1,19,171,8,3177,-3962475.581905041,-3962475.5783842783,0.002908567681996596,-3962475.5721747745,2.5051748000259977,0.9492317969271877
1,19,172,8,3185,-3962475.581905041,-3962475.576160401,0.004317086530319901,-3962475.565584667,2.315631300007226,0.9493670886075949
1,19,173,8,3193,-3962475.581905041,-3962475.5776525997,0.0028688325205961382,-3962475.573931081,2.356534399994416,0.9495016611295681
1,19,174,8,3201,-3962475.581905041,-3960435.7378686196,5396.888641673169,-3946156.91266926,2.508356799982721,0.949635520212061
1,19,175,8,3209,-3962475.581905041,-3958395.912571988,7066.1899264892445,-3946156.912367614,2.9809729999979027,0.9497686715135493
1,19,176,7,3216,-3962475.581905041,-3962475.570098218,0.02208492522109365,-3962475.5161571093,2.481764700001804,0.9498846027035938
1,19,177,7,3223,-3962475.581905041,-3962475.578135831,0.0025466085909739288,-3962475.5747218374,2.743516800022917,0.95
1,19,178,7,3230,-3962475.581905041,-3962475.564817712,0.016976829978833992,-3962475.5370907728,2.3633974000113085,0.9501148670823761
1,19,179,7,3237,-3962475.581905041,-3962475.572855813,0.016424804562525954,-3962475.5327188056,2.699083999992581,0.9502292075965947
1,19,180,7,3244,-3962475.581905041,-3962475.5759701286,0.007071152918988237,-3962475.5609651096,2.873756199987838,0.9503430251551781
1,19,181,7,3251,-3962475.581905041,-3962475.5719079147,0.012290771439591258,-3962475.5425779913,2.5128081000002567,0.9504563233376793
1,19,182,7,3258,-3962475.581905041,-3960144.3247120488,5710.336805718043,-3946156.9132789187,2.4616867000004277,0.9505691056910569
1,19,183,7,3265,-3962475.581905041,-3962475.579649628,0.002187805556095029,-3962475.5743654445,2.4162830999994185,0.9506813757300454
1,19,184,7,3272,-3962475.581905041,-3962475.578180714,0.0027611537347576685,-3962475.5720756464,2.378175999998348,0.9507931369375202
1,19,185,7,3279,-3962475.581905041,-3962475.5752162114,0.005824098545561905,-3962475.564868342,2.008156700001564,0.9509043927648578
1,19,186,7,3286,-3962475.581905041,-3962475.5595871327,0.030217921729942657,-3962475.497079063,2.4209255000168923,0.9510151466322914
1,19,187,7,3293,-3962475.581905041,-3960144.3387694582,5710.342740374897,-3946156.9127991367,2.36574050001218,0.9511254019292604
1,19,188,7,3300,-3962475.581905041,-3962475.5783782313,0.004610866118508729,-3962475.5675550383,2.7196145999769215,0.9512351620147578
1,19,189,7,3307,-3962475.581905041,-3962475.5773184737,0.004520965487555772,-3962475.5702024717,2.798325700015994,0.9513444302176697
1,19,190,7,3314,-3962475.581905041,-3962475.573474855,0.006779682881279452,-3962475.558817899,2.263942000019597,0.9514532098371128
1,19,191,7,3321,-3962475.581905041,-3962475.573240603,0.008323390718811404,-3962475.5554729123,2.4544901000044774,0.9515615041427661
1,19,192,6,3327,-3962475.581905041,-3962475.576122725,0.008732589566066847,-3962475.5567977037,2.2633676000114065,0.9516539440203562
1,19,193,6,3333,-3962475.581905041,-3962475.5687304824,0.02564259841022314,-3962475.5114603452,2.219429599994328,0.9517460317460318
1,19,194,6,3339,-3962475.581905041,-3962475.5780785084,0.004227043954121536,-3962475.569076147,2.280950699991081,0.9518377693282636
1,19,195,6,3345,-3962475.581905041,-3962475.578659285,0.0020480430213743505,-3962475.5752144866,2.2282285999972373,0.9519291587602783
1,19,196,6,3351,-3962475.581905041,-3962475.572926063,0.013120615722010296,-3962475.5438979752,2.231148899998516,0.952020202020202
1,19,197,6,3357,-3962475.581905041,-3962475.5794874597,0.0021278489197580036,-3962475.575318251,2.0820422999968287,0.9521109010712036
1,19,198,6,3363,-3962475.581905041,-3962475.5724998526,0.0069705991721792215,-3962475.5631767847,2.058313499990618,0.9522012578616352
1,19,199,6,3369,-3962475.581905041,-3962475.5693983673,0.014741984456136305,-3962475.538074322,2.083961000025738,0.9522912743251726
1,19,200,6,3375,-3962475.581905041,-3962475.5532193314,0.043605317675171736,-3962475.4586486705,2.3354562999738846,0.9523809523809523
1,19,201,6,3381,-3962475.581905041,-3962475.577548521,0.0043308088216351135,-3962475.5687574036,2.170938399998704,0.9524702939337085
1,19,202,6,3387,-3962475.581905041,-3962475.5758169047,0.002191211338994417,-3962475.5723143015,2.0666882999939844,0.9525593008739076
1,19,203,6,3393,-3962475.581905041,-3962475.5787729523,0.0024213190559299307,-3962475.5747476723,1.9771161999960896,0.9526479750778816
1,19,204,6,3399,-3962475.581905041,-3962475.578583114,0.001810891696489912,-3962475.5761476643,2.2479491000121925,0.9527363184079602
1,19,205,6,3405,-3962475.581905041,-3962475.5758231147,0.003938046845226852,-3962475.5686632153,2.323651599988807,0.9528243327126009
1,19,206,6,3411,-3962475.582060091,-3962475.5730341175,0.015895208688899907,-3962475.537646752,2.4100052999856416,0.952912019826518
1,19,207,6,3417,-3962475.582060091,-3962475.577368432,0.004425958595137436,-3962475.5696434844,2.339804199989885,0.9529993815708101
1,19,208,6,3423,-3962475.582060091,-3962475.562952137,0.0323046655568184,-3962475.4910366815,2.4088530000008177,0.9530864197530864
1,19,209,6,3429,-3962475.582060091,-3962475.5655724793,0.030610430398554087,-3962475.497232072,2.6447492000006605,0.9531731361675909
1,19,210,6,3435,-3962475.582060091,-3962475.5780071765,0.0018161982246357987,-3962475.575355405,2.2962889000191353,0.9532595325953259
1,19,211,5,3440,-3962475.582060091,-3962475.5794696063,0.0008745187318560253,-3962475.5785619803,2.4837832000048365,0.9533312864599325
1,19,212,5,3445,-3962475.582060091,-3962475.5626112325,0.035376767645703085,-3962475.4918697495,2.296887499978766,0.9534028203556101
1,19,213,5,3450,-3962475.582060091,-3962475.580737644,0.0006858851751344021,-3962475.5797889736,1.8733341000042856,0.9534741352923171
1,19,214,5,3455,-3962475.582060091,-3962475.5735429674,0.012710244163438154,-3962475.548166547,1.9879800000053365,0.9535452322738386
1,19,215,5,3460,-3962475.582060091,-3962475.5794164576,0.0018979181560703875,-3962475.577007666,2.0145622999989428,0.9536161122978334
1,19,216,5,3465,-3962475.582060091,-3962475.574532331,0.005209502439142421,-3962475.5656074043,2.7658266999933403,0.9536867763558805
1,19,217,5,3470,-3962475.582060091,-3962475.571651687,0.011916097411491577,-3962475.549241362,2.1496969000145327,0.953757225433526
1,19,218,5,3475,-3962475.582060091,-3962475.5695007234,0.01051573078212043,-3962475.551469153,2.207062900008168,0.9538274605103281
1,19,219,5,3480,-3962475.582060091,-3962475.578917572,0.0011590688871590254,-3962475.577360455,1.8969960999966133,0.9538974825599029
1,19,220,5,3485,-3962475.582060091,-3962475.578244162,0.002601297045430847,-3962475.574555993,1.934300799999619,0.9539672925499697
1,19,221,5,3490,-3962475.582060091,-3962475.575188637,0.005822905299307248,-3962475.564010039,2.1314322000253014,0.9540368914423949
1,19,222,5,3495,-3962475.582060091,-3962475.5773312687,0.001930594836408914,-3962475.5742475744,1.8077306000050157,0.9541062801932367
1,19,223,5,3500,-3962475.582060091,-3962475.5784085826,0.0036018247269291826,-3962475.5721738767,2.1842951999860816,0.9541754597527886
1,19,224,5,3505,-3962475.582060091,-3962475.578947352,0.0014894547726176579,-3962475.576875385,1.9069837999995798,0.9542444310656231
1,19,225,5,3510,-3962475.582060091,-3962475.5769492714,0.0009748390775291442,-3962475.575619813,2.4975040999997873,0.9543131950706342
1,19,226,5,3515,-3962475.582060091,-3962475.577943057,0.0033055051441794056,-3962475.5727057755,1.9691497000167146,0.9543817527010804
1,19,227,5,3520,-3962475.582060091,-3962475.578206958,0.003761471243686895,-3962475.5732791256,2.2619832000054885,0.9544501048846269
1,19,228,5,3525,-3962475.582060091,-3962475.579047373,0.0019833054610208026,-3962475.576338999,2.3015282999840565,0.9545182525433872
1,19,229,5,3530,-3962475.582060091,-3962475.5790433735,0.001667241369504226,-3962475.577121662,1.6217432000266854,0.9545861965939647
1,19,230,5,3535,-3962475.582060091,-3962475.575876057,0.006000152249766787,-3962475.5640456565,2.3298423000087496,0.954653937947494
1,19,231,5,3540,-3962475.582060091,-3962475.577352536,0.0036856461459614446,-3962475.5707565043,2.4004872999794316,0.9547214775096813
1,19,232,5,3545,-3962475.582060091,-3962475.577631116,0.0008088264622254307,-3962475.576676294,1.7551978999981657,0.9547888161808448
1,19,233,4,3549,-3962475.582060091,-3962475.5735923583,0.007980942708892498,-3962475.559796408,2.3819796000025235,0.9548425430778372
1,19,234,4,3553,-3962475.582060091,-3962475.576670958,0.003317590940856481,-3962475.5714114346,1.7506018999847583,0.9548961424332344
1,19,235,4,3557,-3962475.582060091,-3962475.5738043203,0.006408457732046833,-3962475.5627345107,1.4185157000028994,0.9549496147006521
1,19,236,4,3561,-3962475.582060091,-3962475.578666275,0.0014576282256090034,-3962475.5768581703,2.0471265999949537,0.9550029603315572
1,19,237,4,3565,-3962475.582060091,-3962475.575726424,0.0038574436716327927,-3962475.570963824,1.9666100000031292,0.9550561797752809
1,19,238,4,3569,-3962475.582060091,-3962475.5784331835,0.0016462771607208759,-3962475.576531399,1.535707699978957,0.9551092734790313
1,19,239,4,3573,-3962475.582060091,-3962475.5796806607,0.0020458805504925204,-3962475.5764059816,1.7982259999844246,0.9551622418879055
1,19,240,4,3577,-3962475.582060091,-3962475.5730623496,0.00929298455158097,-3962475.557693962,2.10828610000317,0.9552150854449027
1,19,241,4,3581,-3962475.582060091,-3962475.5789314006,0.0015006308466553834,-3962475.5773079116,1.4258276000036858,0.9552678045909359
1,19,242,4,3585,-3962475.582060091,-3962475.5791254933,0.0022642475246458607,-3962475.576379273,1.660485799977323,0.9553203997648442
1,19,243,4,3589,-3962475.582060091,-3962475.577685858,0.0018083543279235822,-3962475.575952869,1.621547799994005,0.9553728714034058
1,19,244,4,3593,-3962475.582060091,-3962475.577989928,0.0010874586332269534,-3962475.576479545,1.9067681999877095,0.955425219941349
1,19,245,4,3597,-3962475.582060091,-3962475.5786163327,0.0019641463368401386,-3962475.576372344,1.7791665999975521,0.955477445811365
